Time [s],Lmtc [m],STIM [ ],Fsee [N],Gamma [ ],Lcerel [ ],q [ ],fisomrel [ ],fce [N]
0.0,0.018309415649724246,1.0,15.362915313925978,0.4877155971580475,1.1142701371243309,0.9586164061948991,0.9477693430463465,15.3589215858503
0.0005,0.018294415649724245,1.0,14.434079683862032,0.49384319371312124,1.1141948808859479,0.9601599254427813,0.9478381167177767,14.430109579775616
0.001,0.018279415649724247,1.0,13.641985738947794,0.49989750427155627,1.1139920590766066,0.9615920392776528,0.9480232418699017,13.638078954532688
0.0015,0.018264415649724246,1.0,12.968167637831414,0.5058793941327806,1.1136728070165165,0.9629233545889081,0.9483139717799431,12.964359490683456
0.002,0.018249415649724245,1.0,12.396242224981671,0.5117897285962225,1.1132482600258875,0.9641633994524221,0.9486993264044359,12.392563293729866
0.0025,0.018234415649724247,1.0,11.911663754063976,0.5176293694937234,1.1127294535587382,0.9653207351491059,0.9491682812013932,11.908139699734363
0.003,0.018219415649724246,1.0,11.501773212108564,0.5233991615914484,1.1121268756552727,0.9664030030937601,0.9497102550231481,11.498424862010674
0.0035,0.018204415649724245,1.0,11.155704579090578,0.5290999383361857,1.1114502111077036,0.9674169991401675,0.9503154017761932,11.1525481805117
0.004,0.018189415649724247,1.0,10.86387494172542,0.5347325273514058,1.1107086762464113,0.9683688185562709,0.9509743560150691,10.860922390250957
0.0045000000000000005,0.018174415649724246,1.0,10.618288757382025,0.5402977423748369,1.1099103486374295,0.9692638464257268,0.9516788610495948,10.615548059676172
0.005,0.018159415649724245,1.0,10.41193173779442,0.5457963903160844,1.1090627328465794,0.9701069119894792,0.9524212812161426,10.40940734209911
0.0055,0.018144415649724247,1.0,10.238995281907178,0.5512292649498023,1.1081722775515945,0.9709022886600485,0.9531950334772032,10.236688545134946
0.006,0.018129415649724246,1.0,10.09413797954466,0.5565971592285619,1.1072452283835696,0.971653859982385,0.953993843955824,10.092047422198537
0.006500000000000001,0.018114415649724245,1.0,9.973278640346736,0.5619008463633723,1.1062864334316724,0.9723650161566215,0.9548127762734987,9.971400478558113
0.007,0.018099415649724247,1.0,9.872896100447576,0.5671410912489949,1.105300203278566,0.9730388074366153,0.9556474687579708,9.871224543858549
0.0075,0.018084415649724246,1.0,9.789753184993664,0.5723186545444943,1.1042906323716506,0.9736780151806057,0.9564938559980849,9.78828065733332
0.008,0.018069415649724245,1.0,9.721048137762049,0.5774342924029836,1.1032613432306577,0.9742851498433516,0.9573483799768012,9.719765542724453
0.0085,0.018054415649724244,1.0,9.664750730992942,0.5824887393670807,1.1022149756242825,0.9748624200674701,0.9582083950325093,9.663647782790306
0.009000000000000001,0.018039415649724246,1.0,9.619004458154006,0.5874827256100092,1.1011539916494935,0.975411849185815,0.9590714798934968,9.618069833221947
0.0095,0.018024415649724245,1.0,9.582142737563963,0.5924169739377406,1.1000806357726975,0.9759352876521239,0.9599354653733306,9.58136422516619
0.01,0.018009415649724244,1.0,9.55262614838773,0.5972922106204462,1.0989970095123158,0.9764344375385344,0.9607983684304738,9.551990781348266
0.0105,0.017994415649724246,1.0,9.52945557591786,0.6021091329504379,1.0979044772659177,0.9769108028966239,0.9616588533251497,9.528949821298573
0.011,0.017979415649724245,1.0,9.511716932258091,0.6068684337690758,1.0968042996014555,0.9773657720109232,0.9625157103146865,9.511326772072694
0.0115,0.017964415649724244,1.0,9.498513582523733,0.611570804853925,1.09569772437966,0.977800636249382,0.9633677821942186,9.498224581026353
0.012,0.017949415649724246,1.0,9.48910086631611,0.6162169279020919,1.0945857929075264,0.9782165789298579,0.964214111120218,9.488898251236778
0.0125,0.017934415649724245,1.0,9.482807890845345,0.6208074875196051,1.0934694477042042,0.9786146956086947,0.9650538493834842,9.48267661511256
0.013000000000000001,0.017919415649724244,1.0,9.479227225116746,0.6253431364767006,1.0923492617181503,0.9789959730618669,0.9658864554404504,9.479152034040691
0.0135,0.017904415649724247,1.0,9.477953030290498,0.6298245275436146,1.0912258078978225,0.9793613342610108,0.9667114078935584,9.477918492723175
0.014,0.017889415649724245,1.0,9.4785805247486,0.6342523134905833,1.090099659191678,0.9797116432889759,0.9675282056541739,9.47857106449595
0.0145,0.017874415649724244,1.0,9.480811320473071,0.6386271241403514,1.0889712386580146,0.9800476947187939,0.9683364747666344,9.480811248119172
0.015,0.017859415649724247,1.0,9.484276032766612,0.6429496288190826,1.0878410703890025,0.9803702461581455,0.9691357854116572,9.484276032766612
0.0155,0.017844415649724246,1.0,9.488812147168773,0.6472204371302293,1.0867093855152374,0.980679978774376,0.9699259298542797,9.488812147168773
0.016,0.017829415649724244,1.0,9.49426634977696,0.6514401560083497,1.0855764022037968,0.9809775313246097,0.970706717543416,9.49426634977696
0.0165,0.017814415649724247,1.0,9.500485298623902,0.655609392388002,1.0844423386217585,0.9812635044998539,0.971477965792353,9.500485298623902
0.017,0.017799415649724246,1.0,9.507315555517476,0.6597287532037445,1.0833074129362004,0.9815384636313152,0.9722394997995096,9.507315555517476
0.0175,0.017784415649724244,1.0,9.514622233045609,0.6637988295189248,1.0821718168610084,0.9818029377381351,0.9729911700550435,9.514622233045609
0.018000000000000002,0.017769415649724247,1.0,9.522299741235273,0.667820216810734,1.0810357004548323,0.9820574226318205,0.9737328610071787,9.522299741235273
0.0185,0.017754415649724246,1.0,9.530231550750576,0.6717935382416014,1.0798992290312177,0.9823023894528489,0.974464452800868,9.530231550750576
0.019,0.017739415649724245,1.0,9.538375371001951,0.6757193465671424,1.0787624627748003,0.9825382692581577,0.9751858978305928,9.538375371001951
0.0195,0.017724415649724247,1.0,9.546688846510829,0.6795981945429725,1.077625461870216,0.9827654692706419,0.9758971506777426,9.546688846510829
0.02,0.017709415649724246,1.0,9.555129552724438,0.6834306349247075,1.0764882865021006,0.982984374452217,0.9765981681118903,9.555129552724438
0.0205,0.017694415649724245,1.0,9.563654992782817,0.6872172204679625,1.0753509968550898,0.9831953489590353,0.977288909091777,9.563654992782817
0.021,0.017679415649724247,1.0,9.572222595235395,0.6909585039283533,1.0742136531138198,0.9833987374887431,0.9779693347660066,9.572222595235395
0.021500000000000002,0.017664415649724246,1.0,9.580789712710125,0.6946550380614953,1.0730763154629264,0.9835948665287456,0.9786394084734514,9.580789712710125
0.022,0.017649415649724245,1.0,9.589338922967103,0.6983072962966103,1.071939008440184,0.9837840372188945,0.9792991162585725,9.589338922967103
0.0225,0.017634415649724247,1.0,9.597831883167116,0.7019159120849912,1.0708017860013785,0.9839665487518413,0.97994842839606,9.597831883167116
0.023,0.017619415649724246,1.0,9.606252545822617,0.7054814135723511,1.0696646706234243,0.9841426753534298,0.9805873346677192,9.606252545822617
0.0235,0.017604415649724245,1.0,9.614593872209735,0.7090042906261449,1.0685276720693067,0.9843126738768844,0.9812158326430462,9.614593872209735
0.024,0.017589415649724247,1.0,9.622848812579747,0.7124850331138277,1.0673908001020118,0.9844767883719668,0.9818339202464428,9.622848812579747
0.0245,0.017574415649724246,1.0,9.631010306471836,0.7159241309028547,1.066254064484525,0.98463525085197,0.9824415957571215,9.631010306471836
0.025,0.017559415649724245,1.0,9.63907128305099,0.7193220738606806,1.065117474979832,0.9847882820085445,0.9830388578090038,9.63907128305099
0.025500000000000002,0.017544415649724247,1.0,9.647024661469084,0.7226793518547606,1.0639810413509185,0.9849360918783413,0.9836257053906082,9.647024661469084
0.026000000000000002,0.017529415649724246,1.0,9.654863351252397,0.7259964547525497,1.0628447733607702,0.9850788804651289,0.9842021378449337,9.654863351252397
0.0265,0.017514415649724245,1.0,9.662580252714527,0.7292738724215029,1.0617086807723728,0.9852168383207235,0.9847681548693336,9.662580252714527
0.027,0.017499415649724244,1.0,9.67016825739305,0.7325120947290751,1.0605727733487118,0.985350147087806,0.9853237565153824,9.67016825739305
0.0275,0.017484415649724246,1.0,9.67762452415825,0.7357115447415145,1.0594370548564138,0.985478975472834,0.9858689460399827,9.67762452415825
0.028,0.017469415649724245,1.0,9.684947856660425,0.7388727551828762,1.0583015267543514,0.9856034910746397,0.9864037279124466,9.684947856660425
0.0285,0.017454415649724244,1.0,9.692136788227767,0.7419961987146131,1.0571661908820034,0.9857238502626241,0.9869281064801694,9.692136788227767
0.029,0.017439415649724246,1.0,9.699191234351618,0.7450823040605608,1.0560310471439214,0.9858401996488756,0.9874420870238226,9.699191234351618
0.029500000000000002,0.017424415649724245,1.0,9.706111113532536,0.7481314999445546,1.0548960954446567,0.9859526793547363,0.9879456748197246,9.706111113532536
0.03,0.017409415649724244,1.0,9.71289634727565,0.7511442150904303,1.0537613356887612,0.9860614233609898,0.9884388751398413,9.71289634727565
0.0305,0.017394415649724247,1.0,9.719546860086128,0.7541208782220231,1.052626767780786,0.986166559836692,0.9889216932517889,9.719546860086128
0.031,0.017379415649724245,1.0,9.72606257946279,0.7570619180631687,1.0514923916252825,0.9862682114481189,0.9893941344188342,9.72606257946279
0.0315,0.017364415649724244,1.0,9.732443435895334,0.7599677633377026,1.0503582071268025,0.9863664956491868,0.9898562038998963,9.732443435895334
0.032,0.017349415649724247,1.0,9.738689362858336,0.7628388427694602,1.0492242141898975,0.9864615249546047,0.9903079069495484,9.738689362858336
0.0325,0.017334415649724245,1.0,9.744800296806432,0.7656755850822771,1.0480904127191188,0.9865534071969182,0.9907492488180193,9.744800296806432
0.033,0.017319415649724244,1.0,9.750776455429095,0.7684783668794637,1.046956802230242,0.9866422428855278,0.9911802348972397,9.750776455429095
0.0335,0.017304415649724247,1.0,9.756618835764586,0.771247642272545,1.045823381155097,0.9867281325810295,0.9916008709580588,9.756618835764586
0.034,0.017289415649724246,1.0,9.762328115101587,0.7739838349465888,1.0446901483778424,0.9868111711783207,0.9920111625518657,9.762328115101587
0.0345,0.017274415649724244,1.0,9.767904978759539,0.7766873201135537,1.0435571027766477,0.9868914472024262,0.9924111151908181,9.767904978759539
0.035,0.017259415649724247,1.0,9.77335011574717,0.7793584729853977,1.0424242432296833,0.9869690456785505,0.9928007343455547,9.77335011574717
0.035500000000000004,0.017244415649724246,1.0,9.77866421870759,0.7819976687740794,1.041291568615119,0.9870440483041059,0.9931800254452117,9.77866421870759
0.036000000000000004,0.017229415649724245,1.0,9.78384798386474,0.7846052826915569,1.0401590778111247,0.9871165336112843,0.9935489938774401,9.78384798386474
0.0365,0.017214415649724247,1.0,9.788902110968147,0.7871816899497889,1.0390267696958704,0.9871865771207641,0.993907644988422,9.788902110968147
0.037,0.017199415649724246,1.0,9.793827303238535,0.7897272657607335,1.037894643147526,0.9872542514870999,0.9942559840828866,9.793827303238535
0.0375,0.017184415649724245,1.0,9.798624267315374,0.7922423853363492,1.0367626970442614,0.9873196266363089,0.9945940164241274,9.798624267315374
0.038,0.017169415649724247,1.0,9.803293713202793,0.7947274238885943,1.0356309302642466,0.9873827698961312,0.9949217472340176,9.803293713202793
0.0385,0.017154415649724246,1.0,9.807836096811485,0.797182683905308,1.034499342044243,0.9874437425192562,0.9952391815940573,9.807836096811485
0.039,0.017139415649724245,1.0,9.812252367702785,0.799608575917551,1.0333679309376773,0.9875026088102078,0.9955463247397536,9.812252367702785
0.0395,0.017124415649724247,1.0,9.816543434740726,0.8020055159711593,1.0322366955594096,0.9875594310430247,0.9958431818376398,9.816543434740726
0.04,0.017109415649724246,1.0,9.820709844190946,0.8043738265231221,1.0311056350337218,0.9876142647618744,0.9961297578765956,9.820709844190946
0.0405,0.017094415649724245,1.0,9.824752145270894,0.8067138300304283,1.029974748484896,0.9876671635417413,0.9964060578130689,9.824752145270894
0.041,0.017079415649724247,1.0,9.828670890109441,0.8090258489500671,1.0288440350372139,0.9877181790773454,0.9966720865710879,9.828670890109441
0.0415,0.017064415649724246,1.0,9.832466633705458,0.8113102057390277,1.0277134938149575,0.9877673612676479,0.9969278490422733,9.832466633705458
0.042,0.017049415649724245,1.0,9.836139933890248,0.813567222854299,1.0265831239424086,0.9878147582961994,0.9971733500858502,9.836139933890248
0.0425,0.017034415649724244,1.0,9.839691351286351,0.8157972227528703,1.0254529245438493,0.9878604167075606,0.9974085945286605,9.839691351286351
0.043000000000000003,0.017019415649724246,1.0,9.843121449269528,0.8180005278917304,1.0243228947435612,0.9879043814800195,0.9976335871651746,9.843121449269528
0.043500000000000004,0.017004415649724245,1.0,9.846430793928066,0.8201774607278686,1.0231930336658266,0.9879466960948101,0.9978483327575033,9.846430793928066
0.044,0.016989415649724247,1.0,9.849619954025918,0.8223283437182739,1.022063340434927,0.9879874026020272,0.9980528360354101,9.849619954025918
0.0445,0.016974415649724246,1.0,9.852689500961839,0.8244534993199354,1.0209338141751445,0.9880265416834186,0.998247101696322,9.852689500961839
0.045,0.016959415649724245,1.0,9.855640008732381,0.8265532499898423,1.0198044540107611,0.988064152712226,0.9984311344053426,9.855640008732381
0.0455,0.016944415649724244,1.0,9.858471677680757,0.8286278144249741,1.0186752595888142,0.9881002691254294,0.9986049387171616,9.858471677680757
0.046,0.016929415649724246,1.0,9.861185345390759,0.830677614348684,1.0175462296742177,0.988134932388161,0.9987685192968784,9.861185345390759
0.0465,0.016914415649724245,1.0,9.863781433385759,0.8327029433506492,1.0164173636135119,0.9881681769949846,0.998921880687927,9.863781433385759
0.047,0.016899415649724244,1.0,9.866260298487699,0.834704075081766,1.0152886608463962,0.9882000354842265,0.9990650273980954,9.866260298487699
0.0475,0.016884415649724246,1.0,9.868622299828004,0.8366812831929309,1.0141601208125701,0.9882305393872486,0.9991979639142937,9.868622299828004
0.048,0.016869415649724245,1.0,9.87086779882191,0.8386348413350401,1.013031742951733,0.9882597192701982,0.9993206947025598,9.87086779882191
0.0485,0.016854415649724244,1.0,9.872997159146152,0.8405650231589901,1.0119035267035845,0.9882876047739326,0.9994332242080682,9.872997159146152
0.049,0.016839415649724247,1.0,9.875010746714658,0.842472102315677,1.010775471507824,0.988314224652212,0.9995355568551363,9.875010746714658
0.0495,0.016824415649724245,1.0,9.876908929654345,0.8443563524559975,1.009647576804151,0.9883396068082486,0.999627697047232,9.876908929654345
0.05,0.016809415649724244,1.0,9.878692078281913,0.8462180472308478,1.0085198420322652,0.9883637783296956,0.999709649166981,9.878692078281913
0.0505,0.016794415649724247,1.0,9.88036056508085,0.8480574602911242,1.0073922666318655,0.9883867655221519,0.9997814175761737,9.88036056508085
0.051000000000000004,0.016779415649724246,1.0,9.881914764676116,0.8498748652877232,1.0062648500426519,0.9884085939412613,0.9998430066157723,9.881914764676116
0.051500000000000004,0.016764415649724244,1.0,9.883355053812647,0.8516705358715408,1.0051375917043235,0.988429288423469,0.9998944206059187,9.883355053812647
0.052000000000000005,0.016749415649724247,1.0,9.884680400006522,0.8534447205289362,1.0040104930150453,0.9884488721362522,0.999935663783105,9.884680400006522
0.0525,0.016734415649724246,1.0,9.88589058794615,0.8551976477844826,1.0028835542414738,0.988467366692536,0.9999667404597459,9.88589058794615
0.053,0.016719415649724245,1.0,9.88699103726593,0.8569296597093737,1.0017567678344124,0.988484797533219,0.9999876550671039,9.88699103726593
0.0535,0.016704415649724247,1.0,9.887979767849645,0.8586409885355526,1.00063013651573,0.9885011853102509,0.9999984117118862,9.887979767849645
0.054,0.016689415649724246,1.0,9.888854801061624,0.860331866494962,0.9995036630072957,0.9885165501143398,0.9999990145983587,9.888854801061624
0.0545,0.016674415649724245,1.0,9.889614159859834,0.8620025258195446,0.9983773500309786,0.9885309114969478,0.9999894680283121,9.889614159859834
0.055,0.016659415649724247,1.0,9.89025586890892,0.8636531987412437,0.9972512003086479,0.9885442884914408,0.9999697764010272,9.89025586890892
0.0555,0.016644415649724246,1.0,9.890777954695498,0.865284117492002,0.9961252165621725,0.9885566996334226,0.9999399442132397,9.890777954695498
0.056,0.016629415649724245,1.0,9.891178445646878,0.8668955143037623,0.9949994015134216,0.9885681629802985,0.9998999760591041,9.891178445646878
0.0565,0.016614415649724247,1.0,9.891455372250519,0.8684876214084677,0.9938737578842641,0.9885786961300987,0.9998498766301576,9.891455372250519
0.057,0.016599415649724246,1.0,9.891606767174407,0.870060671038061,0.9927482883965694,0.9885883162395989,0.9997896507152827,9.891606767174407
0.0575,0.016584415649724245,1.0,9.891630665392642,0.871614895424485,0.9916229957722061,0.9885970400417685,0.99971930320067,9.891630665392642
0.058,0.016569415649724247,1.0,9.891525104309057,0.8731505267996827,0.9904978827330437,0.9886048838625768,0.99963883906978,9.891525104309057
0.0585,0.016554415649724246,1.0,9.891288123885383,0.8746677973955971,0.9893729520009511,0.9886118636371857,0.9995482634033036,9.891288123885383
0.059000000000000004,0.016539415649724245,1.0,9.890919082184196,0.8761668867618964,0.9882482044730023,0.9886179926702318,0.9994475812075666,9.890919082184196
0.059500000000000004,0.016524415649724247,1.0,9.890417776962476,0.8776480549706573,0.9871236404400179,0.9886232871973734,0.9993367974579282,9.890417776962476
0.06,0.016509415649724246,1.0,9.889783466789076,0.8791115447975716,0.9859992609445514,0.988627762427321,0.9992159172236049,9.889783466789076
0.0605,0.016494415649724245,1.0,9.889016045187157,0.8805575533246733,0.9848750661520802,0.9886314313235073,0.9990849455043842,9.889016045187157
0.061,0.016479415649724247,1.0,9.88811540838568,0.8819862776339967,0.9837510562280817,0.9886343065416786,0.9989438873051881,9.88811540838568
0.0615,0.016464415649724246,1.0,9.887081455326038,0.883397914807576,0.9826272313380332,0.9886364004415367,0.9987927476360712,9.887081455326038
0.062,0.016449415649724245,1.0,9.88591408767179,0.8847926619274452,0.9815035916474121,0.9886377250979888,0.9986315315122173,9.88591408767179
0.0625,0.016434415649724247,1.0,9.884613209816031,0.8861707160756385,0.9803801373216956,0.9886382923120209,0.998460243953938,9.884613209816031
0.063,0.016419415649724246,1.0,9.883178728888716,0.88753227433419,0.9792568685263611,0.9886381136212165,0.9982788899866694,9.883178728888716
0.0635,0.016404415649724245,1.0,9.881610554765741,0.8888775337851339,0.9781337854268859,0.9886372003099273,0.9980874746409701,9.881610554765741
0.064,0.016389415649724244,1.0,9.879908600076737,0.8902066915105044,0.9770108881887474,0.9886355634191168,0.997886002952519,9.879908600076737
0.0645,0.016374415649724246,1.0,9.878072780213136,0.8915199445923356,0.9758881769774228,0.9886332137558886,0.9976744799621117,9.878072780213136
0.065,0.016359415649724245,1.0,9.876103013335426,0.8928174901126616,0.9747656519583896,0.9886301619027107,0.9974529107156594,9.876103013335426
0.0655,0.016344415649724244,1.0,9.873999220382904,0.8940995251535168,0.9736433132971251,0.9886264182263501,0.997221300264186,9.873999220382904
0.066,0.016329415649724247,1.0,9.871761548255442,0.8953661778174525,0.9725211608492089,0.9886219900979571,0.9969796535956998,9.871761548255442
0.0665,0.016314415649724245,1.0,9.869390178116833,0.8966177164100293,0.9713991944263675,0.9886168903298098,0.9967279756821571,9.869390178116833
0.067,0.016299415649724244,1.0,9.866885219008589,0.8978543128479448,0.9702774139442002,0.988611127669278,0.9964662715126223,9.866885219008589
0.0675,0.016284415649724247,1.0,9.86424678580623,0.899076134383506,0.9691558193139458,0.9886047104971079,0.9961945460712242,9.86424678580623
0.068,0.016269415649724246,1.0,9.861474996073287,0.9002833482690199,0.9680344104468429,0.9885976470221115,0.9959128043380764,9.861474996073287
0.0685,0.016254415649724244,1.0,9.85856997005809,0.9014761217567933,0.9669131872541303,0.9885899452877256,0.995621051289279,9.85856997005809
0.069,0.016239415649724247,1.0,9.855531830689067,0.902654622099133,0.9657921496470466,0.9885816131783784,0.9953192918969198,9.855531830689067
0.0695,0.016224415649724246,1.0,9.852360703569953,0.9038190165483463,0.9646712975368303,0.9885726584256805,0.9950075311290754,9.852360703569953
0.07,0.016209415649724244,1.0,9.849056716976108,0.9049694723567396,0.9635506308347203,0.9885630886144375,0.9946857739498126,9.849056716976108
0.07050000000000001,0.016194415649724247,1.0,9.84562000184992,0.9061061567766202,0.9624301494519552,0.9885529111884996,0.9943540253191903,9.84562000184992
0.07100000000000001,0.016179415649724246,1.0,9.842050691796103,0.9072292370602948,0.9613098532997735,0.9885421334564478,0.9940122901932598,9.842050691796103
0.07150000000000001,0.016164415649724245,1.0,9.838348923078236,0.9083388804600703,0.960189742289414,0.9885307625971277,0.9936605735240669,9.838348923078236
0.07200000000000001,0.016149415649724247,1.0,9.834514834613945,0.9094352542282537,0.9590698163321153,0.9885188056650344,0.9932988802596528,9.834514834613945
0.0725,0.016134415649724246,1.0,9.8305485110202,0.9105184879217714,0.9579500754183616,0.9885062680942265,0.9929272153707142,9.8305485110202
0.073,0.016119415649724245,1.0,9.82645009049663,0.9115887262049057,0.9568305194678102,0.9884931558047801,0.9925455838023235,9.82645009049663
0.0735,0.016104415649724247,1.0,9.82221985401466,0.9126462124709425,0.9557111482050549,0.9884794785397625,0.9921539904267416,9.82221985401466
0.074,0.016089415649724246,1.0,9.817857913653057,0.9136910855856993,0.9545919615933636,0.9884652417757502,0.9917524401922457,9.817857913653057
0.0745,0.016074415649724245,1.0,9.813364384154895,0.9147234844149937,0.9534729595960038,0.9884504508894928,0.9913409380449796,9.813364384154895
0.075,0.016059415649724247,1.0,9.808739382925205,0.9157435478246433,0.9523541421762433,0.9884351111618335,0.9909194889289534,9.808739382925205
0.0755,0.016044415649724246,1.0,9.803983030028919,0.9167514146804657,0.9512355092973496,0.9884192277815375,0.9904880977860445,9.803983030028919
0.076,0.016029415649724245,1.0,9.799095448189739,0.9177472238482786,0.9501170609225905,0.9884028058490258,0.9900467695559978,9.799095448189739
0.0765,0.016014415649724247,1.0,9.794076762788453,0.9187311141938993,0.9489987970152336,0.9883858503800274,0.9895955091764266,9.794076762788453
0.077,0.015999415649724246,1.0,9.788927101859946,0.9197032245831457,0.9478807175385465,0.9883683663091398,0.9891343215828129,9.788927101859946
0.0775,0.015984415649724245,1.0,9.783646596092991,0.9206636938818352,0.9467628224557969,0.988350358493317,0.988663211708508,9.783646596092991
0.078,0.015969415649724247,1.0,9.77823537882756,0.9216126609557855,0.9456451117302526,0.988331831715271,0.988182184484733,9.77823537882756
0.0785,0.015954415649724246,1.0,9.77269358605274,0.9225502646708142,0.944527585325181,0.9883127906868041,0.9876912448405797,9.77269358605274
0.079,0.015939415649724245,1.0,9.767021356406095,0.9234766438927389,0.9434102432038498,0.9882932400520653,0.9871903977030103,9.767021356406095
0.0795,0.015924415649724244,1.0,9.761218831170757,0.9243919374873771,0.9422930853295268,0.9882731843907377,0.9866796479968589,9.761218831170757
0.08,0.015909415649724246,1.0,9.755286154274579,0.9252962843205464,0.9411761116654797,0.9882526282211584,0.9861590006448315,9.755286154274579
0.0805,0.015894415649724245,1.0,9.749223472287342,0.9261898232580645,0.9400593221749759,0.9882315760033731,0.9856284605675066,9.749223472287342
0.081,0.015879415649724248,1.0,9.74303092461595,0.9270726888422982,0.9389427168349866,0.988210031968946,0.9850880326900295,9.74303092461595
0.0815,0.015864415649724246,1.0,9.736708598849651,0.927944996083821,0.9378262956986404,0.988187999514101,0.9845377219737884,9.736708598849651
0.082,0.015849415649724245,1.0,9.730256613101862,0.9288068693780621,0.9367100587801819,0.9881654823580365,0.9839775333615679,9.730256613101862
0.0825,0.015834415649724244,1.0,9.723675091395883,0.9296584335110499,0.9355940060893474,0.9881424841861417,0.983407471793524,9.723675091395883
0.083,0.015819415649724246,1.0,9.716964156950272,0.9304998118171607,0.9344781376407562,0.9881190085786643,0.9828275422119053,9.716964156950272
0.0835,0.015804415649724245,0.0,9.709708680430687,0.9143061933531921,0.9333630348524937,0.987380179531764,0.9822380595037201,9.709708680430687
0.084,0.015789415649724244,0.0,9.701083304568087,0.8941196573182372,0.9322498546761863,0.9863927917393167,0.9816396712344084,9.701083304568087
0.0845,0.015774415649724247,0.0,9.691149302655097,0.8743787992507336,0.9311385138041421,0.985329419492386,0.9810323828755907,9.691149302655097
0.085,0.015759415649724245,0.0,9.67998066523492,0.8550735854719527,0.9300289113101319,0.9841843931291119,0.9804161869902185,9.67998066523492
0.0855,0.015744415649724244,0.0,9.66760405799334,0.8361946761776651,0.9289210127872336,0.982951682315756,0.9797911103072295,9.66760405799334
0.08600000000000001,0.015729415649724247,0.0,9.65404631577367,0.8177327315636415,0.9278147838285257,0.9816248359989389,0.9791571782651101,9.65404631577367
0.08650000000000001,0.015714415649724246,0.0,9.639332589110387,0.7996784505540677,0.9267101926102052,0.98019695769698,0.9785144165310671,9.639332589110387
0.08700000000000001,0.015699415649724244,0.0,9.623472865097002,0.7820227519085952,0.9256072288380603,0.9786606944223917,0.9778628623953891,9.623472865097002
0.08750000000000001,0.015684415649724247,0.0,9.606465050630478,0.7647566881585578,0.9245058994834149,0.9770082066098926,0.977202563148767,9.606465050630478
0.088,0.015669415649724246,0.0,9.588280595145568,0.7478718959648285,0.9234062491156342,0.975231191700848,0.9765335893018549,9.588280595145568
0.0885,0.015654415649724245,0.0,9.568891286276045,0.7313600119882787,0.9223083223040837,0.9733208121257152,0.9758560128671754,9.568891286276045
0.089,0.015639415649724247,0.0,9.548266126650878,0.7152127455925169,0.9212121680559416,0.9712676759826196,0.9751699101502193,9.548266126650878
0.0895,0.015624415649724246,0.0,9.526368434913184,0.6994219031230312,0.9201178439683788,0.9690618154886698,0.974475364590959,9.526368434913184
0.09,0.015609415649724246,0.0,9.50314730562828,0.6839795815938551,0.9190254284001511,0.9666926944097443,0.9737724750168838,9.50314730562828
0.0905,0.015594415649724245,0.0,9.478535354505674,0.668878276950037,0.9179350238412078,0.9641492187635331,0.9730613587522275,9.478535354505674
0.091,0.015579415649724246,0.0,9.452465880748663,0.6541104851366253,0.9168467327814985,0.9614196670281819,0.972342136603554,9.452465880748663
0.0915,0.015564415649724245,0.0,9.424868388613616,0.6396687985981533,0.9157606641543027,0.9584916895157467,0.9716149371851033,9.424868388613616
0.092,0.015549415649724245,0.0,9.395670966301548,0.6255458463080135,0.9146769300832344,0.9553522843695048,0.9708798949599149,9.395670966301548
0.0925,0.015534415649724246,0.0,9.3647834363819,0.6117346363134395,0.91359567002345,0.9519878713311078,0.9701371670452138,9.3647834363819
0.093,0.015519415649724245,0.0,9.332104424264909,0.598228435557233,0.9125170410060459,0.9483842887594022,0.9693869275426485,9.332104424264909
0.0935,0.015504415649724245,0.0,9.297533849205335,0.5850205109821955,0.9114412000621182,0.9445267443581301,0.9686293558142489,9.297533849205335
0.094,0.015489415649724246,0.0,9.26096681764245,0.5721042436228587,0.9103683131377855,0.9403998582281057,0.9678646428409358,9.26096681764245
0.0945,0.015474415649724245,0.0,9.222299395255478,0.5594730179918795,0.9092985470649815,0.9359876504714054,0.9670929857419065,9.222299395255478
0.095,0.015459415649724246,0.0,9.18140523222887,0.5471206344802699,0.9082321034178826,0.9312737244748591,0.9663146126275752,9.18140523222887
0.0955,0.015444415649724246,0.0,9.138151282467717,0.5350410518130755,0.9071691964391507,0.9262412552060806,0.9655297676409881,9.138151282467717
0.096,0.015429415649724245,0.0,9.092406850583258,0.5232282287153412,0.9061100403714478,0.9208729901047683,0.9647387019237954,9.092406850583258
0.0965,0.015414415649724246,0.0,9.04403599303343,0.5116762523283789,0.9050548607788838,0.9151513744301547,0.9639416821531314,9.04403599303343
0.097,0.015399415649724246,0.0,8.99290461443641,0.5003791954156884,0.9040038846994453,0.9090585709210355,0.9631389833888104,8.99290461443641
0.0975,0.015384415649724245,0.0,8.938855694658091,0.4893315501834377,0.9029573771706108,0.9025768054757457,0.9623309174175716,8.938855694658091
0.098,0.015369415649724246,0.0,8.881730752919294,0.4785278960623368,0.9019156107939029,0.8956883531784876,0.9615178103762675,8.881730752919294
0.0985,0.015354415649724246,0.0,8.821375405388604,0.46796281248309557,0.9008788581708449,0.8883756250857123,0.9606999969699381,8.821375405388604
0.099,0.015339415649724245,0.0,8.757634489294993,0.45763095333167386,0.899847399606237,0.8806213687263947,0.9598778265374689,8.757634489294993
0.0995,0.015324415649724246,0.0,8.690342265934147,0.4475272085794651,0.8988215383019456,0.8724089839861198,0.9590516755536613,8.690342265934147
0.1,0.015309415649724245,0.0,8.619600463961548,0.43764654277138126,0.8978011882388467,0.8637224237190062,0.9582216114984334,8.619600463961548
0.1005,0.015310205123408456,0.0,9.293074360247067,0.4279840322964692,0.89687843260772,0.8545968299466727,0.9574637693542378,9.293074360247067
0.101,0.015310994597092667,0.0,9.871595884932011,0.4185348543392077,0.8961221950931344,0.8450660908129439,0.9568376065909246,9.871595884932011
0.1015,0.015311784070776876,0.0,10.364006042167679,0.4092943093070958,0.8955059799761557,0.835116498575902,0.9563239991170257,10.364006042167679
0.10200000000000001,0.015312573544461087,0.0,10.779295609072873,0.4002577789427721,0.8950079275698478,0.82473620682914,0.9559066589072867,10.779295609072873
0.10250000000000001,0.015313363018145298,0.0,11.124955469241884,0.3914207727313881,0.8946114470607699,0.8139164225508103,0.9555730116375004,11.124955469241884
0.10300000000000001,0.015314152491829509,0.0,11.40837750390647,0.3827788662873861,0.8943022754032137,0.8026501596074374,0.9553119640602477,11.40837750390647
0.10350000000000001,0.015314941965513718,0.0,11.63546726039419,0.3743277719500972,0.8940696153899105,0.7909336015696082,0.955115014465434,11.63546726039419
0.10400000000000001,0.015315731439197929,0.0,11.811930401372146,0.36606326707377923,0.8939039884863471,0.7787650340033951,0.9549745453635793,11.811930401372146
0.10450000000000001,0.01531652091288214,0.0,11.942675002679332,0.3579812256301927,0.8937976979071129,0.7661455702414005,0.9548842841206846,11.942675002679332
0.10500000000000001,0.01531731038656635,0.0,12.031845997010958,0.3500776364188556,0.8937445561663748,0.7530793553054778,0.9548391226228773,12.031845997010958
0.10550000000000001,0.01531809986025056,0.0,12.084642539830575,0.3423485450894357,0.8937374466917225,0.7395717571256396,0.9548330790576219,12.084642539830575
0.10600000000000001,0.015318889333934771,0.0,12.115482916343868,0.3347901262587773,0.8937579900087868,0.7256204497698785,0.9548505412521078,12.115482916343868
0.10650000000000001,0.015319678807618982,0.0,12.126335170297011,0.3273985446558096,0.8938036147022744,0.7112380644892167,0.954889310998788,12.126335170297011
0.10700000000000001,0.015320468281303193,0.0,12.115568144611819,0.32017016272908216,0.8938763315469327,0.6964444773774506,0.9549510679762538,12.115568144611819
0.10750000000000001,0.015321257754987402,0.0,12.081616934332201,0.3131014060793285,0.8939781408794689,0.6812628143014766,0.9550374615545051,12.081616934332201
0.10800000000000001,0.015322047228671613,0.0,12.02303674534817,0.3061887198975997,0.8941109833776946,0.6657192254624292,0.9551500646350445,12.02303674534817
0.10850000000000001,0.015322836702355824,0.0,11.938500659054663,0.2994286348124225,0.8942767617937236,0.6498429090208281,0.9552903876127158,11.938500659054663
0.10900000000000001,0.015323626176040035,0.0,11.827311863507237,0.2928178155958567,0.8944767109304562,0.6336654219166321,0.955459341855782,11.827311863507237
0.10950000000000001,0.015324415649724244,0.0,11.689071926379555,0.2863529620509569,0.8947118227721981,0.617220603624807,0.9556575989441879,11.689071926379555
0.11000000000000001,0.015325205123408455,0.0,11.523850395868916,0.28003083246344973,0.8949826343134473,0.6005441167907818,0.9558854116170274,11.523850395868916
0.11050000000000001,0.015325994597092666,0.0,11.332652858407105,0.273848296141353,0.8952886137641086,0.5836726058508873,0.9561421023702319,11.332652858407105
0.11100000000000002,0.015326784070776877,0.0,11.116879625087758,0.26780226117054046,0.895628823614832,0.5666438298655724,0.9564266301599046,11.116879625087758
0.11150000000000002,0.015327573544461086,0.0,10.878640160730173,0.26188972732161614,0.8960014760873283,0.5494959754067086,0.9567372280959417,10.878640160730173
0.11200000000000002,0.015328363018145297,0.0,10.620421107476856,0.25610771802961796,0.8964043148650449,0.532267499608977,0.957071736085677,10.620421107476856
0.11250000000000002,0.015329152491829508,0.0,10.345070812863389,0.25045335837429084,0.8968345849299563,0.514996978482749,0.9574275885337024,10.345070812863389
0.11300000000000002,0.015329941965513719,0.0,10.055546699232538,0.24492386260028834,0.8972893207381477,0.4977230566749358,0.9578020654622756,10.055546699232538
0.11350000000000002,0.015330731439197928,0.0,9.754645543162558,0.23951648957190197,0.8977656805360752,0.48048434720291616,0.9581925756949927,9.754645543162558
0.11400000000000002,0.01533152091288214,0.0,9.44532939425099,0.23422845508324783,0.8982604683293187,0.4633182884243944,0.9585962707817217,9.44532939425099
0.11450000000000002,0.01533231038656635,0.0,9.130036131498546,0.22905713334914019,0.8987710772629661,0.4462625240600909,0.9590108208059985,9.130036131498546
0.11500000000000002,0.015333099860250561,0.0,8.810816805833062,0.22400001530824862,0.8992953197582431,0.42935428928547514,0.959434269509622,8.810816805833062
0.11550000000000002,0.01533388933393477,0.0,8.489631921853114,0.2190545918992427,0.8998310082363755,0.4126292597629664,0.9598646923562357,8.489631921853114
0.11600000000000002,0.015334678807618981,0.0,8.168328321378459,0.21421836697516097,0.9003759794065499,0.39612134043016706,0.9603002180831833,8.168328321378459
0.11650000000000002,0.015335468281303192,0.0,7.848430681407025,0.20948889991956815,0.9009284121532112,0.3798628966690047,0.9607392819260641,7.848430681407025
0.11700000000000002,0.015336257754987403,0.0,7.531185359490289,0.2048638183755849,0.9014867860394464,0.3638845221286529,0.9611805867006488,7.531185359490289
0.11750000000000002,0.015337047228671612,0.0,7.217668008682002,0.2003408720648123,0.9020497337320222,0.34821488039411397,0.9616229813521291,7.217668008682002
0.11800000000000002,0.015337836702355823,0.0,6.908883938681226,0.19591781070885153,0.9026158878977049,0.3328799568967071,0.9620653388401904,6.908883938681226
0.11850000000000002,0.015338626176040034,0.0,6.60574236470279,0.19159245015263146,0.903183922543924,0.31790322295262924,0.9625065885840763,6.60574236470279
0.11900000000000002,0.015339415649724245,0.0,6.309041109643588,0.18736252084089564,0.9037525828200215,0.303305045258764,0.9629457387447327,6.309041109643588
0.11950000000000002,0.015340205123408454,0.0,6.019451488070158,0.18322593700750134,0.9043207195960786,0.28910364225744445,0.9633819012055511,6.019451488070158
0.12000000000000002,0.015340994597092665,0.0,5.737563712191147,0.1791807046289556,0.9048872195871596,0.27531467598989096,0.9638142360085552,5.737563712191147
0.12050000000000002,0.015341784070776876,0.0,5.4639088031916545,0.17522482968176542,0.9054509695083285,0.26195092296173117,0.9642419233323398,5.4639088031916545
0.12100000000000002,0.015342573544461087,0.0,5.198959232678104,0.17135631814243776,0.9060108560746497,0.24902234466182022,0.9646641632967191,5.198959232678104
0.12150000000000002,0.015343363018145297,0.0,4.943066712021398,0.16757326726939403,0.9065658899762157,0.23653659579603953,0.9650802683362535,4.943066712021398
0.12200000000000003,0.015344152491829507,0.0,4.696664541334064,0.16387366130727093,0.907114817175182,0.22449813689032536,0.9654893712464006,4.696664541334064
0.12250000000000003,0.015344941965513718,0.0,4.459940636140082,0.16025567406585975,0.9076567625883439,0.212909909208855,0.9658909060173381,4.459940636140082
0.12300000000000003,0.01534573143919793,0.0,4.232963072722311,0.1567175771170941,0.9081910186439919,0.20177294903284626,0.9662844437694886,4.232963072722311
0.12350000000000003,0.01534652091288214,0.0,4.015768997173521,0.15325764203290757,0.9087168777704164,0.19108608659919485,0.9666695663840756,4.015768997173521
0.12400000000000003,0.01534731038656635,0.0,3.808366120343981,0.14987414038523378,0.9092336323959079,0.1808461283168841,0.9670458660478353,3.808366120343981
0.12450000000000003,0.01534809986025056,0.0,3.6107343443014472,0.14656534374600627,0.909740574948757,0.17104804632960813,0.9674129447576763,3.6107343443014472
0.12500000000000003,0.015348889333934771,0.0,3.4226772198565736,0.14332963575328625,0.9102373522972926,0.16168570718707223,0.9677706683095986,3.4226772198565736
0.12550000000000003,0.015349678807618982,0.0,3.244008612898948,0.14016527625057784,0.910723566272803,0.1527510764160672,0.9681188735238137,3.244008612898948
0.12600000000000003,0.015350468281303192,0.0,3.0743127894722044,0.1370707549294477,0.9111993668923914,0.1442357627233117,0.9684577902387516,3.0743127894722044
0.12650000000000003,0.015351257754987403,0.0,2.9131729035576055,0.13404457936946743,0.9116649458550008,0.13613021535714973,0.9687876728368002,2.9131729035576055
0.12700000000000003,0.015352047228671614,0.0,2.7601886316374844,0.13108525715020874,0.912120494859574,0.12842382625264676,0.9691087703050953,2.7601886316374844
0.12750000000000003,0.015352836702355824,0.0,2.6149756628025633,0.12819129585124328,0.9125662056050543,0.12110510422089207,0.9694213263908095,2.6149756628025633
0.12800000000000003,0.015353626176040034,0.0,2.4771684722611833,0.12536124794023515,0.9130022607155655,0.11416194759779155,0.9697255734375902,2.4771684722611833
0.12850000000000003,0.015354415649724245,0.0,2.3462813732081327,0.12259364849289998,0.9134292268510782,0.10758179140907041,0.9700220049455917,2.3462813732081327
0.12900000000000003,0.015355205123408456,0.0,2.221898708886274,0.11988710054489689,0.9138475496567355,0.10135172118306084,0.9703110211994054,2.221898708886274
0.12950000000000003,0.015355994597092667,0.0,2.103679860895919,0.1172403124265246,0.9142575179726687,0.09545866506015556,0.9705929071031711,2.103679860895919
0.13000000000000003,0.015356784070776876,0.0,1.991300484957789,0.11465199246808194,0.9146594206390092,0.089889316575825,0.9708679420573217,1.991300484957789
0.13050000000000003,0.015357573544461087,0.0,1.884451887991247,0.11212084899986764,0.9150535464958881,0.08463024497716225,0.971136400148295,1.884451887991247
0.13100000000000003,0.015358363018145298,0.0,1.7828404271066345,0.10964559035218048,0.9154401843834368,0.07966799407261879,0.9713985503315713,1.7828404271066345
0.13150000000000003,0.015359152491829509,0.0,1.6862301341223938,0.10722502286600782,0.91581947798591,0.07498931872993926,0.9716545588537413,1.6862301341223938
0.13200000000000003,0.015359941965513718,0.0,1.5944021712354421,0.104857815961971,0.9161915433749921,0.0705808306246002,0.9719045703925366,1.5944021712354421
0.13250000000000003,0.015360731439197929,0.0,1.5071810543686213,0.10254284914951521,0.9165563709018659,0.06642971503687156,0.9721486430517321,1.5071810543686213
0.13300000000000003,0.01536152091288214,0.0,1.4243966643066512,0.1002790099576421,0.9169139452513795,0.06252340142190108,0.972386830025237,1.4243966643066512
0.13350000000000004,0.01536231038656635,0.0,1.345882541689467,0.09806518591535329,0.9172642511083808,0.058849597285924975,0.9726191834213718,1.345882541689467
0.13400000000000004,0.01536309986025056,0.0,1.2714759162223512,0.09590026455165039,0.9176072731577178,0.055396328447698366,0.9728457542539724,1.2714759162223512
0.13450000000000004,0.01536388933393477,0.0,1.2010168855181593,0.09378314512051168,0.9179429994698265,0.05215199051965759,0.9730665946559645,1.2010168855181593
0.13500000000000004,0.015364678807618982,0.0,1.134356667555224,0.09171279405060523,0.9182713883063346,0.04910544656428725,0.9732817361225042,1.134356667555224
0.13550000000000004,0.015365468281303193,0.0,1.0713569855901508,0.08968807552737298,0.9185923664885506,0.046245789529316024,0.9734911888242621,1.0713569855901508
0.13600000000000004,0.015366257754987402,0.0,1.0118610862783621,0.08770803928291675,0.9189059508922889,0.04356279852008323,0.9736950207972646,1.0118610862783621
0.13650000000000004,0.015367047228671613,0.0,0.9557169819450386,0.0857717350493383,0.9192121583933641,0.04104663652202513,0.9738932985941644,0.9557169819450386
0.13700000000000004,0.015367836702355824,0.0,0.9027774178459852,0.08387821255873944,0.9195110058675907,0.038687858961826645,0.974086087294212,0.9027774178459852
0.13750000000000004,0.015368626176040035,0.0,0.8528998395036355,0.08202652154322194,0.9198025101907831,0.03647741845100591,0.9742734505132022,0.8528998395036355
0.13800000000000004,0.015369415649724244,0.0,0.8059463601175759,0.08021571173488763,0.920086688238756,0.03440666618639958,0.9744554504134009,0.8059463601175759
0.13850000000000004,0.015370205123408455,0.0,0.7617730480279551,0.07844496274702702,0.9203636102734084,0.03246749823710617,0.9746321817252577,0.7617730480279551
0.13900000000000004,0.015370994597092666,0.0,0.7202442051947082,0.07671320740292445,0.920633333959128,0.03065191900966374,0.9748037292862268,0.7202442051947082
0.13950000000000004,0.015371784070776877,0.0,0.6812201438970802,0.07501962950823136,0.9208959664916235,0.02895259684090418,0.9749702075308226,0.6812201438970802
0.14000000000000004,0.015372573544461086,0.0,0.6445665304348851,0.07336343528992557,0.9211516201742764,0.02736257562157524,0.9751317319954337,0.6445665304348851
0.14050000000000004,0.015373363018145297,0.0,0.610155228604071,0.07174383097498487,0.9214004073104682,0.025875242303103823,0.9752884161161588,0.610155228604071
0.14100000000000004,0.015374152491829508,0.0,0.5778640954767178,0.07016002279038705,0.9216424402035807,0.024484319222009512,0.9754403712910023,0.5778640954767178
0.14150000000000004,0.015374941965513719,0.0,0.5475767804944228,0.06861121696310993,0.9218778311569952,0.02318385531588197,0.9755877069410602,0.5475767804944228
0.14200000000000004,0.015375731439197928,0.0,0.5191825278743297,0.06709661972013131,0.9221066924740935,0.02196821644857645,0.9757305305706983,0.5191825278743297
0.14250000000000004,0.015376520912882139,0.0,0.49257547031352855,0.0656154698207484,0.9223291396411076,0.02083209997883535,0.9758689498044377,0.49257547031352855
0.14300000000000004,0.01537731038656635,0.0,0.4676485545807461,0.06416703132379246,0.9225453292809751,0.019770515410826143,0.9760030959352297,0.4676485545807461
0.14350000000000004,0.015378099860250561,0.0,0.4443013394902993,0.06275049439392846,0.9227554121844327,0.018778697043443385,0.9761330946128124,0.4443013394902993
0.14400000000000004,0.015378889333934772,0.0,0.42243928872140457,0.061365203494898796,0.9229595356054082,0.0178522561786893,0.9762590673834626,0.42243928872140457
0.14450000000000005,0.015379678807618981,0.0,0.40197295333304284,0.06001050309044585,0.92315784679783,0.016987048941213622,0.9763811339650169,0.40197295333304284
0.14500000000000005,0.015380468281303192,0.0,0.3828177440941456,0.05868573764431205,0.923350493015626,0.016179166431427278,0.9764994123162096,0.3828177440941456
0.14550000000000005,0.015381257754987403,0.0,0.36489370950921995,0.057390251620239786,0.9235376215127242,0.015424924806191495,0.9766140187042743,0.36489370950921995
0.14600000000000005,0.015382047228671614,0.0,0.3481253195400506,0.05612338948197147,0.9237193795430529,0.014720855362945661,0.9767250677708128,0.3481253195400506
0.14650000000000005,0.015382836702355823,0.0,0.3324412550234716,0.05488449569324951,0.92389591436054,0.014063694692420407,0.976832672595927,0.3324412550234716
0.14700000000000005,0.015383626176040034,0.0,0.3177743644311828,0.05367298782263245,0.9240673719680569,0.013450411432301464,0.9769369440006502,0.3177743644311828
0.14750000000000005,0.015384415649724245,0.0,0.304058814259775,0.052488177341405005,0.9242339179482393,0.012878103621599118,0.9770380032421034,0.304058814259775
0.14800000000000005,0.015385205123408456,0.0,0.2912345542190193,0.05132948458965934,0.9243957019454676,0.01234409812928997,0.9771359604627257,0.2912345542190193
0.14850000000000005,0.015385994597092665,0.0,0.2792453859144009,0.05019636666848318,0.9245528701839298,0.011845899056644002,0.9772309224100683,0.2792453859144009
0.14900000000000005,0.015386784070776876,0.0,0.26803833074654504,0.04908828067896427,0.9247055688878141,0.011381160834537307,0.9773229945739692,0.26803833074654504
0.14950000000000005,0.015387573544461087,0.0,0.25756345542637543,0.04800468372219036,0.9248539442813084,0.010947680637325343,0.9774122812396931,0.25756345542637543
0.15000000000000005,0.015388363018145298,0.0,0.24777370310683042,0.046945032899249194,0.9249981425886009,0.010543391015130271,0.9774988855393606,0.24777370310683042
0.15050000000000005,0.015389152491829507,0.0,0.23862473013106075,0.0459087853112285,0.9251383100338795,0.010166352759329166,0.9775829095016658,0.23862473013106075
0.15100000000000005,0.015389941965513718,0.0,0.23007537022906246,0.04489543127635289,0.9252745871853447,0.009814759239192238,0.9776644507187174,0.23007537022906246
0.15150000000000005,0.01539073143919793,0.0,0.22208628454224535,0.04390444866404557,0.9254071195415126,0.00948691249175139,0.9777436087396232,0.22208628454224535
0.15200000000000005,0.01539152091288214,0.0,0.214620172414195,0.04293529070247223,0.9255360546428102,0.0091812141567939,0.9778204833673658,0.214620172414195
0.15250000000000005,0.01539231038656635,0.0,0.20764379740679828,0.04198750966124557,0.9256615215000904,0.008896197506891506,0.9778951624572739,0.20764379740679828
0.15300000000000005,0.01539309986025056,0.0,0.20112579289556448,0.0410606578099783,0.9257836491242064,0.008630487154250101,0.9779677330507244,0.20112579289556448
0.15350000000000005,0.015393889333934771,0.0,0.1950365467211462,0.04015428741828312,0.9259025665260109,0.008382794030733148,0.978038281410271,0.1950365467211462
0.15400000000000005,0.015394678807618982,0.0,0.1893480902128119,0.039267950755772725,0.926018402716357,0.00815191057446096,0.9781068930534434,0.1893480902128119
0.15450000000000005,0.015395468281303192,0.0,0.18403399158400438,0.03840120009205983,0.9261312867060977,0.007936706122259295,0.9781736527852131,0.18403399158400438
0.15500000000000005,0.015396257754987402,0.0,0.1790692536999662,0.03755358769675712,0.9262413475060857,0.007736122506123677,0.9782386447291279,0.1790692536999662
0.15550000000000005,0.015397047228671613,0.0,0.17443231319049737,0.036724750346767726,0.9263486922217842,0.007549188331615102,0.9783019394502341,0.17443231319049737
0.15600000000000006,0.015397836702355824,0.0,0.17009957335468792,0.03591419134320704,0.9264534615110279,0.007374965195250972,0.9783636267051606,0.17009957335468792
0.15650000000000006,0.015398626176040034,0.0,0.16605004502976434,0.035121451359040504,0.9265557811262747,0.007212584701735532,0.9784237868561133,0.16605004502976434
0.15700000000000006,0.015399415649724245,0.0,0.16226633230741386,0.03434617391845836,0.9266557493713251,0.007061255313595977,0.9784824835988725,0.16226633230741386
0.15750000000000006,0.015400205123408455,0.0,0.15873190822898953,0.03358800254565082,0.9267534645499803,0.0069202357277804785,0.978539780178276,0.15873190822898953
0.15800000000000006,0.015400994597092666,0.0,0.1554310553363514,0.032846580764808134,0.9268490249660408,0.006788831982115681,0.9785957394063243,0.1554310553363514
0.15850000000000006,0.015401784070776876,0.0,0.15234880876104423,0.03212155210012052,0.9269425289233075,0.006666394700167514,0.9786504236795129,0.15234880876104423
0.15900000000000006,0.015402573544461087,0.0,0.1494709018520178,0.03141256007577822,0.9270340747255813,0.006552316470682681,0.9787038949953918,0.1494709018520178
0.15950000000000006,0.015403363018145298,0.0,0.1467837143417,0.030719248215971454,0.9271237606766628,0.006446029357581847,0.9787562149683507,0.1467837143417
0.16000000000000006,0.015404152491829508,0.0,0.14427422305057813,0.030041260044890456,0.927211685080353,0.006347002536319023,0.9788074448446332,0.14427422305057813
0.16050000000000006,0.015404941965513718,0.0,0.14192995513034015,0.029378239086725457,0.9272979462404525,0.006254740052306649,0.9788576455165754,0.14192995513034015
0.16100000000000006,0.015405731439197929,0.0,0.13973986051979492,0.028729858846345473,0.9273826317621872,0.006168782541041181,0.9789068713208555,0.13973986051979492
0.16150000000000006,0.01540652091288214,0.0,0.13769426189554843,0.028095794296194253,0.9274658182543677,0.006088700778240861,0.9789551699139664,0.13769426189554843
0.16200000000000006,0.01540731038656635,0.0,0.13578274116552022,0.027475681909289666,0.9275475955500091,0.006014089228786023,0.9790025963576597,0.13578274116552022
0.16250000000000006,0.01540809986025056,0.0,0.13399736172912302,0.026869238938003193,0.9276280283904854,0.005944578633738279,0.9790491909014064,0.13399736172912302
0.16300000000000006,0.01540888933393477,0.0,0.13233047838536532,0.026276182634706303,0.9277071815171708,0.005879823613444588,0.9790949935832348,0.13233047838536532
0.16350000000000006,0.015409678807618982,0.0,0.1307747150190332,0.02569623025177048,0.9277851196714395,0.005819501238412721,0.9791400442365268,0.1307747150190332
0.16400000000000006,0.015410468281303193,0.0,0.12932294338789993,0.025129099041567196,0.9278619075946657,0.00576330967529121,0.9791843824964778,0.12932294338789993
0.16450000000000006,0.015411257754987404,0.0,0.1279682630110577,0.024574506256467933,0.9279376100282234,0.00571096690493889,0.9792280478062224,0.1279682630110577
0.16500000000000006,0.015412047228671613,0.0,0.12670398215807133,0.024032169148844162,0.9280122917134869,0.005662209509606284,0.9792710794226236,0.12670398215807133
0.16550000000000006,0.015412836702355824,0.0,0.12552359993938245,0.023501804971067363,0.9280860173918302,0.00561679152629688,0.9793135164217274,0.12552359993938245
0.16600000000000006,0.015413626176040035,0.0,0.12442209760600201,0.022983181930755308,0.9281588356250787,0.005574487396559731,0.9793553884050221,0.12442209760600201
0.16650000000000006,0.015414415649724246,0.0,0.12339349533985573,0.022475995009751844,0.9282308086085669,0.0055350806028501825,0.9793967326680794,0.12339349533985573
0.16700000000000007,0.015415205123408455,0.0,0.12243249395968288,0.021979960415292918,0.9283019918274801,0.005498370913865484,0.979437582496373,0.12243249395968288
0.16750000000000007,0.015415994597092666,0.0,0.12153530134499436,0.021494854441838757,0.9283724234240861,0.005464175733602937,0.9794779610954464,0.12153530134499436
0.16800000000000007,0.015416784070776877,0.0,0.12069821635517847,0.021020453383849586,0.9284421415406526,0.00543232434324695,0.979517891570848,0.12069821635517847
0.16850000000000007,0.015417573544461088,0.0,0.11991762148987344,0.02055653353578563,0.9285111843194472,0.0054026571808145985,0.9795573969303678,0.11991762148987344
0.16900000000000007,0.015418363018145297,0.0,0.11918997593146703,0.020102871192107116,0.9285795899027377,0.00537502515995137,0.9795965000861555,0.11918997593146703
0.16950000000000007,0.015419152491829508,0.0,0.1185118089698773,0.019659242647274266,0.9286473964327916,0.005349289026126345,0.9796352238567232,0.1185118089698773
0.17000000000000007,0.015419941965513719,0.0,0.11787971380927441,0.019225424195747312,0.9287146420518767,0.005325318748524887,0.9796735909688318,0.11787971380927441
0.17050000000000007,0.01542073143919793,0.0,0.11729034175719714,0.01880119213198648,0.9287813649022606,0.0053029929459872316,0.9797116240592602,0.11729034175719714
0.17100000000000007,0.015421520912882139,0.0,0.11674039679559078,0.018386322750451985,0.9288476031262112,0.005282198345392168,0.9797493456764594,0.11674039679559078
0.17150000000000007,0.01542231038656635,0.0,0.11622761025184726,0.017980642042820835,0.9289133823283101,0.005262831580772466,0.979786771151996,0.11622761025184726
0.17200000000000007,0.015423099860250561,0.0,0.11574912435931221,0.01758390553762541,0.9289787361146713,0.005244792833509159,0.979823920304522,0.11574912435931221
0.17250000000000007,0.015423889333934772,0.0,0.11530232024583556,0.017195886749552938,0.9290436954933496,0.005227989916590194,0.979860811403038,0.11530232024583556
0.17300000000000007,0.015424678807618981,0.0,0.11488549437644228,0.01681641220473991,0.9291082800972902,0.005212339050337363,0.9798974561969429,0.11488549437644228
0.17350000000000007,0.015425468281303192,0.0,0.11449696573936967,0.016445308429322823,0.9291725095594376,0.005197761920201394,0.9799338663915682,0.11449696573936967
0.17400000000000007,0.015426257754987403,0.0,0.11413507396385965,0.01608240194943817,0.929236403512737,0.005184185343024317,0.9799700536487512,0.11413507396385965
0.17450000000000007,0.015427047228671614,0.0,0.11379817753922299,0.015727519291222444,0.929299981590133,0.005171540951755368,0.9800060295873779,0.11379817753922299
0.17500000000000007,0.015427836702355823,0.0,0.11348465213524506,0.015380486980812142,0.9293632634245707,0.005159764897752133,0.9800418057838937,0.11348465213524506
0.17550000000000007,0.015428626176040034,0.0,0.11319288902371225,0.015041131544343755,0.9294262686489948,0.005148797569828843,0.9800773937727846,0.11319288902371225
0.17600000000000007,0.015429415649724245,0.0,0.11292129360127982,0.01470927950795378,0.9294890168963502,0.005138583329243685,0.9801128050470272,0.11292129360127982
0.17650000000000007,0.015430205123408456,0.0,0.11266828401354119,0.014384757397778707,0.9295515277995818,0.005129070259846588,0.9801480510585077,0.11266828401354119
0.17700000000000007,0.015430994597092665,0.0,0.1124322898803583,0.014067391739955035,0.9296138209916347,0.005120209932638088,0.9801831432184094,0.1124322898803583
0.17750000000000007,0.015431784070776876,0.0,0.11221286353110843,0.013757092801579315,0.9296759016172571,0.005111959357733852,0.9802180847466172,0.11221286353110843
0.17800000000000007,0.015432573544461087,0.0,0.11200803980706503,0.01345360249031961,0.9297377946704686,0.005104274021742046,0.980252890008923,0.11200803980706503
0.17850000000000008,0.015433363018145298,0.0,0.11181693207572403,0.013156773934395944,0.9297995112045851,0.005097115321290897,0.9802875654915393,0.11181693207572403
0.17900000000000008,0.015434152491829507,0.0,0.11163883184977785,0.01286647628114127,0.929861060018017,0.005090447567851129,0.9803221163928152,0.11163883184977785
0.17950000000000008,0.015434941965513718,0.0,0.11147303508733208,0.012582578677888541,0.9299224499091746,0.005084237400293383,0.9803565478930715,0.11147303508733208
0.18000000000000008,0.01543573143919793,0.0,0.11131884181444997,0.012304950271970708,0.9299836896764677,0.0050784536426016075,0.9803908651547153,0.11131884181444997
0.18050000000000008,0.01543652091288214,0.0,0.11117555576795228,0.012033460210720728,0.9300447881183068,0.005073067169496549,0.9804250733223496,0.11117555576795228
0.18100000000000008,0.01543731038656635,0.0,0.11104248405871094,0.011767977641471548,0.9301057540331019,0.0050680507795896985,0.980459177522875,0.11104248405871094
0.18150000000000008,0.01543809986025056,0.0,0.11091893685513804,0.011508371711556126,0.9301665962192632,0.005063379075702274,0.9804931828655863,0.11091893685513804
0.18200000000000008,0.015438889333934771,0.0,0.11080422708706941,0.011254511568307412,0.930227323475201,0.005059028351997965,0.980527094442263,0.11080422708706941
0.18250000000000008,0.015439678807618982,0.0,0.11069767016997276,0.011006266359058358,0.9302879445993252,0.005054976487591758,0.9805609173272529,0.11069767016997276
0.18300000000000008,0.015440468281303191,0.0,0.11059858374947085,0.01076350523114192,0.9303484683900461,0.005051202846310631,0.9805946565775504,0.11059858374947085
0.18350000000000008,0.015441257754987402,0.0,0.11050628746628852,0.010526097331891046,0.930408903645774,0.005047688182294923,0.9806283172328674,0.11050628746628852
0.18400000000000008,0.015442047228671613,0.0,0.11042044289821312,0.010293955024877306,0.9304692546988538,0.005044415147000125,0.9806619018314685,0.11042044289821312
0.18450000000000008,0.015442836702355824,0.0,0.11034060158627347,0.010066930862170831,0.930529527341206,0.005041366710005368,0.9806954137142551,0.11034060158627347
0.18500000000000008,0.015443626176040035,0.0,0.11026624066174977,0.009844886037476483,0.930589728357464,0.005038527138331177,0.9807288567620375,0.11026624066174977
0.18550000000000008,0.015444415649724244,0.0,0.11019708278850267,0.00962772333308765,0.9306498613201115,0.00503588228338778,0.980762233060321,0.11019708278850267
0.18600000000000008,0.015445205123408455,0.0,0.110132851349616,0.009415345531297728,0.930709929801632,0.0050334189189655335,0.980795544687621,0.110132851349616
0.18650000000000008,0.015445994597092666,0.0,0.11007327038515032,0.009207655414400108,0.9307699373745091,0.005031124684826792,0.9808287937154824,0.11007327038515032
0.18700000000000008,0.015446784070776877,0.0,0.11001806453338768,0.009004555764688183,0.9308298876112261,0.005028988033440826,0.9808619822084975,0.11001806453338768
0.18750000000000008,0.015447573544461086,0.0,0.1099669589752705,0.008805949364455348,0.9308897840842667,0.005026998179709622,0.9808951122243229,0.1099669589752705
0.18800000000000008,0.015448363018145297,0.0,0.10991967938235128,0.008611738995994992,0.9309496303661144,0.005025145053538311,0.9809281858136951,0.10991967938235128
0.18850000000000008,0.015449152491829508,0.0,0.1098759518679463,0.008421827441600513,0.9310094300292528,0.00502341925510974,0.9809612050204458,0.1098759518679463
0.18900000000000008,0.01544994196551372,0.0,0.10983550294175087,0.008236117483565297,0.9310691866461653,0.005021812012728365,0.9809941718815153,0.10983550294175087
0.18950000000000009,0.015450731439197929,0.0,0.10979805946776736,0.008054511904182743,0.9311289037893354,0.0050203151431040816,0.9810270884269655,0.10979805946776736
0.19000000000000009,0.01545152091288214,0.0,0.10976334862557587,0.00787691348574624,0.9311885850312468,0.005018921013951975,0.9810599566799922,0.10976334862557587
0.19050000000000009,0.01545231038656635,0.0,0.10973118830969544,0.007703252668478311,0.9312482327533036,0.005017622711190603,0.9810927780018244,0.10973118830969544
0.1910000000000001,0.015453099860250561,0.0,0.10970153030456295,0.007533467565241461,0.931307847575882,0.005016413818248213,0.9811255527813669,0.10970153030456295
0.1915000000000001,0.01545388933393477,0.0,0.10967398547253746,0.007367385982224726,0.9313674346121434,0.005015287593751253,0.9811582838731264,0.10967398547253746
0.1920000000000001,0.015454678807618982,0.0,0.10964845701872855,0.0072049386551998554,0.9314269951269458,0.005014238470003933,0.9811909720107204,0.10964845701872855
0.1925000000000001,0.015455468281303193,0.0,0.10962484825014984,0.007046056319938602,0.9314865303851473,0.00501326123905364,0.9812236179253386,0.10962484825014984
0.1930000000000001,0.015456257754987403,0.0,0.10960306256715678,0.006890669712212716,0.9315460416516059,0.0050123510309452385,0.9812562223457453,0.10960306256715678
0.1935000000000001,0.015457047228671613,0.0,0.10958300345525517,0.006738709567793951,0.9316055301911798,0.005011503293169519,0.9812887859982815,0.10958300345525517
0.1940000000000001,0.015457836702355824,0.0,0.10956457447736966,0.006590106622454055,0.9316649972687269,0.0050107137712488824,0.9813213096068676,0.10956457447736966
0.1945000000000001,0.015458626176040035,0.0,0.10954767926641382,0.006444791611964781,0.9317244441491055,0.005009978490405549,0.9813537938930056,0.10954767926641382
0.1950000000000001,0.015459415649724246,0.0,0.10953222151846814,0.006302695272097881,0.9317838720971735,0.005009293738259691,0.9813862395757809,0.10953222151846814
0.1955000000000001,0.015460205123408455,0.0,0.10951810498623024,0.0061637483386251055,0.9318432823777891,0.0050086560485070085,0.9814186473718648,0.10951810498623024
0.1960000000000001,0.015460994597092666,0.0,0.1095052334729642,0.006027881547318205,0.9319026762558104,0.005008062185527224,0.9814510179955162,0.1095052334729642
0.1965000000000001,0.015461784070776877,0.0,0.10949351082679129,0.005895025633948932,0.9319620549960953,0.005007509129877013,0.9814833521585825,0.10949351082679129
0.1970000000000001,0.015462573544461088,0.0,0.10948284093548966,0.005765111334289038,0.9320214198635021,0.0050069940646227185,0.9815156505705029,0.10948284093548966
0.1975000000000001,0.015463363018145297,0.0,0.10947312772166508,0.005638069384110274,0.9320807721228886,0.005006514362470108,0.9815479139383081,0.10947312772166508
0.1980000000000001,0.015464152491829508,0.0,0.10946427513836161,0.005513830519184391,0.9321401130391133,0.005006067573650198,0.9815801429666227,0.10946427513836161
0.1985000000000001,0.015464941965513719,0.0,0.10945618716507276,0.00539232547528314,0.9321994438770338,0.005005651414521925,0.981612338357666,0.10945618716507276
0.1990000000000001,0.01546573143919793,0.0,0.10944885894854134,0.005273536851614324,0.9322587646995357,0.005005263922504135,0.9816445001598685,0.10944885894854134
0.1995000000000001,0.015466520912882139,0.0,0.10944223375948232,0.005157359219043186,0.9323180762537568,0.005004902981006865,0.9816766287920309,0.10944223375948232
0.2000000000000001,0.01546731038656635,0.0,0.10943625212563077,0.005043719509375087,0.9323773793231951,0.005004566726277511,0.9817087246912038,0.10943625212563077
0.2005000000000001,0.01546809986025056,0.0,0.10943088366756626,0.00493256985151864,0.9324366743078183,0.005004253493746212,0.9817407880856487,0.10943088366756626
0.2010000000000001,0.015468889333934772,0.0,0.10942609801413931,0.004823862374382458,0.9324959616075945,0.005003961726609852,0.9817728192028666,0.10942609801413931
0.2015000000000001,0.015469678807618981,0.0,0.1094218648016726,0.004717549206875154,0.9325552416224919,0.005003689969298952,0.9818048182695982,0.1094218648016726
0.2020000000000001,0.015470468281303192,0.0,0.10941815367321406,0.004613582477905341,0.9326145147524785,0.005003436861304828,0.9818367855118242,0.10941815367321406
0.2025000000000001,0.015471257754987403,0.0,0.1094149342776938,0.0045119143163816315,0.9326737813975223,0.005003201131349728,0.9818687211547655,0.1094149342776938
0.2030000000000001,0.015472047228671614,0.0,0.1094121762693205,0.004412496851212639,0.9327330419575914,0.005002981591883362,0.9819006254228834,0.1094121762693205
0.2035000000000001,0.015472836702355823,0.0,0.10940984930687163,0.004315282211306975,0.932792296832654,0.005002777133889857,0.9819324985398796,0.10940984930687163
0.2040000000000001,0.015473626176040034,0.0,0.10940792305309502,0.004220222525573253,0.9328515464226779,0.0050025867219898315,0.9819643407286969,0.10940792305309502
0.2045000000000001,0.015474415649724245,0.0,0.10940636717411276,0.004127269922920087,0.9329107911276312,0.005002409389822897,0.9819961522115187,0.10940636717411276
0.2050000000000001,0.015475205123408456,0.0,0.10940515133888695,0.0040363765322560885,0.9329700313474821,0.005002244235696498,0.9820279332097699,0.10940515133888695
0.2055000000000001,0.015475994597092665,0.0,0.10940424521874727,0.00394749448248987,0.9330292674821986,0.005002090418487561,0.9820596839441164,0.10940424521874727
0.2060000000000001,0.015476784070776876,0.0,0.10940361848694063,0.003860575902530046,0.9330884999317487,0.005001947153784041,0.9820914046344656,0.10940361848694063
0.2065000000000001,0.015477573544461087,0.0,0.1094032408182034,0.0037755729212852287,0.9331477290961006,0.005001813710253937,0.9821230954999666,0.1094032408182034
0.2070000000000001,0.015478363018145298,0.0,0.10940308953035487,0.0036924492889389452,0.9332069552744222,0.005001689423246003,0.9821547567051478,0.10940308953035487
0.2075000000000001,0.015479152491829507,0.0,0.10940318200891766,0.0036111983587146512,0.933266178237387,0.005001573712608421,0.9821863881318232,0.10940318200891766
0.2080000000000001,0.015479941965513718,0.0,0.1094034723356828,0.003531713328341786,0.933325398590674,0.005001465897884926,0.98221799010763,0.1094034723356828
0.2085000000000001,0.015480731439197929,0.0,0.10940395175303899,0.003453961943272219,0.9333846164498087,0.0050013654494136224,0.9822495626978436,0.10940395175303899
0.2090000000000001,0.01548152091288214,0.0,0.10940461150376445,0.0033779119489578194,0.9334438319303174,0.005001271871564236,0.9822811059675207,0.10940461150376445
0.2095000000000001,0.015482310386566351,0.0,0.10940544283104173,0.0033035310908504554,0.9335030451477256,0.00500118470069532,0.9823126199814983,0.10940544283104173
0.2100000000000001,0.01548309986025056,0.0,0.1094064369782886,0.003230787114401997,0.9335622562175595,0.005001103503222681,0.9823441048043952,0.1094064369782886
0.2105000000000001,0.015483889333934771,0.0,0.10940758518918005,0.003159647765064313,0.9336214652553446,0.005001027873793795,0.9823755605006104,0.10940758518918005
0.2110000000000001,0.015484678807618982,0.0,0.10940887870752547,0.0030900807882892722,0.9336806723766071,0.005000957433563147,0.9824069871343243,0.10940887870752547
0.2115000000000001,0.015485468281303193,0.0,0.1094103087772287,0.003022053929528744,0.9337398776968727,0.005000891828563645,0.9824383847694984,0.1094103087772287
0.2120000000000001,0.015486257754987402,0.0,0.10941186664222154,0.0029555349342345978,0.9337990813316673,0.005000830728169436,0.9824697534698752,0.10941186664222154
0.2125000000000001,0.015487047228671613,0.0,0.10941354354647018,0.002890491547858702,0.9338582833965168,0.005000773823645643,0.9825010932989781,0.10941354354647018
0.2130000000000001,0.015487836702355824,0.0,0.10941533073380742,0.0028268915158529257,0.9339174840069471,0.005000720826780726,0.9825324043201116,0.10941533073380742
0.2135000000000001,0.015488626176040035,0.0,0.10941721944800509,0.002764702583669138,0.9339766832784839,0.00500067146859733,0.9825636865963615,0.10941721944800509
0.2140000000000001,0.015489415649724244,0.0,0.10941920093265277,0.002703892496759209,0.9340358813266532,0.005000625498137681,0.9825949401905945,0.10941920093265277
0.2145000000000001,0.015490205123408455,0.0,0.10942126643117811,0.002644429000575007,0.9340950782669809,0.005000582681319707,0.9826261651654585,0.10942126643117811
0.2150000000000001,0.015490994597092666,0.0,0.10942340718676219,0.002586279840568401,0.9341542742149928,0.005000542799860286,0.9826573615833826,0.10942340718676219
0.2155000000000001,0.015491784070776877,0.0,0.10942561444232729,0.0025294127621912597,0.9342134692862147,0.005000505650262116,0.9826885295065767,0.10942561444232729
0.2160000000000001,0.015492573544461086,0.0,0.1094278794404987,0.002473795510895453,0.9342726635961727,0.005000471042860894,0.9827196689970324,0.1094278794404987
0.2165000000000001,0.015493363018145297,0.0,0.10943020416434505,0.0024194255140686143,0.9343318571187363,0.00500043881815837,0.9827507800421038,0.10943020416434505
0.2170000000000001,0.015494152491829508,0.0,0.10943258612888428,0.002366254023586059,0.9343910498867043,0.005000408799949254,0.9827818626601244,0.10943258612888428
0.2175000000000001,0.01549494196551372,0.0,0.10943501833904183,0.00231424014192166,0.9344502419923546,0.005000380829432631,0.9828129169005565,0.10943501833904183
0.2180000000000001,0.015495731439197928,0.0,0.10943749841609031,0.0022633625397591815,0.9345094334670808,0.005000354769141916,0.9828439427807891,0.10943749841609031
0.2185000000000001,0.01549652091288214,0.0,0.10944002398124661,0.002213599887782386,0.934568624342276,0.005000330490457442,0.9828749403181513,0.10944002398124661
0.2190000000000001,0.01549731038656635,0.0,0.10944259265562734,0.0021649308566750367,0.9346278146493336,0.005000307873074089,0.9829059095299125,0.10944259265562734
0.2195000000000001,0.015498099860250561,0.0,0.10944520206025389,0.002117334117120897,0.9346870044196468,0.005000286804498026,0.982936850433283,0.10944520206025389
0.2200000000000001,0.01549888933393477,0.0,0.10944784981608738,0.0020707883398037308,0.9347461936846089,0.005000267179571137,0.9829677630454137,0.10944784981608738
0.2205000000000001,0.015499678807618981,0.0,0.10945053354398486,0.0020252721954073004,0.934805382475613,0.005000248900021844,0.9829986473833956,0.10945053354398486
0.2210000000000001,0.015500468281303192,0.0,0.10945325086468541,0.00198076435461537,0.9348645708240525,0.00500023187404103,0.9830295034642605,0.10945325086468541
0.2215000000000001,0.015501257754987403,0.0,0.10945599939884583,0.0019372434881117016,0.9349237587613207,0.005000216015881837,0.9830603313049808,0.10945599939884583
0.22200000000000011,0.015502047228671613,0.0,0.10945877676700752,0.0018946882665800595,0.934982946318811,0.0050002012454821755,0.9830911309224696,0.10945877676700752
0.22250000000000011,0.015502836702355824,0.0,0.10946158058961299,0.0018530773607042068,0.9350421335279163,0.005000187488108809,0.9831219023335798,0.10946158058961299
0.22300000000000011,0.015503626176040034,0.0,0.10946440848699286,0.0018123894411679066,0.9351013204200302,0.005000174674021927,0.9831526455551056,0.10946440848699286
0.22350000000000012,0.015504415649724245,0.0,0.10946725807935345,0.001772603178654922,0.9351605070265459,0.005000162738159178,0.9831833606037815,0.10946725807935345
0.22400000000000012,0.015505205123408455,0.0,0.10947012698678402,0.0017336972438490163,0.9352196933788565,0.0050001516198381595,0.9832140474962825,0.10947012698678402
0.22450000000000012,0.015505994597092666,0.0,0.1094730128292743,0.0016956503074339528,0.9352788795083553,0.005000141262476426,0.983244706249224,0.1094730128292743
0.22500000000000012,0.015506784070776877,0.0,0.10947591322665334,0.001658441040093495,0.9353380654464358,0.005000131613328085,0.9832753368791624,0.10947591322665334
0.22550000000000012,0.015507573544461088,0.0,0.10947882649696931,0.0016220555742336746,0.9353972512152835,0.0050001226250414345,0.9833059393978353,0.10947882649696931
0.22600000000000012,0.015508363018145297,0.0,0.10948175654568523,0.001586518152698547,0.9354564367634092,0.005000114262062594,0.9833365137788967,0.10948175654568523
0.22650000000000012,0.015509152491829508,0.0,0.10948469745334087,0.0015517441085976295,0.9355156221688725,0.005000106466096096,0.9833670600629296,0.10948469745334087
0.22700000000000012,0.015509941965513719,0.0,0.1094876486916918,0.0015177203477229726,0.935574807438644,0.005000099199547679,0.9833975782537288,0.1094876486916918
0.22750000000000012,0.01551073143919793,0.0,0.10949060973250602,0.0014844337758666262,0.9356339925796939,0.005000092427199568,0.9834280683550765,0.10949060973250602
0.22800000000000012,0.015511520912882139,0.0,0.10949358004748483,0.001451871298820641,0.935693177598993,0.005000086116070757,0.9834585303707414,0.10949358004748483
0.22850000000000012,0.01551231038656635,0.0,0.1094965591083514,0.0014200198223770668,0.9357523625035115,0.005000080235284707,0.9834889643044792,0.1094965591083514
0.22900000000000012,0.01551309986025056,0.0,0.10949954638678153,0.001388866252327954,0.9358115473002198,0.00500007475594411,0.9835193701600323,0.10949954638678153
0.22950000000000012,0.015513889333934772,0.0,0.1095025413544033,0.0013583974944653531,0.9358707319960885,0.0050000696510124005,0.9835497479411299,0.1095025413544033
0.23000000000000012,0.015514678807618983,0.0,0.10950554348281678,0.001328600454581314,0.9359299165980881,0.0050000648952017,0.9835800976514882,0.10950554348281678
0.23050000000000012,0.015515468281303192,0.0,0.1095085522436332,0.0012994620384678872,0.9359891011131889,0.0050000604648668895,0.9836104192948097,0.1095085522436332
0.23100000000000012,0.015516257754987403,0.0,0.10951156710839596,0.0012709691519171228,0.9360482855483615,0.005000056337905513,0.9836407128747844,0.10951156710839596
0.23150000000000012,0.015517047228671614,0.0,0.10951458754864946,0.0012431087007210712,0.9361074699105763,0.0050000524936632445,0.9836709783950883,0.10951458754864946
0.23200000000000012,0.015517836702355825,0.0,0.10951761303587972,0.0012158675906717826,0.9361666542068036,0.0050000489128446445,0.9837012158593849,0.10951761303587972
0.23250000000000012,0.015518626176040034,0.0,0.10952064304155386,0.0011892327275613071,0.9362258384440141,0.005000045577428941,0.9837314252713241,0.10952064304155386
0.23300000000000012,0.015519415649724245,0.0,0.10952367703713961,0.001163191017181695,0.936285022629178,0.005000042470590599,0.9837616066345426,0.10952367703713961
0.23350000000000012,0.015520205123408456,0.0,0.10952671449402633,0.001137729365324997,0.936344206769266,0.0050000395766244266,0.9837917599526642,0.10952671449402633
0.23400000000000012,0.015520994597092667,0.0,0.10952975488360378,0.0011128346777832623,0.9364033908712484,0.005000036880875004,0.9838218852292991,0.10952975488360378
0.23450000000000013,0.015521784070776876,0.0,0.10953279767723255,0.0010884938603485422,0.9364625749420956,0.005000034369670209,0.9838519824680447,0.10953279767723255
0.23500000000000013,0.015522573544461087,0.0,0.1095358423462439,0.0010646938188128867,0.9365217589887782,0.005000032030258624,0.983882051672485,0.1095358423462439
0.23550000000000013,0.015523363018145298,0.0,0.10953888836191016,0.0010414214589683458,0.9365809430182667,0.00500002985075064,0.9839120928461906,0.10953888836191016
0.23600000000000013,0.015524152491829509,0.0,0.10954193519553351,0.0010186636866069698,0.9366401270375313,0.005000027820063046,0.9839421059927194,0.10954193519553351
0.23650000000000013,0.015524941965513718,0.0,0.10954498231831762,0.0009964074075208091,0.9366993110535426,0.005000025927866937,0.9839720911156155,0.10954498231831762
0.23700000000000013,0.015525731439197929,0.0,0.10954802920149598,0.0009746395275019138,0.9367584950732711,0.005000024164538751,0.9840020482184101,0.10954802920149598
0.23750000000000013,0.01552652091288214,0.0,0.10955107531623316,0.0009533469523423344,0.9368176791036873,0.00500002252111428,0.9840319773046214,0.10955107531623316
0.23800000000000013,0.015527310386566351,0.0,0.10955412162826232,0.0009325454799521362,0.9368768631320612,0.005000020991326792,0.9840618783678059,0.10955412162826232
0.23850000000000013,0.01552809986025056,0.0,0.10955716798523231,0.0009122004591004037,0.9369360471604007,0.005000019565629689,0.9840917514089792,0.10955716798523231
0.23900000000000013,0.015528889333934771,0.0,0.10956021394359015,0.0008922937147357512,0.9369952311945527,0.005000018236398407,0.9841215964310885,0.10956021394359015
0.23950000000000013,0.015529678807618982,0.0,0.10956325940333247,0.0008728176456640851,0.9370544152358351,0.005000016997237774,0.9841514134347893,0.10956325940333247
0.24000000000000013,0.015530468281303193,0.0,0.10956630426444049,0.0008537646506913122,0.9371135992855655,0.005000015842157403,0.9841812024207343,0.10956630426444049
0.24050000000000013,0.015531257754987402,0.0,0.1095693484269096,0.0008351271286233388,0.9371727833450617,0.005000014765547836,0.9842109633895738,0.1095693484269096
0.24100000000000013,0.015532047228671613,0.0,0.10957239179073958,0.0008168974782660717,0.9372319674156416,0.005000013762157954,0.9842406963419557,0.10957239179073958
0.24150000000000013,0.015532836702355824,0.0,0.10957543425590481,0.0007990680984254176,0.937291151498623,0.005000012827073597,0.9842704012785254,0.10957543425590481
0.24200000000000013,0.015533626176040035,0.0,0.10957847572237422,0.0007816313879072829,0.9373503355953235,0.0050000119556973446,0.9843000781999257,0.10957847572237422
0.24250000000000013,0.015534415649724244,0.0,0.10958151609010129,0.0007645797455175744,0.9374095197070612,0.005000011143729396,0.984329727106797,0.10958151609010129
0.24300000000000013,0.015535205123408455,0.0,0.10958455525908335,0.0007479055700621984,0.9374687038351537,0.005000010387149498,0.9843593479997771,0.10958455525908335
0.24350000000000013,0.015535994597092666,0.0,0.10958759312926282,0.0007316012603470617,0.9375278879809188,0.0050000096821998805,0.9843889408795015,0.10958759312926282
0.24400000000000013,0.015536784070776877,0.0,0.10959062960059636,0.0007156592151780709,0.9375870721456743,0.0050000090253691275,0.984418505746603,0.10959062960059636
0.24450000000000013,0.015537573544461086,0.0,0.10959366457301539,0.0007000718333611325,0.937646256330738,0.0050000084133769735,0.9844480426017118,0.10959366457301539
0.24500000000000013,0.015538363018145297,0.0,0.10959669794648526,0.0006848315137021533,0.9377054405374277,0.005000007843159942,0.9844775514454561,0.10959669794648526
0.24550000000000013,0.015539152491829508,0.0,0.10959972962093625,0.0006699306550070397,0.937764624767061,0.005000007311857816,0.9845070322784611,0.10959972962093625
0.24600000000000014,0.01553994196551372,0.0,0.10960275949628326,0.0006553616560816983,0.9378238090209561,0.0050000068168008765,0.9845364851013498,0.10960275949628326
0.24650000000000014,0.015540731439197928,0.0,0.10960578747245546,0.0006411169157320359,0.9378829933004305,0.005000006355497882,0.9845659099147426,0.10960578747245546
0.24700000000000014,0.01554152091288214,0.0,0.10960881344938637,0.0006271888327639588,0.9379421776068021,0.005000005925624752,0.9845953067192572,0.10960881344938637
0.24750000000000014,0.01554231038656635,0.0,0.10961183732699425,0.0006135698059833739,0.9380013619413885,0.005000005525013905,0.9846246755155091,0.10961183732699425
0.24800000000000014,0.015543099860250561,0.0,0.10961485900516223,0.0006002522341961875,0.9380605463055078,0.00500000515164424,0.9846540163041114,0.10961485900516223
0.24850000000000014,0.01554388933393477,0.0,0.10961787838380747,0.0005872285162083065,0.9381197307004776,0.005000004803631701,0.9846833290856744,0.10961787838380747
0.24900000000000014,0.015544678807618981,0.0,0.10962089536284178,0.0005744910508256372,0.9381789151276156,0.005000004479220417,0.9847126138608058,0.10962089536284178
0.24950000000000014,0.015545468281303192,0.0,0.10962390984213194,0.0005620322368540865,0.9382380995882399,0.005000004176774374,0.9847418706301113,0.10962390984213194
0.2500000000000001,0.015546257754987403,0.0,0.10962692189105064,0.0005498623880253632,0.938297284081435,0.00500000389517573,0.9847710993930915,0.10962692189105064
0.25050000000000017,0.015547047228671614,0.0,0.10962993169071279,0.0005379790981396433,0.938356468604813,0.005000003633060471,0.9848003001485224,0.10962993169071279
0.2510000000000001,0.015547836702355823,0.0,0.10963293902213679,0.0005263469882624296,0.9384156531612581,0.005000003388467458,0.9848294728977821,0.10963293902213679
0.25150000000000017,0.015548626176040034,0.0,0.10963594387117516,0.0005149620375987008,0.9384748377509554,0.0050000031602560726,0.984858617640915,0.10963594387117516
0.2520000000000001,0.015549415649724245,0.0,0.10963894622368962,0.0005038202253534463,0.9385340223740899,0.0050000029473561925,0.9848877343779645,0.10963894622368962
0.25250000000000017,0.015550205123408456,0.0,0.10964194606548193,0.0004929175307316452,0.938593207030847,0.005000002748764157,0.9849168231089743,0.10964194606548193
0.2530000000000001,0.015550994597092666,0.0,0.10964494338242234,0.00048224993293828644,0.9386523917214117,0.005000002563538941,0.9849458838339875,0.10964494338242234
0.25350000000000017,0.015551784070776876,0.0,0.10964793816035076,0.00047181341117834936,0.9387115764459693,0.005000002390798524,0.9849749165530469,0.10964793816035076
0.2540000000000001,0.015552573544461087,0.0,0.10965093038510644,0.0004616039446568227,0.9387707612047048,0.00500000222971645,0.9850039212661948,0.10965093038510644
0.25450000000000017,0.015553363018145298,0.0,0.10965392004251809,0.00045161751257868606,0.9388299459978036,0.005000002079518571,0.9850328979734735,0.10965392004251809
0.2550000000000001,0.015554152491829508,0.0,0.10965690711842359,0.00044185009414892795,0.9388891308254506,0.005000001939479958,0.9850618466749244,0.10965690711842359
0.25550000000000017,0.015554941965513719,0.0,0.1096598915986898,0.0004322976685725282,0.9389483156878311,0.005000001808921978,0.9850907673705891,0.1096598915986898
0.2560000000000001,0.01555573143919793,0.0,0.10966287346912364,0.00042295621505447504,0.9390075005851303,0.005000001687209531,0.9851196600605084,0.10966287346912364
0.2565000000000002,0.01555652091288214,0.0,0.10966585271557089,0.0004138217127997486,0.9390666855175334,0.005000001573748437,0.9851485247447233,0.10966585271557089
0.2570000000000001,0.01555731038656635,0.0,0.10966882932386676,0.00040489014101333695,0.9391258704852253,0.005000001467982959,0.9851773614232737,0.10966882932386676
0.2575000000000002,0.01555809986025056,0.0,0.1096718032798458,0.0003961574789002201,0.9391850554883916,0.005000001369393472,0.9852061700961999,0.1096718032798458
0.2580000000000001,0.015558889333934772,0.0,0.10967477456935178,0.0003876197056653863,0.9392442405272172,0.005000001277494249,0.9852349507635415,0.10967477456935178
0.2585000000000002,0.015559678807618983,0.0,0.10967774317820807,0.00037927280051381566,0.9393034256018873,0.005000001191831387,0.9852637034253374,0.10967774317820807
0.2590000000000001,0.015560468281303192,0.0,0.10968070909225706,0.00037111274265049605,0.939362610712587,0.005000001111980834,0.9852924280816269,0.10968070909225706
0.2595000000000002,0.015561257754987403,0.0,0.10968367229732087,0.000363135511280408,0.9394217958595016,0.005000001037546533,0.9853211247324484,0.10968367229732087
0.2600000000000001,0.015562047228671614,0.0,0.10968663277924057,0.00035533708560853914,0.9394809810428163,0.005000000968158681,0.9853497933778401,0.10968663277924057
0.2605000000000002,0.015562836702355825,0.0,0.10968959052385664,0.00034771344483987,0.9395401662627161,0.00500000090347207,0.98537843401784,0.10968959052385664
0.2610000000000001,0.015563626176040034,0.0,0.10969254551696943,0.0003402605681793882,0.9395993515193862,0.005000000843164544,0.9854070466524854,0.10969254551696943
0.2615000000000002,0.015564415649724245,0.0,0.10969549774444771,0.0003329744348320746,0.9396585368130119,0.005000000786935532,0.9854356312818134,0.10969549774444771
0.2620000000000001,0.015565205123408456,0.0,0.10969844719209051,0.00032585102400291635,0.9397177221437784,0.005000000734504667,0.9854641879058612,0.10969844719209051
0.2625000000000002,0.015565994597092667,0.0,0.10970139384573573,0.00031888631489689447,0.9397769075118706,0.005000000685610504,0.9854927165246649,0.10970139384573573
0.2630000000000001,0.015566784070776876,0.0,0.10970433769122054,0.0003120762867189962,0.9398360929174738,0.005000000640009289,0.9855212171382606,0.10970433769122054
0.2635000000000002,0.015567573544461087,0.0,0.10970727871437169,0.0003054169186742026,0.9398952783607732,0.005000000597473821,0.9855496897466842,0.10970727871437169
0.2640000000000001,0.015568363018145298,0.0,0.1097102169009955,0.0002989041899675007,0.9399544638419541,0.00500000055779238,0.9855781343499712,0.1097102169009955
0.2645000000000002,0.015569152491829509,0.0,0.10971315223694703,0.0002925340798038718,0.9400136493612015,0.005000000520767708,0.9856065509481564,0.10971315223694703
0.2650000000000001,0.015569941965513718,0.0,0.10971608470803128,0.00028630256738830273,0.9400728349187005,0.0050000004862160675,0.9856349395412747,0.10971608470803128
0.2655000000000002,0.015570731439197929,0.0,0.10971901430007241,0.0002802056319257749,0.9401320205146365,0.005000000453966354,0.9856633001293604,0.10971901430007241
0.2660000000000001,0.01557152091288214,0.0,0.1097219410069365,0.0002742532063499094,0.9401912061490889,0.0050000004239282815,0.9856916327123969,0.1097219410069365
0.2665000000000002,0.01557231038656635,0.0,0.10972486487637696,0.0002684353471504356,0.940250391821427,0.00500000039591609,0.985719937290028,0.10972486487637696
0.2670000000000001,0.01557309986025056,0.0,0.10972778591543238,0.0002627406052170483,0.9403095775315564,0.00500000036975353,0.9857482138621549,0.10972778591543238
0.2675000000000002,0.015573889333934771,0.0,0.10973070412218985,0.00025716700273381284,0.9403687632795011,0.005000000345321228,0.9857764624287353,0.10973070412218985
0.2680000000000001,0.015574678807618982,0.0,0.10973361949469705,0.0002517125618847993,0.9404279490652853,0.005000000322507149,0.985804682989727,0.10973361949469705
0.2685000000000002,0.015575468281303193,0.0,0.10973653203100159,0.00024637530485407304,0.9404871348889331,0.005000000301206164,0.9858328755450878,0.10973653203100159
0.26900000000000013,0.015576257754987402,0.0,0.1097394417291413,0.00024115325382570408,0.9405463207504686,0.005000000281319672,0.9858610400947754,0.1097394417291413
0.2695000000000002,0.015577047228671613,0.0,0.10974234858720334,0.00023604443098375788,0.940605506649916,0.005000000262755206,0.9858891766387473,0.10974234858720334
0.27000000000000013,0.015577836702355824,0.0,0.10974525260321571,0.00023104685851230443,0.9406646925872995,0.0050000002454260875,0.9859172851769613,0.10974525260321571
0.2705000000000002,0.015578626176040035,0.0,0.10974815377522609,0.00022615855859540917,0.9407238785626432,0.005000000229251086,0.9859453657093749,0.10974815377522609
0.27100000000000013,0.015579415649724244,0.0,0.10975105210130198,0.00022137755341714203,0.940783064575971,0.005000000214154099,0.9859734182359455,0.10975105210130198
0.2715000000000002,0.015580205123408455,0.0,0.10975394757948125,0.0002167018651615686,0.9408422506273075,0.0050000002000638475,0.9860014427566308,0.10975394757948125
0.27200000000000013,0.015580994597092666,0.0,0.10975684020784132,0.0002121295160127587,0.9409014367166765,0.005000000186913591,0.986029439271388,0.10975684020784132
0.2725000000000002,0.015581784070776877,0.0,0.10975972998442009,0.00020765852815477794,0.9409606228441022,0.005000000174640855,0.9860574077801746,0.10975972998442009
0.27300000000000013,0.015582573544461086,0.0,0.10976261690725547,0.00020328692377169608,0.9410198090096087,0.005000000163187176,0.9860853482829478,0.10976261690725547
0.2735000000000002,0.015583363018145297,0.0,0.10976550097443481,0.0001990127250475789,0.9410789952132202,0.005000000152497858,0.9861132607796651,0.10976550097443481
0.27400000000000013,0.015584152491829508,0.0,0.10976838218398621,0.00019483395416649603,0.9411381814549609,0.005000000142521746,0.9861411452702835,0.10976838218398621
0.2745000000000002,0.015584941965513719,0.0,0.1097712605339674,0.00019074863331251327,0.9411973677348549,0.005000000133211005,0.9861690017547604,0.1097712605339674
0.27500000000000013,0.01558573143919793,0.0,0.10977413602243609,0.00018675478466970017,0.9412565540529262,0.00500000012452092,0.9861968302330528,0.10977413602243609
0.2755000000000002,0.01558652091288214,0.0,0.10977700864743035,0.00018285043042212272,0.9413157404091991,0.0050000001164097,0.986224630705118,0.10977700864743035
0.27600000000000013,0.01558731038656635,0.0,0.10977987840702771,0.00017903359275385034,0.9413749268036976,0.005000000108838301,0.9862524031709128,0.10977987840702771
0.2765000000000002,0.015588099860250561,0.0,0.10978274529925634,0.00017530229384894904,0.9414341132364461,0.005000000101770251,0.9862801476303943,0.10978274529925634
0.27700000000000014,0.015588889333934772,0.0,0.10978560932219386,0.0001716545558914882,0.9414932997074684,0.005000000095171491,0.9863078640835196,0.10978560932219386
0.2775000000000002,0.015589678807618981,0.0,0.10978847047385856,0.00016808840106553397,0.9415524862167889,0.005000000089010218,0.9863355525302454,0.10978847047385856
0.27800000000000014,0.015590468281303192,0.0,0.10979132875235775,0.0001646018515551556,0.9416116727644315,0.005000000083256749,0.9863632129705286,0.10979132875235775
0.2785000000000002,0.015591257754987403,0.0,0.10979418415569005,0.00016119292954441924,0.9416708593504206,0.005000000077883382,0.9863908454043263,0.10979418415569005
0.27900000000000014,0.015592047228671614,0.0,0.10979703668194296,0.00015785965721739416,0.94173004597478,0.005000000072864272,0.986418449831595,0.10979703668194296
0.2795000000000002,0.015592836702355823,0.0,0.10979988632913491,0.0001546000567581466,0.9417892326375343,0.0050000000681753075,0.9864460262522916,0.10979988632913491
0.28000000000000014,0.015593626176040034,0.0,0.1098027330953733,0.0001514121503507457,0.9418484193387072,0.005000000063794003,0.9864735746663726,0.1098027330953733
0.2805000000000002,0.015594415649724245,0.0,0.10980557697866668,0.00014829396017925777,0.9419076060783231,0.005000000059699393,0.9865010950737949,0.10980557697866668
0.28100000000000014,0.015595205123408456,0.0,0.10980841797707303,0.00014524350842775194,0.9419667928564062,0.005000000055871931,0.9865285874745149,0.10980841797707303
0.2815000000000002,0.015595994597092665,0.0,0.10981125608866026,0.00014225881728029453,0.9420259796729803,0.0050000000522934,0.9865560518684893,0.10981125608866026
0.28200000000000014,0.015596784070776876,0.0,0.10981409127724684,0.0001393598443818738,0.9420851665285205,0.005000000048971487,0.9865834882558832,0.10981409127724684
0.2825000000000002,0.015597573544461087,0.0,0.10981692357996307,0.0001365244548772353,0.9421443534225362,0.0050000000458654435,0.9866108966364144,0.10981692357996307
0.28300000000000014,0.015598363018145298,0.0,0.10981975300470247,0.00013374699910772466,0.9422035403549223,0.005000000042956654,0.9866382770099796,0.10981975300470247
0.2835000000000002,0.015599152491829507,0.0,0.10982257955125353,0.00013102664848079824,0.9422627273256796,0.005000000040232931,0.9866656293765247,0.10982257955125353
0.28400000000000014,0.015599941965513718,0.0,0.10982540321948397,0.00012836257440391484,0.9423219143348089,0.005000000037682798,0.9866929537359955,0.10982540321948397
0.2845000000000002,0.01560073143919793,0.0,0.10982822400920232,0.0001257539482845309,0.9423811013823111,0.005000000035295454,0.986720250088338,0.10982822400920232
0.28500000000000014,0.01560152091288214,0.0,0.10983104192022707,0.00012319994153010518,0.942440288468187,0.005000000033060736,0.9867475184334978,0.10983104192022707
0.2855000000000002,0.01560231038656635,0.0,0.10983385695237682,0.00012069972554809418,0.9424994755924373,0.005000000030969085,0.9867747587714212,0.10983385695237682
0.28600000000000014,0.01560309986025056,0.0,0.1098366691055099,0.00011825247174595661,0.9425586627550628,0.005000000029011512,0.9868019711020536,0.1098366691055099
0.2865000000000002,0.015603889333934771,0.0,0.10983947837943522,0.00011585735153114897,0.9426178499560645,0.005000000027179565,0.9868291554253411,0.10983947837943522
0.28700000000000014,0.015604678807618982,0.0,0.10984228477398165,0.00011351353631112997,0.9426770371954429,0.005000000025465304,0.9868563117412295,0.10984228477398165
0.2875000000000002,0.015605468281303192,0.0,0.10984508828896826,0.00011122019749335615,0.942736224473199,0.005000000023861265,0.9868834400496647,0.10984508828896826
0.28800000000000014,0.015606257754987403,0.0,0.10984788892424391,0.00010897650648528615,0.9427954117893337,0.00500000002236044,0.9869105403505923,0.10984788892424391
0.2885000000000002,0.015607047228671614,0.0,0.10985068667960808,0.00010678163469437658,0.9428545991438476,0.005000000020956247,0.9869376126439586,0.10985068667960808
0.28900000000000015,0.015607836702355824,0.0,0.10985348155490987,0.00010463475352808603,0.9429137865367415,0.005000000019642508,0.9869646569297091,0.10985348155490987
0.2895000000000002,0.015608626176040034,0.0,0.10985627354995893,0.00010253503439387114,0.9429729739680164,0.005000000018413425,0.9869916732077898,0.10985627354995893
0.29000000000000015,0.015609415649724245,0.0,0.10985906266460453,0.00010048164869919048,0.943032161437673,0.005000000017263558,0.9870186614781465,0.10985906266460453
0.2905000000000002,0.015610205123408456,0.0,0.10986184889865655,9.847376785150072e-05,0.9430913489457121,0.005000000016187802,0.9870456217407252,0.10986184889865655
0.29100000000000015,0.015610994597092667,0.0,0.10986463225195461,9.651056325826038e-05,0.9431505364921344,0.005000000015181373,0.9870725539954714,0.10986463225195461
0.2915000000000002,0.015611784070776877,0.0,0.10986741272430882,9.459120632692618e-05,0.943209724076941,0.005000000014239784,0.9870994582423314,0.10986741272430882
0.29200000000000015,0.015612573544461087,0.0,0.10987019031556892,9.271486846495661e-05,0.9432689117001324,0.005000000013358831,0.9871263344812505,0.10987019031556892
0.2925000000000002,0.015613363018145298,0.0,0.10987296502554522,9.088072107980842e-05,0.9433280993617096,0.005000000012534572,0.987153182712175,0.10987296502554522
0.29300000000000015,0.015614152491829509,0.0,0.10987573685407782,8.908793557894005e-05,0.9433872870616733,0.005000000011763316,0.9871800029350505,0.10987573685407782
0.2935000000000002,0.01561494196551372,0.0,0.10987850580099702,8.73356833698083e-05,0.9434464748000243,0.005000000011041607,0.9872067951498229,0.10987850580099702
0.29400000000000015,0.015615731439197929,0.0,0.10988127186611349,8.562313585987159e-05,0.9435056625767635,0.005000000010366206,0.987233559356438,0.10988127186611349
0.2945000000000002,0.01561652091288214,0.0,0.1098840350492874,8.394946445658671e-05,0.9435648503918915,0.005000000009734084,0.9872602955548416,0.1098840350492874
0.29500000000000015,0.01561731038656635,0.0,0.10988679535031978,8.231384056741207e-05,0.9436240382454094,0.005000000009142404,0.9872870037449798,0.10988679535031978
0.2955000000000002,0.015618099860250562,0.0,0.10988955276905127,8.071543559980453e-05,0.9436832261373178,0.00500000000858851,0.9873136839267981,0.10988955276905127
0.29600000000000015,0.01561888933393477,0.0,0.10989230730529297,7.915342096122242e-05,0.9437424140676176,0.005000000008069921,0.9873403361002424,0.10989230730529297
0.2965000000000002,0.015619678807618982,0.0,0.10989505895889563,7.762696805912263e-05,0.9438016020363096,0.005000000007584312,0.9873669602652587,0.10989505895889563
0.29700000000000015,0.015620468281303193,0.0,0.1098978077296904,7.613524830096346e-05,0.9438607900433945,0.0050000000071295115,0.9873935564217927,0.1098978077296904
0.2975000000000002,0.015621257754987404,0.0,0.10990055361748868,7.467743309420188e-05,0.9439199780888733,0.005000000006703489,0.9874201245697902,0.10990055361748868
0.29800000000000015,0.015622047228671613,0.0,0.10990329662213173,7.325269384629612e-05,0.9439791661727466,0.005000000006304345,0.9874466647091971,0.10990329662213173
0.2985000000000002,0.015622836702355824,0.0,0.10990603674345098,7.186020196470317e-05,0.9440383542950153,0.005000000005930305,0.987473176839959,0.10990603674345098
0.29900000000000015,0.015623626176040035,0.0,0.10990877398127798,7.049912885688126e-05,0.9440975424556801,0.00500000000557971,0.987499660962022,0.10990877398127798
0.2995000000000002,0.015624415649724246,0.0,0.10991150833542464,6.916864593028738e-05,0.944156730654742,0.005000000005251011,0.9875261170753319,0.10991150833542464
0.30000000000000016,0.015625205123408457,0.0,0.10991423980574248,6.786792459237974e-05,0.9442159188922017,0.00500000000494276,0.9875525451798344,0.10991423980574248
0.3005000000000002,0.015625994597092668,0.0,0.10991696839204368,6.659613625061539e-05,0.9442751071680601,0.005000000004653604,0.9875789452754752,0.10991696839204368
0.30100000000000016,0.015626784070776875,0.0,0.10991969409415032,6.535245231245246e-05,0.9443342954823178,0.00500000000438228,0.9876053173622004,0.10991969409415032
0.3015000000000002,0.015627573544461086,0.0,0.10992241691192423,6.413604418534806e-05,0.9443934838349758,0.005000000004127611,0.9876316614399556,0.10992241691192423
0.30200000000000016,0.015628363018145297,0.0,0.1099251368451877,6.29460832767603e-05,0.9444526722260348,0.005000000003888493,0.9876579775086867,0.1099251368451877
0.3025000000000002,0.015629152491829508,0.0,0.10992785389375336,6.178174099414626e-05,0.9445118606554956,0.005000000003663899,0.9876842655683394,0.10992785389375336
0.30300000000000016,0.01562994196551372,0.0,0.10993056805747342,6.0642188744964095e-05,0.9445710491233591,0.005000000003452871,0.9877105256188597,0.10993056805747342
0.3035000000000002,0.01563073143919793,0.0,0.1099332793361706,5.952659793667093e-05,0.944630237629626,0.005000000003254512,0.9877367576601932,0.1099332793361706
0.30400000000000016,0.01563152091288214,0.0,0.10993598772965778,5.843413997672482e-05,0.9446894261742972,0.005000000003067987,0.987762961692286,0.10993598772965778
0.3045000000000002,0.015632310386566352,0.0,0.10993869315185323,5.7379687251385745e-05,0.9447486147585041,0.00500000000289505,0.9877891377155833,0.10993869315185323
0.30500000000000016,0.01563309986025056,0.0,0.10994139568316166,5.634763110481951e-05,0.9448078033811871,0.005000000002732385,0.9878152857295612,0.10994139568316166
0.3055000000000002,0.01563388933393477,0.0,0.10994409533323687,5.533590852633054e-05,0.9448669920422181,0.005000000002579123,0.9878414057341086,0.10994409533323687
0.30600000000000016,0.01563467880761898,0.0,0.10994679210193199,5.434425527011829e-05,0.9449261807415975,0.0050000000024347305,0.9878674977291713,0.10994679210193199
0.3065000000000002,0.015635468281303192,0.0,0.10994948598915956,5.3372407090381305e-05,0.9449853694793251,0.005000000002298702,0.9878935617146946,0.10994948598915956
0.30700000000000016,0.015636257754987403,0.0,0.10995217699478278,5.242009974131902e-05,0.9450445582554011,0.005000000002170561,0.987919597690624,0.10995217699478278
0.3075000000000002,0.015637047228671614,0.0,0.10995486511868477,5.148706897713e-05,0.9451037470698257,0.005000000002049853,0.9879456056569054,0.10995486511868477
0.30800000000000016,0.015637836702355825,0.0,0.10995755036076854,5.057305055201367e-05,0.9451629359225988,0.005000000001936153,0.987971585613484,0.10995755036076854
0.3085000000000002,0.015638626176040036,0.0,0.10996023272091741,4.96777802201686e-05,0.9452221248137206,0.005000000001829057,0.9879975375603056,0.10996023272091741
0.30900000000000016,0.015639415649724243,0.0,0.1099629121989852,4.880099373579421e-05,0.9452813137431912,0.005000000001728183,0.9880234614973157,0.1099629121989852
0.3095000000000002,0.015640205123408454,0.0,0.10996558879490491,4.794242685308908e-05,0.9453405027110107,0.005000000001633172,0.9880493574244599,0.10996558879490491
0.31000000000000016,0.015640994597092665,0.0,0.10996826250856022,4.7101815326252607e-05,0.945399691717179,0.005000000001543683,0.9880752253416836,0.10996826250856022
0.3105000000000002,0.015641784070776876,0.0,0.10997093333979538,4.62788949094834e-05,0.9454588807616965,0.005000000001459395,0.9881010652489326,0.10997093333979538
0.31100000000000017,0.015642573544461087,0.0,0.10997360128854376,4.547340135698083e-05,0.945518069844563,0.0050000000013800065,0.9881268771461523,0.10997360128854376
0.3115000000000002,0.015643363018145298,0.0,0.10997626635466963,4.468507042294354e-05,0.9455772589657788,0.00500000000130523,0.9881526610332884,0.10997626635466963
0.31200000000000017,0.01564415249182951,0.0,0.1099789285380571,4.3913637861570865e-05,0.945636448125344,0.005000000001234796,0.9881784169102863,0.1099789285380571
0.3125000000000002,0.01564494196551372,0.0,0.10998158783861026,4.315883942706147e-05,0.9456956373232585,0.00500000000116845,0.9882041447770917,0.10998158783861026
0.31300000000000017,0.015645731439197928,0.0,0.10998424425618379,4.2420410873614676e-05,0.9457548265595225,0.005000000001105952,0.98822984463365,0.10998424425618379
0.3135000000000002,0.01564652091288214,0.0,0.10998689779069187,4.169808795542916e-05,0.9458140158341362,0.005000000001047077,0.9882555164799071,0.10998689779069187
0.31400000000000017,0.01564731038656635,0.0,0.10998954844203888,4.099160642670423e-05,0.9458732051470994,0.005000000000991609,0.988281160315808,0.10998954844203888
0.3145000000000002,0.01564809986025056,0.0,0.10999219621007,4.030070204163857e-05,0.9459323944984125,0.005000000000939349,0.9883067761412988,0.10999219621007
0.31500000000000017,0.01564888933393477,0.0,0.10999484109469973,3.96251105544315e-05,0.9459915838880755,0.005000000000890107,0.9883323639563248,0.10999484109469973
0.3155000000000002,0.015649678807618982,0.0,0.10999748309582294,3.8964567719281696e-05,0.9460507733160883,0.0050000000008437046,0.9883579237608316,0.10999748309582294
0.31600000000000017,0.015650468281303193,0.0,0.11000012221330492,3.8318809290388455e-05,0.9461099627824513,0.005000000000799972,0.9883834555547648,0.11000012221330492
0.3165000000000002,0.015651257754987404,0.0,0.11000275844703084,3.7687571021950495e-05,0.9461691522871645,0.005000000000758753,0.98840895933807,0.11000275844703084
0.31700000000000017,0.01565204722867161,0.0,0.11000539179690577,3.707058866816708e-05,0.9462283418302277,0.005000000000719898,0.9884344351106926,0.11000539179690577
0.3175000000000002,0.015652836702355823,0.0,0.11000802226281517,3.646759798323693e-05,0.9462875314116415,0.005000000000683266,0.9884598828725784,0.11000802226281517
0.31800000000000017,0.015653626176040034,0.0,0.11001064984465446,3.5878334721359324e-05,0.9463467210314055,0.005000000000648724,0.9884853026236727,0.11001064984465446
0.3185000000000002,0.015654415649724245,0.0,0.11001327454230929,3.5302534636732985e-05,0.9464059106895201,0.005000000000616149,0.9885106943639212,0.11001327454230929
0.3190000000000002,0.015655205123408455,0.0,0.11001589635565551,3.473993348355717e-05,0.9464651003859852,0.005000000000585423,0.9885360580932694,0.11001589635565551
0.31950000000000023,0.015655994597092666,0.0,0.11001851528458893,3.419026701603062e-05,0.9465242901208011,0.005000000000556436,0.988561393811663,0.11001851528458893
0.3200000000000002,0.015656784070776877,0.0,0.11002113132900541,3.365327098835259e-05,0.9465834798939677,0.005000000000529084,0.9885867015190474,0.11002113132900541
0.32050000000000023,0.01565757354446109,0.0,0.11002374448878122,3.3128681154721825e-05,0.9466426697054853,0.005000000000503269,0.9886119812153682,0.11002374448878122
0.3210000000000002,0.0156583630181453,0.0,0.11002635476381242,3.261623326933755e-05,0.9467018595553538,0.005000000000478901,0.988637232900571,0.11002635476381242
0.32150000000000023,0.015659152491829507,0.0,0.11002896215397548,3.211566308639855e-05,0.9467610494435733,0.005000000000455892,0.9886624565746014,0.11002896215397548
0.3220000000000002,0.015659941965513718,0.0,0.11003156665918656,3.162670636010403e-05,0.9468202393701439,0.005000000000434161,0.9886876522374048,0.11003156665918656
0.32250000000000023,0.01566073143919793,0.0,0.11003416827932233,3.114909884465278e-05,0.9468794293350659,0.005000000000413632,0.988712819888927,0.11003416827932233
0.3230000000000002,0.01566152091288214,0.0,0.11003676701426947,3.0682576294244e-05,0.9469386193383391,0.0050000000003942325,0.9887379595291133,0.11003676701426947
0.32350000000000023,0.01566231038656635,0.0,0.1100393628639247,3.0226874463076476e-05,0.9469978093799638,0.005000000000375896,0.9887630711579094,0.1100393628639247
0.3240000000000002,0.01566309986025056,0.0,0.11004195582816503,2.9781729105349417e-05,0.9470569994599399,0.005000000000358558,0.9887881547752608,0.11004195582816503
0.32450000000000023,0.015663889333934772,0.0,0.11004454590689731,2.9346875975261616e-05,0.9471161895782677,0.005000000000342159,0.9888132103811131,0.11004454590689731
0.3250000000000002,0.015664678807618983,0.0,0.11004713309998887,2.892205082701227e-05,0.9471753797349473,0.0050000000003266425,0.9888382379754119,0.11004713309998887
0.32550000000000023,0.01566546828130319,0.0,0.1100497174073369,2.8506989414800172e-05,0.9472345699299785,0.005000000000311957,0.9888632375581027,0.1100497174073369
0.3260000000000002,0.015666257754987402,0.0,0.11005229882884857,2.8101427492824513e-05,0.9472937601633616,0.005000000000298052,0.988888209129131,0.11005229882884857
0.32650000000000023,0.015667047228671613,0.0,0.11005487736441139,2.7705100815284106e-05,0.9473529504350967,0.00500000000028488,0.9889131526884425,0.11005487736441139
0.3270000000000002,0.015667836702355824,0.0,0.11005745301390303,2.7317745136378133e-05,0.9474121407451839,0.0050000000002723985,0.9889380682359826,0.11005745301390303
0.32750000000000024,0.015668626176040035,0.0,0.11006002577721127,2.6939096210305403e-05,0.9474713310936232,0.005000000000260566,0.988962955771697,0.11006002577721127
0.3280000000000002,0.015669415649724246,0.0,0.11006259565425364,2.6568889791265083e-05,0.9475305214804147,0.005000000000249343,0.9889878152955311,0.11006259565425364
0.32850000000000024,0.015670205123408457,0.0,0.11006516264489828,2.6206861633456024e-05,0.9475897119055586,0.005000000000238694,0.9890126468074306,0.11006516264489828
0.3290000000000002,0.015670994597092668,0.0,0.11006772674903331,2.5852747491077352e-05,0.947648902369055,0.005000000000228584,0.989037450307341,0.11006772674903331
0.32950000000000024,0.015671784070776875,0.0,0.11007028796653698,2.5506283118327938e-05,0.9477080928709039,0.00500000000021898,0.989062225795208,0.11007028796653698
0.3300000000000002,0.015672573544461086,0.0,0.11007284629733721,2.516720426940691e-05,0.9477672834111053,0.005000000000209854,0.9890869732709768,0.11007284629733721
0.33050000000000024,0.015673363018145297,0.0,0.11007540174132244,2.483524669851312e-05,0.9478264739896594,0.005000000000201175,0.9891116927345932,0.11007540174132244
0.3310000000000002,0.015674152491829508,0.0,0.11007795429836138,2.4510146159845715e-05,0.9478856646065663,0.005000000000192918,0.9891363841860028,0.11007795429836138
0.33150000000000024,0.01567494196551372,0.0,0.11008050396836248,2.419163840760354e-05,0.9479448552618261,0.005000000000185057,0.9891610476251511,0.11008050396836248
0.3320000000000002,0.01567573143919793,0.0,0.11008305075119476,2.3879459195985753e-05,0.948004045955439,0.005000000000177568,0.9891856830519836,0.11008305075119476
0.33250000000000024,0.01567652091288214,0.0,0.11008559464697469,2.357356782422116e-05,0.9480632366874022,0.005000000000170435,0.9892102904664448,0.11008559464697469
0.3330000000000002,0.01567731038656635,0.0,0.11008813565813474,2.3275240646552927e-05,0.9481224274576825,0.00500000000016367,0.9892348698684663,0.11008813565813474
0.33350000000000024,0.01567809986025056,0.0,0.11009067378451466,2.298314515251912e-05,0.9481816182662802,0.005000000000157228,0.9892594212579939,0.11009067378451466
0.3340000000000002,0.01567888933393477,0.0,0.11009320902613243,2.2697185619517264e-05,0.9482408091131944,0.005000000000151092,0.9892839446349729,0.11009320902613243
0.33450000000000024,0.01567967880761898,0.0,0.11009574138293685,2.2417266324944637e-05,0.9482999999984242,0.005000000000145247,0.9893084399993483,0.11009574138293685
0.3350000000000002,0.015680468281303192,0.0,0.1100982708548967,2.2143291546198758e-05,0.9483591909219686,0.0050000000001396774,0.9893329073510653,0.1100982708548967
0.33550000000000024,0.015681257754987403,0.0,0.1101007974419709,2.1875165560676903e-05,0.9484183818838269,0.005000000000134371,0.9893573466900691,0.1101007974419709
0.3360000000000002,0.015682047228671614,0.0,0.11010332114413836,2.1612792645776593e-05,0.948477572883998,0.005000000000129315,0.989381758016305,0.11010332114413836
0.33650000000000024,0.015682836702355825,0.0,0.11010584196135828,2.135607707889511e-05,0.9485367639224812,0.005000000000124495,0.9894061413297183,0.11010584196135828
0.3370000000000002,0.015683626176040036,0.0,0.11010835989360974,2.1104923137429962e-05,0.9485959549992753,0.005000000000119901,0.9894304966302538,0.11010835989360974
0.33750000000000024,0.015684415649724247,0.0,0.11011087494085223,2.0859235098778442e-05,0.9486551461143797,0.0050000000001155205,0.9894548239178572,0.11011087494085223
0.3380000000000002,0.015685205123408454,0.0,0.11011338710304525,2.0618917240338053e-05,0.9487143372677933,0.005000000000111344,0.9894791231924733,0.11011338710304525
0.33850000000000025,0.015685994597092665,0.0,0.1101158963801881,2.038387383950609e-05,0.9487735284595153,0.00500000000010736,0.9895033944540477,0.1101158963801881
0.3390000000000002,0.015686784070776876,0.0,0.11011840277223066,2.015400917368006e-05,0.9488327196895447,0.0050000000001035605,0.9895276377025252,0.11011840277223066
0.33950000000000025,0.015687573544461087,0.0,0.11012090627914274,1.9929227520257248e-05,0.9488919109578808,0.005000000000099935,0.9895518529378513,0.11012090627914274
0.3400000000000002,0.015688363018145298,0.0,0.11012340690090416,1.9709433156635164e-05,0.9489511022645225,0.005000000000096476,0.989576040159971,0.11012340690090416
0.34050000000000025,0.01568915249182951,0.0,0.11012590463747511,1.9494530360211105e-05,0.9490102936094689,0.005000000000093174,0.9896001993688297,0.11012590463747511
0.3410000000000002,0.01568994196551372,0.0,0.11012839948882572,1.928442340838256e-05,0.9490694849927191,0.005000000000090021,0.9896243305643726,0.11012839948882572
0.34150000000000025,0.01569073143919793,0.0,0.11013089145491636,1.9079016578546842e-05,0.9491286764142723,0.00500000000008701,0.9896484337465448,0.11013089145491636
0.3420000000000002,0.01569152091288214,0.0,0.11013338053571747,1.887821414810144e-05,0.9491878678741276,0.005000000000084135,0.9896725089152916,0.11013338053571747
0.34250000000000025,0.01569231038656635,0.0,0.11013586673122926,1.8681920394443663e-05,0.9492470593722839,0.005000000000081389,0.9896965560705581,0.11013586673122926
0.3430000000000002,0.01569309986025056,0.0,0.11013835004139265,1.849003959497099e-05,0.9493062509087405,0.005000000000078764,0.9897205752122897,0.11013835004139265
0.34350000000000025,0.01569388933393477,0.0,0.11014083046619824,1.8302476027080745e-05,0.9493654424834964,0.005000000000076255,0.9897445663404315,0.11014083046619824
0.3440000000000002,0.015694678807618982,0.0,0.11014330800559707,1.81191339681704e-05,0.9494246340965508,0.005000000000073857,0.9897685294549289,0.11014330800559707
0.34450000000000025,0.015695468281303193,0.0,0.11014578265956015,1.793991769563728e-05,0.9494838257479027,0.005000000000071563,0.989792464555727,0.11014578265956015
0.3450000000000002,0.015696257754987404,0.0,0.11014825442807841,1.7764731486878866e-05,0.9495430174375511,0.005000000000069368,0.9898163716427709,0.11014825442807841
0.34550000000000025,0.015697047228671615,0.0,0.11015072331109337,1.7593479619292465e-05,0.9496022091654953,0.0050000000000672675,0.989840250716006,0.11015072331109337
0.3460000000000002,0.015697836702355823,0.0,0.11015318930857639,1.7426066370275567e-05,0.9496614009317343,0.005000000000065258,0.9898641017753776,0.11015318930857639
0.34650000000000025,0.015698626176040033,0.0,0.11015565242053851,1.7262396017225487e-05,0.9497205927362672,0.005000000000063333,0.9898879248208308,0.11015565242053851
0.3470000000000002,0.015699415649724244,0.0,0.11015811264692167,1.7102372837539698e-05,0.9497797845790931,0.005000000000061489,0.9899117198523109,0.11015811264692167
0.34750000000000025,0.015700205123408455,0.0,0.11016056998769755,1.694590110861553e-05,0.9498389764602111,0.005000000000059722,0.989935486869763,0.11016056998769755
0.3480000000000002,0.015700994597092666,0.0,0.11016302444284788,1.679288510785045e-05,0.9498981683796203,0.005000000000058028,0.9899592258731325,0.11016302444284788
0.34850000000000025,0.015701784070776877,0.0,0.11016547601233471,1.6643229112641788e-05,0.9499573603373197,0.005000000000056404,0.9899829368623645,0.11016547601233471
0.3490000000000002,0.015702573544461088,0.0,0.11016792469613011,1.649683740038701e-05,0.9500165523333086,0.005000000000054846,0.9900066198374045,0.11016792469613011
0.34950000000000025,0.0157033630181453,0.0,0.11017037049420625,1.635361424848345e-05,0.9500757443675859,0.005000000000053351,0.9900302747981975,0.11017037049420625
0.3500000000000002,0.015704152491829507,0.0,0.11017281340652556,1.621346393432857e-05,0.9501349364401508,0.005000000000051914,0.9900539017446888,0.11017281340652556
0.35050000000000026,0.015704941965513718,0.0,0.11017525343321884,1.607688023262545e-05,0.9501941285510006,0.00500000000005054,0.990077500676823,0.11017525343321884
0.3510000000000002,0.01570573143919793,0.0,0.11017769057455566,1.5943988330318064e-05,0.9502533207001302,0.005000000000049229,0.9901010715945436,0.11017769057455566
0.35150000000000026,0.01570652091288214,0.0,0.1101801248304196,1.5813777935079384e-05,0.9503125128875402,0.005000000000047966,0.9901246144977965,0.1101801248304196
0.3520000000000002,0.01570731038656635,0.0,0.11018255620079333,1.568621194851864e-05,0.9503717051132291,0.005000000000046751,0.9901481293865269,0.11018255620079333
0.35250000000000026,0.01570809986025056,0.0,0.11018498468567947,1.556125327224496e-05,0.9504308973771959,0.005000000000045581,0.9901716162606796,0.11018498468567947
0.3530000000000002,0.015708889333934772,0.0,0.11018741028507084,1.5438864807867574e-05,0.9504900896794394,0.005000000000044455,0.9901950751202002,0.11018741028507084
0.35350000000000026,0.015709678807618983,0.0,0.11018983299896043,1.531900945699561e-05,0.9505492820199584,0.005000000000043372,0.9902185059650336,0.11018983299896043
0.3540000000000002,0.01571046828130319,0.0,0.11019225282731154,1.5201650121238301e-05,0.9506084743987517,0.005000000000042328,0.990241908795125,0.11019225282731154
0.35450000000000026,0.015711257754987402,0.0,0.11019466977016691,1.5086749702204772e-05,0.9506676668158183,0.005000000000041323,0.9902652836104195,0.11019466977016691
0.3550000000000002,0.015712047228671613,0.0,0.11019708382750003,1.4974271101504255e-05,0.9507268592711567,0.005000000000040356,0.9902886304108625,0.11019708382750003
0.35550000000000026,0.015712836702355824,0.0,0.11019949499931421,1.4864177220745878e-05,0.9507860517647659,0.005000000000039424,0.9903119491963988,0.11019949499931421
0.3560000000000002,0.015713626176040035,0.0,0.11020190328558321,1.475643096153887e-05,0.9508452442966449,0.005000000000038527,0.9903352399669739,0.11020190328558321
0.35650000000000026,0.015714415649724246,0.0,0.11020430868631059,1.465099522549236e-05,0.9509044368667922,0.005000000000037663,0.9903585027225328,0.11020430868631059
0.3570000000000002,0.015715205123408457,0.0,0.11020671120150005,1.4547832914215576e-05,0.9509636294752067,0.00500000000003683,0.9903817374630207,0.11020671120150005
0.35750000000000026,0.015715994597092667,0.0,0.11020911083112567,1.4446906929317653e-05,0.9510228221218875,0.005000000000036028,0.9904049441883829,0.11020911083112567
0.3580000000000002,0.015716784070776875,0.0,0.11021150757519138,1.4348180172407811e-05,0.951082014806833,0.005000000000035255,0.9904281228985644,0.11021150757519138
0.35850000000000026,0.015717573544461086,0.0,0.11021390143370123,1.425161554509519e-05,0.9511412075300423,0.00500000000003451,0.9904512735935104,0.11021390143370123
0.3590000000000002,0.015718363018145297,0.0,0.11021629240664947,1.415717594898901e-05,0.9512004002915141,0.0050000000000337925,0.9904743962731661,0.11021629240664947
0.35950000000000026,0.015719152491829508,0.0,0.11021868049402059,1.4064824285698406e-05,0.9512595930912473,0.0050000000000331,0.9904974909374769,0.11021868049402059
0.3600000000000002,0.01571994196551372,0.0,0.11022106569582887,1.3974523456832601e-05,0.9513187859292406,0.005000000000032433,0.9905205575863876,0.11022106569582887
0.36050000000000026,0.01572073143919793,0.0,0.11022344801203926,1.3886236364000733e-05,0.951377978805493,0.005000000000031791,0.9905435962198437,0.11022344801203926
0.3610000000000002,0.01572152091288214,0.0,0.11022582744266626,1.3799925908812022e-05,0.9514371717200032,0.0050000000000311705,0.9905666068377902,0.11022582744266626
0.36150000000000027,0.01572231038656635,0.0,0.11022820398771467,1.3715554992875606e-05,0.95149636467277,0.005000000000030573,0.9905895894401724,0.11022820398771467
0.3620000000000002,0.015723099860250563,0.0,0.11023057764715963,1.3633086517800704e-05,0.9515555576637923,0.005000000000029996,0.9906125440269354,0.11023057764715963
0.36250000000000027,0.01572388933393477,0.0,0.11023294842097643,1.3552483385196459e-05,0.9516147506930689,0.00500000000002944,0.9906354705980245,0.11023294842097643
0.3630000000000002,0.01572467880761898,0.0,0.11023531630921973,1.3473708496672083e-05,0.9516739437605986,0.005000000000028903,0.9906583691533848,0.11023531630921973
0.36350000000000027,0.015725468281303192,0.0,0.11023768131185513,1.3396724753836723e-05,0.9517331368663802,0.005000000000028385,0.9906812396929616,0.11023768131185513
0.3640000000000002,0.015726257754987403,0.0,0.1102400434288781,1.3321495058299591e-05,0.9517923300104125,0.005000000000027886,0.9907040822167001,0.1102400434288781
0.36450000000000027,0.015727047228671614,0.0,0.11024240266028418,1.3247982311669835e-05,0.9518515231926944,0.0050000000000274035,0.9907268967245454,0.11024240266028418
0.3650000000000002,0.015727836702355825,0.0,0.110244759006079,1.3176149415556664e-05,0.9519107164132247,0.005000000000026938,0.9907496832164429,0.110244759006079
0.36550000000000027,0.015728626176040036,0.0,0.11024711246623854,1.3105959271569226e-05,0.9519699096720022,0.005000000000026488,0.9907724416923375,0.11024711246623854
0.3660000000000002,0.015729415649724247,0.0,0.11024946304077858,1.3037374781316733e-05,0.9520291029690258,0.005000000000026054,0.9907951721521747,0.11024946304077858
0.36650000000000027,0.015730205123408454,0.0,0.11025181072966538,1.297035884640833e-05,0.9520882963042941,0.005000000000025634,0.9908178745958995,0.11025181072966538
0.3670000000000002,0.015730994597092665,0.0,0.11025415553294471,1.2904874368453231e-05,0.9521474896778062,0.005000000000025229,0.9908405490234573,0.11025415553294471
0.36750000000000027,0.015731784070776876,0.0,0.11025649745057317,1.2840884249060584e-05,0.9522066830895608,0.005000000000024837,0.9908631954347933,0.11025649745057317
0.3680000000000002,0.015732573544461087,0.0,0.11025883648257691,1.2778351389839596e-05,0.9522658765395566,0.005000000000024458,0.9908858138298526,0.11025883648257691
0.36850000000000027,0.015733363018145298,0.0,0.11026117262894256,1.2717238692399419e-05,0.9523250700277927,0.005000000000024092,0.9909084042085805,0.11026117262894256
0.3690000000000002,0.01573415249182951,0.0,0.11026350588965685,1.2657509058349259e-05,0.9523842635542675,0.005000000000023738,0.9909309665709222,0.11026350588965685
0.3695000000000003,0.01573494196551372,0.0,0.11026583626472643,1.2599125389298268e-05,0.9524434571189803,0.0050000000000233955,0.9909535009168229,0.11026583626472643
0.3700000000000002,0.01573573143919793,0.0,0.11026816375413831,1.254205058685565e-05,0.9525026507219296,0.005000000000023064,0.9909760072462279,0.11026816375413831
0.3705000000000003,0.01573652091288214,0.0,0.11027048835788947,1.2486247552630566e-05,0.9525618443631143,0.005000000000022743,0.9909984855590824,0.11027048835788947
0.3710000000000002,0.01573731038656635,0.0,0.11027281007600674,1.2431679188232211e-05,0.9526210380425333,0.005000000000022433,0.9910209358553317,0.11027281007600674
0.3715000000000003,0.01573809986025056,0.0,0.11027512890845766,1.2378308395269744e-05,0.9526802317601853,0.005000000000022132,0.991043358134921,0.11027512890845766
0.3720000000000002,0.01573888933393477,0.0,0.11027744485524947,1.232609807535237e-05,0.9527394255160693,0.005000000000021839,0.9910657523977954,0.11027744485524947
0.3725000000000003,0.015739678807618982,0.0,0.11027975791638958,1.2275011130089241e-05,0.9527986193101838,0.005000000000021557,0.9910881186439002,0.11027975791638958
0.3730000000000002,0.015740468281303193,0.0,0.11028206809186568,1.222501046108956e-05,0.9528578131425279,0.0050000000000212826,0.9911104568731808,0.11028206809186568
0.3735000000000003,0.015741257754987404,0.0,0.11028437538168535,1.2176058969962485e-05,0.9529170070131003,0.005000000000021016,0.9911327670855822,0.11028437538168535
0.3740000000000002,0.015742047228671615,0.0,0.11028667978582665,1.2128119558317219e-05,0.9529762009218999,0.005000000000020759,0.9911550492810499,0.11028667978582665
0.3745000000000003,0.015742836702355822,0.0,0.1102889813042677,1.2081239526648243e-05,0.9530353948689259,0.005000000000020508,0.9911773034595291,0.1102889813042677
0.3750000000000002,0.015743626176040033,0.0,0.11029127993698679,1.2035560763085493e-05,0.9530945888541774,0.005000000000020266,0.9911995296209654,0.11029127993698679
0.3755000000000003,0.015744415649724244,0.0,0.1102935756840415,1.1990825942693283e-05,0.9531537828776526,0.005000000000020031,0.9912217277653036,0.1102935756840415
0.3760000000000002,0.015745205123408455,0.0,0.11029586854541035,1.1947021069813321e-05,0.9532129769393505,0.005000000000019803,0.991243897892489,0.11029586854541035
0.3765000000000003,0.015745994597092666,0.0,0.11029815852109176,1.190413214878728e-05,0.9532721710392698,0.005000000000019582,0.991266040002467,0.11029815852109176
0.3770000000000002,0.015746784070776877,0.0,0.1103004456110843,1.1862145183956868e-05,0.9533313651774094,0.0050000000000193666,0.9912881540951827,0.1103004456110843
0.3775000000000003,0.015747573544461088,0.0,0.1103027298153668,1.1821046179663755e-05,0.9533905593537683,0.0050000000000191575,0.9913102401705816,0.1103027298153668
0.3780000000000002,0.0157483630181453,0.0,0.11030501113395785,1.1780821140249654e-05,0.9534497535683453,0.0050000000000189546,0.9913322982286089,0.11030501113395785
0.3785000000000003,0.01574915249182951,0.0,0.11030728956683655,1.1741456070056232e-05,0.9535089478211393,0.005000000000018758,0.9913543282692098,0.11030728956683655
0.3790000000000002,0.015749941965513718,0.0,0.11030956511398211,1.17029369734252e-05,0.9535681421121491,0.005000000000018566,0.9913763302923296,0.11030956511398211
0.3795000000000003,0.01575073143919793,0.0,0.1103118377754333,1.1665249854698232e-05,0.9536273364413738,0.00500000000001838,0.9913983042979139,0.1103118377754333
0.3800000000000002,0.01575152091288214,0.0,0.11031410755114975,1.1628380718217033e-05,0.953686530808812,0.0050000000000182,0.9914202502859075,0.11031410755114975
0.3805000000000003,0.01575231038656635,0.0,0.11031637444115062,1.1592315568323278e-05,0.9537457252144629,0.005000000000018024,0.9914421682562561,0.11031637444115062
0.3810000000000002,0.01575309986025056,0.0,0.11031863844541565,1.1557040409358673e-05,0.953804919658325,0.005000000000017854,0.9914640582089048,0.11031863844541565
0.3815000000000003,0.015753889333934772,0.0,0.11032089956393448,1.1522541245664892e-05,0.9538641141403976,0.005000000000017688,0.991485920143799,0.11032089956393448
0.38200000000000023,0.015754678807618983,0.0,0.11032315779673661,1.148880408158364e-05,0.9539233086606792,0.005000000000017528,0.9915077540608839,0.11032315779673661
0.3825000000000003,0.015755468281303194,0.0,0.11032541314377235,1.1455814921456596e-05,0.953982503219169,0.005000000000017372,0.9915295599601048,0.11032541314377235
0.38300000000000023,0.0157562577549874,0.0,0.11032766560504165,1.142355976962546e-05,0.9540416978158657,0.00500000000001722,0.9915513378414071,0.11032766560504165
0.3835000000000003,0.015757047228671613,0.0,0.11032991518058424,1.1392024630431912e-05,0.9541008924507681,0.005000000000017073,0.9915730877047362,0.11032991518058424
0.38400000000000023,0.015757836702355824,0.0,0.1103321618703607,1.1361195508217654e-05,0.9541600871238753,0.00500000000001693,0.9915948095500372,0.1103321618703607
0.3845000000000003,0.015758626176040035,0.0,0.11033440567438126,1.1331058407324362e-05,0.9542192818351861,0.005000000000016791,0.9916165033772555,0.11033440567438126
0.38500000000000023,0.015759415649724245,0.0,0.11033664659264636,1.1301599332093742e-05,0.9542784765846992,0.005000000000016656,0.9916381691863364,0.11033664659264636
0.3855000000000003,0.015760205123408456,0.0,0.11033888462512684,1.1272804286867471e-05,0.9543376713724139,0.005000000000016525,0.9916598069772253,0.11033888462512684
0.38600000000000023,0.015760994597092667,0.0,0.11034111977185311,1.124465927598725e-05,0.9543968661983286,0.005000000000016398,0.9916814167498674,0.11034111977185311
0.3865000000000003,0.01576178407077688,0.0,0.11034335203279624,1.1217150303794758e-05,0.9544560610624425,0.0050000000000162735,0.9917029985042082,0.11034335203279624
0.38700000000000023,0.015762573544461086,0.0,0.11034558140794724,1.1190263374631697e-05,0.9545152559647544,0.005000000000016153,0.9917245522401927,0.11034558140794724
0.3875000000000003,0.015763363018145297,0.0,0.11034780789732695,1.1163984492839747e-05,0.9545744509052632,0.005000000000016037,0.9917460779577666,0.11034780789732695
0.38800000000000023,0.015764152491829508,0.0,0.11035003150093656,1.1138299662760608e-05,0.9546336458839676,0.005000000000015923,0.991767575656875,0.11035003150093656
0.3885000000000003,0.01576494196551372,0.0,0.1103522522187575,1.111319488873596e-05,0.9546928409008667,0.005000000000015812,0.9917890453374633,0.1103522522187575
0.38900000000000023,0.01576573143919793,0.0,0.11035447005079116,1.1088656175107503e-05,0.9547520359559594,0.0050000000000157046,0.9918104869994768,0.11035447005079116
0.3895000000000003,0.01576652091288214,0.0,0.11035668499702914,1.1064669526216919e-05,0.9548112310492444,0.0050000000000156005,0.9918319006428609,0.11035668499702914
0.39000000000000024,0.01576731038656635,0.0,0.1103588970574731,1.1041220946405906e-05,0.9548704261807207,0.005000000000015499,0.9918532862675609,0.1103588970574731
0.3905000000000003,0.015768099860250562,0.0,0.11036110623212474,1.1018296440016145e-05,0.9549296213503872,0.0050000000000154,0.9918746438735221,0.11036110623212474
0.39100000000000024,0.01576888933393477,0.0,0.1103633125209463,1.0995882011389339e-05,0.9549888165582427,0.005000000000015304,0.9918959734606899,0.1103633125209463
0.3915000000000003,0.01576967880761898,0.0,0.11036551592399926,1.0973963664867164e-05,0.9550480118042861,0.005000000000015211,0.9919172750290096,0.11036551592399926
0.39200000000000024,0.015770468281303192,0.0,0.11036771644124604,1.0952527404791322e-05,0.9551072070885164,0.00500000000001512,0.9919385485784266,0.11036771644124604
0.3925000000000003,0.015771257754987403,0.0,0.11036991407269879,1.0931559235503494e-05,0.9551664024109323,0.0050000000000150315,0.9919597941088861,0.11036991407269879
0.39300000000000024,0.015772047228671614,0.0,0.11037210881834002,1.0911045161345381e-05,0.9552255977715327,0.005000000000014945,0.9919810116203337,0.11037210881834002
0.3935000000000003,0.015772836702355825,0.0,0.1103743006781722,1.089097118665866e-05,0.9552847931703167,0.005000000000014861,0.9920022011127145,0.1103743006781722
0.39400000000000024,0.015773626176040036,0.0,0.1103764896521979,1.0871323315785035e-05,0.955343988607283,0.005000000000014779,0.9920233625859741,0.1103764896521979
0.3945000000000003,0.015774415649724247,0.0,0.11037867574036032,1.0852179103842348e-05,0.9554031840824311,0.0050000000000147,0.9920444960400578,0.11037867574036032
0.39500000000000024,0.015775205123408454,0.0,0.11038085894263261,1.0833555524139642e-05,0.9554623795957602,0.005000000000014623,0.9920656014749114,0.11038085894263261
0.3955000000000003,0.015775994597092665,0.0,0.11038303925910684,1.0815306273529545e-05,0.9555215751472683,0.005000000000014548,0.9920866788904796,0.11038303925910684
0.39600000000000024,0.015776784070776876,0.0,0.11038521668975633,1.0797426226901313e-05,0.9555807707369544,0.0050000000000144755,0.9921077282867079,0.11038521668975633
0.3965000000000003,0.015777573544461087,0.0,0.11038739123458426,1.0779910259144186e-05,0.9556399663648174,0.0050000000000144035,0.9921287496635419,0.11038739123458426
0.39700000000000024,0.015778363018145298,0.0,0.110389562893584,1.076275324514742e-05,0.9556991620308561,0.005000000000014334,0.9921497430209266,0.110389562893584
0.3975000000000003,0.01577915249182951,0.0,0.11039173166673912,1.0745950059800252e-05,0.9557583577350698,0.0050000000000142665,0.9921707083588077,0.11039173166673912
0.39800000000000024,0.01577994196551372,0.0,0.11039389755405318,1.0729495577991936e-05,0.9558175534774571,0.0050000000000142006,0.9921916456771306,0.11039389755405318
0.3985000000000003,0.01578073143919793,0.0,0.11039606055551986,1.0713384674611714e-05,0.9558767492580171,0.005000000000014136,0.9922125549758405,0.11039606055551986
0.39900000000000024,0.015781520912882138,0.0,0.1103982206711132,1.0697612224548843e-05,0.9559359450767488,0.005000000000014073,0.9922334362548828,0.1103982206711132
0.3995000000000003,0.01578231038656635,0.0,0.11040037790085692,1.0682173102692557e-05,0.9559951409336511,0.0050000000000140115,0.9922542895142031,0.11040037790085692
0.40000000000000024,0.01578309986025056,0.0,0.11040253224474508,1.0667062183932114e-05,0.956054336828723,0.0050000000000139525,0.9922751147537466,0.11040253224474508
0.4005000000000003,0.01578388933393477,0.0,0.11040468370276196,1.0652274343156754e-05,0.9561135327619633,0.005000000000013894,0.9922959119734589,0.11040468370276196
0.40100000000000025,0.015784678807618982,0.0,0.11040683227490192,1.063780445525573e-05,0.9561727287333711,0.005000000000013837,0.9923166811732853,0.11040683227490192
0.4015000000000003,0.015785468281303193,0.0,0.11040897796115934,1.0623647395118283e-05,0.9562319247429453,0.005000000000013782,0.9923374223531711,0.11040897796115934
0.40200000000000025,0.015786257754987404,0.0,0.11041112076152881,1.0609798037633666e-05,0.9562911207906849,0.005000000000013728,0.992358135513062,0.11041112076152881
0.4025000000000003,0.015787047228671615,0.0,0.11041326067601491,1.059625125769112e-05,0.9563503168765888,0.005000000000013676,0.9923788206529032,0.11041326067601491
0.40300000000000025,0.015787836702355826,0.0,0.1104153977046025,1.0583001930179901e-05,0.9564095130006559,0.005000000000013625,0.99239947777264,0.1104153977046025
0.4035000000000003,0.015788626176040033,0.0,0.11041753184726669,1.0570044929989246e-05,0.9564687091628853,0.005000000000013575,0.9924201068722182,0.11041753184726669
0.40400000000000025,0.015789415649724244,0.0,0.11041966310404212,1.0557375132008411e-05,0.9565279053632759,0.005000000000013527,0.9924407079515828,0.11041966310404212
0.4045000000000003,0.015790205123408455,0.0,0.11042179147491406,1.0544987411126636e-05,0.9565871016018266,0.005000000000013479,0.9924612810106795,0.11042179147491406
0.40500000000000025,0.015790994597092666,0.0,0.11042391695987774,1.0532876642233174e-05,0.9566462978785363,0.005000000000013433,0.9924818260494536,0.11042391695987774
0.4055000000000003,0.015791784070776877,0.0,0.11042603955890874,1.0521037700217268e-05,0.9567054941934041,0.005000000000013388,0.9925023430678506,0.11042603955890874
0.40600000000000025,0.015792573544461088,0.0,0.11042815927203228,1.0509465459968168e-05,0.9567646905464289,0.0050000000000133445,0.9925228320658158,0.11042815927203228
0.4065000000000003,0.0157933630181453,0.0,0.11043027609922412,1.0498154796375118e-05,0.9568238869376096,0.005000000000013302,0.9925432930432947,0.11043027609922412
0.40700000000000025,0.01579415249182951,0.0,0.11043239004049987,1.0487100584327371e-05,0.956883083366945,0.005000000000013261,0.9925637260002328,0.11043239004049987
0.4075000000000003,0.015794941965513717,0.0,0.11043450109581571,1.0476297698714166e-05,0.9569422798344345,0.00500000000001322,0.9925841309365754,0.11043450109581571
0.40800000000000025,0.01579573143919793,0.0,0.11043660926520724,1.0465741014424759e-05,0.9570014763400767,0.005000000000013181,0.9926045078522681,0.11043660926520724
0.4085000000000003,0.01579652091288214,0.0,0.11043871454866065,1.0455425406348388e-05,0.9570606728838706,0.005000000000013143,0.9926248567472562,0.11043871454866065
0.40900000000000025,0.01579731038656635,0.0,0.11044081694618205,1.0445345749374309e-05,0.9571198694658153,0.005000000000013106,0.9926451776214851,0.11044081694618205
0.4095000000000003,0.01579809986025056,0.0,0.11044291645774792,1.043549691839176e-05,0.9571790660859095,0.00500000000001307,0.9926654704749004,0.11044291645774792
0.41000000000000025,0.015798889333934772,0.0,0.11044501308337455,1.0425873788289998e-05,0.9572382627441524,0.005000000000013035,0.9926857353074474,0.11044501308337455
0.4105000000000003,0.015799678807618983,0.0,0.11044710682303868,1.0416471233958262e-05,0.9572974594405428,0.005000000000013001,0.9927059721190716,0.11044710682303868
0.41100000000000025,0.015800468281303194,0.0,0.11044919767675679,1.0407284130285806e-05,0.9573566561750797,0.005000000000012967,0.9927261809097185,0.11044919767675679
0.4115000000000003,0.0158012577549874,0.0,0.11045128564449593,1.0398307352161872e-05,0.9574158529477621,0.005000000000012935,0.9927463616793335,0.11045128564449593
0.41200000000000025,0.015802047228671613,0.0,0.11045337072629265,1.0389535774475709e-05,0.9574750497585889,0.005000000000012904,0.992766514427862,0.11045337072629265
0.4125000000000003,0.015802836702355823,0.0,0.1104554529221341,1.0380964272116562e-05,0.9575342466075589,0.005000000000012873,0.9927866391552496,0.1104554529221341
0.41300000000000026,0.015803626176040034,0.0,0.1104575322320075,1.0372587719973684e-05,0.9575934434946713,0.005000000000012843,0.9928067358614415,0.1104575322320075
0.4135000000000003,0.015804415649724245,0.0,0.11045960865590017,1.0364400992936316e-05,0.9576526404199251,0.005000000000012814,0.9928268045463834,0.11045960865590017
0.41400000000000026,0.015805205123408456,0.0,0.11046168219383924,1.0356398965893709e-05,0.957711837383319,0.005000000000012786,0.9928468452100205,0.11046168219383924
0.4145000000000003,0.015805994597092667,0.0,0.11046375284580241,1.0348576513735107e-05,0.9577710343848521,0.005000000000012758,0.9928668578522987,0.11046375284580241
0.41500000000000026,0.015806784070776878,0.0,0.1104658206117972,1.0340928511349761e-05,0.9578302314245233,0.005000000000012731,0.992886842473163,0.1104658206117972
0.4155000000000003,0.015807573544461086,0.0,0.11046788549179158,1.0333449833626914e-05,0.9578894285023315,0.005000000000012705,0.992906799072559,0.11046788549179158
0.41600000000000026,0.015808363018145297,0.0,0.11046994748583298,1.0326135355455818e-05,0.9579486256182759,0.005000000000012679,0.9929267276504323,0.11046994748583298
0.4165000000000003,0.015809152491829508,0.0,0.11047200659389955,1.0318979951725715e-05,0.9580078227723551,0.005000000000012655,0.9929466282067282,0.11047200659389955
0.41700000000000026,0.01580994196551372,0.0,0.11047406281597945,1.0311978497325856e-05,0.9580670199645682,0.005000000000012631,0.9929665007413924,0.11047406281597945
0.4175000000000003,0.01581073143919793,0.0,0.1104761161520808,1.0305125867145486e-05,0.9581262171949143,0.005000000000012607,0.99298634525437,0.1104761161520808
0.41800000000000026,0.01581152091288214,0.0,0.11047816660220192,1.0298416936073854e-05,0.9581854144633922,0.005000000000012584,0.9930061617456069,0.11047816660220192
0.4185000000000003,0.01581231038656635,0.0,0.11048021416635118,1.0291846579000204e-05,0.9582446117700009,0.005000000000012561,0.9930259502150482,0.11048021416635118
0.41900000000000026,0.015813099860250562,0.0,0.11048225884449736,1.0285409670813788e-05,0.9583038091147393,0.0050000000000125396,0.9930457106626396,0.11048225884449736
0.4195000000000003,0.015813889333934773,0.0,0.11048430063641113,1.0279245271062408e-05,0.9583630064976099,0.005000000000012519,0.9930654430883277,0.11048430063641113
0.42000000000000026,0.01581467880761898,0.0,0.11048633954231929,1.0273200319048168e-05,0.958422203918608,0.005000000000012499,0.9930851474920568,0.11048633954231929
0.4205000000000003,0.015815468281303192,0.0,0.1104883755622604,1.0267270905385886e-05,0.9584814013777327,0.005000000000012479,0.9931048238737723,0.1104883755622604
0.42100000000000026,0.015816257754987403,0.0,0.11049040869620379,1.0261455629649416e-05,0.9585405988749831,0.00500000000001246,0.9931244722334198,0.11049040869620379
0.4215000000000003,0.015817047228671614,0.0,0.11049243894415844,1.0255753091412603e-05,0.9585997964103581,0.005000000000012441,0.9931440925709448,0.11049243894415844
0.42200000000000026,0.015817836702355825,0.0,0.11049446630610386,1.0250161890249302e-05,0.9586589939838568,0.0050000000000124225,0.9931636848862928,0.11049446630610386
0.4225000000000003,0.015818626176040036,0.0,0.11049649078202946,1.0244680625733363e-05,0.9587181915954783,0.005000000000012404,0.9931832491794095,0.11049649078202946
0.42300000000000026,0.015819415649724246,0.0,0.11049851237194468,1.0239307897438637e-05,0.9587773892452215,0.005000000000012386,0.9932027854502401,0.11049851237194468
0.4235000000000003,0.015820205123408457,0.0,0.11050053107582929,1.0234042304938975e-05,0.9588365869330856,0.0050000000000123695,0.9932222936987303,0.11050053107582929
0.42400000000000027,0.015820994597092665,0.0,0.11050254689365326,1.0228882447808227e-05,0.9588957846590697,0.005000000000012352,0.9932417739248257,0.11050254689365326
0.4245000000000003,0.015821784070776876,0.0,0.11050455982547594,1.0223826925620244e-05,0.9589549824231725,0.005000000000012337,0.9932612261284717,0.11050455982547594
0.42500000000000027,0.015822573544461087,0.0,0.1105065698712378,1.0218874337948877e-05,0.9590141802253933,0.00500000000001232,0.9932806503096139,0.1105065698712378
0.4255000000000003,0.015823363018145298,0.0,0.11050857703093893,1.0214023284367977e-05,0.9590733780657312,0.0050000000000123045,0.9933000464681977,0.11050857703093893
0.42600000000000027,0.01582415249182951,0.0,0.11051058130458943,1.0209272364451397e-05,0.9591325759441851,0.00500000000001229,0.9933194146041688,0.11051058130458943
0.4265000000000003,0.01582494196551372,0.0,0.11051258269217971,1.0204620177772981e-05,0.959191773860754,0.005000000000012275,0.9933387547174727,0.11051258269217971
0.42700000000000027,0.01582573143919793,0.0,0.1105145811937003,1.0200065323906588e-05,0.9592509718154372,0.00500000000001226,0.9933580668080548,0.1105145811937003
0.4275000000000003,0.01582652091288214,0.0,0.1105165768091418,1.0195606402426064e-05,0.9593101698082335,0.005000000000012246,0.9933773508758608,0.1105165768091418
0.42800000000000027,0.01582731038656635,0.0,0.11051856953847516,1.0191242012905262e-05,0.959369367839142,0.005000000000012233,0.9933966069208362,0.11051856953847516
0.4285000000000003,0.01582809986025056,0.0,0.11052055938175073,1.018697075491803e-05,0.9594285659081617,0.0050000000000122195,0.9934158349429265,0.11052055938175073
0.42900000000000027,0.01582888933393477,0.0,0.11052254633891984,1.0182791228038222e-05,0.9594877640152918,0.005000000000012207,0.9934350349420773,0.11052254633891984
0.4295000000000003,0.015829678807618982,0.0,0.11052453041000332,1.0178702031839687e-05,0.9595469621605311,0.005000000000012194,0.993454206918234,0.11052453041000332
0.43000000000000027,0.015830468281303193,0.0,0.11052651159497258,1.0174701765896278e-05,0.9596061603438789,0.005000000000012182,0.9934733508713424,0.11052651159497258
0.4305000000000003,0.015831257754987404,0.0,0.11052848989384868,1.0170789029781842e-05,0.9596653585653341,0.00500000000001217,0.9934924668013477,0.11052848989384868
0.43100000000000027,0.015832047228671615,0.0,0.11053046530660328,1.0166962423070233e-05,0.9597245568248957,0.005000000000012159,0.9935115547081957,0.11053046530660328
0.4315000000000003,0.015832836702355826,0.0,0.11053243783322791,1.0163220545335301e-05,0.9597837551225629,0.0050000000000121475,0.993530614591832,0.11053243783322791
0.4320000000000003,0.015833626176040033,0.0,0.11053440747373412,1.0159561996150899e-05,0.9598429534583345,0.005000000000012137,0.993549646452202,0.11053440747373412
0.43250000000000033,0.015834415649724244,0.0,0.11053637422810378,1.0155985375090873e-05,0.9599021518322098,0.005000000000012127,0.9935686502892513,0.11053637422810378
0.4330000000000003,0.015835205123408455,0.0,0.11053833809635857,1.0152489281729077e-05,0.9599613502441877,0.005000000000012116,0.9935876261029256,0.11053833809635857
0.43350000000000033,0.015835994597092666,0.0,0.11054029907847068,1.014907231563936e-05,0.9600205486942673,0.005000000000012107,0.9936065738931702,0.11054029907847068
0.4340000000000003,0.015836784070776877,0.0,0.11054225717445212,1.0145733076395576e-05,0.9600797471824476,0.005000000000012096,0.9936254936599308,0.11054225717445212
0.43450000000000033,0.015837573544461088,0.0,0.11054421238428525,1.0142470163571572e-05,0.9601389457087276,0.005000000000012088,0.9936443854031529,0.11054421238428525
0.4350000000000003,0.0158383630181453,0.0,0.11054616470796243,1.0139282176741202e-05,0.9601981442731065,0.005000000000012078,0.9936632491227823,0.11054616470796243
0.43550000000000033,0.01583915249182951,0.0,0.1105481141454861,1.0136167715478316e-05,0.9602573428755832,0.0050000000000120694,0.9936820848187642,0.1105481141454861
0.4360000000000003,0.015839941965513717,0.0,0.11055006069683897,1.0133125379356765e-05,0.9603165415161568,0.005000000000012062,0.9937008924910443,0.11055006069683897
0.43650000000000033,0.01584073143919793,0.0,0.11055200436204352,1.0130153767950397e-05,0.9603757401948263,0.005000000000012053,0.9937196721395684,0.11055200436204352
0.4370000000000003,0.01584152091288214,0.0,0.11055394514110253,1.0127251480833067e-05,0.9604349389115907,0.005000000000012045,0.9937384237642818,0.11055394514110253
0.43750000000000033,0.01584231038656635,0.0,0.11055588303397923,1.0124417117578623e-05,0.9604941376664492,0.005000000000012037,0.9937571473651301,0.11055588303397923
0.4380000000000003,0.01584309986025056,0.0,0.11055781804068654,1.0121649277760917e-05,0.9605533364594007,0.00500000000001203,0.993775842942059,0.11055781804068654
0.43850000000000033,0.015843889333934772,0.0,0.11055975016121766,1.01189465609538e-05,0.9606125352904443,0.005000000000012023,0.993794510495014,0.11055975016121766
0.4390000000000003,0.015844678807618983,0.0,0.11056167939557585,1.0116307566731121e-05,0.9606717341595791,0.005000000000012016,0.9938131500239408,0.11056167939557585
0.43950000000000033,0.015845468281303194,0.0,0.11056360574375453,1.0113730894666734e-05,0.960730933066804,0.00500000000001201,0.9938317615287847,0.11056360574375453
0.4400000000000003,0.0158462577549874,0.0,0.11056552920572743,1.0111215144334487e-05,0.9607901320121182,0.005000000000012003,0.9938503450094915,0.11056552920572743
0.44050000000000034,0.015847047228671612,0.0,0.11056744978153783,1.0108758915308232e-05,0.9608493309955205,0.005000000000011997,0.9938689004660067,0.11056744978153783
0.4410000000000003,0.015847836702355823,0.0,0.11056936747115965,1.010636080716182e-05,0.9609085300170103,0.0050000000000119905,0.993887427898276,0.11056936747115965
0.44150000000000034,0.015848626176040034,0.0,0.11057128227458685,1.0104019419469102e-05,0.9609677290765863,0.005000000000011985,0.9939059273062449,0.11057128227458685
0.4420000000000003,0.015849415649724245,0.0,0.11057319419182333,1.0101733351803929e-05,0.9610269281742477,0.005000000000011979,0.993924398689859,0.11057319419182333
0.44250000000000034,0.015850205123408456,0.0,0.11057510322286325,1.0099501203740148e-05,0.9610861273099937,0.005000000000011974,0.9939428420490639,0.11057510322286325
0.4430000000000003,0.015850994597092667,0.0,0.11057700936772072,1.0097321574851617e-05,0.9611453264838229,0.005000000000011969,0.9939612573838051,0.11057700936772072
0.44350000000000034,0.015851784070776878,0.0,0.11057891262636031,1.009519306471218e-05,0.9612045256957348,0.005000000000011964,0.9939796446940284,0.11057891262636031
0.4440000000000003,0.01585257354446109,0.0,0.11058081299879641,1.0093114272895693e-05,0.9612637249457282,0.005000000000011959,0.9939980039796792,0.11058081299879641
0.44450000000000034,0.015853363018145297,0.0,0.11058271048502359,1.0091083798976004e-05,0.9613229242338022,0.005000000000011954,0.9940163352407032,0.11058271048502359
0.4450000000000003,0.015854152491829508,0.0,0.11058460508505644,1.0089100242526964e-05,0.9613821235599558,0.00500000000001195,0.9940346384770459,0.11058460508505644
0.44550000000000034,0.01585494196551372,0.0,0.11058649679888978,1.0087162203122424e-05,0.961441322924188,0.005000000000011945,0.994052913688653,0.11058649679888978
0.4460000000000003,0.01585573143919793,0.0,0.11058838562651858,1.0085268280336236e-05,0.9615005223264981,0.005000000000011942,0.9940711608754701,0.11058838562651858
0.44650000000000034,0.01585652091288214,0.0,0.110590271567928,1.0083417073742248e-05,0.9615597217668849,0.005000000000011938,0.9940893800374427,0.110590271567928
0.4470000000000003,0.01585731038656635,0.0,0.11059215462312315,1.0081607182914316e-05,0.9616189212453475,0.005000000000011934,0.9941075711745166,0.11059215462312315
0.44750000000000034,0.015858099860250562,0.0,0.11059403479210926,1.0079837207426286e-05,0.961678120761885,0.005000000000011931,0.9941257342866373,0.11059403479210926
0.4480000000000003,0.015858889333934773,0.0,0.11059591207489168,1.007810574685201e-05,0.9617373203164963,0.005000000000011927,0.9941438693737503,0.11059591207489168
0.44850000000000034,0.01585967880761898,0.0,0.11059778647143617,1.0076411400765339e-05,0.9617965199091806,0.005000000000011924,0.9941619764358015,0.11059778647143617
0.4490000000000003,0.01586046828130319,0.0,0.11059965798178803,1.0074752768740124e-05,0.9618557195399368,0.00500000000001192,0.9941800554727361,0.11059965798178803
0.44950000000000034,0.015861257754987403,0.0,0.11060152660592315,1.0073128450350217e-05,0.961914919208764,0.005000000000011918,0.9941981064845001,0.11060152660592315
0.4500000000000003,0.015862047228671614,0.0,0.11060339234384739,1.0071537045169468e-05,0.9619741189156613,0.005000000000011914,0.9942161294710389,0.11060339234384739
0.45050000000000034,0.015862836702355824,0.0,0.11060525519555672,1.0069977152771727e-05,0.9620333186606277,0.005000000000011912,0.9942341244322982,0.11060525519555672
0.4510000000000003,0.015863626176040035,0.0,0.11060711516103737,1.0068447372730845e-05,0.9620925184436623,0.005000000000011909,0.9942520913682237,0.11060711516103737
0.45150000000000035,0.015864415649724246,0.0,0.11060897224031532,1.0066946304620674e-05,0.962151718264764,0.005000000000011906,0.9942700302787608,0.11060897224031532
0.4520000000000003,0.015865205123408457,0.0,0.11061082643337704,1.0065472548015064e-05,0.9622109181239319,0.005000000000011904,0.9942879411638553,0.11061082643337704
0.45250000000000035,0.015865994597092665,0.0,0.1106126777399809,1.006403885251489e-05,0.9622701180211679,0.005000000000011902,0.9943058240234536,0.1106126777399809
0.4530000000000003,0.015866784070776876,0.0,0.11061452616030208,1.0062636695500363e-05,0.9623293179564694,0.0050000000000118994,0.9943236788575008,0.11061452616030208
0.45350000000000035,0.015867573544461087,0.0,0.11061637169435709,1.0061262994092086e-05,0.9623885179298349,0.005000000000011898,0.9943415056659426,0.11061637169435709
0.4540000000000003,0.015868363018145298,0.0,0.11061821434214276,1.0059917349028816e-05,0.9624477179412636,0.005000000000011895,0.9943593044487244,0.11061821434214276
0.45450000000000035,0.01586915249182951,0.0,0.11062005410364614,1.0058599361049316e-05,0.9625069179907545,0.005000000000011893,0.994377075205792,0.11062005410364614
0.4550000000000003,0.01586994196551372,0.0,0.11062189097885435,1.0057308630892346e-05,0.9625661180783069,0.005000000000011892,0.994394817937091,0.11062189097885435
0.45550000000000035,0.01587073143919793,0.0,0.11062372496778439,1.0056044759296668e-05,0.9626253182039198,0.00500000000001189,0.994412532642567,0.11062372496778439
0.4560000000000003,0.01587152091288214,0.0,0.11062555607040382,1.0054807347001041e-05,0.9626845183675925,0.005000000000011888,0.9944302193221658,0.11062555607040382
0.45650000000000035,0.01587231038656635,0.0,0.11062738428671003,1.0053595994744227e-05,0.962743718569324,0.005000000000011886,0.994447877975833,0.11062738428671003
0.4570000000000003,0.01587309986025056,0.0,0.11062920961671044,1.0052410303264988e-05,0.9628029188091134,0.0050000000000118856,0.9944655086035143,0.11062920961671044
0.45750000000000035,0.01587388933393477,0.0,0.11063103206041265,1.0051249873302084e-05,0.9628621190869598,0.005000000000011884,0.9944831112051554,0.11063103206041265
0.4580000000000003,0.015874678807618982,0.0,0.11063285161778463,1.0050114305594273e-05,0.9629213194028625,0.005000000000011883,0.9945006857807018,0.11063285161778463
0.45850000000000035,0.015875468281303193,0.0,0.11063466828883418,1.0049003200880321e-05,0.9629805197568205,0.005000000000011882,0.9945182323300994,0.11063466828883418
0.4590000000000003,0.015876257754987404,0.0,0.1106364820735593,1.0047916159898985e-05,0.963039720148833,0.00500000000001188,0.9945357508532937,0.1106364820735593
0.45950000000000035,0.015877047228671615,0.0,0.11063829297194815,1.0046852783389027e-05,0.963098920578899,0.0050000000000118795,0.9945532413502304,0.11063829297194815
0.4600000000000003,0.015877836702355826,0.0,0.11064010098398905,1.004581267208921e-05,0.9631581210470178,0.005000000000011879,0.9945707038208552,0.11064010098398905
0.46050000000000035,0.015878626176040037,0.0,0.11064190610969024,1.0044795426738291e-05,0.9632173215531884,0.005000000000011879,0.9945881382651138,0.11064190610969024
0.4610000000000003,0.015879415649724244,0.0,0.11064370834902042,1.0043800648075034e-05,0.96327652209741,0.005000000000011878,0.9946055446829519,0.11064370834902042
0.46150000000000035,0.015880205123408455,0.0,0.11064550770201785,1.00428279368382e-05,0.9633357226796817,0.005000000000011877,0.9946229230743152,0.11064550770201785
0.4620000000000003,0.015880994597092666,0.0,0.11064730416866136,1.0041876893766546e-05,0.9633949233000026,0.005000000000011876,0.9946402734391493,0.11064730416866136
0.46250000000000036,0.015881784070776877,0.0,0.11064909774893984,1.0040947119598837e-05,0.9634541239583719,0.005000000000011876,0.9946575957773999,0.11064909774893984
0.4630000000000003,0.015882573544461088,0.0,0.1106508884428423,1.0040038215073833e-05,0.9635133246547888,0.005000000000011876,0.9946748900890127,0.1106508884428423
0.46350000000000036,0.0158833630181453,0.0,0.11065267625037767,1.0039149780930294e-05,0.9635725253892522,0.005000000000011875,0.9946921563739333,0.11065267625037767
0.4640000000000003,0.01588415249182951,0.0,0.11065446117155504,1.003828141790698e-05,0.9636317261617613,0.005000000000011875,0.9947093946321075,0.11065446117155504
0.46450000000000036,0.01588494196551372,0.0,0.11065624320633398,1.0037432726742655e-05,0.9636909269723154,0.005000000000011875,0.9947266048634811,0.11065624320633398
0.4650000000000003,0.015885731439197928,0.0,0.1106580223547238,1.0036603308176078e-05,0.9637501278209134,0.005000000000011875,0.9947437870679995,0.1106580223547238
0.46550000000000036,0.01588652091288214,0.0,0.11065979861674387,1.0035792762946009e-05,0.9638093287075545,0.005000000000011875,0.9947609412456087,0.11065979861674387
0.4660000000000003,0.01588731038656635,0.0,0.11066157199237389,1.0035000691791211e-05,0.963868529632238,0.005000000000011875,0.9947780673962542,0.11066157199237389
0.46650000000000036,0.01588809986025056,0.0,0.11066334248161366,1.0034226695450442e-05,0.9639277305949628,0.005000000000011875,0.9947951655198817,0.11066334248161366
0.4670000000000003,0.015888889333934772,0.0,0.11066511008445311,1.0033470374662467e-05,0.9639869315957282,0.005000000000011875,0.994812235616437,0.11066511008445311
0.46750000000000036,0.015889678807618983,0.0,0.11066687480090208,1.0032731330166043e-05,0.9640461326345332,0.005000000000011876,0.9948292776858657,0.11066687480090208
0.4680000000000003,0.015890468281303194,0.0,0.11066863663095075,1.0032009162699933e-05,0.964105333711377,0.005000000000011876,0.9948462917281136,0.11066863663095075
0.46850000000000036,0.015891257754987405,0.0,0.11067039557457949,1.0031303473002896e-05,0.9641645348262587,0.005000000000011877,0.9948632777431263,0.11067039557457949
0.4690000000000003,0.015892047228671612,0.0,0.1106721516317985,1.0030613861813695e-05,0.9642237359791774,0.005000000000011877,0.9948802357308496,0.1106721516317985
0.46950000000000036,0.015892836702355823,0.0,0.11067390480262806,1.0029939929871091e-05,0.9642829371701324,0.005000000000011878,0.9948971656912291,0.11067390480262806
0.4700000000000003,0.015893626176040034,0.0,0.11067565508703898,1.0029281277913843e-05,0.9643421383991225,0.005000000000011878,0.9949140676242106,0.11067565508703898
0.47050000000000036,0.015894415649724245,0.0,0.11067740248503191,1.0028637506680712e-05,0.9644013396661472,0.005000000000011879,0.9949309415297399,0.11067740248503191
0.4710000000000003,0.015895205123408456,0.0,0.11067914699661753,1.002800821691046e-05,0.9644605409712054,0.0050000000000118795,0.9949477874077625,0.11067914699661753
0.47150000000000036,0.015895994597092667,0.0,0.1106808886217769,1.002739300934185e-05,0.9645197423142962,0.00500000000001188,0.9949646052582242,0.1106808886217769
0.4720000000000003,0.015896784070776878,0.0,0.11068262736052095,1.0026791484713637e-05,0.9645789436954189,0.005000000000011881,0.9949813950810708,0.11068262736052095
0.47250000000000036,0.01589757354446109,0.0,0.11068436321284089,1.0026203243764589e-05,0.9646381451145725,0.005000000000011882,0.9949981568762478,0.11068436321284089
0.4730000000000003,0.015898363018145296,0.0,0.11068609617871812,1.0025627887233461e-05,0.9646973465717561,0.005000000000011883,0.9950148906437012,0.11068609617871812
0.47350000000000037,0.015899152491829507,0.0,0.11068782625818376,1.0025065015859016e-05,0.964756548066969,0.005000000000011884,0.9950315963833766,0.11068782625818376
0.4740000000000003,0.01589994196551372,0.0,0.11068955345121942,1.0024514230380016e-05,0.9648157496002102,0.005000000000011885,0.9950482740952196,0.11068955345121942
0.47450000000000037,0.01590073143919793,0.0,0.11069127775783665,1.002397513153522e-05,0.9648749511714788,0.0050000000000118856,0.995064923779176,0.11069127775783665
0.4750000000000003,0.01590152091288214,0.0,0.11069299917801727,1.0023447320063391e-05,0.9649341527807741,0.005000000000011886,0.9950815454351917,0.11069299917801727
0.47550000000000037,0.01590231038656635,0.0,0.11069471771176313,1.0022930396703289e-05,0.9649933544280951,0.005000000000011888,0.9950981390632121,0.11069471771176313
0.4760000000000003,0.015903099860250562,0.0,0.11069643335892732,1.002243113344427e-05,0.9650525561134429,0.005000000000011889,0.9951147046631837,0.11069643335892732
0.47650000000000037,0.015903889333934773,0.0,0.11069814611956147,1.0021945311728878e-05,0.9651117578368159,0.005000000000011891,0.9951312422350521,0.11069814611956147
0.4770000000000003,0.01590467880761898,0.0,0.1106998559937571,1.0021468811006054e-05,0.9651709595982119,0.005000000000011892,0.9951477517787625,0.1106998559937571
0.47750000000000037,0.01590546828130319,0.0,0.11070156298151648,1.0021001517226628e-05,0.9652301613976303,0.005000000000011893,0.9951642332942606,0.11070156298151648
0.4780000000000003,0.015906257754987402,0.0,0.1107032670828321,1.002054331634143e-05,0.9652893632350702,0.005000000000011894,0.9951806867814924,0.1107032670828321
0.47850000000000037,0.015907047228671613,0.0,0.11070496829767669,1.0020094094301285e-05,0.9653485651105309,0.005000000000011896,0.9951971122404035,0.11070496829767669
0.4790000000000003,0.015907836702355824,0.0,0.11070666662608267,1.0019653737057027e-05,0.9654077670240114,0.005000000000011897,0.9952135096709397,0.11070666662608267
0.47950000000000037,0.015908626176040035,0.0,0.11070836206799324,1.0019222130559482e-05,0.9654669689755113,0.005000000000011899,0.9952298790730468,0.11070836206799324
0.4800000000000003,0.015909415649724246,0.0,0.11071005462344102,1.001879916075948e-05,0.9655261709650296,0.0050000000000119,0.9952462204466705,0.11071005462344102
0.48050000000000037,0.015910205123408457,0.0,0.11071174429239926,1.001838471360785e-05,0.9655853729925654,0.005000000000011901,0.9952625337917567,0.11071174429239926
0.4810000000000003,0.015910994597092665,0.0,0.11071343107485117,1.001797867505542e-05,0.9656445750581181,0.005000000000011903,0.9952788191082509,0.11071343107485117
0.48150000000000037,0.015911784070776876,0.0,0.11071511497080992,1.0017580931053023e-05,0.9657037771616869,0.005000000000011905,0.995295076396099,0.11071511497080992
0.4820000000000003,0.015912573544461087,0.0,0.11071679598028872,1.0017191367551482e-05,0.9657629793032708,0.005000000000011906,0.995311305655247,0.11071679598028872
0.4825000000000004,0.015913363018145298,0.0,0.1107184741032315,1.001680987050163e-05,0.9658221814828694,0.005000000000011908,0.9953275068856403,0.1107184741032315
0.4830000000000003,0.01591415249182951,0.0,0.11072014933967159,1.0016436325854294e-05,0.9658813837004816,0.00500000000001191,0.995343680087225,0.11072014933967159
0.4835000000000004,0.01591494196551372,0.0,0.11072182168958287,1.0016070619560306e-05,0.9659405859561068,0.005000000000011912,0.9953598252599466,0.11072182168958287
0.4840000000000003,0.01591573143919793,0.0,0.11072349115296917,1.0015712637570492e-05,0.9659997882497441,0.005000000000011913,0.995375942403751,0.11072349115296917
0.4845000000000004,0.01591652091288214,0.0,0.11072515772981453,1.0015362265835683e-05,0.9660589905813928,0.005000000000011915,0.995392031518584,0.11072515772981453
0.4850000000000003,0.015917310386566352,0.0,0.11072682142011302,1.0015019390306707e-05,0.9661181929510521,0.005000000000011917,0.9954080926043914,0.11072682142011302
0.4855000000000004,0.01591809986025056,0.0,0.11072848222385889,1.0014683896934393e-05,0.966177395358721,0.0050000000000119185,0.9954241256611189,0.11072848222385889
0.4860000000000003,0.01591888933393477,0.0,0.11073014014107622,1.001435567166957e-05,0.9662365978043991,0.00500000000001192,0.9954401306887124,0.11073014014107622
0.4865000000000004,0.01591967880761898,0.0,0.1107317951717198,1.0014034600463068e-05,0.9662958002880855,0.005000000000011922,0.9954561076871176,0.1107317951717198
0.4870000000000003,0.015920468281303193,0.0,0.11073344731581389,1.0013720569265716e-05,0.9663550028097792,0.005000000000011924,0.9954720566562801,0.11073344731581389
0.4875000000000004,0.015921257754987404,0.0,0.11073509657332346,1.0013413464028342e-05,0.9664142053694796,0.005000000000011926,0.995487977596146,0.11073509657332346
0.4880000000000003,0.015922047228671615,0.0,0.11073674294428297,1.0013113170701775e-05,0.9664734079671858,0.005000000000011928,0.995503870506661,0.11073674294428297
0.4885000000000004,0.015922836702355826,0.0,0.11073838642864764,1.0012819575236844e-05,0.9665326106028973,0.00500000000001193,0.9955197353877708,0.11073838642864764
0.4890000000000003,0.015923626176040036,0.0,0.11074002702643232,1.001253256358438e-05,0.966591813276613,0.0050000000000119315,0.9955355722394212,0.11074002702643232
0.4895000000000004,0.015924415649724244,0.0,0.11074166473761234,1.001225202169521e-05,0.9666510159883323,0.005000000000011934,0.9955513810615582,0.11074166473761234
0.4900000000000003,0.015925205123408455,0.0,0.11074329956221267,1.0011977835520164e-05,0.9667102187380543,0.005000000000011936,0.9955671618541272,0.11074329956221267
0.4905000000000004,0.015925994597092666,0.0,0.11074493150022874,1.001170989101007e-05,0.9667694215257783,0.0050000000000119385,0.9955829146170744,0.11074493150022874
0.4910000000000003,0.015926784070776877,0.0,0.11074656055163615,1.0011448074115757e-05,0.9668286243515034,0.00500000000001194,0.9955986393503453,0.11074656055163615
0.4915000000000004,0.015927573544461088,0.0,0.11074818671644043,1.0011192270788056e-05,0.966887827215229,0.005000000000011942,0.9956143360538859,0.11074818671644043
0.4920000000000003,0.0159283630181453,0.0,0.11074980999462739,1.0010942366977794e-05,0.9669470301169543,0.0050000000000119445,0.9956300047276418,0.11074980999462739
0.4925000000000004,0.01592915249182951,0.0,0.11075143038621268,1.0010698248635802e-05,0.9670062330566783,0.005000000000011946,0.9956456453715591,0.11075143038621268
0.4930000000000003,0.01592994196551372,0.0,0.11075304789117242,1.0010459801712906e-05,0.9670654360344004,0.005000000000011949,0.9956612579855834,0.11075304789117242
0.4935000000000004,0.015930731439197928,0.0,0.11075466250949277,1.0010226912159939e-05,0.9671246390501198,0.0050000000000119515,0.9956768425696604,0.11075466250949277
0.4940000000000003,0.01593152091288214,0.0,0.11075627424120954,1.0009999465927726e-05,0.9671838421038357,0.005000000000011953,0.9956923991237361,0.11075627424120954
0.4945000000000004,0.01593231038656635,0.0,0.11075788308629925,1.00097773489671e-05,0.9672430451955473,0.005000000000011956,0.9957079276477562,0.11075788308629925
0.49500000000000033,0.01593309986025056,0.0,0.11075948904476819,1.0009560447228887e-05,0.9673022483252537,0.0050000000000119576,0.9957234281416665,0.11075948904476819
0.4955000000000004,0.015933889333934772,0.0,0.11076109211658314,1.0009348646663918e-05,0.9673614514929544,0.00500000000001196,0.9957389006054129,0.11076109211658314
0.49600000000000033,0.015934678807618983,0.0,0.11076269230176054,1.000914183322302e-05,0.9674206546986485,0.005000000000011963,0.9957543450389412,0.11076269230176054
0.4965000000000004,0.015935468281303194,0.0,0.11076428960030713,1.0008939892857021e-05,0.967479857942335,0.0050000000000119645,0.9957697614421972,0.11076428960030713
0.49700000000000033,0.015936257754987405,0.0,0.11076588401219989,1.0008742711516755e-05,0.9675390612240135,0.005000000000011967,0.9957851498151266,0.11076588401219989
0.4975000000000004,0.015937047228671612,0.0,0.11076747553743584,1.0008550175153048e-05,0.9675982645436828,0.00500000000001197,0.9958005101576753,0.11076747553743584
0.49800000000000033,0.015937836702355823,0.0,0.11076906417602198,1.0008362169716729e-05,0.9676574679013425,0.005000000000011972,0.9958158424697893,0.11076906417602198
0.4985000000000004,0.015938626176040034,0.0,0.11077064992797538,1.0008178581158628e-05,0.9677166712969916,0.005000000000011974,0.995831146751414,0.11077064992797538
0.49900000000000033,0.015939415649724245,0.0,0.1107722327932636,1.0007999295429571e-05,0.9677758747306293,0.005000000000011977,0.9958464230024956,0.1107722327932636
0.4995000000000004,0.015940205123408456,0.0,0.11077381277189403,1.000782419848039e-05,0.967835078202255,0.005000000000011979,0.9958616712229797,0.11077381277189403
0.5000000000000003,0.015940994597092667,0.0,0.11077538986387415,1.0007653176261916e-05,0.9678942817118678,0.005000000000011982,0.9958768914128123,0.11077538986387415
0.5005000000000004,0.015941784070776878,0.0,0.11077696406917187,1.0007486114724974e-05,0.9679534852594669,0.0050000000000119844,0.9958920835719391,0.11077696406917187
0.5010000000000003,0.01594257354446109,0.0,0.11077853538782467,1.0007322899820393e-05,0.9680126888450514,0.005000000000011986,0.995907247700306,0.11077853538782467
0.5015000000000004,0.0159433630181453,0.0,0.11078010381981063,1.0007163417499004e-05,0.9680718924686208,0.005000000000011989,0.9959223837978588,0.11078010381981063
0.5020000000000003,0.015944152491829507,0.0,0.11078166936509797,1.0007007553711636e-05,0.9681310961301741,0.005000000000011991,0.9959374918645432,0.11078166936509797
0.5025000000000004,0.015944941965513718,0.0,0.11078323202373448,1.0006855194409117e-05,0.9681902998297107,0.005000000000011994,0.9959525719003052,0.11078323202373448
0.5030000000000003,0.01594573143919793,0.0,0.11078479179570849,1.0006706225542278e-05,0.9682495035672296,0.005000000000011997,0.9959676239050905,0.11078479179570849
0.5035000000000004,0.01594652091288214,0.0,0.11078634868099853,1.0006560533061946e-05,0.9683087073427302,0.005000000000011999,0.9959826478788452,0.11078634868099853
0.5040000000000003,0.01594731038656635,0.0,0.11078790267962293,1.000641800291895e-05,0.9683679111562116,0.005000000000012002,0.9959976438215147,0.11078790267962293
0.5045000000000004,0.015948099860250562,0.0,0.11078945379157036,1.0006278521064121e-05,0.9684271150076731,0.005000000000012004,0.9960126117330452,0.11078945379157036
0.5050000000000003,0.015948889333934773,0.0,0.11079100201683953,1.0006141973448287e-05,0.9684863188971138,0.005000000000012007,0.9960275516133824,0.11079100201683953
0.5055000000000004,0.015949678807618984,0.0,0.11079254735543922,1.0006008246022275e-05,0.968545522824533,0.00500000000001201,0.996042463462472,0.11079254735543922
0.5060000000000003,0.01595046828130319,0.0,0.11079408980732866,1.0005877224736917e-05,0.9686047267899299,0.005000000000012012,0.9960573472802602,0.11079408980732866
0.5065000000000004,0.015951257754987402,0.0,0.11079562937256648,1.000574879554304e-05,0.9686639307933038,0.005000000000012015,0.9960722030666926,0.11079562937256648
0.5070000000000003,0.015952047228671613,0.0,0.11079716605111219,1.0005622844391476e-05,0.9687231348346539,0.005000000000012017,0.996087030821715,0.11079716605111219
0.5075000000000004,0.015952836702355824,0.0,0.11079869984298485,1.000549925723305e-05,0.9687823389139792,0.00500000000001202,0.9961018305452733,0.11079869984298485
0.5080000000000003,0.015953626176040035,0.0,0.11080023074797543,1.0005379670575762e-05,0.9688415430312819,0.005000000000012023,0.9961166022373141,0.11080023074797543
0.5085000000000004,0.015954415649724246,0.0,0.11080175876588488,1.000526560403403e-05,0.9689007471865635,0.005000000000012025,0.9961313458977838,0.11080175876588488
0.5090000000000003,0.015955205123408457,0.0,0.11080328389712982,1.000515355700031e-05,0.9689599513798179,0.005000000000012028,0.9961460615266269,0.11080328389712982
0.5095000000000004,0.015955994597092668,0.0,0.11080480614169015,1.00050435083898e-05,0.9690191556110447,0.005000000000012031,0.9961607491237894,0.11080480614169015
0.5100000000000003,0.015956784070776876,0.0,0.11080632549952603,1.00049354371177e-05,0.969078359880243,0.005000000000012034,0.996175408689217,0.11080632549952603
0.5105000000000004,0.015957573544461087,0.0,0.11080784197069703,1.0004829322099217e-05,0.9691375641874123,0.0050000000000120365,0.9961900402228556,0.11080784197069703
0.5110000000000003,0.015958363018145297,0.0,0.11080935555515359,1.0004725142249545e-05,0.9691967685325517,0.005000000000012039,0.9962046437246512,0.11080935555515359
0.5115000000000004,0.01595915249182951,0.0,0.11081086625290587,1.0004622876483889e-05,0.9692559729156606,0.005000000000012042,0.9962192191945496,0.11081086625290587
0.5120000000000003,0.01595994196551372,0.0,0.1108123740639244,1.0004522503717448e-05,0.9693151773367384,0.005000000000012044,0.9962337666324967,0.1108123740639244
0.5125000000000004,0.01596073143919793,0.0,0.11081387898819971,1.0004424002865425e-05,0.9693743817957846,0.005000000000012047,0.9962482860384385,0.11081387898819971
0.5130000000000003,0.01596152091288214,0.0,0.11081538102575221,1.0004327352843018e-05,0.9694335862927982,0.00500000000001205,0.9962627774123207,0.11081538102575221
0.5135000000000004,0.015962310386566352,0.0,0.11081688017655278,1.000423253256543e-05,0.9694927908277787,0.005000000000012053,0.9962772407540893,0.11081688017655278
0.5140000000000003,0.01596309986025056,0.0,0.11081837644058239,1.0004139520947861e-05,0.9695519954007255,0.0050000000000120556,0.9962916760636902,0.11081837644058239
0.5145000000000004,0.01596388933393477,0.0,0.11081986981785183,1.0004048296905513e-05,0.9696112000116378,0.005000000000012058,0.9963060833410693,0.11081986981785183
0.5150000000000003,0.01596467880761898,0.0,0.11082136030836215,1.0003958839353585e-05,0.969670404660515,0.005000000000012061,0.9963204625861724,0.11082136030836215
0.5155000000000004,0.015965468281303193,0.0,0.11082284791208469,1.000387112720728e-05,0.9697296093473564,0.005000000000012064,0.9963348137989454,0.11082284791208469
0.5160000000000003,0.015966257754987404,0.0,0.1108243326290207,1.0003785139381795e-05,0.9697888140721614,0.005000000000012067,0.9963491369793342,0.1108243326290207
0.5165000000000004,0.015967047228671614,0.0,0.11082581445916162,1.0003700854792335e-05,0.9698480188349293,0.0050000000000120694,0.9963634321272848,0.11082581445916162
0.5170000000000003,0.015967836702355825,0.0,0.11082729340250892,1.00036182523541e-05,0.9699072236356594,0.005000000000012072,0.9963776992427431,0.11082729340250892
0.5175000000000004,0.015968626176040036,0.0,0.11082876945904435,1.000353731098229e-05,0.969966428474351,0.0050000000000120755,0.9963919383256549,0.11082876945904435
0.5180000000000003,0.015969415649724244,0.0,0.11083024262873982,1.0003458009592106e-05,0.9700256333510036,0.005000000000012078,0.9964061493759662,0.11083024262873982
0.5185000000000004,0.015970205123408455,0.0,0.1108317129116369,1.0003380327098749e-05,0.9700848382656163,0.005000000000012081,0.9964203323936227,0.1108317129116369
0.5190000000000003,0.015970994597092666,0.0,0.11083318030770771,1.000330424241742e-05,0.9701440432181886,0.005000000000012083,0.9964344873785704,0.11083318030770771
0.5195000000000004,0.015971784070776877,0.0,0.11083464481694441,1.000322973446332e-05,0.9702032482087197,0.005000000000012087,0.9964486143307554,0.11083464481694441
0.5200000000000004,0.015972573544461088,0.0,0.11083610643933922,1.000315678215165e-05,0.970262453237209,0.005000000000012089,0.9964627132501233,0.11083610643933922
0.5205000000000004,0.0159733630181453,0.0,0.11083756517488448,1.000308536439761e-05,0.970321658303656,0.005000000000012092,0.9964767841366202,0.11083756517488448
0.5210000000000004,0.01597415249182951,0.0,0.11083902102357271,1.0003015460116401e-05,0.9703808634080598,0.0050000000000120955,0.996490826990192,0.11083902102357271
0.5215000000000004,0.01597494196551372,0.0,0.11084047398539644,1.0002947048223226e-05,0.9704400685504199,0.005000000000012098,0.9965048418107845,0.11084047398539644
0.5220000000000004,0.015975731439197928,0.0,0.11084192406033846,1.0002880107633284e-05,0.9704992737307354,0.005000000000012101,0.9965188285983437,0.11084192406033846
0.5225000000000004,0.01597652091288214,0.0,0.11084337124843134,1.0002814617261776e-05,0.9705584789490058,0.005000000000012104,0.9965327873528155,0.11084337124843134
0.5230000000000004,0.01597731038656635,0.0,0.11084481554963818,1.00027505560239e-05,0.9706176842052305,0.005000000000012107,0.9965467180741457,0.11084481554963818
0.5235000000000004,0.01597809986025056,0.0,0.11084625696397189,1.0002687902834864e-05,0.9706768894994087,0.005000000000012109,0.9965606207622805,0.11084625696397189
0.5240000000000004,0.015978889333934772,0.0,0.11084769549140579,1.0002626636609862e-05,0.9707360948315398,0.005000000000012113,0.9965744954171655,0.11084769549140579
0.5245000000000004,0.015979678807618983,0.0,0.11084913113194307,1.0002566736264099e-05,0.9707953002016231,0.005000000000012115,0.9965883420387467,0.11084913113194307
0.5250000000000004,0.015980468281303194,0.0,0.11085056388558705,1.0002508180712775e-05,0.9708545056096579,0.005000000000012118,0.9966021606269702,0.11085056388558705
0.5255000000000004,0.015981257754987405,0.0,0.1108519937523213,1.000245094887109e-05,0.9709137110556436,0.0050000000000121215,0.9966159511817817,0.1108519937523213
0.5260000000000004,0.015982047228671616,0.0,0.11085342073213944,1.0002395019654245e-05,0.9709729165395795,0.005000000000012124,0.9966297137031271,0.11085342073213944
0.5265000000000004,0.015982836702355823,0.0,0.11085484482503523,1.0002340371977441e-05,0.9710321220614649,0.0050000000000121276,0.9966434481909525,0.11085484482503523
0.5270000000000004,0.015983626176040034,0.0,0.11085626603102235,1.0002286984755879e-05,0.9710913276212992,0.00500000000001213,0.9966571546452038,0.11085626603102235
0.5275000000000004,0.015984415649724245,0.0,0.11085768435008483,1.000223483690476e-05,0.9711505332190817,0.005000000000012133,0.9966708330658268,0.11085768435008483
0.5280000000000004,0.015985205123408456,0.0,0.1108590997822168,1.0002183907339285e-05,0.9712097388548118,0.005000000000012136,0.9966844834527675,0.1108590997822168
0.5285000000000004,0.015985994597092667,0.0,0.11086051232741238,1.0002134174974654e-05,0.9712689445284888,0.005000000000012139,0.9966981058059717,0.11086051232741238
0.5290000000000004,0.015986784070776878,0.0,0.11086192198567585,1.000208561872607e-05,0.9713281502401119,0.005000000000012142,0.9967117001253856,0.11086192198567585
0.5295000000000004,0.01598757354446109,0.0,0.11086332875699169,1.000203821750873e-05,0.9713873559896805,0.005000000000012145,0.9967252664109549,0.11086332875699169
0.5300000000000004,0.015988363018145296,0.0,0.11086473264134453,1.000199195023784e-05,0.971446561777194,0.0050000000000121475,0.9967388046626257,0.11086473264134453
0.5305000000000004,0.015989152491829507,0.0,0.11086613363875879,1.0001946795828597e-05,0.9715057676026517,0.005000000000012151,0.9967523148803437,0.11086613363875879
0.5310000000000004,0.015989941965513718,0.0,0.11086753174920937,1.0001902733196202e-05,0.9715649734660531,0.005000000000012154,0.996765797064055,0.11086753174920937
0.5315000000000004,0.01599073143919793,0.0,0.11086892697271104,1.0001859741255858e-05,0.9716241793673972,0.005000000000012157,0.9967792512137054,0.11086892697271104
0.5320000000000004,0.01599152091288214,0.0,0.11087031930924884,1.0001817798922765e-05,0.9716833853066835,0.00500000000001216,0.996792677329241,0.11087031930924884
0.5325000000000004,0.01599231038656635,0.0,0.11087170875882785,1.0001776885112124e-05,0.9717425912839114,0.005000000000012163,0.9968060754106077,0.11087170875882785
0.5330000000000004,0.015993099860250562,0.0,0.11087309532142338,1.0001736978739135e-05,0.9718017972990801,0.005000000000012166,0.9968194454577514,0.11087309532142338
0.5335000000000004,0.015993889333934773,0.0,0.11087447899705068,1.0001698058719e-05,0.9718610033521891,0.005000000000012169,0.996832787470618,0.11087447899705068
0.5340000000000004,0.015994678807618984,0.0,0.11087585978570516,1.0001660103966918e-05,0.9719202094432374,0.005000000000012172,0.9968461014491534,0.11087585978570516
0.5345000000000004,0.01599546828130319,0.0,0.11087723768735264,1.0001623093398092e-05,0.9719794155722248,0.005000000000012175,0.9968593873933037,0.11087723768735264
0.5350000000000004,0.015996257754987402,0.0,0.11087861270204837,1.0001587005927722e-05,0.9720386217391502,0.005000000000012178,0.9968726453030147,0.11087861270204837
0.5355000000000004,0.015997047228671613,0.0,0.1108799848297385,1.0001551820471009e-05,0.9720978279440133,0.005000000000012181,0.9968858751782325,0.1108799848297385
0.5360000000000004,0.015997836702355824,0.0,0.11088135407045867,1.0001517515943154e-05,0.9721570341868132,0.005000000000012184,0.9968990770189028,0.11088135407045867
0.5365000000000004,0.015998626176040035,0.0,0.1108827204241751,1.0001484071259357e-05,0.9722162404675493,0.005000000000012187,0.9969122508249718,0.1108827204241751
0.5370000000000004,0.015999415649724246,0.0,0.11088408389090382,1.000145146533482e-05,0.9722754467862209,0.00500000000001219,0.9969253965963853,0.11088408389090382
0.5375000000000004,0.016000205123408457,0.0,0.11088544447063114,1.0001419677084744e-05,0.9723346531428274,0.0050000000000121935,0.9969385143330893,0.11088544447063114
0.5380000000000004,0.016000994597092668,0.0,0.11088680216336336,1.0001388685424329e-05,0.972393859537368,0.005000000000012196,0.9969516040350297,0.11088680216336336
0.5385000000000004,0.016001784070776875,0.0,0.11088815696906719,1.0001358469268776e-05,0.9724530659698423,0.0050000000000121995,0.9969646657021526,0.11088815696906719
0.5390000000000004,0.016002573544461086,0.0,0.11088950888778888,1.0001329007533287e-05,0.9725122724402493,0.005000000000012202,0.9969776993344037,0.11088950888778888
0.5395000000000004,0.016003363018145297,0.0,0.11089085791951522,1.000130027913306e-05,0.9725714789485885,0.005000000000012206,0.9969907049317291,0.11089085791951522
0.5400000000000004,0.01600415249182951,0.0,0.11089220406423311,1.00012722629833e-05,0.9726306854948592,0.005000000000012208,0.9970036824940748,0.11089220406423311
0.5405000000000004,0.01600494196551372,0.0,0.11089354732192955,1.0001244937999206e-05,0.9726898920790609,0.005000000000012212,0.9970166320213867,0.11089354732192955
0.5410000000000004,0.01600573143919793,0.0,0.1108948876926314,1.0001218283095978e-05,0.9727490987011926,0.005000000000012214,0.9970295535136107,0.1108948876926314
0.5415000000000004,0.01600652091288214,0.0,0.11089622517630605,1.0001192277188816e-05,0.972808305361254,0.005000000000012218,0.9970424469706928,0.11089622517630605
0.5420000000000004,0.016007310386566352,0.0,0.11089755977297065,1.0001166899192925e-05,0.9728675120592442,0.00500000000001222,0.9970553123925789,0.11089755977297065
0.5425000000000004,0.016008099860250563,0.0,0.11089889148262261,1.00011421280235e-05,0.9729267187951625,0.005000000000012224,0.9970681497792152,0.11089889148262261
0.5430000000000004,0.01600888933393477,0.0,0.11090022030523958,1.0001117942595748e-05,0.9729859255690083,0.0050000000000122264,0.9970809591305474,0.11090022030523958
0.5435000000000004,0.01600967880761898,0.0,0.1109015462408589,1.0001094321824866e-05,0.973045132380781,0.00500000000001223,0.9970937404465215,0.1109015462408589
0.5440000000000004,0.016010468281303192,0.0,0.11090286928946844,1.0001071244626057e-05,0.9731043392304799,0.005000000000012233,0.9971064937270836,0.11090286928946844
0.5445000000000004,0.016011257754987403,0.0,0.11090418945103621,1.0001048689914518e-05,0.9731635461181044,0.005000000000012236,0.9971192189721796,0.11090418945103621
0.5450000000000004,0.016012047228671614,0.0,0.11090550672560986,1.0001026636605456e-05,0.9732227530436536,0.0050000000000122394,0.9971319161817553,0.11090550672560986
0.5455000000000004,0.016012836702355825,0.0,0.11090682111313784,1.0001005063614067e-05,0.9732819600071271,0.005000000000012242,0.997144585355757,0.11090682111313784
0.5460000000000004,0.016013626176040036,0.0,0.11090813261365808,1.0000983949855552e-05,0.973341167008524,0.0050000000000122455,0.9971572264941304,0.11090813261365808
0.5465000000000004,0.016014415649724244,0.0,0.1109094412271391,1.0000963274245114e-05,0.9734003740478439,0.005000000000012248,0.9971698395968215,0.1109094412271391
0.5470000000000004,0.016015205123408455,0.0,0.11091074695361905,1.0000943015697955e-05,0.9734595811250858,0.005000000000012252,0.9971824246637764,0.11091074695361905
0.5475000000000004,0.016015994597092666,0.0,0.1109120497930667,1.0000923153129273e-05,0.9735187882402493,0.005000000000012255,0.9971949816949409,0.1109120497930667
0.5480000000000004,0.016016784070776877,0.0,0.11091334974550059,1.000090366545427e-05,0.9735779953933337,0.005000000000012258,0.9972075106902613,0.11091334974550059
0.5485000000000004,0.016017573544461088,0.0,0.11091464681090954,1.0000884531588146e-05,0.9736372025843382,0.005000000000012261,0.9972200116496831,0.11091464681090954
0.5490000000000004,0.0160183630181453,0.0,0.11091594098929246,1.0000865730446105e-05,0.9736964098132622,0.005000000000012264,0.9972324845731526,0.11091594098929246
0.5495000000000004,0.01601915249182951,0.0,0.11091723228066822,1.0000847240943343e-05,0.973755617080105,0.005000000000012267,0.9972449294606157,0.11091723228066822
0.5500000000000004,0.01601994196551372,0.0,0.11091852068500613,1.0000829041995064e-05,0.9738148243848661,0.00500000000001227,0.9972573463120183,0.11091852068500613
0.5505000000000004,0.01602073143919793,0.0,0.11091980620233526,1.000081111251647e-05,0.9738740317275446,0.005000000000012273,0.9972697351273067,0.11091980620233526
0.5510000000000004,0.01602152091288214,0.0,0.11092108883261519,1.0000793431422759e-05,0.97393323910814,0.005000000000012277,0.9972820959064264,0.11092108883261519
0.5515000000000004,0.01602231038656635,0.0,0.11092236857581561,1.0000776039648615e-05,0.9739924465266527,0.005000000000012279,0.9972944286493239,0.11092236857581561
0.5520000000000004,0.01602309986025056,0.0,0.11092364543132015,1.0000759352138348e-05,0.9740516539830898,0.005000000000012283,0.9973067333559468,0.11092364543132015
0.5525000000000004,0.01602388933393477,0.0,0.11092491939974443,1.000074297594691e-05,0.9741108614774425,0.005000000000012285,0.9973190100262393,0.11092491939974443
0.5530000000000004,0.016024678807618983,0.0,0.11092619048107834,1.0000726907478242e-05,0.9741700690097104,0.005000000000012289,0.9973312586601475,0.11092619048107834
0.5535000000000004,0.016025468281303194,0.0,0.11092745867529198,1.0000711143136287e-05,0.974229276579893,0.005000000000012292,0.9973434792576173,0.11092745867529198
0.5540000000000004,0.016026257754987405,0.0,0.11092872398240526,1.0000695679324986e-05,0.9742884841879897,0.005000000000012295,0.997355671818595,0.11092872398240526
0.5545000000000004,0.016027047228671615,0.0,0.11092998640240838,1.0000680512448281e-05,0.9743476918339999,0.005000000000012298,0.9973678363430263,0.11092998640240838
0.5550000000000004,0.016027836702355823,0.0,0.11093124593525197,1.0000665638910116e-05,0.9744068995179233,0.005000000000012302,0.9973799728308573,0.11093124593525197
0.5555000000000004,0.016028626176040034,0.0,0.11093250258098604,1.0000651055114435e-05,0.974466107239759,0.0050000000000123045,0.997392081282034,0.11093250258098604
0.5560000000000004,0.016029415649724245,0.0,0.11093375633957138,1.0000636757465175e-05,0.9745253149995067,0.005000000000012308,0.9974041616965026,0.11093375633957138
0.5565000000000004,0.016030205123408456,0.0,0.11093500721100857,1.0000622742366283e-05,0.9745845227971658,0.005000000000012311,0.9974162140742089,0.11093500721100857
0.5570000000000004,0.016030994597092667,0.0,0.1109362551953083,1.0000609006221698e-05,0.9746437306327356,0.005000000000012314,0.9974282384150989,0.1109362551953083
0.5575000000000004,0.016031784070776878,0.0,0.11093750029242169,1.0000595545435364e-05,0.9747029385062158,0.0050000000000123175,0.9974402347191188,0.11093750029242169
0.5580000000000004,0.01603257354446109,0.0,0.11093874250237952,1.0000582356411223e-05,0.9747621464176056,0.00500000000001232,0.9974522029862145,0.11093874250237952
0.5585000000000004,0.0160333630181453,0.0,0.11093998182515306,1.0000569435553217e-05,0.9748213543669048,0.005000000000012324,0.997464143216332,0.11093998182515306
0.5590000000000004,0.016034152491829507,0.0,0.11094121826073354,1.000055677926529e-05,0.9748805623541125,0.005000000000012327,0.9974760554094175,0.11094121826073354
0.5595000000000004,0.016034941965513718,0.0,0.11094245180914211,1.0000544383951382e-05,0.9749397703792282,0.00500000000001233,0.9974879395654168,0.11094245180914211
0.5600000000000004,0.01603573143919793,0.0,0.11094368247034045,1.0000532246015437e-05,0.9749989784422516,0.005000000000012333,0.997499795684276,0.11094368247034045
0.5605000000000004,0.01603652091288214,0.0,0.11094491024434996,1.0000520361861396e-05,0.9750581865431819,0.005000000000012336,0.9975116237659412,0.11094491024434996
0.5610000000000004,0.01603731038656635,0.0,0.11094613513113254,1.0000508727893202e-05,0.9751173946820187,0.005000000000012339,0.9975234238103583,0.11094613513113254
0.5615000000000004,0.016038099860250562,0.0,0.11094735713071971,1.0000497340514796e-05,0.9751766028587614,0.005000000000012343,0.9975351958174734,0.11094735713071971
0.5620000000000004,0.016038889333934773,0.0,0.11094857624308355,1.0000486196130122e-05,0.9752358110734094,0.005000000000012345,0.9975469397872325,0.11094857624308355
0.5625000000000004,0.016039678807618984,0.0,0.11094979246820617,1.0000475291143122e-05,0.9752950193259623,0.005000000000012349,0.9975586557195817,0.11094979246820617
0.5630000000000004,0.01604046828130319,0.0,0.11095100580607974,1.0000464621957738e-05,0.9753542276164194,0.005000000000012352,0.997570343614467,0.11095100580607974
0.5635000000000004,0.016041257754987402,0.0,0.11095221625674617,1.0000454184977912e-05,0.9754134359447802,0.005000000000012355,0.9975820034718343,0.11095221625674617
0.5640000000000004,0.016042047228671613,0.0,0.11095342382014822,1.0000443976607586e-05,0.9754726443110443,0.005000000000012358,0.9975936352916298,0.11095342382014822
0.5645000000000004,0.016042836702355824,0.0,0.1109546284963181,1.0000433993250704e-05,0.9755318527152109,0.005000000000012362,0.9976052390737995,0.1109546284963181
0.5650000000000004,0.016043626176040035,0.0,0.11095583028522854,1.0000424231311207e-05,0.9755910611572796,0.005000000000012364,0.9976168148182893,0.11095583028522854
0.5655000000000004,0.016044415649724246,0.0,0.11095702918687228,1.0000414687193038e-05,0.9756502696372498,0.005000000000012368,0.9976283625250454,0.11095702918687228
0.5660000000000004,0.016045205123408457,0.0,0.1109582252012521,1.0000405357300138e-05,0.975709478155121,0.005000000000012371,0.9976398821940138,0.1109582252012521
0.5665000000000004,0.016045994597092668,0.0,0.11095941832837092,1.0000396238036449e-05,0.9757686867108926,0.005000000000012374,0.9976513738251405,0.11095941832837092
0.5670000000000004,0.016046784070776875,0.0,0.11096060856818202,1.0000387325805915e-05,0.9758278953045642,0.005000000000012377,0.9976628374183716,0.11096060856818202
0.5675000000000004,0.016047573544461086,0.0,0.11096179592073822,1.0000378617012478e-05,0.975887103936135,0.005000000000012381,0.997674272973653,0.11096179592073822
0.5680000000000004,0.016048363018145297,0.0,0.110962980386003,1.000037010806008e-05,0.9759463126056046,0.005000000000012383,0.9976856804909309,0.110962980386003
0.5685000000000004,0.016049152491829508,0.0,0.11096416196398967,1.0000361795352663e-05,0.9760055213129725,0.005000000000012387,0.9976970599701511,0.11096416196398967
0.5690000000000004,0.01604994196551372,0.0,0.11096534065467185,1.000035367529417e-05,0.9760647300582381,0.00500000000001239,0.99770841141126,0.11096534065467185
0.5695000000000005,0.01605073143919793,0.0,0.11096651645806309,1.0000345744288541e-05,0.9761239388414008,0.005000000000012393,0.9977197348142033,0.11096651645806309
0.5700000000000004,0.01605152091288214,0.0,0.11096768937413723,1.0000337998739722e-05,0.9761831476624602,0.0050000000000123964,0.9977310301789273,0.11096768937413723
0.5705000000000005,0.016052310386566352,0.0,0.11096885940291798,1.0000330435051653e-05,0.9762423565214156,0.0050000000000124,0.9977422975053779,0.11096885940291798
0.5710000000000004,0.01605309986025056,0.0,0.1109700265443695,1.0000323049628276e-05,0.9763015654182664,0.0050000000000124025,0.9977535367935012,0.1109700265443695
0.5715000000000005,0.01605388933393477,0.0,0.11097119079852563,1.0000315838873534e-05,0.9763607743530123,0.005000000000012406,0.9977647480432432,0.11097119079852563
0.5720000000000004,0.01605467880761898,0.0,0.11097235216536072,1.0000308799191371e-05,0.9764199833256525,0.0050000000000124094,0.99777593125455,0.11097235216536072
0.5725000000000005,0.016055468281303192,0.0,0.11097351064486907,1.0000301926985726e-05,0.9764791923361866,0.005000000000012412,0.9977870864273676,0.11097351064486907
0.5730000000000004,0.016056257754987403,0.0,0.11097466623705508,1.0000295218660543e-05,0.9765384013846141,0.0050000000000124155,0.9977982135616421,0.11097466623705508
0.5735000000000005,0.016057047228671614,0.0,0.11097581894191329,1.0000288670619764e-05,0.9765976104709343,0.005000000000012419,0.9978093126573195,0.11097581894191329
0.5740000000000004,0.016057836702355825,0.0,0.1109769687594483,1.000028227926733e-05,0.9766568195951467,0.005000000000012422,0.9978203837143459,0.1109769687594483
0.5745000000000005,0.016058626176040036,0.0,0.11097811568963505,1.0000276041007188e-05,0.9767160287572508,0.005000000000012425,0.9978314267326673,0.11097811568963505
0.5750000000000004,0.016059415649724247,0.0,0.11097925973248826,1.0000269952243276e-05,0.9767752379572461,0.0050000000000124285,0.9978424417122298,0.11097925973248826
0.5755000000000005,0.016060205123408455,0.0,0.1109804008879831,1.0000264009379536e-05,0.9768344471951319,0.005000000000012432,0.9978534286529794,0.1109804008879831
0.5760000000000004,0.016060994597092666,0.0,0.11098153915613454,1.0000258208819912e-05,0.9768936564709079,0.005000000000012435,0.9978643875548623,0.11098153915613454
0.5765000000000005,0.016061784070776877,0.0,0.11098267453695772,1.0000252546968346e-05,0.9769528657845732,0.005000000000012438,0.9978753184178244,0.11098267453695772
0.5770000000000004,0.016062573544461087,0.0,0.11098380703043803,1.000024702022878e-05,0.9770120751361274,0.0050000000000124415,0.9978862212418118,0.11098380703043803
0.5775000000000005,0.0160633630181453,0.0,0.11098493663655105,1.0000241625005158e-05,0.9770712845255701,0.005000000000012444,0.9978970960267706,0.11098493663655105
0.5780000000000004,0.01606415249182951,0.0,0.11098606335531226,1.0000236357701419e-05,0.9771304939529007,0.005000000000012448,0.9979079427726467,0.11098606335531226
0.5785000000000005,0.01606494196551372,0.0,0.11098718718671735,1.0000231214721508e-05,0.9771897034181185,0.005000000000012451,0.9979187614793864,0.11098718718671735
0.5790000000000004,0.01606573143919793,0.0,0.11098830813076212,1.0000226192469366e-05,0.9772489129212232,0.005000000000012454,0.9979295521469357,0.11098830813076212
0.5795000000000005,0.01606652091288214,0.0,0.11098942618742261,1.0000221287348935e-05,0.977308122462214,0.005000000000012457,0.9979403147752405,0.11098942618742261
0.5800000000000004,0.01606731038656635,0.0,0.11099054135675449,1.0000216495764159e-05,0.9773673320410904,0.005000000000012461,0.997951049364247,0.11099054135675449
0.5805000000000005,0.01606809986025056,0.0,0.11099165363871413,1.0000211814118978e-05,0.9774265416578519,0.005000000000012464,0.9979617559139012,0.11099165363871413
0.5810000000000004,0.01606888933393477,0.0,0.11099276303329783,1.0000207238817337e-05,0.9774857513124982,0.005000000000012467,0.9979724344241493,0.11099276303329783
0.5815000000000005,0.016069678807618983,0.0,0.11099386954052182,1.0000202766263175e-05,0.9775449610050283,0.00500000000001247,0.9979830848949373,0.11099386954052182
0.5820000000000004,0.016070468281303193,0.0,0.11099497316037266,1.0000198392860438e-05,0.9776041707354419,0.005000000000012474,0.9979937073262111,0.11099497316037266
0.5825000000000005,0.016071257754987404,0.0,0.11099607389285687,1.0000194115013066e-05,0.9776633805037385,0.005000000000012476,0.9980043017179169,0.11099607389285687
0.5830000000000004,0.016072047228671615,0.0,0.1109971717379712,1.0000189929125002e-05,0.9777225903099174,0.00500000000001248,0.9980148680700008,0.1109971717379712
0.5835000000000005,0.016072836702355823,0.0,0.11099826669569261,1.0000185831600187e-05,0.9777818001539781,0.005000000000012483,0.9980254063824089,0.11099826669569261
0.5840000000000004,0.016073626176040034,0.0,0.11099935876604783,1.0000181818842565e-05,0.9778410100359202,0.005000000000012487,0.9980359166550873,0.11099935876604783
0.5845000000000005,0.016074415649724245,0.0,0.11100044794903392,1.0000177887256077e-05,0.9779002199557429,0.005000000000012489,0.9980463988879819,0.11100044794903392
0.5850000000000004,0.016075205123408456,0.0,0.11100153424464808,1.0000174033244666e-05,0.9779594299134459,0.005000000000012493,0.9980568530810388,0.11100153424464808
0.5855000000000005,0.016075994597092667,0.0,0.11100261765288756,1.0000170253212274e-05,0.9780186399090285,0.005000000000012496,0.9980672792342041,0.11100261765288756
0.5860000000000004,0.016076784070776878,0.0,0.11100369817374979,1.0000166543562845e-05,0.9780778499424901,0.0050000000000125,0.998077677347424,0.11100369817374979
0.5865000000000005,0.01607757354446109,0.0,0.11100477580722234,1.0000162900700318e-05,0.9781370600138304,0.005000000000012502,0.9980880474206446,0.11100477580722234
0.5870000000000004,0.0160783630181453,0.0,0.11100585055333266,1.0000159321028639e-05,0.9781962701230486,0.005000000000012506,0.9980983894538117,0.11100585055333266
0.5875000000000005,0.016079152491829507,0.0,0.11100692241158158,1.0000155691227088e-05,0.9782554802701502,0.005000000000012509,0.9981087034468726,0.11100692241158158
0.5880000000000004,0.016079941965513718,0.0,0.11100799138218562,1.0000152079089484e-05,0.9783146904551325,0.005000000000012512,0.9981189893997732,0.11100799138218562
0.5885000000000005,0.01608073143919793,0.0,0.11100905746539114,1.000014855918729e-05,0.9783739006779913,0.005000000000012515,0.9981292473124584,0.11100905746539114
0.5890000000000004,0.01608152091288214,0.0,0.1110101206612062,1.0000145129825862e-05,0.9784331109387263,0.005000000000012519,0.9981394771848748,0.1110101206612062
0.5895000000000005,0.01608231038656635,0.0,0.11101118096960912,1.0000141789310566e-05,0.9784923212373369,0.005000000000012522,0.9981496790169684,0.11101118096960912
0.5900000000000004,0.016083099860250562,0.0,0.11101223839059819,1.0000138535946758e-05,0.9785515315738227,0.005000000000012525,0.9981598528086851,0.11101223839059819
0.5905000000000005,0.016083889333934773,0.0,0.111013292924152,1.0000135368039798e-05,0.9786107419481833,0.005000000000012528,0.9981699985599711,0.111013292924152
0.5910000000000004,0.016084678807618984,0.0,0.111014344570279,1.0000132283895051e-05,0.9786699523604183,0.005000000000012532,0.9981801162707727,0.111014344570279
0.5915000000000005,0.016085468281303195,0.0,0.1110153933289679,1.0000129281817872e-05,0.9787291628105272,0.005000000000012535,0.9981902059410358,0.1110153933289679
0.5920000000000004,0.016086257754987402,0.0,0.11101643920017773,1.0000126360113625e-05,0.9787883732985097,0.005000000000012538,0.9982002675707065,0.11101643920017773
0.5925000000000005,0.016087047228671613,0.0,0.1110174821839471,1.0000123517087669e-05,0.9788475838243653,0.005000000000012541,0.998210301159731,0.1110174821839471
0.5930000000000004,0.016087836702355824,0.0,0.11101852228024521,1.0000120751045365e-05,0.9789067943880936,0.005000000000012545,0.9982203067080554,0.11101852228024521
0.5935000000000005,0.016088626176040035,0.0,0.11101955948907116,1.0000118060292071e-05,0.9789660049896941,0.005000000000012548,0.9982302842156257,0.11101955948907116
0.5940000000000004,0.016089415649724246,0.0,0.11102059381040429,1.000011544313315e-05,0.9790252156291666,0.005000000000012551,0.9982402336823881,0.11102059381040429
0.5945000000000005,0.016090205123408457,0.0,0.11102162524424394,1.0000112897873963e-05,0.9790844263065104,0.005000000000012554,0.9982501551082889,0.11102162524424394
0.5950000000000004,0.016090994597092668,0.0,0.11102265379058955,1.0000110422819867e-05,0.9791436370217251,0.005000000000012558,0.9982600484932738,0.11102265379058955
0.5955000000000005,0.01609178407077688,0.0,0.11102367944943076,1.0000108016276226e-05,0.9792028477748105,0.005000000000012561,0.9982699138372891,0.11102367944943076
0.5960000000000004,0.016092573544461086,0.0,0.11102470222071756,1.0000105676548396e-05,0.9792620585657661,0.005000000000012564,0.9982797511402811,0.11102470222071756
0.5965000000000005,0.016093363018145297,0.0,0.11102572210450933,1.0000103401941742e-05,0.9793212693945913,0.005000000000012567,0.9982895604021957,0.11102572210450933
0.5970000000000004,0.016094152491829508,0.0,0.11102673910076624,1.0000101190761622e-05,0.9793804802612859,0.005000000000012571,0.9982993416229791,0.11102673910076624
0.5975000000000005,0.01609494196551372,0.0,0.11102775320948832,1.0000099041313397e-05,0.9794396911658493,0.005000000000012574,0.9983090948025773,0.11102775320948832
0.5980000000000004,0.01609573143919793,0.0,0.11102876443065582,1.0000096951902426e-05,0.9794989021082812,0.005000000000012577,0.9983188199409366,0.11102876443065582
0.5985000000000005,0.01609652091288214,0.0,0.11102977276426897,1.0000094920834072e-05,0.9795581130885811,0.00500000000001258,0.9983285170380031,0.11102977276426897
0.5990000000000004,0.016097310386566352,0.0,0.11103077821032813,1.0000092946413692e-05,0.9796173241067486,0.005000000000012584,0.9983381860937227,0.11103077821032813
0.5995000000000005,0.016098099860250563,0.0,0.11103178076880396,1.0000091026946649e-05,0.9796765351627834,0.005000000000012587,0.9983478271080417,0.11103178076880396
0.6000000000000004,0.01609888933393477,0.0,0.11103278043969703,1.0000089160738303e-05,0.9797357462566849,0.00500000000001259,0.9983574400809062,0.11103278043969703
0.6005000000000004,0.01609967880761898,0.0,0.11103377722302794,1.0000087346094014e-05,0.9797949573884527,0.005000000000012593,0.9983670250122623,0.11103377722302794
0.6010000000000004,0.016100468281303192,0.0,0.11103477111876767,1.000008558131914e-05,0.9798541685580864,0.005000000000012597,0.998376581902056,0.11103477111876767
0.6015000000000005,0.016101257754987403,0.0,0.11103576212690722,1.0000083864719046e-05,0.9799133797655857,0.0050000000000126,0.9983861107502336,0.11103576212690722
0.6020000000000004,0.016102047228671614,0.0,0.11103675024745753,1.000008219459909e-05,0.9799725910109499,0.005000000000012603,0.9983956115567413,0.11103675024745753
0.6025000000000004,0.016102836702355825,0.0,0.11103773548038999,1.0000080569264631e-05,0.9800318022941789,0.005000000000012606,0.998405084321525,0.11103773548038999
0.6030000000000004,0.016103626176040036,0.0,0.11103871782570583,1.0000078987021031e-05,0.9800910136152721,0.00500000000001261,0.9984145290445309,0.11103871782570583
0.6035000000000005,0.016104415649724247,0.0,0.1110396972834164,1.0000077446173651e-05,0.980150224974229,0.005000000000012613,0.9984239457257051,0.1110396972834164
0.6040000000000004,0.016105205123408455,0.0,0.11104067385346351,1.000007594502785e-05,0.9802094363710494,0.005000000000012617,0.9984333343649938,0.11104067385346351
0.6045000000000004,0.016105994597092665,0.0,0.11104164753590844,1.0000074481888988e-05,0.9802686478057326,0.005000000000012619,0.9984426949623432,0.11104164753590844
0.6050000000000004,0.016106784070776876,0.0,0.11104261833071313,1.0000073055062428e-05,0.9803278592782785,0.005000000000012623,0.9984520275176991,0.11104261833071313
0.6055000000000005,0.016107573544461087,0.0,0.11104358623787944,1.0000071662853526e-05,0.9803870707886864,0.005000000000012626,0.998461332031008,0.11104358623787944
0.6060000000000004,0.0161083630181453,0.0,0.11104455125739936,1.0000070303567646e-05,0.980446282336956,0.00500000000001263,0.9984706085022158,0.11104455125739936
0.6065000000000004,0.01610915249182951,0.0,0.11104551338925507,1.0000068975510148e-05,0.9805054939230868,0.005000000000012632,0.9984798569312687,0.11104551338925507
0.6070000000000004,0.01610994196551372,0.0,0.11104647263345872,1.000006767698639e-05,0.9805647055470785,0.005000000000012636,0.998489077318113,0.11104647263345872
0.6075000000000005,0.01611073143919793,0.0,0.11104742898999266,1.0000066406301735e-05,0.9806239172089307,0.005000000000012639,0.9984982696626945,0.11104742898999266
0.6080000000000004,0.01611152091288214,0.0,0.1110483824588494,1.0000065161761541e-05,0.9806831289086427,0.005000000000012643,0.9985074339649596,0.1110483824588494
0.6085000000000004,0.01611231038656635,0.0,0.11104933304003144,1.000006394167117e-05,0.9807423406462145,0.005000000000012646,0.9985165702248542,0.11104933304003144
0.6090000000000004,0.01611309986025056,0.0,0.11105028073355135,1.0000062744335985e-05,0.9808015524216452,0.005000000000012649,0.9985256784423246,0.11105028073355135
0.6095000000000005,0.01611388933393477,0.0,0.11105122553938204,1.0000061568061341e-05,0.9808607642349347,0.005000000000012652,0.998534758617317,0.11105122553938204
0.6100000000000004,0.016114678807618982,0.0,0.11105216745752639,1.0000060411152601e-05,0.9809199760860826,0.005000000000012656,0.9985438107497774,0.11105216745752639
0.6105000000000004,0.016115468281303193,0.0,0.11105310648798734,1.0000059271915125e-05,0.9809791879750882,0.005000000000012659,0.9985528348396518,0.11105310648798734
0.6110000000000004,0.016116257754987404,0.0,0.11105404263072825,1.0000058148654273e-05,0.9810383999019514,0.005000000000012662,0.9985618308868868,0.11105404263072825
0.6115000000000005,0.016117047228671615,0.0,0.1110549758857821,1.0000057039675406e-05,0.9810976118666715,0.005000000000012665,0.998570798891428,0.1110549758857821
0.6120000000000004,0.016117836702355823,0.0,0.11105590625311246,1.0000055943283886e-05,0.9811568238692483,0.005000000000012669,0.9985797388532219,0.11105590625311246
0.6125000000000004,0.016118626176040034,0.0,0.11105683373275259,1.000005485778507e-05,0.9812160359096812,0.005000000000012672,0.9985886507722145,0.11105683373275259
0.6130000000000004,0.016119415649724245,0.0,0.11105775832467617,1.000005378148432e-05,0.98127524798797,0.005000000000012676,0.9985975346483519,0.11105775832467617
0.6135000000000005,0.016120205123408456,0.0,0.11105868002888687,1.0000052712686996e-05,0.981334460104114,0.005000000000012678,0.9986063904815804,0.11105868002888687
0.6140000000000004,0.016120994597092667,0.0,0.11105959884536859,1.0000051649698459e-05,0.9813936722581129,0.005000000000012682,0.998615218271846,0.11105959884536859
0.6145000000000004,0.016121784070776878,0.0,0.1110605147741351,1.0000050590824069e-05,0.9814528844499664,0.005000000000012685,0.9986240180190948,0.1110605147741351
0.6150000000000004,0.01612257354446109,0.0,0.11106142781517057,1.0000049534369186e-05,0.9815120966796738,0.005000000000012689,0.9986327897232731,0.11106142781517057
0.6155000000000005,0.0161233630181453,0.0,0.11106233796847907,1.0000048478639171e-05,0.9815713089472349,0.005000000000012692,0.9986415333843269,0.11106233796847907
0.6160000000000004,0.01612415249182951,0.0,0.11106324523404494,1.0000047421939384e-05,0.9816305212526493,0.005000000000012695,0.9986502490022026,0.11106324523404494
0.6165000000000004,0.016124941965513718,0.0,0.11106414961186258,1.0000046362575186e-05,0.9816897335959164,0.005000000000012698,0.9986589365768459,0.11106414961186258
0.6170000000000004,0.01612573143919793,0.0,0.11106505110195632,1.0000045298851937e-05,0.9817489459770359,0.005000000000012702,0.9986675961082033,0.11106505110195632
0.6175000000000005,0.01612652091288214,0.0,0.11106594970430086,1.0000044229074997e-05,0.9818081583960073,0.005000000000012705,0.998676227596221,0.11106594970430086
0.6180000000000004,0.01612731038656635,0.0,0.11106684541891086,1.0000043151549726e-05,0.9818673708528303,0.005000000000012709,0.9986848310408448,0.11106684541891086
0.6185000000000004,0.01612809986025056,0.0,0.11106773824577121,1.0000042064581486e-05,0.9819265833475043,0.005000000000012711,0.9986934064420212,0.11106773824577121
0.6190000000000004,0.016128889333934773,0.0,0.11106862818487685,1.0000040966475635e-05,0.981985795880029,0.005000000000012715,0.9987019537996961,0.11106862818487685
0.6195000000000005,0.016129678807618984,0.0,0.11106951523622288,1.0000039855537535e-05,0.982045008450404,0.005000000000012718,0.9987104731138158,0.11106951523622288
0.6200000000000004,0.016130468281303195,0.0,0.1110703993998144,1.0000038730072545e-05,0.9821042210586288,0.005000000000012722,0.9987189643843263,0.1110703993998144
0.6205000000000004,0.016131257754987402,0.0,0.11107128067563679,1.0000037588386028e-05,0.982163433704703,0.005000000000012725,0.998727427611174,0.11107128067563679
0.6210000000000004,0.016132047228671613,0.0,0.11107215906371527,1.0000036428783342e-05,0.9822226463886262,0.005000000000012728,0.9987358627943047,0.11107215906371527
0.6215000000000005,0.016132836702355824,0.0,0.11107303456403543,1.0000035249569848e-05,0.9822818591103979,0.005000000000012731,0.9987442699336648,0.11107303456403543
0.6220000000000004,0.016133626176040035,0.0,0.11107390717658297,1.0000034049050908e-05,0.9823410718700178,0.005000000000012735,0.9987526490292005,0.11107390717658297
0.6225000000000004,0.016134415649724246,0.0,0.11107477690137352,1.0000032825531878e-05,0.9824002846674854,0.005000000000012738,0.9987610000808578,0.11107477690137352
0.6230000000000004,0.016135205123408457,0.0,0.111075643738393,1.0000031577318123e-05,0.9824594975028003,0.005000000000012742,0.9987693230885829,0.111075643738393
0.6235000000000005,0.016135994597092668,0.0,0.1110765076876374,1.0000030302715e-05,0.9825187103759621,0.005000000000012744,0.998777618052322,0.1110765076876374
0.6240000000000004,0.01613678407077688,0.0,0.11107736874912269,1.0000029000027873e-05,0.9825779232869702,0.005000000000012748,0.9987858849720213,0.11107736874912269
0.6245000000000004,0.016137573544461086,0.0,0.11107822692281524,1.00000276675621e-05,0.9826371362358244,0.005000000000012751,0.9987941238476267,0.11107822692281524
0.6250000000000004,0.016138363018145297,0.0,0.11107908220876109,1.0000026303623041e-05,0.9826963492225241,0.005000000000012755,0.9988023346790846,0.11107908220876109
0.6255000000000005,0.016139152491829508,0.0,0.11107993460691691,1.0000024906516056e-05,0.9827555622470692,0.005000000000012758,0.9988105174663412,0.11107993460691691
0.6260000000000004,0.01613994196551372,0.0,0.11108078411730905,1.0000023474546508e-05,0.9828147753094588,0.005000000000012762,0.9988186722093425,0.11108078411730905
0.6265000000000004,0.01614073143919793,0.0,0.11108163073992426,1.0000022006019754e-05,0.9828739884096929,0.005000000000012764,0.9988267989080346,0.11108163073992426
0.6270000000000004,0.01614152091288214,0.0,0.11108247447475929,1.0000020499241157e-05,0.9829332015477709,0.005000000000012768,0.998834897562364,0.11108247447475929
0.6275000000000005,0.016142310386566352,0.0,0.11108331532183091,1.0000018952516076e-05,0.9829924147236923,0.005000000000012771,0.9988429681722765,0.11108331532183091
0.6280000000000004,0.016143099860250563,0.0,0.11108415328111623,1.0000017364149873e-05,0.9830516279374567,0.005000000000012775,0.9988510107377184,0.11108415328111623
0.6285000000000004,0.01614388933393477,0.0,0.11108498835260243,1.0000015732447906e-05,0.9831108411890638,0.005000000000012778,0.9988590252586359,0.11108498835260243
0.6290000000000004,0.01614467880761898,0.0,0.11108582053633645,1.0000014055715538e-05,0.983170054478513,0.005000000000012781,0.9988670117349752,0.11108582053633645
0.6295000000000005,0.016145468281303192,0.0,0.11108664983229574,1.0000012332258125e-05,0.9832292678058041,0.005000000000012784,0.9988749701666823,0.11108664983229574
0.6300000000000004,0.016146257754987403,0.0,0.11108747624046779,1.0000010560381033e-05,0.9832884811709366,0.005000000000012788,0.9988829005537034,0.11108747624046779
0.6305000000000004,0.016147047228671614,0.0,0.1110882997608701,1.0000008738389617e-05,0.9833476945739099,0.005000000000012791,0.9988908028959849,0.1110882997608701
0.6310000000000004,0.016147836702355825,0.0,0.11108912039348041,1.0000006864589242e-05,0.9834069080147239,0.0050000000000127946,0.9988986771934727,0.11108912039348041
0.6315000000000005,0.016148626176040036,0.0,0.11108993813832638,1.0000004937285267e-05,0.9834661214933779,0.005000000000012798,0.9989065234461131,0.11108993813832638
0.6320000000000005,0.016149415649724247,0.0,0.11109075299445148,1.0000003302762058e-05,0.9835253350098838,0.005000000000012801,0.9989143416538537,0.11109075299445148
0.6325000000000004,0.016150205123408454,0.0,0.1110915649596069,1.0000002862776758e-05,0.9835845485642706,0.005000000000012804,0.9989221318166448,0.1110915649596069
0.6330000000000005,0.016150994597092665,0.0,0.11109237403720078,1.0000002440720007e-05,0.9836437621564936,0.005000000000012808,0.9989298939344265,0.11109237403720078
0.6335000000000005,0.016151784070776876,0.0,0.11109318022720151,1.0000002036326144e-05,0.9837029757865526,0.005000000000012811,0.9989376280071453,0.11109318022720151
0.6340000000000005,0.016152573544461087,0.0,0.11109398352959754,1.0000001649329508e-05,0.9837621894544475,0.0050000000000128145,0.998945334034747,0.11109398352959754
0.6345000000000004,0.016153363018145298,0.0,0.11109478394436745,1.000000127946444e-05,0.9838214031601779,0.005000000000012818,0.998953012017178,0.11109478394436745
0.6350000000000005,0.01615415249182951,0.0,0.11109558147149987,1.000000092646528e-05,0.9838806169037436,0.005000000000012821,0.9989606619543845,0.11109558147149987
0.6355000000000005,0.01615494196551372,0.0,0.11109637611097364,1.0000000590066367e-05,0.9839398306851447,0.005000000000012824,0.9989682838463128,0.11109637611097364
0.6360000000000005,0.01615573143919793,0.0,0.11109716786279752,1.000000027000204e-05,0.9839990445043805,0.0050000000000128275,0.9989758776929089,0.11109716786279752
0.6365000000000004,0.01615652091288214,0.0,0.11109795672691075,9.999999966006642e-06,0.9840582583614511,0.005000000000012831,0.998983443494119,0.11109795672691075
0.6370000000000005,0.01615731038656635,0.0,0.11109874270335215,9.999999677814509e-06,0.9841174722563562,0.0050000000000128345,0.9989909812498895,0.11109874270335215
0.6375000000000005,0.01615809986025056,0.0,0.11109952579207119,9.999999405159982e-06,0.9841766861890956,0.005000000000012838,0.9989984909601666,0.11109952579207119
0.6380000000000005,0.01615888933393477,0.0,0.11110030599308698,9.9999991477774e-06,0.984235900159669,0.0050000000000128405,0.9990059726248963,0.11110030599308698
0.6385000000000004,0.016159678807618982,0.0,0.11110108330636911,9.999998905401104e-06,0.9842951141680761,0.005000000000012844,0.9990134262440249,0.11110108330636911
0.6390000000000005,0.016160468281303193,0.0,0.11110185773188722,9.999998677765432e-06,0.984354328214317,0.0050000000000128475,0.9990208518174988,0.11110185773188722
0.6395000000000005,0.016161257754987404,0.0,0.11110262926965085,9.999998464604728e-06,0.9844135422983913,0.005000000000012851,0.9990282493452638,0.11110262926965085
0.6400000000000005,0.016162047228671615,0.0,0.11110339791963987,9.999998265653327e-06,0.9844727564202986,0.005000000000012854,0.9990356188272664,0.11110339791963987
0.6405000000000004,0.016162836702355826,0.0,0.11110416368184414,9.99999808064557e-06,0.9845319705800389,0.005000000000012858,0.9990429602634529,0.11110416368184414
0.6410000000000005,0.016163626176040034,0.0,0.11110492655621389,9.999997909315798e-06,0.984591184777612,0.005000000000012861,0.9990502736537692,0.11110492655621389
0.6415000000000005,0.016164415649724245,0.0,0.11110568654279891,9.99999775139835e-06,0.9846503990130175,0.005000000000012864,0.9990575589981617,0.11110568654279891
0.6420000000000005,0.016165205123408456,0.0,0.11110644364155958,9.999997606627566e-06,0.9847096132862554,0.005000000000012867,0.9990648162965766,0.11110644364155958
0.6425000000000004,0.016165994597092666,0.0,0.11110719785247632,9.999997474737783e-06,0.9847688275973253,0.005000000000012871,0.99907204554896,0.11110719785247632
0.6430000000000005,0.016166784070776877,0.0,0.11110794917552963,9.999997355463345e-06,0.9848280419462271,0.005000000000012874,0.9990792467552582,0.11110794917552963
0.6435000000000005,0.01616757354446109,0.0,0.11110869761072995,9.999997248538592e-06,0.9848872563329605,0.005000000000012878,0.9990864199154175,0.11110869761072995
0.6440000000000005,0.0161683630181453,0.0,0.11110944315805803,9.99999715369786e-06,0.9849464707575252,0.005000000000012881,0.9990935650293838,0.11110944315805803
0.6445000000000004,0.01616915249182951,0.0,0.11111018581748479,9.999997070675488e-06,0.9850056852199212,0.005000000000012885,0.9991006820971037,0.11111018581748479
0.6450000000000005,0.016169941965513718,0.0,0.11111092558899116,9.999996999205821e-06,0.9850648997201481,0.005000000000012887,0.9991077711185231,0.11111092558899116
0.6455000000000005,0.01617073143919793,0.0,0.11111166247261792,9.999996939023195e-06,0.9851241142582057,0.005000000000012891,0.9991148320935883,0.11111166247261792
0.6460000000000005,0.01617152091288214,0.0,0.1111123964682965,9.99999688986195e-06,0.9851833288340939,0.005000000000012894,0.9991218650222456,0.1111123964682965
0.6465000000000004,0.01617231038656635,0.0,0.11111312757604798,9.999996851456428e-06,0.9852425434478124,0.005000000000012898,0.9991288699044412,0.11111312757604798
0.6470000000000005,0.01617309986025056,0.0,0.11111385579586376,9.999996823540966e-06,0.9853017580993608,0.005000000000012901,0.9991358467401211,0.11111385579586376
0.6475000000000005,0.016173889333934773,0.0,0.11111458112770543,9.999996805849904e-06,0.9853609727887392,0.005000000000012905,0.9991427955292319,0.11111458112770543
0.6480000000000005,0.016174678807618983,0.0,0.11111530357157455,9.999996798117584e-06,0.9854201875159473,0.005000000000012908,0.9991497162717194,0.11111530357157455
0.6485000000000004,0.016175468281303194,0.0,0.1111160231274628,9.999996800078343e-06,0.9854794022809846,0.005000000000012912,0.9991566089675301,0.1111160231274628
0.6490000000000005,0.016176257754987402,0.0,0.11111673979534212,9.999996811466523e-06,0.9855386170838513,0.005000000000012914,0.9991634736166101,0.11111673979534212
0.6495000000000005,0.016177047228671613,0.0,0.11111745357522432,9.999996832016462e-06,0.9855978319245469,0.005000000000012918,0.9991703102189056,0.11111745357522432
0.6500000000000005,0.016177836702355824,0.0,0.1111181644671014,9.9999968614625e-06,0.9856570468030712,0.005000000000012921,0.9991771187743629,0.1111181644671014
0.6505000000000004,0.016178626176040035,0.0,0.11111887247093574,9.99999689953898e-06,0.9857162617194242,0.005000000000012925,0.9991838992829281,0.11111887247093574
0.6510000000000005,0.016179415649724246,0.0,0.11111957758674938,9.999996945980236e-06,0.9857754766736053,0.005000000000012928,0.9991906517445475,0.11111957758674938
0.6515000000000005,0.016180205123408457,0.0,0.11112027981450488,9.999997000520613e-06,0.9858346916656145,0.005000000000012932,0.9991973761591671,0.11112027981450488
0.6520000000000005,0.016180994597092668,0.0,0.11112097915420469,9.999997062894447e-06,0.9858939066954517,0.005000000000012935,0.9992040725267335,0.11112097915420469
0.6525000000000004,0.01618178407077688,0.0,0.11112167560583146,9.999997132836078e-06,0.9859531217631164,0.005000000000012938,0.9992107408471926,0.11112167560583146
0.6530000000000005,0.016182573544461086,0.0,0.111122369169358,9.999997210079849e-06,0.9860123368686087,0.005000000000012941,0.9992173811204909,0.111122369169358
0.6535000000000005,0.016183363018145297,0.0,0.11112305984480698,9.999997294360098e-06,0.9860715520119282,0.005000000000012945,0.9992239933465743,0.11112305984480698
0.6540000000000005,0.016184152491829508,0.0,0.11112374763217132,9.999997385411163e-06,0.9861307671930746,0.005000000000012948,0.9992305775253892,0.11112374763217132
0.6545000000000004,0.01618494196551372,0.0,0.11112443253142425,9.999997482967384e-06,0.9861899824120477,0.0050000000000129515,0.9992371336568818,0.11112443253142425
0.6550000000000005,0.01618573143919793,0.0,0.11112511454254892,9.999997586763105e-06,0.9862491976688474,0.005000000000012955,0.9992436617409983,0.11112511454254892
0.6555000000000005,0.01618652091288214,0.0,0.11112579366553864,9.999997696532661e-06,0.9863084129634735,0.0050000000000129585,0.9992501617776849,0.11112579366553864
0.6560000000000005,0.016187310386566352,0.0,0.11112646990039673,9.999997812010392e-06,0.9863676282959256,0.005000000000012962,0.9992566337668878,0.11112646990039673
0.6565000000000004,0.016188099860250563,0.0,0.11112714324710678,9.99999793293064e-06,0.9864268436662036,0.005000000000012965,0.9992630777085533,0.11112714324710678
0.6570000000000005,0.016188889333934774,0.0,0.11112781370565245,9.999998059027744e-06,0.9864860590743073,0.005000000000012968,0.9992694936026275,0.11112781370565245
0.6575000000000005,0.01618967880761898,0.0,0.11112848127601752,9.999998190036045e-06,0.9865452745202364,0.0050000000000129715,0.9992758814490568,0.11112848127601752
0.6580000000000005,0.016190468281303192,0.0,0.11112914595822568,9.99999832568988e-06,0.9866044900039908,0.005000000000012975,0.9992822412477873,0.11112914595822568
0.6585000000000004,0.016191257754987403,0.0,0.11112980775224104,9.99999846572359e-06,0.98666370552557,0.0050000000000129784,0.9992885729987652,0.11112980775224104
0.6590000000000005,0.016192047228671614,0.0,0.11113046665806761,9.999998609871515e-06,0.9867229210849742,0.005000000000012982,0.9992948767019367,0.11113046665806761
0.6595000000000005,0.016192836702355825,0.0,0.11113112267568966,9.999998757867993e-06,0.9867821366822028,0.005000000000012985,0.9993011523572481,0.11113112267568966
0.6600000000000005,0.016193626176040036,0.0,0.11113177580509151,9.999998909447368e-06,0.9868413523172559,0.005000000000012989,0.9993073999646457,0.11113177580509151
0.6605000000000004,0.016194415649724247,0.0,0.11113242604628748,9.999999064343975e-06,0.9869005679901329,0.005000000000012992,0.9993136195240755,0.11113242604628748
0.6610000000000005,0.016195205123408458,0.0,0.11113307339924224,9.999999222292157e-06,0.9869597837008339,0.005000000000012996,0.9993198110354838,0.11113307339924224
0.6615000000000005,0.016195994597092665,0.0,0.11113371786394048,9.99999938302625e-06,0.9870189994493587,0.005000000000012998,0.999325974498817,0.11113371786394048
0.6620000000000005,0.016196784070776876,0.0,0.11113435944040681,9.999999546280599e-06,0.9870782152357068,0.005000000000013002,0.9993321099140211,0.11113435944040681
0.6625000000000004,0.016197573544461087,0.0,0.11113499812862611,9.99999971178954e-06,0.9871374310598782,0.005000000000013005,0.9993382172810424,0.11113499812862611
0.6630000000000005,0.016198363018145298,0.0,0.11113563392858342,9.999999879287413e-06,0.9871966469218726,0.005000000000013009,0.9993442965998273,0.11113563392858342
0.6635000000000005,0.01619915249182951,0.0,0.1111362668402639,1.000000004850856e-05,0.9872558628216898,0.005000000000013012,0.9993503478703216,0.1111362668402639
0.6640000000000005,0.01619994196551372,0.0,0.11113689686367267,1.0000000219187316e-05,0.9873150787593294,0.005000000000013016,0.9993563710924719,0.11113689686367267
0.6645000000000004,0.01620073143919793,0.0,0.11113752399879512,1.0000000391058026e-05,0.9873742947347915,0.005000000000013019,0.9993623662662243,0.11113752399879512
0.6650000000000005,0.016201520912882142,0.0,0.11113814824562665,1.0000000563855028e-05,0.9874335107480757,0.005000000000013023,0.9993683333915251,0.11113814824562665
0.6655000000000005,0.01620231038656635,0.0,0.11113876960413298,1.000000073731266e-05,0.9874927267991819,0.005000000000013026,0.9993742724683203,0.11113876960413298
0.6660000000000005,0.01620309986025056,0.0,0.11113938807433961,1.0000000911165265e-05,0.9875519428881098,0.00500000000001303,0.9993801834965564,0.11113938807433961
0.6665000000000004,0.01620388933393477,0.0,0.11114000365625222,1.000000108514718e-05,0.987611159014859,0.005000000000013032,0.9993860664761796,0.11114000365625222
0.6670000000000005,0.016204678807618982,0.0,0.1111406163498269,1.0000001258992745e-05,0.9876703751794296,0.005000000000013036,0.9993919214071358,0.1111406163498269
0.6675000000000005,0.016205468281303193,0.0,0.11114122615507958,1.00000014324363e-05,0.987729591381821,0.005000000000013039,0.9993977482893717,0.11114122615507958
0.6680000000000005,0.016206257754987404,0.0,0.11114183307198644,1.0000001605212187e-05,0.9877888076220335,0.005000000000013043,0.9994035471228332,0.11114183307198644
0.6685000000000004,0.016207047228671615,0.0,0.11114243710056358,1.0000001777054741e-05,0.9878480239000663,0.005000000000013046,0.9994093179074666,0.11114243710056358
0.6690000000000005,0.016207836702355826,0.0,0.11114303824077751,1.0000001947698305e-05,0.9879072402159197,0.0050000000000130496,0.9994150606432182,0.11114303824077751
0.6695000000000005,0.016208626176040034,0.0,0.11114363649261472,1.000000211687722e-05,0.9879664565695931,0.005000000000013053,0.999420775330034,0.11114363649261472
0.6700000000000005,0.016209415649724244,0.0,0.11114423185612148,1.0000002284325822e-05,0.9880256729610865,0.0050000000000130565,0.9994264619678606,0.11114423185612148
0.6705000000000004,0.016210205123408455,0.0,0.11114482433124473,1.0000002449778455e-05,0.9880848893903995,0.00500000000001306,0.999432120556644,0.11114482433124473
0.6710000000000005,0.016210994597092666,0.0,0.11114541391800117,1.0000002612969454e-05,0.9881441058575321,0.0050000000000130634,0.9994377510963304,0.11114541391800117
0.6715000000000005,0.016211784070776877,0.0,0.11114600061636778,1.0000002773633163e-05,0.9882033223624839,0.005000000000013067,0.9994433535868661,0.11114600061636778
0.6720000000000005,0.01621257354446109,0.0,0.11114658442635153,1.000000293150392e-05,0.9882625389052547,0.0050000000000130695,0.9994489280281974,0.11114658442635153
0.6725000000000004,0.0162133630181453,0.0,0.11114716534794951,1.0000003086316065e-05,0.9883217554858443,0.005000000000013073,0.9994544744202704,0.11114716534794951
0.6730000000000005,0.01621415249182951,0.0,0.11114774338113907,1.0000003237803935e-05,0.9883809721042526,0.0050000000000130764,0.9994599927630313,0.11114774338113907
0.6735000000000005,0.01621494196551372,0.0,0.11114831852591758,1.0000003385701874e-05,0.9884401887604792,0.00500000000001308,0.9994654830564266,0.11114831852591758
0.6740000000000005,0.01621573143919793,0.0,0.11114889078226259,1.000000352974422e-05,0.9884994054545241,0.005000000000013083,0.9994709453004023,0.11114889078226259
0.6745000000000004,0.01621652091288214,0.0,0.11114946015022138,1.0000003669665311e-05,0.9885586221863868,0.005000000000013087,0.9994763794949046,0.11114946015022138
0.6750000000000005,0.01621731038656635,0.0,0.11115002662976183,1.000000380519949e-05,0.9886178389560671,0.00500000000001309,0.9994817856398799,0.11115002662976183
0.6755000000000005,0.01621809986025056,0.0,0.11115059022087177,1.0000003936081095e-05,0.9886770557635651,0.005000000000013094,0.9994871637352744,0.11115059022087177
0.6760000000000005,0.016218889333934772,0.0,0.1111511509235491,1.0000004062044466e-05,0.9887362726088803,0.005000000000013097,0.9994925137810342,0.1111511509235491
0.6765000000000004,0.016219678807618983,0.0,0.11115170873778193,1.000000418282394e-05,0.9887954894920126,0.005000000000013101,0.9994978357771056,0.11115170873778193
0.6770000000000005,0.016220468281303194,0.0,0.11115226366357833,1.0000004298153861e-05,0.9888547064129617,0.005000000000013104,0.9995031297234349,0.11115226366357833
0.6775000000000005,0.016221257754987405,0.0,0.11115281570092657,1.0000004407768568e-05,0.9889139233717273,0.005000000000013108,0.9995083956199683,0.11115281570092657
0.6780000000000005,0.016222047228671613,0.0,0.11115336484980516,1.00000045114024e-05,0.9889731403683094,0.005000000000013111,0.999513633466652,0.11115336484980516
0.6785000000000004,0.016222836702355824,0.0,0.11115391111025233,1.0000004608789694e-05,0.9890323574027077,0.005000000000013114,0.9995188432634322,0.11115391111025233
0.6790000000000005,0.016223626176040035,0.0,0.11115445448223685,1.0000004699664795e-05,0.9890915744749218,0.005000000000013117,0.9995240250102553,0.11115445448223685
0.6795000000000005,0.016224415649724246,0.0,0.11115499496574746,1.0000004783762037e-05,0.9891507915849518,0.005000000000013121,0.9995291787070674,0.11115499496574746
0.6800000000000005,0.016225205123408457,0.0,0.11115553256080286,1.0000004860815766e-05,0.9892100087327972,0.005000000000013124,0.9995343043538147,0.11115553256080286
0.6805000000000004,0.016225994597092668,0.0,0.11115606726737216,1.0000004930560316e-05,0.9892692259184579,0.005000000000013128,0.9995394019504437,0.11115606726737216
0.6810000000000005,0.01622678407077688,0.0,0.11115659908547428,1.0000004992730031e-05,0.9893284431419337,0.005000000000013131,0.9995444714969002,0.11115659908547428
0.6815000000000005,0.01622757354446109,0.0,0.11115712801508845,1.0000005047059248e-05,0.9893876604032243,0.0050000000000131346,0.9995495129931309,0.11115712801508845
0.6820000000000005,0.016228363018145297,0.0,0.11115765405620404,1.0000005093282308e-05,0.9894468777023295,0.005000000000013138,0.9995545264390816,0.11115765405620404
0.6825000000000004,0.016229152491829508,0.0,0.11115817720884028,1.000000513113355e-05,0.9895060950392492,0.0050000000000131415,0.9995595118346989,0.11115817720884028
0.6830000000000005,0.01622994196551372,0.0,0.11115869747299666,1.0000005160347314e-05,0.989565312413983,0.005000000000013145,0.9995644691799289,0.11115869747299666
0.6835000000000006,0.01623073143919793,0.0,0.11115921484866285,1.000000518065794e-05,0.9896245298265308,0.0050000000000131484,0.9995693984747178,0.11115921484866285
0.6840000000000005,0.01623152091288214,0.0,0.11115972933581868,1.0000005191799768e-05,0.9896837472768923,0.005000000000013152,0.9995742997190119,0.11115972933581868
0.6845000000000004,0.01623231038656635,0.0,0.11116024093447391,1.0000005193507138e-05,0.9897429647650674,0.005000000000013155,0.9995791729127574,0.11116024093447391
0.6850000000000005,0.016233099860250563,0.0,0.11116074964462848,1.0000005185514387e-05,0.9898021822910558,0.005000000000013159,0.9995840180559006,0.11116074964462848
0.6855000000000006,0.016233889333934774,0.0,0.11116125546627251,1.000000516755586e-05,0.9898613998548572,0.005000000000013162,0.9995888351483876,0.11116125546627251
0.6860000000000005,0.01623467880761898,0.0,0.11116175839938626,1.000000513936589e-05,0.9899206174564714,0.005000000000013165,0.9995936241901648,0.11116175839938626
0.6865000000000004,0.016235468281303192,0.0,0.11116225844400981,1.0000005100678822e-05,0.9899798350958984,0.005000000000013168,0.9995983851811785,0.11116225844400981
0.6870000000000005,0.016236257754987403,0.0,0.11116275560011371,1.0000005051228994e-05,0.9900390527731378,0.005000000000013172,0.9996031181213747,0.11116275560011371
0.6875000000000006,0.016237047228671614,0.0,0.11116324986769846,1.0000004990750745e-05,0.9900982704881892,0.005000000000013175,0.9996078230106997,0.11116324986769846
0.6880000000000005,0.016237836702355825,0.0,0.11116374124676467,1.0000004918978418e-05,0.9901574882410528,0.005000000000013179,0.9996124998491,0.11116374124676467
0.6885000000000004,0.016238626176040036,0.0,0.11116422973731307,1.0000004835646348e-05,0.990216706031728,0.005000000000013182,0.9996171486365215,0.11116422973731307
0.6890000000000005,0.016239415649724247,0.0,0.11116471533932464,1.0000004740488878e-05,0.9902759238602148,0.005000000000013186,0.9996217693729106,0.11116471533932464
0.6895000000000006,0.016240205123408458,0.0,0.11116519805281025,1.0000004633240346e-05,0.9903351417265129,0.005000000000013189,0.9996263620582136,0.11116519805281025
0.6900000000000005,0.016240994597092665,0.0,0.11116567787775108,1.0000004513635092e-05,0.9903943596306221,0.005000000000013193,0.9996309266923767,0.11116567787775108
0.6905000000000004,0.016241784070776876,0.0,0.11116615481417819,1.0000004381407457e-05,0.9904535775725422,0.005000000000013196,0.9996354632753461,0.11116615481417819
0.6910000000000005,0.016242573544461087,0.0,0.11116662886207293,1.000000423629178e-05,0.9905127955522729,0.0050000000000132,0.9996399718070681,0.11116662886207293
0.6915000000000006,0.016243363018145298,0.0,0.11116710002143673,1.00000040780224e-05,0.9905720135698141,0.005000000000013203,0.9996444522874889,0.11116710002143673
0.6920000000000005,0.01624415249182951,0.0,0.11116756829227113,1.0000003906333659e-05,0.9906312316251653,0.0050000000000132066,0.9996489047165548,0.11116756829227113
0.6925000000000004,0.01624494196551372,0.0,0.11116803367455783,1.0000003720959895e-05,0.9906904497183266,0.00500000000001321,0.999653329094212,0.11116803367455783
0.6930000000000005,0.01624573143919793,0.0,0.1111684961682986,1.0000003521635446e-05,0.9907496678492979,0.0050000000000132135,0.9996577254204068,0.1111684961682986
0.6935000000000006,0.016246520912882142,0.0,0.11116895577350525,1.0000003308094656e-05,0.9908088860180785,0.005000000000013217,0.9996620936950853,0.11116895577350525
0.6940000000000005,0.01624731038656635,0.0,0.11116941249015987,1.000000308007186e-05,0.9908681042246684,0.00500000000001322,0.9996664339181939,0.11116941249015987
0.6945000000000005,0.01624809986025056,0.0,0.11116986631828439,1.00000028373014e-05,0.9909273224690676,0.005000000000013224,0.9996707460896789,0.11116986631828439
0.6950000000000005,0.01624888933393477,0.0,0.1111703172578711,1.0000002579517618e-05,0.9909865407512755,0.005000000000013227,0.9996750302094863,0.1111703172578711
0.6955000000000006,0.016249678807618982,0.0,0.11117076530891236,1.0000002306454851e-05,0.9910457590712921,0.005000000000013231,0.9996792862775626,0.11117076530891236
0.6960000000000005,0.016250468281303193,0.0,0.11117121047140062,1.000000201784744e-05,0.9911049774291172,0.005000000000013234,0.9996835142938539,0.11117121047140062
0.6965000000000005,0.016251257754987404,0.0,0.11117165274535834,1.0000001713429722e-05,0.9911641958247505,0.005000000000013238,0.9996877142583066,0.11117165274535834
0.6970000000000005,0.016252047228671615,0.0,0.11117209213075832,1.000000139293604e-05,0.9912234142581918,0.005000000000013241,0.9996918861708668,0.11117209213075832
0.6975000000000006,0.016252836702355826,0.0,0.11117252862762321,1.0000001056100732e-05,0.9912826327294408,0.005000000000013244,0.9996960300314808,0.11117252862762321
0.6980000000000005,0.016253626176040037,0.0,0.11117296223593601,1.0000000702658139e-05,0.9913418512384975,0.005000000000013247,0.9997001458400948,0.11117296223593601
0.6985000000000005,0.016254415649724244,0.0,0.1111733929556897,1.0000000332342598e-05,0.9914010697853615,0.005000000000013251,0.9997042335966551,0.1111733929556897
0.6990000000000005,0.016255205123408455,0.0,0.1111738207869173,9.999999944888453e-06,0.9914602883700325,0.005000000000013254,0.999708293301108,0.1111738207869173
0.6995000000000006,0.016255994597092666,0.0,0.11117424572959214,9.999999540030041e-06,0.9915195069925106,0.005000000000013258,0.9997123249533997,0.11117424572959214
0.7000000000000005,0.016256784070776877,0.0,0.11117466778372749,9.999999117501701e-06,0.9915787256527953,0.005000000000013261,0.9997163285534765,0.11117466778372749
0.7005000000000005,0.016257573544461088,0.0,0.11117508694931684,9.999998677037775e-06,0.9916379443508864,0.005000000000013265,0.9997203041012845,0.11117508694931684
0.7010000000000005,0.0162583630181453,0.0,0.1111755032263737,9.999998218372602e-06,0.9916971630867837,0.005000000000013268,0.9997242515967701,0.1111755032263737
0.7015000000000006,0.01625915249182951,0.0,0.11117591661487189,9.99999774124052e-06,0.9917563818604871,0.005000000000013272,0.9997281710398795,0.11117591661487189
0.7020000000000005,0.01625994196551372,0.0,0.11117632711483508,9.999997245375873e-06,0.9918156006719963,0.005000000000013275,0.9997320624305591,0.11117632711483508
0.7025000000000005,0.01626073143919793,0.0,0.1111767347262373,9.999996730512996e-06,0.991874819521311,0.0050000000000132785,0.9997359257687549,0.1111767347262373
0.7030000000000005,0.01626152091288214,0.0,0.11117713944911244,9.99999619638623e-06,0.9919340384084311,0.005000000000013282,0.9997397610544133,0.11117713944911244
0.7035000000000006,0.01626231038656635,0.0,0.11117754128345461,9.999995642729915e-06,0.9919932573333563,0.0050000000000132855,0.9997435682874806,0.11117754128345461
0.7040000000000005,0.01626309986025056,0.0,0.11117794022925813,9.999995069278393e-06,0.9920524762960864,0.005000000000013289,0.999747347467903,0.11117794022925813
0.7045000000000005,0.016263889333934772,0.0,0.11117833628652733,9.999994475766002e-06,0.9921116952966212,0.005000000000013292,0.9997510985956266,0.11117833628652733
0.7050000000000005,0.016264678807618983,0.0,0.11117872945525671,9.99999386192708e-06,0.9921709143349605,0.005000000000013296,0.9997548216705979,0.11117872945525671
0.7055000000000006,0.016265468281303194,0.0,0.11117911973546078,9.999993227495968e-06,0.992230133411104,0.005000000000013299,0.999758516692763,0.11117911973546078
0.7060000000000005,0.016266257754987405,0.0,0.11117950712712434,9.999992572207008e-06,0.9922893525250516,0.005000000000013303,0.9997621836620683,0.11117950712712434
0.7065000000000005,0.016267047228671613,0.0,0.11117989163023227,9.999991895794536e-06,0.9923485716768029,0.005000000000013306,0.9997658225784599,0.11117989163023227
0.7070000000000005,0.016267836702355824,0.0,0.11118027324483921,9.999991197992896e-06,0.9924077908663579,0.00500000000001331,0.9997694334418842,0.11118027324483921
0.7075000000000006,0.016268626176040035,0.0,0.11118065197091041,9.999990478536422e-06,0.9924670100937163,0.005000000000013313,0.9997730162522873,0.11118065197091041
0.7080000000000005,0.016269415649724246,0.0,0.11118102780847086,9.99998973715946e-06,0.9925262293588777,0.005000000000013317,0.9997765710096156,0.11118102780847086
0.7085000000000005,0.016270205123408456,0.0,0.11118140075750593,9.999988973596344e-06,0.9925854486618421,0.00500000000001332,0.9997800977138153,0.11118140075750593
0.7090000000000005,0.016270994597092667,0.0,0.11118177081801105,9.999988187581419e-06,0.9926446680026092,0.005000000000013324,0.9997835963648326,0.11118177081801105
0.7095000000000006,0.01627178407077688,0.0,0.11118213799000157,9.99998737884902e-06,0.9927038873811788,0.005000000000013327,0.9997870669626139,0.11118213799000157
0.7100000000000005,0.01627257354446109,0.0,0.11118250227348313,9.999986547133491e-06,0.9927631067975506,0.005000000000013331,0.9997905095071054,0.11118250227348313
0.7105000000000005,0.016273363018145297,0.0,0.1111828636684216,9.999985692169168e-06,0.9928223262517245,0.005000000000013334,0.9997939239982533,0.1111828636684216
0.7110000000000005,0.016274152491829508,0.0,0.11118322217489243,9.999984813690394e-06,0.9928815457437001,0.0050000000000133375,0.9997973104360038,0.11118322217489243
0.7115000000000006,0.01627494196551372,0.0,0.11118357779283192,9.999983911431505e-06,0.9929407652734775,0.005000000000013341,0.9998006688203034,0.11118357779283192
0.7120000000000005,0.01627573143919793,0.0,0.11118393052228585,9.999982985126844e-06,0.9929999848410561,0.0050000000000133445,0.9998039991510982,0.11118393052228585
0.7125000000000005,0.01627652091288214,0.0,0.11118428036322063,9.99998203451075e-06,0.993059204446436,0.005000000000013348,0.9998073014283345,0.11118428036322063
0.7130000000000005,0.01627731038656635,0.0,0.11118462731567232,9.999981059317562e-06,0.9931184240896168,0.005000000000013351,0.9998105756519585,0.11118462731567232
0.7135000000000006,0.016278099860250562,0.0,0.11118497137962739,9.999980059281621e-06,0.9931776437705983,0.005000000000013355,0.9998138218219166,0.11118497137962739
0.7140000000000005,0.016278889333934773,0.0,0.11118531255509236,9.999979034137266e-06,0.9932368634893802,0.005000000000013358,0.9998170399381549,0.11118531255509236
0.7145000000000005,0.01627967880761898,0.0,0.1111856508420539,9.999977983618836e-06,0.9932960832459625,0.005000000000013362,0.9998202300006197,0.1111856508420539
0.7150000000000005,0.016280468281303192,0.0,0.11118598624054854,9.99997690746067e-06,0.9933553030403448,0.005000000000013365,0.9998233920092574,0.11118598624054854
0.7155000000000006,0.016281257754987403,0.0,0.11118631875056326,9.99997580539711e-06,0.993414522872527,0.005000000000013369,0.9998265259640141,0.11118631875056326
0.7160000000000005,0.016282047228671614,0.0,0.11118664837210494,9.999974677162495e-06,0.9934737427425087,0.005000000000013372,0.9998296318648362,0.11118664837210494
0.7165000000000005,0.016282836702355825,0.0,0.11118697510516078,9.999973522491164e-06,0.9935329626502899,0.005000000000013376,0.9998327097116698,0.11118697510516078
0.7170000000000005,0.016283626176040036,0.0,0.11118729894976774,9.999972341117458e-06,0.9935921825958702,0.005000000000013379,0.9998357595044614,0.11118729894976774
0.7175000000000006,0.016284415649724247,0.0,0.11118761990590327,9.999971132775716e-06,0.9936514025792494,0.005000000000013383,0.999838781243157,0.11118761990590327
0.7180000000000005,0.016285205123408458,0.0,0.1111879379735847,9.999969897200277e-06,0.9937106226004274,0.005000000000013386,0.999841774927703,0.1111879379735847
0.7185000000000005,0.016285994597092665,0.0,0.11118825315278966,9.999968634125483e-06,0.9937698426594039,0.00500000000001339,0.9998447405580456,0.11118825315278966
0.7190000000000005,0.016286784070776876,0.0,0.11118856544356559,9.999967343285671e-06,0.9938290627561788,0.005000000000013393,0.9998476781341313,0.11118856544356559
0.7195000000000006,0.016287573544461087,0.0,0.11118887484590029,9.999966024415182e-06,0.9938882828907516,0.0050000000000133965,0.9998505876559061,0.11118887484590029
0.7200000000000005,0.016288363018145298,0.0,0.1111891813597817,9.999964677248356e-06,0.9939475030631224,0.0050000000000134,0.9998534691233163,0.1111891813597817
0.7205000000000005,0.01628915249182951,0.0,0.11118948498523766,9.999963301519532e-06,0.9940067232732906,0.0050000000000134034,0.9998563225363083,0.11118948498523766
0.7210000000000005,0.01628994196551372,0.0,0.11118978572226629,9.999961896963052e-06,0.9940659435212564,0.005000000000013407,0.9998591478948283,0.11118978572226629
0.7215000000000006,0.01629073143919793,0.0,0.11119008357085586,9.99996046331325e-06,0.9941251638070194,0.00500000000001341,0.9998619451988225,0.11119008357085586
0.7220000000000005,0.01629152091288214,0.0,0.11119037853103457,9.999959000304473e-06,0.9941843841305793,0.005000000000013414,0.9998647144482373,0.11119037853103457
0.7225000000000005,0.016292310386566353,0.0,0.11119067060280084,9.999957507671057e-06,0.9942436044919359,0.005000000000013417,0.9998674556430189,0.11119067060280084
0.7230000000000005,0.01629309986025056,0.0,0.11119095978614331,9.999955985147342e-06,0.994302824891089,0.005000000000013421,0.9998701687831136,0.11119095978614331
0.7235000000000006,0.01629388933393477,0.0,0.11119124608110044,9.999954432467667e-06,0.9943620453280385,0.005000000000013424,0.9998728538684676,0.11119124608110044
0.7240000000000005,0.016294678807618982,0.0,0.11119152948765111,9.999952849366373e-06,0.994421265802784,0.005000000000013428,0.9998755108990273,0.11119152948765111
0.7245000000000005,0.016295468281303193,0.0,0.11119181000581414,9.9999512355778e-06,0.9944804863153255,0.005000000000013431,0.9998781398747387,0.11119181000581414
0.7250000000000005,0.016296257754987404,0.0,0.11119208763558854,9.999949590836287e-06,0.9945397068656625,0.005000000000013435,0.9998807407955485,0.11119208763558854
0.7255000000000006,0.016297047228671615,0.0,0.11119236426400382,9.999949532916094e-06,0.9945989274291057,0.005000000000013438,0.9998833136603358,0.11119236426400382
0.7260000000000005,0.016297836702355826,0.0,0.11119263802893889,9.999949532916094e-06,0.9946581480300185,0.005000000000013442,0.9998858584701232,0.11119263802893889
0.7265000000000005,0.016298626176040033,0.0,0.11119290886107758,9.999949532916094e-06,0.9947173686693073,0.005000000000013445,0.9998883752248959,0.11119290886107758
0.7270000000000005,0.016299415649724244,0.0,0.11119317676016052,9.999949532916094e-06,0.9947765893469759,0.0050000000000134485,0.9998908639245995,0.11119317676016052
0.7275000000000006,0.016300205123408455,0.0,0.11119344172583893,9.999949532916094e-06,0.9948358100630286,0.005000000000013452,0.9998933245691796,0.11119344172583893
0.7280000000000005,0.016300994597092666,0.0,0.11119370375779401,9.999949532916094e-06,0.9948950308174693,0.0050000000000134555,0.9998957571585817,0.11119370375779401
0.7285000000000005,0.016301784070776877,0.0,0.11119396285570705,9.999949532916094e-06,0.9949542516103022,0.005000000000013459,0.9998981616927515,0.11119396285570705
0.7290000000000005,0.016302573544461088,0.0,0.11119421901923955,9.999949532916094e-06,0.9950134724415313,0.005000000000013463,0.9999005381716345,0.11119421901923955
0.7295000000000006,0.0163033630181453,0.0,0.11119447224809292,9.999949532916094e-06,0.9950726933111605,0.005000000000013467,0.9999028865951765,0.11119447224809292
0.7300000000000005,0.01630415249182951,0.0,0.11119472254194881,9.999949532916094e-06,0.9951319142191941,0.00500000000001347,0.9999052069633229,0.11119472254194881
0.7305000000000005,0.01630494196551372,0.0,0.11119496990046909,9.999949532916094e-06,0.9951911351656361,0.005000000000013474,0.9999074992760193,0.11119496990046909
0.7310000000000005,0.01630573143919793,0.0,0.11119521432331571,9.999949532916094e-06,0.9952503561504905,0.005000000000013477,0.9999097635332113,0.11119521432331571
0.7315000000000006,0.01630652091288214,0.0,0.11119545581022039,9.999949532916094e-06,0.9953095771737615,0.005000000000013481,0.9999119997348443,0.11119545581022039
0.7320000000000005,0.01630731038656635,0.0,0.11119569436084537,9.999949532916094e-06,0.9953687982354529,0.005000000000013484,0.9999142078808643,0.11119569436084537
0.7325000000000005,0.01630809986025056,0.0,0.1111959299748529,9.999949532916094e-06,0.9954280193355689,0.005000000000013488,0.9999163879712163,0.1111959299748529
0.7330000000000005,0.016308889333934772,0.0,0.11119616265193531,9.999949532916094e-06,0.9954872404741137,0.005000000000013491,0.9999185400058461,0.11119616265193531
0.7335000000000006,0.016309678807618983,0.0,0.1111963923917651,9.999949532916094e-06,0.9955464616510913,0.0050000000000134945,0.9999206639846991,0.1111963923917651
0.7340000000000005,0.016310468281303194,0.0,0.11119661919403472,9.999949532916094e-06,0.9956056828665055,0.005000000000013498,0.9999227599077211,0.11119661919403472
0.7345000000000005,0.016311257754987405,0.0,0.11119684305841693,9.999949532916094e-06,0.9956649041203608,0.0050000000000135015,0.9999248277748574,0.11119684305841693
0.7350000000000005,0.016312047228671613,0.0,0.11119706398457463,9.999949532916094e-06,0.9957241254126609,0.005000000000013505,0.9999268675860534,0.11119706398457463
0.7355000000000006,0.016312836702355824,0.0,0.11119728197222054,9.999949532916094e-06,0.99578334674341,0.005000000000013508,0.9999288793412547,0.11119728197222054
0.7360000000000005,0.016313626176040034,0.0,0.11119749702102776,9.999949532916094e-06,0.9958425681126122,0.005000000000013512,0.9999308630404069,0.11119749702102776
0.7365000000000005,0.016314415649724245,0.0,0.11119770913066945,9.999949532916094e-06,0.9959017895202714,0.005000000000013515,0.9999328186834554,0.11119770913066945
0.7370000000000005,0.016315205123408456,0.0,0.11119791830083883,9.999949532916094e-06,0.9959610109663919,0.005000000000013519,0.9999347462703456,0.11119791830083883
0.7375000000000006,0.016315994597092667,0.0,0.11119812453119936,9.999949532916094e-06,0.9960202324509776,0.005000000000013522,0.999936645801023,0.11119812453119936
0.7380000000000005,0.016316784070776878,0.0,0.11119832782144444,9.999949532916094e-06,0.9960794539740325,0.005000000000013526,0.999938517275433,0.11119832782144444
0.7385000000000005,0.01631757354446109,0.0,0.11119852817124776,9.999949532916094e-06,0.9961386755355609,0.005000000000013529,0.9999403606935213,0.11119852817124776
0.7390000000000005,0.0163183630181453,0.0,0.111198725580293,9.999949532916094e-06,0.9961978971355667,0.005000000000013533,0.9999421760552331,0.111198725580293
0.7395000000000006,0.016319152491829508,0.0,0.11119892004824412,9.999949532916094e-06,0.996257118774054,0.005000000000013536,0.9999439633605138,0.11119892004824412
0.7400000000000005,0.01631994196551372,0.0,0.11119911157482483,9.999949532916094e-06,0.9963163404510268,0.0050000000000135405,0.999945722609309,0.11119911157482483
0.7405000000000005,0.01632073143919793,0.0,0.11119930015968935,9.999949532916094e-06,0.9963755621664893,0.005000000000013544,0.999947453801564,0.11119930015968935
0.7410000000000005,0.01632152091288214,0.0,0.11119948580253179,9.999949532916094e-06,0.9964347839204454,0.005000000000013547,0.9999491569372243,0.11119948580253179
0.7415000000000006,0.01632231038656635,0.0,0.11119966850302652,9.999949532916094e-06,0.9964940057128993,0.005000000000013551,0.9999508320162352,0.11119966850302652
0.7420000000000005,0.016323099860250562,0.0,0.11119984826085791,9.999949532916094e-06,0.9965532275438549,0.005000000000013554,0.9999524790385422,0.11119984826085791
0.7425000000000005,0.016323889333934773,0.0,0.11120002507570056,9.999949532916094e-06,0.9966124494133164,0.005000000000013558,0.9999540980040906,0.11120002507570056
0.7430000000000005,0.01632467880761898,0.0,0.11120019894723908,9.999949532916094e-06,0.9966716713212878,0.005000000000013561,0.9999556889128258,0.11120019894723908
0.7435000000000006,0.016325468281303192,0.0,0.11120036987516821,9.999949532916094e-06,0.9967308932677732,0.005000000000013565,0.9999572517646932,0.11120036987516821
0.7440000000000005,0.016326257754987403,0.0,0.11120053785917278,9.999949532916094e-06,0.9967901152527766,0.005000000000013568,0.9999587865596382,0.11120053785917278
0.7445000000000005,0.016327047228671614,0.0,0.11120070289890795,9.999949532916094e-06,0.9968493372763022,0.005000000000013572,0.999960293297606,0.11120070289890795
0.7450000000000006,0.016327836702355825,0.0,0.11120086499409859,9.999949532916094e-06,0.9969085593383539,0.005000000000013575,0.9999617719785421,0.11120086499409859
0.7455000000000006,0.016328626176040036,0.0,0.11120102414439016,9.999949532916094e-06,0.9969677814389358,0.005000000000013579,0.9999632226023918,0.11120102414439016
0.7460000000000006,0.016329415649724247,0.0,0.11120118034947792,9.999949532916094e-06,0.9970270035780521,0.005000000000013582,0.9999646451691003,0.11120118034947792
0.7465000000000005,0.016330205123408457,0.0,0.11120133360905725,9.999949532916094e-06,0.9970862257557067,0.005000000000013586,0.9999660396786132,0.11120133360905725
0.7470000000000006,0.01633099459709267,0.0,0.11120148392279386,9.999949532916094e-06,0.9971454479719037,0.005000000000013589,0.9999674061308755,0.11120148392279386
0.7475000000000006,0.016331784070776876,0.0,0.11120163129036345,9.999949532916094e-06,0.9972046702266472,0.0050000000000135925,0.9999687445258328,0.11120163129036345
0.7480000000000006,0.016332573544461087,0.0,0.11120177571148167,9.999949532916094e-06,0.9972638925199412,0.005000000000013597,0.9999700548634303,0.11120177571148167
0.7485000000000005,0.016333363018145298,0.0,0.11120191718582446,9.999949532916094e-06,0.9973231148517898,0.0050000000000136,0.9999713371436132,0.11120191718582446
0.7490000000000006,0.01633415249182951,0.0,0.11120205571305801,9.999949532916094e-06,0.9973823372221972,0.005000000000013604,0.9999725913663268,0.11120205571305801
0.7495000000000006,0.01633494196551372,0.0,0.11120219129286842,9.999949532916094e-06,0.9974415596311672,0.005000000000013607,0.9999738175315165,0.11120219129286842
0.7500000000000006,0.01633573143919793,0.0,0.11120232392496188,9.999949532916094e-06,0.997500782078704,0.005000000000013611,0.9999750156391275,0.11120232392496188
0.7505000000000005,0.01633652091288214,0.0,0.11120245360900484,9.999949532916094e-06,0.9975600045648116,0.005000000000013614,0.9999761856891051,0.11120245360900484
0.7510000000000006,0.016337310386566353,0.0,0.11120258034467387,9.999949532916094e-06,0.9976192270894942,0.005000000000013618,0.9999773276813944,0.11120258034467387
0.7515000000000006,0.01633809986025056,0.0,0.11120270413165559,9.999949532916094e-06,0.9976784496527558,0.005000000000013621,0.9999784416159408,0.11120270413165559
0.7520000000000006,0.01633888933393477,0.0,0.11120282496966655,9.999949532916094e-06,0.9977376722546003,0.005000000000013625,0.9999795274926896,0.11120282496966655
0.7525000000000005,0.016339678807618982,0.0,0.1112029428583538,9.999949532916094e-06,0.997796894895032,0.005000000000013628,0.9999805853115858,0.1112029428583538
0.7530000000000006,0.016340468281303193,0.0,0.11120305779742422,9.999949532916094e-06,0.9978561175740548,0.0050000000000136316,0.9999816150725749,0.11120305779742422
0.7535000000000006,0.016341257754987404,0.0,0.11120316978655494,9.999949532916094e-06,0.997915340291673,0.005000000000013635,0.999982616775602,0.11120316978655494
0.7540000000000006,0.016342047228671615,0.0,0.11120327882543314,9.999949532916094e-06,0.9979745630478902,0.005000000000013639,0.9999835904206121,0.11120327882543314
0.7545000000000005,0.016342836702355826,0.0,0.11120338491373619,9.999949532916094e-06,0.9980337858427109,0.005000000000013643,0.9999845360075507,0.11120338491373619
0.7550000000000006,0.016343626176040037,0.0,0.11120348805115153,9.999949532916094e-06,0.998093008676139,0.005000000000013646,0.9999854535363629,0.11120348805115153
0.7555000000000006,0.016344415649724248,0.0,0.11120358823737662,9.999949532916094e-06,0.9981522315481786,0.00500000000001365,0.9999863430069938,0.11120358823737662
0.7560000000000006,0.016345205123408455,0.0,0.11120368547206932,9.999949532916094e-06,0.9982114544588336,0.005000000000013653,0.9999872044193887,0.11120368547206932
0.7565000000000005,0.016345994597092666,0.0,0.11120377975495718,9.999949532916094e-06,0.9982706774081083,0.005000000000013657,0.9999880377734927,0.11120377975495718
0.7570000000000006,0.016346784070776877,0.0,0.11120387108569826,9.999949532916094e-06,0.9983299003960067,0.00500000000001366,0.999988843069251,0.11120387108569826
0.7575000000000006,0.016347573544461088,0.0,0.11120395946398058,9.999949532916094e-06,0.9983891234225327,0.005000000000013664,0.9999896203066087,0.11120395946398058
0.7580000000000006,0.0163483630181453,0.0,0.11120404488949225,9.999949532916094e-06,0.9984483464876905,0.005000000000013667,0.9999903694855109,0.11120404488949225
0.7585000000000005,0.01634915249182951,0.0,0.11120412736192153,9.999949532916094e-06,0.9985075695914842,0.005000000000013671,0.999991090605903,0.11120412736192153
0.7590000000000006,0.01634994196551372,0.0,0.11120420688095678,9.999949532916094e-06,0.9985667927339178,0.005000000000013674,0.9999917836677298,0.11120420688095678
0.7595000000000006,0.01635073143919793,0.0,0.11120428344626661,9.999949532916094e-06,0.9986260159149953,0.005000000000013678,0.9999924486709366,0.11120428344626661
0.7600000000000006,0.01635152091288214,0.0,0.11120435705756944,9.999949532916094e-06,0.9986852391347208,0.005000000000013682,0.9999930856154685,0.11120435705756944
0.7605000000000005,0.01635231038656635,0.0,0.11120442771452413,9.999949532916094e-06,0.9987444623930984,0.005000000000013685,0.9999936945012706,0.11120442771452413
0.7610000000000006,0.01635309986025056,0.0,0.1112044954168295,9.999949532916094e-06,0.9988036856901323,0.005000000000013689,0.999994275328288,0.1112044954168295
0.7615000000000006,0.016353889333934772,0.0,0.11120456016417449,9.999949532916094e-06,0.9988629090258263,0.005000000000013692,0.9999948280964658,0.11120456016417449
0.7620000000000006,0.016354678807618983,0.0,0.11120462195624814,9.999949532916094e-06,0.9989221324001846,0.005000000000013696,0.999995352805749,0.11120462195624814
0.7625000000000005,0.016355468281303194,0.0,0.11120468079272972,9.999949532916094e-06,0.9989813558132111,0.005000000000013699,0.9999958494560829,0.11120468079272972
0.7630000000000006,0.016356257754987405,0.0,0.11120473667329857,9.999949532916094e-06,0.9990405792649102,0.005000000000013703,0.9999963180474123,0.11120473667329857
0.7635000000000006,0.016357047228671616,0.0,0.11120478959765408,9.999949532916094e-06,0.9990998027552856,0.005000000000013706,0.9999967585796824,0.11120478959765408
0.7640000000000006,0.016357836702355823,0.0,0.11120483956546588,9.999949532916094e-06,0.9991590262843416,0.00500000000001371,0.9999971710528383,0.11120483956546588
0.7645000000000005,0.016358626176040034,0.0,0.11120488657645344,9.999949532916094e-06,0.9992182498520822,0.005000000000013714,0.9999975554668249,0.11120488657645344
0.7650000000000006,0.016359415649724245,0.0,0.1112049306302867,9.999949532916094e-06,0.9992774734585115,0.005000000000013717,0.9999979118215874,0.1112049306302867
0.7655000000000006,0.016360205123408456,0.0,0.11120497172665551,9.999949532916094e-06,0.9993366971036334,0.005000000000013721,0.9999982401170707,0.11120497172665551
0.7660000000000006,0.016360994597092667,0.0,0.1112050098652499,9.999949532916094e-06,0.9993959207874521,0.005000000000013724,0.9999985403532199,0.1112050098652499
0.7665000000000005,0.016361784070776878,0.0,0.11120504504575002,9.999949532916094e-06,0.9994551445099716,0.005000000000013728,0.9999988125299799,0.11120504504575002
0.7670000000000006,0.01636257354446109,0.0,0.11120507726785608,9.999949532916094e-06,0.999514368271196,0.005000000000013731,0.9999990566472959,0.11120507726785608
0.7675000000000006,0.0163633630181453,0.0,0.11120510653123858,9.999949532916094e-06,0.9995735920711294,0.005000000000013735,0.9999992727051128,0.11120510653123858
0.7680000000000006,0.016364152491829508,0.0,0.111205132835578,9.999949532916094e-06,0.9996328159097758,0.005000000000013738,0.9999994607033755,0.111205132835578
0.7685000000000005,0.01636494196551372,0.0,0.11120515618060475,9.999949532916094e-06,0.9996920397871393,0.005000000000013742,0.9999996206420292,0.11120515618060475
0.7690000000000006,0.01636573143919793,0.0,0.11120517656597972,9.999949532916094e-06,0.9997512637032239,0.005000000000013746,0.9999997525210187,0.11120517656597972
0.7695000000000006,0.01636652091288214,0.0,0.11120519399141364,9.999949532916094e-06,0.9998104876580336,0.0050000000000137495,0.999999856340289,0.11120519399141364
0.7700000000000006,0.01636731038656635,0.0,0.11120520845655765,9.999949532916094e-06,0.9998697116515727,0.005000000000013753,0.9999999320997851,0.11120520845655765
0.7705000000000005,0.016368099860250562,0.0,0.11120521996112273,9.999949532916094e-06,0.9999289356838451,0.0050000000000137565,0.9999999797994519,0.11120521996112273
0.7710000000000006,0.016368889333934773,0.0,0.11120522850480007,9.999949532916094e-06,0.9999881597548549,0.00500000000001376,0.9999999994392343,0.11120522850480007
0.7715000000000006,0.016369678807618984,0.0,0.11120523408726107,9.999949532916094e-06,1.0000473838646062,0.005000000000013763,0.9999999910190775,0.11120523408726107
0.7720000000000006,0.01637046828130319,0.0,0.11120523670820712,9.999949532916094e-06,1.000106608013103,0.005000000000013767,0.9999999545389262,0.11120523670820712
0.7725000000000005,0.016371257754987403,0.0,0.11120523636732975,9.999949532916094e-06,1.0001658322003493,0.00500000000001377,0.9999998899987254,0.11120523636732975
0.7730000000000006,0.016372047228671614,0.0,0.11120523306434053,9.999949532916094e-06,1.000225056426349,0.005000000000013775,0.9999997973984198,0.11120523306434053
0.7735000000000006,0.016372836702355825,0.0,0.11120522679889146,9.999949532916094e-06,1.0002842806911068,0.005000000000013778,0.9999996767379546,0.11120522679889146
0.7740000000000006,0.016373626176040035,0.0,0.1112052175706943,9.999949532916094e-06,1.000343504994626,0.005000000000013782,0.9999995280172747,0.1112052175706943
0.7745000000000005,0.016374415649724246,0.0,0.11120520537943114,9.999949532916094e-06,1.0004027293369113,0.005000000000013785,0.9999993512363248,0.11120520537943114
0.7750000000000006,0.016375205123408457,0.0,0.11120519022477424,9.999949532916094e-06,1.0004619537179666,0.0050000000000137886,0.9999991463950498,0.11120519022477424
0.7755000000000006,0.01637599459709267,0.0,0.11120517210644566,9.999949532916094e-06,1.0005211781377956,0.005000000000013792,0.9999989134933948,0.11120517210644566
0.7760000000000006,0.016376784070776876,0.0,0.11120515102410797,9.999949532916094e-06,1.0005804025964027,0.0050000000000137955,0.9999986525313044,0.11120515102410797
0.7765000000000005,0.016377573544461087,0.0,0.11120512697747352,9.999949532916094e-06,1.0006396270937918,0.0050000000000138,0.9999983635087235,0.11120512697747352
0.7770000000000006,0.016378363018145298,0.0,0.11120509996623495,9.999949532916094e-06,1.000698851629967,0.005000000000013803,0.9999980464255972,0.11120509996623495
0.7775000000000006,0.01637915249182951,0.0,0.11120506999006506,9.999949532916094e-06,1.0007580762049326,0.005000000000013807,0.99999770128187,0.11120506999006506
0.7780000000000006,0.01637994196551372,0.0,0.1112050370486667,9.999949532916094e-06,1.0008173008186922,0.00500000000001381,0.9999973280774871,0.1112050370486667
0.7785000000000005,0.01638073143919793,0.0,0.11120500114174273,9.999949532916094e-06,1.0008765254712502,0.005000000000013814,0.999996926812393,0.11120500114174273
0.7790000000000006,0.01638152091288214,0.0,0.11120496226894645,9.999949532916094e-06,1.0009357501626106,0.005000000000013817,0.9999964974865327,0.11120496226894645
0.7795000000000006,0.016382310386566352,0.0,0.11120492042998106,9.999949532916094e-06,1.0009949748927776,0.005000000000013821,0.999996040099851,0.11120492042998106
0.7800000000000006,0.016383099860250563,0.0,0.11120487562456968,9.999949532916094e-06,1.0010541996617548,0.005000000000013824,0.9999955546522926,0.11120487562456968
0.7805000000000005,0.01638388933393477,0.0,0.11120482785234609,9.999949532916094e-06,1.0011134244695468,0.0050000000000138285,0.9999950411438024,0.11120482785234609
0.7810000000000006,0.016384678807618982,0.0,0.11120477711306352,9.999949532916094e-06,1.0011726493161572,0.005000000000013832,0.9999944995743253,0.11120477711306352
0.7815000000000006,0.016385468281303193,0.0,0.11120472340639576,9.999949532916094e-06,1.0012318742015904,0.005000000000013835,0.9999939299438059,0.11120472340639576
0.7820000000000006,0.016386257754987404,0.0,0.11120466673199683,9.999949532916094e-06,1.0012910991258506,0.005000000000013839,0.9999933322521889,0.11120466673199683
0.7825000000000005,0.016387047228671615,0.0,0.11120460708962032,9.999949532916094e-06,1.0013503240889412,0.005000000000013842,0.9999927064994193,0.11120460708962032
0.7830000000000006,0.016387836702355826,0.0,0.11120454447889064,9.999949532916094e-06,1.001409549090867,0.005000000000013846,0.9999920526854418,0.11120454447889064
0.7835000000000006,0.016388626176040037,0.0,0.11120447889956163,9.999949532916094e-06,1.0014687741316315,0.00500000000001385,0.999991370810201,0.11120447889956163
0.7840000000000006,0.016389415649724244,0.0,0.11120441035126791,9.999949532916094e-06,1.0015279992112391,0.005000000000013854,0.9999906608736419,0.11120441035126791
0.7845000000000005,0.016390205123408455,0.0,0.11120433883375355,9.999949532916094e-06,1.0015872243296937,0.005000000000013857,0.9999899228757089,0.11120433883375355
0.7850000000000006,0.016390994597092666,0.0,0.11120426434667334,9.999949532916094e-06,1.0016464494869997,0.0050000000000138605,0.999989156816347,0.11120426434667334
0.7855000000000006,0.016391784070776877,0.0,0.11120418688975171,9.999949532916094e-06,1.0017056746831605,0.005000000000013864,0.999988362695501,0.11120418688975171
0.7860000000000006,0.016392573544461088,0.0,0.11120410646266354,9.999949532916094e-06,1.0017648999181807,0.0050000000000138675,0.9999875405131152,0.11120410646266354
0.7865000000000005,0.0163933630181453,0.0,0.11120402306509376,9.999949532916094e-06,1.0018241251920643,0.005000000000013871,0.9999866902691347,0.11120402306509376
0.7870000000000006,0.01639415249182951,0.0,0.11120393669676719,9.999949532916094e-06,1.001883350504815,0.005000000000013875,0.999985811963504,0.11120393669676719
0.7875000000000006,0.01639494196551372,0.0,0.11120384735733917,9.999949532916094e-06,1.0019425758564373,0.005000000000013879,0.9999849055961679,0.11120384735733917
0.7880000000000006,0.01639573143919793,0.0,0.11120375504651485,9.999949532916094e-06,1.0020018012469352,0.005000000000013882,0.999983971167071,0.11120375504651485
0.7885000000000005,0.01639652091288214,0.0,0.1112036597639697,9.999949532916094e-06,1.0020610266763126,0.005000000000013886,0.9999830086761581,0.1112036597639697
0.7890000000000006,0.01639731038656635,0.0,0.111203561509439,9.999949532916094e-06,1.0021202521445736,0.005000000000013889,0.9999820181233737,0.111203561509439
0.7895000000000006,0.01639809986025056,0.0,0.11120346028260836,9.999949532916094e-06,1.002179477651722,0.005000000000013893,0.9999809995086626,0.11120346028260836
0.7900000000000006,0.016398889333934772,0.0,0.11120335608313373,9.999949532916094e-06,1.0022387031977626,0.005000000000013897,0.9999799528319693,0.11120335608313373
0.7905000000000005,0.016399678807618983,0.0,0.1112032489107507,9.999949532916094e-06,1.0022979287826987,0.0050000000000139004,0.9999788780932386,0.1112032489107507
0.7910000000000006,0.016400468281303194,0.0,0.11120313876512541,9.999949532916094e-06,1.0023571544065348,0.005000000000013904,0.999977775292415,0.11120313876512541
0.7915000000000006,0.016401257754987405,0.0,0.11120302564598376,9.999949532916094e-06,1.0024163800692747,0.005000000000013907,0.9999766444294432,0.11120302564598376
0.7920000000000006,0.016402047228671616,0.0,0.11120290955297218,9.999949532916094e-06,1.0024756057709228,0.005000000000013911,0.9999754855042678,0.11120290955297218
0.7925000000000005,0.016402836702355823,0.0,0.11120279048579695,9.999949532916094e-06,1.0025348315114828,0.005000000000013914,0.9999742985168336,0.11120279048579695
0.7930000000000006,0.016403626176040034,0.0,0.11120266844419428,9.999949532916094e-06,1.0025940572909589,0.005000000000013919,0.9999730834670849,0.11120266844419428
0.7935000000000006,0.016404415649724245,0.0,0.111202543427811,9.999949532916094e-06,1.0026532831093553,0.005000000000013922,0.9999718403549664,0.111202543427811
0.7940000000000006,0.016405205123408456,0.0,0.11120241543638353,9.999949532916094e-06,1.0027125089666757,0.005000000000013926,0.9999705691804228,0.11120241543638353
0.7945000000000005,0.016405994597092667,0.0,0.11120228446957886,9.999949532916094e-06,1.0027717348629246,0.005000000000013929,0.9999692699433986,0.11120228446957886
0.7950000000000006,0.016406784070776878,0.0,0.11120215052708392,9.999949532916094e-06,1.0028309607981059,0.0050000000000139325,0.9999679426438384,0.11120215052708392
0.7955000000000007,0.01640757354446109,0.0,0.11120201360863555,9.999949532916094e-06,1.0028901867722233,0.005000000000013936,0.9999665872816866,0.11120201360863555
0.7960000000000006,0.0164083630181453,0.0,0.11120187371388116,9.999949532916094e-06,1.0029494127852814,0.00500000000001394,0.999965203856888,0.11120187371388116
0.7965000000000005,0.016409152491829507,0.0,0.11120173084250806,9.999949532916094e-06,1.003008638837284,0.005000000000013944,0.9999637923693871,0.11120173084250806
0.7970000000000006,0.01640994196551372,0.0,0.11120158499425345,9.999949532916094e-06,1.0030678649282354,0.005000000000013947,0.9999623528191284,0.11120158499425345
0.7975000000000007,0.01641073143919793,0.0,0.11120143616881482,9.999949532916094e-06,1.0031270910581394,0.005000000000013951,0.9999608852060564,0.11120143616881482
0.7980000000000006,0.01641152091288214,0.0,0.11120128436586992,9.999949532916094e-06,1.003186317227,0.005000000000013954,0.9999593895301156,0.11120128436586992
0.7985000000000005,0.01641231038656635,0.0,0.11120112958510656,9.999949532916094e-06,1.0032455434348213,0.005000000000013958,0.9999578657912508,0.11120112958510656
0.7990000000000006,0.016413099860250562,0.0,0.11120097182622259,9.999949532916094e-06,1.0033047696816078,0.005000000000013962,0.9999563139894061,0.11120097182622259
0.7995000000000007,0.016413889333934773,0.0,0.1112008110889359,9.999949532916094e-06,1.0033639959673628,0.0050000000000139655,0.9999547341245263,0.1112008110889359
0.8000000000000006,0.016414678807618984,0.0,0.11120064737290485,9.999949532916094e-06,1.0034232222920911,0.005000000000013969,0.9999531261965557,0.11120064737290485
0.8005000000000005,0.01641546828130319,0.0,0.11120048067784752,9.999949532916094e-06,1.0034824486557963,0.0050000000000139724,0.9999514902054389,0.11120048067784752
0.8010000000000006,0.016416257754987403,0.0,0.11120031100347226,9.999949532916094e-06,1.0035416750584827,0.005000000000013976,0.9999498261511205,0.11120031100347226
0.8015000000000007,0.016417047228671613,0.0,0.11120013834946754,9.999949532916094e-06,1.0036009015001541,0.00500000000001398,0.9999481340335448,0.11120013834946754
0.8020000000000006,0.016417836702355824,0.0,0.11119996271552207,9.999949532916094e-06,1.0036601279808148,0.005000000000013984,0.9999464138526563,0.11119996271552207
0.8025000000000005,0.016418626176040035,0.0,0.11119978410132457,9.999949532916094e-06,1.003719354500469,0.005000000000013987,0.9999446656083993,0.11119978410132457
0.8030000000000006,0.016419415649724246,0.0,0.11119960250660377,9.999949532916094e-06,1.0037785810591202,0.005000000000013991,0.9999428893007186,0.11119960250660377
0.8035000000000007,0.016420205123408457,0.0,0.11119941793100883,9.999949532916094e-06,1.003837807656773,0.005000000000013994,0.9999410849295585,0.11119941793100883
0.8040000000000006,0.016420994597092668,0.0,0.11119923037428861,9.999949532916094e-06,1.0038970342934312,0.0050000000000139985,0.9999392524948633,0.11119923037428861
0.8045000000000005,0.016421784070776876,0.0,0.1111990398360826,9.999949532916094e-06,1.003956260969099,0.005000000000014002,0.9999373919965775,0.1111990398360826
0.8050000000000006,0.016422573544461087,0.0,0.1111988463161399,9.999949532916094e-06,1.0040154876837806,0.005000000000014005,0.9999355034346457,0.1111988463161399
0.8055000000000007,0.016423363018145298,0.0,0.11119864981414002,9.999949532916094e-06,1.0040747144374795,0.005000000000014009,0.999933586809012,0.11119864981414002
0.8060000000000006,0.01642415249182951,0.0,0.11119845032979248,9.999949532916094e-06,1.0041339412302002,0.005000000000014012,0.999931642119621,0.11119845032979248
0.8065000000000005,0.01642494196551372,0.0,0.11119824786275717,9.999949532916094e-06,1.004193168061947,0.005000000000014017,0.999929669366417,0.11119824786275717
0.8070000000000006,0.01642573143919793,0.0,0.11119804241278362,9.999949532916094e-06,1.0042523949327231,0.00500000000001402,0.9999276685493446,0.11119804241278362
0.8075000000000007,0.01642652091288214,0.0,0.11119783397952207,9.999949532916094e-06,1.0043116218425334,0.005000000000014024,0.9999256396683479,0.11119783397952207
0.8080000000000006,0.016427310386566352,0.0,0.11119762256268247,9.999949532916094e-06,1.0043708487913818,0.005000000000014027,0.9999235827233715,0.11119762256268247
0.8085000000000006,0.01642809986025056,0.0,0.111197408161965,9.999949532916094e-06,1.0044300757792721,0.0050000000000140305,0.9999214977143597,0.111197408161965
0.8090000000000006,0.01642888933393477,0.0,0.11119719077708984,9.999949532916094e-06,1.0044893028062085,0.005000000000014035,0.9999193846412566,0.11119719077708984
0.8095000000000007,0.016429678807618982,0.0,0.11119697040773752,9.999949532916094e-06,1.004548529872195,0.005000000000014038,0.999917243504007,0.11119697040773752
0.8100000000000006,0.016430468281303193,0.0,0.11119674705360856,9.999949532916094e-06,1.0046077569772358,0.005000000000014042,0.9999150743025549,0.11119674705360856
0.8105000000000006,0.016431257754987404,0.0,0.11119652071441359,9.999949532916094e-06,1.0046669841213347,0.005000000000014045,0.9999128770368448,0.11119652071441359
0.8110000000000006,0.016432047228671615,0.0,0.1111962913898235,9.999949532916094e-06,1.0047262113044961,0.005000000000014049,0.999910651706821,0.1111962913898235
0.8115000000000007,0.016432836702355826,0.0,0.11119605907953922,9.999949532916094e-06,1.004785438526724,0.005000000000014053,0.9999083983124277,0.11119605907953922
0.8120000000000006,0.016433626176040037,0.0,0.11119582378330155,9.999949532916094e-06,1.0048446657880221,0.005000000000014057,0.9999061168536094,0.11119582378330155
0.8125000000000006,0.016434415649724247,0.0,0.11119558550076189,9.999949532916094e-06,1.004903893088395,0.00500000000001406,0.9999038073303104,0.11119558550076189
0.8130000000000006,0.016435205123408455,0.0,0.11119534423161156,9.999949532916094e-06,1.0049631204278464,0.0050000000000140635,0.9999014697424747,0.11119534423161156
0.8135000000000007,0.016435994597092666,0.0,0.1111950999756017,9.999949532916094e-06,1.0050223478063804,0.005000000000014067,0.999899104090047,0.1111950999756017
0.8140000000000006,0.016436784070776877,0.0,0.11119485273242383,9.999949532916094e-06,1.005081575224001,0.005000000000014071,0.9998967103729712,0.11119485273242383
0.8145000000000006,0.016437573544461088,0.0,0.11119460250174976,9.999949532916094e-06,1.0051408026807125,0.005000000000014075,0.9998942885911919,0.11119460250174976
0.8150000000000006,0.0164383630181453,0.0,0.11119434928328123,9.999949532916094e-06,1.005200030176519,0.005000000000014078,0.9998918387446531,0.11119434928328123
0.8155000000000007,0.01643915249182951,0.0,0.11119409307673005,9.999949532916094e-06,1.005259257711424,0.005000000000014082,0.9998893608332993,0.11119409307673005
0.8160000000000006,0.01643994196551372,0.0,0.11119383388177834,9.999949532916094e-06,1.0053184852854324,0.005000000000014086,0.9998868548570745,0.11119383388177834
0.8165000000000006,0.01644073143919793,0.0,0.11119357169816799,9.999949532916094e-06,1.0053777128985475,0.0050000000000140895,0.9998843208159232,0.11119357169816799
0.8170000000000006,0.01644152091288214,0.0,0.11119330652552167,9.999949532916094e-06,1.005436940550774,0.005000000000014093,0.9998817587097893,0.11119330652552167
0.8175000000000007,0.01644231038656635,0.0,0.11119303836363126,9.999949532916094e-06,1.0054961682421153,0.0050000000000140965,0.9998791685386175,0.11119303836363126
0.8180000000000006,0.01644309986025056,0.0,0.11119276721213955,9.999949532916094e-06,1.005555395972576,0.0050000000000141,0.9998765503023516,0.11119276721213955
0.8185000000000006,0.016443889333934772,0.0,0.11119249307076906,9.999949532916094e-06,1.00561462374216,0.005000000000014104,0.9998739040009359,0.11119249307076906
0.8190000000000006,0.016444678807618983,0.0,0.11119221593920257,9.999949532916094e-06,1.0056738515508712,0.005000000000014108,0.9998712296343147,0.11119221593920257
0.8195000000000007,0.016445468281303194,0.0,0.11119193581716288,9.999949532916094e-06,1.0057330793987138,0.005000000000014111,0.9998685272024321,0.11119193581716288
0.8200000000000006,0.016446257754987405,0.0,0.11119165270435294,9.999949532916094e-06,1.0057923072856918,0.005000000000014115,0.9998657967052325,0.11119165270435294
0.8205000000000006,0.016447047228671616,0.0,0.11119136660044598,9.999949532916094e-06,1.0058515352118094,0.005000000000014119,0.9998630381426599,0.11119136660044598
0.8210000000000006,0.016447836702355823,0.0,0.11119107750512536,9.999949532916094e-06,1.0059107631770707,0.0050000000000141225,0.9998602515146583,0.11119107750512536
0.8215000000000007,0.016448626176040034,0.0,0.111190785418164,9.999949532916094e-06,1.0059699911814795,0.005000000000014126,0.9998574368211722,0.111190785418164
0.8220000000000006,0.016449415649724245,0.0,0.11119049033921566,9.999949532916094e-06,1.00602921922504,0.005000000000014129,0.9998545940621456,0.11119049033921566
0.8225000000000006,0.016450205123408456,0.0,0.1111901922679839,9.999949532916094e-06,1.0060884473077563,0.005000000000014134,0.9998517232375227,0.1111901922679839
0.8230000000000006,0.016450994597092667,0.0,0.1111898912041824,9.999949532916094e-06,1.0061476754296323,0.005000000000014137,0.9998488243472475,0.1111898912041824
0.8235000000000007,0.016451784070776878,0.0,0.11118958714750501,9.999949532916094e-06,1.0062069035906724,0.005000000000014141,0.9998458973912644,0.11118958714750501
0.8240000000000006,0.01645257354446109,0.0,0.11118928009765569,9.999949532916094e-06,1.0062661317908803,0.005000000000014144,0.9998429423695173,0.11118928009765569
0.8245000000000006,0.0164533630181453,0.0,0.11118897005432854,9.999949532916094e-06,1.0063253600302604,0.005000000000014148,0.9998399592819504,0.11118897005432854
0.8250000000000006,0.016454152491829507,0.0,0.11118865701721785,9.999949532916094e-06,1.0063845883088165,0.005000000000014152,0.9998369481285077,0.11118865701721785
0.8255000000000007,0.01645494196551372,0.0,0.11118834098606771,9.999949532916094e-06,1.0064438166265526,0.0050000000000141554,0.9998339089091335,0.11118834098606771
0.8260000000000006,0.01645573143919793,0.0,0.1111880219605527,9.999949532916094e-06,1.0065030449834729,0.005000000000014159,0.9998308416237717,0.1111880219605527
0.8265000000000006,0.01645652091288214,0.0,0.11118769994036745,9.999949532916094e-06,1.0065622733795816,0.005000000000014162,0.9998277462723666,0.11118769994036745
0.8270000000000006,0.01645731038656635,0.0,0.11118737492522661,9.999949532916094e-06,1.0066215018148825,0.005000000000014167,0.9998246228548621,0.11118737492522661
0.8275000000000007,0.016458099860250562,0.0,0.11118704691483496,9.999949532916094e-06,1.0066807302893799,0.00500000000001417,0.9998214713712023,0.11118704691483496
0.8280000000000006,0.016458889333934773,0.0,0.11118671590888748,9.999949532916094e-06,1.0067399588030777,0.005000000000014174,0.9998182918213313,0.11118671590888748
0.8285000000000006,0.016459678807618984,0.0,0.1111863819070793,9.999949532916094e-06,1.00679918735598,0.005000000000014177,0.9998150842051932,0.1111863819070793
0.8290000000000006,0.016460468281303195,0.0,0.1111860449091355,9.999949532916094e-06,1.006858415948091,0.0050000000000141815,0.9998118485227319,0.1111860449091355
0.8295000000000007,0.016461257754987402,0.0,0.11118570491472154,9.999949532916094e-06,1.0069176445794144,0.005000000000014185,0.9998085847738916,0.11118570491472154
0.8300000000000006,0.016462047228671613,0.0,0.11118536192358269,9.999949532916094e-06,1.0069768732499547,0.005000000000014188,0.9998052929586163,0.11118536192358269
0.8305000000000006,0.016462836702355824,0.0,0.11118501593541452,9.999949532916094e-06,1.0070361019597156,0.005000000000014192,0.9998019730768499,0.11118501593541452
0.8310000000000006,0.016463626176040035,0.0,0.11118466694990281,9.999949532916094e-06,1.0070953307087014,0.005000000000014196,0.9997986251285367,0.11118466694990281
0.8315000000000007,0.016464415649724246,0.0,0.11118431496677324,9.999949532916094e-06,1.007154559496916,0.0050000000000142,0.9997952491136204,0.11118431496677324
0.8320000000000006,0.016465205123408457,0.0,0.11118395998572181,9.999949532916094e-06,1.0072137883243635,0.005000000000014203,0.9997918450320451,0.11118395998572181
0.8325000000000006,0.016465994597092668,0.0,0.11118360200643461,9.999949532916094e-06,1.007273017191048,0.005000000000014207,0.9997884128837549,0.11118360200643461
0.8330000000000006,0.01646678407077688,0.0,0.11118324102862778,9.999949532916094e-06,1.0073322460969738,0.005000000000014211,0.9997849526686936,0.11118324102862778
0.8335000000000007,0.016467573544461087,0.0,0.11118287705199767,9.999949532916094e-06,1.0073914750421444,0.005000000000014214,0.9997814643868054,0.11118287705199767
0.8340000000000006,0.016468363018145298,0.0,0.11118251007626062,9.999949532916094e-06,1.0074507040265646,0.005000000000014218,0.9997779480380341,0.11118251007626062
0.8345000000000006,0.01646915249182951,0.0,0.11118214010112318,9.999949532916094e-06,1.0075099330502377,0.005000000000014221,0.9997744036223238,0.11118214010112318
0.8350000000000006,0.01646994196551372,0.0,0.1111817671263019,9.999949532916094e-06,1.0075691621131682,0.005000000000014226,0.9997708311396183,0.1111817671263019
0.8355000000000007,0.01647073143919793,0.0,0.11118139115146385,9.999949532916094e-06,1.00762839121536,0.005000000000014229,0.9997672305898617,0.11118139115146385
0.8360000000000006,0.01647152091288214,0.0,0.11118101217633578,9.999949532916094e-06,1.0076876203568175,0.005000000000014233,0.9997636019729977,0.11118101217633578
0.8365000000000006,0.016472310386566352,0.0,0.11118063020062471,9.999949532916094e-06,1.0077468495375443,0.005000000000014237,0.9997599452889706,0.11118063020062471
0.8370000000000006,0.016473099860250563,0.0,0.11118024522403781,9.999949532916094e-06,1.0078060787575447,0.0050000000000142404,0.999756260537724,0.11118024522403781
0.8375000000000007,0.01647388933393477,0.0,0.11117985724625253,9.999949532916094e-06,1.0078653080168227,0.005000000000014244,0.999752547719202,0.11117985724625253
0.8380000000000006,0.01647467880761898,0.0,0.11117946626700605,9.999949532916094e-06,1.0079245373153825,0.005000000000014247,0.9997488068333484,0.11117946626700605
0.8385000000000006,0.016475468281303193,0.0,0.11117907228600596,9.999949532916094e-06,1.0079837666532279,0.005000000000014252,0.9997450378801073,0.11117907228600596
0.8390000000000006,0.016476257754987404,0.0,0.11117867530293002,9.999949532916094e-06,1.0080429960303632,0.005000000000014255,0.9997412408594223,0.11117867530293002
0.8395000000000007,0.016477047228671615,0.0,0.11117827531752579,9.999949532916094e-06,1.0081022254467922,0.005000000000014259,0.9997374157712374,0.11117827531752579
0.8400000000000006,0.016477836702355825,0.0,0.1111778723294415,9.999949532916094e-06,1.0081614549025193,0.005000000000014262,0.9997335626154966,0.1111778723294415
0.8405000000000006,0.016478626176040036,0.0,0.1111774663384349,9.999949532916094e-06,1.0082206843975483,0.0050000000000142665,0.9997296813921436,0.1111774663384349
0.8410000000000006,0.016479415649724247,0.0,0.11117705734418427,9.999949532916094e-06,1.0082799139318834,0.00500000000001427,0.9997257721011225,0.11117705734418427
0.8415000000000007,0.016480205123408455,0.0,0.11117664534637801,9.999949532916094e-06,1.0083391435055287,0.005000000000014273,0.9997218347423767,0.11117664534637801
0.8420000000000006,0.016480994597092666,0.0,0.11117623034477422,9.999949532916094e-06,1.008398373118488,0.005000000000014278,0.9997178693158506,0.11117623034477422
0.8425000000000006,0.016481784070776877,0.0,0.11117581233905159,9.999949532916094e-06,1.0084576027707657,0.005000000000014281,0.9997138758214877,0.11117581233905159
0.8430000000000006,0.016482573544461088,0.0,0.11117539132890877,9.999949532916094e-06,1.0085168324623657,0.005000000000014285,0.999709854259232,0.11117539132890877
0.8435000000000007,0.0164833630181453,0.0,0.11117496731406452,9.999949532916094e-06,1.008576062193292,0.005000000000014288,0.9997058046290271,0.11117496731406452
0.8440000000000006,0.01648415249182951,0.0,0.11117454029423766,9.999949532916094e-06,1.0086352919635486,0.0050000000000142925,0.999701726930817,0.11117454029423766
0.8445000000000006,0.01648494196551372,0.0,0.11117411026910735,9.999949532916094e-06,1.0086945217731398,0.005000000000014296,0.9996976211645456,0.11117411026910735
0.8450000000000006,0.01648573143919793,0.0,0.11117367723838271,9.999949532916094e-06,1.0087537516220697,0.005000000000014299,0.9996934873301564,0.11117367723838271
0.8455000000000007,0.016486520912882142,0.0,0.11117324120180286,9.999949532916094e-06,1.008812981510342,0.005000000000014304,0.9996893254275935,0.11117324120180286
0.8460000000000006,0.01648731038656635,0.0,0.11117280215900757,9.999949532916094e-06,1.0088722114379611,0.005000000000014307,0.9996851354568005,0.11117280215900757
0.8465000000000006,0.01648809986025056,0.0,0.11117236010978589,9.999949532916094e-06,1.0089314414049309,0.005000000000014311,0.9996809174177211,0.11117236010978589
0.8470000000000006,0.016488889333934772,0.0,0.11117191505379773,9.999949532916094e-06,1.0089906714112555,0.005000000000014314,0.9996766713102994,0.11117191505379773
0.8475000000000007,0.016489678807618983,0.0,0.11117146699076279,9.999949532916094e-06,1.009049901456939,0.0050000000000143185,0.9996723971344788,0.11117146699076279
0.8480000000000006,0.016490468281303194,0.0,0.11117101592040089,9.999949532916094e-06,1.0091091315419853,0.005000000000014322,0.9996680948902033,0.11117101592040089
0.8485000000000006,0.016491257754987405,0.0,0.11117056184240219,9.999949532916094e-06,1.0091683616663987,0.0050000000000143255,0.9996637645774165,0.11117056184240219
0.8490000000000006,0.016492047228671616,0.0,0.11117010475647676,9.999949532916094e-06,1.009227591830183,0.00500000000001433,0.9996594061960622,0.11117010475647676
0.8495000000000007,0.016492836702355823,0.0,0.11116964466230504,9.999949532916094e-06,1.0092868220333426,0.005000000000014333,0.9996550197460841,0.11116964466230504
0.8500000000000006,0.016493626176040034,0.0,0.11116918155966704,9.999949532916094e-06,1.0093460522758813,0.005000000000014337,0.999650605227426,0.11116918155966704
0.8505000000000006,0.016494415649724245,0.0,0.11116871544822353,9.999949532916094e-06,1.009405282557803,0.00500000000001434,0.9996461626400316,0.11116871544822353
0.8510000000000006,0.016495205123408456,0.0,0.11116824632767519,9.999949532916094e-06,1.0094645128791124,0.0050000000000143445,0.9996416919838444,0.11116824632767519
0.8515000000000007,0.016495994597092667,0.0,0.11116777419775267,9.999949532916094e-06,1.009523743239813,0.005000000000014348,0.9996371932588085,0.11116777419775267
0.8520000000000006,0.016496784070776878,0.0,0.11116729905816684,9.999949532916094e-06,1.009582973639909,0.0050000000000143515,0.9996326664648673,0.11116729905816684
0.8525000000000006,0.01649757354446109,0.0,0.11116682090859888,9.999949532916094e-06,1.0096422040794044,0.005000000000014356,0.9996281116019645,0.11116682090859888
0.8530000000000006,0.0164983630181453,0.0,0.11116633974879969,9.999949532916094e-06,1.0097014345583033,0.005000000000014359,0.9996235286700438,0.11116633974879969
0.8535000000000007,0.01649915249182951,0.0,0.11116585557843081,9.999949532916094e-06,1.00976066507661,0.005000000000014363,0.999618917669049,0.11116585557843081
0.8540000000000006,0.016499941965513718,0.0,0.11116536839721353,9.999949532916094e-06,1.0098198956343283,0.005000000000014367,0.9996142785989236,0.11116536839721353
0.8545000000000006,0.01650073143919793,0.0,0.11116487820489919,9.999949532916094e-06,1.0098791262314621,0.0050000000000143706,0.9996096114596114,0.11116487820489919
0.8550000000000006,0.01650152091288214,0.0,0.11116438500114965,9.999949532916094e-06,1.009938356868016,0.005000000000014374,0.9996049162510559,0.11116438500114965
0.8555000000000007,0.01650231038656635,0.0,0.11116388878570652,9.999949532916094e-06,1.0099975875439935,0.0050000000000143775,0.9996001929732008,0.11116388878570652
0.8560000000000006,0.016503099860250562,0.0,0.11116338955825182,9.999949532916094e-06,1.0100568182593992,0.005000000000014382,0.9995954416259897,0.11116338955825182
0.8565000000000006,0.016503889333934773,0.0,0.11116288731850754,9.999949532916094e-06,1.0101160490142367,0.005000000000014385,0.9995906622093662,0.11116288731850754
0.8570000000000007,0.016504678807618984,0.0,0.11116238206619572,9.999949532916094e-06,1.0101752798085102,0.005000000000014389,0.9995858547232741,0.11116238206619572
0.8575000000000007,0.016505468281303195,0.0,0.11116187380100875,9.999949532916094e-06,1.010234510642224,0.005000000000014393,0.9995810191676568,0.11116187380100875
0.8580000000000007,0.016506257754987402,0.0,0.11116136252264906,9.999949532916094e-06,1.0102937415153816,0.005000000000014397,0.999576155542458,0.11116136252264906
0.8585000000000006,0.016507047228671613,0.0,0.11116084823085896,9.999949532916094e-06,1.0103529724279876,0.0050000000000144,0.9995712638476213,0.11116084823085896
0.8590000000000007,0.016507836702355824,0.0,0.11116033092533124,9.999949532916094e-06,1.010412203380046,0.005000000000014404,0.9995663440830902,0.11116033092533124
0.8595000000000007,0.016508626176040035,0.0,0.11115981060577863,9.999949532916094e-06,1.0104714343715606,0.005000000000014408,0.9995613962488084,0.11115981060577863
0.8600000000000007,0.016509415649724246,0.0,0.11115928727190409,9.999949532916094e-06,1.0105306654025357,0.005000000000014411,0.9995564203447194,0.11115928727190409
0.8605000000000006,0.016510205123408457,0.0,0.11115876092343054,9.999949532916094e-06,1.0105898964729751,0.005000000000014416,0.9995514163707667,0.11115876092343054
0.8610000000000007,0.016510994597092668,0.0,0.11115823156005124,9.999949532916094e-06,1.0106491275828833,0.005000000000014419,0.9995463843268939,0.11115823156005124
0.8615000000000007,0.01651178407077688,0.0,0.1111576991814894,9.999949532916094e-06,1.010708358732264,0.005000000000014423,0.9995413242130445,0.1111576991814894
0.8620000000000007,0.016512573544461086,0.0,0.11115716378744846,9.999949532916094e-06,1.0107675899211213,0.005000000000014427,0.9995362360291623,0.11115716378744846
0.8625000000000006,0.016513363018145297,0.0,0.11115662537766184,9.999949532916094e-06,1.0108268211494593,0.00500000000001443,0.9995311197751905,0.11115662537766184
0.8630000000000007,0.01651415249182951,0.0,0.11115608395182325,9.999949532916094e-06,1.0108860524172822,0.005000000000014434,0.9995259754510727,0.11115608395182325
0.8635000000000007,0.01651494196551372,0.0,0.1111555395096564,9.999949532916094e-06,1.0109452837245938,0.005000000000014438,0.9995208030567526,0.1111555395096564
0.8640000000000007,0.01651573143919793,0.0,0.11115499205084538,9.999949532916094e-06,1.0110045150713984,0.005000000000014442,0.9995156025921734,0.11115499205084538
0.8645000000000006,0.01651652091288214,0.0,0.11115444157513402,9.999949532916094e-06,1.0110637464577,0.005000000000014445,0.9995103740572789,0.11115444157513402
0.8650000000000007,0.016517310386566352,0.0,0.1111538880822265,9.999949532916094e-06,1.0111229778835025,0.0050000000000144495,0.9995051174520124,0.1111538880822265
0.8655000000000007,0.016518099860250563,0.0,0.11115333157182718,9.999949532916094e-06,1.01118220934881,0.005000000000014453,0.9994998327763175,0.11115333157182718
0.8660000000000007,0.01651888933393477,0.0,0.11115277204363053,9.999949532916094e-06,1.0112414408536268,0.005000000000014456,0.9994945200301376,0.11115277204363053
0.8665000000000006,0.01651967880761898,0.0,0.11115220949739087,9.999949532916094e-06,1.0113006723979567,0.005000000000014461,0.9994891792134163,0.11115220949739087
0.8670000000000007,0.016520468281303193,0.0,0.1111516439327731,9.999949532916094e-06,1.0113599039818042,0.005000000000014464,0.9994838103260968,0.1111516439327731
0.8675000000000007,0.016521257754987403,0.0,0.11115107534955168,9.999949532916094e-06,1.0114191356051727,0.005000000000014468,0.9994784133681227,0.11115107534955168
0.8680000000000007,0.016522047228671614,0.0,0.11115050374738185,9.999949532916094e-06,1.0114783672680667,0.005000000000014472,0.9994729883394375,0.11115050374738185
0.8685000000000006,0.016522836702355825,0.0,0.11114992912599848,9.999949532916094e-06,1.0115375989704902,0.0050000000000144755,0.9994675352399846,0.11114992912599848
0.8690000000000007,0.016523626176040036,0.0,0.1111493514851267,9.999949532916094e-06,1.0115968307124472,0.005000000000014479,0.9994620540697073,0.1111493514851267
0.8695000000000007,0.016524415649724247,0.0,0.1111487708244619,9.999949532916094e-06,1.0116560624939417,0.005000000000014483,0.9994565448285493,0.1111487708244619
0.8700000000000007,0.016525205123408458,0.0,0.11114818714370951,9.999949532916094e-06,1.011715294314978,0.005000000000014487,0.9994510075164538,0.11114818714370951
0.8705000000000006,0.016525994597092666,0.0,0.11114760044259503,9.999949532916094e-06,1.01177452617556,0.00500000000001449,0.9994454421333642,0.11114760044259503
0.8710000000000007,0.016526784070776877,0.0,0.11114701072085402,9.999949532916094e-06,1.0118337580756915,0.005000000000014495,0.999439848679224,0.11114701072085402
0.8715000000000007,0.016527573544461088,0.0,0.11114641797816244,9.999949532916094e-06,1.0118929900153772,0.005000000000014498,0.9994342271539766,0.11114641797816244
0.8720000000000007,0.0165283630181453,0.0,0.11114582221425612,9.999949532916094e-06,1.0119522219946206,0.0050000000000145015,0.9994285775575652,0.11114582221425612
0.8725000000000006,0.01652915249182951,0.0,0.1111452234288511,9.999949532916094e-06,1.012011454013426,0.005000000000014506,0.9994228998899334,0.1111452234288511
0.8730000000000007,0.01652994196551372,0.0,0.11114462162165355,9.999949532916094e-06,1.0120706860717974,0.005000000000014509,0.9994171941510245,0.11114462162165355
0.8735000000000007,0.01653073143919793,0.0,0.11114401679237983,9.999949532916094e-06,1.0121299181697387,0.005000000000014513,0.9994114603407818,0.11114401679237983
0.8740000000000007,0.01653152091288214,0.0,0.11114340894071648,9.999949532916094e-06,1.0121891503072544,0.005000000000014517,0.9994056984591486,0.11114340894071648
0.8745000000000006,0.01653231038656635,0.0,0.11114279806641983,9.999949532916094e-06,1.0122483824843482,0.005000000000014521,0.9993999085060684,0.11114279806641983
0.8750000000000007,0.01653309986025056,0.0,0.11114218416918666,9.999949532916094e-06,1.0123076147010244,0.005000000000014524,0.9993940904814845,0.11114218416918666
0.8755000000000007,0.01653388933393477,0.0,0.11114156724874372,9.999949532916094e-06,1.0123668469572868,0.005000000000014528,0.9993882443853401,0.11114156724874372
0.8760000000000007,0.016534678807618983,0.0,0.11114094730480792,9.999949532916094e-06,1.0124260792531394,0.005000000000014532,0.9993823702175788,0.11114094730480792
0.8765000000000006,0.016535468281303194,0.0,0.11114032433705655,9.999949532916094e-06,1.0124853115885868,0.005000000000014535,0.9993764679781436,0.11114032433705655
0.8770000000000007,0.016536257754987405,0.0,0.11113969834524655,9.999949532916094e-06,1.0125445439636325,0.00500000000001454,0.9993705376669779,0.11113969834524655
0.8775000000000007,0.016537047228671616,0.0,0.11113906932905544,9.999949532916094e-06,1.012603776378281,0.005000000000014543,0.9993645792840251,0.11113906932905544
0.8780000000000007,0.016537836702355826,0.0,0.11113843728824045,9.999949532916094e-06,1.012663008832536,0.005000000000014547,0.9993585928292285,0.11113843728824045
0.8785000000000006,0.016538626176040034,0.0,0.11113780222247936,9.999949532916094e-06,1.0127222413264014,0.005000000000014551,0.9993525783025312,0.11113780222247936
0.8790000000000007,0.016539415649724245,0.0,0.11113716413150972,9.999949532916094e-06,1.012781473859882,0.0050000000000145544,0.9993465357038767,0.11113716413150972
0.8795000000000007,0.016540205123408456,0.0,0.11113652301504938,9.999949532916094e-06,1.0128407064329812,0.005000000000014559,0.999340465033208,0.11113652301504938
0.8800000000000007,0.016540994597092667,0.0,0.11113587887279637,9.999949532916094e-06,1.0128999390457034,0.005000000000014562,0.9993343662904686,0.11113587887279637
0.8805000000000006,0.016541784070776878,0.0,0.11113523170448865,9.999949532916094e-06,1.0129591716980524,0.005000000000014566,0.9993282394756016,0.11113523170448865
0.8810000000000007,0.01654257354446109,0.0,0.11113458150982453,9.999949532916094e-06,1.0130184043900325,0.00500000000001457,0.9993220845885503,0.11113458150982453
0.8815000000000007,0.0165433630181453,0.0,0.11113392828853227,9.999949532916094e-06,1.0130776371216477,0.0050000000000145735,0.999315901629258,0.11113392828853227
0.8820000000000007,0.01654415249182951,0.0,0.11113327204032039,9.999949532916094e-06,1.013136869892902,0.005000000000014577,0.9993096905976678,0.11113327204032039
0.8825000000000006,0.016544941965513718,0.0,0.11113261276488756,9.999949532916094e-06,1.0131961027037995,0.005000000000014581,0.9993034514937231,0.11113261276488756
0.8830000000000007,0.01654573143919793,0.0,0.11113195046200222,9.999949532916094e-06,1.013255335554344,0.005000000000014585,0.9992971843173669,0.11113195046200222
0.8835000000000007,0.01654652091288214,0.0,0.11113128513131358,9.999949532916094e-06,1.0133145684445404,0.005000000000014589,0.9992908890685426,0.11113128513131358
0.8840000000000007,0.01654731038656635,0.0,0.11113061677260029,9.999949532916094e-06,1.0133738013743918,0.005000000000014593,0.9992845657471933,0.11113061677260029
0.8845000000000006,0.016548099860250562,0.0,0.11112994538555158,9.999949532916094e-06,1.0134330343439026,0.005000000000014596,0.9992782143532621,0.11112994538555158
0.8850000000000007,0.016548889333934773,0.0,0.11112927096988669,9.999949532916094e-06,1.013492267353077,0.0050000000000146,0.9992718348866924,0.11112927096988669
0.8855000000000007,0.016549678807618984,0.0,0.11112859352532495,9.999949532916094e-06,1.0135515004019189,0.005000000000014604,0.9992654273474272,0.11112859352532495
0.8860000000000007,0.016550468281303195,0.0,0.11112791305157588,9.999949532916094e-06,1.0136107334904325,0.005000000000014607,0.9992589917354097,0.11112791305157588
0.8865000000000006,0.016551257754987402,0.0,0.11112722954833919,9.999949532916094e-06,1.0136699666186217,0.005000000000014612,0.9992525280505831,0.11112722954833919
0.8870000000000007,0.016552047228671613,0.0,0.1111265430153744,9.999949532916094e-06,1.0137291997864908,0.005000000000014615,0.9992460362928904,0.1111265430153744
0.8875000000000007,0.016552836702355824,0.0,0.11112585345238146,9.999949532916094e-06,1.0137884329940436,0.0050000000000146195,0.999239516462275,0.11112585345238146
0.8880000000000007,0.016553626176040035,0.0,0.11112516085908036,9.999949532916094e-06,1.0138476662412843,0.005000000000014623,0.9992329685586799,0.11112516085908036
0.8885000000000006,0.016554415649724246,0.0,0.11112446523518128,9.999949532916094e-06,1.013906899528217,0.005000000000014626,0.9992263925820483,0.11112446523518128
0.8890000000000007,0.016555205123408457,0.0,0.11112376658042432,9.999949532916094e-06,1.0139661328548455,0.005000000000014631,0.9992197885323232,0.11112376658042432
0.8895000000000007,0.016555994597092668,0.0,0.1111230648944901,9.999949532916094e-06,1.0140253662211742,0.005000000000014634,0.9992131564094477,0.1111230648944901
0.8900000000000007,0.01655678407077688,0.0,0.11112236017711898,9.999949532916094e-06,1.014084599627207,0.005000000000014638,0.9992064962133651,0.11112236017711898
0.8905000000000006,0.016557573544461086,0.0,0.1111216524280117,9.999949532916094e-06,1.014143833072948,0.005000000000014642,0.9991998079440183,0.1111216524280117
0.8910000000000007,0.016558363018145297,0.0,0.1111209416469089,9.999949532916094e-06,1.0142030665584014,0.0050000000000146455,0.9991930916013505,0.1111209416469089
0.8915000000000007,0.01655915249182951,0.0,0.11112022783354142,9.999949532916094e-06,1.0142623000835709,0.00500000000001465,0.9991863471853047,0.11112022783354142
0.8920000000000007,0.01655994196551372,0.0,0.11111951098761035,9.999949532916094e-06,1.0143215336484608,0.005000000000014653,0.999179574695824,0.11111951098761035
0.8925000000000006,0.01656073143919793,0.0,0.1111187911088269,9.999949532916094e-06,1.0143807672530751,0.005000000000014657,0.9991727741328515,0.1111187911088269
0.8930000000000007,0.01656152091288214,0.0,0.11111806819692228,9.999949532916094e-06,1.014440000897418,0.005000000000014661,0.9991659454963303,0.11111806819692228
0.8935000000000007,0.016562310386566352,0.0,0.11111734225159799,9.999949532916094e-06,1.0144992345814934,0.005000000000014665,0.9991590887862033,0.11111734225159799
0.8940000000000007,0.016563099860250563,0.0,0.1111166132725855,9.999949532916094e-06,1.0145584683053055,0.005000000000014669,0.9991522040024137,0.1111166132725855
0.8945000000000006,0.016563889333934774,0.0,0.11111588125963627,9.999949532916094e-06,1.014617702068858,0.005000000000014672,0.9991452911449045,0.11111588125963627
0.8950000000000007,0.01656467880761898,0.0,0.11111514621237267,9.999949532916094e-06,1.0146769358721557,0.005000000000014676,0.9991383502136185,0.11111514621237267
0.8955000000000007,0.016565468281303192,0.0,0.11111440813064587,9.999949532916094e-06,1.0147361697152018,0.00500000000001468,0.9991313812084991,0.11111440813064587
0.8960000000000007,0.016566257754987403,0.0,0.11111366701408841,9.999949532916094e-06,1.014795403598001,0.005000000000014684,0.999124384129489,0.11111366701408841
0.8965000000000006,0.016567047228671614,0.0,0.11111292286244231,9.999949532916094e-06,1.014854637520557,0.005000000000014688,0.9991173589765314,0.11111292286244231
0.8970000000000007,0.016567836702355825,0.0,0.11111217567541998,9.999949532916094e-06,1.014913871482874,0.0050000000000146915,0.9991103057495693,0.11111217567541998
0.8975000000000007,0.016568626176040036,0.0,0.11111142545275374,9.999949532916094e-06,1.0149731054849562,0.005000000000014695,0.9991032244485455,0.11111142545275374
0.8980000000000007,0.016569415649724247,0.0,0.11111067219417609,9.999949532916094e-06,1.0150323395268073,0.005000000000014699,0.9990961150734031,0.11111067219417609
0.8985000000000006,0.016570205123408455,0.0,0.11110991589936993,9.999949532916094e-06,1.0150915736084316,0.005000000000014703,0.9990889776240852,0.11110991589936993
0.8990000000000007,0.016570994597092666,0.0,0.11110915656808792,9.999949532916094e-06,1.0151508077298332,0.005000000000014707,0.9990818121005345,0.11110915656808792
0.8995000000000007,0.016571784070776877,0.0,0.11110839420003311,9.999949532916094e-06,1.0152100418910162,0.0050000000000147106,0.9990746185026942,0.11110839420003311
0.9000000000000007,0.016572573544461087,0.0,0.11110762879494843,9.999949532916094e-06,1.0152692760919844,0.005000000000014714,0.999067396830507,0.11110762879494843
0.9005000000000006,0.0165733630181453,0.0,0.11110686035253721,9.999949532916094e-06,1.015328510332742,0.005000000000014718,0.9990601470839161,0.11110686035253721
0.9010000000000007,0.01657415249182951,0.0,0.11110608887251282,9.999949532916094e-06,1.0153877446132933,0.005000000000014722,0.9990528692628643,0.11110608887251282
0.9015000000000007,0.01657494196551372,0.0,0.1111053143546186,9.999949532916094e-06,1.015446978933642,0.005000000000014726,0.9990455633672944,0.1111053143546186
0.9020000000000007,0.01657573143919793,0.0,0.1111045367985483,9.999949532916094e-06,1.0155062132937924,0.00500000000001473,0.9990382293971497,0.1111045367985483
0.9025000000000006,0.016576520912882142,0.0,0.11110375620406542,9.999949532916094e-06,1.0155654476937483,0.005000000000014733,0.9990308673523728,0.11110375620406542
0.9030000000000007,0.01657731038656635,0.0,0.11110297257083412,9.999949532916094e-06,1.015624682133514,0.0050000000000147374,0.9990234772329066,0.11110297257083412
0.9035000000000007,0.01657809986025056,0.0,0.11110218589862808,9.999949532916094e-06,1.0156839166130935,0.005000000000014741,0.9990160590386941,0.11110218589862808
0.9040000000000007,0.01657888933393477,0.0,0.11110139618714161,9.999949532916094e-06,1.015743151132491,0.005000000000014745,0.9990086127696782,0.11110139618714161
0.9045000000000006,0.016579678807618983,0.0,0.11110060343612874,9.999949532916094e-06,1.0158023856917102,0.005000000000014749,0.9990011384258017,0.11110060343612874
0.9050000000000007,0.016580468281303194,0.0,0.1110998076452641,9.999949532916094e-06,1.0158616202907556,0.005000000000014753,0.9989936360070075,0.1110998076452641
0.9055000000000007,0.016581257754987404,0.0,0.11109900881431196,9.999949532916094e-06,1.0159208549296308,0.0050000000000147565,0.9989861055132386,0.11109900881431196
0.9060000000000007,0.016582047228671615,0.0,0.11109820694296713,9.999949532916094e-06,1.0159800896083402,0.00500000000001476,0.9989785469444377,0.11109820694296713
0.9065000000000006,0.016582836702355826,0.0,0.11109740203095435,9.999949532916094e-06,1.016039324326888,0.005000000000014764,0.9989709603005476,0.11109740203095435
0.9070000000000007,0.016583626176040034,0.0,0.11109659407799846,9.999949532916094e-06,1.0160985590852776,0.005000000000014768,0.9989633455815113,0.11109659407799846
0.9075000000000008,0.016584415649724245,0.0,0.11109578308383444,9.999949532916094e-06,1.0161577938835138,0.005000000000014772,0.9989557027872715,0.11109578308383444
0.9080000000000007,0.016585205123408456,0.0,0.11109496904819736,9.999949532916094e-06,1.0162170287216001,0.005000000000014776,0.9989480319177712,0.11109496904819736
0.9085000000000006,0.016585994597092667,0.0,0.11109415197077273,9.999949532916094e-06,1.016276263599541,0.00500000000001478,0.998940332972953,0.11109415197077273
0.9090000000000007,0.016586784070776878,0.0,0.11109333185130581,9.999949532916094e-06,1.0163354985173405,0.005000000000014783,0.9989326059527599,0.11109333185130581
0.9095000000000008,0.01658757354446109,0.0,0.1110925086895221,9.999949532916094e-06,1.0163947334750023,0.005000000000014787,0.9989248508571346,0.1110925086895221
0.9100000000000007,0.0165883630181453,0.0,0.11109168248514731,9.999949532916094e-06,1.0164539684725307,0.005000000000014791,0.9989170676860198,0.11109168248514731
0.9105000000000006,0.01658915249182951,0.0,0.1110908532378873,9.999949532916094e-06,1.0165132035099298,0.005000000000014795,0.9989092564393586,0.1110908532378873
0.9110000000000007,0.01658994196551372,0.0,0.11109002094747793,9.999949532916094e-06,1.0165724385872037,0.005000000000014799,0.9989014171170935,0.11109002094747793
0.9115000000000008,0.01659073143919793,0.0,0.11108918561362538,9.999949532916094e-06,1.0166316737043564,0.0050000000000148025,0.9988935497191673,0.11108918561362538
0.9120000000000007,0.01659152091288214,0.0,0.11108834723608564,9.999949532916094e-06,1.0166909088613918,0.005000000000014807,0.9988856542455229,0.11108834723608564
0.9125000000000006,0.01659231038656635,0.0,0.11108750581456513,9.999949532916094e-06,1.0167501440583142,0.00500000000001481,0.9988777306961029,0.11108750581456513
0.9130000000000007,0.016593099860250562,0.0,0.11108666134879025,9.999949532916094e-06,1.0168093792951276,0.005000000000014814,0.9988697790708502,0.11108666134879025
0.9135000000000008,0.016593889333934773,0.0,0.11108581383849755,9.999949532916094e-06,1.016868614571836,0.005000000000014818,0.9988617993697074,0.11108581383849755
0.9140000000000007,0.016594678807618984,0.0,0.1110849632833839,9.999949532916094e-06,1.0169278498884435,0.005000000000014822,0.9988537915926173,0.1110849632833839
0.9145000000000006,0.016595468281303195,0.0,0.11108410968320591,9.999949532916094e-06,1.016987085244954,0.005000000000014826,0.9988457557395226,0.11108410968320591
0.9150000000000007,0.016596257754987402,0.0,0.11108325303763092,9.999949532916094e-06,1.017046320641372,0.005000000000014829,0.9988376918103662,0.11108325303763092
0.9155000000000008,0.016597047228671613,0.0,0.11108239334645557,9.999949532916094e-06,1.0171055560777011,0.005000000000014834,0.9988295998050905,0.11108239334645557
0.9160000000000007,0.016597836702355824,0.0,0.11108153060936737,9.999949532916094e-06,1.0171647915539457,0.005000000000014837,0.9988214797236383,0.11108153060936737
0.9165000000000006,0.016598626176040035,0.0,0.11108066482610354,9.999949532916094e-06,1.0172240270701096,0.0050000000000148415,0.9988133315659525,0.11108066482610354
0.9170000000000007,0.016599415649724246,0.0,0.11107979599639159,9.999949532916094e-06,1.017283262626197,0.005000000000014845,0.9988051553319757,0.11107979599639159
0.9175000000000008,0.016600205123408457,0.0,0.11107892411995914,9.999949532916094e-06,1.0173424982222117,0.0050000000000148485,0.9987969510216503,0.11107892411995914
0.9180000000000007,0.016600994597092668,0.0,0.11107804919649411,9.999949532916094e-06,1.0174017338581582,0.005000000000014853,0.9987887186349194,0.11107804919649411
0.9185000000000006,0.01660178407077688,0.0,0.11107717122576417,9.999949532916094e-06,1.0174609695340404,0.005000000000014856,0.9987804581717252,0.11107717122576417
0.9190000000000007,0.01660257354446109,0.0,0.11107629020748738,9.999949532916094e-06,1.0175202052498622,0.005000000000014861,0.9987721696320108,0.11107629020748738
0.9195000000000008,0.016603363018145297,0.0,0.11107540614136203,9.999949532916094e-06,1.0175794410056278,0.005000000000014864,0.9987638530157186,0.11107540614136203
0.9200000000000007,0.016604152491829508,0.0,0.11107451902715614,9.999949532916094e-06,1.0176386768013412,0.005000000000014868,0.9987555083227913,0.11107451902715614
0.9205000000000007,0.01660494196551372,0.0,0.11107362886457824,9.999949532916094e-06,1.0176979126370065,0.005000000000014872,0.9987471355531715,0.11107362886457824
0.9210000000000007,0.01660573143919793,0.0,0.111072735653327,9.999949532916094e-06,1.017757148512628,0.005000000000014876,0.9987387347068019,0.111072735653327
0.9215000000000008,0.01660652091288214,0.0,0.11107183939318079,9.999949532916094e-06,1.0178163844282093,0.00500000000001488,0.9987303057836251,0.11107183939318079
0.9220000000000007,0.016607310386566352,0.0,0.11107094008383857,9.999949532916094e-06,1.0178756203837547,0.005000000000014884,0.9987218487835836,0.11107094008383857
0.9225000000000007,0.016608099860250563,0.0,0.1110700377250193,9.999949532916094e-06,1.0179348563792683,0.0050000000000148875,0.9987133637066201,0.1110700377250193
0.9230000000000007,0.016608889333934774,0.0,0.11106913231647192,9.999949532916094e-06,1.017994092414754,0.005000000000014891,0.9987048505526772,0.11106913231647192
0.9235000000000008,0.01660967880761898,0.0,0.1110682238578759,9.999949532916094e-06,1.018053328490216,0.005000000000014895,0.9986963093216974,0.1110682238578759
0.9240000000000007,0.016610468281303192,0.0,0.11106731234903011,9.999949532916094e-06,1.0181125646056584,0.005000000000014899,0.9986877400136234,0.11106731234903011
0.9245000000000007,0.016611257754987403,0.0,0.11106639778960438,9.999949532916094e-06,1.0181718007610852,0.005000000000014903,0.9986791426283977,0.11106639778960438
0.9250000000000007,0.016612047228671614,0.0,0.11106548017935806,9.999949532916094e-06,1.0182310369565004,0.005000000000014907,0.9986705171659629,0.11106548017935806
0.9255000000000008,0.016612836702355825,0.0,0.11106455951801093,9.999949532916094e-06,1.0182902731919081,0.005000000000014911,0.9986618636262614,0.11106455951801093
0.9260000000000007,0.016613626176040036,0.0,0.11106363580528288,9.999949532916094e-06,1.0183495094673125,0.005000000000014914,0.998653182009236,0.11106363580528288
0.9265000000000007,0.016614415649724247,0.0,0.11106270904091382,9.999949532916094e-06,1.0184087457827173,0.005000000000014919,0.9986444723148291,0.11106270904091382
0.9270000000000007,0.016615205123408458,0.0,0.11106177922461394,9.999949532916094e-06,1.018467982138127,0.005000000000014922,0.9986357345429833,0.11106177922461394
0.9275000000000008,0.01661599459709267,0.0,0.1110608463561234,9.999949532916094e-06,1.0185272185335454,0.0050000000000149265,0.998626968693641,0.1110608463561234
0.9280000000000007,0.016616784070776876,0.0,0.11105991043515269,9.999949532916094e-06,1.0185864549689767,0.00500000000001493,0.9986181747667449,0.11105991043515269
0.9285000000000007,0.016617573544461087,0.0,0.11105897146146211,9.999949532916094e-06,1.0186456914444249,0.005000000000014934,0.9986093527622372,0.11105897146146211
0.9290000000000007,0.0166183630181453,0.0,0.11105802943477237,9.999949532916094e-06,1.0187049279598939,0.005000000000014938,0.9986005026800607,0.11105802943477237
0.9295000000000008,0.01661915249182951,0.0,0.11105708435479429,9.999949532916094e-06,1.018764164515388,0.005000000000014942,0.9985916245201578,0.11105708435479429
0.9300000000000007,0.01661994196551372,0.0,0.11105613622126873,9.999949532916094e-06,1.0188234011109112,0.005000000000014946,0.998582718282471,0.11105613622126873
0.9305000000000007,0.01662073143919793,0.0,0.11105518503391672,9.999949532916094e-06,1.0188826377464675,0.00500000000001495,0.9985737839669427,0.11105518503391672
0.9310000000000007,0.016621520912882142,0.0,0.11105423079246944,9.999949532916094e-06,1.018941874422061,0.005000000000014953,0.9985648215735154,0.11105423079246944
0.9315000000000008,0.01662231038656635,0.0,0.11105327349663828,9.999949532916094e-06,1.019001111137696,0.005000000000014958,0.9985558311021318,0.11105327349663828
0.9320000000000007,0.01662309986025056,0.0,0.11105231314621428,9.999949532916094e-06,1.019060347893376,0.005000000000014961,0.9985468125527339,0.11105231314621428
0.9325000000000007,0.01662388933393477,0.0,0.11105134974086932,9.999949532916094e-06,1.0191195846891055,0.0050000000000149656,0.9985377659252644,0.11105134974086932
0.9330000000000007,0.016624678807618982,0.0,0.11105038328035499,9.999949532916094e-06,1.0191788215248885,0.005000000000014969,0.9985286912196659,0.11105038328035499
0.9335000000000008,0.016625468281303193,0.0,0.11104941376440308,9.999949532916094e-06,1.0192380584007288,0.0050000000000149725,0.9985195884358806,0.11104941376440308
0.9340000000000007,0.016626257754987404,0.0,0.11104844119272562,9.999949532916094e-06,1.0192972953166308,0.005000000000014977,0.9985104575738509,0.11104844119272562
0.9345000000000007,0.016627047228671615,0.0,0.11104746556505472,9.999949532916094e-06,1.0193565322725986,0.00500000000001498,0.9985012986335194,0.11104746556505472
0.9350000000000007,0.016627836702355826,0.0,0.11104648688114244,9.999949532916094e-06,1.0194157692686359,0.005000000000014985,0.9984921116148284,0.11104648688114244
0.9355000000000008,0.016628626176040037,0.0,0.11104550514071114,9.999949532916094e-06,1.0194750063047469,0.005000000000014988,0.9984828965177203,0.11104550514071114
0.9360000000000007,0.016629415649724245,0.0,0.11104452034345354,9.999949532916094e-06,1.0195342433809358,0.0050000000000149925,0.9984736533421374,0.11104452034345354
0.9365000000000007,0.016630205123408456,0.0,0.11104353248914202,9.999949532916094e-06,1.0195934804972067,0.005000000000014996,0.9984643820880224,0.11104353248914202
0.9370000000000007,0.016630994597092667,0.0,0.11104254157749935,9.999949532916094e-06,1.0196527176535635,0.005000000000015,0.9984550827553172,0.11104254157749935
0.9375000000000008,0.016631784070776878,0.0,0.11104154760826832,9.999949532916094e-06,1.0197119548500102,0.005000000000015004,0.9984457553439646,0.11104154760826832
0.9380000000000007,0.01663257354446109,0.0,0.11104055058116204,9.999949532916094e-06,1.0197711920865509,0.005000000000015008,0.9984363998539069,0.11104055058116204
0.9385000000000007,0.0166333630181453,0.0,0.11103955049590371,9.999949532916094e-06,1.01983042936319,0.0050000000000150115,0.9984270162850861,0.11103955049590371
0.9390000000000007,0.01663415249182951,0.0,0.11103854735225638,9.999949532916094e-06,1.0198896666799309,0.005000000000015016,0.998417604637445,0.11103854735225638
0.9395000000000008,0.01663494196551372,0.0,0.1110375411499137,9.999949532916094e-06,1.0199489040367784,0.005000000000015019,0.9984081649109257,0.1110375411499137
0.9400000000000007,0.01663573143919793,0.0,0.11103653188859926,9.999949532916094e-06,1.020008141433736,0.005000000000015024,0.9983986971054705,0.11103653188859926
0.9405000000000007,0.01663652091288214,0.0,0.11103551956810631,9.999949532916094e-06,1.0200673788708081,0.005000000000015027,0.9983892012210218,0.11103551956810631
0.9410000000000007,0.01663731038656635,0.0,0.11103450418812892,9.999949532916094e-06,1.0201266163479985,0.0050000000000150315,0.998379677257522,0.11103450418812892
0.9415000000000008,0.01663809986025056,0.0,0.11103348574839104,9.999949532916094e-06,1.0201858538653115,0.005000000000015035,0.9983701252149132,0.11103348574839104
0.9420000000000007,0.016638889333934773,0.0,0.11103246424861679,9.999949532916094e-06,1.0202450914227512,0.005000000000015039,0.9983605450931378,0.11103246424861679
0.9425000000000007,0.016639678807618984,0.0,0.11103143968858013,9.999949532916094e-06,1.0203043290203213,0.005000000000015043,0.9983509368921382,0.11103143968858013
0.9430000000000007,0.016640468281303195,0.0,0.11103041206797558,9.999949532916094e-06,1.0203635666580262,0.005000000000015047,0.9983413006118564,0.11103041206797558
0.9435000000000008,0.016641257754987406,0.0,0.11102938138654754,9.999949532916094e-06,1.0204228043358698,0.0050000000000150506,0.9983316362522351,0.11102938138654754
0.9440000000000007,0.016642047228671613,0.0,0.11102834764401072,9.999949532916094e-06,1.0204820420538563,0.005000000000015055,0.9983219438132163,0.11102834764401072
0.9445000000000007,0.016642836702355824,0.0,0.1110273108401396,9.999949532916094e-06,1.0205412798119895,0.005000000000015058,0.9983122232947422,0.1110273108401396
0.9450000000000007,0.016643626176040035,0.0,0.11102627097463917,9.999949532916094e-06,1.0206005176102737,0.005000000000015063,0.9983024746967553,0.11102627097463917
0.9455000000000008,0.016644415649724246,0.0,0.11102522804724446,9.999949532916094e-06,1.020659755448713,0.005000000000015067,0.9982926980191975,0.11102522804724446
0.9460000000000007,0.016645205123408457,0.0,0.11102418205770048,9.999949532916094e-06,1.020718993327311,0.0050000000000150705,0.9982828932620114,0.11102418205770048
0.9465000000000007,0.016645994597092668,0.0,0.11102313300571268,9.999949532916094e-06,1.0207782312460725,0.005000000000015075,0.998273060425139,0.11102313300571268
0.9470000000000007,0.01664678407077688,0.0,0.11102208089103631,9.999949532916094e-06,1.020837469205001,0.005000000000015078,0.9982631995085225,0.11102208089103631
0.9475000000000008,0.01664757354446109,0.0,0.11102102571338698,9.999949532916094e-06,1.020896707204101,0.005000000000015083,0.9982533105121043,0.11102102571338698
0.9480000000000007,0.016648363018145297,0.0,0.11101996747251033,9.999949532916094e-06,1.020955945243376,0.005000000000015086,0.9982433934358265,0.11101996747251033
0.9485000000000007,0.016649152491829508,0.0,0.11101890616816194,9.999949532916094e-06,1.0210151833228305,0.0050000000000150905,0.9982334482796313,0.11101890616816194
0.9490000000000007,0.01664994196551372,0.0,0.11101784180003804,9.999949532916094e-06,1.0210744214424685,0.005000000000015094,0.9982234750434609,0.11101784180003804
0.9495000000000008,0.01665073143919793,0.0,0.11101677436789449,9.999949532916094e-06,1.021133659602294,0.005000000000015098,0.9982134737272574,0.11101677436789449
0.9500000000000007,0.01665152091288214,0.0,0.1110157038714675,9.999949532916094e-06,1.0211928978023108,0.005000000000015102,0.9982034443309632,0.1110157038714675
0.9505000000000007,0.016652310386566352,0.0,0.11101463031048342,9.999949532916094e-06,1.0212521360425233,0.005000000000015106,0.9981933868545203,0.11101463031048342
0.9510000000000007,0.016653099860250563,0.0,0.11101355368466878,9.999949532916094e-06,1.0213113743229356,0.0050000000000151095,0.9981833012978709,0.11101355368466878
0.9515000000000008,0.016653889333934774,0.0,0.11101247399377007,9.999949532916094e-06,1.0213706126435516,0.005000000000015114,0.9981731876609571,0.11101247399377007
0.9520000000000007,0.016654678807618985,0.0,0.11101139123751406,9.999949532916094e-06,1.0214298510043753,0.005000000000015117,0.9981630459437211,0.11101139123751406
0.9525000000000007,0.016655468281303192,0.0,0.11101030541562769,9.999949532916094e-06,1.021489089405411,0.005000000000015122,0.998152876146105,0.11101030541562769
0.9530000000000007,0.016656257754987403,0.0,0.11100921652786777,9.999949532916094e-06,1.0215483278466626,0.005000000000015125,0.998142678268051,0.11100921652786777
0.9535000000000008,0.016657047228671614,0.0,0.1110081245739615,9.999949532916094e-06,1.021607566328134,0.0050000000000151295,0.9981324523095011,0.1110081245739615
0.9540000000000007,0.016657836702355825,0.0,0.11100702955364611,9.999949532916094e-06,1.0216668048498296,0.005000000000015133,0.9981221982703976,0.11100702955364611
0.9545000000000007,0.016658626176040036,0.0,0.11100593146663912,9.999949532916094e-06,1.0217260434117534,0.005000000000015137,0.9981119161506824,0.11100593146663912
0.9550000000000007,0.016659415649724247,0.0,0.1110048303126979,9.999949532916094e-06,1.0217852820139093,0.005000000000015142,0.9981016059502977,0.1110048303126979
0.9555000000000008,0.016660205123408458,0.0,0.11100372609155013,9.999949532916094e-06,1.0218445206563014,0.005000000000015145,0.9980912676691857,0.11100372609155013
0.9560000000000007,0.016660994597092665,0.0,0.11100261880290382,9.999949532916094e-06,1.0219037593389337,0.0050000000000151494,0.9980809013072883,0.11100261880290382
0.9565000000000007,0.016661784070776876,0.0,0.11100150844654655,9.999949532916094e-06,1.0219629980618106,0.005000000000015153,0.9980705068645476,0.11100150844654655
0.9570000000000007,0.016662573544461087,0.0,0.11100039502218656,9.999949532916094e-06,1.0220222368249356,0.005000000000015157,0.9980600843409058,0.11100039502218656
0.9575000000000008,0.016663363018145298,0.0,0.11099927852955209,9.999949532916094e-06,1.0220814756283134,0.005000000000015161,0.9980496337363048,0.11099927852955209
0.9580000000000007,0.01666415249182951,0.0,0.1109981589684212,9.999949532916094e-06,1.0221407144719474,0.005000000000015165,0.9980391550506867,0.1109981589684212
0.9585000000000007,0.01666494196551372,0.0,0.11099703633846278,9.999949532916094e-06,1.0221999533558424,0.0050000000000151685,0.9980286482839937,0.11099703633846278
0.9590000000000007,0.01666573143919793,0.0,0.11099591063947505,9.999949532916094e-06,1.0222591922800017,0.005000000000015173,0.9980181134361676,0.11099591063947505
0.9595000000000008,0.016666520912882142,0.0,0.11099478187114699,9.999949532916094e-06,1.02231843124443,0.005000000000015176,0.9980075505071506,0.11099478187114699
0.9600000000000007,0.016667310386566353,0.0,0.11099365003324731,9.999949532916094e-06,1.022377670249131,0.005000000000015181,0.9979969594968846,0.11099365003324731
0.9605000000000007,0.01666809986025056,0.0,0.11099251512548516,9.999949532916094e-06,1.0224369092941088,0.005000000000015185,0.9979863404053118,0.11099251512548516
0.9610000000000007,0.01666888933393477,0.0,0.11099137714762948,9.999949532916094e-06,1.0224961483793675,0.0050000000000151885,0.9979756932323739,0.11099137714762948
0.9615000000000008,0.016669678807618982,0.0,0.11099023609938971,9.999949532916094e-06,1.0225553875049114,0.005000000000015193,0.9979650179780132,0.11099023609938971
0.9620000000000007,0.016670468281303193,0.0,0.11098909198053504,9.999949532916094e-06,1.022614626670744,0.005000000000015196,0.9979543146421714,0.11098909198053504
0.9625000000000007,0.016671257754987404,0.0,0.11098794479078512,9.999949532916094e-06,1.02267386587687,0.005000000000015201,0.9979435832247908,0.11098794479078512
0.9630000000000007,0.016672047228671615,0.0,0.11098679452986966,9.999949532916094e-06,1.0227331051232929,0.005000000000015204,0.9979328237258133,0.11098679452986966
0.9635000000000008,0.016672836702355826,0.0,0.11098564119753841,9.999949532916094e-06,1.022792344410017,0.005000000000015208,0.9979220361451806,0.11098564119753841
0.9640000000000007,0.016673626176040037,0.0,0.11098448598364852,9.999949532916094e-06,1.0228515837214607,0.005000000000015212,0.9979112204856843,0.11098448598364852
0.9645000000000007,0.016674415649724245,0.0,0.11098332905541755,9.999949532916094e-06,1.0229108230554338,0.005000000000015216,0.9979003767476904,0.11098332905541755
0.9650000000000007,0.016675205123408456,0.0,0.11098216911285626,9.999949532916094e-06,1.0229700624289624,0.005000000000015221,0.9978895049280383,0.11098216911285626
0.9655000000000008,0.016675994597092667,0.0,0.11098100615590271,9.999949532916094e-06,1.0230293018420475,0.005000000000015224,0.9978786050266715,0.11098100615590271
0.9660000000000007,0.016676784070776877,0.0,0.11097984018448516,9.999949532916094e-06,1.0230885412946906,0.005000000000015228,0.9978676770435335,0.11097984018448516
0.9665000000000007,0.01667757354446109,0.0,0.11097867119855179,9.999949532916094e-06,1.0231477807868932,0.005000000000015232,0.9978567209785678,0.11097867119855179
0.9670000000000007,0.0166783630181453,0.0,0.11097749919804106,9.999949532916094e-06,1.0232070203186565,0.005000000000015236,0.9978457368317178,0.11097749919804106
0.9675000000000008,0.01667915249182951,0.0,0.11097632418292132,9.999949532916094e-06,1.0232662598899818,0.00500000000001524,0.9978347246029273,0.11097632418292132
0.9680000000000007,0.01667994196551372,0.0,0.11097514615311137,9.999949532916094e-06,1.0233254995008705,0.005000000000015244,0.9978236842921395,0.11097514615311137
0.9685000000000007,0.01668073143919793,0.0,0.11097396510855001,9.999949532916094e-06,1.023384739151324,0.0050000000000152475,0.9978126158992981,0.11097396510855001
0.9690000000000007,0.01668152091288214,0.0,0.1109727810492159,9.999949532916094e-06,1.0234439788413436,0.005000000000015252,0.9978015194243465,0.1109727810492159
0.9695000000000008,0.01668231038656635,0.0,0.1109715939750382,9.999949532916094e-06,1.0235032185709307,0.005000000000015256,0.9977903948672282,0.1109715939750382
0.9700000000000008,0.01668309986025056,0.0,0.11097040388598582,9.999949532916094e-06,1.0235624583400864,0.00500000000001526,0.9977792422278867,0.11097040388598582
0.9705000000000007,0.016683889333934773,0.0,0.1109692107819584,9.999949532916094e-06,1.0236216981488124,0.005000000000015264,0.9977680615062655,0.1109692107819584
0.9710000000000008,0.016684678807618984,0.0,0.11096801466292512,9.999949532916094e-06,1.02368093799711,0.005000000000015267,0.9977568527023082,0.11096801466292512
0.9715000000000008,0.016685468281303194,0.0,0.11096681552884542,9.999949532916094e-06,1.0237401778849802,0.005000000000015272,0.997745615815958,0.11096681552884542
0.9720000000000008,0.016686257754987405,0.0,0.11096561337964905,9.999949532916094e-06,1.0237994178124246,0.005000000000015276,0.9977343508471586,0.11096561337964905
0.9725000000000007,0.016687047228671613,0.0,0.11096440821525595,9.999949532916094e-06,1.0238586577794446,0.0050000000000152795,0.9977230577958534,0.11096440821525595
0.9730000000000008,0.016687836702355824,0.0,0.11096320003566565,9.999949532916094e-06,1.0239178977860415,0.005000000000015284,0.9977117366619859,0.11096320003566565
0.9735000000000008,0.016688626176040035,0.0,0.11096198884081822,9.999949532916094e-06,1.0239771378322164,0.005000000000015287,0.9977003874454996,0.11096198884081822
0.9740000000000008,0.016689415649724246,0.0,0.11096077463062402,9.999949532916094e-06,1.024036377917971,0.005000000000015292,0.9976890101463379,0.11096077463062402
0.9745000000000007,0.016690205123408457,0.0,0.11095955740504325,9.999949532916094e-06,1.0240956180433067,0.005000000000015295,0.9976776047644443,0.11095955740504325
0.9750000000000008,0.016690994597092668,0.0,0.11095833716404613,9.999949532916094e-06,1.0241548582082245,0.0050000000000152995,0.9976661712997623,0.11095833716404613
0.9755000000000008,0.01669178407077688,0.0,0.11095711390755335,9.999949532916094e-06,1.024214098412726,0.005000000000015304,0.9976547097522352,0.11095711390755335
0.9760000000000008,0.01669257354446109,0.0,0.11095588763551555,9.999949532916094e-06,1.0242733386568124,0.005000000000015307,0.9976432201218068,0.11095588763551555
0.9765000000000007,0.0166933630181453,0.0,0.11095465834788347,9.999949532916094e-06,1.0243325789404851,0.005000000000015312,0.9976317024084203,0.11095465834788347
0.9770000000000008,0.016694152491829508,0.0,0.11095342604460796,9.999949532916094e-06,1.0243918192637453,0.005000000000015315,0.9976201566120191,0.11095342604460796
0.9775000000000008,0.01669494196551372,0.0,0.11095219072563012,9.999949532916094e-06,1.0244510596265948,0.0050000000000153194,0.9976085827325468,0.11095219072563012
0.9780000000000008,0.01669573143919793,0.0,0.11095095239091098,9.999949532916094e-06,1.0245103000290345,0.005000000000015324,0.9975969807699469,0.11095095239091098
0.9785000000000007,0.01669652091288214,0.0,0.1109497110404018,9.999949532916094e-06,1.0245695404710657,0.005000000000015327,0.9975853507241627,0.1109497110404018
0.9790000000000008,0.016697310386566352,0.0,0.11094846667402415,9.999949532916094e-06,1.0246287809526902,0.005000000000015332,0.9975736925951376,0.11094846667402415
0.9795000000000008,0.016698099860250563,0.0,0.1109472192917494,9.999949532916094e-06,1.024688021473909,0.005000000000015335,0.9975620063828152,0.1109472192917494
0.9800000000000008,0.016698889333934774,0.0,0.11094596889349938,9.999949532916094e-06,1.0247472620347235,0.005000000000015339,0.997550292087139,0.11094596889349938
0.9805000000000007,0.01669967880761898,0.0,0.11094471547924568,9.999949532916094e-06,1.024806502635135,0.005000000000015344,0.9975385497080522,0.11094471547924568
0.9810000000000008,0.016700468281303192,0.0,0.11094345904892038,9.999949532916094e-06,1.0248657432751451,0.005000000000015347,0.9975267792454983,0.11094345904892038
0.9815000000000008,0.016701257754987403,0.0,0.11094219960251515,9.999949532916094e-06,1.0249249839547547,0.0050000000000153515,0.9975149806994209,0.11094219960251515
0.9820000000000008,0.016702047228671614,0.0,0.11094093713991261,9.999949532916094e-06,1.0249842246739658,0.005000000000015355,0.9975031540697632,0.11094093713991261
0.9825000000000007,0.016702836702355825,0.0,0.11093967166113455,9.999949532916094e-06,1.025043465432779,0.005000000000015359,0.9974912993564689,0.11093967166113455
0.9830000000000008,0.016703626176040036,0.0,0.1109384031660539,9.999949532916094e-06,1.0251027062311961,0.005000000000015364,0.997479416559481,0.1109384031660539
0.9835000000000008,0.016704415649724247,0.0,0.11093713165467282,9.999949532916094e-06,1.0251619470692184,0.005000000000015367,0.9974675056787434,0.11093713165467282
0.9840000000000008,0.016705205123408458,0.0,0.11093585712691414,9.999949532916094e-06,1.0252211879468474,0.0050000000000153715,0.9974555667141992,0.11093585712691414
0.9845000000000007,0.01670599459709267,0.0,0.11093457958274054,9.999949532916094e-06,1.025280428864084,0.005000000000015375,0.997443599665792,0.11093457958274054
0.9850000000000008,0.016706784070776876,0.0,0.11093329902208508,9.999949532916094e-06,1.0253396698209298,0.005000000000015379,0.997431604533465,0.11093329902208508
0.9855000000000008,0.016707573544461087,0.0,0.11093201544492062,9.999949532916094e-06,1.0253989108173862,0.005000000000015384,0.9974195813171618,0.11093201544492062
0.9860000000000008,0.016708363018145298,0.0,0.11093072885119035,9.999949532916094e-06,1.0254581518534545,0.005000000000015387,0.9974075300168258,0.11093072885119035
0.9865000000000007,0.01670915249182951,0.0,0.11092943924084754,9.999949532916094e-06,1.025517392929136,0.0050000000000153914,0.9973954506324003,0.11092943924084754
0.9870000000000008,0.01670994196551372,0.0,0.1109281466138158,9.999949532916094e-06,1.0255766340444321,0.005000000000015395,0.9973833431638288,0.1109281466138158
0.9875000000000008,0.01671073143919793,0.0,0.11092685097008834,9.999949532916094e-06,1.025635875199344,0.005000000000015399,0.9973712076110547,0.11092685097008834
0.9880000000000008,0.016711520912882142,0.0,0.11092555230956917,9.999949532916094e-06,1.0256951163938732,0.005000000000015404,0.9973590439740212,0.11092555230956917
0.9885000000000007,0.016712310386566353,0.0,0.11092425063223191,9.999949532916094e-06,1.0257543576280213,0.005000000000015407,0.997346852252672,0.11092425063223191
0.9890000000000008,0.01671309986025056,0.0,0.1109229459380106,9.999949532916094e-06,1.0258135989017891,0.005000000000015411,0.9973346324469502,0.1109229459380106
0.9895000000000008,0.01671388933393477,0.0,0.11092163822689899,9.999949532916094e-06,1.0258728402151782,0.005000000000015415,0.9973223845567994,0.11092163822689899
0.9900000000000008,0.016714678807618982,0.0,0.11092032749881149,9.999949532916094e-06,1.02593208156819,0.005000000000015419,0.997310108582163,0.11092032749881149
0.9905000000000007,0.016715468281303193,0.0,0.11091901375370235,9.999949532916094e-06,1.025991322960826,0.0050000000000154235,0.9972978045229841,0.11091901375370235
0.9910000000000008,0.016716257754987404,0.0,0.11091769699151607,9.999949532916094e-06,1.0260505643930873,0.005000000000015427,0.9972854723792065,0.11091769699151607
0.9915000000000008,0.016717047228671615,0.0,0.11091637721223697,9.999949532916094e-06,1.0261098058649751,0.005000000000015431,0.9972731121507732,0.11091637721223697
0.9920000000000008,0.016717836702355826,0.0,0.1109150544157899,9.999949532916094e-06,1.026169047376491,0.005000000000015436,0.9972607238376279,0.1109150544157899
0.9925000000000007,0.016718626176040037,0.0,0.11091372860211968,9.999949532916094e-06,1.0262282889276364,0.005000000000015439,0.9972483074397137,0.11091372860211968
0.9930000000000008,0.016719415649724245,0.0,0.11091239977118122,9.999949532916094e-06,1.0262875305184125,0.0050000000000154435,0.9972358629569741,0.11091239977118122
0.9935000000000008,0.016720205123408455,0.0,0.1109110679229296,9.999949532916094e-06,1.0263467721488209,0.005000000000015447,0.9972233903893525,0.1109110679229296
0.9940000000000008,0.016720994597092666,0.0,0.11090973305733978,9.999949532916094e-06,1.0264060138188624,0.005000000000015451,0.9972108897367922,0.11090973305733978
0.9945000000000007,0.016721784070776877,0.0,0.1109083951743472,9.999949532916094e-06,1.0264652555285387,0.005000000000015456,0.9971983609992366,0.1109083951743472
0.9950000000000008,0.01672257354446109,0.0,0.1109070542738874,9.999949532916094e-06,1.0265244972778513,0.005000000000015459,0.997185804176629,0.1109070542738874
0.9955000000000008,0.0167233630181453,0.0,0.11090571035592586,9.999949532916094e-06,1.0265837390668013,0.005000000000015463,0.9971732192689129,0.11090571035592586
0.9960000000000008,0.01672415249182951,0.0,0.11090436342042816,9.999949532916094e-06,1.02664298089539,0.005000000000015468,0.9971606062760315,0.11090436342042816
0.9965000000000007,0.01672494196551372,0.0,0.11090301346731037,9.999949532916094e-06,1.026702222763619,0.005000000000015471,0.9971479651979283,0.11090301346731037
0.9970000000000008,0.01672573143919793,0.0,0.11090166049652837,9.999949532916094e-06,1.0267614646714898,0.005000000000015476,0.9971352960345464,0.11090166049652837
0.9975000000000008,0.01672652091288214,0.0,0.1109003045080879,9.999949532916094e-06,1.0268207066190032,0.00500000000001548,0.9971225987858294,0.1109003045080879
0.9980000000000008,0.01672731038656635,0.0,0.11089894550191533,9.999949532916094e-06,1.0268799486061606,0.005000000000015483,0.9971098734517206,0.11089894550191533
0.9985000000000007,0.01672809986025056,0.0,0.11089758347794705,9.999949532916094e-06,1.0269391906329637,0.005000000000015488,0.9970971200321633,0.11089758347794705
0.9990000000000008,0.016728889333934772,0.0,0.1108962184361395,9.999949532916094e-06,1.0269984326994137,0.005000000000015491,0.9970843385271009,0.1108962184361395
0.9995000000000008,0.016729678807618983,0.0,0.11089485037644925,9.999949532916094e-06,1.027057674805512,0.0050000000000154955,0.9970715289364767,0.11089485037644925
1.0000000000000009,0.016730468281303194,0.0,0.11089347929883295,9.999949532916094e-06,1.02711691695126,0.0050000000000155,0.9970586912602338,0.11089347929883295
1.0005000000000008,0.016731257754987405,0.0,0.11089210520323745,9.999949532916094e-06,1.0271761591366588,0.005000000000015503,0.997045825498316,0.11089210520323745
1.0010000000000008,0.016732047228671616,0.0,0.1108907280896197,9.999949532916094e-06,1.02723540136171,0.005000000000015508,0.9970329316506663,0.1108907280896197
1.001500000000001,0.016732836702355824,0.0,0.1108893479579268,9.999949532916094e-06,1.0272946436264148,0.005000000000015512,0.997020009717228,0.1108893479579268
1.002000000000001,0.016733626176040035,0.0,0.11088796480812588,9.999949532916094e-06,1.0273538859307745,0.0050000000000155155,0.9970070596979447,0.11088796480812588
1.0025000000000008,0.016734415649724246,0.0,0.11088657864018416,9.999949532916094e-06,1.0274131282747905,0.00500000000001552,0.9969940815927595,0.11088657864018416
1.0030000000000008,0.016735205123408457,0.0,0.11088518945402928,9.999949532916094e-06,1.027472370658464,0.005000000000015524,0.9969810754016158,0.11088518945402928
1.003500000000001,0.016735994597092668,0.0,0.1108837972496188,9.999949532916094e-06,1.0275316130817969,0.005000000000015528,0.9969680411244569,0.1108837972496188
1.004000000000001,0.01673678407077688,0.0,0.11088240202690046,9.999949532916094e-06,1.0275908555447901,0.005000000000015532,0.9969549787612261,0.11088240202690046
1.0045000000000008,0.01673757354446109,0.0,0.11088100378586188,9.999949532916094e-06,1.0276500980474448,0.005000000000015536,0.9969418883118668,0.11088100378586188
1.0050000000000008,0.0167383630181453,0.0,0.11087960252641134,9.999949532916094e-06,1.0277093405897628,0.00500000000001554,0.996928769776322,0.11087960252641134
1.005500000000001,0.016739152491829508,0.0,0.11087819824851682,9.999949532916094e-06,1.0277685831717451,0.005000000000015544,0.9969156231545355,0.11087819824851682
1.006000000000001,0.01673994196551372,0.0,0.11087679095217623,9.999949532916094e-06,1.027827825793393,0.005000000000015548,0.9969024484464503,0.11087679095217623
1.0065000000000008,0.01674073143919793,0.0,0.11087538063727839,9.999949532916094e-06,1.0278870684547083,0.005000000000015552,0.9968892456520096,0.11087538063727839
1.0070000000000008,0.01674152091288214,0.0,0.11087396730383138,9.999949532916094e-06,1.027946311155692,0.005000000000015556,0.996876014771157,0.11087396730383138
1.007500000000001,0.01674231038656635,0.0,0.11087255095177392,9.999949532916094e-06,1.0280055538963453,0.005000000000015561,0.9968627558038355,0.11087255095177392
1.008000000000001,0.016743099860250563,0.0,0.11087113158105479,9.999949532916094e-06,1.0280647966766698,0.005000000000015564,0.9968494687499887,0.11087113158105479
1.0085000000000008,0.016743889333934774,0.0,0.11086970919162283,9.999949532916094e-06,1.0281240394966669,0.005000000000015568,0.9968361536095597,0.11086970919162283
1.0090000000000008,0.016744678807618985,0.0,0.11086828378344696,9.999949532916094e-06,1.0281832823563377,0.005000000000015573,0.9968228103824918,0.11086828378344696
1.009500000000001,0.016745468281303195,0.0,0.11086685535648624,9.999949532916094e-06,1.0282425252556837,0.005000000000015576,0.9968094390687283,0.11086685535648624
1.010000000000001,0.016746257754987403,0.0,0.11086542391065024,9.999949532916094e-06,1.0283017681947064,0.0050000000000155805,0.9967960396682124,0.11086542391065024
1.0105000000000008,0.016747047228671614,0.0,0.11086398944596779,9.999949532916094e-06,1.0283610111734067,0.005000000000015585,0.9967826121808876,0.11086398944596779
1.0110000000000008,0.016747836702355825,0.0,0.11086255196235861,9.999949532916094e-06,1.0284202541917864,0.005000000000015588,0.996769156606697,0.11086255196235861
1.011500000000001,0.016748626176040036,0.0,0.11086111145976243,9.999949532916094e-06,1.0284794972498468,0.005000000000015593,0.9967556729455839,0.11086111145976243
1.012000000000001,0.016749415649724247,0.0,0.11085966793816876,9.999949532916094e-06,1.028538740347589,0.005000000000015597,0.9967421611974916,0.11085966793816876
1.0125000000000008,0.016750205123408458,0.0,0.11085822139752752,9.999949532916094e-06,1.0285979834850143,0.0050000000000156005,0.9967286213623634,0.11085822139752752
1.0130000000000008,0.01675099459709267,0.0,0.11085677183776885,9.999949532916094e-06,1.0286572266621243,0.005000000000015605,0.9967150534401426,0.11085677183776885
1.013500000000001,0.01675178407077688,0.0,0.11085531925887271,9.999949532916094e-06,1.0287164698789204,0.005000000000015609,0.9967014574307722,0.11085531925887271
1.014000000000001,0.016752573544461087,0.0,0.11085386366077946,9.999949532916094e-06,1.0287757131354036,0.005000000000015613,0.9966878333341959,0.11085386366077946
1.0145000000000008,0.016753363018145298,0.0,0.11085240504346928,9.999949532916094e-06,1.0288349564315755,0.005000000000015617,0.9966741811503566,0.11085240504346928
1.0150000000000008,0.01675415249182951,0.0,0.11085094340688283,9.999949532916094e-06,1.0288941997674375,0.005000000000015621,0.9966605008791977,0.11085094340688283
1.015500000000001,0.01675494196551372,0.0,0.11084947875098067,9.999949532916094e-06,1.0289534431429908,0.005000000000015625,0.9966467925206625,0.11084947875098067
1.016000000000001,0.01675573143919793,0.0,0.1108480110757136,9.999949532916094e-06,1.0290126865582367,0.005000000000015629,0.996633056074694,0.1108480110757136
1.0165000000000008,0.016756520912882142,0.0,0.1108465403810524,9.999949532916094e-06,1.0290719300131768,0.005000000000015633,0.9966192915412359,0.1108465403810524
1.0170000000000008,0.016757310386566353,0.0,0.11084506666695806,9.999949532916094e-06,1.0291311735078121,0.005000000000015637,0.996605498920231,0.11084506666695806
1.017500000000001,0.016758099860250564,0.0,0.1108435899333718,9.999949532916094e-06,1.0291904170421442,0.005000000000015641,0.9965916782116228,0.1108435899333718
1.018000000000001,0.01675888933393477,0.0,0.11084211018023503,9.999949532916094e-06,1.0292496606161743,0.005000000000015646,0.9965778294153544,0.11084211018023503
1.0185000000000008,0.016759678807618982,0.0,0.11084062740754878,9.999949532916094e-06,1.029308904229904,0.005000000000015649,0.9965639525313693,0.11084062740754878
1.0190000000000008,0.016760468281303193,0.0,0.11083914161524477,9.999949532916094e-06,1.0293681478833343,0.005000000000015653,0.9965500475596104,0.11083914161524477
1.019500000000001,0.016761257754987404,0.0,0.11083765280330449,9.999949532916094e-06,1.0294273915764667,0.005000000000015658,0.9965361145000212,0.11083765280330449
1.020000000000001,0.016762047228671615,0.0,0.11083616097165984,9.999949532916094e-06,1.0294866353093026,0.005000000000015662,0.9965221533525448,0.11083616097165984
1.0205000000000009,0.016762836702355826,0.0,0.1108346661202628,9.999949532916094e-06,1.0295458790818435,0.0050000000000156655,0.9965081641171243,0.1108346661202628
1.0210000000000008,0.016763626176040037,0.0,0.11083316824909521,9.999949532916094e-06,1.0296051228940903,0.00500000000001567,0.9964941467937032,0.11083316824909521
1.021500000000001,0.016764415649724248,0.0,0.11083166735810926,9.999949532916094e-06,1.0296643667460448,0.005000000000015674,0.9964801013822246,0.11083166735810926
1.022000000000001,0.016765205123408455,0.0,0.11083016344723741,9.999949532916094e-06,1.0297236106377081,0.005000000000015678,0.9964660278826317,0.11083016344723741
1.0225000000000009,0.016765994597092666,0.0,0.1108286565165016,9.999949532916094e-06,1.0297828545690815,0.005000000000015682,0.9964519262948678,0.1108286565165016
1.0230000000000008,0.016766784070776877,0.0,0.1108271465658147,9.999949532916094e-06,1.0298420985401664,0.005000000000015686,0.996437796618876,0.1108271465658147
1.023500000000001,0.016767573544461088,0.0,0.1108256335951294,9.999949532916094e-06,1.0299013425509644,0.00500000000001569,0.9964236388545995,0.1108256335951294
1.024000000000001,0.0167683630181453,0.0,0.1108241176044283,9.999949532916094e-06,1.0299605866014765,0.005000000000015694,0.9964094530019817,0.1108241176044283
1.0245000000000009,0.01676915249182951,0.0,0.11082259859365445,9.999949532916094e-06,1.0300198306917043,0.0050000000000156985,0.9963952390609656,0.11082259859365445
1.0250000000000008,0.01676994196551372,0.0,0.11082107656279071,9.999949532916094e-06,1.0300790748216488,0.005000000000015703,0.9963809970314946,0.11082107656279071
1.025500000000001,0.016770731439197932,0.0,0.11081955151176048,9.999949532916094e-06,1.0301383189913118,0.005000000000015706,0.9963667269135117,0.11081955151176048
1.026000000000001,0.01677152091288214,0.0,0.11081802344053698,9.999949532916094e-06,1.0301975632006943,0.005000000000015711,0.9963524287069603,0.11081802344053698
1.0265000000000009,0.01677231038656635,0.0,0.11081649234911338,9.999949532916094e-06,1.0302568074497978,0.005000000000015715,0.9963381024117834,0.11081649234911338
1.0270000000000008,0.01677309986025056,0.0,0.11081495823741347,9.999949532916094e-06,1.0303160517386236,0.005000000000015718,0.9963237480279243,0.11081495823741347
1.027500000000001,0.016773889333934772,0.0,0.11081342110541083,9.999949532916094e-06,1.030375296067173,0.005000000000015723,0.9963093655553263,0.11081342110541083
1.028000000000001,0.016774678807618983,0.0,0.1108118809530593,9.999949532916094e-06,1.0304345404354476,0.005000000000015727,0.9962949549939324,0.1108118809530593
1.0285000000000009,0.016775468281303194,0.0,0.1108103377803228,9.999949532916094e-06,1.0304937848434483,0.0050000000000157314,0.996280516343686,0.1108103377803228
1.0290000000000008,0.016776257754987405,0.0,0.11080879158716532,9.999949532916094e-06,1.0305530292911769,0.005000000000015735,0.9962660496045299,0.11080879158716532
1.029500000000001,0.016777047228671616,0.0,0.11080724237353118,9.999949532916094e-06,1.0306122737786345,0.005000000000015739,0.9962515547764077,0.11080724237353118
1.030000000000001,0.016777836702355824,0.0,0.11080569013937473,9.999949532916094e-06,1.0306715183058226,0.005000000000015744,0.9962370318592624,0.11080569013937473
1.0305000000000009,0.016778626176040035,0.0,0.11080413488471996,9.999949532916094e-06,1.0307307628727422,0.005000000000015747,0.9962224808530371,0.11080413488471996
1.0310000000000008,0.016779415649724246,0.0,0.11080257660947182,9.999949532916094e-06,1.030790007479395,0.005000000000015751,0.9962079017576752,0.11080257660947182
1.031500000000001,0.016780205123408456,0.0,0.11080101531358505,9.999949532916094e-06,1.0308492521257824,0.005000000000015756,0.9961932945731197,0.11080101531358505
1.032000000000001,0.016780994597092667,0.0,0.11079945099705422,9.999949532916094e-06,1.0309084968119053,0.00500000000001576,0.9961786592993137,0.11079945099705422
1.0325000000000009,0.01678178407077688,0.0,0.11079788365982439,9.999949532916094e-06,1.0309677415377656,0.0050000000000157635,0.9961639959362006,0.11079788365982439
1.0330000000000008,0.01678257354446109,0.0,0.11079631330187054,9.999949532916094e-06,1.031026986303364,0.005000000000015768,0.9961493044837234,0.11079631330187054
1.033500000000001,0.0167833630181453,0.0,0.11079473992312805,9.999949532916094e-06,1.0310862311087026,0.005000000000015772,0.9961345849418254,0.11079473992312805
1.034000000000001,0.01678415249182951,0.0,0.11079316352356222,9.999949532916094e-06,1.0311454759537824,0.0050000000000157765,0.9961198373104495,0.11079316352356222
1.0345000000000009,0.01678494196551372,0.0,0.11079158410314842,9.999949532916094e-06,1.0312047208386044,0.00500000000001578,0.996105061589539,0.11079158410314842
1.0350000000000008,0.01678573143919793,0.0,0.1107900016618621,9.999949532916094e-06,1.0312639657631704,0.005000000000015784,0.9960902577790373,0.1107900016618621
1.035500000000001,0.01678652091288214,0.0,0.1107884161996392,9.999949532916094e-06,1.0313232107274817,0.005000000000015789,0.9960754258788871,0.1107884161996392
1.036000000000001,0.01678731038656635,0.0,0.11078682771646535,9.999949532916094e-06,1.0313824557315394,0.005000000000015792,0.9960605658890319,0.11078682771646535
1.0365000000000009,0.016788099860250563,0.0,0.11078523621227672,9.999949532916094e-06,1.0314417007753451,0.0050000000000157965,0.9960456778094147,0.11078523621227672
1.0370000000000008,0.016788889333934773,0.0,0.11078364168706915,9.999949532916094e-06,1.0315009458589,0.005000000000015801,0.9960307616399786,0.11078364168706915
1.037500000000001,0.016789678807618984,0.0,0.11078204414075919,9.999949532916094e-06,1.0315601909822056,0.005000000000015805,0.9960158173806668,0.11078204414075919
1.038000000000001,0.016790468281303192,0.0,0.11078044357333303,9.999949532916094e-06,1.031619436145263,0.005000000000015809,0.9960008450314225,0.11078044357333303
1.0385000000000009,0.016791257754987403,0.0,0.11077883998477696,9.999949532916094e-06,1.0316786813480738,0.005000000000015813,0.9959858445921888,0.11077883998477696
1.0390000000000008,0.016792047228671614,0.0,0.11077723337502776,9.999949532916094e-06,1.0317379265906392,0.005000000000015817,0.9959708160629088,0.11077723337502776
1.039500000000001,0.016792836702355825,0.0,0.11077562374406207,9.999949532916094e-06,1.0317971718729606,0.005000000000015822,0.9959557594435257,0.11077562374406207
1.040000000000001,0.016793626176040036,0.0,0.11077401109182688,9.999949532916094e-06,1.0318564171950393,0.005000000000015825,0.9959406747339824,0.11077401109182688
1.0405000000000009,0.016794415649724247,0.0,0.11077239541830897,9.999949532916094e-06,1.0319156625568766,0.0050000000000158295,0.9959255619342223,0.11077239541830897
1.0410000000000008,0.016795205123408458,0.0,0.11077077672345559,9.999949532916094e-06,1.031974907958474,0.005000000000015834,0.9959104210441885,0.11077077672345559
1.041500000000001,0.01679599459709267,0.0,0.11076915500722401,9.999949532916094e-06,1.0320341533998327,0.005000000000015838,0.9958952520638239,0.11076915500722401
1.042000000000001,0.01679678407077688,0.0,0.1107675302695915,9.999949532916094e-06,1.0320933988809542,0.005000000000015842,0.9958800549930719,0.1107675302695915
1.0425000000000009,0.016797573544461087,0.0,0.11076590251048582,9.999949532916094e-06,1.0321526444018398,0.005000000000015846,0.9958648298318753,0.11076590251048582
1.0430000000000008,0.016798363018145298,0.0,0.11076427172993415,9.999949532916094e-06,1.0322118899624908,0.00500000000001585,0.9958495765801776,0.11076427172993415
1.043500000000001,0.01679915249182951,0.0,0.11076263792788431,9.999949532916094e-06,1.0322711355629084,0.005000000000015855,0.9958342952379216,0.11076263792788431
1.044000000000001,0.01679994196551372,0.0,0.11076100110425456,9.999949532916094e-06,1.0323303812030944,0.005000000000015858,0.9958189858050503,0.11076100110425456
1.0445000000000009,0.01680073143919793,0.0,0.11075936125906248,9.999949532916094e-06,1.0323896268830495,0.005000000000015862,0.9958036482815074,0.11075936125906248
1.0450000000000008,0.016801520912882142,0.0,0.11075771839223648,9.999949532916094e-06,1.0324488726027756,0.005000000000015867,0.9957882826672354,0.11075771839223648
1.045500000000001,0.016802310386566353,0.0,0.11075607250377457,9.999949532916094e-06,1.0325081183622737,0.005000000000015871,0.9957728889621776,0.11075607250377457
1.046000000000001,0.016803099860250564,0.0,0.11075442359359548,9.999949532916094e-06,1.0325673641615456,0.0050000000000158746,0.9957574671662771,0.11075442359359548
1.0465000000000009,0.01680388933393477,0.0,0.11075277166169747,9.999949532916094e-06,1.032626610000592,0.005000000000015879,0.9957420172794771,0.11075277166169747
1.0470000000000008,0.016804678807618982,0.0,0.11075111670804916,9.999949532916094e-06,1.0326858558794147,0.005000000000015883,0.9957265393017205,0.11075111670804916
1.047500000000001,0.016805468281303193,0.0,0.11074945873260938,9.999949532916094e-06,1.032745101798015,0.005000000000015888,0.9957110332329505,0.11074945873260938
1.048000000000001,0.016806257754987404,0.0,0.11074779773532713,9.999949532916094e-06,1.0328043477563942,0.005000000000015891,0.9956954990731102,0.11074779773532713
1.0485000000000009,0.016807047228671615,0.0,0.11074613371621111,9.999949532916094e-06,1.0328635937545534,0.005000000000015895,0.9956799368221427,0.11074613371621111
1.0490000000000008,0.016807836702355826,0.0,0.11074446667517089,9.999949532916094e-06,1.0329228397924943,0.0050000000000159,0.995664346479991,0.11074446667517089
1.049500000000001,0.016808626176040037,0.0,0.11074279661221545,9.999949532916094e-06,1.0329820858702181,0.005000000000015904,0.9956487280465982,0.11074279661221545
1.050000000000001,0.016809415649724248,0.0,0.11074112352727446,9.999949532916094e-06,1.0330413319877263,0.0050000000000159075,0.9956330815219074,0.11074112352727446
1.0505000000000009,0.016810205123408455,0.0,0.11073944742032733,9.999949532916094e-06,1.03310057814502,0.005000000000015912,0.9956174069058616,0.11073944742032733
1.0510000000000008,0.016810994597092666,0.0,0.1107377682913735,9.999949532916094e-06,1.0331598243421005,0.005000000000015916,0.9956017041984041,0.1107377682913735
1.051500000000001,0.016811784070776877,0.0,0.11073608614034304,9.999949532916094e-06,1.0332190705789694,0.0050000000000159205,0.9955859733994777,0.11073608614034304
1.052000000000001,0.016812573544461088,0.0,0.11073440096720581,9.999949532916094e-06,1.033278316855628,0.005000000000015925,0.9955702145090257,0.11073440096720581
1.0525000000000009,0.0168133630181453,0.0,0.11073271277193186,9.999949532916094e-06,1.0333375631720778,0.005000000000015928,0.9955544275269909,0.11073271277193186
1.0530000000000008,0.01681415249182951,0.0,0.11073102155450126,9.999949532916094e-06,1.0333968095283197,0.005000000000015933,0.9955386124533165,0.11073102155450126
1.053500000000001,0.01681494196551372,0.0,0.11072932731486441,9.999949532916094e-06,1.0334560559243553,0.005000000000015937,0.9955227692879457,0.11072932731486441
1.054000000000001,0.016815731439197932,0.0,0.11072763005299176,9.999949532916094e-06,1.033515302360186,0.005000000000015941,0.9955068980308213,0.11072763005299176
1.0545000000000009,0.01681652091288214,0.0,0.11072592976883396,9.999949532916094e-06,1.033574548835813,0.005000000000015945,0.9954909986818864,0.11072592976883396
1.0550000000000008,0.01681731038656635,0.0,0.11072422646240138,9.999949532916094e-06,1.0336337953512378,0.005000000000015949,0.9954750712410843,0.11072422646240138
1.055500000000001,0.01681809986025056,0.0,0.11072252013363501,9.999949532916094e-06,1.0336930419064616,0.0050000000000159535,0.9954591157083577,0.11072252013363501
1.056000000000001,0.016818889333934772,0.0,0.11072081078248597,9.999949532916094e-06,1.033752288501486,0.005000000000015958,0.9954431320836498,0.11072081078248597
1.0565000000000009,0.016819678807618983,0.0,0.11071909840896495,9.999949532916094e-06,1.033811535136312,0.005000000000015962,0.9954271203669037,0.11071909840896495
1.0570000000000008,0.016820468281303194,0.0,0.11071738301300345,9.999949532916094e-06,1.0338707818109412,0.005000000000015966,0.9954110805580625,0.11071738301300345
1.057500000000001,0.016821257754987405,0.0,0.11071566459458268,9.999949532916094e-06,1.0339300285253747,0.00500000000001597,0.995395012657069,0.11071566459458268
1.058000000000001,0.016822047228671616,0.0,0.11071394315365424,9.999949532916094e-06,1.0339892752796143,0.005000000000015974,0.9953789166638665,0.11071394315365424
1.0585000000000009,0.016822836702355827,0.0,0.11071221869021945,9.999949532916094e-06,1.0340485220736608,0.005000000000015979,0.9953627925783978,0.11071221869021945
1.0590000000000008,0.016823626176040034,0.0,0.11071049120419044,9.999949532916094e-06,1.034107768907516,0.005000000000015982,0.9953466404006059,0.11071049120419044
1.059500000000001,0.016824415649724245,0.0,0.1107087606956085,9.999949532916094e-06,1.0341670157811809,0.0050000000000159864,0.9953304601304341,0.1107087606956085
1.060000000000001,0.016825205123408456,0.0,0.11070702716439595,9.999949532916094e-06,1.034226262694657,0.005000000000015991,0.9953142517678253,0.11070702716439595
1.0605000000000009,0.016825994597092667,0.0,0.11070529061053479,9.999949532916094e-06,1.0342855096479457,0.005000000000015995,0.9952980153127224,0.11070529061053479
1.0610000000000008,0.01682678407077688,0.0,0.11070355103399719,9.999949532916094e-06,1.0343447566410482,0.0050000000000159995,0.9952817507650688,0.11070355103399719
1.061500000000001,0.01682757354446109,0.0,0.11070180843472575,9.999949532916094e-06,1.0344040036739661,0.005000000000016003,0.9952654581248069,0.11070180843472575
1.062000000000001,0.0168283630181453,0.0,0.11070006281272264,9.999949532916094e-06,1.0344632507467004,0.005000000000016007,0.9952491373918803,0.11070006281272264
1.0625000000000009,0.016829152491829508,0.0,0.11069831416791086,9.999949532916094e-06,1.0345224978592529,0.005000000000016012,0.9952327885662315,0.11069831416791086
1.0630000000000008,0.01682994196551372,0.0,0.11069656250033257,9.999949532916094e-06,1.0345817450116244,0.005000000000016016,0.995216411647804,0.11069656250033257
1.063500000000001,0.01683073143919793,0.0,0.11069480780990106,9.999949532916094e-06,1.0346409922038167,0.00500000000001602,0.9952000066365404,0.11069480780990106
1.064000000000001,0.01683152091288214,0.0,0.11069305009659924,9.999949532916094e-06,1.034700239435831,0.005000000000016024,0.9951835735323841,0.11069305009659924
1.064500000000001,0.01683231038656635,0.0,0.11069128936041012,9.999949532916094e-06,1.0347594867076684,0.005000000000016028,0.9951671123352777,0.11069128936041012
1.0650000000000008,0.016833099860250562,0.0,0.11068952560129697,9.999949532916094e-06,1.0348187340193304,0.005000000000016032,0.9951506230451644,0.11068952560129697
1.065500000000001,0.016833889333934773,0.0,0.11068775881921333,9.999949532916094e-06,1.0348779813708187,0.005000000000016037,0.9951341056619873,0.11068775881921333
1.066000000000001,0.016834678807618984,0.0,0.11068598901413265,9.999949532916094e-06,1.0349372287621343,0.005000000000016041,0.9951175601856892,0.11068598901413265
1.066500000000001,0.016835468281303195,0.0,0.11068421618605835,9.999949532916094e-06,1.0349964761932784,0.0050000000000160446,0.9951009866162132,0.11068421618605835
1.0670000000000008,0.016836257754987403,0.0,0.11068244033489465,9.999949532916094e-06,1.0350557236642528,0.005000000000016049,0.9950843849535022,0.11068244033489465
1.067500000000001,0.016837047228671614,0.0,0.110680661460675,9.999949532916094e-06,1.0351149711750585,0.005000000000016053,0.9950677551974992,0.110680661460675
1.068000000000001,0.016837836702355825,0.0,0.1106788795633535,9.999949532916094e-06,1.035174218725697,0.005000000000016058,0.9950510973481473,0.1106788795633535
1.068500000000001,0.016838626176040036,0.0,0.11067709464288446,9.999949532916094e-06,1.0352334663161695,0.005000000000016062,0.9950344114053894,0.11067709464288446
1.0690000000000008,0.016839415649724247,0.0,0.11067530669926194,9.999949532916094e-06,1.0352927139464774,0.005000000000016066,0.9950176973691685,0.11067530669926194
1.069500000000001,0.016840205123408458,0.0,0.11067351573243057,9.999949532916094e-06,1.0353519616166222,0.00500000000001607,0.9950009552394274,0.11067351573243057
1.070000000000001,0.01684099459709267,0.0,0.11067172174239465,9.999949532916094e-06,1.035411209326605,0.005000000000016074,0.9949841850161094,0.11067172174239465
1.070500000000001,0.01684178407077688,0.0,0.11066992472910891,9.999949532916094e-06,1.0354704570764273,0.005000000000016078,0.9949673866991573,0.11066992472910891
1.0710000000000008,0.016842573544461087,0.0,0.11066812469249854,9.999949532916094e-06,1.0355297048660905,0.005000000000016083,0.994950560288514,0.11066812469249854
1.071500000000001,0.016843363018145298,0.0,0.11066632163259794,9.999949532916094e-06,1.035588952695596,0.005000000000016087,0.9949337057841225,0.11066632163259794
1.072000000000001,0.01684415249182951,0.0,0.11066451554937225,9.999949532916094e-06,1.0356482005649448,0.0050000000000160905,0.9949168231859259,0.11066451554937225
1.072500000000001,0.01684494196551372,0.0,0.11066270644278664,9.999949532916094e-06,1.0357074484741384,0.005000000000016095,0.994899912493867,0.11066270644278664
1.0730000000000008,0.01684573143919793,0.0,0.11066089431278664,9.999949532916094e-06,1.0357666964231784,0.005000000000016099,0.9948829737078888,0.11066089431278664
1.073500000000001,0.01684652091288214,0.0,0.11065907915937744,9.999949532916094e-06,1.0358259444120659,0.0050000000000161035,0.9948660068279342,0.11065907915937744
1.074000000000001,0.016847310386566353,0.0,0.11065726098250477,9.999949532916094e-06,1.0358851924408023,0.005000000000016108,0.9948490118539464,0.11065726098250477
1.074500000000001,0.016848099860250564,0.0,0.11065543978216415,9.999949532916094e-06,1.035944440509389,0.005000000000016112,0.994831988785868,0.11065543978216415
1.0750000000000008,0.01684888933393477,0.0,0.11065361555829169,9.999949532916094e-06,1.0360036886178272,0.005000000000016116,0.9948149376236421,0.11065361555829169
1.075500000000001,0.016849678807618982,0.0,0.11065178831091292,9.999949532916094e-06,1.0360629367661183,0.00500000000001612,0.9947978583672118,0.11065178831091292
1.076000000000001,0.016850468281303193,0.0,0.11064995803995425,9.999949532916094e-06,1.036122184954264,0.005000000000016124,0.9947807510165199,0.11064995803995425
1.076500000000001,0.016851257754987404,0.0,0.11064812474542167,9.999949532916094e-06,1.036181433182265,0.005000000000016129,0.9947636155715092,0.11064812474542167
1.0770000000000008,0.016852047228671615,0.0,0.11064628842727157,9.999949532916094e-06,1.036240681450123,0.005000000000016133,0.9947464520321229,0.11064628842727157
1.077500000000001,0.016852836702355826,0.0,0.11064444908547054,9.999949532916094e-06,1.0362999297578395,0.005000000000016137,0.9947292603983037,0.11064444908547054
1.078000000000001,0.016853626176040037,0.0,0.11064260672000499,9.999949532916094e-06,1.0363591781054156,0.005000000000016141,0.9947120406699946,0.11064260672000499
1.078500000000001,0.016854415649724248,0.0,0.11064076133085164,9.999949532916094e-06,1.0364184264928527,0.005000000000016145,0.9946947928471388,0.11064076133085164
1.0790000000000008,0.016855205123408455,0.0,0.11063891291794764,9.999949532916094e-06,1.036477674920152,0.0050000000000161495,0.9946775169296789,0.11063891291794764
1.079500000000001,0.016855994597092666,0.0,0.11063706148130961,9.999949532916094e-06,1.0365369233873154,0.005000000000016154,0.9946602129175578,0.11063706148130961
1.080000000000001,0.016856784070776877,0.0,0.11063520702089476,9.999949532916094e-06,1.0365961718943437,0.005000000000016158,0.9946428808107186,0.11063520702089476
1.080500000000001,0.016857573544461088,0.0,0.1106333495366803,9.999949532916094e-06,1.0366554204412384,0.0050000000000161625,0.9946255206091041,0.1106333495366803
1.0810000000000008,0.0168583630181453,0.0,0.11063148902865352,9.999949532916094e-06,1.0367146690280007,0.005000000000016167,0.9946081323126574,0.11063148902865352
1.081500000000001,0.01685915249182951,0.0,0.11062962549675215,9.999949532916094e-06,1.0367739176546322,0.00500000000001617,0.9945907159213213,0.11062962549675215
1.082000000000001,0.01685994196551372,0.0,0.11062775894097365,9.999949532916094e-06,1.0368331663211343,0.005000000000016175,0.9945732714350386,0.11062775894097365
1.082500000000001,0.016860731439197932,0.0,0.11062588936128581,9.999949532916094e-06,1.036892415027508,0.005000000000016179,0.9945557988537523,0.11062588936128581
1.0830000000000009,0.016861520912882143,0.0,0.11062401675767639,9.999949532916094e-06,1.036951663773755,0.005000000000016183,0.9945382981774055,0.11062401675767639
1.083500000000001,0.01686231038656635,0.0,0.11062214113007378,9.999949532916094e-06,1.0370109125598765,0.005000000000016188,0.9945207694059407,0.11062214113007378
1.084000000000001,0.01686309986025056,0.0,0.11062026247852551,9.999949532916094e-06,1.0370701613858737,0.005000000000016192,0.9945032125393011,0.11062026247852551
1.084500000000001,0.016863889333934772,0.0,0.11061838080297015,9.999949532916094e-06,1.037129410251748,0.0050000000000161955,0.9944856275774295,0.11061838080297015
1.0850000000000009,0.016864678807618983,0.0,0.11061649610337612,9.999949532916094e-06,1.037188659157501,0.0050000000000162,0.9944680145202689,0.11061649610337612
1.085500000000001,0.016865468281303194,0.0,0.11061460837971201,9.999949532916094e-06,1.037247908103134,0.005000000000016204,0.9944503733677619,0.11061460837971201
1.086000000000001,0.016866257754987405,0.0,0.11061271763197626,9.999949532916094e-06,1.037307157088648,0.0050000000000162085,0.9944327041198517,0.11061271763197626
1.086500000000001,0.016867047228671616,0.0,0.11061082386014763,9.999949532916094e-06,1.0373664061140446,0.005000000000016213,0.9944150067764812,0.11061082386014763
1.0870000000000009,0.016867836702355823,0.0,0.11060892706414549,9.999949532916094e-06,1.0374256551793253,0.005000000000016217,0.994397281337593,0.11060892706414549
1.087500000000001,0.016868626176040034,0.0,0.11060702724400835,9.999949532916094e-06,1.0374849042844911,0.0050000000000162215,0.9943795278031301,0.11060702724400835
1.088000000000001,0.016869415649724245,0.0,0.11060512439969551,9.999949532916094e-06,1.0375441534295435,0.005000000000016225,0.9943617461730356,0.11060512439969551
1.088500000000001,0.016870205123408456,0.0,0.1106032185311763,9.999949532916094e-06,1.037603402614484,0.005000000000016229,0.994343936447252,0.1106032185311763
1.0890000000000009,0.016870994597092667,0.0,0.11060130963842023,9.999949532916094e-06,1.0376626518393137,0.005000000000016234,0.9943260986257225,0.11060130963842023
1.089500000000001,0.016871784070776878,0.0,0.11059939772143654,9.999949532916094e-06,1.037721901104034,0.005000000000016238,0.99430823270839,0.11059939772143654
1.090000000000001,0.01687257354446109,0.0,0.1105974827801553,9.999949532916094e-06,1.0377811504086463,0.005000000000016242,0.994290338695197,0.1105974827801553
1.090500000000001,0.0168733630181453,0.0,0.11059556481457612,9.999949532916094e-06,1.037840399753152,0.005000000000016247,0.9942724165860866,0.11059556481457612
1.0910000000000009,0.01687415249182951,0.0,0.11059364382468886,9.999949532916094e-06,1.0378996491375523,0.005000000000016251,0.9942544663810017,0.11059364382468886
1.091500000000001,0.016874941965513722,0.0,0.11059171981042391,9.999949532916094e-06,1.0379588985618489,0.005000000000016255,0.9942364880798851,0.11059171981042391
1.092000000000001,0.01687573143919793,0.0,0.11058979277179123,9.999949532916094e-06,1.0380181480260426,0.005000000000016259,0.9942184816826797,0.11058979277179123
1.092500000000001,0.01687652091288214,0.0,0.1105878627087711,9.999949532916094e-06,1.0380773975301352,0.005000000000016263,0.9942004471893282,0.1105878627087711
1.0930000000000009,0.01687731038656635,0.0,0.11058592962134398,9.999949532916094e-06,1.0381366470741278,0.0050000000000162675,0.9941823845997737,0.11058592962134398
1.093500000000001,0.016878099860250562,0.0,0.11058399350948045,9.999949532916094e-06,1.0381958966580218,0.005000000000016272,0.9941642939139589,0.11058399350948045
1.094000000000001,0.016878889333934773,0.0,0.11058205437314136,9.999949532916094e-06,1.0382551462818186,0.005000000000016276,0.9941461751318267,0.11058205437314136
1.094500000000001,0.016879678807618984,0.0,0.11058011221233732,9.999949532916094e-06,1.0383143959455194,0.0050000000000162805,0.9941280282533198,0.11058011221233732
1.0950000000000009,0.016880468281303195,0.0,0.11057816702699967,9.999949532916094e-06,1.038373645649126,0.005000000000016285,0.9941098532783813,0.11057816702699967
1.095500000000001,0.016881257754987403,0.0,0.11057621881711935,9.999949532916094e-06,1.0384328953926392,0.005000000000016289,0.9940916502069538,0.11057621881711935
1.096000000000001,0.016882047228671614,0.0,0.11057426758271728,9.999949532916094e-06,1.0384921451760605,0.005000000000016293,0.9940734190389804,0.11057426758271728
1.096500000000001,0.016882836702355825,0.0,0.11057231332372519,9.999949532916094e-06,1.0385513949993914,0.005000000000016297,0.9940551597744036,0.11057231332372519
1.0970000000000009,0.016883626176040036,0.0,0.11057035604015426,9.999949532916094e-06,1.038610644862633,0.005000000000016301,0.9940368724131665,0.11057035604015426
1.097500000000001,0.016884415649724246,0.0,0.11056839573196628,9.999949532916094e-06,1.0386698947657869,0.005000000000016306,0.9940185569552119,0.11056839573196628
1.098000000000001,0.016885205123408457,0.0,0.1105664323991132,9.999949532916094e-06,1.0387291447088545,0.00500000000001631,0.9940002134004824,0.1105664323991132
1.098500000000001,0.01688599459709267,0.0,0.11056446604161652,9.999949532916094e-06,1.0387883946918368,0.005000000000016314,0.9939818417489211,0.11056446604161652
1.0990000000000009,0.01688678407077688,0.0,0.1105624966594483,9.999949532916094e-06,1.0388476447147352,0.005000000000016319,0.9939634420004708,0.1105624966594483
1.099500000000001,0.01688757354446109,0.0,0.11056052425255097,9.999949532916094e-06,1.0389068947775515,0.005000000000016323,0.9939450141550742,0.11056052425255097
1.100000000000001,0.016888363018145298,0.0,0.11055854882092662,9.999949532916094e-06,1.0389661448802865,0.005000000000016327,0.9939265582126741,0.11055854882092662
1.100500000000001,0.01688915249182951,0.0,0.11055657036455759,9.999949532916094e-06,1.039025395022942,0.005000000000016331,0.9939080741732134,0.11055657036455759
1.1010000000000009,0.01688994196551372,0.0,0.11055458888343629,9.999949532916094e-06,1.039084645205519,0.005000000000016335,0.9938895620366348,0.11055458888343629
1.101500000000001,0.01689073143919793,0.0,0.11055260437750568,9.999949532916094e-06,1.039143895428019,0.0050000000000163395,0.9938710218028812,0.11055260437750568
1.102000000000001,0.01689152091288214,0.0,0.11055061684679807,9.999949532916094e-06,1.0392031456904431,0.005000000000016344,0.9938524534718955,0.11055061684679807
1.102500000000001,0.016892310386566353,0.0,0.11054862629123687,9.999949532916094e-06,1.0392623959927931,0.005000000000016348,0.9938338570436204,0.11054862629123687
1.103000000000001,0.016893099860250563,0.0,0.1105466327108348,9.999949532916094e-06,1.03932164633507,0.0050000000000163525,0.9938152325179986,0.1105466327108348
1.103500000000001,0.01689388933393477,0.0,0.1105446361055453,9.999949532916094e-06,1.0393808967172753,0.005000000000016357,0.9937965798949732,0.1105446361055453
1.104000000000001,0.016894678807618982,0.0,0.1105426364753714,9.999949532916094e-06,1.0394401471394104,0.005000000000016361,0.9937778991744867,0.1105426364753714
1.104500000000001,0.016895468281303193,0.0,0.11054063382029655,9.999949532916094e-06,1.0394993976014764,0.0050000000000163655,0.993759190356482,0.11054063382029655
1.1050000000000009,0.016896257754987404,0.0,0.11053862814028441,9.999949532916094e-06,1.0395586481034749,0.00500000000001637,0.9937404534409018,0.11053862814028441
1.105500000000001,0.016897047228671615,0.0,0.11053661943530875,9.999949532916094e-06,1.0396178986454072,0.005000000000016373,0.9937216884276889,0.11053661943530875
1.106000000000001,0.016897836702355826,0.0,0.11053460770538306,9.999949532916094e-06,1.0396771492272745,0.005000000000016378,0.9937028953167863,0.11053460770538306
1.106500000000001,0.016898626176040037,0.0,0.11053259295046154,9.999949532916094e-06,1.0397363998490783,0.005000000000016382,0.9936840741081366,0.11053259295046154
1.107000000000001,0.016899415649724248,0.0,0.11053057517053813,9.999949532916094e-06,1.0397956505108197,0.005000000000016386,0.9936652248016828,0.11053057517053813
1.107500000000001,0.01690020512340846,0.0,0.11052855436556726,9.999949532916094e-06,1.0398549012125005,0.005000000000016391,0.9936463473973673,0.11052855436556726
1.108000000000001,0.016900994597092666,0.0,0.11052653053555306,9.999949532916094e-06,1.0399141519541215,0.005000000000016395,0.9936274418951332,0.11052653053555306
1.108500000000001,0.016901784070776877,0.0,0.11052450368047996,9.999949532916094e-06,1.0399734027356844,0.005000000000016399,0.9936085082949231,0.11052450368047996
1.1090000000000009,0.016902573544461088,0.0,0.11052247380031269,9.999949532916094e-06,1.0400326535571907,0.005000000000016404,0.9935895465966798,0.11052247380031269
1.109500000000001,0.0169033630181453,0.0,0.11052044089506567,9.999949532916094e-06,1.0400919044186412,0.005000000000016408,0.9935705568003461,0.11052044089506567
1.110000000000001,0.01690415249182951,0.0,0.11051840496467416,9.999949532916094e-06,1.0401511553200378,0.005000000000016412,0.9935515389058648,0.11051840496467416
1.110500000000001,0.01690494196551372,0.0,0.11051636600914294,9.999949532916094e-06,1.0402104062613815,0.005000000000016417,0.9935324929131786,0.11051636600914294
1.111000000000001,0.01690573143919793,0.0,0.11051432402845708,9.999949532916094e-06,1.0402696572426737,0.005000000000016421,0.9935134188222303,0.11051432402845708
1.111500000000001,0.016906520912882143,0.0,0.11051227902258194,9.999949532916094e-06,1.040328908263916,0.0050000000000164245,0.9934943166329626,0.11051227902258194
1.112000000000001,0.01690731038656635,0.0,0.11051023099150291,9.999949532916094e-06,1.0403881593251094,0.005000000000016429,0.9934751863453183,0.11051023099150291
1.112500000000001,0.01690809986025056,0.0,0.11050817993523514,9.999949532916094e-06,1.0404474104262553,0.005000000000016433,0.9934560279592403,0.11050817993523514
1.1130000000000009,0.016908889333934772,0.0,0.1105061258537246,9.999949532916094e-06,1.0405066615673553,0.0050000000000164375,0.9934368414746709,0.1105061258537246
1.113500000000001,0.016909678807618983,0.0,0.11050406874696692,9.999949532916094e-06,1.0405659127484106,0.005000000000016442,0.9934176268915533,0.11050406874696692
1.114000000000001,0.016910468281303194,0.0,0.11050200861492812,9.999949532916094e-06,1.0406251639694226,0.005000000000016446,0.9933983842098301,0.11050200861492812
1.114500000000001,0.016911257754987405,0.0,0.11049994545762395,9.999949532916094e-06,1.0406844152303925,0.0050000000000164505,0.9933791134294441,0.11049994545762395
1.115000000000001,0.016912047228671616,0.0,0.11049787927501077,9.999949532916094e-06,1.0407436665313217,0.005000000000016455,0.9933598145503378,0.11049787927501077
1.115500000000001,0.016912836702355827,0.0,0.1104958100670748,9.999949532916094e-06,1.0408029178722116,0.005000000000016459,0.9933404875724542,0.1104958100670748
1.116000000000001,0.016913626176040034,0.0,0.11049373783378263,9.999949532916094e-06,1.0408621692530635,0.0050000000000164635,0.993321132495736,0.11049373783378263
1.116500000000001,0.016914415649724245,0.0,0.11049166257516037,9.999949532916094e-06,1.0409214206738788,0.005000000000016468,0.9933017493201257,0.11049166257516037
1.1170000000000009,0.016915205123408456,0.0,0.11048958429116496,9.999949532916094e-06,1.0409806721346588,0.005000000000016472,0.9932823380455664,0.11048958429116496
1.117500000000001,0.016915994597092667,0.0,0.11048750298178313,9.999949532916094e-06,1.0410399236354049,0.0050000000000164765,0.9932628986720006,0.11048750298178313
1.118000000000001,0.016916784070776878,0.0,0.11048541864701167,9.999949532916094e-06,1.0410991751761183,0.005000000000016481,0.993243431199371,0.11048541864701167
1.118500000000001,0.01691757354446109,0.0,0.11048333128679799,9.999949532916094e-06,1.0411584267568006,0.005000000000016485,0.9932239356276203,0.11048333128679799
1.119000000000001,0.0169183630181453,0.0,0.11048124090115896,9.999949532916094e-06,1.041217678377453,0.005000000000016489,0.9932044119566914,0.11048124090115896
1.119500000000001,0.01691915249182951,0.0,0.11047914749007196,9.999949532916094e-06,1.0412769300380766,0.005000000000016493,0.9931848601865269,0.11047914749007196
1.120000000000001,0.01691994196551372,0.0,0.11047705105348472,9.999949532916094e-06,1.0413361817386733,0.005000000000016497,0.9931652803170695,0.11047705105348472
1.120500000000001,0.01692073143919793,0.0,0.11047495159143438,9.999949532916094e-06,1.0413954334792441,0.005000000000016502,0.9931456723482619,0.11047495159143438
1.1210000000000009,0.01692152091288214,0.0,0.11047284910388876,9.999949532916094e-06,1.0414546852597903,0.005000000000016506,0.9931260362800469,0.11047284910388876
1.121500000000001,0.01692231038656635,0.0,0.11047074359081584,9.999949532916094e-06,1.0415139370803135,0.00500000000001651,0.9931063721123671,0.11047074359081584
1.122000000000001,0.016923099860250562,0.0,0.1104686350522333,9.999949532916094e-06,1.0415731889408146,0.005000000000016515,0.9930866798451653,0.1104686350522333
1.122500000000001,0.016923889333934773,0.0,0.11046652348809945,9.999949532916094e-06,1.0416324408412954,0.005000000000016519,0.9930669594783842,0.11046652348809945
1.123000000000001,0.016924678807618984,0.0,0.11046440889837274,9.999949532916094e-06,1.0416916927817572,0.005000000000016523,0.9930472110119662,0.11046440889837274
1.123500000000001,0.016925468281303195,0.0,0.11046229128310098,9.999949532916094e-06,1.041750944762201,0.005000000000016528,0.9930274344458545,0.11046229128310098
1.124000000000001,0.016926257754987406,0.0,0.11046017064222305,9.999949532916094e-06,1.0418101967826285,0.005000000000016532,0.9930076297799915,0.11046017064222305
1.124500000000001,0.016927047228671614,0.0,0.1104580469757275,9.999949532916094e-06,1.041869448843041,0.005000000000016536,0.9929877970143199,0.1104580469757275
1.1250000000000009,0.016927836702355824,0.0,0.11045592028363284,9.999949532916094e-06,1.0419287009434395,0.005000000000016541,0.9929679361487824,0.11045592028363284
1.125500000000001,0.016928626176040035,0.0,0.1104537905658783,9.999949532916094e-06,1.0419879530838259,0.005000000000016545,0.9929480471833217,0.1104537905658783
1.126000000000001,0.016929415649724246,0.0,0.11045165782250242,9.999949532916094e-06,1.042047205264201,0.005000000000016549,0.9929281301178806,0.11045165782250242
1.126500000000001,0.016930205123408457,0.0,0.11044952205345464,9.999949532916094e-06,1.0421064574845664,0.005000000000016554,0.9929081849524016,0.11044952205345464
1.1270000000000011,0.01693099459709267,0.0,0.11044738325870439,9.999949532916094e-06,1.0421657097449237,0.005000000000016558,0.9928882116868274,0.11044738325870439
1.127500000000001,0.01693178407077688,0.0,0.11044524143827075,9.999949532916094e-06,1.042224962045274,0.005000000000016562,0.9928682103211007,0.11044524143827075
1.128000000000001,0.016932573544461087,0.0,0.11044309659212338,9.999949532916094e-06,1.0422842143856184,0.005000000000016567,0.9928481808551642,0.11044309659212338
1.128500000000001,0.016933363018145298,0.0,0.11044094872027176,9.999949532916094e-06,1.0423434667659586,0.005000000000016571,0.9928281232889606,0.11044094872027176
1.129000000000001,0.01693415249182951,0.0,0.11043879782268574,9.999949532916094e-06,1.0424027191862957,0.005000000000016575,0.9928080376224326,0.11043879782268574
1.129500000000001,0.01693494196551372,0.0,0.11043664389933544,9.999949532916094e-06,1.0424619716466315,0.00500000000001658,0.9927879238555226,0.11043664389933544
1.130000000000001,0.01693573143919793,0.0,0.11043448695023068,9.999949532916094e-06,1.0425212241469668,0.005000000000016584,0.9927677819881736,0.11043448695023068
1.130500000000001,0.01693652091288214,0.0,0.1104323269753517,9.999949532916094e-06,1.0425804766873032,0.005000000000016588,0.9927476120203281,0.1104323269753517
1.1310000000000011,0.016937310386566352,0.0,0.11043016397467882,9.999949532916094e-06,1.0426397292676421,0.005000000000016592,0.9927274139519288,0.11043016397467882
1.131500000000001,0.016938099860250563,0.0,0.11042799794821237,9.999949532916094e-06,1.0426989818879848,0.005000000000016596,0.9927071877829182,0.11042799794821237
1.132000000000001,0.016938889333934774,0.0,0.11042582889594288,9.999949532916094e-06,1.0427582345483324,0.0050000000000166005,0.9926869335132392,0.11042582889594288
1.132500000000001,0.016939678807618982,0.0,0.11042365681781144,9.999949532916094e-06,1.0428174872486866,0.005000000000016605,0.9926666511428343,0.11042365681781144
1.133000000000001,0.016940468281303193,0.0,0.11042148171385843,9.999949532916094e-06,1.0428767399890486,0.005000000000016609,0.992646340671646,0.11042148171385843
1.133500000000001,0.016941257754987404,0.0,0.110419303584045,9.999949532916094e-06,1.04293599276942,0.0050000000000166136,0.9926260020996173,0.110419303584045
1.134000000000001,0.016942047228671615,0.0,0.11041712242838206,9.999949532916094e-06,1.0429952455898015,0.005000000000016618,0.9926056354266907,0.11041712242838206
1.134500000000001,0.016942836702355826,0.0,0.11041493824684091,9.999949532916094e-06,1.043054498450195,0.005000000000016622,0.9925852406528086,0.11041493824684091
1.1350000000000011,0.016943626176040037,0.0,0.1104127510393931,9.999949532916094e-06,1.043113751350602,0.0050000000000166266,0.9925648177779138,0.1104127510393931
1.135500000000001,0.016944415649724247,0.0,0.11041056080605978,9.999949532916094e-06,1.0431730042910232,0.005000000000016631,0.9925443668019491,0.11041056080605978
1.136000000000001,0.01694520512340846,0.0,0.1104083675468127,9.999949532916094e-06,1.0432322572714603,0.005000000000016635,0.9925238877248571,0.1104083675468127
1.136500000000001,0.016945994597092666,0.0,0.11040617126162372,9.999949532916094e-06,1.0432915102919147,0.00500000000001664,0.9925033805465802,0.11040617126162372
1.137000000000001,0.016946784070776877,0.0,0.11040397195050453,9.999949532916094e-06,1.0433507633523877,0.005000000000016644,0.9924828452670611,0.11040397195050453
1.137500000000001,0.016947573544461088,0.0,0.11040176961343715,9.999949532916094e-06,1.0434100164528808,0.005000000000016648,0.9924622818862425,0.11040176961343715
1.138000000000001,0.0169483630181453,0.0,0.11039956425042359,9.999949532916094e-06,1.043469269593395,0.005000000000016653,0.992441690404067,0.11039956425042359
1.138500000000001,0.01694915249182951,0.0,0.11039735586143626,9.999949532916094e-06,1.0435285227739317,0.005000000000016657,0.9924210708204773,0.11039735586143626
1.1390000000000011,0.01694994196551372,0.0,0.1103951444464675,9.999949532916094e-06,1.0435877759944925,0.005000000000016661,0.9924004231354158,0.1103951444464675
1.139500000000001,0.01695073143919793,0.0,0.11039293000548007,9.999949532916094e-06,1.0436470292550788,0.005000000000016666,0.9923797473488252,0.11039293000548007
1.140000000000001,0.016951520912882143,0.0,0.11039071253851614,9.999949532916094e-06,1.0437062825556915,0.00500000000001667,0.9923590434606482,0.11039071253851614
1.140500000000001,0.01695231038656635,0.0,0.11038849204551889,9.999949532916094e-06,1.0437655358963323,0.005000000000016674,0.9923383114708274,0.11038849204551889
1.141000000000001,0.01695309986025056,0.0,0.11038626852650102,9.999949532916094e-06,1.0438247892770025,0.005000000000016679,0.9923175513793053,0.11038626852650102
1.141500000000001,0.016953889333934772,0.0,0.11038404198145554,9.999949532916094e-06,1.0438840426977034,0.005000000000016683,0.9922967631860246,0.11038404198145554
1.142000000000001,0.016954678807618983,0.0,0.11038181241037558,9.999949532916094e-06,1.0439432961584363,0.005000000000016687,0.9922759468909278,0.11038181241037558
1.142500000000001,0.016955468281303194,0.0,0.1103795798132346,9.999949532916094e-06,1.0440025496592025,0.005000000000016692,0.9922551024939577,0.1103795798132346
1.1430000000000011,0.016956257754987405,0.0,0.11037734419000614,9.999949532916094e-06,1.0440618032000037,0.005000000000016696,0.9922342299950565,0.11037734419000614
1.143500000000001,0.016957047228671616,0.0,0.11037510554073328,9.999949532916094e-06,1.0441210567808408,0.0050000000000167,0.9922133293941673,0.11037510554073328
1.144000000000001,0.016957836702355827,0.0,0.11037286386536016,9.999949532916094e-06,1.0441803104017153,0.005000000000016705,0.9921924006912324,0.11037286386536016
1.144500000000001,0.016958626176040034,0.0,0.11037061916387064,9.999949532916094e-06,1.0442395640626287,0.005000000000016709,0.9921714438861943,0.11037061916387064
1.145000000000001,0.016959415649724245,0.0,0.11036837143628837,9.999949532916094e-06,1.0442988177635824,0.005000000000016713,0.9921504589789957,0.11036837143628837
1.145500000000001,0.016960205123408456,0.0,0.11036612068260739,9.999949532916094e-06,1.0443580715045773,0.005000000000016718,0.9921294459695792,0.11036612068260739
1.146000000000001,0.016960994597092667,0.0,0.11036386690279217,9.999949532916094e-06,1.044417325285615,0.005000000000016722,0.9921084048578874,0.11036386690279217
1.146500000000001,0.016961784070776878,0.0,0.11036161009684688,9.999949532916094e-06,1.044476579106697,0.005000000000016726,0.9920873356438629,0.11036161009684688
1.1470000000000011,0.01696257354446109,0.0,0.1103593502647462,9.999949532916094e-06,1.0445358329678247,0.005000000000016731,0.9920662383274481,0.1103593502647462
1.147500000000001,0.0169633630181453,0.0,0.11035708740651438,9.999949532916094e-06,1.044595086868999,0.005000000000016735,0.9920451129085858,0.11035708740651438
1.148000000000001,0.01696415249182951,0.0,0.11035482152212633,9.999949532916094e-06,1.0446543408102216,0.005000000000016739,0.9920239593872183,0.11035482152212633
1.148500000000001,0.016964941965513722,0.0,0.11035255261156697,9.999949532916094e-06,1.0447135947914936,0.005000000000016744,0.9920027777632885,0.11035255261156697
1.149000000000001,0.01696573143919793,0.0,0.11035028067480153,9.999949532916094e-06,1.0447728488128167,0.005000000000016748,0.9919815680367386,0.11035028067480153
1.149500000000001,0.01696652091288214,0.0,0.11034800571187464,9.999949532916094e-06,1.044832102874192,0.005000000000016752,0.9919603302075114,0.11034800571187464
1.150000000000001,0.01696731038656635,0.0,0.11034572772276172,9.999949532916094e-06,1.0448913569756209,0.005000000000016757,0.9919390642755495,0.11034572772276172
1.150500000000001,0.016968099860250562,0.0,0.11034344670743829,9.999949532916094e-06,1.0449506111171047,0.005000000000016761,0.9919177702407953,0.11034344670743829
1.1510000000000011,0.016968889333934773,0.0,0.11034116266588993,9.999949532916094e-06,1.045009865298645,0.005000000000016766,0.9918964481031913,0.11034116266588993
1.151500000000001,0.016969678807618984,0.0,0.11033887559816181,9.999949532916094e-06,1.0450691195202426,0.0050000000000167705,0.9918750978626804,0.11033887559816181
1.152000000000001,0.016970468281303195,0.0,0.1103365855041803,9.999949532916094e-06,1.0451283737818995,0.005000000000016775,0.9918537195192046,0.1103365855041803
1.152500000000001,0.016971257754987402,0.0,0.1103342923839611,9.999949532916094e-06,1.0451876280836165,0.005000000000016779,0.991832313072707,0.1103342923839611
1.153000000000001,0.016972047228671613,0.0,0.11033199623752003,9.999949532916094e-06,1.0452468824253953,0.0050000000000167836,0.9918108785231298,0.11033199623752003
1.153500000000001,0.016972836702355824,0.0,0.11032969706482351,9.999949532916094e-06,1.0453061368072372,0.005000000000016788,0.9917894158704157,0.11032969706482351
1.154000000000001,0.016973626176040035,0.0,0.11032739486587773,9.999949532916094e-06,1.0453653912291434,0.005000000000016792,0.9917679251145071,0.11032739486587773
1.154500000000001,0.016974415649724246,0.0,0.11032508964067904,9.999949532916094e-06,1.0454246456911152,0.0050000000000167966,0.9917464062553466,0.11032508964067904
1.1550000000000011,0.016975205123408457,0.0,0.1103227813891943,9.999949532916094e-06,1.0454839001931542,0.005000000000016801,0.9917248592928768,0.1103227813891943
1.155500000000001,0.016975994597092668,0.0,0.11032047011144985,9.999949532916094e-06,1.0455431547352616,0.005000000000016805,0.9917032842270401,0.11032047011144985
1.156000000000001,0.01697678407077688,0.0,0.11031815580743261,9.999949532916094e-06,1.0456024093174385,0.00500000000001681,0.9916816810577792,0.11031815580743261
1.156500000000001,0.01697757354446109,0.0,0.11031583847709985,9.999949532916094e-06,1.045661663939687,0.005000000000016814,0.9916600497850364,0.11031583847709985
1.157000000000001,0.016978363018145298,0.0,0.11031351812046844,9.999949532916094e-06,1.0457209186020076,0.005000000000016818,0.9916383904087543,0.11031351812046844
1.157500000000001,0.01697915249182951,0.0,0.11031119473754548,9.999949532916094e-06,1.045780173304402,0.005000000000016823,0.9916167029288756,0.11031119473754548
1.158000000000001,0.01697994196551372,0.0,0.11030886832832827,9.999949532916094e-06,1.0458394280468717,0.005000000000016827,0.9915949873453427,0.11030886832832827
1.158500000000001,0.01698073143919793,0.0,0.11030653889280437,9.999949532916094e-06,1.0458986828294177,0.005000000000016831,0.9915732436580981,0.11030653889280437
1.1590000000000011,0.01698152091288214,0.0,0.11030420643094162,9.999949532916094e-06,1.0459579376520418,0.005000000000016836,0.9915514718670841,0.11030420643094162
1.159500000000001,0.016982310386566352,0.0,0.11030187094277735,9.999949532916094e-06,1.0460171925147448,0.00500000000001684,0.9915296719722436,0.11030187094277735
1.160000000000001,0.016983099860250563,0.0,0.11029953242825989,9.999949532916094e-06,1.0460764474175286,0.005000000000016844,0.9915078439735189,0.11029953242825989
1.160500000000001,0.016983889333934774,0.0,0.1102971908874169,9.999949532916094e-06,1.046135702360394,0.005000000000016849,0.9914859878708525,0.1102971908874169
1.161000000000001,0.01698467880761898,0.0,0.11029484632020685,9.999949532916094e-06,1.046194957343343,0.005000000000016853,0.9914641036641869,0.11029484632020685
1.161500000000001,0.016985468281303193,0.0,0.11029249872667754,9.999949532916094e-06,1.0462542123663763,0.005000000000016857,0.9914421913534647,0.11029249872667754
1.162000000000001,0.016986257754987404,0.0,0.11029014810678767,9.999949532916094e-06,1.0463134674294956,0.005000000000016862,0.9914202509386282,0.11029014810678767
1.162500000000001,0.016987047228671615,0.0,0.11028779446056546,9.999949532916094e-06,1.046372722532702,0.005000000000016866,0.9913982824196201,0.11028779446056546
1.1630000000000011,0.016987836702355825,0.0,0.11028543778796002,9.999949532916094e-06,1.0464319776759972,0.005000000000016871,0.9913762857963828,0.11028543778796002
1.163500000000001,0.016988626176040036,0.0,0.11028307808898989,9.999949532916094e-06,1.0464912328593823,0.0050000000000168755,0.9913542610688588,0.11028307808898989
1.164000000000001,0.016989415649724247,0.0,0.11028071536366388,9.999949532916094e-06,1.0465504880828587,0.00500000000001688,0.9913322082369905,0.11028071536366388
1.164500000000001,0.01699020512340846,0.0,0.11027834961194137,9.999949532916094e-06,1.0466097433464279,0.005000000000016884,0.9913101273007205,0.11027834961194137
1.165000000000001,0.016990994597092666,0.0,0.11027598083384134,9.999949532916094e-06,1.0466689986500908,0.0050000000000168885,0.9912880182599914,0.11027598083384134
1.165500000000001,0.016991784070776877,0.0,0.11027360902935315,9.999949532916094e-06,1.0467282539938494,0.005000000000016893,0.9912658811147452,0.11027360902935315
1.166000000000001,0.016992573544461088,0.0,0.11027123419849603,9.999949532916094e-06,1.0467875093777044,0.005000000000016897,0.9912437158649249,0.11027123419849603
1.166500000000001,0.0169933630181453,0.0,0.11026885634124968,9.999949532916094e-06,1.0468467648016575,0.0050000000000169015,0.9912215225104727,0.11026885634124968
1.1670000000000011,0.01699415249182951,0.0,0.110266475457594,9.999949532916094e-06,1.0469060202657101,0.005000000000016906,0.9911993010513311,0.110266475457594
1.167500000000001,0.01699494196551372,0.0,0.11026409154754857,9.999949532916094e-06,1.0469652757698633,0.00500000000001691,0.9911770514874427,0.11026409154754857
1.168000000000001,0.01699573143919793,0.0,0.11026170461110346,9.999949532916094e-06,1.0470245313141187,0.0050000000000169145,0.99115477381875,0.11026170461110346
1.168500000000001,0.016996520912882142,0.0,0.11025931464824879,9.999949532916094e-06,1.0470837868984775,0.005000000000016919,0.9911324680451951,0.11025931464824879
1.169000000000001,0.01699731038656635,0.0,0.11025692165897485,9.999949532916094e-06,1.0471430425229409,0.005000000000016923,0.9911101341667208,0.11025692165897485
1.169500000000001,0.01699809986025056,0.0,0.11025452564329191,9.999949532916094e-06,1.0472022981875106,0.0050000000000169275,0.9910877721832693,0.11025452564329191
1.170000000000001,0.016998889333934772,0.0,0.1102521266011905,9.999949532916094e-06,1.047261553892188,0.005000000000016932,0.9910653820947832,0.1102521266011905
1.170500000000001,0.016999678807618983,0.0,0.11024972453269102,9.999949532916094e-06,1.0473208096369737,0.005000000000016937,0.9910429639012052,0.11024972453269102
1.1710000000000012,0.017000468281303194,0.0,0.11024731943775458,9.999949532916094e-06,1.04738006542187,0.005000000000016941,0.9910205176024773,0.11024731943775458
1.171500000000001,0.017001257754987405,0.0,0.11024491131642164,9.999949532916094e-06,1.0474393212468773,0.005000000000016946,0.9909980431985423,0.11024491131642164
1.172000000000001,0.017002047228671616,0.0,0.11024250016864366,9.999949532916094e-06,1.0474985771119978,0.00500000000001695,0.9909755406893423,0.11024250016864366
1.172500000000001,0.017002836702355827,0.0,0.11024008599442178,9.999949532916094e-06,1.0475578330172326,0.005000000000016954,0.9909530100748201,0.11024008599442178
1.173000000000001,0.017003626176040034,0.0,0.11023766879377703,9.999949532916094e-06,1.0476170889625827,0.005000000000016959,0.990930451354918,0.11023766879377703
1.173500000000001,0.017004415649724245,0.0,0.11023524856671078,9.999949532916094e-06,1.0476763449480497,0.005000000000016963,0.9909078645295782,0.11023524856671078
1.174000000000001,0.017005205123408456,0.0,0.11023282531320475,9.999949532916094e-06,1.0477356009736352,0.0050000000000169674,0.9908852495987436,0.11023282531320475
1.174500000000001,0.017005994597092667,0.0,0.11023039903327048,9.999949532916094e-06,1.04779485703934,0.005000000000016972,0.9908626065623561,0.11023039903327048
1.1750000000000012,0.017006784070776878,0.0,0.11022796972688993,9.999949532916094e-06,1.047854113145166,0.005000000000016976,0.9908399354203586,0.11022796972688993
1.175500000000001,0.01700757354446109,0.0,0.11022553739408482,9.999949532916094e-06,1.047913369291114,0.0050000000000169804,0.9908172361726933,0.11022553739408482
1.176000000000001,0.0170083630181453,0.0,0.11022310203482744,9.999949532916094e-06,1.0479726254771857,0.005000000000016985,0.9907945088193026,0.11022310203482744
1.176500000000001,0.01700915249182951,0.0,0.1102206636491299,9.999949532916094e-06,1.0480318817033825,0.00500000000001699,0.9907717533601291,0.1102206636491299
1.177000000000001,0.017009941965513718,0.0,0.11021822223696477,9.999949532916094e-06,1.0480911379697055,0.005000000000016994,0.990748969795115,0.11021822223696477
1.177500000000001,0.01701073143919793,0.0,0.110215777798384,9.999949532916094e-06,1.0481503942761563,0.005000000000016999,0.9907261581242027,0.110215777798384
1.178000000000001,0.01701152091288214,0.0,0.11021333033335054,9.999949532916094e-06,1.048209650622736,0.005000000000017003,0.9907033183473349,0.11021333033335054
1.178500000000001,0.01701231038656635,0.0,0.11021087984186705,9.999949532916094e-06,1.0482689070094462,0.005000000000017007,0.9906804504644537,0.11021087984186705
1.1790000000000012,0.017013099860250562,0.0,0.11020842632394628,9.999949532916094e-06,1.048328163436288,0.005000000000017012,0.9906575544755017,0.11020842632394628
1.179500000000001,0.017013889333934773,0.0,0.11020596977958128,9.999949532916094e-06,1.0483874199032628,0.005000000000017016,0.9906346303804213,0.11020596977958128
1.180000000000001,0.017014678807618984,0.0,0.11020351020875534,9.999949532916094e-06,1.0484466764103721,0.00500000000001702,0.9906116781791547,0.11020351020875534
1.180500000000001,0.017015468281303195,0.0,0.11020104761151125,9.999949532916094e-06,1.048505932957617,0.005000000000017025,0.9905886978716447,0.11020104761151125
1.181000000000001,0.017016257754987406,0.0,0.1101985819877831,9.999949532916094e-06,1.0485651895449992,0.005000000000017029,0.9905656894578332,0.1101985819877831
1.181500000000001,0.017017047228671613,0.0,0.11019611333761392,9.999949532916094e-06,1.0486244461725196,0.005000000000017034,0.990542652937663,0.11019611333761392
1.182000000000001,0.017017836702355824,0.0,0.11019364166101725,9.999949532916094e-06,1.0486837028401799,0.0050000000000170386,0.9905195883110762,0.11019364166101725
1.182500000000001,0.017018626176040035,0.0,0.11019116695795723,9.999949532916094e-06,1.0487429595479814,0.005000000000017043,0.9904964955780154,0.11019116695795723
1.1830000000000012,0.017019415649724246,0.0,0.11018868922844763,9.999949532916094e-06,1.0488022162959254,0.005000000000017047,0.9904733747384229,0.11018868922844763
1.183500000000001,0.017020205123408457,0.0,0.11018620847250234,9.999949532916094e-06,1.0488614730840131,0.005000000000017052,0.9904502257922411,0.11018620847250234
1.184000000000001,0.017020994597092668,0.0,0.11018372469011563,9.999949532916094e-06,1.048920729912246,0.005000000000017056,0.9904270487394123,0.11018372469011563
1.184500000000001,0.01702178407077688,0.0,0.11018123788127195,9.999949532916094e-06,1.0489799867806255,0.00500000000001706,0.990403843579879,0.11018123788127195
1.185000000000001,0.01702257354446109,0.0,0.11017874804600539,9.999949532916094e-06,1.0490392436891527,0.005000000000017065,0.9903806103135836,0.11017874804600539
1.185500000000001,0.017023363018145297,0.0,0.11017625518426108,9.999949532916094e-06,1.0490985006378293,0.005000000000017069,0.9903573489404683,0.11017625518426108
1.186000000000001,0.01702415249182951,0.0,0.1101737592960932,9.999949532916094e-06,1.0491577576266564,0.005000000000017074,0.9903340594604756,0.1101737592960932
1.186500000000001,0.01702494196551372,0.0,0.11017126038148674,9.999949532916094e-06,1.0492170146556354,0.0050000000000170785,0.9903107418735478,0.11017126038148674
1.1870000000000012,0.01702573143919793,0.0,0.11016875844044663,9.999949532916094e-06,1.0492762717247677,0.005000000000017083,0.9902873961796275,0.11016875844044663
1.187500000000001,0.01702652091288214,0.0,0.11016625347296802,9.999949532916094e-06,1.0493355288340545,0.005000000000017087,0.9902640223786567,0.11016625347296802
1.188000000000001,0.017027310386566352,0.0,0.1101637454790462,9.999949532916094e-06,1.0493947859834973,0.0050000000000170915,0.990240620470578,0.1101637454790462
1.188500000000001,0.017028099860250563,0.0,0.1101612344587162,9.999949532916094e-06,1.0494540431730972,0.005000000000017096,0.9902171904553337,0.1101612344587162
1.189000000000001,0.017028889333934774,0.0,0.11015872041192407,9.999949532916094e-06,1.049513300402856,0.0050000000000171,0.9901937323328661,0.11015872041192407
1.1895000000000011,0.017029678807618985,0.0,0.11015620333871498,9.999949532916094e-06,1.0495725576727748,0.0050000000000171045,0.9901702461031177,0.11015620333871498
1.190000000000001,0.017030468281303193,0.0,0.11015368323907489,9.999949532916094e-06,1.0496318149828547,0.00500000000001711,0.9901467317660307,0.11015368323907489
1.190500000000001,0.017031257754987403,0.0,0.1101511601130096,9.999949532916094e-06,1.0496910723330974,0.005000000000017114,0.9901231893215475,0.1101511601130096
1.1910000000000012,0.017032047228671614,0.0,0.11014863396052511,9.999949532916094e-06,1.0497503297235042,0.005000000000017118,0.9900996187696104,0.11014863396052511
1.1915000000000011,0.017032836702355825,0.0,0.11014610478161764,9.999949532916094e-06,1.0498095871540765,0.005000000000017123,0.9900760201101618,0.11014610478161764
1.192000000000001,0.017033626176040036,0.0,0.11014357257630332,9.999949532916094e-06,1.0498688446248152,0.005000000000017127,0.9900523933431441,0.11014357257630332
1.192500000000001,0.017034415649724247,0.0,0.11014103734457863,9.999949532916094e-06,1.049928102135722,0.005000000000017131,0.9900287384684996,0.11014103734457863
1.193000000000001,0.017035205123408458,0.0,0.11013849908644019,9.999949532916094e-06,1.0499873596867983,0.005000000000017136,0.9900050554861706,0.11013849908644019
1.1935000000000011,0.01703599459709267,0.0,0.11013595780188473,9.999949532916094e-06,1.0500466172780456,0.005000000000017141,0.9899813443960993,0.11013595780188473
1.194000000000001,0.017036784070776877,0.0,0.11013341349090912,9.999949532916094e-06,1.0501058749094647,0.005000000000017145,0.9899576051982283,0.11013341349090912
1.194500000000001,0.017037573544461088,0.0,0.11013086615356978,9.999949532916094e-06,1.0501651325810573,0.00500000000001715,0.9899338378924998,0.11013086615356978
1.1950000000000012,0.0170383630181453,0.0,0.11012831578981432,9.999949532916094e-06,1.0502243902928248,0.005000000000017154,0.9899100424788561,0.11012831578981432
1.1955000000000011,0.01703915249182951,0.0,0.11012576239966972,9.999949532916094e-06,1.0502836480447684,0.005000000000017158,0.9898862189572395,0.11012576239966972
1.196000000000001,0.01703994196551372,0.0,0.11012320598314328,9.999949532916094e-06,1.0503429058368894,0.005000000000017163,0.9898623673275924,0.11012320598314328
1.196500000000001,0.01704073143919793,0.0,0.11012064654021272,9.999949532916094e-06,1.0504021636691894,0.005000000000017167,0.989838487589857,0.11012064654021272
1.197000000000001,0.017041520912882142,0.0,0.11011808407091533,9.999949532916094e-06,1.0504614215416694,0.005000000000017172,0.9898145797439758,0.11011808407091533
1.1975000000000011,0.017042310386566353,0.0,0.11011551857523899,9.999949532916094e-06,1.0505206794543311,0.0050000000000171765,0.9897906437898909,0.11011551857523899
1.198000000000001,0.01704309986025056,0.0,0.11011295005317173,9.999949532916094e-06,1.0505799374071756,0.005000000000017181,0.9897666797275448,0.11011295005317173
1.198500000000001,0.017043889333934772,0.0,0.11011037850475121,9.999949532916094e-06,1.0506391954002043,0.005000000000017185,0.9897426875568797,0.11011037850475121
1.1990000000000012,0.017044678807618983,0.0,0.1101078039299657,9.999949532916094e-06,1.0506984534334187,0.0050000000000171895,0.9897186672778379,0.1101078039299657
1.1995000000000011,0.017045468281303194,0.0,0.11010522632882346,9.999949532916094e-06,1.05075771150682,0.005000000000017194,0.9896946188903617,0.11010522632882346
1.200000000000001,0.017046257754987405,0.0,0.11010264570133281,9.999949532916094e-06,1.0508169696204095,0.005000000000017198,0.9896705423943936,0.11010264570133281
1.200500000000001,0.017047047228671616,0.0,0.11010006204749234,9.999949532916094e-06,1.0508762277741885,0.005000000000017203,0.9896464377898756,0.11010006204749234
1.201000000000001,0.017047836702355827,0.0,0.11009747536731072,9.999949532916094e-06,1.0509354859681586,0.005000000000017208,0.9896223050767501,0.11009747536731072
1.2015000000000011,0.017048626176040037,0.0,0.11009488566077685,9.999949532916094e-06,1.050994744202321,0.005000000000017212,0.9895981442549594,0.11009488566077685
1.202000000000001,0.017049415649724245,0.0,0.11009229292790954,9.999949532916094e-06,1.051054002476677,0.005000000000017216,0.9895739553244458,0.11009229292790954
1.202500000000001,0.017050205123408456,0.0,0.11008969716871778,9.999949532916094e-06,1.0511132607912281,0.005000000000017221,0.9895497382851516,0.11008969716871778
1.2030000000000012,0.017050994597092667,0.0,0.11008709838321075,9.999949532916094e-06,1.0511725191459755,0.005000000000017225,0.9895254931370191,0.11008709838321075
1.2035000000000011,0.017051784070776878,0.0,0.11008449657138782,9.999949532916094e-06,1.0512317775409206,0.00500000000001723,0.9895012198799905,0.11008449657138782
1.204000000000001,0.01705257354446109,0.0,0.11008189173324848,9.999949532916094e-06,1.0512910359760648,0.005000000000017235,0.9894769185140081,0.11008189173324848
1.204500000000001,0.0170533630181453,0.0,0.1100792838688221,9.999949532916094e-06,1.0513502944514093,0.005000000000017239,0.9894525890390142,0.1100792838688221
1.205000000000001,0.01705415249182951,0.0,0.11007667297808864,9.999949532916094e-06,1.0514095529669554,0.005000000000017243,0.9894282314549513,0.11007667297808864
1.2055000000000011,0.01705494196551372,0.0,0.11007405906105792,9.999949532916094e-06,1.0514688115227049,0.005000000000017248,0.9894038457617611,0.11007405906105792
1.206000000000001,0.01705573143919793,0.0,0.1100714421177399,9.999949532916094e-06,1.0515280701186585,0.005000000000017252,0.9893794319593865,0.1100714421177399
1.206500000000001,0.01705652091288214,0.0,0.11006882214814463,9.999949532916094e-06,1.051587328754818,0.005000000000017257,0.9893549900477693,0.11006882214814463
1.2070000000000012,0.01705731038656635,0.0,0.1100661991522922,9.999949532916094e-06,1.0516465874311847,0.0050000000000172615,0.989330520026852,0.1100661991522922
1.2075000000000011,0.017058099860250562,0.0,0.11006357313016327,9.999949532916094e-06,1.0517058461477597,0.005000000000017266,0.9893060218965768,0.11006357313016327
1.208000000000001,0.017058889333934773,0.0,0.11006094408178811,9.999949532916094e-06,1.0517651049045447,0.00500000000001727,0.989281495656886,0.11006094408178811
1.208500000000001,0.017059678807618984,0.0,0.11005831200715753,9.999949532916094e-06,1.0518243637015408,0.0050000000000172745,0.9892569413077217,0.11005831200715753
1.209000000000001,0.017060468281303195,0.0,0.11005567690628225,9.999949532916094e-06,1.0518836225387493,0.005000000000017279,0.9892323588490263,0.11005567690628225
1.2095000000000011,0.017061257754987406,0.0,0.11005303877917315,9.999949532916094e-06,1.0519428814161718,0.005000000000017284,0.9892077482807421,0.11005303877917315
1.210000000000001,0.017062047228671613,0.0,0.11005039762580164,9.999949532916094e-06,1.0520021403338096,0.005000000000017288,0.9891831096028111,0.11005039762580164
1.210500000000001,0.017062836702355824,0.0,0.110047753446258,9.999949532916094e-06,1.0520613992916636,0.005000000000017293,0.9891584428151758,0.110047753446258
1.2110000000000012,0.017063626176040035,0.0,0.11004510624048425,9.999949532916094e-06,1.0521206582897358,0.005000000000017297,0.9891337479177784,0.11004510624048425
1.2115000000000011,0.017064415649724246,0.0,0.11004245600851156,9.999949532916094e-06,1.052179917328027,0.005000000000017301,0.9891090249105611,0.11004245600851156
1.212000000000001,0.017065205123408457,0.0,0.11003980275033166,9.999949532916094e-06,1.052239176406539,0.005000000000017307,0.989084273793466,0.11003980275033166
1.212500000000001,0.017065994597092668,0.0,0.11003714646597602,9.999949532916094e-06,1.052298435525273,0.005000000000017311,0.9890594945664355,0.11003714646597602
1.213000000000001,0.01706678407077688,0.0,0.11003448715544653,9.999949532916094e-06,1.05235769468423,0.005000000000017315,0.9890346872294119,0.11003448715544653
1.2135000000000011,0.01706757354446109,0.0,0.11003182481872543,9.999949532916094e-06,1.0524169538834118,0.00500000000001732,0.9890098517823371,0.11003182481872543
1.214000000000001,0.0170683630181453,0.0,0.11002915945584456,9.999949532916094e-06,1.0524762131228196,0.005000000000017324,0.9889849882251537,0.11002915945584456
1.214500000000001,0.01706915249182951,0.0,0.11002649106680625,9.999949532916094e-06,1.0525354724024545,0.005000000000017329,0.9889600965578038,0.11002649106680625
1.2150000000000012,0.01706994196551372,0.0,0.11002381965162275,9.999949532916094e-06,1.0525947317223183,0.0050000000000173335,0.9889351767802295,0.11002381965162275
1.2155000000000011,0.01707073143919793,0.0,0.11002114521032637,9.999949532916094e-06,1.052653991082412,0.005000000000017338,0.9889102288923731,0.11002114521032637
1.216000000000001,0.01707152091288214,0.0,0.11001846774289009,9.999949532916094e-06,1.052713250482737,0.005000000000017342,0.988885252894177,0.11001846774289009
1.216500000000001,0.017072310386566352,0.0,0.11001578724934644,9.999949532916094e-06,1.0527725099232947,0.0050000000000173465,0.988860248785583,0.11001578724934644
1.217000000000001,0.017073099860250563,0.0,0.11001310372966866,9.999949532916094e-06,1.0528317694040867,0.005000000000017352,0.9888352165665336,0.11001310372966866
1.2175000000000011,0.017073889333934774,0.0,0.11001041718391921,9.999949532916094e-06,1.0528910289251139,0.005000000000017356,0.9888101562369711,0.11001041718391921
1.218000000000001,0.01707467880761898,0.0,0.11000772761204199,9.999949532916094e-06,1.052950288486378,0.00500000000001736,0.9887850677968374,0.11000772761204199
1.218500000000001,0.017075468281303192,0.0,0.11000503501410959,9.999949532916094e-06,1.05300954808788,0.005000000000017365,0.988759951246075,0.11000503501410959
1.2190000000000012,0.017076257754987403,0.0,0.1100023393901156,9.999949532916094e-06,1.0530688077296215,0.005000000000017369,0.9887348065846259,0.1100023393901156
1.2195000000000011,0.017077047228671614,0.0,0.10999964074005374,9.999949532916094e-06,1.053128067411604,0.005000000000017374,0.9887096338124323,0.10999964074005374
1.220000000000001,0.017077836702355825,0.0,0.10999693906394756,9.999949532916094e-06,1.0531873271338283,0.0050000000000173786,0.9886844329294365,0.10999693906394756
1.220500000000001,0.017078626176040036,0.0,0.10999423436180093,9.999949532916094e-06,1.0532465868962964,0.005000000000017383,0.9886592039355806,0.10999423436180093
1.221000000000001,0.017079415649724247,0.0,0.10999152663362781,9.999949532916094e-06,1.053305846699009,0.005000000000017387,0.988633946830807,0.10999152663362781
1.2215000000000011,0.017080205123408458,0.0,0.10998881587943231,9.999949532916094e-06,1.053365106541968,0.005000000000017392,0.9886086616150576,0.10998881587943231
1.222000000000001,0.01708099459709267,0.0,0.10998610209924839,9.999949532916094e-06,1.0534243664251743,0.005000000000017397,0.9885833482882748,0.10998610209924839
1.222500000000001,0.017081784070776877,0.0,0.10998338529302115,9.999949532916094e-06,1.0534836263486298,0.005000000000017401,0.9885580068504006,0.10998338529302115
1.2230000000000012,0.017082573544461088,0.0,0.10998066546084415,9.999949532916094e-06,1.0535428863123353,0.0050000000000174055,0.9885326373013773,0.10998066546084415
1.2235000000000011,0.0170833630181453,0.0,0.10997794260269238,9.999949532916094e-06,1.0536021463162923,0.00500000000001741,0.9885072396411472,0.10997794260269238
1.224000000000001,0.01708415249182951,0.0,0.10997521671858057,9.999949532916094e-06,1.0536614063605023,0.005000000000017414,0.9884818138696522,0.10997521671858057
1.224500000000001,0.01708494196551372,0.0,0.10997248780849386,9.999949532916094e-06,1.0537206664449668,0.005000000000017419,0.9884563599868345,0.10997248780849386
1.225000000000001,0.01708573143919793,0.0,0.10996975587248685,9.999949532916094e-06,1.0537799265696866,0.005000000000017424,0.9884308779926365,0.10996975587248685
1.2255000000000011,0.017086520912882142,0.0,0.1099670209105647,9.999949532916094e-06,1.0538391867346633,0.005000000000017428,0.9884053678870003,0.1099670209105647
1.226000000000001,0.017087310386566353,0.0,0.10996428292270309,9.999949532916094e-06,1.0538984469398984,0.005000000000017432,0.9883798296698678,0.10996428292270309
1.226500000000001,0.01708809986025056,0.0,0.1099615419089273,9.999949532916094e-06,1.0539577071853932,0.0050000000000174375,0.9883542633411815,0.1099615419089273
1.2270000000000012,0.01708888933393477,0.0,0.10995879786926273,9.999949532916094e-06,1.054016967471149,0.005000000000017442,0.9883286689008833,0.10995879786926273
1.2275000000000011,0.017089678807618983,0.0,0.10995605080374478,9.999949532916094e-06,1.054076227797167,0.005000000000017446,0.9883030463489156,0.10995605080374478
1.228000000000001,0.017090468281303194,0.0,0.10995330071233977,9.999949532916094e-06,1.0541354881634488,0.0050000000000174506,0.9882773956852203,0.10995330071233977
1.228500000000001,0.017091257754987405,0.0,0.10995054759510317,9.999949532916094e-06,1.0541947485699954,0.005000000000017456,0.9882517169097399,0.10995054759510317
1.229000000000001,0.017092047228671615,0.0,0.10994779145199167,9.999949532916094e-06,1.0542540090168087,0.00500000000001746,0.9882260100224162,0.10994779145199167
1.2295000000000011,0.017092836702355826,0.0,0.10994503228307093,9.999949532916094e-06,1.0543132695038895,0.005000000000017464,0.9882002750231915,0.10994503228307093
1.230000000000001,0.017093626176040037,0.0,0.10994227008832752,9.999949532916094e-06,1.0543725300312394,0.005000000000017469,0.9881745119120079,0.10994227008832752
1.230500000000001,0.017094415649724245,0.0,0.10993950486775811,9.999949532916094e-06,1.0544317905988598,0.005000000000017473,0.9881487206888075,0.10993950486775811
1.2310000000000012,0.017095205123408456,0.0,0.10993673662140896,9.999949532916094e-06,1.054491051206752,0.005000000000017478,0.9881229013535325,0.10993673662140896
1.2315000000000011,0.017095994597092667,0.0,0.10993396534930665,9.999949532916094e-06,1.054550311854917,0.005000000000017483,0.9880970539061251,0.10993396534930665
1.232000000000001,0.017096784070776878,0.0,0.10993119105141856,9.999949532916094e-06,1.0546095725433569,0.005000000000017487,0.9880711783465274,0.10993119105141856
1.232500000000001,0.01709757354446109,0.0,0.10992841372780122,9.999949532916094e-06,1.0546688332720722,0.005000000000017491,0.9880452746746815,0.10992841372780122
1.233000000000001,0.0170983630181453,0.0,0.10992563337842227,9.999949532916094e-06,1.0547280940410648,0.0050000000000174965,0.9880193428905295,0.10992563337842227
1.2335000000000012,0.01709915249182951,0.0,0.10992285000332865,9.999949532916094e-06,1.054787354850336,0.005000000000017501,0.9879933829940135,0.10992285000332865
1.234000000000001,0.01709994196551372,0.0,0.10992006360251788,9.999949532916094e-06,1.054846615699887,0.005000000000017505,0.9879673949850756,0.10992006360251788
1.234500000000001,0.01710073143919793,0.0,0.10991727417600754,9.999949532916094e-06,1.054905876589719,0.0050000000000175095,0.9879413788636582,0.10991727417600754
1.2350000000000012,0.01710152091288214,0.0,0.10991448172381517,9.999949532916094e-06,1.054965137519834,0.005000000000017515,0.987915334629703,0.10991448172381517
1.2355000000000012,0.01710231038656635,0.0,0.1099116862459784,9.999949532916094e-06,1.0550243984902323,0.005000000000017519,0.9878892622831524,0.1099116862459784
1.236000000000001,0.017103099860250562,0.0,0.1099088877424854,9.999949532916094e-06,1.055083659500916,0.005000000000017523,0.9878631618239485,0.1099088877424854
1.236500000000001,0.017103889333934773,0.0,0.10990608621333443,9.999949532916094e-06,1.0551429205518865,0.005000000000017528,0.9878370332520333,0.10990608621333443
1.237000000000001,0.017104678807618984,0.0,0.10990328165858325,9.999949532916094e-06,1.0552021816431447,0.005000000000017533,0.987810876567349,0.10990328165858325
1.2375000000000012,0.017105468281303195,0.0,0.10990047407822046,9.999949532916094e-06,1.0552614427746922,0.005000000000017537,0.9877846917698376,0.10990047407822046
1.238000000000001,0.017106257754987406,0.0,0.10989766347225459,9.999949532916094e-06,1.0553207039465304,0.005000000000017542,0.9877584788594413,0.10989766347225459
1.238500000000001,0.017107047228671617,0.0,0.10989484984070422,9.999949532916094e-06,1.0553799651586606,0.005000000000017546,0.9877322378361022,0.10989484984070422
1.2390000000000012,0.017107836702355824,0.0,0.10989203318357815,9.999949532916094e-06,1.0554392264110841,0.005000000000017551,0.9877059686997622,0.10989203318357815
1.2395000000000012,0.017108626176040035,0.0,0.10988921350093478,9.999949532916094e-06,1.055498487703802,0.0050000000000175555,0.9876796714503637,0.10988921350093478
1.240000000000001,0.017109415649724246,0.0,0.10988639079274362,9.999949532916094e-06,1.0555577490368162,0.00500000000001756,0.9876533460878486,0.10988639079274362
1.240500000000001,0.017110205123408457,0.0,0.10988356505904354,9.999949532916094e-06,1.0556170104101277,0.005000000000017565,0.987626992612159,0.10988356505904354
1.241000000000001,0.017110994597092668,0.0,0.10988073629984386,9.999949532916094e-06,1.0556762718237378,0.005000000000017569,0.987600611023237,0.10988073629984386
1.2415000000000012,0.01711178407077688,0.0,0.10987790451516398,9.999949532916094e-06,1.055735533277648,0.005000000000017574,0.9875742013210248,0.10987790451516398
1.242000000000001,0.01711257354446109,0.0,0.1098750697050036,9.999949532916094e-06,1.0557947947718596,0.005000000000017578,0.9875477635054642,0.1098750697050036
1.242500000000001,0.017113363018145297,0.0,0.10987223186937246,9.999949532916094e-06,1.0558540563063739,0.005000000000017583,0.9875212975764976,0.10987223186937246
1.2430000000000012,0.017114152491829508,0.0,0.10986939100832989,9.999949532916094e-06,1.0559133178811921,0.005000000000017588,0.987494803534067,0.10986939100832989
1.2435000000000012,0.01711494196551372,0.0,0.1098665471218661,9.999949532916094e-06,1.055972579496316,0.005000000000017592,0.9874682813781144,0.1098665471218661
1.244000000000001,0.01711573143919793,0.0,0.10986370020999123,9.999949532916094e-06,1.0560318411517466,0.005000000000017596,0.9874417311085817,0.10986370020999123
1.244500000000001,0.01711652091288214,0.0,0.10986085027274524,9.999949532916094e-06,1.0560911028474853,0.0050000000000176015,0.9874151527254112,0.10986085027274524
1.245000000000001,0.017117310386566352,0.0,0.10985799731011874,9.999949532916094e-06,1.0561503645835335,0.005000000000017606,0.9873885462285451,0.10985799731011874
1.2455000000000012,0.017118099860250563,0.0,0.10985514132215195,9.999949532916094e-06,1.0562096263598924,0.00500000000001761,0.9873619116179252,0.10985514132215195
1.246000000000001,0.017118889333934774,0.0,0.10985228230882586,9.999949532916094e-06,1.0562688881765636,0.005000000000017615,0.9873352488934936,0.10985228230882586
1.246500000000001,0.017119678807618985,0.0,0.10984942027020074,9.999949532916094e-06,1.0563281500335482,0.00500000000001762,0.9873085580551924,0.10984942027020074
1.2470000000000012,0.017120468281303196,0.0,0.10984655520626774,9.999949532916094e-06,1.0563874119308478,0.005000000000017624,0.9872818391029635,0.10984655520626774
1.2475000000000012,0.017121257754987403,0.0,0.10984368711703793,9.999949532916094e-06,1.0564466738684635,0.005000000000017628,0.9872550920367493,0.10984368711703793
1.248000000000001,0.017122047228671614,0.0,0.1098408160025621,9.999949532916094e-06,1.0565059358463966,0.005000000000017634,0.9872283168564916,0.1098408160025621
1.248500000000001,0.017122836702355825,0.0,0.10983794186283177,9.999949532916094e-06,1.0565651978646489,0.005000000000017638,0.9872015135621325,0.10983794186283177
1.249000000000001,0.017123626176040036,0.0,0.10983506469786833,9.999949532916094e-06,1.0566244599232213,0.005000000000017642,0.987174682153614,0.10983506469786833
1.2495000000000012,0.017124415649724247,0.0,0.10983218450769328,9.999949532916094e-06,1.0566837220221152,0.0050000000000176474,0.9871478226308783,0.10983218450769328
1.250000000000001,0.017125205123408458,0.0,0.1098293012923381,9.999949532916094e-06,1.056742984161332,0.005000000000017652,0.9871209349938673,0.1098293012923381
1.250500000000001,0.01712599459709267,0.0,0.10982641505179497,9.999949532916094e-06,1.0568022463408733,0.005000000000017656,0.987094019242523,0.10982641505179497
1.2510000000000012,0.017126784070776876,0.0,0.1098235257860758,9.999949532916094e-06,1.0568615085607402,0.0050000000000176605,0.9870670753767875,0.1098235257860758
1.2515000000000012,0.017127573544461087,0.0,0.10982063349523236,9.999949532916094e-06,1.056920770820934,0.005000000000017666,0.9870401033966029,0.10982063349523236
1.2520000000000011,0.0171283630181453,0.0,0.10981773817928676,9.999949532916094e-06,1.056980033121456,0.00500000000001767,0.987013103301911,0.10981773817928676
1.252500000000001,0.01712915249182951,0.0,0.10981483983823166,9.999949532916094e-06,1.0570392954623078,0.005000000000017674,0.9869860750926542,0.10981483983823166
1.253000000000001,0.01712994196551372,0.0,0.10981193847209937,9.999949532916094e-06,1.0570985578434906,0.0050000000000176795,0.9869590187687742,0.10981193847209937
1.2535000000000012,0.01713073143919793,0.0,0.1098090340808927,9.999949532916094e-06,1.0571578202650058,0.005000000000017684,0.9869319343302132,0.1098090340808927
1.2540000000000011,0.017131520912882142,0.0,0.10980612666464419,9.999949532916094e-06,1.0572170827268548,0.005000000000017688,0.9869048217769131,0.10980612666464419
1.254500000000001,0.017132310386566353,0.0,0.1098032162233866,9.999949532916094e-06,1.0572763452290386,0.005000000000017693,0.9868776811088159,0.1098032162233866
1.2550000000000012,0.017133099860250564,0.0,0.10980030275710334,9.999949532916094e-06,1.057335607771559,0.005000000000017698,0.9868505123258637,0.10980030275710334
1.2555000000000012,0.01713388933393477,0.0,0.1097973862658175,9.999949532916094e-06,1.0573948703544171,0.005000000000017702,0.9868233154279986,0.1097973862658175
1.2560000000000011,0.017134678807618983,0.0,0.10979446674961163,9.999949532916094e-06,1.0574541329776141,0.005000000000017706,0.9867960904151625,0.10979446674961163
1.256500000000001,0.017135468281303193,0.0,0.10979154420843988,9.999949532916094e-06,1.0575133956411518,0.005000000000017712,0.9867688372872974,0.10979154420843988
1.257000000000001,0.017136257754987404,0.0,0.10978861864233568,9.999949532916094e-06,1.0575726583450313,0.005000000000017716,0.9867415560443452,0.10978861864233568
1.2575000000000012,0.017137047228671615,0.0,0.10978569005134238,9.999949532916094e-06,1.0576319210892537,0.00500000000001772,0.9867142466862481,0.10978569005134238
1.2580000000000011,0.017137836702355826,0.0,0.10978275843545413,9.999949532916094e-06,1.0576911838738208,0.0050000000000177255,0.986686909212948,0.10978275843545413
1.258500000000001,0.017138626176040037,0.0,0.10977982379471456,9.999949532916094e-06,1.0577504466987335,0.00500000000001773,0.9866595436243869,0.10977982379471456
1.2590000000000012,0.017139415649724248,0.0,0.10977688612910819,9.999949532916094e-06,1.0578097095639938,0.005000000000017734,0.9866321499205067,0.10977688612910819
1.2595000000000012,0.017140205123408456,0.0,0.10977394543867895,9.999949532916094e-06,1.0578689724696022,0.005000000000017739,0.9866047281012497,0.10977394543867895
1.2600000000000011,0.017140994597092667,0.0,0.10977100172347093,9.999949532916094e-06,1.0579282354155606,0.005000000000017744,0.9865772781665576,0.10977100172347093
1.260500000000001,0.017141784070776878,0.0,0.10976805498346899,9.999949532916094e-06,1.0579874984018702,0.005000000000017748,0.9865498001163724,0.10976805498346899
1.261000000000001,0.01714257354446109,0.0,0.10976510521870762,9.999949532916094e-06,1.0580467614285325,0.005000000000017753,0.9865222939506362,0.10976510521870762
1.2615000000000012,0.0171433630181453,0.0,0.1097621524292115,9.999949532916094e-06,1.0581060244955485,0.005000000000017758,0.9864947596692909,0.1097621524292115
1.2620000000000011,0.01714415249182951,0.0,0.10975919661499559,9.999949532916094e-06,1.05816528760292,0.005000000000017762,0.9864671972722784,0.10975919661499559
1.262500000000001,0.01714494196551372,0.0,0.10975623777608483,9.999949532916094e-06,1.0582245507506478,0.005000000000017767,0.9864396067595409,0.10975623777608483
1.2630000000000012,0.017145731439197932,0.0,0.10975327591249448,9.999949532916094e-06,1.0582838139387338,0.0050000000000177715,0.9864119881310203,0.10975327591249448
1.2635000000000012,0.01714652091288214,0.0,0.10975031102424977,9.999949532916094e-06,1.058343077167179,0.005000000000017776,0.9863843413866584,0.10975031102424977
1.2640000000000011,0.01714731038656635,0.0,0.10974734311137607,9.999949532916094e-06,1.0584023404359848,0.005000000000017781,0.9863566665263973,0.10974734311137607
1.264500000000001,0.017148099860250562,0.0,0.10974437217389886,9.999949532916094e-06,1.0584616037451526,0.005000000000017785,0.9863289635501791,0.10974437217389886
1.265000000000001,0.017148889333934773,0.0,0.10974139821184382,9.999949532916094e-06,1.0585208670946837,0.00500000000001779,0.9863012324579454,0.10974139821184382
1.2655000000000012,0.017149678807618984,0.0,0.10973842122520704,9.999949532916094e-06,1.0585801304845797,0.005000000000017795,0.9862734732496384,0.10973842122520704
1.2660000000000011,0.017150468281303195,0.0,0.10973544121404408,9.999949532916094e-06,1.0586393939148415,0.005000000000017799,0.9862456859252002,0.10973544121404408
1.266500000000001,0.017151257754987406,0.0,0.10973245817837111,9.999949532916094e-06,1.0586986573854706,0.005000000000017804,0.9862178704845725,0.10973245817837111
1.2670000000000012,0.017152047228671616,0.0,0.10972947211817477,9.999949532916094e-06,1.0587579208964688,0.005000000000017809,0.9861900269276973,0.10972947211817477
1.2675000000000012,0.017152836702355824,0.0,0.10972648303351101,9.999949532916094e-06,1.0588171844478367,0.005000000000017813,0.9861621552545167,0.10972648303351101
1.2680000000000011,0.017153626176040035,0.0,0.10972349092439641,9.999949532916094e-06,1.0588764480395763,0.0050000000000178174,0.9861342554649724,0.10972349092439641
1.268500000000001,0.017154415649724246,0.0,0.1097204957908674,9.999949532916094e-06,1.0589357116716884,0.005000000000017823,0.9861063275590064,0.1097204957908674
1.269000000000001,0.017155205123408457,0.0,0.10971749763293094,9.999949532916094e-06,1.0589949753441747,0.005000000000017827,0.9860783715365609,0.10971749763293094
1.2695000000000012,0.017155994597092668,0.0,0.10971449645061387,9.999949532916094e-06,1.0590542390570366,0.005000000000017831,0.9860503873975776,0.10971449645061387
1.2700000000000011,0.01715678407077688,0.0,0.10971149224394319,9.999949532916094e-06,1.0591135028102752,0.0050000000000178365,0.9860223751419983,0.10971149224394319
1.270500000000001,0.01715757354446109,0.0,0.10970848501292622,9.999949532916094e-06,1.059172766603892,0.005000000000017841,0.9859943347697653,0.10970848501292622
1.2710000000000012,0.0171583630181453,0.0,0.10970547475760997,9.999949532916094e-06,1.0592320304378882,0.005000000000017845,0.9859662662808204,0.10970547475760997
1.2715000000000012,0.01715915249182951,0.0,0.10970246147801196,9.999949532916094e-06,1.0592912943122652,0.00500000000001785,0.9859381696751054,0.10970246147801196
1.2720000000000011,0.01715994196551372,0.0,0.10969944517413993,9.999949532916094e-06,1.0593505582270244,0.005000000000017855,0.9859100449525623,0.10969944517413993
1.272500000000001,0.01716073143919793,0.0,0.10969642584603141,9.999949532916094e-06,1.0594098221821673,0.005000000000017859,0.985881892113133,0.10969642584603141
1.273000000000001,0.01716152091288214,0.0,0.10969340349373394,9.999949532916094e-06,1.0594690861776948,0.005000000000017864,0.9858537111567597,0.10969340349373394
1.2735000000000012,0.017162310386566352,0.0,0.10969037811721617,9.999949532916094e-06,1.0595283502136088,0.005000000000017869,0.9858255020833837,0.10969037811721617
1.2740000000000011,0.017163099860250563,0.0,0.10968734971655553,9.999949532916094e-06,1.0595876142899103,0.005000000000017873,0.9857972648929475,0.10968734971655553
1.274500000000001,0.017163889333934774,0.0,0.10968431829175058,9.999949532916094e-06,1.0596468784066007,0.005000000000017878,0.9857689995853928,0.10968431829175058
1.2750000000000012,0.017164678807618985,0.0,0.10968128384282963,9.999949532916094e-06,1.0597061425636813,0.0050000000000178825,0.9857407061606615,0.10968128384282963
1.2755000000000012,0.017165468281303192,0.0,0.10967824636982114,9.999949532916094e-06,1.0597654067611535,0.005000000000017888,0.9857123846186955,0.10967824636982114
1.2760000000000011,0.017166257754987403,0.0,0.10967520587273394,9.999949532916094e-06,1.059824670999019,0.005000000000017892,0.9856840349594366,0.10967520587273394
1.276500000000001,0.017167047228671614,0.0,0.10967216235162637,9.999949532916094e-06,1.0598839352772784,0.005000000000017896,0.9856556571828269,0.10967216235162637
1.277000000000001,0.017167836702355825,0.0,0.10966911580650755,9.999949532916094e-06,1.0599431995959336,0.005000000000017902,0.9856272512888082,0.10966911580650755
1.2775000000000012,0.017168626176040036,0.0,0.10966606623738671,9.999949532916094e-06,1.0600024639549859,0.005000000000017906,0.9855988172773225,0.10966606623738671
1.2780000000000011,0.017169415649724247,0.0,0.10966301364431273,9.999949532916094e-06,1.0600617283544365,0.00500000000001791,0.9855703551483115,0.10966301364431273
1.278500000000001,0.017170205123408458,0.0,0.10965995802730498,9.999949532916094e-06,1.0601209927942867,0.0050000000000179155,0.9855418649017172,0.10965995802730498
1.2790000000000012,0.01717099459709267,0.0,0.10965689938639285,9.999949532916094e-06,1.060180257274538,0.00500000000001792,0.9855133465374817,0.10965689938639285
1.2795000000000012,0.01717178407077688,0.0,0.10965383772158613,9.999949532916094e-06,1.0602395217951917,0.005000000000017925,0.9854848000555465,0.10965383772158613
1.2800000000000011,0.017172573544461087,0.0,0.10965077303291447,9.999949532916094e-06,1.060298786356249,0.005000000000017929,0.9854562254558538,0.10965077303291447
1.280500000000001,0.0171733630181453,0.0,0.10964770532041754,9.999949532916094e-06,1.0603580509577115,0.005000000000017934,0.9854276227383452,0.10964770532041754
1.281000000000001,0.01717415249182951,0.0,0.10964463458412525,9.999949532916094e-06,1.0604173155995804,0.005000000000017939,0.9853989919029628,0.10964463458412525
1.2815000000000012,0.01717494196551372,0.0,0.10964156082403809,9.999949532916094e-06,1.0604765802818572,0.005000000000017943,0.9853703329496484,0.10964156082403809
1.2820000000000011,0.01717573143919793,0.0,0.10963848404021583,9.999949532916094e-06,1.060535845004543,0.0050000000000179476,0.9853416458783438,0.10963848404021583
1.282500000000001,0.017176520912882142,0.0,0.1096354042326592,9.999949532916094e-06,1.0605951097676394,0.005000000000017953,0.985312930688991,0.1096354042326592
1.2830000000000013,0.017177310386566353,0.0,0.10963232140140855,9.999949532916094e-06,1.0606543745711474,0.005000000000017957,0.9852841873815318,0.10963232140140855
1.2835000000000012,0.017178099860250564,0.0,0.10962923554649447,9.999949532916094e-06,1.0607136394150687,0.005000000000017962,0.985255415955908,0.10962923554649447
1.2840000000000011,0.01717888933393477,0.0,0.10962614666790818,9.999949532916094e-06,1.0607729042994045,0.005000000000017967,0.9852266164120617,0.10962614666790818
1.284500000000001,0.017179678807618982,0.0,0.10962305476572007,9.999949532916094e-06,1.0608321692241562,0.005000000000017971,0.9851977887499345,0.10962305476572007
1.285000000000001,0.017180468281303193,0.0,0.10961995983996113,9.999949532916094e-06,1.060891434189325,0.005000000000017976,0.9851689329694684,0.10961995983996113
1.2855000000000012,0.017181257754987404,0.0,0.10961686189061316,9.999949532916094e-06,1.0609506991949125,0.0050000000000179805,0.9851400490706052,0.10961686189061316
1.2860000000000011,0.017182047228671615,0.0,0.10961376091776664,9.999949532916094e-06,1.0610099642409196,0.005000000000017986,0.9851111370532868,0.10961376091776664
1.286500000000001,0.017182836702355826,0.0,0.10961065692139374,9.999949532916094e-06,1.0610692293273483,0.00500000000001799,0.985082196917455,0.10961065692139374
1.2870000000000013,0.017183626176040037,0.0,0.10960754990154577,9.999949532916094e-06,1.0611284944541994,0.005000000000017994,0.9850532286630517,0.10960754990154577
1.2875000000000012,0.017184415649724248,0.0,0.1096044398582445,9.999949532916094e-06,1.0611877596214745,0.005000000000018,0.9850242322900187,0.1096044398582445
1.2880000000000011,0.017185205123408456,0.0,0.10960132679152176,9.999949532916094e-06,1.0612470248291748,0.005000000000018004,0.9849952077982977,0.10960132679152176
1.288500000000001,0.017185994597092667,0.0,0.10959821070142926,9.999949532916094e-06,1.0613062900773016,0.005000000000018008,0.984966155187831,0.10959821070142926
1.289000000000001,0.017186784070776878,0.0,0.10959509158793981,9.999949532916094e-06,1.0613655553658567,0.0050000000000180135,0.9849370744585599,0.10959509158793981
1.2895000000000012,0.01718757354446109,0.0,0.10959196945114488,9.999949532916094e-06,1.061424820694841,0.005000000000018018,0.9849079656104266,0.10959196945114488
1.2900000000000011,0.0171883630181453,0.0,0.1095888442910472,9.999949532916094e-06,1.0614840860642558,0.005000000000018023,0.9848788286433727,0.1095888442910472
1.290500000000001,0.01718915249182951,0.0,0.10958571610764963,9.999949532916094e-06,1.0615433514741028,0.005000000000018027,0.9848496635573402,0.10958571610764963
1.2910000000000013,0.01718994196551372,0.0,0.10958258490102428,9.999949532916094e-06,1.061602616924383,0.0050000000000180326,0.9848204703522708,0.10958258490102428
1.2915000000000012,0.017190731439197932,0.0,0.10957945067118414,9.999949532916094e-06,1.061661882415098,0.005000000000018037,0.9847912490281064,0.10957945067118414
1.2920000000000011,0.01719152091288214,0.0,0.10957631341812266,9.999949532916094e-06,1.0617211479462492,0.005000000000018041,0.9847619995847889,0.10957631341812266
1.292500000000001,0.01719231038656635,0.0,0.10957317314192216,9.999949532916094e-06,1.0617804135178377,0.005000000000018046,0.9847327220222599,0.10957317314192216
1.293000000000001,0.01719309986025056,0.0,0.10957002984259609,9.999949532916094e-06,1.061839679129865,0.005000000000018051,0.9847034163404613,0.10957002984259609
1.2935000000000012,0.017193889333934773,0.0,0.10956688352016788,9.999949532916094e-06,1.0618989447823324,0.005000000000018056,0.9846740825393351,0.10956688352016788
1.2940000000000011,0.017194678807618984,0.0,0.10956373417468081,9.999949532916094e-06,1.061958210475241,0.00500000000001806,0.9846447206188229,0.10956373417468081
1.294500000000001,0.017195468281303194,0.0,0.10956058180614867,9.999949532916094e-06,1.0620174762085925,0.005000000000018065,0.9846153305788666,0.10956058180614867
1.2950000000000013,0.017196257754987405,0.0,0.10955742641461508,9.999949532916094e-06,1.0620767419823882,0.00500000000001807,0.984585912419408,0.10955742641461508
1.2955000000000012,0.017197047228671616,0.0,0.1095542680000842,9.999949532916094e-06,1.0621360077966295,0.005000000000018074,0.9845564661403887,0.1095542680000842
1.2960000000000012,0.017197836702355827,0.0,0.10955110656262956,9.999949532916094e-06,1.0621952736513174,0.005000000000018079,0.984526991741751,0.10955110656262956
1.296500000000001,0.017198626176040035,0.0,0.1095479421022062,9.999949532916094e-06,1.0622545395464538,0.005000000000018084,0.984497489223436,0.1095479421022062
1.297000000000001,0.017199415649724246,0.0,0.10954477461894713,9.999949532916094e-06,1.0623138054820394,0.005000000000018088,0.9844679585853863,0.10954477461894713
1.2975000000000012,0.017200205123408457,0.0,0.10954160411281759,9.999949532916094e-06,1.062373071458076,0.005000000000018093,0.984438399827543,0.10954160411281759
1.2980000000000012,0.017200994597092668,0.0,0.10953843058386198,9.999949532916094e-06,1.0624323374745648,0.005000000000018098,0.9844088129498482,0.10953843058386198
1.298500000000001,0.01720178407077688,0.0,0.10953525403212479,9.999949532916094e-06,1.062491603531507,0.005000000000018103,0.9843791979522437,0.10953525403212479
1.2990000000000013,0.01720257354446109,0.0,0.10953207445761118,9.999949532916094e-06,1.0625508696289043,0.005000000000018107,0.9843495548346712,0.10953207445761118
1.2995000000000012,0.0172033630181453,0.0,0.10952889186037582,9.999949532916094e-06,1.062610135766758,0.005000000000018112,0.9843198835970726,0.10952889186037582
1.3000000000000012,0.017204152491829508,0.0,0.10952570624041424,9.999949532916094e-06,1.062669401945069,0.005000000000018117,0.9842901842393895,0.10952570624041424
1.300500000000001,0.01720494196551372,0.0,0.10952251759782088,9.999949532916094e-06,1.062728668163839,0.005000000000018121,0.9842604567615638,0.10952251759782088
1.301000000000001,0.01720573143919793,0.0,0.10951932593257181,9.999949532916094e-06,1.0627879344230695,0.005000000000018126,0.9842307011635373,0.10951932593257181
1.3015000000000012,0.01720652091288214,0.0,0.10951613124474195,9.999949532916094e-06,1.0628472007227614,0.005000000000018131,0.9842009174452517,0.10951613124474195
1.3020000000000012,0.017207310386566352,0.0,0.10951293353431757,9.999949532916094e-06,1.0629064670629165,0.005000000000018136,0.9841711056066488,0.10951293353431757
1.302500000000001,0.017208099860250563,0.0,0.10950973280136396,9.999949532916094e-06,1.0629657334435358,0.00500000000001814,0.9841412656476703,0.10950973280136396
1.3030000000000013,0.017208889333934774,0.0,0.10950652904590712,9.999949532916094e-06,1.0630249998646208,0.005000000000018145,0.9841113975682582,0.10950652904590712
1.3035000000000012,0.017209678807618985,0.0,0.10950332226798304,9.999949532916094e-06,1.0630842663261728,0.00500000000001815,0.984081501368354,0.10950332226798304
1.3040000000000012,0.017210468281303196,0.0,0.10950011246760809,9.999949532916094e-06,1.0631435328281933,0.005000000000018155,0.9840515770478995,0.10950011246760809
1.304500000000001,0.017211257754987403,0.0,0.10949689964480867,9.999949532916094e-06,1.0632027993706834,0.005000000000018159,0.9840216246068365,0.10949689964480867
1.305000000000001,0.017212047228671614,0.0,0.10949368379965078,9.999949532916094e-06,1.0632620659536447,0.0050000000000181635,0.9839916440451069,0.10949368379965078
1.3055000000000012,0.017212836702355825,0.0,0.10949046493215123,9.999949532916094e-06,1.0633213325770783,0.005000000000018169,0.9839616353626521,0.10949046493215123
1.3060000000000012,0.017213626176040036,0.0,0.10948724304233677,9.999949532916094e-06,1.0633805992409857,0.005000000000018173,0.9839315985594143,0.10948724304233677
1.306500000000001,0.017214415649724247,0.0,0.10948401813026397,9.999949532916094e-06,1.063439865945368,0.005000000000018178,0.983901533635335,0.10948401813026397
1.3070000000000013,0.017215205123408458,0.0,0.10948079019593028,9.999949532916094e-06,1.0634991326902272,0.005000000000018183,0.9838714405903557,0.10948079019593028
1.3075000000000012,0.01721599459709267,0.0,0.10947755923939251,9.999949532916094e-06,1.063558399475564,0.005000000000018188,0.9838413194244185,0.10947755923939251
1.3080000000000012,0.01721678407077688,0.0,0.10947432526068784,9.999949532916094e-06,1.0636176663013799,0.005000000000018192,0.9838111701374651,0.10947432526068784
1.308500000000001,0.017217573544461087,0.0,0.10947108825981418,9.999949532916094e-06,1.0636769331676763,0.005000000000018197,0.9837809927294371,0.10947108825981418
1.309000000000001,0.017218363018145298,0.0,0.10946784823685832,9.999949532916094e-06,1.0637362000744546,0.005000000000018202,0.9837507872002764,0.10946784823685832
1.3095000000000012,0.01721915249182951,0.0,0.10946460519182824,9.999949532916094e-06,1.063795467021716,0.005000000000018207,0.9837205535499246,0.10946460519182824
1.3100000000000012,0.01721994196551372,0.0,0.10946135912476174,9.999949532916094e-06,1.063854734009462,0.005000000000018211,0.9836902917783235,0.10946135912476174
1.310500000000001,0.01722073143919793,0.0,0.10945811003569665,9.999949532916094e-06,1.0639140010376937,0.005000000000018216,0.9836600018854147,0.10945811003569665
1.3110000000000013,0.017221520912882142,0.0,0.10945485792465127,9.999949532916094e-06,1.063973268106413,0.005000000000018221,0.98362968387114,0.10945485792465127
1.3115000000000012,0.017222310386566353,0.0,0.10945160279167361,9.999949532916094e-06,1.0640325352156206,0.005000000000018225,0.9835993377354413,0.10945160279167361
1.3120000000000012,0.017223099860250564,0.0,0.10944834463680198,9.999949532916094e-06,1.064091802365318,0.00500000000001823,0.9835689634782601,0.10944834463680198
1.312500000000001,0.01722388933393477,0.0,0.10944508346003529,9.999949532916094e-06,1.064151069555507,0.005000000000018235,0.983538561099538,0.10944508346003529
1.313000000000001,0.017224678807618982,0.0,0.10944181926147133,9.999949532916094e-06,1.0642103367861884,0.00500000000001824,0.983508130599217,0.10944181926147133
1.3135000000000012,0.017225468281303193,0.0,0.10943855204108957,9.999949532916094e-06,1.064269604057364,0.005000000000018244,0.9834776719772387,0.10943855204108957
1.3140000000000012,0.017226257754987404,0.0,0.10943528179897817,9.999949532916094e-06,1.0643288713690346,0.005000000000018249,0.9834471852335448,0.10943528179897817
1.3145000000000011,0.017227047228671615,0.0,0.10943200853512679,9.999949532916094e-06,1.0643881387212022,0.005000000000018254,0.9834166703680769,0.10943200853512679
1.3150000000000013,0.017227836702355826,0.0,0.10942873224958435,9.999949532916094e-06,1.0644474061138676,0.005000000000018259,0.9833861273807769,0.10942873224958435
1.3155000000000012,0.017228626176040037,0.0,0.10942545294239998,9.999949532916094e-06,1.0645066735470323,0.005000000000018263,0.9833555562715864,0.10942545294239998
1.3160000000000012,0.017229415649724248,0.0,0.10942217061359329,9.999949532916094e-06,1.0645659410206978,0.0050000000000182685,0.9833249570404471,0.10942217061359329
1.3165000000000011,0.017230205123408456,0.0,0.10941888526319393,9.999949532916094e-06,1.0646252085348653,0.005000000000018273,0.9832943296873007,0.10941888526319393
1.317000000000001,0.017230994597092666,0.0,0.10941559689126128,9.999949532916094e-06,1.0646844760895362,0.005000000000018278,0.9832636742120888,0.10941559689126128
1.3175000000000012,0.017231784070776877,0.0,0.10941230549782523,9.999949532916094e-06,1.0647437436847118,0.005000000000018282,0.9832329906147533,0.10941230549782523
1.3180000000000012,0.01723257354446109,0.0,0.10940901108292568,9.999949532916094e-06,1.0648030113203935,0.0050000000000182876,0.9832022788952358,0.10940901108292568
1.3185000000000011,0.0172333630181453,0.0,0.10940571364658298,9.999949532916094e-06,1.0648622789965827,0.005000000000018292,0.9831715390534779,0.10940571364658298
1.3190000000000013,0.01723415249182951,0.0,0.109402413188857,9.999949532916094e-06,1.0649215467132804,0.005000000000018297,0.9831407710894214,0.109402413188857
1.3195000000000012,0.01723494196551372,0.0,0.10939910970973878,9.999949532916094e-06,1.0649808144704886,0.0050000000000183014,0.9831099750030078,0.10939910970973878
1.3200000000000012,0.017235731439197932,0.0,0.1093958032093279,9.999949532916094e-06,1.065040082268208,0.005000000000018306,0.983079150794179,0.1093958032093279
1.3205000000000011,0.017236520912882143,0.0,0.10939249368761564,9.999949532916094e-06,1.0650993501064403,0.005000000000018311,0.9830482984628764,0.10939249368761564
1.321000000000001,0.01723731038656635,0.0,0.10938918114463288,9.999949532916094e-06,1.0651586179851869,0.005000000000018315,0.983017418009042,0.10938918114463288
1.3215000000000012,0.01723809986025056,0.0,0.10938586558045003,9.999949532916094e-06,1.065217885904449,0.0050000000000183205,0.9829865094326171,0.10938586558045003
1.3220000000000012,0.017238889333934772,0.0,0.10938254699510813,9.999949532916094e-06,1.0652771538642278,0.005000000000018325,0.9829555727335437,0.10938254699510813
1.3225000000000011,0.017239678807618983,0.0,0.10937922538863842,9.999949532916094e-06,1.0653364218645247,0.00500000000001833,0.9829246079117634,0.10937922538863842
1.3230000000000013,0.017240468281303194,0.0,0.10937590076105257,9.999949532916094e-06,1.0653956899053414,0.005000000000018334,0.9828936149672177,0.10937590076105257
1.3235000000000012,0.017241257754987405,0.0,0.10937257311240185,9.999949532916094e-06,1.065454957986679,0.00500000000001834,0.9828625938998483,0.10937257311240185
1.3240000000000012,0.017242047228671616,0.0,0.1093692424427475,9.999949532916094e-06,1.0655142261085386,0.005000000000018344,0.9828315447095971,0.1093692424427475
1.3245000000000011,0.017242836702355824,0.0,0.10936590875206217,9.999949532916094e-06,1.065573494270922,0.005000000000018349,0.9828004673964054,0.10936590875206217
1.325000000000001,0.017243626176040035,0.0,0.10936257204047642,9.999949532916094e-06,1.0656327624738302,0.0050000000000183535,0.9827693619602151,0.10936257204047642
1.3255000000000012,0.017244415649724246,0.0,0.10935923230797302,9.999949532916094e-06,1.0656920307172648,0.005000000000018359,0.9827382284009677,0.10935923230797302
1.3260000000000012,0.017245205123408457,0.0,0.10935588955460392,9.999949532916094e-06,1.065751299001227,0.005000000000018363,0.982707066718605,0.10935588955460392
1.3265000000000011,0.017245994597092668,0.0,0.10935254378040143,9.999949532916094e-06,1.065810567325718,0.005000000000018368,0.9826758769130685,0.10935254378040143
1.3270000000000013,0.01724678407077688,0.0,0.10934919498539808,9.999949532916094e-06,1.0658698356907397,0.0050000000000183726,0.9826446589842999,0.10934919498539808
1.3275000000000012,0.01724757354446109,0.0,0.10934584316965607,9.999949532916094e-06,1.0659291040962928,0.005000000000018378,0.9826134129322407,0.10934584316965607
1.3280000000000012,0.0172483630181453,0.0,0.10934248833317854,9.999949532916094e-06,1.065988372542379,0.005000000000018383,0.9825821387568328,0.10934248833317854
1.3285000000000011,0.01724915249182951,0.0,0.10933913047604772,9.999949532916094e-06,1.0660476410289996,0.005000000000018387,0.9825508364580177,0.10933913047604772
1.329000000000001,0.01724994196551372,0.0,0.1093357695982769,9.999949532916094e-06,1.0661069095561557,0.0050000000000183925,0.982519506035737,0.1093357695982769
1.3295000000000012,0.01725073143919793,0.0,0.10933240569989926,9.999949532916094e-06,1.0661661781238492,0.005000000000018397,0.9824881474899323,0.10933240569989926
1.3300000000000012,0.01725152091288214,0.0,0.10932903878097766,9.999949532916094e-06,1.0662254467320809,0.005000000000018402,0.9824567608205452,0.10932903878097766
1.3305000000000011,0.01725231038656635,0.0,0.10932566884154558,9.999949532916094e-06,1.0662847153808523,0.005000000000018406,0.9824253460275176,0.10932566884154558
1.3310000000000013,0.017253099860250563,0.0,0.1093222958816267,9.999949532916094e-06,1.066343984070165,0.005000000000018412,0.9823939031107908,0.1093222958816267
1.3315000000000012,0.017253889333934774,0.0,0.10931891990129416,9.999949532916094e-06,1.0664032528000198,0.005000000000018416,0.9823624320703066,0.10931891990129416
1.3320000000000012,0.017254678807618985,0.0,0.10931554090055226,9.999949532916094e-06,1.0664625215704187,0.005000000000018421,0.9823309329060066,0.10931554090055226
1.3325000000000011,0.017255468281303196,0.0,0.10931215887945464,9.999949532916094e-06,1.0665217903813626,0.0050000000000184255,0.9822994056178322,0.10931215887945464
1.333000000000001,0.017256257754987403,0.0,0.10930877383802563,9.999949532916094e-06,1.066581059232853,0.005000000000018431,0.9822678502057253,0.10930877383802563
1.3335000000000012,0.017257047228671614,0.0,0.10930538577634873,9.999949532916094e-06,1.0666403281248913,0.005000000000018435,0.9822362666696273,0.10930538577634873
1.3340000000000012,0.017257836702355825,0.0,0.10930199469443863,9.999949532916094e-06,1.0666995970574786,0.00500000000001844,0.98220465500948,0.10930199469443863
1.3345000000000011,0.017258626176040036,0.0,0.10929860059232985,9.999949532916094e-06,1.0667588660306166,0.0050000000000184446,0.9821730152252247,0.10929860059232985
1.3350000000000013,0.017259415649724247,0.0,0.1092952034700669,9.999949532916094e-06,1.0668181350443064,0.00500000000001845,0.9821413473168034,0.1092952034700669
1.3355000000000012,0.017260205123408458,0.0,0.10929180332769445,9.999949532916094e-06,1.0668774040985496,0.005000000000018454,0.9821096512841572,0.10929180332769445
1.3360000000000012,0.01726099459709267,0.0,0.10928840016528686,9.999949532916094e-06,1.066936673193347,0.005000000000018459,0.9820779271272283,0.10928840016528686
1.3365000000000011,0.01726178407077688,0.0,0.10928499398282006,9.999949532916094e-06,1.0669959423287005,0.005000000000018464,0.9820461748459577,0.10928499398282006
1.337000000000001,0.017262573544461087,0.0,0.1092815847803588,9.999949532916094e-06,1.0670552115046112,0.005000000000018469,0.9820143944402874,0.1092815847803588
1.3375000000000012,0.017263363018145298,0.0,0.10927817255796801,9.999949532916094e-06,1.0671144807210806,0.005000000000018474,0.9819825859101587,0.10927817255796801
1.3380000000000012,0.01726415249182951,0.0,0.10927475731568319,9.999949532916094e-06,1.06717374997811,0.005000000000018478,0.9819507492555135,0.10927475731568319
1.3385000000000011,0.01726494196551372,0.0,0.10927133905353008,9.999949532916094e-06,1.0672330192757007,0.005000000000018484,0.981918884476293,0.10927133905353008
1.3390000000000013,0.01726573143919793,0.0,0.10926791777157398,9.999949532916094e-06,1.0672922886138538,0.005000000000018488,0.9818869915724392,0.10926791777157398
1.3395000000000012,0.017266520912882142,0.0,0.10926449346982123,9.999949532916094e-06,1.0673515579925712,0.005000000000018493,0.9818550705438933,0.10926449346982123
1.3400000000000012,0.017267310386566353,0.0,0.10926106614836699,9.999949532916094e-06,1.0674108274118537,0.0050000000000184975,0.9818231213905971,0.10926106614836699
1.3405000000000011,0.017268099860250564,0.0,0.1092576358071981,9.999949532916094e-06,1.067470096871703,0.005000000000018503,0.981791144112492,0.1092576358071981
1.341000000000001,0.01726888933393477,0.0,0.10925420244637062,9.999949532916094e-06,1.0675293663721204,0.005000000000018507,0.9817591387095198,0.10925420244637062
1.3415000000000012,0.017269678807618982,0.0,0.10925076606596038,9.999949532916094e-06,1.067588635913107,0.005000000000018512,0.9817271051816219,0.10925076606596038
1.3420000000000012,0.017270468281303193,0.0,0.10924732666599409,9.999949532916094e-06,1.0676479054946644,0.0050000000000185165,0.9816950435287398,0.10924732666599409
1.3425000000000011,0.017271257754987404,0.0,0.1092438842464986,9.999949532916094e-06,1.067707175116794,0.005000000000018522,0.9816629537508152,0.1092438842464986
1.3430000000000013,0.017272047228671615,0.0,0.10924043880754032,9.999949532916094e-06,1.0677664447794968,0.005000000000018527,0.9816308358477897,0.10924043880754032
1.3435000000000012,0.017272836702355826,0.0,0.10923699034915621,9.999949532916094e-06,1.0678257144827743,0.005000000000018531,0.9815986898196047,0.10923699034915621
1.3440000000000012,0.017273626176040037,0.0,0.10923353887135383,9.999949532916094e-06,1.0678849842266283,0.0050000000000185365,0.9815665156662017,0.10923353887135383
1.3445000000000011,0.017274415649724248,0.0,0.10923008437423941,9.999949532916094e-06,1.0679442540110593,0.005000000000018541,0.9815343133875226,0.10923008437423941
1.345000000000001,0.01727520512340846,0.0,0.10922662685781091,9.999949532916094e-06,1.0680035238360694,0.005000000000018546,0.9815020829835085,0.10922662685781091
1.3455000000000013,0.017275994597092666,0.0,0.10922316632210585,9.999949532916094e-06,1.0680627937016596,0.00500000000001855,0.9814698244541014,0.10922316632210585
1.3460000000000012,0.017276784070776877,0.0,0.1092197027672112,9.999949532916094e-06,1.0681220636078312,0.005000000000018556,0.9814375377992424,0.1092197027672112
1.3465000000000011,0.017277573544461088,0.0,0.10921623619315485,9.999949532916094e-06,1.0681813335545858,0.00500000000001856,0.9814052230188732,0.10921623619315485
1.3470000000000013,0.0172783630181453,0.0,0.10921276659996489,9.999949532916094e-06,1.0682406035419245,0.005000000000018565,0.9813728801129356,0.10921276659996489
1.3475000000000013,0.01727915249182951,0.0,0.10920929398769907,9.999949532916094e-06,1.0682998735698488,0.00500000000001857,0.9813405090813707,0.10920929398769907
1.3480000000000012,0.01727994196551372,0.0,0.10920581835639565,9.999949532916094e-06,1.06835914363836,0.005000000000018575,0.9813081099241203,0.10920581835639565
1.3485000000000011,0.017280731439197932,0.0,0.10920233970610277,9.999949532916094e-06,1.0684184137474593,0.00500000000001858,0.9812756826411259,0.10920233970610277
1.349000000000001,0.01728152091288214,0.0,0.10919885803685894,9.999949532916094e-06,1.0684776838971481,0.005000000000018584,0.981243227232329,0.10919885803685894
1.3495000000000013,0.01728231038656635,0.0,0.1091953733487126,9.999949532916094e-06,1.068536954087428,0.005000000000018589,0.9812107436976711,0.1091953733487126
1.3500000000000012,0.01728309986025056,0.0,0.10919188564174194,9.999949532916094e-06,1.0685962243183,0.005000000000018594,0.9811782320370939,0.10919188564174194
1.3505000000000011,0.017283889333934772,0.0,0.10918839491593656,9.999949532916094e-06,1.068655494589766,0.005000000000018599,0.9811456922505385,0.10918839491593656
1.3510000000000013,0.017284678807618983,0.0,0.10918490117138474,9.999949532916094e-06,1.0687147649018265,0.005000000000018604,0.9811131243379468,0.10918490117138474
1.3515000000000013,0.017285468281303194,0.0,0.10918140440809607,9.999949532916094e-06,1.0687740352544837,0.0050000000000186085,0.9810805282992602,0.10918140440809607
1.3520000000000012,0.017286257754987405,0.0,0.10917790462613944,9.999949532916094e-06,1.0688333056477384,0.005000000000018614,0.9810479041344201,0.10917790462613944
1.3525000000000011,0.017287047228671616,0.0,0.10917440182557395,9.999949532916094e-06,1.068892576081592,0.005000000000018618,0.9810152518433682,0.10917440182557395
1.353000000000001,0.017287836702355827,0.0,0.10917089600640964,9.999949532916094e-06,1.068951846556046,0.005000000000018623,0.980982571426046,0.10917089600640964
1.3535000000000013,0.017288626176040038,0.0,0.1091673871687059,9.999949532916094e-06,1.0690111170711019,0.005000000000018628,0.9809498628823947,0.1091673871687059
1.3540000000000012,0.017289415649724246,0.0,0.10916387531252228,9.999949532916094e-06,1.0690703876267604,0.005000000000018633,0.9809171262123563,0.10916387531252228
1.3545000000000011,0.017290205123408457,0.0,0.10916036043788888,9.999949532916094e-06,1.0691296582230236,0.005000000000018638,0.9808843614158718,0.10916036043788888
1.3550000000000013,0.017290994597092667,0.0,0.10915684254486557,9.999949532916094e-06,1.0691889288598926,0.005000000000018642,0.9808515684928829,0.10915684254486557
1.3555000000000013,0.01729178407077688,0.0,0.10915332163349255,9.999949532916094e-06,1.0692481995373686,0.0050000000000186475,0.9808187474433311,0.10915332163349255
1.3560000000000012,0.01729257354446109,0.0,0.10914979770382995,9.999949532916094e-06,1.069307470255453,0.005000000000018652,0.980785898267158,0.10914979770382995
1.3565000000000011,0.0172933630181453,0.0,0.10914627075590841,9.999949532916094e-06,1.0693667410141472,0.005000000000018657,0.980753020964305,0.10914627075590841
1.357000000000001,0.017294152491829508,0.0,0.10914274078975875,9.999949532916094e-06,1.0694260118134524,0.005000000000018662,0.9807201155347135,0.10914274078975875
1.3575000000000013,0.01729494196551372,0.0,0.10913920780546117,9.999949532916094e-06,1.0694852826533703,0.005000000000018667,0.9806871819783249,0.10913920780546117
1.3580000000000012,0.01729573143919793,0.0,0.10913567180305661,9.999949532916094e-06,1.0695445535339019,0.005000000000018672,0.980654220295081,0.10913567180305661
1.3585000000000012,0.01729652091288214,0.0,0.10913213278257629,9.999949532916094e-06,1.0696038244550488,0.005000000000018676,0.980621230484923,0.10913213278257629
1.3590000000000013,0.01729731038656635,0.0,0.10912859074408111,9.999949532916094e-06,1.069663095416812,0.005000000000018681,0.9805882125477926,0.10912859074408111
1.3595000000000013,0.017298099860250563,0.0,0.10912504568763211,9.999949532916094e-06,1.069722366419193,0.0050000000000186865,0.9805551664836312,0.10912504568763211
1.3600000000000012,0.017298889333934774,0.0,0.10912149761323137,9.999949532916094e-06,1.0697816374621936,0.005000000000018691,0.98052209229238,0.10912149761323137
1.3605000000000012,0.017299678807618984,0.0,0.10911794652096977,9.999949532916094e-06,1.0698409085458145,0.005000000000018696,0.9804889899739807,0.10911794652096977
1.361000000000001,0.017300468281303195,0.0,0.10911439241089893,9.999949532916094e-06,1.0699001796700571,0.0050000000000187,0.9804558595283749,0.10911439241089893
1.3615000000000013,0.017301257754987406,0.0,0.10911083528303114,9.999949532916094e-06,1.0699594508349233,0.005000000000018706,0.9804227009555038,0.10911083528303114
1.3620000000000012,0.017302047228671614,0.0,0.1091072751374183,9.999949532916094e-06,1.0700187220404138,0.005000000000018711,0.9803895142553091,0.1091072751374183
1.3625000000000012,0.017302836702355825,0.0,0.109103711974142,9.999949532916094e-06,1.0700779932865305,0.005000000000018715,0.980356299427732,0.109103711974142
1.3630000000000013,0.017303626176040036,0.0,0.10910014579323467,9.999949532916094e-06,1.0701372645732743,0.00500000000001872,0.9803230564727141,0.10910014579323467
1.3635000000000013,0.017304415649724247,0.0,0.10909657659473873,9.999949532916094e-06,1.070196535900647,0.005000000000018726,0.9802897853901967,0.10909657659473873
1.3640000000000012,0.017305205123408458,0.0,0.10909300437872632,9.999949532916094e-06,1.0702558072686492,0.00500000000001873,0.9802564861801216,0.10909300437872632
1.3645000000000012,0.01730599459709267,0.0,0.10908942914522046,9.999949532916094e-06,1.070315078677283,0.005000000000018735,0.9802231588424299,0.10908942914522046
1.365000000000001,0.01730678407077688,0.0,0.10908585089427383,9.999949532916094e-06,1.0703743501265495,0.0050000000000187395,0.9801898033770633,0.10908585089427383
1.3655000000000013,0.017307573544461087,0.0,0.10908226962590974,9.999949532916094e-06,1.07043362161645,0.005000000000018745,0.980156419783963,0.10908226962590974
1.3660000000000012,0.017308363018145298,0.0,0.10907868534024023,9.999949532916094e-06,1.070492893146986,0.00500000000001875,0.9801230080630705,0.10907868534024023
1.3665000000000012,0.01730915249182951,0.0,0.10907509803728888,9.999949532916094e-06,1.0705521647181584,0.005000000000018754,0.9800895682143274,0.10907509803728888
1.3670000000000013,0.01730994196551372,0.0,0.10907150771709906,9.999949532916094e-06,1.070611436329969,0.005000000000018759,0.9800561002376749,0.10907150771709906
1.3675000000000013,0.01731073143919793,0.0,0.10906791437972418,9.999949532916094e-06,1.070670707982419,0.005000000000018764,0.9800226041330546,0.10906791437972418
1.3680000000000012,0.017311520912882142,0.0,0.10906431802518819,9.999949532916094e-06,1.0707299796755099,0.005000000000018769,0.9799890799004078,0.10906431802518819
1.3685000000000012,0.017312310386566353,0.0,0.10906071865360387,9.999949532916094e-06,1.0707892514092425,0.005000000000018774,0.9799555275396762,0.10906071865360387
1.369000000000001,0.017313099860250564,0.0,0.10905711626495602,9.999949532916094e-06,1.070848523183619,0.0050000000000187785,0.9799219470508008,0.10905711626495602
1.3695000000000013,0.017313889333934775,0.0,0.10905351085931833,9.999949532916094e-06,1.07090779499864,0.005000000000018784,0.9798883384337234,0.10905351085931833
1.3700000000000012,0.017314678807618982,0.0,0.10904990243673496,9.999949532916094e-06,1.0709670668543072,0.005000000000018789,0.9798547016883852,0.10904990243673496
1.3705000000000012,0.017315468281303193,0.0,0.10904629099727983,9.999949532916094e-06,1.071026338750622,0.005000000000018793,0.9798210368147275,0.10904629099727983
1.3710000000000013,0.017316257754987404,0.0,0.10904267654098758,9.999949532916094e-06,1.0710856106875857,0.0050000000000187984,0.9797873438126921,0.10904267654098758
1.3715000000000013,0.017317047228671615,0.0,0.10903905906793239,9.999949532916094e-06,1.0711448826651992,0.005000000000018804,0.9797536226822201,0.10903905906793239
1.3720000000000012,0.017317836702355826,0.0,0.10903543857812947,9.999949532916094e-06,1.0712041546834645,0.005000000000018808,0.9797198734232531,0.10903543857812947
1.3725000000000012,0.017318626176040037,0.0,0.10903181507165328,9.999949532916094e-06,1.0712634267423826,0.005000000000018813,0.9796860960357323,0.10903181507165328
1.373000000000001,0.017319415649724248,0.0,0.10902818854852916,9.999949532916094e-06,1.071322698841955,0.0050000000000188175,0.9796522905195991,0.10902818854852916
1.3735000000000013,0.01732020512340846,0.0,0.10902455900884167,9.999949532916094e-06,1.071381970982183,0.005000000000018823,0.9796184568747951,0.10902455900884167
1.3740000000000012,0.017320994597092666,0.0,0.10902092645261643,9.999949532916094e-06,1.0714412431630678,0.005000000000018828,0.9795845951012617,0.10902092645261643
1.3745000000000012,0.017321784070776877,0.0,0.10901729087992845,9.999949532916094e-06,1.0715005153846109,0.005000000000018832,0.97955070519894,0.10901729087992845
1.3750000000000013,0.017322573544461088,0.0,0.1090136522908233,9.999949532916094e-06,1.0715597876468135,0.0050000000000188375,0.9795167871677718,0.1090136522908233
1.3755000000000013,0.0173233630181453,0.0,0.1090100106853467,9.999949532916094e-06,1.071619059949677,0.005000000000018843,0.9794828410076982,0.1090100106853467
1.3760000000000012,0.01732415249182951,0.0,0.10900636606354452,9.999949532916094e-06,1.071678332293203,0.005000000000018847,0.9794488667186606,0.10900636606354452
1.3765000000000012,0.01732494196551372,0.0,0.10900271842547261,9.999949532916094e-06,1.0717376046773928,0.005000000000018852,0.9794148643006004,0.10900271842547261
1.3770000000000011,0.017325731439197932,0.0,0.10899906777120666,9.999949532916094e-06,1.0717968771022472,0.005000000000018857,0.9793808337534592,0.10899906777120666
1.3775000000000013,0.017326520912882143,0.0,0.1089959986041145,9.999949532916094e-06,1.0718561418435855,0.005000000000018862,0.9793467795174181,0.1089959986041145
1.3780000000000012,0.017327310386566354,0.0,0.10899302842935697,9.999949532916094e-06,1.0719154052772994,0.005000000000018867,0.979312697935207,0.10899302842935697
1.3785000000000012,0.01732809986025056,0.0,0.10899003654658572,9.999949532916094e-06,1.0719746689984258,0.005000000000018872,0.9792785880902682,0.10899003654658572
1.3790000000000013,0.017328889333934772,0.0,0.10898702309629875,9.999949532916094e-06,1.07203393300512,0.0050000000000188765,0.9792444499832555,0.10898702309629875
1.3795000000000013,0.017329678807618983,0.0,0.10898398821893375,9.999949532916094e-06,1.0720931972955379,0.005000000000018882,0.9792102836148266,0.10898398821893375
1.3800000000000012,0.017330468281303194,0.0,0.10898093205498603,9.999949532916094e-06,1.0721524618678344,0.005000000000018887,0.9791760889856428,0.10898093205498603
1.3805000000000012,0.017331257754987405,0.0,0.10897785474491005,9.999949532916094e-06,1.0722117267201652,0.005000000000018891,0.9791418660963688,0.10897785474491005
1.3810000000000011,0.017332047228671616,0.0,0.10897475642912896,9.999949532916094e-06,1.072270991850686,0.0050000000000188964,0.9791076149476723,0.10897475642912896
1.3815000000000013,0.017332836702355827,0.0,0.10897163724814297,9.999949532916094e-06,1.0723302572575522,0.005000000000018902,0.9790733355402252,0.10897163724814297
1.3820000000000012,0.017333626176040035,0.0,0.10896849734237153,9.999949532916094e-06,1.0723895229389193,0.005000000000018906,0.9790390278747026,0.10896849734237153
1.3825000000000012,0.017334415649724245,0.0,0.10896533685231076,9.999949532916094e-06,1.0724487888929428,0.005000000000018911,0.9790046919517832,0.10896533685231076
1.3830000000000013,0.017335205123408456,0.0,0.1089621559183955,9.999949532916094e-06,1.0725080551177781,0.005000000000018916,0.978970327772149,0.1089621559183955
1.3835000000000013,0.017335994597092667,0.0,0.10895895468106817,9.999949532916094e-06,1.072567321611581,0.005000000000018921,0.9789359353364855,0.10895895468106817
1.3840000000000012,0.01733678407077688,0.0,0.10895573328079812,9.999949532916094e-06,1.0726265883725066,0.005000000000018926,0.978901514645482,0.10895573328079812
1.3845000000000012,0.01733757354446109,0.0,0.10895249185799315,9.999949532916094e-06,1.0726858553987109,0.005000000000018931,0.9788670656998307,0.10895249185799315
1.3850000000000011,0.0173383630181453,0.0,0.10894923055312716,9.999949532916094e-06,1.0727451226883489,0.0050000000000189355,0.9788325885002283,0.10894923055312716
1.3855000000000013,0.01733915249182951,0.0,0.1089459495066417,9.999949532916094e-06,1.0728043902395763,0.005000000000018941,0.9787980830473739,0.1089459495066417
1.3860000000000012,0.017339941965513722,0.0,0.10894264885895565,9.999949532916094e-06,1.0728636580505486,0.005000000000018946,0.9787635493419709,0.10894264885895565
1.3865000000000012,0.01734073143919793,0.0,0.10893932875047486,9.999949532916094e-06,1.0729229261194215,0.00500000000001895,0.9787289873847256,0.10893932875047486
1.3870000000000013,0.01734152091288214,0.0,0.10893598932170047,9.999949532916094e-06,1.0729821944443503,0.005000000000018955,0.9786943971763482,0.10893598932170047
1.3875000000000013,0.01734231038656635,0.0,0.10893263071300226,9.999949532916094e-06,1.0730414630234906,0.005000000000018961,0.9786597787175523,0.10893263071300226
1.3880000000000012,0.017343099860250562,0.0,0.10892925306484495,9.999949532916094e-06,1.0731007318549977,0.005000000000018965,0.9786251320090549,0.10892925306484495
1.3885000000000012,0.017343889333934773,0.0,0.10892585651761089,9.999949532916094e-06,1.0731600009370272,0.00500000000001897,0.9785904570515767,0.10892585651761089
1.3890000000000011,0.017344678807618984,0.0,0.10892244121173775,9.999949532916094e-06,1.0732192702677348,0.005000000000018975,0.9785557538458416,0.10892244121173775
1.3895000000000013,0.017345468281303195,0.0,0.1089190072876102,9.999949532916094e-06,1.073278539845276,0.005000000000018981,0.9785210223925772,0.1089190072876102
1.3900000000000012,0.017346257754987403,0.0,0.10891555488566791,9.999949532916094e-06,1.073337809667806,0.005000000000018985,0.9784862626925147,0.10891555488566791
1.3905000000000012,0.017347047228671614,0.0,0.10891208414630715,9.999949532916094e-06,1.0733970797334804,0.00500000000001899,0.9784514747463885,0.10891208414630715
1.3910000000000013,0.017347836702355825,0.0,0.10890859520992979,9.999949532916094e-06,1.0734563500404548,0.005000000000018995,0.9784166585549366,0.10890859520992979
1.3915000000000013,0.017348626176040036,0.0,0.10890508821692356,9.999949532916094e-06,1.0735156205868848,0.005000000000019,0.9783818141189008,0.10890508821692356
1.3920000000000012,0.017349415649724247,0.0,0.10890156330767167,9.999949532916094e-06,1.0735748913709258,0.005000000000019005,0.9783469414390259,0.10890156330767167
1.3925000000000012,0.017350205123408458,0.0,0.10889802062259227,9.999949532916094e-06,1.073634162390733,0.00500000000001901,0.9783120405160606,0.10889802062259227
1.3930000000000011,0.01735099459709267,0.0,0.10889446030202982,9.999949532916094e-06,1.0736934336444626,0.005000000000019014,0.9782771113507568,0.10889446030202982
1.3935000000000013,0.01735178407077688,0.0,0.10889088248637324,9.999949532916094e-06,1.0737527051302695,0.00500000000001902,0.97824215394387,0.10889088248637324
1.3940000000000012,0.01735257354446109,0.0,0.10888728731601643,9.999949532916094e-06,1.0738119768463092,0.005000000000019025,0.9782071682961596,0.10888728731601643
1.3945000000000012,0.017353363018145298,0.0,0.10888367493126949,9.999949532916094e-06,1.0738712487907378,0.005000000000019029,0.9781721544083877,0.10888367493126949
1.3950000000000014,0.01735415249182951,0.0,0.1088800454725654,9.999949532916094e-06,1.0739305209617103,0.005000000000019034,0.9781371122813205,0.1088800454725654
1.3955000000000013,0.01735494196551372,0.0,0.10887639908023339,9.999949532916094e-06,1.073989793357382,0.0050000000000190396,0.9781020419157276,0.10887639908023339
1.3960000000000012,0.01735573143919793,0.0,0.10887273589461714,9.999949532916094e-06,1.074049065975909,0.005000000000019045,0.9780669433123819,0.10887273589461714
1.3965000000000012,0.01735652091288214,0.0,0.10886905605606464,9.999949532916094e-06,1.0741083388154464,0.005000000000019049,0.97803181647206,0.10886905605606464
1.3970000000000011,0.017357310386566353,0.0,0.10886535970490856,9.999949532916094e-06,1.07416761187415,0.005000000000019054,0.9779966613955418,0.10886535970490856
1.3975000000000013,0.017358099860250564,0.0,0.10886164698150531,9.999949532916094e-06,1.074226885150175,0.0050000000000190595,0.9779614780836109,0.10886164698150531
1.3980000000000012,0.017358889333934775,0.0,0.10885791802615645,9.999949532916094e-06,1.0742861586416772,0.005000000000019064,0.9779262665370543,0.10885791802615645
1.3985000000000012,0.017359678807618982,0.0,0.10885417297919692,9.999949532916094e-06,1.0743454323468118,0.005000000000019069,0.9778910267566625,0.10885417297919692
1.3990000000000014,0.017360468281303193,0.0,0.10885041198094593,9.999949532916094e-06,1.0744047062637345,0.005000000000019074,0.9778557587432295,0.10885041198094593
1.3995000000000013,0.017361257754987404,0.0,0.10884663517173622,9.999949532916094e-06,1.0744639803906006,0.0050000000000190795,0.977820462497553,0.10884663517173622
1.4000000000000012,0.017362047228671615,0.0,0.10884284269183533,9.999949532916094e-06,1.074523254725566,0.005000000000019084,0.9777851380204335,0.10884284269183533
1.4005000000000012,0.017362836702355826,0.0,0.10883903468156356,9.999949532916094e-06,1.0745825292667859,0.005000000000019089,0.9777497853126761,0.10883903468156356
1.4010000000000011,0.017363626176040037,0.0,0.10883521128121512,9.999949532916094e-06,1.0746418040124157,0.005000000000019094,0.9777144043750885,0.10883521128121512
1.4015000000000013,0.017364415649724248,0.0,0.10883137263105809,9.999949532916094e-06,1.0747010789606113,0.005000000000019099,0.9776789952084821,0.10883137263105809
1.4020000000000012,0.01736520512340846,0.0,0.10882751887138345,9.999949532916094e-06,1.0747603541095279,0.005000000000019104,0.977643557813672,0.10882751887138345
1.4025000000000012,0.01736599459709267,0.0,0.10882365014246564,9.999949532916094e-06,1.074819629457321,0.005000000000019109,0.9776080921914768,0.10882365014246564
1.4030000000000014,0.017366784070776877,0.0,0.10881976658455272,9.999949532916094e-06,1.0748789050021461,0.005000000000019114,0.9775725983427184,0.10881976658455272
1.4035000000000013,0.017367573544461088,0.0,0.10881586833791532,9.999949532916094e-06,1.074938180742159,0.0050000000000191185,0.9775370762682221,0.10881586833791532
1.4040000000000012,0.0173683630181453,0.0,0.1088119555428171,9.999949532916094e-06,1.074997456675515,0.005000000000019124,0.977501525968817,0.1088119555428171
1.4045000000000012,0.01736915249182951,0.0,0.10880802833950487,9.999949532916094e-06,1.0750567328003693,0.005000000000019129,0.9774659474453359,0.10880802833950487
1.4050000000000011,0.01736994196551372,0.0,0.10880408686818871,9.999949532916094e-06,1.075116009114878,0.005000000000019134,0.9774303406986143,0.10880408686818871
1.4055000000000013,0.017370731439197932,0.0,0.10880013126912068,9.999949532916094e-06,1.075175285617196,0.0050000000000191384,0.9773947057294919,0.10880013126912068
1.4060000000000012,0.017371520912882143,0.0,0.10879616168250614,9.999949532916094e-06,1.0752345623054795,0.005000000000019144,0.9773590425388117,0.10879616168250614
1.4065000000000012,0.01737231038656635,0.0,0.10879217824858232,9.999949532916094e-06,1.0752938391778832,0.005000000000019149,0.9773233511274202,0.10879217824858232
1.4070000000000014,0.01737309986025056,0.0,0.10878818110753967,9.999949532916094e-06,1.0753531162325634,0.005000000000019154,0.9772876314961672,0.10878818110753967
1.4075000000000013,0.017373889333934772,0.0,0.10878417039958062,9.999949532916094e-06,1.0754123934676751,0.005000000000019158,0.9772518836459062,0.10878417039958062
1.4080000000000013,0.017374678807618983,0.0,0.10878014626490976,9.999949532916094e-06,1.0754716708813739,0.005000000000019164,0.9772161075774943,0.10878014626490976
1.4085000000000012,0.017375468281303194,0.0,0.10877610884371407,9.999949532916094e-06,1.0755309484718152,0.005000000000019169,0.977180303291792,0.10877610884371407
1.4090000000000011,0.017376257754987405,0.0,0.108772058276153,9.999949532916094e-06,1.0755902262371548,0.005000000000019174,0.977144470789663,0.108772058276153
1.4095000000000013,0.017377047228671616,0.0,0.10876799470239769,9.999949532916094e-06,1.075649504175548,0.005000000000019178,0.9771086100719749,0.10876799470239769
1.4100000000000013,0.017377836702355827,0.0,0.10876391826263092,9.999949532916094e-06,1.0757087822851503,0.0050000000000191835,0.9770727211395989,0.10876391826263092
1.4105000000000012,0.017378626176040038,0.0,0.10875982909697814,9.999949532916094e-06,1.0757680605641173,0.005000000000019189,0.977036803993409,0.10875982909697814
1.4110000000000014,0.01737941564972425,0.0,0.10875572734559599,9.999949532916094e-06,1.0758273390106046,0.005000000000019194,0.9770008586342834,0.10875572734559599
1.4115000000000013,0.017380205123408456,0.0,0.10875161314859344,9.999949532916094e-06,1.0758866176227675,0.005000000000019198,0.9769648850631035,0.10875161314859344
1.4120000000000013,0.017380994597092667,0.0,0.1087474866461596,9.999949532916094e-06,1.0759458963987614,0.0050000000000192035,0.9769288832807544,0.1087474866461596
1.4125000000000012,0.017381784070776878,0.0,0.108743347978367,9.999949532916094e-06,1.0760051753367421,0.005000000000019209,0.9768928532881244,0.108743347978367
1.4130000000000011,0.01738257354446109,0.0,0.10873919728535826,9.999949532916094e-06,1.0760644544348648,0.005000000000019214,0.9768567950861056,0.10873919728535826
1.4135000000000013,0.0173833630181453,0.0,0.10873503470719854,9.999949532916094e-06,1.0761237336912854,0.005000000000019218,0.976820708675593,0.10873503470719854
1.4140000000000013,0.01738415249182951,0.0,0.10873086038402309,9.999949532916094e-06,1.076183013104159,0.0050000000000192234,0.9767845940574862,0.10873086038402309
1.4145000000000012,0.01738494196551372,0.0,0.10872667445584026,9.999949532916094e-06,1.0762422926716415,0.005000000000019229,0.976748451232687,0.10872667445584026
1.4150000000000014,0.01738573143919793,0.0,0.1087224770628267,9.999949532916094e-06,1.076301572391888,0.005000000000019234,0.9767122802021019,0.1087224770628267
1.4155000000000013,0.01738652091288214,0.0,0.10871826834499271,9.999949532916094e-06,1.0763608522630543,0.005000000000019239,0.9766760809666399,0.10871826834499271
1.4160000000000013,0.01738731038656635,0.0,0.1087140484424085,9.999949532916094e-06,1.0764201322832958,0.005000000000019243,0.9766398535272143,0.1087140484424085
1.4165000000000012,0.017388099860250562,0.0,0.10870981749512539,9.999949532916094e-06,1.076479412450768,0.005000000000019249,0.9766035978847413,0.10870981749512539
1.4170000000000011,0.017388889333934773,0.0,0.10870557564318553,9.999949532916094e-06,1.0765386927636262,0.005000000000019254,0.976567314040141,0.10870557564318553
1.4175000000000013,0.017389678807618984,0.0,0.10870132302660222,9.999949532916094e-06,1.0765979732200264,0.005000000000019259,0.9765310019943365,0.10870132302660222
1.4180000000000013,0.017390468281303195,0.0,0.1086970597854189,9.999949532916094e-06,1.0766572538181236,0.005000000000019263,0.976494661748255,0.1086970597854189
1.4185000000000012,0.017391257754987406,0.0,0.10869278605964003,9.999949532916094e-06,1.0767165345560736,0.0050000000000192685,0.9764582933028271,0.10869278605964003
1.4190000000000014,0.017392047228671617,0.0,0.10868850198925095,9.999949532916094e-06,1.076775815432032,0.005000000000019274,0.9764218966589863,0.10868850198925095
1.4195000000000013,0.017392836702355825,0.0,0.10868420771424717,9.999949532916094e-06,1.076835096444154,0.005000000000019279,0.9763854718176702,0.10868420771424717
1.4200000000000013,0.017393626176040036,0.0,0.10867990337464413,9.999949532916094e-06,1.0768943775905953,0.005000000000019283,0.9763490187798198,0.10867990337464413
1.4205000000000012,0.017394415649724247,0.0,0.10867558911039849,9.999949532916094e-06,1.0769536588695112,0.0050000000000192885,0.9763125375463796,0.10867558911039849
1.4210000000000012,0.017395205123408457,0.0,0.10867126506148679,9.999949532916094e-06,1.0770129402790574,0.005000000000019294,0.9762760281182974,0.10867126506148679
1.4215000000000013,0.01739599459709267,0.0,0.10866693136783646,9.999949532916094e-06,1.0770722218173894,0.005000000000019299,0.9762394904965245,0.10866693136783646
1.4220000000000013,0.01739678407077688,0.0,0.10866258816942417,9.999949532916094e-06,1.0771315034826625,0.005000000000019304,0.9762029246820161,0.10866258816942417
1.4225000000000012,0.01739757354446109,0.0,0.10865823560615767,9.999949532916094e-06,1.0771907852730325,0.0050000000000193084,0.9761663306757303,0.10865823560615767
1.4230000000000014,0.017398363018145298,0.0,0.10865387381795455,9.999949532916094e-06,1.0772500671866547,0.005000000000019314,0.9761297084786293,0.10865387381795455
1.4235000000000013,0.01739915249182951,0.0,0.10864950294476167,9.999949532916094e-06,1.0773093492216848,0.005000000000019319,0.9760930580916783,0.10864950294476167
1.4240000000000013,0.01739994196551372,0.0,0.10864512312647656,9.999949532916094e-06,1.077368631376278,0.005000000000019324,0.9760563795158465,0.10864512312647656
1.4245000000000012,0.01740073143919793,0.0,0.10864073450299648,9.999949532916094e-06,1.07742791364859,0.005000000000019329,0.976019672752106,0.10864073450299648
1.4250000000000012,0.01740152091288214,0.0,0.10863633721417905,9.999949532916094e-06,1.0774871960367765,0.005000000000019334,0.9759829378014327,0.10863633721417905
1.4255000000000013,0.017402310386566353,0.0,0.1086319313999306,9.999949532916094e-06,1.0775464785389925,0.005000000000019339,0.9759461746648063,0.1086319313999306
1.4260000000000013,0.017403099860250563,0.0,0.10862751720011782,9.999949532916094e-06,1.0776057611533938,0.005000000000019344,0.9759093833432095,0.10862751720011782
1.4265000000000012,0.017403889333934774,0.0,0.1086230947545675,9.999949532916094e-06,1.077665043878136,0.005000000000019349,0.9758725638376288,0.1086230947545675
1.4270000000000014,0.017404678807618985,0.0,0.10861866420314518,9.999949532916094e-06,1.0777243267113745,0.005000000000019354,0.9758357161490541,0.10861866420314518
1.4275000000000013,0.017405468281303193,0.0,0.10861422568563729,9.999949532916094e-06,1.077783609651265,0.005000000000019359,0.9757988402784785,0.10861422568563729
1.4280000000000013,0.017406257754987404,0.0,0.10860977934194742,9.999949532916094e-06,1.0778428926959625,0.005000000000019364,0.9757619362268996,0.10860977934194742
1.4285000000000012,0.017407047228671615,0.0,0.10860532531183112,9.999949532916094e-06,1.077902175843623,0.005000000000019369,0.975725003995317,0.10860532531183112
1.4290000000000012,0.017407836702355826,0.0,0.10860086373511191,9.999949532916094e-06,1.0779614590924016,0.005000000000019374,0.9756880435847352,0.10860086373511191
1.4295000000000013,0.017408626176040037,0.0,0.10859639475157329,9.999949532916094e-06,1.0780207424404542,0.00500000000001938,0.9756510549961612,0.10859639475157329
1.4300000000000013,0.017409415649724248,0.0,0.10859191850098796,9.999949532916094e-06,1.0780800258859362,0.005000000000019384,0.9756140382306061,0.10859191850098796
1.4305000000000012,0.01741020512340846,0.0,0.10858743512314747,9.999949532916094e-06,1.0781393094270029,0.005000000000019389,0.9755769932890844,0.10858743512314747
1.4310000000000014,0.01741099459709267,0.0,0.1085829447578031,9.999949532916094e-06,1.0781985930618099,0.005000000000019394,0.9755399201726138,0.1085829447578031
1.4315000000000013,0.017411784070776877,0.0,0.10857844754467559,9.999949532916094e-06,1.0782578767885127,0.0050000000000193995,0.9755028188822159,0.10857844754467559
1.4320000000000013,0.017412573544461088,0.0,0.10857394362352403,9.999949532916094e-06,1.078317160605267,0.005000000000019405,0.9754656894189152,0.10857394362352403
1.4325000000000012,0.0174133630181453,0.0,0.10856943313408673,9.999949532916094e-06,1.0783764445102282,0.00500000000001941,0.9754285317837404,0.10856943313408673
1.4330000000000012,0.01741415249182951,0.0,0.10856491621608125,9.999949532916094e-06,1.0784357285015516,0.005000000000019414,0.9753913459777236,0.10856491621608125
1.4335000000000013,0.01741494196551372,0.0,0.1085603930091846,9.999949532916094e-06,1.0784950125773929,0.0050000000000194195,0.9753541320018997,0.1085603930091846
1.4340000000000013,0.017415731439197932,0.0,0.108555863653112,9.999949532916094e-06,1.0785542967359074,0.005000000000019425,0.975316889857308,0.108555863653112
1.4345000000000012,0.017416520912882143,0.0,0.10855132828752818,9.999949532916094e-06,1.078613580975251,0.00500000000001943,0.9752796195449905,0.10855132828752818
1.4350000000000014,0.017417310386566354,0.0,0.10854678705212617,9.999949532916094e-06,1.0786728652935789,0.005000000000019435,0.9752423210659936,0.10854678705212617
1.4355000000000013,0.017418099860250565,0.0,0.1085422400865386,9.999949532916094e-06,1.0787321496890467,0.00500000000001944,0.9752049944213661,0.1085422400865386
1.4360000000000013,0.017418889333934772,0.0,0.10853768753043609,9.999949532916094e-06,1.0787914341598097,0.005000000000019445,0.9751676396121615,0.10853768753043609
1.4365000000000012,0.017419678807618983,0.0,0.10853312952343874,9.999949532916094e-06,1.078850718704024,0.00500000000001945,0.9751302566394355,0.10853312952343874
1.4370000000000012,0.017420468281303194,0.0,0.10852856620521434,9.999949532916094e-06,1.0789100033198442,0.005000000000019455,0.9750928455042487,0.10852856620521434
1.4375000000000013,0.017421257754987405,0.0,0.10852399771532106,9.999949532916094e-06,1.0789692880054267,0.00500000000001946,0.9750554062076638,0.10852399771532106
1.4380000000000013,0.017422047228671616,0.0,0.10851942419339425,9.999949532916094e-06,1.0790285727589264,0.0050000000000194654,0.9750179387507483,0.10851942419339425
1.4385000000000012,0.017422836702355827,0.0,0.10851484577902835,9.999949532916094e-06,1.079087857578499,0.005000000000019471,0.9749804431345722,0.10851484577902835
1.4390000000000014,0.017423626176040038,0.0,0.10851026261179662,9.999949532916094e-06,1.0791471424623,0.005000000000019475,0.9749429193602095,0.10851026261179662
1.4395000000000013,0.017424415649724245,0.0,0.10850567483125102,9.999949532916094e-06,1.079206427408485,0.00500000000001948,0.9749053674287376,0.10850567483125102
1.4400000000000013,0.017425205123408456,0.0,0.10850108257700086,9.999949532916094e-06,1.0792657124152092,0.005000000000019485,0.9748677873412374,0.10850108257700086
1.4405000000000012,0.017425994597092667,0.0,0.10849648598854567,9.999949532916094e-06,1.0793249974806285,0.005000000000019491,0.9748301790987931,0.10849648598854567
1.4410000000000012,0.017426784070776878,0.0,0.10849188520544227,9.999949532916094e-06,1.079384282602898,0.005000000000019496,0.9747925427024928,0.10849188520544227
1.4415000000000013,0.01742757354446109,0.0,0.10848728036717696,9.999949532916094e-06,1.079443567780174,0.005000000000019501,0.9747548781534277,0.10848728036717696
1.4420000000000013,0.0174283630181453,0.0,0.10848267161333254,9.999949532916094e-06,1.0795028530106108,0.005000000000019505,0.9747171854526928,0.10848267161333254
1.4425000000000012,0.01742915249182951,0.0,0.10847805908335245,9.999949532916094e-06,1.0795621382923648,0.0050000000000195105,0.9746794646013864,0.10847805908335245
1.4430000000000014,0.017429941965513722,0.0,0.10847344291673734,9.999949532916094e-06,1.0796214236235913,0.005000000000019516,0.9746417156006105,0.10847344291673734
1.4435000000000013,0.017430731439197933,0.0,0.10846882325296635,9.999949532916094e-06,1.0796807090024456,0.005000000000019521,0.9746039384514703,0.10846882325296635
1.4440000000000013,0.01743152091288214,0.0,0.10846420023148728,9.999949532916094e-06,1.0797399944270836,0.005000000000019526,0.9745661331550747,0.10846420023148728
1.4445000000000012,0.01743231038656635,0.0,0.1084595739917952,9.999949532916094e-06,1.0797992798956604,0.005000000000019531,0.9745282997125362,0.1084595739917952
1.4450000000000012,0.017433099860250562,0.0,0.10845494467331449,9.999949532916094e-06,1.0798585654063315,0.0050000000000195366,0.9744904381249707,0.10845494467331449
1.4455000000000013,0.017433889333934773,0.0,0.1084503124154578,9.999949532916094e-06,1.079917850957253,0.005000000000019541,0.9744525483934973,0.1084503124154578
1.4460000000000013,0.017434678807618984,0.0,0.10844567735766535,9.999949532916094e-06,1.0799771365465796,0.005000000000019546,0.974414630519239,0.10844567735766535
1.4465000000000012,0.017435468281303195,0.0,0.10844103963933603,9.999949532916094e-06,1.0800364221724672,0.005000000000019551,0.9743766845033224,0.10844103963933603
1.4470000000000014,0.017436257754987406,0.0,0.10843639939987665,9.999949532916094e-06,1.0800957078330713,0.0050000000000195565,0.9743387103468771,0.10843639939987665
1.4475000000000013,0.017437047228671614,0.0,0.10843175677863304,9.999949532916094e-06,1.0801549935265473,0.005000000000019562,0.9743007080510366,0.10843175677863304
1.4480000000000013,0.017437836702355825,0.0,0.10842711191500798,9.999949532916094e-06,1.080214279251051,0.005000000000019567,0.9742626776169376,0.10842711191500798
1.4485000000000012,0.017438626176040035,0.0,0.1084224649483433,9.999949532916094e-06,1.0802735650047377,0.005000000000019572,0.9742246190457206,0.1084224649483433
1.4490000000000012,0.017439415649724246,0.0,0.10841781601801806,9.999949532916094e-06,1.0803328507857628,0.005000000000019577,0.9741865323385295,0.10841781601801806
1.4495000000000013,0.017440205123408457,0.0,0.10841316526335032,9.999949532916094e-06,1.0803921365922817,0.005000000000019582,0.9741484174965117,0.10841316526335032
1.4500000000000013,0.01744099459709267,0.0,0.1084085128236463,9.999949532916094e-06,1.0804514224224504,0.005000000000019587,0.9741102745208178,0.1084085128236463
1.4505000000000012,0.01744178407077688,0.0,0.10840385883822971,9.999949532916094e-06,1.080510708274424,0.005000000000019592,0.9740721034126023,0.10840385883822971
1.4510000000000014,0.01744257354446109,0.0,0.10839920344640261,9.999949532916094e-06,1.0805699941463582,0.005000000000019597,0.9740339041730232,0.10839920344640261
1.4515000000000013,0.0174433630181453,0.0,0.1083945467874649,9.999949532916094e-06,1.0806292800364083,0.0050000000000196025,0.9739956768032417,0.1083945467874649
1.4520000000000013,0.01744415249182951,0.0,0.10838988900066526,9.999949532916094e-06,1.0806885659427299,0.005000000000019608,0.973957421304423,0.10838988900066526
1.4525000000000012,0.01744494196551372,0.0,0.10838523022527978,9.999949532916094e-06,1.0807478518634788,0.005000000000019613,0.9739191376777347,0.10838523022527978
1.4530000000000012,0.01744573143919793,0.0,0.10838057060059217,9.999949532916094e-06,1.0808071377968098,0.005000000000019618,0.9738808259243495,0.10838057060059217
1.4535000000000013,0.01744652091288214,0.0,0.10837591026579564,9.999949532916094e-06,1.0808664237408792,0.005000000000019622,0.9738424860454423,0.10837591026579564
1.4540000000000013,0.017447310386566352,0.0,0.10837124936014021,9.999949532916094e-06,1.080925709693842,0.005000000000019628,0.973804118042192,0.10837124936014021
1.4545000000000012,0.017448099860250563,0.0,0.10836658802283447,9.999949532916094e-06,1.080984995653854,0.005000000000019633,0.973765721915781,0.10836658802283447
1.4550000000000014,0.017448889333934774,0.0,0.10836192639309467,9.999949532916094e-06,1.0810442816190704,0.005000000000019638,0.9737272976673952,0.10836192639309467
1.4555000000000013,0.017449678807618985,0.0,0.10835726461010542,9.999949532916094e-06,1.0811035675876468,0.005000000000019643,0.973688845298224,0.10835726461010542
1.4560000000000013,0.017450468281303193,0.0,0.10835260281304925,9.999949532916094e-06,1.0811628535577387,0.0050000000000196484,0.9736503648094603,0.10835260281304925
1.4565000000000012,0.017451257754987404,0.0,0.108347941141077,9.999949532916094e-06,1.081222139527502,0.005000000000019654,0.9736118562023001,0.108347941141077
1.4570000000000012,0.017452047228671615,0.0,0.10834327973337668,9.999949532916094e-06,1.0812814254950915,0.005000000000019659,0.9735733194779436,0.10834327973337668
1.4575000000000014,0.017452836702355826,0.0,0.10833861872908503,9.999949532916094e-06,1.0813407114586633,0.005000000000019664,0.973534754637594,0.10833861872908503
1.4580000000000013,0.017453626176040037,0.0,0.10833395826731701,9.999949532916094e-06,1.0813999974163726,0.005000000000019668,0.9734961616824581,0.10833395826731701
1.4585000000000012,0.017454415649724248,0.0,0.10832929848720504,9.999949532916094e-06,1.081459283366375,0.005000000000019674,0.9734575406137465,0.10832929848720504
1.4590000000000014,0.01745520512340846,0.0,0.10832463952786962,9.999949532916094e-06,1.0815185693068259,0.005000000000019679,0.9734188914326729,0.10832463952786962
1.4595000000000014,0.01745599459709267,0.0,0.10831998152837018,9.999949532916094e-06,1.081577855235881,0.005000000000019684,0.9733802141404546,0.10831998152837018
1.4600000000000013,0.01745678407077688,0.0,0.10831532462783268,9.999949532916094e-06,1.0816371411516956,0.005000000000019689,0.9733415087383125,0.10831532462783268
1.4605000000000012,0.017457573544461088,0.0,0.10831066896528284,9.999949532916094e-06,1.0816964270524254,0.005000000000019694,0.9733027752274709,0.10831066896528284
1.4610000000000012,0.0174583630181453,0.0,0.10830601467984241,9.999949532916094e-06,1.0817557129362256,0.0050000000000197,0.9732640136091579,0.10830601467984241
1.4615000000000014,0.01745915249182951,0.0,0.10830136191051319,9.999949532916094e-06,1.0818149988012522,0.005000000000019705,0.9732252238846044,0.10830136191051319
1.4620000000000013,0.01745994196551372,0.0,0.10829671079635379,9.999949532916094e-06,1.0818742846456604,0.00500000000001971,0.9731864060550455,0.10829671079635379
1.4625000000000012,0.01746073143919793,0.0,0.10829206147639125,9.999949532916094e-06,1.0819335704676054,0.005000000000019715,0.9731475601217198,0.10829206147639125
1.4630000000000014,0.017461520912882143,0.0,0.10828741408960149,9.999949532916094e-06,1.0819928562652434,0.0050000000000197204,0.9731086860858685,0.10828741408960149
1.4635000000000014,0.017462310386566354,0.0,0.10828276877504661,9.999949532916094e-06,1.0820521420367293,0.005000000000019725,0.9730697839487377,0.10828276877504661
1.4640000000000013,0.01746309986025056,0.0,0.10827812567164931,9.999949532916094e-06,1.0821114277802188,0.00500000000001973,0.9730308537115756,0.10827812567164931
1.4645000000000012,0.017463889333934772,0.0,0.10827348491843809,9.999949532916094e-06,1.0821707134938676,0.005000000000019735,0.9729918953756349,0.10827348491843809
1.4650000000000012,0.017464678807618983,0.0,0.10826884665438065,9.999949532916094e-06,1.0822299991758308,0.00500000000001974,0.9729529089421715,0.10826884665438065
1.4655000000000014,0.017465468281303194,0.0,0.1082642110183935,9.999949532916094e-06,1.0822892848242645,0.005000000000019746,0.9729138944124444,0.1082642110183935
1.4660000000000013,0.017466257754987405,0.0,0.10825957814943038,9.999949532916094e-06,1.0823485704373237,0.005000000000019751,0.9728748517877166,0.10825957814943038
1.4665000000000012,0.017467047228671616,0.0,0.1082549481864333,9.999949532916094e-06,1.082407856013164,0.005000000000019756,0.9728357810692545,0.1082549481864333
1.4670000000000014,0.017467836702355827,0.0,0.10825032126832262,9.999949532916094e-06,1.082467141549941,0.005000000000019761,0.972796682258328,0.10825032126832262
1.4675000000000014,0.017468626176040038,0.0,0.10824569753400691,9.999949532916094e-06,1.08252642704581,0.005000000000019766,0.9727575553562104,0.10824569753400691
1.4680000000000013,0.01746941564972425,0.0,0.10824107712234375,9.999949532916094e-06,1.0825857124989269,0.005000000000019772,0.9727184003641783,0.10824107712234375
1.4685000000000012,0.017470205123408456,0.0,0.10823646017223787,9.999949532916094e-06,1.0826449979074468,0.005000000000019777,0.9726792172835125,0.10823646017223787
1.4690000000000012,0.017470994597092667,0.0,0.1082318468225921,9.999949532916094e-06,1.0827042832695255,0.005000000000019782,0.9726400061154963,0.1082318468225921
1.4695000000000014,0.017471784070776878,0.0,0.10822723721222885,9.999949532916094e-06,1.0827635685833183,0.005000000000019787,0.9726007668614174,0.10822723721222885
1.4700000000000013,0.01747257354446109,0.0,0.10822263148000799,9.999949532916094e-06,1.0828228538469808,0.005000000000019792,0.9725614995225667,0.10822263148000799
1.4705000000000013,0.0174733630181453,0.0,0.1082180297647777,9.999949532916094e-06,1.0828821390586685,0.005000000000019797,0.9725222041002382,0.1082180297647777
1.4710000000000014,0.01747415249182951,0.0,0.10821343220533529,9.999949532916094e-06,1.082941424216537,0.005000000000019802,0.9724828805957298,0.10821343220533529
1.4715000000000014,0.017474941965513722,0.0,0.10820883894052537,9.999949532916094e-06,1.0830007093187415,0.005000000000019807,0.9724435290103431,0.10820883894052537
1.4720000000000013,0.01747573143919793,0.0,0.10820425010910249,9.999949532916094e-06,1.0830599943634378,0.005000000000019812,0.9724041493453828,0.10820425010910249
1.4725000000000013,0.01747652091288214,0.0,0.10819966584991754,9.999949532916094e-06,1.0831192793487812,0.005000000000019818,0.9723647416021571,0.10819966584991754
1.4730000000000012,0.01747731038656635,0.0,0.10819508630170205,9.999949532916094e-06,1.0831785642729275,0.005000000000019823,0.9723253057819778,0.10819508630170205
1.4735000000000014,0.017478099860250562,0.0,0.10819051160323487,9.999949532916094e-06,1.083237849134032,0.005000000000019828,0.9722858418861605,0.10819051160323487
1.4740000000000013,0.017478889333934773,0.0,0.10818594189330304,9.999949532916094e-06,1.08329713393025,0.005000000000019833,0.972246349916024,0.10818594189330304
1.4745000000000013,0.017479678807618984,0.0,0.1081813773105939,9.999949532916094e-06,1.0833564186597375,0.005000000000019838,0.9722068298728902,0.1081813773105939
1.4750000000000014,0.017480468281303195,0.0,0.1081768179938913,9.999949532916094e-06,1.0834157033206495,0.005000000000019844,0.9721672817580855,0.1081768179938913
1.4755000000000014,0.017481257754987406,0.0,0.10817226408188922,9.999949532916094e-06,1.0834749879111418,0.005000000000019849,0.9721277055729389,0.10817226408188922
1.4760000000000013,0.017482047228671617,0.0,0.10816771571329979,9.999949532916094e-06,1.08353427242937,0.005000000000019854,0.9720881013187832,0.10816771571329979
1.4765000000000013,0.017482836702355824,0.0,0.10816317302680425,9.999949532916094e-06,1.0835935568734893,0.005000000000019859,0.9720484689969549,0.10816317302680425
1.4770000000000012,0.017483626176040035,0.0,0.10815863616114117,9.999949532916094e-06,1.0836528412416553,0.005000000000019864,0.9720088086087937,0.10815863616114117
1.4775000000000014,0.017484415649724246,0.0,0.10815410525494971,9.999949532916094e-06,1.0837121255320237,0.00500000000001987,0.9719691201556429,0.10815410525494971
1.4780000000000013,0.017485205123408457,0.0,0.10814958044689707,9.999949532916094e-06,1.0837714097427498,0.005000000000019875,0.9719294036388493,0.10814958044689707
1.4785000000000013,0.017485994597092668,0.0,0.10814506187565884,9.999949532916094e-06,1.083830693871989,0.00500000000001988,0.9718896590597634,0.10814506187565884
1.4790000000000014,0.01748678407077688,0.0,0.10814054967984076,9.999949532916094e-06,1.0838899779178972,0.005000000000019885,0.9718498864197389,0.10814054967984076
1.4795000000000014,0.01748757354446109,0.0,0.1081360439980963,9.999949532916094e-06,1.0839492618786297,0.0050000000000198904,0.9718100857201329,0.1081360439980963
1.4800000000000013,0.017488363018145298,0.0,0.10813154496903851,9.999949532916094e-06,1.0840085457523418,0.005000000000019896,0.9717702569623068,0.10813154496903851
1.4805000000000013,0.01748915249182951,0.0,0.1081270527312989,9.999949532916094e-06,1.0840678295371893,0.005000000000019901,0.9717304001476244,0.1081270527312989
1.4810000000000012,0.01748994196551372,0.0,0.10812256742346855,9.999949532916094e-06,1.0841271132313275,0.005000000000019905,0.9716905152774536,0.10812256742346855
1.4815000000000014,0.01749073143919793,0.0,0.10811808918412773,9.999949532916094e-06,1.084186396832912,0.00500000000001991,0.9716506023531659,0.10811808918412773
1.4820000000000013,0.01749152091288214,0.0,0.1081136181518556,9.999949532916094e-06,1.0842456803400982,0.005000000000019916,0.9716106613761359,0.1081136181518556
1.4825000000000013,0.017492310386566352,0.0,0.10810915446521074,9.999949532916094e-06,1.0843049637510418,0.005000000000019921,0.9715706923477421,0.10810915446521074
1.4830000000000014,0.017493099860250563,0.0,0.10810469826274098,9.999949532916094e-06,1.0843642470638983,0.005000000000019926,0.9715306952693661,0.10810469826274098
1.4835000000000014,0.017493889333934774,0.0,0.10810024968302268,9.999949532916094e-06,1.084423530276823,0.005000000000019931,0.9714906701423934,0.10810024968302268
1.4840000000000013,0.017494678807618985,0.0,0.10809580886456262,9.999949532916094e-06,1.0844828133879716,0.005000000000019936,0.9714506169682127,0.10809580886456262
1.4845000000000013,0.017495468281303196,0.0,0.10809137594591586,9.999949532916094e-06,1.0845420963954993,0.005000000000019942,0.9714105357482165,0.10809137594591586
1.4850000000000012,0.017496257754987404,0.0,0.10808695106552887,9.999949532916094e-06,1.084601379297562,0.005000000000019947,0.9713704264838002,0.10808695106552887
1.4855000000000014,0.017497047228671615,0.0,0.10808253436197486,9.999949532916094e-06,1.084660662092315,0.005000000000019952,0.9713302891763634,0.10808253436197486
1.4860000000000013,0.017497836702355826,0.0,0.10807812597372826,9.999949532916094e-06,1.0847199447779137,0.005000000000019957,0.9712901238273091,0.10807812597372826
1.4865000000000013,0.017498626176040036,0.0,0.10807372603925319,9.999949532916094e-06,1.0847792273525139,0.0050000000000199624,0.9712499304380431,0.10807372603925319
1.4870000000000014,0.017499415649724247,0.0,0.10806933469702296,9.999949532916094e-06,1.084838509814271,0.005000000000019968,0.9712097090099754,0.10806933469702296
1.4875000000000014,0.01750020512340846,0.0,0.10806495208552021,9.999949532916094e-06,1.0848977921613403,0.005000000000019973,0.9711694595445195,0.10806495208552021
1.4880000000000013,0.01750099459709267,0.0,0.10806057834319774,9.999949532916094e-06,1.0849570743918773,0.005000000000019978,0.9711291820430922,0.10806057834319774
1.4885000000000013,0.017501784070776877,0.0,0.10805621360842949,9.999949532916094e-06,1.0850163565040378,0.005000000000019983,0.9710888765071134,0.10805621360842949
1.4890000000000012,0.017502573544461088,0.0,0.10805185801972636,9.999949532916094e-06,1.0850756384959772,0.0050000000000199885,0.9710485429380072,0.10805185801972636
1.4895000000000014,0.0175033630181453,0.0,0.10804751171548131,9.999949532916094e-06,1.085134920365851,0.005000000000019994,0.9710081813372009,0.10804751171548131
1.4900000000000013,0.01750415249182951,0.0,0.1080431748340871,9.999949532916094e-06,1.0851942021118146,0.005000000000019999,0.9709677917061251,0.1080431748340871
1.4905000000000013,0.01750494196551372,0.0,0.10803884751397554,9.999949532916094e-06,1.0852534837320236,0.005000000000020004,0.9709273740462143,0.10803884751397554
1.4910000000000014,0.01750573143919793,0.0,0.10803452989349993,9.999949532916094e-06,1.0853127652246335,0.005000000000020009,0.9708869283589062,0.10803452989349993
1.4915000000000014,0.017506520912882143,0.0,0.10803022211108217,9.999949532916094e-06,1.0853720465877996,0.0050000000000200145,0.9708464546456422,0.10803022211108217
1.4920000000000013,0.017507310386566353,0.0,0.10802592430506572,9.999949532916094e-06,1.0854313278196777,0.00500000000002002,0.9708059529078671,0.10802592430506572
1.4925000000000013,0.017508099860250564,0.0,0.10802163661380396,9.999949532916094e-06,1.0854906089184233,0.005000000000020025,0.9707654231470288,0.10802163661380396
1.4930000000000012,0.017508889333934772,0.0,0.10801735917566024,9.999949532916094e-06,1.0855498898821916,0.00500000000002003,0.9707248653645796,0.10801735917566024
1.4935000000000014,0.017509678807618983,0.0,0.10801309212898834,9.999949532916094e-06,1.0856091707091384,0.005000000000020035,0.9706842795619743,0.10801309212898834
1.4940000000000013,0.017510468281303194,0.0,0.10800883561211287,9.999949532916094e-06,1.085668451397419,0.0050000000000200405,0.9706436657406722,0.10800883561211287
1.4945000000000013,0.017511257754987405,0.0,0.10800458976334903,9.999949532916094e-06,1.0857277319451892,0.005000000000020046,0.9706030239021352,0.10800458976334903
1.4950000000000014,0.017512047228671616,0.0,0.10800035472103203,9.999949532916094e-06,1.0857870123506042,0.005000000000020051,0.9705623540478292,0.10800035472103203
1.4955000000000014,0.017512836702355827,0.0,0.10799613062343877,9.999949532916094e-06,1.0858462926118195,0.005000000000020056,0.9705216561792235,0.10799613062343877
1.4960000000000013,0.017513626176040038,0.0,0.10799191760887611,9.999949532916094e-06,1.0859055727269908,0.005000000000020061,0.9704809302977907,0.10799191760887611
1.4965000000000013,0.017514415649724245,0.0,0.10798771581561233,9.999949532916094e-06,1.0859648526942736,0.0050000000000200665,0.9704401764050073,0.10798771581561233
1.4970000000000012,0.017515205123408456,0.0,0.10798352538194576,9.999949532916094e-06,1.0860241325118234,0.005000000000020072,0.970399394502353,0.10798352538194576
1.4975000000000014,0.017515994597092667,0.0,0.10797934644615603,9.999949532916094e-06,1.0860834121777954,0.005000000000020077,0.9703585845913112,0.10797934644615603
1.4980000000000013,0.017516784070776878,0.0,0.10797517914648427,9.999949532916094e-06,1.0861426916903454,0.005000000000020082,0.9703177466733685,0.10797517914648427
1.4985000000000013,0.01751757354446109,0.0,0.10797102362117261,9.999949532916094e-06,1.086201971047629,0.005000000000020087,0.970276880750015,0.10797102362117261
1.4990000000000014,0.0175183630181453,0.0,0.10796688000846415,9.999949532916094e-06,1.0862612502478015,0.0050000000000200925,0.9702359868227447,0.10796688000846415
1.4995000000000014,0.01751915249182951,0.0,0.10796274844660304,9.999949532916094e-06,1.0863205292890183,0.005000000000020098,0.9701950648930548,0.10796274844660304
1.5000000000000013,0.017519941965513722,0.0,0.10795862907381502,9.999949532916094e-06,1.0863798081694351,0.005000000000020103,0.9701541149624463,0.10795862907381502
1.5005000000000013,0.017520731439197933,0.0,0.10795452202830738,9.999949532916094e-06,1.0864390868872074,0.005000000000020109,0.9701131370324233,0.10795452202830738
1.5010000000000012,0.01752152091288214,0.0,0.1079504274482594,9.999949532916094e-06,1.0864983654404907,0.005000000000020114,0.9700721311044933,0.1079504274482594
1.5015000000000014,0.01752231038656635,0.0,0.10794634547192027,9.999949532916094e-06,1.0865576438274405,0.005000000000020119,0.9700310971801678,0.10794634547192027
1.5020000000000013,0.017523099860250562,0.0,0.10794227623746225,9.999949532916094e-06,1.086616922046212,0.005000000000020125,0.9699900352609617,0.10794227623746225
1.5025000000000013,0.017523889333934773,0.0,0.10793821988304936,9.999949532916094e-06,1.0866762000949612,0.00500000000002013,0.9699489453483929,0.10793821988304936
1.5030000000000014,0.017524678807618984,0.0,0.10793417654686684,9.999949532916094e-06,1.0867354779718434,0.005000000000020135,0.9699078274439834,0.10793417654686684
1.5035000000000014,0.017525468281303195,0.0,0.10793014636708202,9.999949532916094e-06,1.0867947556750142,0.00500000000002014,0.9698666815492584,0.10793014636708202
1.5040000000000013,0.017526257754987406,0.0,0.10792612948185422,9.999949532916094e-06,1.0868540332026286,0.0050000000000201454,0.9698255076657467,0.10792612948185422
1.5045000000000013,0.017527047228671613,0.0,0.10792212602930545,9.999949532916094e-06,1.0869133105528428,0.005000000000020151,0.9697843057949804,0.10792212602930545
1.5050000000000012,0.017527836702355824,0.0,0.10791813614761846,9.999949532916094e-06,1.086972587723812,0.005000000000020156,0.9697430759384954,0.10791813614761846
1.5055000000000014,0.017528626176040035,0.0,0.10791415997489966,9.999949532916094e-06,1.0870318647136916,0.005000000000020161,0.9697018180978307,0.10791415997489966
1.5060000000000013,0.017529415649724246,0.0,0.10791019764929677,9.999949532916094e-06,1.0870911415206372,0.005000000000020166,0.9696605322745293,0.10791019764929677
1.5065000000000013,0.017530205123408457,0.0,0.10790624930891077,9.999949532916094e-06,1.0871504181428044,0.0050000000000201715,0.9696192184701373,0.10790624930891077
1.5070000000000014,0.017530994597092668,0.0,0.1079023150918449,9.999949532916094e-06,1.0872096945783487,0.005000000000020177,0.9695778766862045,0.1079023150918449
1.5075000000000014,0.01753178407077688,0.0,0.10789839513623427,9.999949532916094e-06,1.0872689708254253,0.005000000000020182,0.9695365069242843,0.10789839513623427
1.5080000000000013,0.01753257354446109,0.0,0.10789448958013799,9.999949532916094e-06,1.08732824688219,0.005000000000020187,0.9694951091859331,0.10789448958013799
1.5085000000000013,0.0175333630181453,0.0,0.10789059856167661,9.999949532916094e-06,1.0873875227467984,0.005000000000020192,0.9694536834727112,0.10789059856167661
1.5090000000000012,0.01753415249182951,0.0,0.10788672221889498,9.999949532916094e-06,1.0874467984174057,0.0050000000000201975,0.9694122297861825,0.10788672221889498
1.5095000000000014,0.01753494196551372,0.0,0.10788286068991902,9.999949532916094e-06,1.0875060738921674,0.005000000000020203,0.9693707481279142,0.10788286068991902
1.5100000000000013,0.01753573143919793,0.0,0.10787901411278941,9.999949532916094e-06,1.0875653491692392,0.005000000000020208,0.9693292384994768,0.10787901411278941
1.5105000000000013,0.01753652091288214,0.0,0.10787518262554978,9.999949532916094e-06,1.0876246242467766,0.005000000000020213,0.9692877009024448,0.10787518262554978
1.5110000000000015,0.017537310386566352,0.0,0.10787136636627614,9.999949532916094e-06,1.0876838991229352,0.005000000000020219,0.9692461353383958,0.10787136636627614
1.5115000000000014,0.017538099860250563,0.0,0.10786756547301832,9.999949532916094e-06,1.0877431737958703,0.005000000000020224,0.9692045418089108,0.10786756547301832
1.5120000000000013,0.017538889333934774,0.0,0.10786378008379999,9.999949532916094e-06,1.0878024482637374,0.00500000000002023,0.9691629203155748,0.10786378008379999
1.5125000000000013,0.017539678807618985,0.0,0.10786001033667754,9.999949532916094e-06,1.087861722524692,0.005000000000020235,0.9691212708599761,0.10786001033667754
1.5130000000000012,0.017540468281303193,0.0,0.10785625636965206,9.999949532916094e-06,1.0879209965768897,0.00500000000002024,0.9690795934437062,0.10785625636965206
1.5135000000000014,0.017541257754987404,0.0,0.10785251832077711,9.999949532916094e-06,1.087980270418486,0.005000000000020245,0.9690378880683603,0.10785251832077711
1.5140000000000013,0.017542047228671614,0.0,0.10784879632805117,9.999949532916094e-06,1.0880395440476365,0.00500000000002025,0.9689961547355371,0.10784879632805117
1.5145000000000013,0.017542836702355825,0.0,0.10784509052949603,9.999949532916094e-06,1.0880988174624964,0.005000000000020256,0.968954393446839,0.10784509052949603
1.5150000000000015,0.017543626176040036,0.0,0.10784140106308841,9.999949532916094e-06,1.0881580906612216,0.005000000000020261,0.9689126042038714,0.10784140106308841
1.5155000000000014,0.017544415649724247,0.0,0.10783772806685789,9.999949532916094e-06,1.0882173636419672,0.005000000000020266,0.9688707870082437,0.10783772806685789
1.5160000000000013,0.01754520512340846,0.0,0.10783407167878917,9.999949532916094e-06,1.0882766364028889,0.005000000000020271,0.9688289418615686,0.10783407167878917
1.5165000000000013,0.01754599459709267,0.0,0.10783043203685153,9.999949532916094e-06,1.0883359089421423,0.005000000000020276,0.9687870687654622,0.10783043203685153
1.5170000000000012,0.01754678407077688,0.0,0.1078268092790381,9.999949532916094e-06,1.0883951812578827,0.005000000000020282,0.9687451677215443,0.1078268092790381
1.5175000000000014,0.017547573544461088,0.0,0.10782320354330721,9.999949532916094e-06,1.0884544533482658,0.005000000000020287,0.9687032387314378,0.10782320354330721
1.5180000000000013,0.0175483630181453,0.0,0.1078196149676707,9.999949532916094e-06,1.088513725211447,0.005000000000020293,0.9686612817967698,0.1078196149676707
1.5185000000000013,0.01754915249182951,0.0,0.1078160436900764,9.999949532916094e-06,1.0885729968455817,0.005000000000020298,0.9686192969191703,0.1078160436900764
1.5190000000000015,0.01754994196551372,0.0,0.10781248984845726,9.999949532916094e-06,1.0886322682488259,0.005000000000020303,0.9685772841002727,0.10781248984845726
1.5195000000000014,0.01755073143919793,0.0,0.10780895358080003,9.999949532916094e-06,1.0886915394193344,0.0050000000000203085,0.9685352433417146,0.10780895358080003
1.5200000000000014,0.017551520912882142,0.0,0.10780543502505725,9.999949532916094e-06,1.088750810355263,0.005000000000020314,0.9684931746451366,0.10780543502505725
1.5205000000000013,0.017552310386566353,0.0,0.10780193431914731,9.999949532916094e-06,1.0888100810547674,0.005000000000020319,0.9684510780121826,0.10780193431914731
1.5210000000000012,0.01755309986025056,0.0,0.1077984516010133,9.999949532916094e-06,1.0888693515160028,0.005000000000020324,0.9684089534445005,0.10779845135893604
1.5215000000000014,0.017553889333934772,0.0,0.10779498700861345,9.999949532916094e-06,1.088928621737125,0.005000000000020329,0.9683668009437414,0.10779496044482068
1.5220000000000014,0.017554678807618983,0.0,0.10779154067987218,9.999949532916094e-06,1.0889878917162894,0.0050000000000203345,0.9683246205115598,0.10779144432636187
1.5225000000000013,0.017555468281303194,0.0,0.1077881127527292,9.999949532916094e-06,1.0890471614516513,0.00500000000002034,0.9682824121496142,0.1077879031420359
1.5230000000000015,0.017556257754987405,0.0,0.10778470336510049,9.999949532916094e-06,1.0891064309413663,0.005000000000020345,0.9682401758595661,0.1077843370303007
1.5235000000000014,0.017557047228671616,0.0,0.10778131265487836,9.999949532916094e-06,1.0891657001835902,0.005000000000020351,0.9681979116430804,0.10778074612959596
1.5240000000000014,0.017557836702355827,0.0,0.10777794076001,9.999949532916094e-06,1.0892249691764782,0.005000000000020356,0.968155619501826,0.10777713057842161
1.5245000000000013,0.017558626176040038,0.0,0.10777458781839956,9.999949532916094e-06,1.0892842379181857,0.005000000000020361,0.9681132994374753,0.10777349051524002
1.5250000000000012,0.01755941564972425,0.0,0.10777125396795735,9.999949532916094e-06,1.0893435064068684,0.005000000000020367,0.9680709514517034,0.10776982607852506
1.5255000000000014,0.01756020512340846,0.0,0.10776793934657046,9.999949532916094e-06,1.089402774640682,0.005000000000020372,0.9680285755461897,0.10776613740673285
1.5260000000000014,0.017560994597092667,0.0,0.10776464409214222,9.999949532916094e-06,1.0894620426177817,0.005000000000020377,0.9679861717226168,0.10776242463834113
1.5265000000000013,0.017561784070776878,0.0,0.1077613683426019,9.999949532916094e-06,1.089521310336323,0.005000000000020382,0.9679437399826709,0.10775868791185897
1.5270000000000015,0.01756257354446109,0.0,0.10775811223582672,9.999949532916094e-06,1.0895805777944616,0.0050000000000203874,0.9679012803280417,0.10775492736574882
1.5275000000000014,0.0175633630181453,0.0,0.10775487590970056,9.999949532916094e-06,1.0896398449903528,0.005000000000020393,0.9678587927604221,0.10775114313848519
1.5280000000000014,0.01756415249182951,0.0,0.10775165950213378,9.999949532916094e-06,1.0896991119221522,0.005000000000020399,0.9678162772815089,0.10774733536857449
1.5285000000000013,0.01756494196551372,0.0,0.10774846315097511,9.999949532916094e-06,1.0897583785880154,0.005000000000020404,0.967773733893002,0.1077435041944669
1.5290000000000012,0.01756573143919793,0.0,0.10774528699410982,9.999949532916094e-06,1.089817644986098,0.005000000000020409,0.9677311625966052,0.10773964975465455
1.5295000000000014,0.01756652091288214,0.0,0.10774213116945978,9.999949532916094e-06,1.089876911114555,0.005000000000020414,0.9676885633940255,0.10773577218767158
1.5300000000000014,0.01756731038656635,0.0,0.10773899581488566,9.999949532916094e-06,1.0899361769715423,0.0050000000000204195,0.9676459362869737,0.10773187163199632
1.5305000000000013,0.017568099860250562,0.0,0.10773588106825564,9.999949532916094e-06,1.0899954425552154,0.005000000000020425,0.9676032812771637,0.10772794822612004
1.5310000000000015,0.017568889333934773,0.0,0.10773278706744552,9.999949532916094e-06,1.0900547078637297,0.00500000000002043,0.9675605983663131,0.10772400210854703
1.5315000000000014,0.017569678807618984,0.0,0.1077297139503291,9.999949532916094e-06,1.0901139728952407,0.005000000000020435,0.9675178875561433,0.107720033417785
1.5320000000000014,0.017570468281303195,0.0,0.10772666185476844,9.999949532916094e-06,1.090173237647904,0.005000000000020441,0.9674751488483785,0.10771604229233529
1.5325000000000013,0.017571257754987406,0.0,0.10772363091864348,9.999949532916094e-06,1.090232502119875,0.005000000000020446,0.9674323822447469,0.10771202887072258
1.5330000000000013,0.017572047228671617,0.0,0.1077206212798227,9.999949532916094e-06,1.0902917663093092,0.005000000000020452,0.9673895877469804,0.10770799329146544
1.5335000000000014,0.017572836702355828,0.0,0.10771763307614372,9.999949532916094e-06,1.0903510302143624,0.005000000000020457,0.9673467653568135,0.10770393569305704
1.5340000000000014,0.017573626176040035,0.0,0.10771466644549177,9.999949532916094e-06,1.0904102938331897,0.005000000000020462,0.9673039150759852,0.10769985621404353
1.5345000000000013,0.017574415649724246,0.0,0.1077117215257411,9.999949532916094e-06,1.0904695571639467,0.005000000000020467,0.9672610369062375,0.10769575499296553
1.5350000000000015,0.017575205123408457,0.0,0.10770879845473545,9.999949532916094e-06,1.090528820204789,0.0050000000000204724,0.967218130849316,0.1076916321683385
1.5355000000000014,0.017575994597092668,0.0,0.10770589737033728,9.999949532916094e-06,1.090588082953872,0.005000000000020478,0.9671751969069695,0.10768748787870208
1.5360000000000014,0.01757678407077688,0.0,0.10770301841039841,9.999949532916094e-06,1.0906473454093515,0.005000000000020484,0.9671322350809509,0.10768332226259063
1.5365000000000013,0.01757757354446109,0.0,0.1077001617128092,9.999949532916094e-06,1.0907066075693825,0.005000000000020489,0.9670892453730161,0.1076791354585825
1.5370000000000013,0.0175783630181453,0.0,0.10769732741539093,9.999949532916094e-06,1.090765869432121,0.005000000000020494,0.9670462277849247,0.10767492760519233
1.5375000000000014,0.01757915249182951,0.0,0.10769451565600371,9.999949532916094e-06,1.0908251309957222,0.005000000000020499,0.9670031823184396,0.10767069884097905
1.5380000000000014,0.01757994196551372,0.0,0.10769172657252704,9.999949532916094e-06,1.0908843922583418,0.0050000000000205045,0.9669601089753275,0.10766644930452632
1.5385000000000013,0.01758073143919793,0.0,0.10768896030281086,9.999949532916094e-06,1.0909436532181351,0.00500000000002051,0.9669170077573583,0.10766217913439367
1.5390000000000015,0.01758152091288214,0.0,0.1076862169847249,9.999949532916094e-06,1.0910029138732578,0.005000000000020516,0.9668738786663057,0.10765788846916588
1.5395000000000014,0.017582310386566352,0.0,0.1076834967561096,9.999949532916094e-06,1.0910621742218651,0.005000000000020521,0.9668307217039467,0.10765357744740375
1.5400000000000014,0.017583099860250563,0.0,0.10768079975481569,9.999949532916094e-06,1.091121434262113,0.005000000000020526,0.9667875368720618,0.10764924620768389
1.5405000000000013,0.017583889333934774,0.0,0.10767812611871388,9.999949532916094e-06,1.0911806939921567,0.005000000000020531,0.9667443241724347,0.10764489488860818
1.5410000000000013,0.017584678807618985,0.0,0.10767547598567563,9.999949532916094e-06,1.0912399534101516,0.005000000000020537,0.9667010836068535,0.10764052362878472
1.5415000000000014,0.017585468281303196,0.0,0.10767284949355357,9.999949532916094e-06,1.091299212514253,0.005000000000020542,0.966657815177109,0.10763613256680821
1.5420000000000014,0.017586257754987403,0.0,0.10767024678018174,9.999949532916094e-06,1.0913584713026172,0.005000000000020547,0.9666145188849955,0.1076317218412601
1.5425000000000013,0.017587047228671614,0.0,0.10766766798345405,9.999949532916094e-06,1.0914177297733991,0.005000000000020553,0.9665711947323111,0.10762729159078717
1.5430000000000015,0.017587836702355825,0.0,0.10766511324123632,9.999949532916094e-06,1.0914769879247543,0.005000000000020558,0.9665278427208573,0.10762284195401349
1.5435000000000014,0.017588626176040036,0.0,0.10766258269137616,9.999949532916094e-06,1.0915362457548385,0.0050000000000205635,0.9664844628524392,0.10761837306955034
1.5440000000000014,0.017589415649724247,0.0,0.1076600764717522,9.999949532916094e-06,1.091595503261807,0.005000000000020569,0.9664410551288652,0.10761388507604541
1.5445000000000013,0.017590205123408458,0.0,0.10765759472023498,9.999949532916094e-06,1.0916547604438152,0.005000000000020574,0.9663976195519475,0.10760937811214372
1.5450000000000013,0.01759099459709267,0.0,0.10765513757468716,9.999949532916094e-06,1.0917140172990187,0.005000000000020579,0.9663541561235012,0.10760485231648781
1.5455000000000014,0.01759178407077688,0.0,0.10765270517296366,9.999949532916094e-06,1.0917732738255734,0.005000000000020585,0.9663106648453452,0.10760030782771789
1.5460000000000014,0.017592573544461088,0.0,0.10765029765295098,9.999949532916094e-06,1.0918325300216343,0.00500000000002059,0.9662671457193026,0.10759574478451113
1.5465000000000013,0.0175933630181453,0.0,0.10764791515255756,9.999949532916094e-06,1.091891785885357,0.005000000000020596,0.9662235987471989,0.1075911633255721
1.5470000000000015,0.01759415249182951,0.0,0.10764555780963563,9.999949532916094e-06,1.0919510414148972,0.005000000000020601,0.9661800239308634,0.10758656358955451
1.5475000000000014,0.01759494196551372,0.0,0.10764322576205973,9.999949532916094e-06,1.0920102966084102,0.005000000000020606,0.9661364212721295,0.10758194571513983
1.5480000000000014,0.01759573143919793,0.0,0.10764091914774637,9.999949532916094e-06,1.0920695514640515,0.005000000000020611,0.9660927907728335,0.10757730984105687
1.5485000000000013,0.017596520912882142,0.0,0.10763863810454657,9.999949532916094e-06,1.0921288059799767,0.005000000000020617,0.9660491324348152,0.10757265610597438
1.5490000000000013,0.017597310386566353,0.0,0.10763638277037331,9.999949532916094e-06,1.0921880601543414,0.0050000000000206225,0.9660054462599181,0.10756798464862843
1.5495000000000014,0.017598099860250564,0.0,0.10763415328311345,9.999949532916094e-06,1.092247313985301,0.005000000000020628,0.9659617322499892,0.10756329560773446
1.5500000000000014,0.017598889333934775,0.0,0.10763194978065747,9.999949532916094e-06,1.092306567471011,0.005000000000020633,0.9659179904068788,0.10755858912201686
1.5505000000000013,0.017599678807618983,0.0,0.10762977240090928,9.999949532916094e-06,1.092365820609627,0.005000000000020638,0.9658742207324409,0.10755386533021888
1.5510000000000015,0.017600468281303194,0.0,0.10762762128180595,9.999949532916094e-06,1.0924250733993042,0.005000000000020644,0.965830423228533,0.10754912437112234
1.5515000000000014,0.017601257754987405,0.0,0.10762549656122991,9.999949532916094e-06,1.0924843258381984,0.005000000000020649,0.9657865978970157,0.10754436638345981
1.5520000000000014,0.017602047228671616,0.0,0.10762339837709714,9.999949532916094e-06,1.092543577924465,0.005000000000020655,0.9657427447397539,0.10753959150600284
1.5525000000000013,0.017602836702355826,0.0,0.10762132686730837,9.999949532916094e-06,1.0926028296562598,0.00500000000002066,0.9656988637586149,0.1075347998775131
1.5530000000000013,0.017603626176040037,0.0,0.10761928216983735,9.999949532916094e-06,1.0926620810317376,0.005000000000020665,0.9656549549554708,0.10752999163683073
1.5535000000000014,0.01760441564972425,0.0,0.10761726442256471,9.999949532916094e-06,1.0927213320490545,0.005000000000020671,0.9656110183321959,0.10752516692270811
1.5540000000000014,0.017605205123408456,0.0,0.10761527376341508,9.999949532916094e-06,1.092780582706366,0.005000000000020676,0.9655670538906688,0.10752032587394705
1.5545000000000013,0.017605994597092667,0.0,0.10761331033037685,9.999949532916094e-06,1.0928398330018272,0.0050000000000206815,0.9655230616327714,0.10751546862941853
1.5550000000000015,0.017606784070776878,0.0,0.10761137426134579,9.999949532916094e-06,1.092899082933594,0.005000000000020687,0.9654790415603889,0.10751059532790626
1.5555000000000014,0.01760757354446109,0.0,0.10760946569430133,9.999949532916094e-06,1.0929583324998218,0.005000000000020692,0.9654349936754103,0.1075057061082831
1.5560000000000014,0.0176083630181453,0.0,0.10760758476717956,9.999949532916094e-06,1.093017581698666,0.005000000000020698,0.965390917979728,0.10750080110938391
1.5565000000000013,0.01760915249182951,0.0,0.10760573161795166,9.999949532916094e-06,1.093076830528282,0.005000000000020703,0.9653468144752378,0.10749588047008407
1.5570000000000013,0.01760994196551372,0.0,0.10760390638457523,9.999949532916094e-06,1.0931360789868256,0.005000000000020708,0.9653026831638392,0.10749094432925077
1.5575000000000014,0.017610731439197932,0.0,0.10760210920500411,9.999949532916094e-06,1.0931953270724524,0.005000000000020714,0.9652585240474345,0.10748599282575286
1.5580000000000014,0.017611520912882143,0.0,0.10760034021725721,9.999949532916094e-06,1.0932545747833173,0.005000000000020719,0.9652143371279307,0.10748102609852966
1.5585000000000013,0.01761231038656635,0.0,0.10759859955926203,9.999949532916094e-06,1.0933138221175764,0.005000000000020725,0.9651701224072372,0.10747604428643447
1.5590000000000015,0.017613099860250562,0.0,0.10759688736906037,9.999949532916094e-06,1.093373069073385,0.00500000000002073,0.9651258798872675,0.1074710475284403
1.5595000000000014,0.017613889333934773,0.0,0.10759520378465191,9.999949532916094e-06,1.0934323156488983,0.005000000000020735,0.9650816095699385,0.10746603596348349
1.5600000000000014,0.017614678807618984,0.0,0.10759354894399449,9.999949532916094e-06,1.0934915618422725,0.0050000000000207405,0.9650373114571702,0.10746100973046382
1.5605000000000013,0.017615468281303195,0.0,0.10759192298514116,9.999949532916094e-06,1.0935508076516625,0.005000000000020746,0.9649929855508866,0.10745596896838183
1.5610000000000013,0.017616257754987406,0.0,0.10759032604609366,9.999949532916094e-06,1.093610053075224,0.005000000000020752,0.964948631853015,0.10745091381619205
1.5615000000000014,0.017617047228671617,0.0,0.1075887582648809,9.999949532916094e-06,1.0936692981111125,0.005000000000020757,0.9649042503654862,0.10744584441288166
1.5620000000000014,0.017617836702355824,0.0,0.10758721977952977,9.999949532916094e-06,1.0937285427574834,0.005000000000020762,0.9648598410902344,0.10744076089744115
1.5625000000000013,0.017618626176040035,0.0,0.10758571072811424,9.999949532916094e-06,1.0937877870124924,0.005000000000020767,0.9648154040291975,0.10743566340891353
1.5630000000000015,0.017619415649724246,0.0,0.10758423124864792,9.999949532916094e-06,1.093847030874295,0.005000000000020773,0.9647709391843166,0.10743055208628685
1.5635000000000014,0.017620205123408457,0.0,0.10758278147920168,9.999949532916094e-06,1.0939062743410466,0.005000000000020779,0.9647264465575364,0.10742542706861183
1.5640000000000014,0.017620994597092668,0.0,0.10758136155785494,9.999949532916094e-06,1.0939655174109026,0.005000000000020784,0.9646819261508054,0.10742028849495312
1.5645000000000013,0.01762178407077688,0.0,0.10757997162266644,9.999949532916094e-06,1.0940247600820188,0.005000000000020789,0.9646373779660753,0.10741513650436013
1.5650000000000013,0.01762257354446109,0.0,0.10757861181173321,9.999949532916094e-06,1.0940840023525504,0.005000000000020794,0.9645928020053012,0.10740997123592591
1.5655000000000014,0.0176233630181453,0.0,0.10757728226314181,9.999949532916094e-06,1.0941432442206533,0.0050000000000208,0.9645481982704417,0.1074047928287385
1.5660000000000014,0.01762415249182951,0.0,0.10757598311500767,9.999949532916094e-06,1.0942024856844825,0.0050000000000208055,0.9645035667634595,0.10739960142192018
1.5665000000000013,0.01762494196551372,0.0,0.10757471450540675,9.999949532916094e-06,1.094261726742194,0.005000000000020811,0.9644589074863199,0.10739439715455915
1.5670000000000015,0.01762573143919793,0.0,0.10757347657252256,9.999949532916094e-06,1.0943209673919427,0.005000000000020816,0.9644142204409923,0.1073891801658566
1.5675000000000014,0.01762652091288214,0.0,0.10757226945445068,9.999949532916094e-06,1.0943802076318847,0.005000000000020822,0.9643695056294493,0.10738395059493115
1.5680000000000014,0.017627310386566352,0.0,0.10757109328934569,9.999949532916094e-06,1.094439447460175,0.005000000000020827,0.9643247630536673,0.10737870858096588
1.5685000000000013,0.017628099860250563,0.0,0.10756994821534306,9.999949532916094e-06,1.0944986868749698,0.005000000000020832,0.9642799927156257,0.10737345426313007
1.5690000000000013,0.017628889333934774,0.0,0.10756883437062792,9.999949532916094e-06,1.0945579258744238,0.005000000000020838,0.9642351946173079,0.10736818778064816
1.5695000000000014,0.017629678807618985,0.0,0.1075677518933569,9.999949532916094e-06,1.094617164456693,0.005000000000020844,0.9641903687607004,0.10736290927272144
1.5700000000000014,0.017630468281303196,0.0,0.10756670092172695,9.999949532916094e-06,1.094676402619933,0.005000000000020849,0.9641455151477935,0.10735761887859692
1.5705000000000013,0.017631257754987403,0.0,0.10756568159390686,9.999949532916094e-06,1.0947356403622988,0.005000000000020854,0.9641006337805808,0.10735231673749887
1.5710000000000015,0.017632047228671614,0.0,0.10756469404814528,9.999949532916094e-06,1.0947948776819463,0.005000000000020859,0.9640557246610594,0.10734700298873681
1.5715000000000015,0.017632836702355825,0.0,0.10756373842263385,9.999949532916094e-06,1.094854114577031,0.005000000000020865,0.96401078779123,0.10734167777156865
1.5720000000000014,0.017633626176040036,0.0,0.1075628148556248,9.999949532916094e-06,1.094913351045708,0.0050000000000208706,0.9639658231730968,0.10733634122531832
1.5725000000000013,0.017634415649724247,0.0,0.10756192348535296,9.999949532916094e-06,1.0949725870861333,0.005000000000020876,0.9639208308086673,0.10733099348929771
1.5730000000000013,0.017635205123408458,0.0,0.10756106445004565,9.999949532916094e-06,1.0950318226964624,0.005000000000020881,0.9638758106999525,0.1073256347028166
1.5735000000000015,0.01763599459709267,0.0,0.10756023788801106,9.999949532916094e-06,1.0950910578748503,0.005000000000020887,0.9638307628489675,0.10732026500527109
1.5740000000000014,0.01763678407077688,0.0,0.10755944393750139,9.999949532916094e-06,1.095150292619453,0.005000000000020892,0.96378568725773,0.10731488453600664
1.5745000000000013,0.01763757354446109,0.0,0.10755868273682069,9.999949532916094e-06,1.0952095269284257,0.0050000000000208975,0.9637405839282616,0.107309493434426
1.5750000000000015,0.0176383630181453,0.0,0.10755795442424687,9.999949532916094e-06,1.095268760799924,0.005000000000020903,0.9636954528625874,0.10730409183991114
1.5755000000000015,0.01763915249182951,0.0,0.10755725913813947,9.999949532916094e-06,1.0953279942321037,0.005000000000020909,0.9636502940627361,0.1072986798919311
1.5760000000000014,0.01763994196551372,0.0,0.1075565970168225,9.999949532916094e-06,1.0953872272231198,0.005000000000020914,0.9636051075307397,0.10729325772992476
1.5765000000000013,0.01764073143919793,0.0,0.10755596819861397,9.999949532916094e-06,1.0954464597711282,0.005000000000020919,0.9635598932686337,0.10728782549333041
1.5770000000000013,0.017641520912882142,0.0,0.1075553728219044,9.999949532916094e-06,1.095505691874284,0.005000000000020925,0.9635146512784573,0.10728238332166426
1.5775000000000015,0.017642310386566353,0.0,0.10755481102503961,9.999949532916094e-06,1.0955649235307432,0.00500000000002093,0.9634693815622528,0.10727693135440321
1.5780000000000014,0.017643099860250564,0.0,0.10755428294643839,9.999949532916094e-06,1.095624154738661,0.005000000000020936,0.9634240841220665,0.10727146973110255
1.5785000000000013,0.01764388933393477,0.0,0.1075537887244459,9.999949532916094e-06,1.095683385496193,0.005000000000020941,0.9633787589599477,0.1072659985912493
1.5790000000000015,0.017644678807618983,0.0,0.10755332849754916,9.999949532916094e-06,1.0957426158014945,0.005000000000020947,0.9633334060779497,0.10726051807447777
1.5795000000000015,0.017645468281303194,0.0,0.10755290240414245,9.999949532916094e-06,1.0958018456527212,0.005000000000020952,0.9632880254781288,0.10725502832033493
1.5800000000000014,0.017646257754987404,0.0,0.10755251058267432,9.999949532916094e-06,1.0958610750480287,0.005000000000020957,0.9632426171625449,0.1072495294684274
1.5805000000000013,0.017647047228671615,0.0,0.1075521531716086,9.999949532916094e-06,1.0959203039855723,0.0050000000000209625,0.9631971811332616,0.10724402165838251
1.5810000000000013,0.017647836702355826,0.0,0.10755183030942472,9.999949532916094e-06,1.0959795324635075,0.005000000000020969,0.9631517173923461,0.10723850502984855
1.5815000000000015,0.017648626176040037,0.0,0.10755154213462761,9.999949532916094e-06,1.09603876047999,0.005000000000020974,0.9631062259418685,0.10723297972250477
1.5820000000000014,0.017649415649724248,0.0,0.10755128878568933,9.999949532916094e-06,1.0960979880331752,0.005000000000020979,0.9630607067839029,0.10722744587600284
1.5825000000000014,0.01765020512340846,0.0,0.10755107040117637,9.999949532916094e-06,1.0961572151212184,0.005000000000020985,0.9630151599205269,0.1072219036300944
1.5830000000000015,0.01765099459709267,0.0,0.10755088711961298,9.999949532916094e-06,1.0962164417422755,0.00500000000002099,0.9629695853538213,0.10721635312449415
1.5835000000000015,0.017651784070776878,0.0,0.10755073907952054,9.999949532916094e-06,1.0962756678945018,0.0050000000000209955,0.9629239830858703,0.10721079449891932
1.5840000000000014,0.01765257354446109,0.0,0.10755062641954492,9.999949532916094e-06,1.0963348935760528,0.005000000000021001,0.9628783531187622,0.10720522789321711
1.5845000000000014,0.0176533630181453,0.0,0.10755054927825126,9.999949532916094e-06,1.0963941187850839,0.005000000000021007,0.9628326954545886,0.1071996534471593
1.5850000000000013,0.01765415249182951,0.0,0.10755050779423186,9.999949532916094e-06,1.0964533435197508,0.005000000000021012,0.9627870100954438,0.10719407130055027
1.5855000000000015,0.01765494196551372,0.0,0.10755050210611616,9.999949532916094e-06,1.096512567778209,0.005000000000021017,0.9627412970434264,0.1071884815932369
1.5860000000000014,0.017655731439197932,0.0,0.10755053235257099,9.999949532916094e-06,1.096571791558614,0.005000000000021023,0.9626955563006385,0.10718288446510896
1.5865000000000014,0.01765652091288214,0.0,0.10755059867223225,9.999949532916094e-06,1.096631014859121,0.005000000000021028,0.9626497878691854,0.10717728005603057
1.5870000000000015,0.01765731038656635,0.0,0.10755070120380311,9.999949532916094e-06,1.0966902376778858,0.005000000000021034,0.9626039917511758,0.10717166850593857
1.5875000000000015,0.017658099860250562,0.0,0.1075508400859856,9.999949532916094e-06,1.0967494600130638,0.00500000000002104,0.9625581679487223,0.10716604995477406
1.5880000000000014,0.017658889333934773,0.0,0.107551015457481,9.999949532916094e-06,1.0968086818628107,0.005000000000021045,0.9625123164639404,0.10716042454248277
1.5885000000000014,0.017659678807618984,0.0,0.10755122745704865,9.999949532916094e-06,1.0968679032252817,0.00500000000002105,0.9624664372989499,0.10715479240907394
1.5890000000000013,0.017660468281303195,0.0,0.10755147622342795,9.999949532916094e-06,1.0969271240986325,0.005000000000021055,0.9624205304558732,0.1071491536945422
1.5895000000000015,0.017661257754987406,0.0,0.10755176189538761,9.999949532916094e-06,1.0969863444810186,0.005000000000021061,0.9623745959368367,0.10714350853891688
1.5900000000000014,0.017662047228671617,0.0,0.10755208461174527,9.999949532916094e-06,1.0970455643705954,0.005000000000021067,0.9623286337439705,0.10713785708228174
1.5905000000000014,0.017662836702355827,0.0,0.10755244451130924,9.999949532916094e-06,1.0971047837655186,0.005000000000021072,0.9622826438794075,0.1071321994647165
1.5910000000000015,0.01766362617604004,0.0,0.10755284173291772,9.999949532916094e-06,1.0971640026639433,0.005000000000021078,0.9622366263452848,0.10712653582633623
1.5915000000000015,0.017664415649724246,0.0,0.10755327641539017,9.999949532916094e-06,1.0972232210640256,0.005000000000021083,0.9621905811437425,0.1071208663072426
1.5920000000000014,0.017665205123408457,0.0,0.10755374869766456,9.999949532916094e-06,1.0972824389639204,0.005000000000021088,0.9621445082769244,0.10711519104766125
1.5925000000000014,0.017665994597092668,0.0,0.10755425871861168,9.999949532916094e-06,1.0973416563617837,0.005000000000021094,0.9620984077469776,0.10710951018775601
1.5930000000000013,0.01766678407077688,0.0,0.10755480661714302,9.999949532916094e-06,1.0974008732557707,0.0050000000000210995,0.9620522795560531,0.10710382386773677
1.5935000000000015,0.01766757354446109,0.0,0.10755539253222081,9.999949532916094e-06,1.097460089644037,0.005000000000021105,0.9620061237063051,0.10709813222786967
1.5940000000000014,0.0176683630181453,0.0,0.10755601660277991,9.999949532916094e-06,1.097519305524738,0.005000000000021111,0.9619599401998912,0.1070924354083987
1.5945000000000014,0.01766915249182951,0.0,0.10755667896783584,9.999949532916094e-06,1.0975785208960294,0.005000000000021116,0.9619137290389727,0.1070867335496541
1.5950000000000015,0.01766994196551372,0.0,0.10755737976632831,9.999949532916094e-06,1.0976377357560667,0.005000000000021121,0.9618674902257139,0.10708102679189552
1.5955000000000015,0.01767073143919793,0.0,0.10755811913737597,9.999949532916094e-06,1.0976969501030052,0.005000000000021127,0.9618212237622836,0.10707531527556706
1.5960000000000014,0.01767152091288214,0.0,0.10755889721998309,9.999949532916094e-06,1.0977561639350004,0.0050000000000211325,0.9617749296508533,0.10706959914100384
1.5965000000000014,0.017672310386566352,0.0,0.1075597141532159,9.999949532916094e-06,1.0978153772502082,0.005000000000021138,0.9617286078935978,0.10706387852860823
1.5970000000000013,0.017673099860250563,0.0,0.10756057007619316,9.999949532916094e-06,1.0978745900467837,0.005000000000021144,0.9616822584926962,0.10705815357884065
1.5975000000000015,0.017673889333934774,0.0,0.10756146512802753,9.999949532916094e-06,1.0979338023228824,0.005000000000021149,0.9616358814503304,0.10705242443216073
1.5980000000000014,0.017674678807618985,0.0,0.10756239944786512,9.999949532916094e-06,1.09799301407666,0.005000000000021154,0.961589476768686,0.10704669122906703
1.5985000000000014,0.017675468281303196,0.0,0.10756337317485637,9.999949532916094e-06,1.0980522253062721,0.00500000000002116,0.9615430444499522,0.1070409541100677
1.5990000000000015,0.017676257754987407,0.0,0.10756438644820507,9.999949532916094e-06,1.098111436009874,0.0050000000000211655,0.9614965844963216,0.10703521321572976
1.5995000000000015,0.017677047228671614,0.0,0.10756543940712969,9.999949532916094e-06,1.098170646185621,0.005000000000021171,0.9614500969099904,0.1070294686866403
1.6000000000000014,0.017677836702355825,0.0,0.10756653219088304,9.999949532916094e-06,1.0982298558316692,0.005000000000021177,0.9614035816931579,0.10702372066342605
1.6005000000000014,0.017678626176040036,0.0,0.10756766493871352,9.999949532916094e-06,1.0982890649461736,0.005000000000021182,0.9613570388480275,0.10701796928671482
1.6010000000000013,0.017679415649724247,0.0,0.10756883778992396,9.999949532916094e-06,1.0983482735272898,0.005000000000021187,0.9613104683768056,0.1070122146971942
1.6015000000000015,0.017680205123408458,0.0,0.10757005088382306,9.999949532916094e-06,1.0984074815731735,0.005000000000021193,0.9612638702817021,0.10700645703556304
1.6020000000000014,0.01768099459709267,0.0,0.10757130435975487,9.999949532916094e-06,1.0984666890819799,0.005000000000021198,0.9612172445649309,0.10700069644256097
1.6025000000000014,0.01768178407077688,0.0,0.10757259835708949,9.999949532916094e-06,1.0985258960518647,0.005000000000021204,0.9611705912287086,0.10699493305895902
1.6030000000000015,0.01768257354446109,0.0,0.10757393301519372,9.999949532916094e-06,1.0985851024809836,0.00500000000002121,0.9611239102752558,0.10698916702553031
1.6035000000000015,0.0176833630181453,0.0,0.10757530847351951,9.999949532916094e-06,1.0986443083674917,0.005000000000021215,0.9610772017067968,0.10698339848313862
1.6040000000000014,0.01768415249182951,0.0,0.10757672487152602,9.999949532916094e-06,1.0987035137095447,0.00500000000002122,0.9610304655255589,0.10697762757266019
1.6045000000000014,0.01768494196551372,0.0,0.10757818234865035,9.999949532916094e-06,1.0987627185052982,0.005000000000021226,0.9609837017337729,0.10697185443495462
1.6050000000000013,0.01768573143919793,0.0,0.10757968104442539,9.999949532916094e-06,1.0988219227529075,0.005000000000021231,0.9609369103336736,0.10696607921098278
1.6055000000000015,0.017686520912882142,0.0,0.10758122109838213,9.999949532916094e-06,1.098881126450528,0.0050000000000212375,0.9608900913274987,0.10696030204170898
1.6060000000000014,0.017687310386566353,0.0,0.10758280265003035,9.999949532916094e-06,1.0989403295963158,0.005000000000021243,0.9608432447174896,0.10695452306808163
1.6065000000000014,0.017688099860250564,0.0,0.10758442583900579,9.999949532916094e-06,1.0989995321884258,0.005000000000021248,0.9607963705058914,0.10694874243118066
1.6070000000000015,0.017688889333934775,0.0,0.10758609080489412,9.999949532916094e-06,1.0990587342250138,0.005000000000021254,0.9607494686949524,0.10694296027204118
1.6075000000000015,0.017689678807618986,0.0,0.10758779768734876,9.999949532916094e-06,1.099117935704235,0.005000000000021259,0.9607025392869245,0.10693717673177155
1.6080000000000014,0.017690468281303193,0.0,0.10758954662602258,9.999949532916094e-06,1.0991771366242453,0.005000000000021264,0.9606555822840631,0.10693139195148492
1.6085000000000014,0.017691257754987404,0.0,0.10759133776063667,9.999949532916094e-06,1.0992363369832001,0.00500000000002127,0.9606085976886269,0.10692560607236802
1.6090000000000013,0.017692047228671615,0.0,0.10759317123092196,9.999949532916094e-06,1.0992955367792547,0.005000000000021276,0.9605615855028786,0.10691981923562288
1.6095000000000015,0.017692836702355826,0.0,0.1075950471766194,9.999949532916094e-06,1.0993547360105649,0.005000000000021281,0.9605145457290838,0.10691403158246689
1.6100000000000014,0.017693626176040037,0.0,0.10759696573752929,9.999949532916094e-06,1.0994139346752858,0.005000000000021287,0.9604674783695121,0.10690824325418223
1.6105000000000014,0.017694415649724248,0.0,0.10759892705347224,9.999949532916094e-06,1.0994731327715732,0.005000000000021292,0.9604203834264359,0.10690245439207675
1.6110000000000015,0.01769520512340846,0.0,0.10760093126427003,9.999949532916094e-06,1.0995323302975828,0.005000000000021298,0.9603732609021315,0.10689666513746486
1.6115000000000015,0.017695994597092667,0.0,0.10760297850982409,9.999949532916094e-06,1.0995915272514696,0.005000000000021303,0.9603261107988792,0.10689087563174604
1.6120000000000014,0.017696784070776878,0.0,0.10760506893004727,9.999949532916094e-06,1.0996507236313895,0.005000000000021309,0.9602789331189617,0.10688508601633655
1.6125000000000014,0.01769757354446109,0.0,0.10760720266489354,9.999949532916094e-06,1.0997099194354978,0.005000000000021315,0.9602317278646662,0.1068792964326992
1.6130000000000013,0.0176983630181453,0.0,0.10760937985430931,9.999949532916094e-06,1.0997691146619502,0.00500000000002132,0.9601844950382825,0.10687350702229456
1.6135000000000015,0.01769915249182951,0.0,0.1076116006383217,9.999949532916094e-06,1.0998283093089019,0.005000000000021326,0.9601372346421049,0.10686771792666942
1.6140000000000014,0.01769994196551372,0.0,0.10761386515695089,9.999949532916094e-06,1.0998875033745086,0.005000000000021331,0.9600899466784302,0.10686192928736889
1.6145000000000014,0.017700731439197932,0.0,0.10761617355027878,9.999949532916094e-06,1.0999466968569258,0.005000000000021336,0.9600426311495591,0.10685614124600529
1.6150000000000015,0.017701520912882143,0.0,0.10761852595840044,9.999949532916094e-06,1.100005889754309,0.005000000000021342,0.959995288057796,0.10685035394420946
1.6155000000000015,0.017702310386566354,0.0,0.10762092252146345,9.999949532916094e-06,1.1000650820648137,0.005000000000021348,0.9599479174054484,0.10684456752367015
1.6160000000000014,0.01770309986025056,0.0,0.10762336337959977,9.999949532916094e-06,1.1001242737865955,0.005000000000021353,0.9599005191948274,0.10683878212606585
1.6165000000000014,0.017703889333934773,0.0,0.10762584867308249,9.999949532916094e-06,1.1001834649178095,0.005000000000021359,0.9598530934282481,0.10683299789322165
1.6170000000000013,0.017704678807618984,0.0,0.10762837854208158,9.999949532916094e-06,1.1002426554566118,0.005000000000021364,0.959805640108028,0.1068272149668648
1.6175000000000015,0.017705468281303195,0.0,0.10763095312689898,9.999949532916094e-06,1.1003018454011575,0.00500000000002137,0.9597581592364892,0.10682143348886
1.6180000000000014,0.017706257754987405,0.0,0.10763357256784167,9.999949532916094e-06,1.1003610347496022,0.005000000000021375,0.9597106508159565,0.10681565360108237
1.6185000000000014,0.017707047228671616,0.0,0.10763623700523176,9.999949532916094e-06,1.1004202235001015,0.005000000000021381,0.9596631148487587,0.10680987544542749
1.6190000000000015,0.017707836702355827,0.0,0.10763894657945566,9.999949532916094e-06,1.1004794116508108,0.005000000000021387,0.9596155513372276,0.1068040991638607
1.6195000000000015,0.017708626176040035,0.0,0.10764170143090578,9.999949532916094e-06,1.1005385991998855,0.005000000000021392,0.9595679602836992,0.10679832489835869
1.6200000000000014,0.017709415649724246,0.0,0.10764450170004919,9.999949532916094e-06,1.1005977861454814,0.005000000000021398,0.9595203416905119,0.10679255279097821
1.6205000000000014,0.017710205123408457,0.0,0.10764734752736922,9.999949532916094e-06,1.1006569724857538,0.005000000000021403,0.9594726955600088,0.10678678298379768
1.6210000000000013,0.017710994597092668,0.0,0.10765023905338543,9.999949532916094e-06,1.100716158218858,0.005000000000021409,0.9594250218945358,0.10678101561893712
1.6215000000000015,0.01771178407077688,0.0,0.10765317641862439,9.999949532916094e-06,1.1007753433429501,0.005000000000021414,0.9593773206964421,0.10677525083852892
1.6220000000000014,0.01771257354446109,0.0,0.10765615976369836,9.999949532916094e-06,1.100834527856185,0.00500000000002142,0.959329591968081,0.10676948878479658
1.6225000000000014,0.0177133630181453,0.0,0.10765918922923708,9.999949532916094e-06,1.1008937117567186,0.005000000000021426,0.9592818357118087,0.10676372959998653
1.6230000000000016,0.01771415249182951,0.0,0.10766226495587826,9.999949532916094e-06,1.1009528950427063,0.005000000000021431,0.9592340519299852,0.10675797342635841
1.6235000000000015,0.017714941965513722,0.0,0.10766538708434616,9.999949532916094e-06,1.1010120777123036,0.005000000000021437,0.9591862406249742,0.10675222040626395
1.6240000000000014,0.01771573143919793,0.0,0.1076685557553736,9.999949532916094e-06,1.1010712597636658,0.005000000000021442,0.9591384017991423,0.10674647068206876
1.6245000000000014,0.01771652091288214,0.0,0.1076717711097708,9.999949532916094e-06,1.1011304411949485,0.005000000000021447,0.9590905354548602,0.10674072439622126
1.6250000000000013,0.017717310386566352,0.0,0.10767503328831797,9.999949532916094e-06,1.1011896220043074,0.005000000000021453,0.9590426415945016,0.10673498169114518
1.6255000000000015,0.017718099860250563,0.0,0.10767834243188311,9.999949532916094e-06,1.1012488021898978,0.005000000000021459,0.9589947202204437,0.1067292427093575
1.6260000000000014,0.017718889333934774,0.0,0.10768169868136351,9.999949532916094e-06,1.1013079817498754,0.005000000000021465,0.9589467713350677,0.10672350759340991
1.6265000000000014,0.017719678807618985,0.0,0.10768510217768616,9.999949532916094e-06,1.1013671606823956,0.00500000000002147,0.9588987949407576,0.10671777648588908
1.6270000000000016,0.017720468281303196,0.0,0.10768855306181775,9.999949532916094e-06,1.101426338985614,0.005000000000021476,0.9588507910399012,0.10671204952942681
1.6275000000000015,0.017721257754987407,0.0,0.10769205147481398,9.999949532916094e-06,1.1014855166576858,0.005000000000021481,0.9588027596348904,0.10670632686674941
1.6280000000000014,0.017722047228671614,0.0,0.10769559755766318,9.999949532916094e-06,1.1015446936967668,0.005000000000021486,0.9587547007281193,0.10670060864052104
1.6285000000000014,0.017722836702355825,0.0,0.10769919145154119,9.999949532916094e-06,1.1016038701010122,0.0050000000000214925,0.9587066143219866,0.10669489499359888
1.6290000000000013,0.017723626176040036,0.0,0.10770283329752778,9.999949532916094e-06,1.1016630458685779,0.005000000000021498,0.9586585004188937,0.10668918606874932
1.6295000000000015,0.017724415649724247,0.0,0.10770652323681244,9.999949532916094e-06,1.1017222209976192,0.005000000000021504,0.9586103590212461,0.10668348200885393
1.6300000000000014,0.017725205123408458,0.0,0.10771026141061654,9.999949532916094e-06,1.1017813954862916,0.005000000000021509,0.9585621901314524,0.10667778295683154
1.6305000000000014,0.01772599459709267,0.0,0.10771404796020327,9.999949532916094e-06,1.1018405693327507,0.005000000000021515,0.9585139937519248,0.10667208905564818
1.6310000000000016,0.01772678407077688,0.0,0.10771788302685843,9.999949532916094e-06,1.101899742535152,0.00500000000002152,0.9584657698850789,0.10666640044829785
1.6315000000000015,0.01772757354446109,0.0,0.10772176675196911,9.999949532916094e-06,1.1019589150916507,0.005000000000021525,0.9584175185333342,0.10666071727788133
1.6320000000000014,0.0177283630181453,0.0,0.10772569927688688,9.999949532916094e-06,1.1020180870004026,0.0050000000000215315,0.9583692396991131,0.10665503968746912
1.6325000000000014,0.01772915249182951,0.0,0.10772968074303581,9.999949532916094e-06,1.1020772582595633,0.005000000000021537,0.9583209333848417,0.10664936782020969
1.6330000000000013,0.01772994196551372,0.0,0.10773371129192258,9.999949532916094e-06,1.1021364288672881,0.005000000000021543,0.9582725995929495,0.10664370181933948
1.6335000000000015,0.01773073143919793,0.0,0.10773779106506824,9.999949532916094e-06,1.1021955988217325,0.005000000000021548,0.9582242383258701,0.10663804182811475
1.6340000000000015,0.017731520912882142,0.0,0.10774192020402816,9.999949532916094e-06,1.102254768121052,0.005000000000021554,0.9581758495860396,0.10663238798983139
1.6345000000000014,0.017732310386566353,0.0,0.10774609885038253,9.999949532916094e-06,1.1023139367634023,0.005000000000021559,0.9581274333758981,0.10662674044781546
1.6350000000000016,0.017733099860250564,0.0,0.10775032714580517,9.999949532916094e-06,1.1023731047469387,0.005000000000021565,0.9580789896978893,0.10662109934549216
1.6355000000000015,0.017733889333934775,0.0,0.10775460523200517,9.999949532916094e-06,1.1024322720698168,0.0050000000000215705,0.9580305185544602,0.10661546482632729
1.6360000000000015,0.017734678807618982,0.0,0.10775893325069777,9.999949532916094e-06,1.1024914387301918,0.005000000000021577,0.9579820199480613,0.10660983703379817
1.6365000000000014,0.017735468281303193,0.0,0.10776331134369292,9.999949532916094e-06,1.10255060472622,0.005000000000021582,0.9579334938811465,0.10660421611148217
1.6370000000000013,0.017736257754987404,0.0,0.1077677396528171,9.999949532916094e-06,1.102609770056056,0.005000000000021587,0.9578849403561732,0.10659860220297866
1.6375000000000015,0.017737047228671615,0.0,0.1077722183199627,9.999949532916094e-06,1.1026689347178558,0.005000000000021593,0.9578363593756027,0.1065929954519583
1.6380000000000015,0.017737836702355826,0.0,0.10777674748703946,9.999949532916094e-06,1.1027280987097747,0.005000000000021598,0.9577877509418992,0.10658739600211442
1.6385000000000014,0.017738626176040037,0.0,0.10778132729603335,9.999949532916094e-06,1.1027872620299684,0.005000000000021604,0.9577391150575305,0.10658180399722203
1.6390000000000016,0.017739415649724248,0.0,0.1077859578889483,9.999949532916094e-06,1.1028464246765923,0.0050000000000216096,0.957690451724968,0.10657621958107942
1.6395000000000015,0.01774020512340846,0.0,0.10779063940787506,9.999949532916094e-06,1.102905586647802,0.005000000000021616,0.957641760946687,0.10657064289757714
1.6400000000000015,0.01774099459709267,0.0,0.10779537199491307,9.999949532916094e-06,1.1029647479417528,0.005000000000021621,0.9575930427251652,0.1065650740906198
1.6405000000000014,0.017741784070776877,0.0,0.10780015579221991,9.999949532916094e-06,1.1030239085566003,0.005000000000021627,0.957544297062885,0.10655951330417551
1.6410000000000013,0.01774257354446109,0.0,0.10780499094205068,9.999949532916094e-06,1.1030830684905,0.005000000000021632,0.9574955239623315,0.10655396068231535
1.6415000000000015,0.0177433630181453,0.0,0.10780987758664083,9.999949532916094e-06,1.1031422277416074,0.005000000000021638,0.9574467234259936,0.10654841636909604
1.6420000000000015,0.01774415249182951,0.0,0.10781481586828492,9.999949532916094e-06,1.1032013863080783,0.005000000000021643,0.9573978954563631,0.1065428805086388
1.6425000000000014,0.01774494196551372,0.0,0.10781980592938582,9.999949532916094e-06,1.1032605441880676,0.0050000000000216495,0.9573490400559366,0.10653735324517868
1.6430000000000016,0.017745731439197932,0.0,0.1078248479123278,9.999949532916094e-06,1.1033197013797313,0.005000000000021655,0.9573001572272126,0.10653183472293737
1.6435000000000015,0.017746520912882143,0.0,0.10782994195957472,9.999949532916094e-06,1.1033788578812247,0.005000000000021661,0.9572512469726941,0.10652632508622158
1.6440000000000015,0.01774731038656635,0.0,0.10783508821363126,9.999949532916094e-06,1.1034380136907034,0.005000000000021666,0.9572023092948875,0.10652082447938423
1.6445000000000014,0.01774809986025056,0.0,0.10784028681707261,9.999949532916094e-06,1.1034971688063229,0.005000000000021672,0.957153344196302,0.10651533304685407
1.6450000000000014,0.017748889333934773,0.0,0.107845537912535,9.999949532916094e-06,1.1035563232262384,0.005000000000021677,0.9571043516794513,0.10650985093312643
1.6455000000000015,0.017749678807618983,0.0,0.10785084164264748,9.999949532916094e-06,1.103615476948606,0.005000000000021683,0.9570553317468516,0.10650437828269466
1.6460000000000015,0.017750468281303194,0.0,0.10785619815014007,9.999949532916094e-06,1.1036746299715807,0.0050000000000216885,0.9570062844010233,0.10649891524015855
1.6465000000000014,0.017751257754987405,0.0,0.10786160757778518,9.999949532916094e-06,1.1037337822933182,0.0050000000000216946,0.9569572096444898,0.10649346195016568
1.6470000000000016,0.017752047228671616,0.0,0.10786707006841767,9.999949532916094e-06,1.1037929339119739,0.0050000000000217,0.9569081074797785,0.10648801855743145
1.6475000000000015,0.017752836702355827,0.0,0.10787258576489597,9.999949532916094e-06,1.1038520848257034,0.005000000000021706,0.9568589779094197,0.10648258520670016
1.6480000000000015,0.017753626176040038,0.0,0.10787815481015137,9.999949532916094e-06,1.1039112350326623,0.005000000000021711,0.9568098209359472,0.1064771620427944
1.6485000000000014,0.017754415649724246,0.0,0.10788377734716877,9.999949532916094e-06,1.1039703845310058,0.005000000000021717,0.9567606365618991,0.1064717492105958
1.6490000000000014,0.017755205123408457,0.0,0.10788945351899695,9.999949532916094e-06,1.1040295333188896,0.005000000000021722,0.9567114247898161,0.10646634685505511
1.6495000000000015,0.017755994597092668,0.0,0.10789518346869968,9.999949532916094e-06,1.1040886813944695,0.005000000000021728,0.9566621856222425,0.10646095512114352
1.6500000000000015,0.01775678407077688,0.0,0.10790096733946407,9.999949532916094e-06,1.1041478287559003,0.005000000000021734,0.9566129190617266,0.10645557415396105
1.6505000000000014,0.01775757354446109,0.0,0.10790680527445384,9.999949532916094e-06,1.1042069754013382,0.00500000000002174,0.9565636251108196,0.10645020409858955
1.6510000000000016,0.0177583630181453,0.0,0.10791269741693706,9.999949532916094e-06,1.1042661213289384,0.005000000000021745,0.9565143037720764,0.10644484510022066
1.6515000000000015,0.01775915249182951,0.0,0.10791864391022767,9.999949532916094e-06,1.1043252665368564,0.005000000000021751,0.9564649550480555,0.10643949730409732
1.6520000000000015,0.017759941965513722,0.0,0.10792464489770548,9.999949532916094e-06,1.1043844110232475,0.005000000000021756,0.9564155789413189,0.10643416085553369
1.6525000000000014,0.01776073143919793,0.0,0.10793070052274793,9.999949532916094e-06,1.1044435547862677,0.005000000000021762,0.9563661754544316,0.10642883589984685
1.6530000000000014,0.01776152091288214,0.0,0.10793681092890679,9.999949532916094e-06,1.104502697824072,0.005000000000021767,0.9563167445899629,0.10642352258253375
1.6535000000000015,0.017762310386566352,0.0,0.10794297625966352,9.999949532916094e-06,1.1045618401348163,0.0050000000000217735,0.9562672863504845,0.10641822104902625
1.6540000000000015,0.017763099860250563,0.0,0.10794919665865507,9.999949532916094e-06,1.1046209817166557,0.005000000000021779,0.9562178007385728,0.10641293144491724
1.6545000000000014,0.017763889333934774,0.0,0.10795547226948797,9.999949532916094e-06,1.1046801225677463,0.005000000000021785,0.9561682877568065,0.10640765391577438
1.6550000000000016,0.017764678807618985,0.0,0.10796180323592491,9.999949532916094e-06,1.104739262686243,0.00500000000002179,0.9561187474077688,0.1064023886073271
1.6555000000000015,0.017765468281303196,0.0,0.10796818970168909,9.999949532916094e-06,1.1047984020703017,0.005000000000021796,0.9560691796940456,0.10639713566527048
1.6560000000000015,0.017766257754987407,0.0,0.10797463181064099,9.999949532916094e-06,1.1048575407180776,0.005000000000021801,0.9560195846182268,0.10639189523544246
1.6565000000000014,0.017767047228671617,0.0,0.10798112970666113,9.999949532916094e-06,1.1049166786277265,0.005000000000021807,0.9559699621829054,0.10638666746370629
1.6570000000000014,0.017767836702355825,0.0,0.1079876835336896,9.999949532916094e-06,1.1049758157974034,0.0050000000000218125,0.9559203123906785,0.10638145249599021
1.6575000000000015,0.017768626176040036,0.0,0.10799429343573623,9.999949532916094e-06,1.1050349522252647,0.005000000000021819,0.9558706352441454,0.10637625047829748
1.6580000000000015,0.017769415649724247,0.0,0.10800095955689076,9.999949532916094e-06,1.105094087909465,0.005000000000021824,0.9558209307459106,0.10637106155671683
1.6585000000000014,0.017770205123408458,0.0,0.10800768204124477,9.999949532916094e-06,1.1051532228481604,0.00500000000002183,0.9557711988985804,0.10636588587734401
1.6590000000000016,0.01777099459709267,0.0,0.10801446103302931,9.999949532916094e-06,1.105212357039506,0.005000000000021835,0.955721439704766,0.10636072358641982
1.6595000000000015,0.01777178407077688,0.0,0.10802129667645836,9.999949532916094e-06,1.1052714904816576,0.005000000000021841,0.955671653167081,0.10635557483017317
1.6600000000000015,0.01777257354446109,0.0,0.10802818911585664,9.999949532916094e-06,1.1053306231727706,0.005000000000021846,0.9556218392881431,0.10635043975494922
1.6605000000000014,0.017773363018145298,0.0,0.10803513849559145,9.999949532916094e-06,1.1053897551110006,0.005000000000021852,0.9555719980705734,0.10634531850714106
1.6610000000000014,0.01777415249182951,0.0,0.1080421449601415,9.999949532916094e-06,1.1054488862945027,0.0050000000000218585,0.9555221295169962,0.10634021123325857
1.6615000000000015,0.01777494196551372,0.0,0.10804920865394055,9.999949532916094e-06,1.105508016721433,0.005000000000021864,0.9554722336300392,0.10633511807977192
1.6620000000000015,0.01777573143919793,0.0,0.10805632972162281,9.999949532916094e-06,1.1055671463899466,0.00500000000002187,0.9554223104123344,0.10633003919335741
1.6625000000000014,0.017776520912882142,0.0,0.10806350830775856,9.999949532916094e-06,1.1056262752981991,0.005000000000021875,0.9553723598665163,0.10632497472063247
1.6630000000000016,0.017777310386566353,0.0,0.10807074455708016,9.999949532916094e-06,1.105685403444346,0.005000000000021881,0.9553223819952233,0.10631992480838222
1.6635000000000015,0.017778099860250564,0.0,0.10807803861431554,9.999949532916094e-06,1.1057445308265428,0.005000000000021886,0.9552723768010973,0.10631488960339257
1.6640000000000015,0.017778889333934775,0.0,0.10808539062429662,9.999949532916094e-06,1.105803657442945,0.005000000000021892,0.9552223442867838,0.10630986925255886
1.6645000000000014,0.017779678807618986,0.0,0.10809280073189088,9.999949532916094e-06,1.1058627832917083,0.0050000000000218975,0.9551722844549312,0.10630486390281735
1.6650000000000014,0.017780468281303193,0.0,0.10810026908206069,9.999949532916094e-06,1.105921908370988,0.005000000000021904,0.9551221973081921,0.10629987370120463
1.6655000000000015,0.017781257754987404,0.0,0.10810779581983418,9.999949532916094e-06,1.1059810326789394,0.005000000000021909,0.9550720828492223,0.10629489879482831
1.6660000000000015,0.017782047228671615,0.0,0.10811538109028607,9.999949532916094e-06,1.1060401562137185,0.005000000000021915,0.9550219410806807,0.10628993933084808
1.6665000000000014,0.017782836702355826,0.0,0.10812302503855756,9.999949532916094e-06,1.1060992789734805,0.005000000000021921,0.9549717720052302,0.10628499545649539
1.6670000000000016,0.017783626176040037,0.0,0.10813072780987643,9.999949532916094e-06,1.106158400956381,0.005000000000021926,0.954921575625537,0.10628006731909374
1.6675000000000015,0.017784415649724248,0.0,0.1081384895495083,9.999949532916094e-06,1.1062175221605755,0.005000000000021932,0.9548713519442706,0.10627515506600974
1.6680000000000015,0.01778520512340846,0.0,0.10814631040282574,9.999949532916094e-06,1.1062766425842192,0.005000000000021937,0.9548211009641046,0.10627025884472242
1.6685000000000014,0.017785994597092666,0.0,0.10815419051521044,9.999949532916094e-06,1.1063357622254681,0.0050000000000219435,0.9547708226877148,0.10626537880272525
1.6690000000000014,0.017786784070776877,0.0,0.10816213003221069,9.999949532916094e-06,1.1063948810824773,0.005000000000021949,0.954720517117782,0.10626051508768372
1.6695000000000015,0.01778757354446109,0.0,0.10817012909933559,9.999949532916094e-06,1.1064539991534026,0.005000000000021955,0.9546701842569895,0.10625566784722942
1.6700000000000015,0.0177883630181453,0.0,0.10817818786223214,9.999949532916094e-06,1.1065131164363993,0.00500000000002196,0.9546198241080242,0.10625083722913732
1.6705000000000014,0.01778915249182951,0.0,0.10818630646658751,9.999949532916094e-06,1.106572232929623,0.005000000000021966,0.9545694366735766,0.10624602338122785
1.6710000000000016,0.01778994196551372,0.0,0.10819448505814894,9.999949532916094e-06,1.1066313486312294,0.005000000000021972,0.9545190219563409,0.10624122645138687
1.6715000000000015,0.017790731439197932,0.0,0.1082027237827831,9.999949532916094e-06,1.1066904635393735,0.005000000000021977,0.9544685799590145,0.1062364465876252
1.6720000000000015,0.017791520912882143,0.0,0.10821102278635866,9.999949532916094e-06,1.1067495776522114,0.005000000000021983,0.9544181106842979,0.10623168393796077
1.6725000000000014,0.017792310386566354,0.0,0.10821938221489392,9.999949532916094e-06,1.106808690967898,0.005000000000021989,0.9543676141348962,0.10622693865056683
1.6730000000000014,0.01779309986025056,0.0,0.10822780221439036,9.999949532916094e-06,1.1068678034845894,0.005000000000021995,0.9543170903135167,0.10622221087360491
1.6735000000000015,0.017793889333934772,0.0,0.10823628293101942,9.999949532916094e-06,1.1069269152004406,0.005000000000022,0.9542665392228711,0.10621750075541203
1.6740000000000015,0.017794678807618983,0.0,0.10824482451095613,9.999949532916094e-06,1.1069860261136073,0.005000000000022006,0.9542159608656742,0.10621280844433413
1.6745000000000014,0.017795468281303194,0.0,0.10825342710045799,9.999949532916094e-06,1.107045136222245,0.005000000000022012,0.954165355244644,0.10620813408880496
1.6750000000000016,0.017796257754987405,0.0,0.1082620908458555,9.999949532916094e-06,1.1071042455245095,0.005000000000022017,0.9541147223625024,0.10620347783733665
1.6755000000000015,0.017797047228671616,0.0,0.1082708158935821,9.999949532916094e-06,1.1071633540185557,0.005000000000022023,0.9540640622219748,0.10619883983854972
1.6760000000000015,0.017797836702355827,0.0,0.10827960239009593,9.999949532916094e-06,1.1072224617025397,0.0050000000000220285,0.9540133748257896,0.10619422024109462
1.6765000000000014,0.017798626176040035,0.0,0.10828845048196858,9.999949532916094e-06,1.1072815685746165,0.0050000000000220346,0.9539626601766795,0.10618961919374083
1.6770000000000014,0.017799415649724246,0.0,0.1082973603158463,9.999949532916094e-06,1.107340674632942,0.005000000000022041,0.9539119182773795,0.1061850368453376
1.6775000000000015,0.017800205123408457,0.0,0.10830633203842087,9.999949532916094e-06,1.1073997798756716,0.005000000000022046,0.9538611491306291,0.10618047334478527
1.6780000000000015,0.017800994597092668,0.0,0.1083153657965085,9.999949532916094e-06,1.1074588843009605,0.005000000000022052,0.9538103527391711,0.106175928841114
1.6785000000000014,0.01780178407077688,0.0,0.1083244617369227,9.999949532916094e-06,1.1075179879069648,0.005000000000022057,0.9537595291057511,0.10617140348335642
1.6790000000000016,0.01780257354446109,0.0,0.10833362000664154,9.999949532916094e-06,1.1075770906918394,0.005000000000022063,0.953708678233119,0.10616689742071535
1.6795000000000015,0.0178033630181453,0.0,0.10834284075266072,9.999949532916094e-06,1.1076361926537401,0.005000000000022069,0.9536578001240278,0.10616241080241642
1.6800000000000015,0.01780415249182951,0.0,0.10835212412206276,9.999949532916094e-06,1.1076952937908224,0.0050000000000220745,0.9536068947812337,0.10615794377777749
1.6805000000000014,0.017804941965513722,0.0,0.10836147026201735,9.999949532916094e-06,1.107754394101242,0.0050000000000220805,0.9535559622074969,0.10615349649620899
1.6810000000000014,0.01780573143919793,0.0,0.10837087931977203,9.999949532916094e-06,1.1078134935831538,0.005000000000022086,0.953505002405581,0.10614906910720462
1.6815000000000015,0.01780652091288214,0.0,0.10838035144267208,9.999949532916094e-06,1.107872592234714,0.005000000000022092,0.9534540153782526,0.1061446617603611
1.6820000000000015,0.01780731038656635,0.0,0.1083898867780923,9.999949532916094e-06,1.1079316900540777,0.005000000000022098,0.953403001128282,0.10614027460531003
1.6825000000000014,0.017808099860250563,0.0,0.10839948547353559,9.999949532916094e-06,1.1079907870394003,0.005000000000022103,0.9533519596584435,0.1061359077918166
1.6830000000000016,0.017808889333934774,0.0,0.10840914767654496,9.999949532916094e-06,1.1080498831888377,0.005000000000022109,0.9533008909715142,0.10613156146969134
1.6835000000000016,0.017809678807618985,0.0,0.10841887353476277,9.999949532916094e-06,1.1081089785005451,0.005000000000022114,0.9532497950702747,0.10612723578884958
1.6840000000000015,0.017810468281303195,0.0,0.1084286631959117,9.999949532916094e-06,1.1081680729726782,0.00500000000002212,0.9531986719575095,0.1061229308992923
1.6845000000000014,0.017811257754987406,0.0,0.10843851680778516,9.999949532916094e-06,1.1082271666033925,0.0050000000000221265,0.9531475216360061,0.1061186469510966
1.6850000000000014,0.017812047228671614,0.0,0.10844843451828702,9.999949532916094e-06,1.1082862593908431,0.005000000000022132,0.9530963441085561,0.10611438409445553
1.6855000000000016,0.017812836702355825,0.0,0.10845841647535348,9.999949532916094e-06,1.1083453513331862,0.005000000000022138,0.9530451393779538,0.1061101424795995
1.6860000000000015,0.017813626176040036,0.0,0.10846846282707133,9.999949532916094e-06,1.1084044424285766,0.005000000000022143,0.9529939074469976,0.1061059222569153
1.6865000000000014,0.017814415649724247,0.0,0.10847857372151137,9.999949532916094e-06,1.1084635326751704,0.005000000000022149,0.952942648318489,0.1061017235767787
1.6870000000000016,0.017815205123408458,0.0,0.10848874930694492,9.999949532916094e-06,1.1085226220711226,0.005000000000022155,0.9528913619952332,0.10609754658977173
1.6875000000000016,0.01781599459709267,0.0,0.10849898973162814,9.999949532916094e-06,1.108581710614589,0.00500000000002216,0.9528400484800386,0.10609339144646636
1.6880000000000015,0.01781678407077688,0.0,0.1085092951439203,9.999949532916094e-06,1.1086407983037252,0.005000000000022166,0.9527887077757172,0.10608925829754304
1.6885000000000014,0.01781757354446109,0.0,0.10851966569233334,9.999949532916094e-06,1.1086998851366863,0.0050000000000221725,0.9527373398850848,0.10608514729384053
1.6890000000000014,0.0178183630181453,0.0,0.10852899704661866,9.999949532916094e-06,1.1087589857385725,0.005000000000022178,0.952685932084468,0.10607995050649184
1.6895000000000016,0.01781915249182951,0.0,0.10853825543438322,9.999949532916094e-06,1.1088180873120494,0.005000000000022184,0.9526344954949887,0.10607463729278314
1.6900000000000015,0.01781994196551372,0.0,0.1085475416666027,9.999949532916094e-06,1.108877188522034,0.00500000000002219,0.9525830312781498,0.10606930879219033
1.6905000000000014,0.01782073143919793,0.0,0.10855685592616422,9.999949532916094e-06,1.108936289366151,0.005000000000022195,0.9525315394365369,0.10606396518898797
1.6910000000000016,0.017821520912882142,0.0,0.1085661983959471,9.999949532916094e-06,1.1089953898420255,0.005000000000022201,0.9524800199727396,0.10605860666744955
1.6915000000000016,0.017822310386566353,0.0,0.10857556925892121,9.999949532916094e-06,1.1090544899472827,0.005000000000022206,0.9524284728893521,0.10605323341194625
1.6920000000000015,0.017823099860250564,0.0,0.1085849686981179,9.999949532916094e-06,1.1091135896795474,0.005000000000022212,0.9523768981889734,0.10604784560691767
1.6925000000000014,0.017823889333934775,0.0,0.10859439689654168,9.999949532916094e-06,1.1091726890364448,0.0050000000000222184,0.9523252958742069,0.10604244343678333
1.6930000000000014,0.017824678807618982,0.0,0.10860385403726873,9.999949532916094e-06,1.1092317880156002,0.005000000000022224,0.9522736659476599,0.10603702708604151
1.6935000000000016,0.017825468281303193,0.0,0.10861334030347664,9.999949532916094e-06,1.1092908866146383,0.00500000000002223,0.9522220084119452,0.10603159673929884
1.6940000000000015,0.017826257754987404,0.0,0.10862285587832674,9.999949532916094e-06,1.109349984831184,0.005000000000022236,0.9521703232696792,0.10602615258115264
1.6945000000000014,0.017827047228671615,0.0,0.10863240094499375,9.999949532916094e-06,1.109409082662863,0.005000000000022241,0.9521186105234831,0.1060206947962204
1.6950000000000016,0.017827836702355826,0.0,0.10864197568675453,9.999949532916094e-06,1.1094681801073,0.005000000000022247,0.9520668701759828,0.10601522356922885
1.6955000000000016,0.017828626176040037,0.0,0.10865158028690972,9.999949532916094e-06,1.10952727716212,0.005000000000022253,0.9520151022298086,0.10600973908493543
1.6960000000000015,0.017829415649724248,0.0,0.10866121492880351,9.999949532916094e-06,1.1095863738249483,0.005000000000022258,0.9519633066875948,0.10600424152814804
1.6965000000000015,0.01783020512340846,0.0,0.1086708797958437,9.999949532916094e-06,1.1096454700934095,0.005000000000022264,0.951911483551981,0.1059987310837452
1.6970000000000014,0.01783099459709267,0.0,0.1086805750714134,9.999949532916094e-06,1.1097045659651292,0.0050000000000222705,0.9518596328256105,0.1059932079365875
1.6975000000000016,0.01783178407077688,0.0,0.10869030093901871,9.999949532916094e-06,1.1097636614377322,0.005000000000022276,0.9518077545111316,0.1059876722716656
1.6980000000000015,0.017832573544461088,0.0,0.1087000575821514,9.999949532916094e-06,1.1098227565088437,0.005000000000022282,0.951755848611197,0.10598212427396275
1.6985000000000015,0.0178333630181453,0.0,0.10870984518443653,9.999949532916094e-06,1.1098818511760884,0.005000000000022288,0.9517039151284639,0.10597656412860254
1.6990000000000016,0.01783415249182951,0.0,0.10871966392944606,9.999949532916094e-06,1.1099409454370917,0.005000000000022293,0.9516519540655938,0.10597099202066215
1.6995000000000016,0.01783494196551372,0.0,0.10872951400084642,9.999949532916094e-06,1.1100000392894784,0.005000000000022299,0.9515999654252528,0.1059654081353204
1.7000000000000015,0.017835731439197932,0.0,0.10873939558232018,9.999949532916094e-06,1.110059132730874,0.005000000000022305,0.9515479492101114,0.10595981265777903
1.7005000000000015,0.017836520912882143,0.0,0.10874930885763515,9.999949532916094e-06,1.110118225758903,0.00500000000002231,0.951495905422845,0.10595420577333206
1.7010000000000014,0.01783731038656635,0.0,0.10875925401055608,9.999949532916094e-06,1.110177318371191,0.0050000000000223165,0.951443834066133,0.10594858766727738
1.7015000000000016,0.01783809986025056,0.0,0.10876923122494334,9.999949532916094e-06,1.1102364105653628,0.0050000000000223225,0.9513917351426591,0.10594295852501531
1.7020000000000015,0.017838889333934772,0.0,0.1087792406847039,9.999949532916094e-06,1.1102955023390433,0.005000000000022328,0.9513396086551124,0.10593731853199999
1.7025000000000015,0.017839678807618983,0.0,0.10878928257374255,9.999949532916094e-06,1.1103545936898578,0.005000000000022334,0.9512874546061856,0.10593166787369002
1.7030000000000016,0.017840468281303194,0.0,0.10879935707605054,9.999949532916094e-06,1.1104136846154313,0.00500000000002234,0.9512352729985762,0.10592600673563758
1.7035000000000016,0.017841257754987405,0.0,0.10880946437564694,9.999949532916094e-06,1.110472775113389,0.005000000000022345,0.9511830638349864,0.10592033530342952
1.7040000000000015,0.017842047228671616,0.0,0.10881960465661819,9.999949532916094e-06,1.1105318651813556,0.005000000000022351,0.9511308271181225,0.10591465376272707
1.7045000000000015,0.017842836702355827,0.0,0.1088297781030692,9.999949532916094e-06,1.1105909548169566,0.005000000000022357,0.9510785628506955,0.10590896229921679
1.7050000000000014,0.017843626176040038,0.0,0.10883998489920237,9.999949532916094e-06,1.1106500440178166,0.005000000000022362,0.9510262710354209,0.10590326109868979
1.7055000000000016,0.01784441564972425,0.0,0.10885022522921935,9.999949532916094e-06,1.110709132781561,0.0050000000000223685,0.9509739516750187,0.10589755034694324
1.7060000000000015,0.017845205123408456,0.0,0.10886049927737065,9.999949532916094e-06,1.1107682211058147,0.005000000000022375,0.9509216047722133,0.10589183022983018
1.7065000000000015,0.017845994597092667,0.0,0.10887080722800503,9.999949532916094e-06,1.110827308988203,0.00500000000002238,0.9508692303297335,0.10588610093330875
1.7070000000000016,0.01784678407077688,0.0,0.10888114926549104,9.999949532916094e-06,1.1108863964263507,0.005000000000022386,0.9508168283503128,0.10588036264336399
1.7075000000000016,0.01784757354446109,0.0,0.10889152557423706,9.999949532916094e-06,1.110945483417883,0.005000000000022392,0.9507643988366891,0.10587461554602758
1.7080000000000015,0.0178483630181453,0.0,0.10890193633872106,9.999949532916094e-06,1.1110045699604245,0.005000000000022397,0.9507119417916049,0.10586885982740775
1.7085000000000015,0.01784915249182951,0.0,0.10891238174343172,9.999949532916094e-06,1.111063656051601,0.005000000000022403,0.9506594572178068,0.10586309567363032
1.7090000000000014,0.017849941965513722,0.0,0.10892286197295752,9.999949532916094e-06,1.1111227416890372,0.005000000000022409,0.950606945118046,0.10585732327092798
1.7095000000000016,0.01785073143919793,0.0,0.10893337721188834,9.999949532916094e-06,1.1111818268703582,0.005000000000022415,0.9505544054950789,0.10585154280554164
1.7100000000000015,0.01785152091288214,0.0,0.10894392764495381,9.999949532916094e-06,1.111240911593189,0.0050000000000224205,0.9505018383516652,0.10584575446385903
1.7105000000000015,0.01785231038656635,0.0,0.10895451345681662,9.999949532916094e-06,1.1112999958551548,0.005000000000022427,0.95044924369057,0.10583995843220766
1.7110000000000016,0.017853099860250563,0.0,0.10896513483229943,9.999949532916094e-06,1.1113590796538804,0.005000000000022433,0.950396621514563,0.10583415489708224
1.7115000000000016,0.017853889333934773,0.0,0.10897579195616844,9.999949532916094e-06,1.1114181629869913,0.005000000000022438,0.950343971826417,0.1058283440449276
1.7120000000000015,0.017854678807618984,0.0,0.10898648501335036,9.999949532916094e-06,1.111477245852112,0.005000000000022444,0.950291294628911,0.1058225260623564
1.7125000000000015,0.017855468281303195,0.0,0.1089972141887554,9.999949532916094e-06,1.111536328246868,0.00500000000002245,0.9502385899248277,0.10581670113597147
1.7130000000000014,0.017856257754987406,0.0,0.1090079796673761,9.999949532916094e-06,1.111595410168884,0.005000000000022456,0.9501858577169541,0.10581086945246505
1.7135000000000016,0.017857047228671617,0.0,0.10901878163421869,9.999949532916094e-06,1.1116544916157856,0.005000000000022461,0.9501330980080819,0.10580503119854981
1.7140000000000015,0.017857836702355825,0.0,0.1090296202743919,9.999949532916094e-06,1.1117135725851972,0.005000000000022467,0.9500803108010075,0.10579918656104817
1.7145000000000015,0.017858626176040036,0.0,0.10904049577302868,9.999949532916094e-06,1.1117726530747445,0.0050000000000224734,0.9500274960985312,0.10579333572681332
1.7150000000000016,0.017859415649724247,0.0,0.1090514083153552,9.999949532916094e-06,1.111831733082052,0.005000000000022479,0.9499746539034587,0.10578747888279903
1.7155000000000016,0.017860205123408458,0.0,0.10906235808658302,9.999949532916094e-06,1.111890812604745,0.005000000000022485,0.9499217842185993,0.105781616215951
1.7160000000000015,0.01786099459709267,0.0,0.10907334527202742,9.999949532916094e-06,1.1119498916404489,0.005000000000022491,0.949868887046767,0.10577574791332583
1.7165000000000015,0.01786178407077688,0.0,0.10908437005704874,9.999949532916094e-06,1.1120089701867883,0.005000000000022497,0.9498159623907806,0.10576987416203207
1.7170000000000014,0.01786257354446109,0.0,0.10909543262709201,9.999949532916094e-06,1.1120680482413883,0.005000000000022502,0.9497630102534634,0.10576399514926996
1.7175000000000016,0.0178633630181453,0.0,0.1091065331675789,9.999949532916094e-06,1.1121271258018741,0.005000000000022508,0.9497100306376428,0.10575811106222308
1.7180000000000015,0.01786415249182951,0.0,0.10911767186404593,9.999949532916094e-06,1.1121862028658707,0.005000000000022514,0.9496570235461509,0.10575222208819703
1.7185000000000015,0.01786494196551372,0.0,0.10912884890209561,9.999949532916094e-06,1.1122452794310032,0.005000000000022519,0.9496039889818241,0.1057463284145702
1.7190000000000016,0.01786573143919793,0.0,0.10914006446734736,9.999949532916094e-06,1.1123043554948968,0.0050000000000225255,0.9495509269475033,0.1057404302287449
1.7195000000000016,0.01786652091288214,0.0,0.10915131874552662,9.999949532916094e-06,1.1123634310551762,0.0050000000000225316,0.9494978374460347,0.10573452771823645
1.7200000000000015,0.017867310386566353,0.0,0.10916261192236654,9.999949532916094e-06,1.1124225061094666,0.005000000000022538,0.9494447204802678,0.1057286210705747
1.7205000000000015,0.017868099860250564,0.0,0.10917394418364777,9.999949532916094e-06,1.1124815806553934,0.005000000000022543,0.9493915760530569,0.10572271047334385
1.7210000000000014,0.017868889333934775,0.0,0.10918531571527755,9.999949532916094e-06,1.1125406546905812,0.005000000000022549,0.9493384041672615,0.10571679611426191
1.7215000000000016,0.017869678807618986,0.0,0.1091967267031718,9.999949532916094e-06,1.1125997282126552,0.005000000000022555,0.9492852048257447,0.1057108781810623
1.7220000000000015,0.017870468281303196,0.0,0.10920817733329494,9.999949532916094e-06,1.1126588012192407,0.005000000000022561,0.9492319780313745,0.10570495686153382
1.7225000000000015,0.017871257754987404,0.0,0.10921966779169946,9.999949532916094e-06,1.1127178737079624,0.005000000000022566,0.9491787237870234,0.10569903234356054
1.7230000000000016,0.017872047228671615,0.0,0.10923119826449684,9.999949532916094e-06,1.1127769456764456,0.005000000000022572,0.9491254420955682,0.10569310481509214
1.7235000000000016,0.017872836702355826,0.0,0.10924276893783808,9.999949532916094e-06,1.1128360171223153,0.005000000000022578,0.9490721329598903,0.10568717446412493
1.7240000000000015,0.017873626176040037,0.0,0.10925437999795343,9.999949532916094e-06,1.1128950880431965,0.0050000000000225845,0.9490187963828757,0.10568124147874144
1.7245000000000015,0.017874415649724248,0.0,0.10926603163111338,9.999949532916094e-06,1.1129541584367142,0.00500000000002259,0.9489654323674147,0.10567530604707127
1.7250000000000014,0.01787520512340846,0.0,0.10927772402363878,9.999949532916094e-06,1.1130132283004939,0.005000000000022596,0.9489120409164018,0.10566936835730124
1.7255000000000016,0.01787599459709267,0.0,0.10928945736196027,9.999949532916094e-06,1.11307229763216,0.005000000000022602,0.9488586220327369,0.10566342859773516
1.7260000000000015,0.017876784070776877,0.0,0.1093012318325103,9.999949532916094e-06,1.113131366429338,0.005000000000022608,0.9488051757193233,0.10565748695668535
1.7265000000000015,0.017877573544461088,0.0,0.10931304762184166,9.999949532916094e-06,1.113190434689653,0.005000000000022613,0.9487517019790696,0.10565154362259149
1.7270000000000016,0.0178783630181453,0.0,0.10932490491652926,9.999949532916094e-06,1.1132495024107298,0.005000000000022619,0.9486982008148884,0.1056455987839223
1.7275000000000016,0.01787915249182951,0.0,0.1093368039032099,9.999949532916094e-06,1.1133085695901936,0.005000000000022625,0.948644672229697,0.1056396526292153
1.7280000000000015,0.01787994196551372,0.0,0.10934874476859247,9.999949532916094e-06,1.1133676362256695,0.005000000000022631,0.9485911162264171,0.10563370534708706
1.7285000000000015,0.017880731439197932,0.0,0.1093607276994583,9.999949532916094e-06,1.1134267023147824,0.0050000000000226365,0.948537532807975,0.10562775712623357
1.7290000000000014,0.017881520912882143,0.0,0.10937275288263189,9.999949532916094e-06,1.1134857678551575,0.005000000000022643,0.9484839219773011,0.10562180815540081
1.7295000000000016,0.017882310386566354,0.0,0.10938482050501085,9.999949532916094e-06,1.1135448328444197,0.005000000000022649,0.9484302837373311,0.10561585862341488
1.7300000000000015,0.017883099860250565,0.0,0.10939693075356625,9.999949532916094e-06,1.1136038972801943,0.005000000000022655,0.9483766180910043,0.1056099087191823
1.7305000000000015,0.017883889333934772,0.0,0.10940908381527392,9.999949532916094e-06,1.1136629611601063,0.00500000000002266,0.9483229250412647,0.10560395863162109
1.7310000000000016,0.017884678807618983,0.0,0.10942127987728247,9.999949532916094e-06,1.1137220244817807,0.005000000000022666,0.9482692045910611,0.10559800854982923
1.7315000000000016,0.017885468281303194,0.0,0.10943351912673609,9.999949532916094e-06,1.1137810872428424,0.005000000000022672,0.9482154567433467,0.10559205866290716
1.7320000000000015,0.017886257754987405,0.0,0.10944580175083406,9.999949532916094e-06,1.1138401494409167,0.005000000000022678,0.948161681501079,0.10558610916001719
1.7325000000000015,0.017887047228671616,0.0,0.10945812793686077,9.999949532916094e-06,1.1138992110736288,0.005000000000022684,0.9481078788672198,0.10558016023041378
1.7330000000000014,0.017887836702355827,0.0,0.10947049787218599,9.999949532916094e-06,1.1139582721386032,0.005000000000022689,0.9480540488447362,0.10557421206344378
1.7335000000000016,0.017888626176040038,0.0,0.10948291174419619,9.999949532916094e-06,1.1140173326334655,0.0050000000000226955,0.9480001914365987,0.10556826484847744
1.7340000000000015,0.017889415649724245,0.0,0.10949536974036397,9.999949532916094e-06,1.1140763925558406,0.0050000000000227016,0.947946306645783,0.10556231877497828
1.7345000000000015,0.017890205123408456,0.0,0.1095078720482879,9.999949532916094e-06,1.1141354519033535,0.005000000000022708,0.9478923944752691,0.10555637403254266
1.7350000000000017,0.017890994597092667,0.0,0.1095204188555448,9.999949532916094e-06,1.1141945106736293,0.005000000000022713,0.9478384549280414,0.10555043081075208
1.7355000000000016,0.01789178407077688,0.0,0.10953301034984807,9.999949532916094e-06,1.114253568864293,0.005000000000022719,0.947784488007089,0.10554448929933166
1.7360000000000015,0.01789257354446109,0.0,0.10954564671890983,9.999949532916094e-06,1.1143126264729697,0.005000000000022725,0.9477304937154052,0.10553854968801198
1.7365000000000015,0.0178933630181453,0.0,0.1095583281505795,9.999949532916094e-06,1.1143716834972845,0.005000000000022731,0.9476764720559879,0.10553261216666804
1.7370000000000014,0.01789415249182951,0.0,0.10957105483272568,9.999949532916094e-06,1.1144307399348625,0.005000000000022737,0.9476224230318394,0.10552667692520079
1.7375000000000016,0.017894941965513722,0.0,0.10958382695331546,9.999949532916094e-06,1.1144897957833286,0.005000000000022742,0.9475683466459668,0.10552074415361676
1.7380000000000015,0.017895731439197933,0.0,0.10959664470037543,9.999949532916094e-06,1.114548851040308,0.005000000000022748,0.9475142429013812,0.10551481404198879
1.7385000000000015,0.01789652091288214,0.0,0.109609508261982,9.999949532916094e-06,1.1146079057034257,0.0050000000000227545,0.9474601118010987,0.10550888678044654
1.7390000000000017,0.01789731038656635,0.0,0.10962241782631127,9.999949532916094e-06,1.114666959770307,0.0050000000000227605,0.9474059533481393,0.10550296255922612
1.7395000000000016,0.017898099860250562,0.0,0.10963537358162943,9.999949532916094e-06,1.1147260132385763,0.005000000000022767,0.9473517675455281,0.10549704156866099
1.7400000000000015,0.017898889333934773,0.0,0.10964837571620441,9.999949532916094e-06,1.1147850661058594,0.005000000000022772,0.9472975543962939,0.10549112399909294
1.7405000000000015,0.017899678807618984,0.0,0.10966142441842454,9.999949532916094e-06,1.114844118369781,0.005000000000022778,0.9472433139034709,0.10548521004099128
1.7410000000000014,0.017900468281303195,0.0,0.10967451987673986,9.999949532916094e-06,1.1149031700279664,0.005000000000022784,0.947189046070097,0.10547929988489388
1.7415000000000016,0.017901257754987406,0.0,0.10968766227967228,9.999949532916094e-06,1.1149622210780403,0.00500000000002279,0.9471347508992152,0.10547339372141747
1.7420000000000015,0.017902047228671617,0.0,0.10970085181581596,9.999949532916094e-06,1.115021271517628,0.005000000000022796,0.9470804283938724,0.10546749174125791
1.7425000000000015,0.017902836702355825,0.0,0.10971408867382787,9.999949532916094e-06,1.1150803213443543,0.005000000000022801,0.9470260785571206,0.10546159413518086
1.7430000000000017,0.017903626176040036,0.0,0.10972736859293264,9.999949532916094e-06,1.1151393706144486,0.005000000000022807,0.9469717013380347,0.10545569662547219
1.7435000000000016,0.017904415649724247,0.0,0.10974067040525134,9.999949532916094e-06,1.115198419606793,0.0050000000000228135,0.946917296480389,0.10544977795459493
1.7440000000000015,0.017905205123408457,0.0,0.10975399558817744,9.999949532916094e-06,1.115257468301982,0.0050000000000228195,0.9468628640024704,0.10544383960688915
1.7445000000000015,0.01790599459709267,0.0,0.1097673448506161,9.999949532916094e-06,1.1153165166907344,0.005000000000022826,0.9468084039132623,0.10543788229494928
1.7450000000000014,0.01790678407077688,0.0,0.10978072847337003,9.999949532916094e-06,1.1153755646377326,0.005000000000022832,0.9467539163380976,0.10543191634464186
1.7455000000000016,0.01790757354446109,0.0,0.10979414760689665,9.999949532916094e-06,1.1154346121279093,0.005000000000022837,0.9466994012915165,0.10542594291234642
1.7460000000000016,0.0179083630181453,0.0,0.10980760270663151,9.999949532916094e-06,1.1154936591553521,0.005000000000022843,0.9466448587796293,0.10541996245644812
1.7465000000000015,0.017909152491829512,0.0,0.10982109422815678,9.999949532916094e-06,1.1155527057141483,0.005000000000022849,0.9465902888085578,0.1054139754354961
1.7470000000000017,0.01790994196551372,0.0,0.10983462262717222,9.999949532916094e-06,1.1156117517983848,0.005000000000022855,0.9465356913844347,0.10540798230817441
1.7475000000000016,0.01791073143919793,0.0,0.10984818835954539,9.999949532916094e-06,1.1156707974021491,0.005000000000022861,0.9464810665134039,0.10540198353335205
1.7480000000000016,0.01791152091288214,0.0,0.1098617918812333,9.999949532916094e-06,1.1157298425195283,0.005000000000022867,0.9464264142016207,0.10539597957000482
1.7485000000000015,0.017912310386566353,0.0,0.10987543364831284,9.999949532916094e-06,1.1157888871446098,0.005000000000022872,0.9463717344552512,0.10538997087724564
1.7490000000000014,0.017913099860250564,0.0,0.10988911411704078,9.999949532916094e-06,1.1158479312714804,0.0050000000000228785,0.9463170272804734,0.10538395791438464
1.7495000000000016,0.017913889333934774,0.0,0.10990283374374588,9.999949532916094e-06,1.1159069748942279,0.005000000000022885,0.9462622926834754,0.1053779411408211
1.7500000000000016,0.017914678807618985,0.0,0.10991659298492847,9.999949532916094e-06,1.115966018006939,0.005000000000022891,0.9462075306704572,0.1053719210161432
1.7505000000000015,0.017915468281303193,0.0,0.10993039229720197,9.999949532916094e-06,1.1160250606037012,0.005000000000022897,0.9461527412476298,0.10536589800006958
1.7510000000000017,0.017916257754987404,0.0,0.10994423213735297,9.999949532916094e-06,1.1160841026786017,0.005000000000022903,0.9460979244212154,0.10535987255250914
1.7515000000000016,0.017917047228671615,0.0,0.1099581121564428,9.999949532916094e-06,1.1161431442363297,0.005000000000022908,0.9460430801875965,0.10535384432408412
1.7520000000000016,0.017917836702355826,0.0,0.10997203195306866,9.999949532916094e-06,1.1162021852822641,0.005000000000022914,0.9459882085425054,0.10534781291270559
1.7525000000000015,0.017918626176040037,0.0,0.109985991807343,9.999949532916094e-06,1.116261225812817,0.00500000000002292,0.9459333094900046,0.10534177860082403
1.7530000000000014,0.017919415649724248,0.0,0.10999999171750467,9.999949532916094e-06,1.11632026582811,0.005000000000022926,0.9458783830307114,0.1053357413877666
1.7535000000000016,0.01792020512340846,0.0,0.11001403168178142,9.999949532916094e-06,1.1163793053282645,0.005000000000022932,0.9458234291652424,0.1053297012728489
1.7540000000000016,0.01792099459709267,0.0,0.11002811169838,9.999949532916094e-06,1.1164383443134025,0.005000000000022938,0.9457684478942141,0.10532365825536497
1.7545000000000015,0.01792178407077688,0.0,0.11004223176559493,9.999949532916094e-06,1.1164973827836457,0.0050000000000229436,0.9457134392182429,0.10531761233469655
1.7550000000000017,0.01792257354446109,0.0,0.11005639188170956,9.999949532916094e-06,1.1165564207391157,0.00500000000002295,0.945658403137945,0.10531156351021374
1.7555000000000016,0.0179233630181453,0.0,0.11007059204497631,9.999949532916094e-06,1.1166154581799344,0.005000000000022956,0.945603339653936,0.10530551178125522
1.7560000000000016,0.01792415249182951,0.0,0.11008483225377488,9.999949532916094e-06,1.116674495106223,0.005000000000022962,0.9455482487668317,0.10529945714728675
1.7565000000000015,0.01792494196551372,0.0,0.11009911250643423,9.999949532916094e-06,1.1167335315181037,0.005000000000022968,0.9454931304772476,0.10529339960772298
1.7570000000000014,0.017925731439197932,0.0,0.11011343280127206,9.999949532916094e-06,1.1167925674156982,0.005000000000022974,0.9454379847857983,0.10528733916196671
1.7575000000000016,0.017926520912882143,0.0,0.11012779313667398,9.999949532916094e-06,1.1168516027991282,0.00500000000002298,0.9453828116930991,0.10528127580948853
1.7580000000000016,0.017927310386566354,0.0,0.11014219351104403,9.999949532916094e-06,1.1169106376685152,0.005000000000022985,0.9453276111997646,0.10527520954977702
1.7585000000000015,0.01792809986025056,0.0,0.11015663392277497,9.999949532916094e-06,1.1169696720239808,0.005000000000022991,0.9452723833064095,0.10526914038230917
1.7590000000000017,0.017928889333934772,0.0,0.11017111437031754,9.999949532916094e-06,1.1170287058656472,0.005000000000022997,0.9452171280136473,0.10526306830661941
1.7595000000000016,0.017929678807618983,0.0,0.11018563485210126,9.999949532916094e-06,1.1170877391936358,0.005000000000023003,0.9451618453220925,0.10525699332222072
1.7600000000000016,0.017930468281303194,0.0,0.11020019536661359,9.999949532916094e-06,1.1171467720080681,0.0050000000000230095,0.9451065352323589,0.10525091542868373
1.7605000000000015,0.017931257754987405,0.0,0.11021479591231084,9.999949532916094e-06,1.1172058043090662,0.0050000000000230155,0.9450511977450595,0.10524483462554735
1.7610000000000015,0.017932047228671616,0.0,0.11022943648769734,9.999949532916094e-06,1.1172648360967519,0.005000000000023022,0.9449958328608077,0.10523875091239822
1.7615000000000016,0.017932836702355827,0.0,0.11024411709130566,9.999949532916094e-06,1.1173238673712464,0.005000000000023028,0.9449404405802166,0.10523266428885097
1.7620000000000016,0.017933626176040038,0.0,0.11025883772165689,9.999949532916094e-06,1.1173828981326719,0.005000000000023033,0.9448850209038991,0.10522657475450822
1.7625000000000015,0.01793441564972425,0.0,0.11027359837733006,9.999949532916094e-06,1.1174419283811499,0.005000000000023039,0.9448295738324675,0.10522048230903035
1.7630000000000017,0.01793520512340846,0.0,0.1102883990568729,9.999949532916094e-06,1.117500958116802,0.005000000000023045,0.9447740993665341,0.10521438695204584
1.7635000000000016,0.017935994597092667,0.0,0.11030323975891088,9.999949532916094e-06,1.11755998733975,0.005000000000023051,0.9447185975067114,0.1052082886832609
1.7640000000000016,0.017936784070776878,0.0,0.11031812048203808,9.999949532916094e-06,1.1176190160501156,0.005000000000023057,0.9446630682536106,0.10520218750234953
1.7645000000000015,0.01793757354446109,0.0,0.11033304122486681,9.999949532916094e-06,1.1176780442480208,0.005000000000023063,0.9446075116078435,0.10519608340900378
1.7650000000000015,0.0179383630181453,0.0,0.11034800198607717,9.999949532916094e-06,1.1177370719335868,0.005000000000023069,0.9445519275700216,0.10518997640298336
1.7655000000000016,0.01793915249182951,0.0,0.11036300276431783,9.999949532916094e-06,1.1177960991069358,0.005000000000023075,0.9444963161407558,0.10518386648401591
1.7660000000000016,0.017939941965513722,0.0,0.11037804355828537,9.999949532916094e-06,1.117855125768189,0.0050000000000230815,0.9444406773206574,0.10517775365187673
1.7665000000000015,0.017940731439197933,0.0,0.11039312436665487,9.999949532916094e-06,1.1179141519174687,0.005000000000023087,0.9443850111103365,0.10517163790631912
1.7670000000000017,0.01794152091288214,0.0,0.11040824518816908,9.999949532916094e-06,1.117973177554896,0.005000000000023093,0.9443293175104039,0.10516551924716397
1.7675000000000016,0.01794231038656635,0.0,0.11042340602155916,9.999949532916094e-06,1.1180322026805931,0.005000000000023099,0.9442735965214696,0.1051593976742198
1.7680000000000016,0.017943099860250562,0.0,0.11043860686558422,9.999949532916094e-06,1.1180912272946815,0.005000000000023105,0.9442178481441436,0.10515327318732309
1.7685000000000015,0.017943889333934773,0.0,0.11045384771902152,9.999949532916094e-06,1.118150251397283,0.005000000000023111,0.9441620723790354,0.10514714578632792
1.7690000000000015,0.017944678807618984,0.0,0.1104691285806663,9.999949532916094e-06,1.118209274988519,0.005000000000023117,0.9441062692267547,0.10514101547110609
1.7695000000000016,0.017945468281303195,0.0,0.11048444944929227,9.999949532916094e-06,1.118268298068512,0.005000000000023123,0.9440504386879105,0.10513488224150722
1.7700000000000016,0.017946257754987406,0.0,0.11049981032378035,9.999949532916094e-06,1.1183273206373827,0.005000000000023129,0.943994580763112,0.10512874609748825
1.7705000000000015,0.017947047228671617,0.0,0.11051521120296005,9.999949532916094e-06,1.1183863426952534,0.005000000000023135,0.943938695452968,0.10512260703895403
1.7710000000000017,0.017947836702355828,0.0,0.11053065208568887,9.999949532916094e-06,1.1184453642422456,0.005000000000023141,0.943882782758087,0.10511646506583702
1.7715000000000016,0.017948626176040035,0.0,0.11054613297083225,9.999949532916094e-06,1.1185043852784813,0.0050000000000231465,0.943826842679077,0.10511032017807741
1.7720000000000016,0.017949415649724246,0.0,0.11056165385732332,9.999949532916094e-06,1.1185634058040819,0.005000000000023153,0.9437708752165465,0.10510417237568251
1.7725000000000015,0.017950205123408457,0.0,0.11057721474406344,9.999949532916094e-06,1.1186224258191693,0.005000000000023159,0.9437148803711027,0.1050980216586277
1.7730000000000015,0.01795099459709267,0.0,0.11059281563001168,9.999949532916094e-06,1.118681445323865,0.005000000000023165,0.9436588581433538,0.10509186802694569
1.7735000000000016,0.01795178407077688,0.0,0.11060845651408545,9.999949532916094e-06,1.118740464318291,0.005000000000023171,0.9436028085339067,0.10508571148062694
1.7740000000000016,0.01795257354446109,0.0,0.11062413739528949,9.999949532916094e-06,1.1187994828025687,0.005000000000023177,0.9435467315433688,0.10507955201974918
1.7745000000000015,0.0179533630181453,0.0,0.11063985827258695,9.999949532916094e-06,1.1188585007768201,0.005000000000023183,0.9434906271723466,0.10507338964434791
1.7750000000000017,0.017954152491829512,0.0,0.11065561914499845,9.999949532916094e-06,1.1189175182411668,0.005000000000023189,0.9434344954214471,0.10506722435451593
1.7755000000000016,0.01795494196551372,0.0,0.1106714200115427,9.999949532916094e-06,1.1189765351957304,0.005000000000023195,0.9433783362912765,0.10506105615034374
1.7760000000000016,0.01795573143919793,0.0,0.11068726087128597,9.999949532916094e-06,1.1190355516406327,0.005000000000023201,0.943322149782441,0.1050548850319689
1.7765000000000015,0.01795652091288214,0.0,0.11070314172328256,9.999949532916094e-06,1.1190945675759953,0.005000000000023207,0.9432659358955467,0.10504871099951682
1.7770000000000015,0.017957310386566352,0.0,0.11071906256658477,9.999949532916094e-06,1.1191535830019403,0.005000000000023213,0.9432096946311989,0.1050425340531103
1.7775000000000016,0.017958099860250563,0.0,0.1107350234003321,9.999949532916094e-06,1.119212597918589,0.005000000000023219,0.9431534259900034,0.10503635419295933
1.7780000000000016,0.017958889333934774,0.0,0.11075102422359254,9.999949532916094e-06,1.1192716123260633,0.005000000000023225,0.943097129972565,0.1050301714192016
1.7785000000000015,0.017959678807618985,0.0,0.11076706503555106,9.999949532916094e-06,1.1193306262244846,0.005000000000023231,0.9430408065794893,0.10502398573209189
1.7790000000000017,0.017960468281303196,0.0,0.11078314583530119,9.999949532916094e-06,1.1193896396139753,0.005000000000023237,0.9429844558113804,0.10501779713179263
1.7795000000000016,0.017961257754987407,0.0,0.1107992666220435,9.999949532916094e-06,1.1194486524946565,0.005000000000023243,0.9429280776688431,0.10501160561857338
1.7800000000000016,0.017962047228671615,0.0,0.11081542739495658,9.999949532916094e-06,1.11950766486665,0.005000000000023249,0.9428716721524819,0.10500541119268127
1.7805000000000015,0.017962836702355826,0.0,0.11083162815326646,9.999949532916094e-06,1.1195666767300776,0.005000000000023255,0.9428152392629005,0.10499921385441031
1.7810000000000015,0.017963626176040037,0.0,0.11084786889616723,9.999949532916094e-06,1.119625688085061,0.005000000000023261,0.9427587790007027,0.10499301360402231
1.7815000000000016,0.017964415649724248,0.0,0.11086414962289046,9.999949532916094e-06,1.1196846989317222,0.005000000000023267,0.9427022913664921,0.10498681044181617
1.7820000000000016,0.01796520512340846,0.0,0.11088047033273506,9.999949532916094e-06,1.1197437092701823,0.005000000000023273,0.9426457763608722,0.10498060436815798
1.7825000000000015,0.01796599459709267,0.0,0.1108968310249281,9.999949532916094e-06,1.1198027191005635,0.005000000000023279,0.9425892339844459,0.10497439538334125
1.7830000000000017,0.01796678407077688,0.0,0.11091323169878385,9.999949532916094e-06,1.1198617284229875,0.005000000000023285,0.942532664237816,0.1049681834877466
1.7835000000000016,0.017967573544461088,0.0,0.11092967235358449,9.999949532916094e-06,1.1199207372375757,0.005000000000023291,0.9424760671215853,0.10496196868172208
1.7840000000000016,0.0179683630181453,0.0,0.11094615298872906,9.999949532916094e-06,1.1199797455444498,0.0050000000000232974,0.9424194426363564,0.10495575096573248
1.7845000000000015,0.01796915249182951,0.0,0.1109626736034852,9.999949532916094e-06,1.120038753343732,0.0050000000000233035,0.9423627907827308,0.10494953034011026
1.7850000000000015,0.01796994196551372,0.0,0.11097923419724737,9.999949532916094e-06,1.1200977606355436,0.00500000000002331,0.9423061115613107,0.10494330680531488
1.7855000000000016,0.01797073143919793,0.0,0.11099583476938776,9.999949532916094e-06,1.1201567674200064,0.005000000000023316,0.9422494049726979,0.10493708036178297
1.7860000000000016,0.017971520912882143,0.0,0.11101247531931602,9.999949532916094e-06,1.120215773697242,0.005000000000023322,0.9421926710174939,0.10493085100998828
1.7865000000000015,0.017972310386566354,0.0,0.1110291558464294,9.999949532916094e-06,1.1202747794673724,0.005000000000023328,0.9421359096962997,0.10492461875039172
1.7870000000000017,0.017973099860250565,0.0,0.11104587635016254,9.999949532916094e-06,1.1203337847305193,0.005000000000023334,0.9420791210097162,0.10491838358349125
1.7875000000000016,0.017973889333934776,0.0,0.11106263682998743,9.999949532916094e-06,1.120392789486804,0.00500000000002334,0.9420223049583444,0.104912145509822
1.7880000000000016,0.017974678807618983,0.0,0.11107943728532388,9.999949532916094e-06,1.1204517937363485,0.005000000000023346,0.9419654615427846,0.10490590452986624
1.7885000000000015,0.017975468281303194,0.0,0.11109627771569865,9.999949532916094e-06,1.1205107974792745,0.005000000000023351,0.9419085907636371,0.10489966064421301
1.7890000000000015,0.017976257754987405,0.0,0.11111315812061609,9.999949532916094e-06,1.1205698007157037,0.005000000000023357,0.941851692621502,0.10489341385342867
1.7895000000000016,0.017977047228671616,0.0,0.11113007849955821,9.999949532916094e-06,1.1206288034457579,0.005000000000023363,0.9417947671169788,0.10488716415805653
1.7900000000000016,0.017977836702355827,0.0,0.11114703885211387,9.999949532916094e-06,1.1206878056695584,0.005000000000023369,0.9417378142506676,0.10488091155874692
1.7905000000000015,0.017978626176040038,0.0,0.11116403917777992,9.999949532916094e-06,1.1207468073872275,0.0050000000000233755,0.941680834023167,0.10487465605605718
1.7910000000000017,0.01797941564972425,0.0,0.11118107947616004,9.999949532916094e-06,1.1208058085988866,0.005000000000023382,0.9416238264350767,0.10486839765065158
1.7915000000000016,0.017980205123408456,0.0,0.1111981597468156,9.999949532916094e-06,1.1208648093046574,0.005000000000023388,0.9415667914869952,0.1048621363431515
1.7920000000000016,0.017980994597092667,0.0,0.11121527998939486,9.999949532916094e-06,1.1209238095046616,0.005000000000023394,0.9415097291795212,0.10485587213426495
1.7925000000000015,0.017981784070776878,0.0,0.11123244020350373,9.999949532916094e-06,1.120982809199021,0.0050000000000234,0.9414526395132531,0.10484960502465716
1.7930000000000015,0.01798257354446109,0.0,0.11124964038875544,9.999949532916094e-06,1.1210418083878575,0.005000000000023406,0.9413955224887888,0.10484333501500022
1.7935000000000016,0.0179833630181453,0.0,0.11126688054485014,9.999949532916094e-06,1.1211008070712924,0.005000000000023412,0.9413383781067264,0.10483706210605306
1.7940000000000016,0.01798415249182951,0.0,0.11128416067143554,9.999949532916094e-06,1.1211598052494476,0.005000000000023418,0.9412812063676638,0.10483078629852154
1.7945000000000015,0.017984941965513722,0.0,0.11130148076821644,9.999949532916094e-06,1.1212188029224448,0.005000000000023424,0.9412240072721979,0.10482450759316836
1.7950000000000017,0.017985731439197933,0.0,0.11131884083488497,9.999949532916094e-06,1.1212778000904058,0.00500000000002343,0.9411667808209263,0.10481822599074309
1.7955000000000017,0.017986520912882144,0.0,0.11133624087119026,9.999949532916094e-06,1.1213367967534522,0.005000000000023436,0.9411095270144457,0.10481194149205213
1.7960000000000016,0.01798731038656635,0.0,0.11135368087683893,9.999949532916094e-06,1.1213957929117058,0.005000000000023442,0.941052245853353,0.10480565409785877
1.7965000000000015,0.017988099860250562,0.0,0.1113711608516344,9.999949532916094e-06,1.1214547885652881,0.005000000000023448,0.9409949373382446,0.10479936380902288
1.7970000000000015,0.017988889333934773,0.0,0.11138868079534744,9.999949532916094e-06,1.121513783714321,0.005000000000023454,0.9409376014697168,0.10479307062637133
1.7975000000000017,0.017989678807618984,0.0,0.11140624070776597,9.999949532916094e-06,1.1215727783589262,0.0050000000000234605,0.9408802382483656,0.10478677455074771
1.7980000000000016,0.017990468281303195,0.0,0.11142384058868511,9.999949532916094e-06,1.1216317724992255,0.005000000000023467,0.9408228476747866,0.10478047558300235
1.7985000000000015,0.017991257754987406,0.0,0.11144148043795685,9.999949532916094e-06,1.1216907661353404,0.005000000000023473,0.9407654297495756,0.10477417372404231
1.7990000000000017,0.017992047228671617,0.0,0.11145916025541044,9.999949532916094e-06,1.1217497592673928,0.005000000000023479,0.9407079844733276,0.10476786897475138
1.7995000000000017,0.017992836702355828,0.0,0.1114768800409321,9.999949532916094e-06,1.1218087518955042,0.005000000000023485,0.940650511846638,0.10476156133607008
1.8000000000000016,0.017993626176040035,0.0,0.11149463979435534,9.999949532916094e-06,1.1218677440197966,0.005000000000023491,0.9405930118701014,0.10475525080888566
1.8005000000000015,0.017994415649724246,0.0,0.11151243951566017,9.999949532916094e-06,1.1219267356403912,0.005000000000023497,0.9405354845443126,0.10474893739423186
1.8010000000000015,0.017995205123408457,0.0,0.11153027920468431,9.999949532916094e-06,1.1219857267574105,0.005000000000023503,0.9404779298698656,0.1047426210929992
1.8015000000000017,0.017995994597092668,0.0,0.111548158861392,9.999949532916094e-06,1.1220447173709756,0.005000000000023509,0.9404203478473548,0.10473630190620489
1.8020000000000016,0.01799678407077688,0.0,0.1115660784857446,9.999949532916094e-06,1.1221037074812081,0.005000000000023515,0.9403627384773743,0.10472997983486276
1.8025000000000015,0.01799757354446109,0.0,0.11158403807768055,9.999949532916094e-06,1.1221626970882304,0.005000000000023521,0.9403051017605171,0.10472365487996313
1.8030000000000017,0.0179983630181453,0.0,0.11160203763718518,9.999949532916094e-06,1.1222216861921637,0.005000000000023527,0.9402474376973771,0.10471732704254302
1.8035000000000017,0.017999152491829512,0.0,0.11162007716428068,9.999949532916094e-06,1.1222806747931295,0.005000000000023533,0.9401897462885476,0.10471099632367606
1.8040000000000016,0.017999941965513723,0.0,0.1116381566589563,9.999949532916094e-06,1.12233966289125,0.0050000000000235394,0.9401320275346211,0.10470466272440228
1.8045000000000015,0.01800073143919793,0.0,0.11165627612123816,9.999949532916094e-06,1.122398650486647,0.0050000000000235455,0.9400742814361905,0.10469832624579846
1.8050000000000015,0.01800152091288214,0.0,0.11167443555121911,9.999949532916094e-06,1.1224576375794417,0.005000000000023552,0.9400165079938484,0.10469198688900769
1.8055000000000017,0.018002310386566352,0.0,0.11169263494893913,9.999949532916094e-06,1.1225166241697562,0.0050000000000235585,0.9399587072081869,0.10468564465511973
1.8060000000000016,0.018003099860250563,0.0,0.1117108743144949,9.999949532916094e-06,1.1225756102577118,0.005000000000023565,0.9399008790797981,0.10467929954528082
1.8065000000000015,0.018003889333934774,0.0,0.11172915364797004,9.999949532916094e-06,1.1226345958434307,0.005000000000023571,0.9398430236092736,0.10467295156062363
1.8070000000000017,0.018004678807618985,0.0,0.11174747294950488,9.999949532916094e-06,1.1226935809270342,0.005000000000023577,0.9397851407972052,0.10466660070233735
1.8075000000000017,0.018005468281303196,0.0,0.11176583221920675,9.999949532916094e-06,1.1227525655086443,0.005000000000023583,0.939727230644184,0.10466024697157757
1.8080000000000016,0.018006257754987404,0.0,0.11178423145720967,9.999949532916094e-06,1.1228115495883828,0.005000000000023589,0.9396692931508007,0.10465389036952633
1.8085000000000016,0.018007047228671615,0.0,0.11180267066376424,9.999949532916094e-06,1.1228705331663709,0.005000000000023595,0.939611328317647,0.10464753089748213
1.8090000000000015,0.018007836702355826,0.0,0.11182114983897823,9.999949532916094e-06,1.1229295162427309,0.005000000000023601,0.9395533361453127,0.10464116855659973
1.8095000000000017,0.018008626176040037,0.0,0.11183966851074262,9.999949532916094e-06,1.1229884988237462,0.005000000000023607,0.9394953166283255,0.10463480287321521
1.8100000000000016,0.018009415649724247,0.0,0.11185822692846055,9.999949532916094e-06,1.1230474809062865,0.005000000000023613,0.9394372697704683,0.10462843409914038
1.8105000000000016,0.01801020512340846,0.0,0.11187682532142124,9.999949532916094e-06,1.123106462487485,0.005000000000023619,0.9393791955752698,0.10462206246597056
1.8110000000000017,0.01801099459709267,0.0,0.1118954636874657,9.999949532916094e-06,1.123165443567495,0.005000000000023625,0.9393210940432889,0.1046156879725794
1.8115000000000017,0.01801178407077688,0.0,0.11191414202445087,9.999949532916094e-06,1.1232244241464695,0.005000000000023631,0.9392629651750839,0.10460931061785607
1.8120000000000016,0.01801257354446109,0.0,0.11193286033025948,9.999949532916094e-06,1.1232834042245616,0.0050000000000236374,0.9392048089712134,0.10460293040071507
1.8125000000000016,0.0180133630181453,0.0,0.11195161860275019,9.999949532916094e-06,1.1233423838019247,0.0050000000000236435,0.9391466254322348,0.10459654732004631
1.8130000000000015,0.01801415249182951,0.0,0.11197041683987735,9.999949532916094e-06,1.1234013628787118,0.00500000000002365,0.939088414558706,0.10459016137483501
1.8135000000000017,0.01801494196551372,0.0,0.11198925503953129,9.999949532916094e-06,1.1234603414550761,0.005000000000023656,0.939030176351184,0.10458377256400185
1.8140000000000016,0.01801573143919793,0.0,0.11200813319965802,9.999949532916094e-06,1.1235193195311708,0.005000000000023662,0.9389719108102261,0.1045773808865228
1.8145000000000016,0.018016520912882143,0.0,0.1120270513182293,9.999949532916094e-06,1.1235782971071486,0.005000000000023668,0.9389136179363892,0.10457098634139919
1.8150000000000017,0.018017310386566354,0.0,0.1120460093931927,9.999949532916094e-06,1.123637274183163,0.005000000000023674,0.9388552977302295,0.10456458892760749
1.8155000000000017,0.018018099860250564,0.0,0.1120650074225515,9.999949532916094e-06,1.123696250759367,0.00500000000002368,0.9387969501923031,0.10455818864417965
1.8160000000000016,0.018018889333934772,0.0,0.1120840454042747,9.999949532916094e-06,1.123755226835914,0.005000000000023687,0.938738575323166,0.1045517854901127
1.8165000000000016,0.018019678807618983,0.0,0.11210312333642689,9.999949532916094e-06,1.1238142024129567,0.005000000000023693,0.9386801731233736,0.1045453794644989
1.8170000000000015,0.018020468281303194,0.0,0.11212224121700845,9.999949532916094e-06,1.1238731774906485,0.005000000000023699,0.9386217435934812,0.10453897056636582
1.8175000000000017,0.018021257754987405,0.0,0.11214139904408534,9.999949532916094e-06,1.1239321520691425,0.005000000000023705,0.9385632867340437,0.1045325587948062
1.8180000000000016,0.018022047228671616,0.0,0.11216059681570917,9.999949532916094e-06,1.123991126148592,0.005000000000023711,0.9385048025456157,0.10452614414889791
1.8185000000000016,0.018022836702355827,0.0,0.11217983452997712,9.999949532916094e-06,1.1240500997291496,0.005000000000023717,0.9384462910287521,0.10451972662776403
1.8190000000000017,0.018023626176040038,0.0,0.11219911218495204,9.999949532916094e-06,1.124109072810969,0.005000000000023723,0.9383877521840063,0.10451330623049258
1.8195000000000017,0.01802441564972425,0.0,0.11221842977878223,9.999949532916094e-06,1.1241680453942031,0.005000000000023729,0.9383291860119325,0.10450688295625701
1.8200000000000016,0.01802520512340846,0.0,0.11223778730957162,9.999949532916094e-06,1.124227017479005,0.0050000000000237355,0.938270592513084,0.10450045680418558
1.8205000000000016,0.018025994597092667,0.0,0.11225718477544964,9.999949532916094e-06,1.124285989065528,0.0050000000000237415,0.938211971688014,0.10449402777343177
1.8210000000000015,0.018026784070776878,0.0,0.1122766221746212,9.999949532916094e-06,1.1243449601539248,0.005000000000023748,0.9381533235372754,0.10448759586322406
1.8215000000000017,0.01802757354446109,0.0,0.11229609950520675,9.999949532916094e-06,1.1244039307443492,0.005000000000023754,0.9380946480614207,0.10448116107270583
1.8220000000000016,0.0180283630181453,0.0,0.11231561676544215,9.999949532916094e-06,1.1244629008369538,0.00500000000002376,0.9380359452610024,0.10447472340113582
1.8225000000000016,0.01802915249182951,0.0,0.11233517395348876,9.999949532916094e-06,1.124521870431892,0.005000000000023767,0.9379772151365724,0.10446828284769735
1.8230000000000017,0.018029941965513722,0.0,0.1123547710675933,9.999949532916094e-06,1.1245808395293169,0.005000000000023773,0.9379184576886824,0.104461839411659
1.8235000000000017,0.018030731439197933,0.0,0.11237440810598796,9.999949532916094e-06,1.1246398081293814,0.005000000000023779,0.937859672917884,0.10445539309227422
1.8240000000000016,0.018031520912882144,0.0,0.11239408506691027,9.999949532916094e-06,1.124698776232239,0.005000000000023785,0.937800860824728,0.10444894388880128
1.8245000000000016,0.01803231038656635,0.0,0.11241380194863315,9.999949532916094e-06,1.1247577438380423,0.005000000000023791,0.9377420214097657,0.10444249180053361
1.8250000000000015,0.018033099860250562,0.0,0.11243355874943485,9.999949532916094e-06,1.1248167109469451,0.005000000000023797,0.937683154673547,0.10443603682676911
1.8255000000000017,0.018033889333934773,0.0,0.11245335546762894,9.999949532916094e-06,1.1248756775591,0.005000000000023803,0.9376242606166227,0.104429578966841
1.8260000000000016,0.018034678807618984,0.0,0.11247319210149434,9.999949532916094e-06,1.1249346436746606,0.005000000000023809,0.9375653392395424,0.10442311822004702
1.8265000000000016,0.018035468281303195,0.0,0.11249306864939522,9.999949532916094e-06,1.1249936092937796,0.005000000000023815,0.9375063905428559,0.10441665458577006
1.8270000000000017,0.018036257754987406,0.0,0.11251298510965098,9.999949532916094e-06,1.1250525744166102,0.005000000000023821,0.9374474145271127,0.10441018806334747
1.8275000000000017,0.018037047228671617,0.0,0.11253294148062633,9.999949532916094e-06,1.1251115390433057,0.005000000000023828,0.9373884111928615,0.10440371865216164
1.8280000000000016,0.018037836702355828,0.0,0.11255293776068119,9.999949532916094e-06,1.1251705031740193,0.005000000000023834,0.9373293805406513,0.10439724635158955
1.8285000000000016,0.01803862617604004,0.0,0.11257297394821064,9.999949532916094e-06,1.125229466808904,0.00500000000002384,0.9372703225710304,0.10439077116104305
1.8290000000000015,0.018039415649724246,0.0,0.112593050041615,9.999949532916094e-06,1.1252884299481127,0.0050000000000238465,0.9372112372845474,0.10438429307993881
1.8295000000000017,0.018040205123408457,0.0,0.11261316603932975,9.999949532916094e-06,1.125347392591799,0.0050000000000238526,0.9371521246817497,0.10437781210772795
1.8300000000000016,0.018040994597092668,0.0,0.11263332193976548,9.999949532916094e-06,1.1254063547401159,0.005000000000023859,0.9370929847631849,0.10437132824383641
1.8305000000000016,0.01804178407077688,0.0,0.11265351774140797,9.999949532916094e-06,1.125465316393216,0.005000000000023865,0.9370338175294008,0.10436484148776505
1.8310000000000017,0.01804257354446109,0.0,0.11267375344265798,9.999949532916094e-06,1.1255242775512533,0.005000000000023871,0.9369746229809437,0.10435835183892869
1.8315000000000017,0.0180433630181453,0.0,0.1126940290420515,9.999949532916094e-06,1.1255832382143802,0.005000000000023878,0.9369154011183609,0.10435185929687764
1.8320000000000016,0.018044152491829512,0.0,0.11271434453805952,9.999949532916094e-06,1.1256421983827503,0.005000000000023884,0.9368561519421985,0.10434536386109626
1.8325000000000016,0.01804494196551372,0.0,0.11273469992915802,9.999949532916094e-06,1.1257011580565166,0.00500000000002389,0.9367968754530025,0.10433886553107352
1.8330000000000015,0.01804573143919793,0.0,0.11275509521394819,9.999949532916094e-06,1.125760117235832,0.005000000000023896,0.9367375716513191,0.10433236430642343
1.8335000000000017,0.01804652091288214,0.0,0.11277553039091602,9.999949532916094e-06,1.12581907592085,0.005000000000023902,0.9366782405376936,0.10432586018664392
1.8340000000000016,0.018047310386566352,0.0,0.11279600545861257,9.999949532916094e-06,1.1258780341117236,0.005000000000023908,0.936618882112671,0.10431935317129774
1.8345000000000016,0.018048099860250563,0.0,0.11281652041563389,9.999949532916094e-06,1.1259369918086057,0.005000000000023914,0.9365594963767967,0.10431284325999234
1.8350000000000017,0.018048889333934774,0.0,0.1128370752605309,9.999949532916094e-06,1.1259959490116498,0.00500000000002392,0.936500083330615,0.1043063304522892
1.8355000000000017,0.018049678807618985,0.0,0.11285766999193961,9.999949532916094e-06,1.1260549057210087,0.005000000000023927,0.9364406429746703,0.1042998147478349
1.8360000000000016,0.018050468281303196,0.0,0.11287830460844071,9.999949532916094e-06,1.1261138619368358,0.005000000000023933,0.9363811753095068,0.1042932961462198
1.8365000000000016,0.018051257754987407,0.0,0.11289897910868998,9.999949532916094e-06,1.126172817659284,0.005000000000023939,0.9363216803356683,0.10428677464710924
1.8370000000000015,0.018052047228671615,0.0,0.11291969349128787,9.999949532916094e-06,1.1262317728885067,0.005000000000023945,0.9362621580536978,0.10428025025011249
1.8375000000000017,0.018052836702355825,0.0,0.1129404477549299,9.999949532916094e-06,1.126290727624657,0.005000000000023951,0.9362026084641388,0.10427372295493355
1.8380000000000016,0.018053626176040036,0.0,0.11296124189830631,9.999949532916094e-06,1.1263496818678875,0.0050000000000239575,0.9361430315675344,0.10426719276127094
1.8385000000000016,0.018054415649724247,0.0,0.11298207592004202,9.999949532916094e-06,1.1264086356183522,0.005000000000023964,0.9360834273644266,0.10426065966875679
1.8390000000000017,0.01805520512340846,0.0,0.11300294981891705,9.999949532916094e-06,1.1264675888762035,0.0050000000000239705,0.9360237958553583,0.10425412367717872
1.8395000000000017,0.01805599459709267,0.0,0.11302386359357579,9.999949532916094e-06,1.126526541641595,0.005000000000023977,0.9359641370408709,0.10424758478618734
1.8400000000000016,0.01805678407077688,0.0,0.11304481724279775,9.999949532916094e-06,1.1265854939146795,0.005000000000023983,0.9359044509215065,0.10424104299556866
1.8405000000000016,0.018057573544461088,0.0,0.11306581076528685,9.999949532916094e-06,1.1266444456956104,0.005000000000023989,0.9358447374978064,0.10423449830503227
1.8410000000000015,0.0180583630181453,0.0,0.11308684415985203,9.999949532916094e-06,1.1267033969845408,0.005000000000023995,0.9357849967703115,0.10422795071439242
1.8415000000000017,0.01805915249182951,0.0,0.11310791742525673,9.999949532916094e-06,1.1267623477816235,0.005000000000024001,0.9357252287395629,0.10422140022341746
1.8420000000000016,0.01805994196551372,0.0,0.11312903056028908,9.999949532916094e-06,1.126821298087012,0.005000000000024007,0.935665433406101,0.1042148468318999
1.8425000000000016,0.01806073143919793,0.0,0.11315018356375188,9.999949532916094e-06,1.1268802479008593,0.005000000000024014,0.935605610770466,0.10420829053964646
1.8430000000000017,0.018061520912882142,0.0,0.11317137643444244,9.999949532916094e-06,1.1269391972233187,0.00500000000002402,0.9355457608331976,0.10420173134645781
1.8435000000000017,0.018062310386566353,0.0,0.11319260917122291,9.999949532916094e-06,1.126998146054543,0.005000000000024026,0.9354858835948358,0.10419516925219928
1.8440000000000016,0.018063099860250564,0.0,0.11321388177294994,9.999949532916094e-06,1.1270570943946856,0.005000000000024032,0.9354259790559198,0.10418860425673016
1.8445000000000016,0.018063889333934775,0.0,0.1132351942384646,9.999949532916094e-06,1.1271160422438995,0.005000000000024038,0.9353660472169887,0.10418203635989347
1.8450000000000015,0.018064678807618983,0.0,0.11325654656663264,9.999949532916094e-06,1.127174989602338,0.005000000000024044,0.935306088078581,0.10417546556155667
1.8455000000000017,0.018065468281303194,0.0,0.11327793875638444,9.999949532916094e-06,1.127233936470154,0.005000000000024051,0.9352461016412352,0.10416889186165135
1.8460000000000016,0.018066257754987405,0.0,0.11329937080663482,9.999949532916094e-06,1.1272928828475006,0.005000000000024057,0.93518608790549,0.10416231526009324
1.8465000000000016,0.018067047228671616,0.0,0.11332084271627293,9.999949532916094e-06,1.1273518287345312,0.005000000000024063,0.9351260468718825,0.10415573575677159
1.8470000000000018,0.018067836702355827,0.0,0.11334235448422246,9.999949532916094e-06,1.127410774131399,0.005000000000024069,0.9350659785409505,0.10414915335160983
1.8475000000000017,0.018068626176040038,0.0,0.1133639061094818,9.999949532916094e-06,1.1274697190382568,0.0050000000000240755,0.9350058829132315,0.10414256804460606
1.8480000000000016,0.01806941564972425,0.0,0.11338549759099349,9.999949532916094e-06,1.1275286634552577,0.005000000000024082,0.9349457599892624,0.10413597983570157
1.8485000000000016,0.01807020512340846,0.0,0.11340712892772453,9.999949532916094e-06,1.1275876073825553,0.0050000000000240885,0.9348856097695797,0.10412938872486177
1.8490000000000015,0.018070994597092667,0.0,0.11342880011866632,9.999949532916094e-06,1.1276465508203022,0.0050000000000240945,0.93482543225472,0.1041227947120762
1.8495000000000017,0.018071784070776878,0.0,0.1134505111628548,9.999949532916094e-06,1.127705493768652,0.005000000000024101,0.9347652274452192,0.10411619779737824
1.8500000000000016,0.01807257354446109,0.0,0.11347226205930008,9.999949532916094e-06,1.1277644362277575,0.005000000000024107,0.9347049953416132,0.1041095979807752
1.8505000000000016,0.0180733630181453,0.0,0.11349405280704668,9.999949532916094e-06,1.1278233781977718,0.005000000000024113,0.9346447359444376,0.10410299526230825
1.8510000000000018,0.01807415249182951,0.0,0.1135158834051233,9.999949532916094e-06,1.1278823196788483,0.00500000000002412,0.9345844492542273,0.10409638964200217
1.8515000000000017,0.01807494196551372,0.0,0.11353775385263323,9.999949532916094e-06,1.1279412606711399,0.005000000000024126,0.9345241352715178,0.10408978111995623
1.8520000000000016,0.018075731439197933,0.0,0.1135596641486036,9.999949532916094e-06,1.1280002011748,0.005000000000024132,0.9344637939968429,0.1040831696961925
1.8525000000000016,0.018076520912882144,0.0,0.11358161429218631,9.999949532916094e-06,1.1280591411899814,0.005000000000024138,0.9344034254307376,0.10407655537085804
1.8530000000000015,0.018077310386566355,0.0,0.11360360428244701,9.999949532916094e-06,1.1281180807168376,0.005000000000024144,0.9343430295737355,0.10406993814401264
1.8535000000000017,0.018078099860250562,0.0,0.11362563411850578,9.999949532916094e-06,1.1281770197555214,0.005000000000024151,0.9342826064263707,0.1040633180157704
1.8540000000000016,0.018078889333934773,0.0,0.11364770379954715,9.999949532916094e-06,1.128235958306186,0.005000000000024157,0.9342221559891765,0.10405669498630934
1.8545000000000016,0.018079678807618984,0.0,0.11366981332468941,9.999949532916094e-06,1.1282948963689847,0.005000000000024163,0.9341616782626859,0.10405006905574068
1.8550000000000018,0.018080468281303195,0.0,0.11369196269309513,9.999949532916094e-06,1.1283538339440706,0.005000000000024169,0.9341011732474318,0.10404344022421955
1.8555000000000017,0.018081257754987406,0.0,0.11371415190395112,9.999949532916094e-06,1.1284127710315968,0.005000000000024175,0.9340406409439468,0.10403680849192486
1.8560000000000016,0.018082047228671617,0.0,0.1137363809564583,9.999949532916094e-06,1.1284717076317161,0.005000000000024182,0.9339800813527634,0.10403017385904924
1.8565000000000016,0.018082836702355828,0.0,0.11375864984981153,9.999949532916094e-06,1.1285306437445821,0.005000000000024188,0.9339194944744132,0.10402353632577863
1.8570000000000015,0.018083626176040035,0.0,0.11378095858321982,9.999949532916094e-06,1.1285895793703478,0.005000000000024194,0.9338588803094281,0.10401689589231283
1.8575000000000017,0.018084415649724246,0.0,0.1138033071559464,9.999949532916094e-06,1.1286485145091663,0.0050000000000242,0.9337982388583393,0.10401025255890527
1.8580000000000017,0.018085205123408457,0.0,0.11382569556724846,9.999949532916094e-06,1.1287074491611906,0.005000000000024207,0.9337375701216781,0.1040036063258031
1.8585000000000016,0.018085994597092668,0.0,0.1138481238163469,9.999949532916094e-06,1.1287663833265742,0.005000000000024213,0.933676874099975,0.10399695719321635
1.8590000000000018,0.01808678407077688,0.0,0.11387059190255715,9.999949532916094e-06,1.1288253170054698,0.0050000000000242194,0.9336161507937608,0.10399030516144954
1.8595000000000017,0.01808757354446109,0.0,0.11389309982516829,9.999949532916094e-06,1.1288842501980307,0.0050000000000242255,0.9335554002035656,0.10398365023078024
1.8600000000000017,0.0180883630181453,0.0,0.11391564758347336,9.999949532916094e-06,1.12894318290441,0.005000000000024232,0.9334946223299194,0.10397699240148936
1.8605000000000016,0.018089152491829512,0.0,0.11393823517678939,9.999949532916094e-06,1.1290021151247611,0.0050000000000242385,0.9334338171733515,0.10397033167388148
1.8610000000000015,0.018089941965513723,0.0,0.11396086260446744,9.999949532916094e-06,1.1290610468592368,0.005000000000024245,0.9333729847343916,0.10396366804829484
1.8615000000000017,0.018090731439197934,0.0,0.11398352986582218,9.999949532916094e-06,1.1291199781079906,0.005000000000024251,0.9333121250135681,0.10395700152503051
1.8620000000000017,0.01809152091288214,0.0,0.11400623696024254,9.999949532916094e-06,1.129178908871175,0.005000000000024257,0.9332512380114106,0.10395033210446393
1.8625000000000016,0.018092310386566352,0.0,0.11402898388711116,9.999949532916094e-06,1.1292378391489437,0.005000000000024264,0.933190323728447,0.10394365978696324
1.8630000000000018,0.018093099860250563,0.0,0.11405177064579437,9.999949532916094e-06,1.1292967689414497,0.00500000000002427,0.9331293821652055,0.10393698457288
1.8635000000000017,0.018093889333934774,0.0,0.11407459723571256,9.999949532916094e-06,1.129355698248846,0.005000000000024276,0.933068413322214,0.10393030646261954
1.8640000000000017,0.018094678807618985,0.0,0.11409746365626973,9.999949532916094e-06,1.129414627071286,0.005000000000024282,0.9330074171999999,0.1039236254565701
1.8645000000000016,0.018095468281303196,0.0,0.11412036990691386,9.999949532916094e-06,1.1294735554089224,0.005000000000024289,0.9329463937990908,0.10391694155516369
1.8650000000000015,0.018096257754987403,0.0,0.1141433159870362,9.999949532916094e-06,1.1295324832619087,0.005000000000024295,0.9328853431200134,0.10391025475877477
1.8655000000000017,0.018097047228671614,0.0,0.11416630189617273,9.999949532916094e-06,1.129591410630398,0.005000000000024301,0.9328242651632943,0.10390356506792259
1.8660000000000017,0.018097836702355825,0.0,0.11418932763376229,9.999949532916094e-06,1.129650337514543,0.005000000000024307,0.9327631599294604,0.10389687248302837
1.8665000000000016,0.018098626176040036,0.0,0.11421239319928769,9.999949532916094e-06,1.1297092639144974,0.005000000000024314,0.932702027419037,0.10389017700455704
1.8670000000000018,0.018099415649724247,0.0,0.11423549859221516,9.999949532916094e-06,1.1297681898304144,0.00500000000002432,0.9326408676325502,0.10388347863295619
1.8675000000000017,0.018100205123408458,0.0,0.1142586438121355,9.999949532916094e-06,1.1298271152624464,0.005000000000024326,0.9325796805705259,0.10387677736879833
1.8680000000000017,0.01810099459709267,0.0,0.11428182885849186,9.999949532916094e-06,1.1298860402107473,0.005000000000024332,0.9325184662334884,0.10387007321250673
1.8685000000000016,0.01810178407077688,0.0,0.11430505373087206,9.999949532916094e-06,1.1299449646754698,0.005000000000024339,0.9324572246219637,0.1038633661646498
1.8690000000000015,0.01810257354446109,0.0,0.11432831842882715,9.999949532916094e-06,1.1300038886567672,0.005000000000024345,0.9323959557364756,0.10385665622575838
1.8695000000000017,0.018103363018145302,0.0,0.11435162295191166,9.999949532916094e-06,1.1300628121547924,0.005000000000024351,0.9323346595775487,0.10384994339636623
1.8700000000000017,0.01810415249182951,0.0,0.1143749672997038,9.999949532916094e-06,1.1301217351696988,0.005000000000024357,0.9322733361457071,0.10384322767703058
1.8705000000000016,0.01810494196551372,0.0,0.11439835147182557,9.999949532916094e-06,1.1301806577016393,0.005000000000024364,0.9322119854414744,0.1038365090683518
1.8710000000000018,0.01810573143919793,0.0,0.114421775467852,9.999949532916094e-06,1.1302395797507674,0.00500000000002437,0.932150607465374,0.10382978757088276
1.8715000000000017,0.018106520912882142,0.0,0.11444523928742203,9.999949532916094e-06,1.130298501317236,0.0050000000000243764,0.932089202217929,0.1038230631852401
1.8720000000000017,0.018107310386566353,0.0,0.11446874293016795,9.999949532916094e-06,1.130357422401198,0.0050000000000243825,0.9320277696996625,0.1038163359120331
1.8725000000000016,0.018108099860250564,0.0,0.11449228639573554,9.999949532916094e-06,1.1304163430028071,0.0050000000000243894,0.9319663099110966,0.10380960575188415
1.8730000000000016,0.018108889333934772,0.0,0.11451586968377392,9.999949532916094e-06,1.130475263122216,0.0050000000000243955,0.9319048228527541,0.10380287270541859
1.8735000000000017,0.018109678807618983,0.0,0.11453949279398597,9.999949532916094e-06,1.1305341827595778,0.005000000000024402,0.9318433085251565,0.1037961367733149
1.8740000000000017,0.018110468281303194,0.0,0.11456315572604768,9.999949532916094e-06,1.130593101915046,0.005000000000024408,0.9317817669288257,0.10378939795622438
1.8745000000000016,0.018111257754987405,0.0,0.11458685847965853,9.999949532916094e-06,1.1306520205887733,0.005000000000024415,0.931720198064283,0.10378265625482128
1.8750000000000018,0.018112047228671616,0.0,0.11461060105454142,9.999949532916094e-06,1.130710938780913,0.005000000000024421,0.9316586019320495,0.10377591166980286
1.8755000000000017,0.018112836702355826,0.0,0.11463438345043267,9.999949532916094e-06,1.1307698564916184,0.005000000000024427,0.9315969785326461,0.1037691642018794
1.8760000000000017,0.018113626176040037,0.0,0.11465820566704148,9.999949532916094e-06,1.1308287737210425,0.005000000000024434,0.931535327866593,0.10376241385173328
1.8765000000000016,0.01811441564972425,0.0,0.1146820677041611,9.999949532916094e-06,1.1308876904693383,0.00500000000002444,0.9314736499344107,0.103755660620131
1.8770000000000016,0.01811520512340846,0.0,0.11470596956152738,9.999949532916094e-06,1.1309466067366594,0.005000000000024446,0.9314119447366187,0.10374890450778067
1.8775000000000017,0.01811599459709267,0.0,0.11472991123895006,9.999949532916094e-06,1.1310055225231583,0.005000000000024452,0.931350212273737,0.10374214551546429
1.8780000000000017,0.018116784070776878,0.0,0.11475389273619148,9.999949532916094e-06,1.1310644378289885,0.005000000000024459,0.9312884525462849,0.10373538364391573
1.8785000000000016,0.01811757354446109,0.0,0.11477791405310812,9.999949532916094e-06,1.131123352654303,0.005000000000024465,0.9312266655547812,0.10372861889396265
1.8790000000000018,0.0181183630181453,0.0,0.11480197518948881,9.999949532916094e-06,1.131182266999255,0.005000000000024471,0.9311648512997446,0.10372185126636449
1.8795000000000017,0.01811915249182951,0.0,0.11482607614517597,9.999949532916094e-06,1.1312411808639977,0.005000000000024478,0.9311030097816938,0.10371508076193396
1.8800000000000017,0.01811994196551372,0.0,0.1148502169200152,9.999949532916094e-06,1.1313000942486842,0.005000000000024484,0.9310411410011467,0.10370830738148643
1.8805000000000016,0.018120731439197933,0.0,0.11487439751386512,9.999949532916094e-06,1.1313590071534676,0.00500000000002449,0.9309792449586209,0.10370153112584984
1.8810000000000016,0.018121520912882143,0.0,0.11489861792661783,9.999949532916094e-06,1.131417919578501,0.005000000000024496,0.9309173216546346,0.10369475199588526
1.8815000000000017,0.01812231038656635,0.0,0.11492287815812798,9.999949532916094e-06,1.1314768315239374,0.005000000000024503,0.9308553710897047,0.10368796999241568
1.8820000000000017,0.018123099860250562,0.0,0.11494717820832391,9.999949532916094e-06,1.1315357429899304,0.005000000000024509,0.9307933932643478,0.10368118511633734
1.8825000000000016,0.018123889333934773,0.0,0.11497151807712695,9.999949532916094e-06,1.1315946539766326,0.005000000000024515,0.9307313881790813,0.10367439736853923
1.8830000000000018,0.018124678807618984,0.0,0.1149958977644411,9.999949532916094e-06,1.1316535644841974,0.005000000000024522,0.9306693558344211,0.10366760674989225
1.8835000000000017,0.018125468281303195,0.0,0.11502031727023393,9.999949532916094e-06,1.1317124745127778,0.005000000000024528,0.9306072962308835,0.10366081326133078
1.8840000000000017,0.018126257754987406,0.0,0.11504477659441532,9.999949532916094e-06,1.1317713840625272,0.005000000000024534,0.9305452093689838,0.10365401690373055
1.8845000000000016,0.018127047228671617,0.0,0.11506927573698902,9.999949532916094e-06,1.1318302931335984,0.005000000000024541,0.9304830952492381,0.10364721767806123
1.8850000000000016,0.018127836702355828,0.0,0.11509381469792125,9.999949532916094e-06,1.1318892017261448,0.005000000000024547,0.9304209538721611,0.10364041558525419
1.8855000000000017,0.01812862617604004,0.0,0.11511839347719112,9.999949532916094e-06,1.1319481098403195,0.005000000000024553,0.930358785238268,0.10363361062625326
1.8860000000000017,0.018129415649724246,0.0,0.115143012074811,9.999949532916094e-06,1.1320070174762753,0.00500000000002456,0.9302965893480734,0.10362680280203528
1.8865000000000016,0.018130205123408457,0.0,0.11516767049081626,9.999949532916094e-06,1.1320659246341658,0.005000000000024566,0.9302343662020913,0.10361999211359937
1.8870000000000018,0.018130994597092668,0.0,0.11519236872522487,9.999949532916094e-06,1.1321248313141439,0.0050000000000245725,0.9301721158008361,0.10361317856192694
1.8875000000000017,0.01813178407077688,0.0,0.1152171067780879,9.999949532916094e-06,1.1321837375163626,0.005000000000024579,0.9301098381448214,0.10360636214803208
1.8880000000000017,0.01813257354446109,0.0,0.11524188464944908,9.999949532916094e-06,1.1322426432409753,0.0050000000000245855,0.9300475332345605,0.10359954287292093
1.8885000000000016,0.0181333630181453,0.0,0.11526670233939534,9.999949532916094e-06,1.132301548488135,0.0050000000000245915,0.9299852010705667,0.1035927207376426
1.8890000000000016,0.018134152491829512,0.0,0.11529155984798597,9.999949532916094e-06,1.1323604532579947,0.0050000000000245985,0.9299228416533528,0.1035858957432178
1.8895000000000017,0.018134941965513723,0.0,0.11531645717532343,9.999949532916094e-06,1.132419357550708,0.0050000000000246046,0.9298604549834311,0.10357906789071018
1.8900000000000017,0.01813573143919793,0.0,0.11534139432150273,9.999949532916094e-06,1.1324782613664275,0.005000000000024611,0.9297980410613141,0.1035722371811755
1.8905000000000016,0.01813652091288214,0.0,0.11536637128668231,9.999949532916094e-06,1.1325371647053066,0.0050000000000246176,0.9297355998875136,0.10356540361573241
1.8910000000000018,0.018137310386566352,0.0,0.11539138807099288,9.999949532916094e-06,1.1325960675674982,0.005000000000024624,0.9296731314625418,0.10355856719547149
1.8915000000000017,0.018138099860250563,0.0,0.11541644467454742,9.999949532916094e-06,1.1326549699531558,0.00500000000002463,0.9296106357869093,0.10355172792146485
1.8920000000000017,0.018138889333934774,0.0,0.11544154109752239,9.999949532916094e-06,1.1327138718624323,0.005000000000024637,0.9295481128611276,0.10354488579484789
1.8925000000000016,0.018139678807618985,0.0,0.1154666773400866,9.999949532916094e-06,1.1327727732954809,0.005000000000024643,0.9294855626857074,0.10353804081674785
1.8930000000000016,0.018140468281303196,0.0,0.11549185340242157,9.999949532916094e-06,1.1328316742524547,0.005000000000024649,0.9294229852611591,0.10353119298830415
1.8935000000000017,0.018141257754987407,0.0,0.11551706928472154,9.999949532916094e-06,1.132890574733507,0.005000000000024656,0.9293603805879929,0.10352434231066854
1.8940000000000017,0.018142047228671618,0.0,0.11554232498721356,9.999949532916094e-06,1.1329494747387905,0.005000000000024662,0.9292977486667189,0.10351748878502524
1.8945000000000016,0.018142836702355825,0.0,0.11556762051008672,9.999949532916094e-06,1.1330083742684587,0.005000000000024668,0.9292350894978465,0.10351063241251982
1.8950000000000018,0.018143626176040036,0.0,0.11559295585360348,9.999949532916094e-06,1.1330672733226648,0.005000000000024675,0.9291724030818849,0.10350377319437079
1.8955000000000017,0.018144415649724247,0.0,0.11561833101802878,9.999949532916094e-06,1.1331261719015615,0.005000000000024681,0.9291096894193436,0.10349691113179904
1.8960000000000017,0.018145205123408458,0.0,0.11564374600356912,9.999949532916094e-06,1.1331850700053026,0.005000000000024687,0.9290469485107307,0.10349004622596593
1.8965000000000016,0.01814599459709267,0.0,0.11566920081055518,9.999949532916094e-06,1.1332439676340404,0.005000000000024694,0.9289841803565552,0.10348317847815729
1.8970000000000016,0.01814678407077688,0.0,0.11569469543923878,9.999949532916094e-06,1.1333028647879286,0.0050000000000247,0.9289213849573249,0.10347630788957905
1.8975000000000017,0.01814757354446109,0.0,0.11572022988991476,9.999949532916094e-06,1.1333617614671203,0.005000000000024706,0.9288585623135476,0.1034694344614799
1.8980000000000017,0.0181483630181453,0.0,0.11574580416289039,9.999949532916094e-06,1.1334206576717685,0.005000000000024713,0.9287957124257311,0.1034625581951206
1.8985000000000016,0.01814915249182951,0.0,0.11577141825851592,9.999949532916094e-06,1.1334795534020263,0.005000000000024719,0.9287328352943824,0.1034556790918043
1.8990000000000018,0.01814994196551372,0.0,0.1157970721770931,9.999949532916094e-06,1.133538448658047,0.005000000000024726,0.9286699309200085,0.10344879715278514
1.8995000000000017,0.01815073143919793,0.0,0.11582276591899707,9.999949532916094e-06,1.1335973434399838,0.005000000000024732,0.9286069993031161,0.10344191237939049
1.9000000000000017,0.018151520912882142,0.0,0.11584849948458491,9.999949532916094e-06,1.1336562377479893,0.005000000000024738,0.9285440404442118,0.10343502477292903
1.9005000000000016,0.018152310386566353,0.0,0.11587427287421592,9.999949532916094e-06,1.1337151315822172,0.005000000000024745,0.9284810543438015,0.10342813433471107
1.9010000000000016,0.018153099860250564,0.0,0.11590008608827197,9.999949532916094e-06,1.1337740249428203,0.005000000000024751,0.9284180410023908,0.10342124106606915
1.9015000000000017,0.018153889333934775,0.0,0.11592593912716757,9.999949532916094e-06,1.133832917829952,0.005000000000024757,0.9283550004204852,0.10341434496836813
1.9020000000000017,0.018154678807618986,0.0,0.11595183199127881,9.999949532916094e-06,1.1338918102437654,0.005000000000024764,0.9282919325985901,0.10340744604293362
1.9025000000000016,0.018155468281303194,0.0,0.115977764681055,9.999949532916094e-06,1.1339507021844133,0.00500000000002477,0.9282288375372104,0.1034005442911646
1.9030000000000018,0.018156257754987404,0.0,0.1160037371969375,9.999949532916094e-06,1.1340095936520491,0.005000000000024777,0.9281657152368508,0.10339363971445105
1.9035000000000017,0.018157047228671615,0.0,0.11602974953933927,9.999949532916094e-06,1.134068484646826,0.005000000000024783,0.9281025656980151,0.10338673231415424
1.9040000000000017,0.018157836702355826,0.0,0.11605580170876681,9.999949532916094e-06,1.134127375168897,0.005000000000024789,0.9280393889212079,0.10337982209172898
1.9045000000000016,0.018158626176040037,0.0,0.11608189370565762,9.999949532916094e-06,1.1341862652184151,0.005000000000024796,0.9279761849069326,0.10337290904856
1.9050000000000016,0.01815941564972425,0.0,0.11610802466947259,9.999949532916094e-06,1.1342451548065582,0.005000000000024802,0.927912953643853,0.10336599231886458
1.9055000000000017,0.01816020512340846,0.0,0.11613419524172434,9.999949532916094e-06,1.134304043925269,0.005000000000024808,0.9278496951412777,0.10335907254969423
1.9060000000000017,0.018160994597092667,0.0,0.11616040558515313,9.999949532916094e-06,1.1343629325726226,0.005000000000024815,0.9277864094019396,0.10335214990589908
1.9065000000000016,0.018161784070776878,0.0,0.11618665569855778,9.999949532916094e-06,1.1344218207487944,0.005000000000024821,0.927723096426316,0.10334522438720947
1.9070000000000018,0.01816257354446109,0.0,0.11621294558074839,9.999949532916094e-06,1.1344807084539592,0.005000000000024828,0.927659756214885,0.10333829599336691
1.9075000000000017,0.0181633630181453,0.0,0.1162392752305261,9.999949532916094e-06,1.1345395956882922,0.005000000000024834,0.9275963887681234,0.10333136472410315
1.9080000000000017,0.01816415249182951,0.0,0.11626564464667273,9.999949532916094e-06,1.1345984824519688,0.0050000000000248405,0.9275329940865081,0.10332443057912989
1.9085000000000016,0.01816494196551372,0.0,0.11629205382802209,9.999949532916094e-06,1.134657368745164,0.005000000000024847,0.9274695721705157,0.10331749355821059
1.9090000000000016,0.018165731439197932,0.0,0.11631850277343957,9.999949532916094e-06,1.1347162545680527,0.0050000000000248535,0.9274061230206225,0.10331055366113992
1.9095000000000018,0.018166520912882143,0.0,0.11634499148175083,9.999949532916094e-06,1.1347751399208104,0.00500000000002486,0.9273426466373039,0.10330361088767193
1.9100000000000017,0.018167310386566354,0.0,0.11637151995181315,9.999949532916094e-06,1.134834024803612,0.0050000000000248665,0.9272791430210359,0.1032966652375919
1.9105000000000016,0.018168099860250562,0.0,0.11639808818248475,9.999949532916094e-06,1.1348929092166327,0.005000000000024873,0.9272156121722932,0.10328971671068564
1.9110000000000018,0.018168889333934773,0.0,0.11642469617269606,9.999949532916094e-06,1.1349517931600475,0.0050000000000248795,0.9271520540915511,0.10328276530681066
1.9115000000000018,0.018169678807618984,0.0,0.11645134392129708,9.999949532916094e-06,1.1350106766340318,0.005000000000024886,0.9270884687792836,0.10327581102574324
1.9120000000000017,0.018170468281303195,0.0,0.11647803142722007,9.999949532916094e-06,1.1350695596387603,0.0050000000000248925,0.9270248562359654,0.10326885386734182
1.9125000000000016,0.018171257754987406,0.0,0.1165047586893474,9.999949532916094e-06,1.1351284421744088,0.005000000000024899,0.9269612164620699,0.10326189383141396
1.9130000000000016,0.018172047228671617,0.0,0.11653152570663348,9.999949532916094e-06,1.1351873242411519,0.0050000000000249055,0.9268975494580707,0.10325493091783923
1.9135000000000018,0.018172836702355828,0.0,0.11655833247798272,9.999949532916094e-06,1.135246205839165,0.005000000000024912,0.9268338552244408,0.10324796512644618
1.9140000000000017,0.01817362617604004,0.0,0.116585179002392,9.999949532916094e-06,1.135305086968623,0.005000000000024918,0.9267701337616535,0.10324099645715595
1.9145000000000016,0.018174415649724246,0.0,0.11661206527875717,9.999949532916094e-06,1.1353639676297012,0.005000000000024925,0.9267063850701809,0.10323402490978745
1.9150000000000018,0.018175205123408457,0.0,0.11663899130609708,9.999949532916094e-06,1.1354228478225747,0.005000000000024931,0.926642609150495,0.1032270504842824
1.9155000000000018,0.018175994597092668,0.0,0.11666595708338037,9.999949532916094e-06,1.1354817275474187,0.005000000000024938,0.926578806003068,0.10322007318053188
1.9160000000000017,0.01817678407077688,0.0,0.1166929626096071,9.999949532916094e-06,1.1355406068044083,0.005000000000024944,0.9265149756283712,0.10321309299845777
1.9165000000000016,0.01817757354446109,0.0,0.11672000788377795,9.999949532916094e-06,1.1355994855937184,0.005000000000024951,0.9264511180268759,0.10320610993798207
1.9170000000000016,0.0181783630181453,0.0,0.11674709290486374,9.999949532916094e-06,1.1356583639155247,0.005000000000024957,0.9263872331990524,0.10319912399899603
1.9175000000000018,0.01817915249182951,0.0,0.11677421767194807,9.999949532916094e-06,1.1357172417700017,0.005000000000024963,0.9263233211453716,0.10319213518150397
1.9180000000000017,0.018179941965513723,0.0,0.11680138218404386,9.999949532916094e-06,1.1357761191573248,0.00500000000002497,0.9262593818663037,0.10318514348543835
1.9185000000000016,0.018180731439197934,0.0,0.11682858644018503,9.999949532916094e-06,1.1358349960776692,0.005000000000024976,0.9261954153623183,0.10317814891075223
1.9190000000000018,0.01818152091288214,0.0,0.11685583043942648,9.999949532916094e-06,1.13589387253121,0.005000000000024983,0.926131421633885,0.10317115145741937
1.9195000000000018,0.018182310386566352,0.0,0.11688311418087469,9.999949532916094e-06,1.1359527485181222,0.005000000000024989,0.9260674006814729,0.1031641511254644
1.9200000000000017,0.018183099860250563,0.0,0.11691043766357553,9.999949532916094e-06,1.1360116240385811,0.005000000000024996,0.9260033525055507,0.10315714791485076
1.9205000000000017,0.018183889333934774,0.0,0.11693780088661619,9.999949532916094e-06,1.136070499092762,0.005000000000025002,0.9259392771065867,0.10315014182558276
1.9210000000000016,0.018184678807618985,0.0,0.11696520384911492,9.999949532916094e-06,1.1361293736808395,0.005000000000025008,0.9258751744850494,0.10314313285769541
1.9215000000000018,0.018185468281303196,0.0,0.11699264655014972,9.999949532916094e-06,1.1361882478029894,0.005000000000025015,0.9258110446414062,0.10313612101118261
1.9220000000000017,0.018186257754987407,0.0,0.11702012898890109,9.999949532916094e-06,1.1362471214593861,0.005000000000025021,0.9257468875761251,0.10312910628614086
1.9225000000000017,0.018187047228671614,0.0,0.11704765116441726,9.999949532916094e-06,1.1363059946502054,0.005000000000025028,0.9256827032896726,0.103122088682533
1.9230000000000018,0.018187836702355825,0.0,0.11707521307592042,9.999949532916094e-06,1.1363648673756221,0.005000000000025034,0.9256184917825159,0.10311506820049607
1.9235000000000018,0.018188626176040036,0.0,0.11710281472252088,9.999949532916094e-06,1.1364237396358114,0.005000000000025041,0.9255542530551213,0.10310804484005423
1.9240000000000017,0.018189415649724247,0.0,0.11713045610341098,9.999949532916094e-06,1.1364826114309483,0.005000000000025047,0.9254899871079552,0.10310101860131357
1.9245000000000017,0.018190205123408458,0.0,0.11715813721773238,9.999949532916094e-06,1.1365414827612081,0.005000000000025054,0.9254256939414828,0.10309398948432849
1.9250000000000016,0.01819099459709267,0.0,0.11718585806469854,9.999949532916094e-06,1.136600353626766,0.00500000000002506,0.92536137355617,0.10308695748922514
1.9255000000000018,0.01819178407077688,0.0,0.11721361864346194,9.999949532916094e-06,1.136659224027797,0.005000000000025067,0.9252970259524815,0.10307992261606765
1.9260000000000017,0.01819257354446109,0.0,0.11724141895329791,9.999949532916094e-06,1.136718093964476,0.005000000000025073,0.9252326511308827,0.10307288486504332
1.9265000000000017,0.018193363018145302,0.0,0.1172692589933493,9.999949532916094e-06,1.1367769634369789,0.00500000000002508,0.9251682490918374,0.10306584423620535
1.9270000000000018,0.018194152491829513,0.0,0.11729713876289195,9.999949532916094e-06,1.13683583244548,0.005000000000025086,0.9251038198358101,0.10305880072974037
1.9275000000000018,0.01819494196551372,0.0,0.11732505826110999,9.999949532916094e-06,1.1368947009901549,0.005000000000025092,0.9250393633632643,0.10305175434574214
1.9280000000000017,0.01819573143919793,0.0,0.11735301748732054,9.999949532916094e-06,1.1369535690711785,0.005000000000025099,0.9249748796746637,0.10304470508443739
1.9285000000000017,0.018196520912882142,0.0,0.11738101644075918,9.999949532916094e-06,1.137012436688726,0.005000000000025105,0.9249103687704714,0.10303765294597052
1.9290000000000016,0.018197310386566353,0.0,0.11740905512068212,9.999949532916094e-06,1.1370713038429725,0.005000000000025112,0.92484583065115,0.10303059793050598
1.9295000000000018,0.018198099860250564,0.0,0.11743713352634562,9.999949532916094e-06,1.1371301705340935,0.005000000000025118,0.9247812653171618,0.10302354003820768
1.9300000000000017,0.018198889333934775,0.0,0.11746525165708785,9.999949532916094e-06,1.1371890367622637,0.005000000000025125,0.9247166727689691,0.10301647926932145
1.9305000000000017,0.018199678807618982,0.0,0.11749340951215509,9.999949532916094e-06,1.1372479025276583,0.005000000000025131,0.9246520530070337,0.10300941562400011
1.9310000000000018,0.018200468281303193,0.0,0.11752160709091632,9.999949532916094e-06,1.1373067678304525,0.005000000000025138,0.9245874060318169,0.10300234910251904
1.9315000000000018,0.018201257754987404,0.0,0.11754984439264854,9.999949532916094e-06,1.1373656326708215,0.005000000000025144,0.9245227318437798,0.10299527970506081
1.9320000000000017,0.018202047228671615,0.0,0.11757812141670042,9.999949532916094e-06,1.1374244970489404,0.005000000000025151,0.924458030443383,0.10298820743187945
1.9325000000000017,0.018202836702355826,0.0,0.11760643816240006,9.999949532916094e-06,1.1374833609649844,0.005000000000025157,0.9243933018310873,0.10298113228320768
1.9330000000000016,0.018203626176040037,0.0,0.11763479462912677,9.999949532916094e-06,1.1375422244191282,0.005000000000025164,0.9243285460073527,0.10297405425932919
1.9335000000000018,0.018204415649724248,0.0,0.11766319081619836,9.999949532916094e-06,1.1376010874115476,0.00500000000002517,0.9242637629726385,0.10296697336046517
1.9340000000000017,0.01820520512340846,0.0,0.11769162672300423,9.999949532916094e-06,1.1376599499424174,0.005000000000025177,0.9241989527274046,0.10295988958690831
1.9345000000000017,0.01820599459709267,0.0,0.11772010234894392,9.999949532916094e-06,1.1377188120119126,0.005000000000025183,0.9241341152721099,0.10295280293896089
1.9350000000000018,0.01820678407077688,0.0,0.11774861769336563,9.999949532916094e-06,1.1377776736202088,0.00500000000002519,0.9240692506072129,0.1029457134168729
1.9355000000000018,0.01820757354446109,0.0,0.11777717275570959,9.999949532916094e-06,1.1378365347674804,0.005000000000025196,0.9240043587331727,0.10293862102098666
1.9360000000000017,0.0182083630181453,0.0,0.11780576753537489,9.999949532916094e-06,1.1378953954539033,0.005000000000025203,0.9239394396504466,0.1029315257516019
1.9365000000000017,0.01820915249182951,0.0,0.11783440203179116,9.999949532916094e-06,1.137954255679652,0.005000000000025209,0.9238744933594928,0.10292442760904905
1.9370000000000016,0.01820994196551372,0.0,0.11786307624438784,9.999949532916094e-06,1.138013115444902,0.005000000000025216,0.9238095198607685,0.10291732659365754
1.9375000000000018,0.018210731439197932,0.0,0.11789179017259409,9.999949532916094e-06,1.1380719747498285,0.005000000000025222,0.9237445191547309,0.102910222705756
1.9380000000000017,0.018211520912882143,0.0,0.11792054381585935,9.999949532916094e-06,1.1381308335946065,0.005000000000025229,0.9236794912418365,0.10290311594569285
1.9385000000000017,0.018212310386566354,0.0,0.11794933717366349,9.999949532916094e-06,1.138189691979411,0.005000000000025235,0.923614436122542,0.10289600631384657
1.9390000000000018,0.01821309986025056,0.0,0.11797817024545534,9.999949532916094e-06,1.1382485499044173,0.005000000000025242,0.9235493537973034,0.10288889381056399
1.9395000000000018,0.018213889333934773,0.0,0.11800704303073464,9.999949532916094e-06,1.1383074073698005,0.005000000000025248,0.9234842442665762,0.10288177843624206
1.9400000000000017,0.018214678807618984,0.0,0.11803595552899059,9.999949532916094e-06,1.1383662643757357,0.005000000000025255,0.923419107530816,0.10287466019126712
1.9405000000000017,0.018215468281303195,0.0,0.11806490773973242,9.999949532916094e-06,1.1384251209223981,0.005000000000025261,0.9233539435904778,0.10286753907604486
1.9410000000000016,0.018216257754987406,0.0,0.11809389966244858,9.999949532916094e-06,1.1384839770099628,0.005000000000025268,0.9232887524460163,0.10286041509095943
1.9415000000000018,0.018217047228671616,0.0,0.11812293129667832,9.999949532916094e-06,1.138542832638605,0.005000000000025274,0.923223534097886,0.10285328823644563
1.9420000000000017,0.018217836702355827,0.0,0.11815200264192965,9.999949532916094e-06,1.1386016878084997,0.005000000000025281,0.9231582885465408,0.10284615851290616
1.9425000000000017,0.01821862617604004,0.0,0.11818111369776148,9.999949532916094e-06,1.1386605425198222,0.005000000000025288,0.9230930157924343,0.10283902592079439
1.9430000000000018,0.01821941564972425,0.0,0.11821026446373216,9.999949532916094e-06,1.1387193967727474,0.005000000000025294,0.9230277158360204,0.10283189046056258
1.9435000000000018,0.018220205123408457,0.0,0.11823945493935858,9.999949532916094e-06,1.1387782505674506,0.005000000000025301,0.9229623886777516,0.10282475213262077
1.9440000000000017,0.018220994597092668,0.0,0.11826868512426991,9.999949532916094e-06,1.138837103904107,0.005000000000025307,0.9228970343180808,0.10281761093749103
1.9445000000000017,0.01822178407077688,0.0,0.11829795501801271,9.999949532916094e-06,1.1388959567828916,0.005000000000025314,0.9228316527574605,0.10281046687561211
1.9450000000000016,0.01822257354446109,0.0,0.11832726462019452,9.999949532916094e-06,1.1389548092039794,0.00500000000002532,0.9227662439963428,0.10280331994748344
1.9455000000000018,0.0182233630181453,0.0,0.1183566139303813,9.999949532916094e-06,1.1390136611675459,0.005000000000025327,0.922700808035179,0.10279617015356199
1.9460000000000017,0.01822415249182951,0.0,0.11838600294821014,9.999949532916094e-06,1.139072512673766,0.005000000000025333,0.9226353448744208,0.10278901749437576
1.9465000000000017,0.018224941965513723,0.0,0.1184154316732868,9.999949532916094e-06,1.1391313637228149,0.00500000000002534,0.9225698545145191,0.10278186197042063
1.9470000000000018,0.018225731439197933,0.0,0.11844490010523682,9.999949532916094e-06,1.1391902143148678,0.005000000000025346,0.9225043369559247,0.1027747035822118
1.9475000000000018,0.01822652091288214,0.0,0.11847440824368517,9.999949532916094e-06,1.1392490644500997,0.005000000000025353,0.922438792199088,0.10276754233026347
1.9480000000000017,0.018227310386566352,0.0,0.11850395608831761,9.999949532916094e-06,1.1393079141286857,0.005000000000025359,0.9223732202444589,0.10276037821515005
1.9485000000000017,0.018228099860250563,0.0,0.11853354363878846,9.999949532916094e-06,1.139366763350801,0.005000000000025366,0.9223076210924874,0.1027532112374141
1.9490000000000016,0.018228889333934774,0.0,0.11856317089471019,9.999949532916094e-06,1.1394256121166209,0.005000000000025373,0.9222419947436223,0.1027460413975553
1.9495000000000018,0.018229678807618985,0.0,0.11859283785581771,9.999949532916094e-06,1.1394844604263201,0.005000000000025379,0.9221763411983134,0.10273886869619614
1.9500000000000017,0.018230468281303196,0.0,0.11862254452175276,9.999949532916094e-06,1.1395433082800743,0.005000000000025386,0.9221106604570085,0.10273169313386457
1.9505000000000017,0.018231257754987407,0.0,0.11865229089221788,9.999949532916094e-06,1.1396021556780584,0.005000000000025392,0.9220449525201565,0.10272451471114924
1.9510000000000018,0.018232047228671618,0.0,0.11868207696693527,9.999949532916094e-06,1.1396610026204474,0.005000000000025399,0.9219792173882055,0.10271733342865808
1.9515000000000018,0.01823283670235583,0.0,0.11871190274561608,9.999949532916094e-06,1.1397198491074165,0.005000000000025405,0.921913455061603,0.10271014928698721
1.9520000000000017,0.018233626176040036,0.0,0.11874176822796027,9.999949532916094e-06,1.1397786951391409,0.005000000000025412,0.9218476655407964,0.1027029622867211
1.9525000000000017,0.018234415649724247,0.0,0.11877167338371201,9.999949532916094e-06,1.1398375407161756,0.005000000000025419,0.9217818488258077,0.10269577239824812
1.9530000000000016,0.018235205123408458,0.0,0.11880161818869607,9.999949532916094e-06,1.1398963858389983,0.005000000000025425,0.9217160049167444,0.10268857959808476
1.9535000000000018,0.01823599459709267,0.0,0.11883160267910137,9.999949532916094e-06,1.1399552305073226,0.005000000000025432,0.9216501338145687,0.10268138392359313
1.9540000000000017,0.01823678407077688,0.0,0.11886162685435009,9.999949532916094e-06,1.1400140747213279,0.005000000000025438,0.9215842355197217,0.10267418537507471
1.9545000000000017,0.01823757354446109,0.0,0.11889169071385293,9.999949532916094e-06,1.1400729184811937,0.005000000000025445,0.9215183100326434,0.1026669839528188
1.9550000000000018,0.0182383630181453,0.0,0.11892179425701943,9.999949532916094e-06,1.1401317617870999,0.005000000000025451,0.9214523573537741,0.10265977965711291
1.9555000000000018,0.01823915249182951,0.0,0.11895193748327841,9.999949532916094e-06,1.1401906046392256,0.005000000000025458,0.9213863774835533,0.10265257248826361
1.9560000000000017,0.01823994196551372,0.0,0.11898212039207806,9.999949532916094e-06,1.1402494470377509,0.005000000000025465,0.9213203704224204,0.1026453624465958
1.9565000000000017,0.01824073143919793,0.0,0.11901234298286525,9.999949532916094e-06,1.140308288982855,0.005000000000025471,0.9212543361708145,0.10263814953243304
1.9570000000000016,0.018241520912882142,0.0,0.11904260525506502,9.999949532916094e-06,1.140367130474718,0.005000000000025478,0.921188274729174,0.10263093374607606
1.9575000000000018,0.018242310386566353,0.0,0.11907290720817311,9.999949532916094e-06,1.1404259715135192,0.005000000000025484,0.9211221860979372,0.10262371508789625
1.9580000000000017,0.018243099860250564,0.0,0.11910324884164271,9.999949532916094e-06,1.1404848120994382,0.005000000000025491,0.9210560702775422,0.10261649355822154
1.9585000000000017,0.018243889333934775,0.0,0.11913363015496689,9.999949532916094e-06,1.1405436522326546,0.005000000000025497,0.9209899272684265,0.10260926915741944
1.9590000000000019,0.018244678807618986,0.0,0.11916405114763728,9.999949532916094e-06,1.140602491913348,0.005000000000025504,0.9209237570710277,0.10260204188585541
1.9595000000000018,0.018245468281303197,0.0,0.11919451181912352,9.999949532916094e-06,1.1406613311416982,0.005000000000025511,0.9208575596857821,0.10259481174387212
1.9600000000000017,0.018246257754987404,0.0,0.11922501216896589,9.999949532916094e-06,1.1407201699178844,0.005000000000025517,0.9207913351131269,0.10258757873188304
1.9605000000000017,0.018247047228671615,0.0,0.11925555219666206,9.999949532916094e-06,1.1407790082420868,0.005000000000025524,0.9207250833534979,0.1025803428502576
1.9610000000000016,0.018247836702355826,0.0,0.11928613190175966,9.999949532916094e-06,1.1408378461144844,0.00500000000002553,0.9206588044073313,0.10257310409941542
1.9615000000000018,0.018248626176040037,0.0,0.11931675128377393,9.999949532916094e-06,1.1408966835352572,0.005000000000025537,0.9205924982750624,0.10256586247974281
1.9620000000000017,0.018249415649724248,0.0,0.11934741034227019,9.999949532916094e-06,1.1409555205045845,0.005000000000025544,0.9205261649571267,0.10255861799167583
1.9625000000000017,0.01825020512340846,0.0,0.11937810907676052,9.999949532916094e-06,1.1410143570226463,0.00500000000002555,0.9204598044539586,0.1025513706355964
1.9630000000000019,0.01825099459709267,0.0,0.11940884748683805,9.999949532916094e-06,1.1410731930896219,0.005000000000025557,0.9203934167659931,0.10254412041196743
1.9635000000000018,0.018251784070776877,0.0,0.119439625572053,9.999949532916094e-06,1.1411320287056907,0.005000000000025563,0.9203270018936643,0.10253686732120823
1.9640000000000017,0.01825257354446109,0.0,0.11947044333199516,9.999949532916094e-06,1.141190863871033,0.00500000000002557,0.9202605598374056,0.10252961136377686
1.9645000000000017,0.0182533630181453,0.0,0.1195013007654898,9.999949532916094e-06,1.1412496985858376,0.005000000000025577,0.9201940905976401,0.10252235253936048
1.9650000000000016,0.01825415249182951,0.0,0.11953219786997812,9.999949532916094e-06,1.1413085328503112,0.005000000000025583,0.9201275941747701,0.1025150908462501
1.9655000000000018,0.01825494196551372,0.0,0.11956313464472418,9.999949532916094e-06,1.1413673666646378,0.00500000000002559,0.9200610705692234,0.10250782628457383
1.9660000000000017,0.018255731439197932,0.0,0.11959411108891783,9.999949532916094e-06,1.141426200029002,0.005000000000025597,0.9199945197814268,0.10250055885438436
1.9665000000000017,0.018256520912882143,0.0,0.11962512720179869,9.999949532916094e-06,1.1414850329435888,0.005000000000025603,0.9199279418118064,0.10249328855578395
1.9670000000000019,0.018257310386566354,0.0,0.11965618298261463,9.999949532916094e-06,1.141543865408582,0.00500000000002561,0.9198613366607887,0.10248601538888255
1.9675000000000018,0.018258099860250565,0.0,0.11968727843060128,9.999949532916094e-06,1.1416026974241669,0.005000000000025616,0.9197947043287994,0.10247873935377716
1.9680000000000017,0.018258889333934773,0.0,0.11971841354498194,9.999949532916094e-06,1.1416615289905274,0.005000000000025623,0.9197280448162638,0.10247146045055192
1.9685000000000017,0.018259678807618984,0.0,0.11974958832507077,9.999949532916094e-06,1.1417203601078485,0.00500000000002563,0.9196613581236069,0.10246417867938143
1.9690000000000016,0.018260468281303194,0.0,0.1197808027701076,9.999949532916094e-06,1.1417791907763146,0.005000000000025636,0.9195946442512535,0.10245689404036526
1.9695000000000018,0.018261257754987405,0.0,0.1198120568793818,9.999949532916094e-06,1.14183802099611,0.005000000000025643,0.9195279031996282,0.10244960653365218
1.9700000000000017,0.018262047228671616,0.0,0.11984335065216008,9.999949532916094e-06,1.1418968507674199,0.00500000000002565,0.9194611349691543,0.1024423161593674
1.9705000000000017,0.018262836702355827,0.0,0.11987468408772757,9.999949532916094e-06,1.1419556800904285,0.005000000000025656,0.9193943395602557,0.1024350229176542
1.9710000000000019,0.01826362617604004,0.0,0.11990605718516074,9.999949532916094e-06,1.1420145089653235,0.005000000000025663,0.9193275169733521,0.10242772680844481
1.9715000000000018,0.01826441564972425,0.0,0.11993746994367838,9.999949532916094e-06,1.1420733373922904,0.005000000000025669,0.9192606672088657,0.10242042783181429
1.9720000000000018,0.018265205123408457,0.0,0.1199689223624867,9.999949532916094e-06,1.142132165371515,0.005000000000025676,0.9191937902672171,0.10241312598782469
1.9725000000000017,0.018265994597092668,1.0,0.1200246388290857,0.007012124953432915,1.1421906878259733,0.005032918494247705,0.9191272331823064,0.10243024697387877
1.9730000000000016,0.01826678407077688,1.0,0.12141821706503474,0.01888957520250528,1.1422324130898518,0.0057844223684672255,0.919079762666551,0.10379628157524708
1.9735000000000018,0.01826757354446109,1.0,0.1268902725093583,0.030624955487197465,1.1422238783786516,0.00867182732641954,0.9190894736757381,0.1092739726961571
1.9740000000000018,0.0182683630181453,1.0,0.14075521013340342,0.04221996497742855,1.1421176897945726,0.015187917505483005,0.9192102489898145,0.12320895384481445
1.9745000000000017,0.01826915249182951,1.0,0.16811472011843392,0.053676282789345275,1.1418728724229144,0.02668726598389935,0.9194883522818859,0.1507294172546061
1.9750000000000019,0.018269941965513722,1.0,0.2166934874300499,0.06499556790665968,1.1414479465981944,0.04421559688056403,0.9199699136126174,0.1995857882754939
1.9755000000000018,0.018270731439197933,1.0,0.3026736239790918,0.07617945936908474,1.1407685024829748,0.06834864290796733,0.9207369148348029,0.2860051627760068
1.9760000000000018,0.018271520912882144,1.0,0.4552573865390999,0.0872295766761446,1.1397407678871816,0.09907601009137212,0.9218900711612034,0.4392424664514076
1.9765000000000017,0.018272310386566352,1.0,0.7093790817634262,0.09814751994463634,1.1383382733341099,0.13580887087587795,0.9234500885237484,0.6942349271657701
1.9770000000000016,0.018273099860250563,1.0,1.0769757393385135,0.10893487014801709,1.1366913793128848,0.17755689087856796,0.9252618672861642,1.062823019765814
1.9775000000000018,0.018273889333934774,1.0,1.5328234601396609,0.11959318933576722,1.1350028628825826,0.22312352082254602,0.9270969080540264,1.519652388653468
1.9780000000000018,0.018274678807618985,1.0,2.0416410795039646,0.13012402092254977,1.1333973320052337,0.27119478163769367,0.9288206072555418,2.0293706906089812
1.9785000000000017,0.018275468281303196,1.0,2.5806105477474794,0.1405288898191274,1.131907152808735,0.3204290862089156,0.9304020121515721,2.5691475896100684
1.9790000000000019,0.018276257754987407,1.0,3.1380617536554163,0.1508093028481151,1.130526378028085,0.3695823624183264,0.9318514585554778,3.1273224215834357
1.9795000000000018,0.018277047228671617,1.0,3.707051493578776,0.16096674708961758,1.1292426040367325,0.4176052299381415,0.9331853972072175,3.696963788867883
1.9800000000000018,0.018277836702355825,1.0,4.282441286865145,0.17100269786311245,1.1280450174332461,0.4636873522481384,0.9344178940420788,4.272943076744674
1.9805000000000017,0.018278626176040036,1.0,4.8590328441514,0.18091860343959731,1.126927010611124,0.5072620034198448,0.9355581359092945,4.850068939782177
1.9810000000000016,0.018279415649724247,1.0,5.432298566164441,0.19071590064079308,1.1258832384569428,0.5479796729342021,0.9366136411023699,5.423819530054336
1.9815000000000018,0.018280205123408458,1.0,5.998070412806922,0.20039601196336063,1.1249096309224373,0.5856712794104,0.937590336411282,5.990031499228062
1.9820000000000018,0.01828099459709267,1.0,6.5526074349829235,0.2099603340994913,1.12400283037069,0.6203068985930563,0.9384931922402316,6.544967894059466
1.9825000000000017,0.01828178407077688,1.0,7.092820929484934,0.21941024690529018,1.123159564943048,0.6519568402483675,0.9393268862521567,7.0855436487247
1.9830000000000019,0.01828257354446109,1.0,7.616206566083654,0.22874714279088182,1.1223766500466306,0.6807589855667063,0.9400958220934581,7.609257742507182
1.9835000000000018,0.0182833630181453,1.0,8.120811916828176,0.23797235419823384,1.1216509428427441,0.706892343139394,0.9408041924218856,8.11416077654092
1.9840000000000018,0.018284152491829513,1.0,8.605210232183007,0.24708721096192304,1.1209793021832446,0.730557452605926,0.9414560337730208,8.598828790757691
1.9845000000000017,0.01828494196551372,1.0,9.068440225426297,0.2560930390019011,1.120358609086544,0.751962180704982,0.9420552208750099,9.062303062006528
1.9850000000000017,0.01828573143919793,1.0,9.509985672987902,0.2649911524906723,1.1197857317136966,0.7713119555531242,0.9426055139112572,9.504069738982555
1.9855000000000018,0.018286520912882142,1.0,9.929623379195206,0.27378283716682966,1.1192576812161832,0.7888035976671927,0.9431104218837569,9.923907766999921
1.9860000000000018,0.018287310386566353,1.0,10.327361390583999,0.28246935564126857,1.1187716300512156,0.804621618103187,0.9435731995799087,10.321827117750104
1.9865000000000017,0.018288099860250564,1.0,10.70349720642215,0.29105196776659503,1.1183247746833982,0.8189362371773391,0.9439969907844922,10.698127070364976
1.9870000000000019,0.018288889333934775,1.0,11.058552531991257,0.29953192471375145,1.1179143796941478,0.831902727314779,0.9443847962453774,11.053330963651796
1.9875000000000018,0.018289678807618986,1.0,11.393141159484422,0.30791045642398024,1.1175379075354668,0.8436616049177444,0.9447393611687362,11.388054045651113
1.9880000000000018,0.018290468281303193,1.0,11.707885990888418,0.3161887642510398,1.117193078775146,0.8543392801238833,0.9450631291488096,11.702920491505063
1.9885000000000017,0.018291257754987404,1.0,12.003589336167236,0.32436804952066495,1.116877614230599,0.8640488704558629,0.9453584931670532,11.998733806323912
1.9890000000000017,0.018292047228671615,1.0,12.281127022312363,0.33244950262482553,1.116589344044792,0.872891325876734,0.9456276994208205,12.276370905423025
1.9895000000000018,0.018292836702355826,1.0,12.541333205483758,0.3404342909555711,1.1163263230693103,0.880956588694728,0.9458727462446977,12.53666689699536
1.9900000000000018,0.018293626176040037,1.0,12.784983110576631,0.34832355373302054,1.1160868229932195,0.8883246788040634,0.9460953981093637,12.780397834675663
1.9905000000000017,0.018294415649724248,1.0,13.01316996893501,0.3561184701450493,1.1158688519136812,0.8950665977736781,0.9462976366248216,13.008657824563171
1.9910000000000019,0.01829520512340846,1.0,13.226705611052912,0.3638201626073103,1.1156708717405441,0.9012455354892324,0.9464809977231303,13.22225938156782
1.9915000000000018,0.01829599459709267,1.0,13.426310494079232,0.371429726408728,1.1154915421667453,0.9069176661369467,0.9466468147517876,13.421923551389613
1.9920000000000018,0.01829678407077688,1.0,13.61276744277595,0.3789482568382372,1.1153295228852218,0.912132900199429,0.9467964046042684,13.608433721891949
1.9925000000000017,0.01829757354446109,1.0,13.786915319072175,0.38637684918476917,1.1151834735889103,0.9169356149628604,0.9469310696479711,13.782629295637655
1.9930000000000017,0.0182983630181453,1.0,13.949531393287913,0.39371657546239136,1.1150521845324055,0.9213653319479295,0.9470519793372852,13.945288021563202
1.9935000000000018,0.01829915249182951,1.0,14.101469708609232,0.4009685311932898,1.1149344059906476,0.9254572606329352,0.947160329278308,14.097264417960057
1.9940000000000018,0.01829994196551372,1.0,14.24337110801216,0.40813375806573976,1.114829179270484,0.9292428606568462,0.9472570383522682,14.239199694904231
1.9945000000000017,0.018300731439197932,1.0,14.37580175579228,0.41521327387162993,1.1147356657128316,0.9327502459151934,0.9473429080537334,14.371660334213086
1.9950000000000019,0.018301520912882143,1.0,14.499352621896309,0.42220809640284884,1.114653026658606,0.936004554086247,0.9474187339120839,14.495237614128676
1.9955000000000018,0.018302310386566354,1.0,14.61463699388734,0.4291192434512758,1.1145804234487244,0.9390282930416414,0.947485306249244,14.61054512245498
1.9960000000000018,0.018303099860250565,1.0,14.722223279989247,0.43594771193464793,1.1145170912120546,0.9418416541620461,0.94754334328132,14.718151537264403
1.9965000000000017,0.018303889333934772,1.0,14.822704560464553,0.44269451746675026,1.114462256395655,0.9444627736931233,0.9475935674432614,14.818650205647117
1.9970000000000017,0.018304678807618983,1.0,14.916585458911502,0.44936064777838963,1.1144152626775117,0.9469079764142397,0.947636590665744,14.912545976013666
1.9975000000000018,0.018305468281303194,1.0,15.004244681667668,0.45594704337901715,1.1143756095835207,0.9491919805316277,0.9476728797295922,15.000217726373691
1.9980000000000018,0.018306257754987405,1.0,15.086070580589638,0.46245464477807513,1.1143427966395782,0.9513280598455824,0.9477028994265602,15.082053977179326
1.9985000000000017,0.018307047228671616,1.0,15.162460220913243,0.4688843924850147,1.1143163233715805,0.9533282030364078,0.947727112843217,15.158451959624513
1.9990000000000019,0.018307836702355827,1.0,15.233818514908215,0.4752372270092867,1.1142956893054237,0.9552032538467644,0.9477459816247923,15.229816749707751
1.9995000000000018,0.018308626176040038,1.0,15.300538865584711,0.48151408303634624,1.1142804146634184,0.9569630367213046,0.9477599472974285,15.296541905806569
2.0,0.018309415649724246,1.0,15.362916765153285,0.48771586137267114,1.1142701355089726,0.9586164746793097,0.9477693445230442,15.358923037585443
