Time [s],Lmtc [m],STIM [ ],Fsee [N],Gamma [ ],Lcerel [ ],q [ ],fisomrel [ ],fce [N]
0.0,0.020309415649724244,1.0,10.45230256264511,0.27789159089189014,1.270295391917719,0.8836577536694632,0.7077616044321869,10.248645482950518
0.0005,0.020291915649724244,1.0,9.625490162139709,0.28652896103259184,1.270121333857306,0.8932777247347145,0.7081378599805992,9.42222365406271
0.001,0.020274415649724244,1.0,8.961576156945119,0.29506302453970173,1.2697588315908954,0.9017616144199703,0.7089206911148597,8.759121870030327
0.0015,0.020256915649724243,1.0,8.431522524313964,0.3034950047221169,1.2692303014035646,0.909270689448875,0.710060179224583,8.230249546447594
0.002,0.020239415649724243,1.0,8.010524398406034,0.3118261248141892,1.268558151967368,0.9159415983689274,0.7115060760474881,7.8107487375673
0.0025,0.020221915649724243,1.0,7.6777603388344255,0.32005759591408595,1.2677637413137353,0.9218898669845622,0.7132103153506842,7.479747142823459
0.003,0.020204415649724243,1.0,7.416383469740227,0.32819060769990177,1.2668660497699438,0.9272128976882554,0.7151300459207436,7.220352477882114
0.0035,0.020186915649724243,1.0,7.212558253923035,0.336226337868644,1.2658820587268378,0.9319930723858079,0.7172269233887135,7.018688569907444
0.004,0.020169415649724243,1.0,7.055142133943743,0.3441659488947439,1.2648263927026504,0.9363001192299195,0.7194679269124064,6.863577868264522
0.0045000000000000005,0.020151915649724243,1.0,6.934778327986236,0.352010594411278,1.263712143482078,0.9401933957251893,0.7218236215203517,6.745632458918399
0.005,0.020134415649724242,1.0,6.844488901754195,0.3597614060535026,1.2625494168159719,0.9437232082171442,0.7242712149183723,6.657850266338558
0.0055,0.020116915649724246,1.0,6.778335312886224,0.36741950599295203,1.2613472016759757,0.9469327066579508,0.7267905607045475,6.594271471397213
0.006,0.020099415649724246,1.0,6.731315831111708,0.3749860082397873,1.2601133288776396,0.9498589878454503,0.7293642245607717,6.5498759884079885
0.006500000000000001,0.020081915649724245,1.0,6.6998677925154135,0.3824620034421609,1.258853470793484,0.9525338203194137,0.7319795226326677,6.521087772300884
0.007,0.020064415649724245,1.0,6.680896411195053,0.38984857301668974,1.257572667622632,0.9549847637283255,0.7346252835750446,6.504800300322557
0.0075,0.020046915649724245,1.0,6.671693583009132,0.39714679465875236,1.256275403931056,0.9572358018027372,0.7372916693598964,6.498295182786343
0.008,0.020029415649724245,1.0,6.6704393300541565,0.4043577191506386,1.254964719855393,0.9593076982924462,0.7399719665162439,6.499745400796102
0.0085,0.020011915649724245,1.0,6.6755674721586615,0.4114823881490628,1.2536432561053572,0.9612186439294008,0.7426603945290887,6.507578737008114
0.009000000000000001,0.019994415649724245,1.0,6.685667608559328,0.4185218363239875,1.2523134047680506,0.9629846370873976,0.7453517830974153,6.520379423936738
0.0095,0.019976915649724244,1.0,6.699647050916324,0.425477088424835,1.2509770265530442,0.9646197377630877,0.7480421285703702,6.537050626709984
0.01,0.019959415649724244,1.0,6.716766055197093,0.43234914341382297,1.2496353871310792,0.966136316327975,0.7507286939676647,6.556849759656485
0.0105,0.019941915649724244,1.0,6.736333619292095,0.43913899358023534,1.2482896681184983,0.9675453538890963,0.7534089628224239,6.579083227675873
0.011,0.019924415649724244,1.0,6.757722872876416,0.4458476320416984,1.2469409393278572,0.9688566174991584,0.7560806899355021,6.6031218640905225
0.0115,0.019906915649724244,1.0,6.780474145664264,0.45247603699896866,1.2455899851926246,0.970078787278849,0.7587422366923456,6.628504326682025
0.012,0.019889415649724244,1.0,6.804314748309842,0.4590251533322839,1.2442372729836175,0.9712195850381969,0.7613926179421036,6.654956916152513
0.0125,0.019871915649724244,1.0,6.828970324481039,0.4654959259218817,1.2428832699716525,0.9722859366395598,0.7640308686715094,6.682204297364912
0.013000000000000001,0.019854415649724243,1.0,6.85417705119779,0.4718892928931984,1.2415284227844532,0.9732840626495692,0.7666560839490177,6.709981738765033
0.0135,0.019836915649724243,1.0,6.8797355371870825,0.47820618231728157,1.240173067729969,0.9742195503426835,0.769267590148703,6.738089176965637
0.014,0.019819415649724243,1.0,6.905464593336335,0.4844475404208539,1.2388175084530906,0.9750974399332007,0.771864790625032,6.766344833891428
0.0145,0.019801915649724243,1.0,6.931294601560735,0.4906142471055832,1.2374618614617625,0.9759222572440046,0.7744474574044589,6.794678866955772
0.015,0.019784415649724243,1.0,6.957155420784634,0.49670718227313704,1.2361062432639287,0.9766981012251282,0.777015367567178,6.823020918397897
0.0155,0.019766915649724243,1.0,6.982976386039769,0.5027272258251831,1.2347507703675336,0.9774286904705383,0.7795683032473981,6.8513001143815355
0.016,0.019749415649724242,1.0,7.008686311129624,0.5086752576633891,1.2333955592805208,0.9781174040439025,0.7821060516325316,6.879445067658035
0.0165,0.019731915649724242,1.0,7.034237538973157,0.514552111735725,1.2320406869586127,0.9787673078338475,0.7846284783831005,6.907407997979436
0.017,0.019714415649724246,1.0,7.059584159937236,0.5203587052378599,1.2306862269424568,0.9793812071050166,0.7871354587962134,6.93514288369564
0.0175,0.019696915649724245,1.0,7.084708041278571,0.5260958763416711,1.2293322067351198,0.9799616492324974,0.7896269558160012,6.9626315649899535
0.018000000000000002,0.019679415649724245,1.0,7.109602686267016,0.5317644290079792,1.227978634629366,0.9805109581566042,0.7921029686101202,6.989867552963283
0.0185,0.019661915649724245,1.0,7.1342615782781404,0.5373651671976046,1.2266255189179598,0.9810312623328881,0.7945634967006618,7.0168443393704605
0.019,0.019644415649724245,1.0,7.158678181779012,0.5428988948713681,1.2252728678936657,0.9815245138588892,0.7970085399638521,7.043555397605563
0.0195,0.019626915649724245,1.0,7.182845943330794,0.5483664159900901,1.2239206898492478,0.9819925054874169,0.7994380986297478,7.069994183704035
0.02,0.019609415649724245,1.0,7.206758292610659,0.5537685345145911,1.2225689930774708,0.9824368857850333,0.801852173281923,7.096154137364127
0.0205,0.019591915649724245,1.0,7.230411280370679,0.5591059909865643,1.2212177815926555,0.9828591662283601,0.8042507724288968,7.122031326912177
0.021,0.019574415649724244,1.0,7.2538085533642205,0.5643796192366581,1.2198670471080417,0.9832607483608539,0.8066339263839606,7.147629436875732
0.021500000000000002,0.019556915649724244,1.0,7.276953289378928,0.5695902356320983,1.2185167821780893,0.9836429241553055,0.8090016636261338,7.172951680904493
0.022,0.019539415649724244,1.0,7.299850031999819,0.5747385579648381,1.217166977227477,0.9840068786847704,0.8113540160075221,7.198002641320903
0.0225,0.019521915649724244,1.0,7.322503378947494,0.5798253040268309,1.2158176226808837,0.9843537086798569,0.8136910149614869,7.222786953935309
0.023,0.019504415649724244,1.0,7.344917980932566,0.5848511916100297,1.2144687089629884,0.9846844302370417,0.8160126915029959,7.247309306900934
0.0235,0.019486915649724244,1.0,7.367098540535621,0.5898169385063882,1.2131202264984704,0.984999985764022,0.8183190762289627,7.271574439594365
0.024,0.019469415649724243,1.0,7.389049811110143,0.5947232625078592,1.2117721657120084,0.9853012502461552,0.8206101993185826,7.295587141518993
0.0245,0.019451915649724243,1.0,7.410776595709844,0.5995708814063962,1.2104245170282815,0.9855890369078855,0.8228860905336579,7.319352251232856
0.025,0.019434415649724243,1.0,7.432283746039747,0.6043605129939525,1.2090772708719688,0.9858641023342415,0.8251467792189175,7.342874655300199
0.025500000000000002,0.019416915649724243,1.0,7.453575602952217,0.6090928476478447,1.2077304185602236,0.9861271491929132,0.8273922928191773,7.366158727475328
0.026000000000000002,0.019399415649724243,1.0,7.474656937235987,0.6137685504720468,1.2063839507934806,0.9863788307475996,0.8296226594194968,7.389209271761066
0.0265,0.019381915649724243,1.0,7.495534672809312,0.6183883951750349,1.2050378549123233,0.9866197638644091,0.8318379122118122,7.412033249494259
0.027,0.019364415649724243,1.0,7.516212422497378,0.6229530161546457,1.2036921236147204,0.9868505155311547,0.8340380751093017,7.434634302457891
0.0275,0.019346915649724242,1.0,7.53669383500548,0.6274630478087162,1.2023467495986417,0.9870716159043329,0.8362231717074583,7.4570161078236925
0.028,0.019329415649724242,1.0,7.556982594227218,0.6319191245350834,1.2010017255620562,0.9872835611306668,0.8383932252843034,7.479182377460656
0.0285,0.019311915649724246,1.0,7.5770824185656975,0.6363218807315841,1.1996570442029328,0.9874868159226414,0.8405482588005925,7.5011368572565615
0.029,0.019294415649724245,1.0,7.5969970602693975,0.6406719507960554,1.198312698219241,0.9876818159120101,0.8426882949000172,7.5228833264541555
0.029500000000000002,0.019276915649724245,1.0,7.616730304781718,0.6449699691263343,1.1969686803089497,0.987868969802684,0.8448133559094031,7.544425597001003
0.03,0.019259415649724245,1.0,7.636285970105187,0.6492165701202575,1.1956249831700283,0.9880486613421392,0.8469234638389046,7.5657675129139985
0.0305,0.019241915649724245,1.0,7.655667906178533,0.653412388175662,1.1942815995004459,0.9882212511284634,0.8490186403821933,7.586912949656725
0.031,0.019224415649724245,1.0,7.674878078749456,0.6575579625238817,1.192938525014795,0.9883870731042013,0.8510989022604613,7.60786389412771
0.0315,0.019206915649724245,1.0,7.6939212465086975,0.6616540142730277,1.191595751068094,0.988546451396807,0.853164272690612,7.6286251314218925
0.032,0.019189415649724244,1.0,7.712799619781758,0.665701110606888,1.1902532730728996,0.9886996831093077,0.8552147683401947,7.649198892600523
0.0325,0.019171915649724244,1.0,7.731515317024655,0.6696998122180332,1.1889110866193044,0.9888470479940659,0.8572504054092547,7.669587316327484
0.033,0.019154415649724244,1.0,7.750070477074328,0.673650679799034,1.1875691872974008,0.9889888099702422,0.8592711999063704,7.689792561351434
0.0335,0.019136915649724244,1.0,7.768467258813967,0.6775542740424613,1.1862275706972814,0.9891252181905776,0.8612771676487563,7.709816806171301
0.034,0.019119415649724244,1.0,7.786707840843459,0.6814111556408856,1.1848862324090383,0.989256508026296,0.8632683242623642,7.729662248706877
0.0345,0.019101915649724244,1.0,7.804794421153262,0.6852218852868778,1.1835451680227642,0.9893829019771795,0.865244685181981,7.749331105972848
0.035,0.019084415649724244,1.0,7.8227292168057385,0.6889870236730085,1.1822043731285514,0.9895046105132037,0.8672062656513264,7.768825613760279
0.035500000000000004,0.019066915649724243,1.0,7.840514463619915,0.6927071314918484,1.1808638433164922,0.9896218328535168,0.8691530807231495,7.7881480263215215
0.036000000000000004,0.019049415649724243,1.0,7.858151224033352,0.696382663642346,1.1795235760315923,0.9897347528312397,0.8710851425953163,7.807299422151372
0.0365,0.019031915649724243,1.0,7.875642281327022,0.7000142743464329,1.1781835660635436,0.9898435537681202,0.8730024671395152,7.826282603350699
0.037,0.019014415649724243,1.0,7.892989404331336,0.7036025152858097,1.1768438098087428,0.9899484048969441,0.8749050677293169,7.845099355472614
0.0375,0.018996915649724243,1.0,7.910193725366556,0.7071478747839749,1.1755043046747369,0.9900494640274897,0.8767929561625485,7.863750826234682
0.038,0.018979415649724243,1.0,7.927256389030823,0.7106508411644265,1.1741650480690728,0.9901468810238125,0.8786661441243901,7.882238175458111
0.0385,0.018961915649724242,1.0,7.944178552029192,0.7141119027506625,1.1728260373992976,0.9902407982849837,0.8805246431874264,7.90056257489687
0.039,0.018944415649724246,1.0,7.960961383006193,0.7175315478661813,1.1714872700729582,0.9903313511927543,0.8823684648116972,7.918725208070332
0.0395,0.018926915649724246,1.0,7.977606062378812,0.7209102648344812,1.170148743497601,0.9904186685287106,0.8841976203447504,7.936727270096329
0.04,0.018909415649724245,1.0,7.994113782171068,0.7242485419790602,1.1688104550807736,0.9905028728632641,0.8860121210216885,7.954569967525806
0.0405,0.018891915649724245,1.0,8.010485745852385,0.7275468676234165,1.1674724022300227,0.9905840809186204,0.8878119779652219,7.972254518181279
0.041,0.018874415649724245,1.0,8.026723168175108,0.7308057300910483,1.1661345823528948,0.9906624039076962,0.8895972021857168,7.989782150994412
0.0415,0.018856915649724245,1.0,8.04282727501505,0.7340256177054539,1.1647969928569373,0.9907379478507778,0.8913678045812423,8.00715410584665
0.042,0.018839415649724245,1.0,8.058798948225007,0.7372069663739008,1.1634596316952666,0.9908108118216759,0.8931237952241913,8.02437127791923
0.0425,0.018821915649724245,1.0,8.074639010526232,0.7403502459228068,1.1621224969262427,0.9908810917006288,0.8948651839616018,8.041434503028999
0.043000000000000003,0.018804415649724245,1.0,8.090348776713444,0.7434559969228731,1.160785585867297,0.990948881737085,0.8965919815092401,8.058345109595253
0.043500000000000004,0.018786915649724244,1.0,8.105928859635272,0.746524640380906,1.1594488969280206,0.9910142674443471,0.8983041970737499,8.07510372295791
0.044,0.018769415649724244,1.0,8.121379880039058,0.7495565973037124,1.1581124285180031,0.9910773305562155,0.9000018397925574,8.091710976248551
0.0445,0.018751915649724244,1.0,8.13670246647712,0.7525522886980984,1.1567761790468356,0.9911381492308653,0.9016849187338982,8.108167510296704
0.045,0.018734415649724244,1.0,8.151897255216308,0.7555121355708708,1.1554401469241085,0.9911967982423124,0.9033534428968463,8.124473973539462
0.0455,0.018716915649724244,1.0,8.16696489014603,0.758436558928836,1.1541043305594123,0.9912533491603207,0.9050074212113415,8.140631021929545
0.046,0.018699415649724244,1.0,8.181906022688112,0.7613259797788005,1.1527687283623373,0.9913078705195462,0.9066468625382176,8.156639318845203
0.0465,0.018681915649724243,1.0,8.196721311707085,0.7641808191275707,1.151433338742474,0.9913604279786459,0.9082717756692285,8.17249953500054
0.047,0.018664415649724243,1.0,8.21141142342027,0.7670014979819534,1.1500981601094133,0.9914110844700319,0.9098821693270757,8.188212348355652
0.0475,0.018646915649724243,1.0,8.225977031310677,0.7697884373487548,1.1487631908727451,0.9914599003408906,0.9114780521654368,8.203778444029561
0.048,0.018629415649724243,1.0,8.240418798575035,0.7725420540100375,1.147428429468601,0.9915069333396577,0.913059432737687,8.219198496729053
0.0485,0.018611915649724243,1.0,8.254736885081336,0.7752626637830689,1.1460938751080976,0.9915522354302058,0.9146263186235983,8.234472677178433
0.049,0.018594415649724243,1.0,8.268932289885193,0.7779507999399119,1.1447595257370022,0.9915958638994827,0.9161787188335928,8.249601996111107
0.0495,0.018576915649724243,1.0,8.283005367108291,0.7806068254504663,1.143425380290854,0.9916378680488689,0.9177166411536956,8.264586818521078
0.05,0.018559415649724242,1.0,8.296956476548125,0.7832311032846317,1.142091437705192,0.9916782952516177,0.9192400933234861,8.279427515006315
0.0505,0.018541915649724246,1.0,8.31078598362078,0.7858239964123077,1.1407576969155557,0.9917171910468956,0.9207490830361142,8.29412446171157
0.051000000000000004,0.018524415649724246,1.0,8.324494259304288,0.788385867803394,1.1394241568574839,0.9917545992287263,0.9222436179383189,8.308678040271758
0.051500000000000004,0.018506915649724245,1.0,8.338081680083103,0.7909170804277902,1.1380908164665158,0.9917905619301541,0.9237237056304443,8.323088637756449
0.052000000000000005,0.018489415649724245,1.0,8.351548627891283,0.7934179972553959,1.1367576746781907,0.9918251197029238,0.9251893536664567,8.337356646613094
0.0525,0.018471915649724245,1.0,8.364895490057055,0.7958889812561105,1.1354247304280478,0.9918583115929452,0.9266405695539623,8.351482464611596
0.053,0.018454415649724245,1.0,8.378122659247948,0.7983303953998341,1.134091982651626,0.9918901752118058,0.9280773607542241,8.365466494789493
0.0535,0.018436915649724245,1.0,8.391230533415115,0.800742602656466,1.1327594302844646,0.9919207468045612,0.9294997346821776,8.379309145396277
0.054,0.018419415649724245,1.0,8.404219515738275,0.803125965995906,1.131427072262103,0.9919500613140343,0.930907698706448,8.39301082983839
0.0545,0.018401915649724244,1.0,8.417089792493185,0.8054807760495492,1.1300949078540417,0.9919781501664352,0.9323012598017937,8.40657174437632
0.055,0.018384415649724244,1.0,8.429841843271316,0.8078074496470447,1.1287629358957114,0.9920050476112451,0.9336804253580676,8.419992378751012
0.0555,0.018366915649724244,1.0,8.442475987152058,0.8101063369910818,1.127431155471479,0.9920307846538423,0.9350452024608149,8.433273061994376
0.056,0.018349415649724244,1.0,8.45499244574315,0.8123777510151952,1.1260995658190516,0.9920553900803384,0.9363955980009867,8.446414025534295
0.0565,0.018331915649724244,1.0,8.467391445033094,0.8146220046529192,1.124768166176135,0.9920788916845564,0.9377316188361774,8.459415505127826
0.057,0.018314415649724244,1.0,8.479673215352252,0.8168394108377887,1.1234369557804365,0.9921013163122776,0.9390532717906344,8.472277740822301
0.0575,0.018296915649724244,1.0,8.491837991335483,0.8190302825033381,1.1221059338696624,0.9921226899033666,0.9403605636552705,8.485000976917998
0.058,0.018279415649724243,1.0,8.503886011884143,0.8211949325831019,1.1207750996815196,0.9921430375318927,0.9416535011876761,8.497585461930143
0.0585,0.018261915649724243,1.0,8.515817520128344,0.8233336740106149,1.1194444524537146,0.99216238344436,0.9429320911121293,8.510031448551203
0.059000000000000004,0.018244415649724243,1.0,8.527632763389605,0.8254468197194114,1.1181139914239542,0.9921807510961492,0.9441963401196083,8.522339193613536
0.059500000000000004,0.018226915649724243,1.0,8.539331993143671,0.827534682643026,1.1167837158299447,0.9921981631862699,0.9454462548678029,8.53450895805225
0.06,0.018209415649724243,1.0,8.550915464982516,0.8295975757149934,1.1154536249093931,0.992214641690513,0.9466818419811246,8.546541006867198
0.0605,0.018191915649724243,1.0,8.56238336424686,0.8316357764698891,1.1141237180108328,0.9922302068466619,0.9479031079495357,8.558435534720894
0.061,0.018174415649724246,1.0,8.573735902408592,0.8336495897958018,1.1127939944495917,0.9922448790560033,0.9491100592644219,8.570192762372708
0.0615,0.018156915649724242,1.0,8.584973366234497,0.8356393592130156,1.1114644534346485,0.9922586792231102,0.9503027024820603,8.581812985860337
0.062,0.018139415649724246,1.0,8.596095899673598,0.8376053545163454,1.1101350943934931,0.9922716254792485,0.9514810439317455,8.593296358292905
0.0625,0.018121915649724245,1.0,8.607103650284607,0.8395478455006069,1.108805916753616,0.9922837353963038,0.9526450899176208,8.604643036350328
0.063,0.018104415649724245,1.0,8.617996769210777,0.8414671019606152,1.107476919942507,0.9922950260101153,0.9537948467186877,8.61585318025817
0.0635,0.018086915649724245,1.0,8.628775411151365,0.8433633936911861,1.1061481033876566,0.9923055138428158,0.9549303205888134,8.626926953759128
0.064,0.018069415649724245,1.0,8.63943973433508,0.8452369904871345,1.104819466516555,0.992315214924225,0.9560515177567392,8.637864524086483
0.0645,0.018051915649724245,1.0,8.649989900492857,0.847088162143276,1.1034910087566923,0.9923241448123465,0.957158444426089,8.6486660619369
0.065,0.018034415649724245,1.0,8.660426074830864,0.848917178454426,1.1021627295355587,0.992332318613012,0.9582511067753772,8.659331741443433
0.0655,0.018016915649724245,1.0,8.670748426003442,0.8507243092153998,1.1008346282806447,0.9923397509987165,0.9593295109580168,8.669861740148487
0.066,0.017999415649724244,1.0,8.680957126086739,0.8525098242210127,1.0995067044194402,0.9923464562266834,0.9603936631023287,8.680256238977464
0.0665,0.017981915649724244,1.0,8.691051746466199,0.854273985594732,1.098178958273425,0.9923524479678756,0.9614435686093803,8.69051481802321
0.067,0.017964415649724244,1.0,8.701025760178714,0.8560169585433792,1.0968513991868143,0.9923577370666843,0.9624792259022253,8.700630958158122
0.0675,0.017946915649724244,1.0,8.710892565448942,0.8577391494839257,1.0955240070325343,0.9923623398730548,0.9635006563217934,8.710618068484125
0.068,0.017929415649724244,1.0,8.720650670979472,0.8594407869278644,1.0941967837302684,0.9923662680621639,0.9645078637394922,8.720474665802596
0.0685,0.017911915649724244,1.0,8.730298584794035,0.8611220993866887,1.0928697311997004,0.9923695329852725,0.9655008521075815,8.730199266361108
0.069,0.017894415649724243,1.0,8.7398348143234,0.8627833153718919,1.0915428513605139,0.9923721456826042,0.9664796254591475,8.739790385939283
0.0695,0.017876915649724243,1.0,8.749257866491352,0.8644246633949672,1.0902161461323925,0.9923741168957353,0.9674441879080752,8.74924653993474
0.07,0.017859415649724243,1.0,8.75856624780296,0.8660463719674077,1.0888896174350196,0.9923754570795268,0.9683945436490234,8.758566243451307
0.07050000000000001,0.017841915649724243,1.0,8.767758464432152,0.867648669600707,1.0875632671880793,0.9923761764136123,0.9693306969573962,8.767758464432152
0.07100000000000001,0.017824415649724243,1.0,8.776833022312799,0.869231784806358,1.0862370973112547,0.9923762848134686,0.9702526521893168,8.776833022312799
0.07150000000000001,0.017806915649724243,1.0,8.785788427227237,0.8707959460958542,1.0849111097242299,0.9923757919410839,0.9711604137815992,8.785788427227237
0.07200000000000001,0.017789415649724243,1.0,8.794623184899132,0.8723413819806887,1.0835853063466885,0.9923747072152457,0.9720539862517209,8.794623184899132
0.0725,0.017771915649724246,1.0,8.803335801085787,0.8738683209723548,1.0822596890983138,0.9923730398214611,0.972933374197795,8.803335801085787
0.073,0.017754415649724246,1.0,8.811924781670285,0.8753769915823457,1.0809342598987897,0.9923707987215323,0.9737985822985407,8.811924781670285
0.0735,0.017736915649724246,1.0,8.82038863275751,0.8768676223221548,1.0796090206677997,0.992367992662797,0.9746496153132553,8.82038863275751
0.074,0.017719415649724245,1.0,8.828726347241533,0.8783404145495867,1.0782839726107283,0.9923646294136623,0.975486478529131,8.828726347241533
0.0745,0.017701915649724245,1.0,8.836937178081522,0.8797955489730953,1.0769591165532113,0.9923607159669515,0.976309177517397,8.836937178081522
0.075,0.017684415649724245,1.0,8.845018643822304,0.8812333303988499,1.0756344558679316,0.9923562626351964,0.9771177163422476,8.845018643822304
0.0755,0.017666915649724245,1.0,8.85297052636667,0.8826539500008895,1.0743099906069864,0.9923512763034963,0.9779121011839583,8.85297052636667
0.076,0.017649415649724245,1.0,8.860792610563003,0.8840575989532535,1.0729857208224725,0.9923457636876558,0.9786923382240964,8.860792610563003
0.0765,0.017631915649724245,1.0,8.86848468420748,0.8854444684299811,1.0716616465664868,0.9923397313407639,0.9794584336455198,8.86848468420748
0.077,0.017614415649724244,1.0,8.876046538046669,0.8868147496051115,1.0703377678911266,0.9923331856595697,0.980210393632376,8.876046538046669
0.0775,0.017596915649724244,1.0,8.883477965780214,0.8881686336526841,1.069014084848489,0.9923261328906557,0.9809482243701022,8.883477965780214
0.078,0.017579415649724244,1.0,8.8907787640643,0.8895063117467379,1.067690597490671,0.9923185791364222,0.9816719320454239,8.8907787640643
0.0785,0.017561915649724244,1.0,8.897948732513356,0.8908279750613123,1.0663673058697694,0.9923105303608866,0.9823815228463539,8.897948732513356
0.079,0.017544415649724244,1.0,8.904987673702648,0.8921338147704464,1.0650442100378816,0.9923019923953103,0.9830770029621918,8.904987673702648
0.0795,0.017526915649724244,1.0,8.911895393172465,0.8934240220481795,1.0637213100471044,0.9922929709436573,0.9837583785835232,8.911895393172465
0.08,0.017509415649724244,1.0,8.91867169942858,0.894698788068551,1.062398605949535,0.9922834715878901,0.9844256559022186,8.91867169942858
0.0805,0.017491915649724243,1.0,8.92531640394697,0.8959583040055998,1.0610760977972702,0.992273499793116,0.9850788411114332,8.92531640394697
0.081,0.017474415649724243,1.0,8.93182932117508,0.8972027610333655,1.0597537856424073,0.9922630609125822,0.985717940405605,8.93182932117508
0.0815,0.017456915649724243,1.0,8.938210516727349,0.8984323112568593,1.058431669174856,0.992252159110432,0.9863429601497606,8.938210516727349
0.082,0.017439415649724243,1.0,8.944460332706536,0.8996471410066103,1.0571097476860376,0.9922407993718944,0.9869539068769485,8.944460332706536
0.0825,0.017421915649724243,1.0,8.950578554554028,0.9008474810392306,1.055788021284517,0.9922289878283468,0.9875507867246331,8.950578554554028
0.083,0.017404415649724243,1.0,8.956565211719814,0.9020334912920291,1.054466489727365,0.992216728566222,0.9881336059871154,8.956565211719814
0.0835,0.017386915649724242,1.0,8.962420336871123,0.9032053317023148,1.0531451527716522,0.9922040255818609,0.988702370947511,8.962420336871123
0.084,0.017369415649724246,1.0,8.968143965879616,0.9043631622073963,1.0518240101744494,0.9921908827851367,0.9892570878777542,8.968143965879616
0.0845,0.017351915649724242,1.0,8.973736137808734,0.9055071427445827,1.050503061692827,0.9921773040029889,0.989797763038602,8.973736137808734
0.085,0.017334415649724245,1.0,8.979196894903167,0.9066374332511827,1.0491823070838557,0.9921632929828661,0.9903244026796373,8.979196894903167
0.0855,0.017316915649724245,1.0,8.98452628257308,0.9077541936645055,1.0478617461046065,0.9921488533960845,0.9908370130392727,8.98452628257308
0.08600000000000001,0.017299415649724245,1.0,8.989724349384963,0.9088575839218596,1.04654137851215,0.9921339888411035,0.9913356003447551,8.989724349384963
0.08650000000000001,0.017281915649724245,1.0,8.99479114704804,0.9099477639605541,1.0452212040635567,0.9921187028467222,0.9918201708121687,8.99479114704804
0.08700000000000001,0.017264415649724245,1.0,8.999726730401488,0.9110248937178979,1.0439012225158972,0.9921029988752023,0.9922907306464387,8.999726730401488
0.08750000000000001,0.017246915649724245,1.0,9.004531157402731,0.9120891331311997,1.0425814336262424,0.9920868803253151,0.9927472860413357,9.004531157402731
0.088,0.017229415649724245,1.0,9.00920448911516,0.9131406421377684,1.0412618371516629,0.9920703505353231,0.9931898431794786,9.00920448911516
0.0885,0.017211915649724244,1.0,9.013746789695292,0.914179580674913,1.0399424328492293,0.9920534127858891,0.9936184082323393,9.013746789695292
0.089,0.017194415649724244,1.0,9.018158175855364,0.9152060629993768,1.0386232204041352,0.9920360690384543,0.9940329873824544,9.018158175855364
0.0895,0.017176915649724244,1.0,9.022438758423542,0.9162202722365971,1.0373041995146464,0.9920183231020461,0.9944335867942858,9.022438758423542
0.09,0.017159415649724244,1.0,9.026588561097745,0.9172223826349298,1.0359853700100436,0.9920001784977207,0.994820212580961,9.026588561097745
0.0905,0.017141915649724244,1.0,9.030607628149433,0.9182125279988543,1.0346667316940887,0.9919816375796094,0.9951928708546003,9.030607628149433
0.091,0.017124415649724244,1.0,9.034496006853084,0.91919084213285,1.0333482843705433,0.991962702654135,0.9955515677181656,9.034496006853084
0.0915,0.017106915649724243,1.0,9.038253747476176,0.9201574588413958,1.0320300278431687,0.9919433759821557,0.9958963092654634,9.038253747476176
0.092,0.017089415649724243,1.0,9.041880903269425,0.9211125119289713,1.0307119619157266,0.9919236597810672,0.9962271015811478,9.041880903269425
0.0925,0.017071915649724243,1.0,9.045377530456607,0.9220561352000555,1.0293940863919786,0.9919035562268638,0.9965439507407235,9.045377530456607
0.093,0.017054415649724243,1.0,9.04874368822536,0.9229884624591279,1.0280764010756862,0.9918830674561614,0.9968468628105488,9.04874368822536
0.0935,0.017036915649724243,1.0,9.051979438716566,0.9239096275106676,1.0267589057706112,0.991862195568184,0.9971358438478382,9.051979438716566
0.094,0.017019415649724243,1.0,9.055084847015545,0.9248197641591541,1.025441600280515,0.9918409426267144,0.997410899900666,9.055084847015545
0.0945,0.017001915649724246,1.0,9.058059981141355,0.9257190062090666,1.024124484409159,0.9918193106620099,0.9976720370079689,9.058059981141355
0.095,0.016984415649724242,1.0,9.060904912037207,0.9266074874648842,1.022807557960305,0.9917973016726865,0.9979192611995493,9.060904912037207
0.0955,0.016966915649724246,1.0,9.063619713561586,0.9274853417310862,1.0214908207377147,0.9917749176275721,0.9981525784960776,9.063619713561586
0.096,0.016949415649724246,1.0,9.066204462477044,0.9283527028121521,1.0201742725451493,0.991752160467527,0.9983719949090961,9.066204462477044
0.0965,0.016931915649724245,1.0,9.068659185172262,0.9292096558811407,1.0188579132635451,0.9917290307361742,0.9985775164293784,9.068659185172262
0.097,0.016914415649724245,1.0,9.070984007982412,0.9300563753517183,1.0175417426331979,0.9917055314630753,0.9987691490615626,9.070984007982412
0.0975,0.016896915649724245,1.0,9.073178991694535,0.9308929923919835,1.0162257604935427,0.9916816644408295,0.9989468987856247,9.073178991694535
0.098,0.016879415649724245,1.0,9.075244177009576,0.9317196189435392,1.0149099667172388,0.9916574308952992,0.9991107715699633,9.075244177009576
0.0985,0.016861915649724245,1.0,9.077179607465622,0.9325363669479877,1.0135943611769458,0.9916328320279387,0.999260773376763,9.077179607465622
0.099,0.016844415649724245,1.0,9.078985329432236,0.9333433483469318,1.0122789437453226,0.9916078690171494,0.9993969101619968,9.078985329432236
0.0995,0.016826915649724244,1.0,9.080661392103263,0.934140675081974,1.0109637142950287,0.9915825430196213,0.9995191878754279,9.080661392103263
0.1,0.016809415649724244,1.0,9.082207847491068,0.9349284590947169,1.0096486726987237,0.9915568551716533,0.9996276124606116,9.082207847491068
0.1005,0.016791915649724244,1.0,9.083624750420542,0.9357068123267632,1.0083338188290665,0.9915308065904584,0.9997221898548971,9.083624750420542
0.101,0.016774415649724244,1.0,9.084912158521988,0.9364758467197155,1.0070191525587167,0.9915043983754532,0.9998029259894299,9.084912158521988
0.1015,0.016756915649724244,1.0,9.08607013222567,0.9372356742151765,1.0057046737603332,0.9914776316095324,0.9998698267891527,9.08607013222567
0.10200000000000001,0.016739415649724244,1.0,9.087098734754807,0.9379864067547486,1.0043903823065758,0.9914505073603264,0.9999228981728084,9.087098734754807
0.10250000000000001,0.016721915649724244,1.0,9.087998032119947,0.9387281562800347,1.0030762780701037,0.9914230266814483,0.9999621460529416,9.087998032119947
0.10300000000000001,0.016704415649724243,1.0,9.08876809311233,0.9394610347326372,1.001762360923576,0.9913951906137262,0.9999875763359002,9.08876809311233
0.10350000000000001,0.016686915649724243,1.0,9.089408989297821,0.9401851540541587,1.000448630739652,0.9913670001864209,0.9999991949218378,9.089408989297821
0.10400000000000001,0.016669415649724243,1.0,9.089938294036894,0.9409005345876709,0.9991350620686494,0.9913384527891644,0.9999970075294996,9.089938294036894
0.1045,0.016651915649724243,1.0,9.09032378121663,0.9416073948410175,0.9978217015288967,0.9913095542891317,0.9999810200630832,9.09032378121663
0.105,0.016634415649724246,1.0,9.090561934281833,0.9423058349733431,0.9965085541956842,0.9912803055505767,0.9999512392247821,9.090561934281833
0.1055,0.016616915649724243,1.0,9.090651274637176,0.9429959462269158,0.9951956222001809,0.9912507070557824,0.9999076718158264,9.090651274637176
0.106,0.016599415649724246,1.0,9.090590327289652,0.943677819844004,0.9938829076735559,0.9912207592763237,0.999850324725879,9.090590327289652
0.1065,0.016581915649724246,1.0,9.090377620967491,0.9443515470668762,0.9925704127469783,0.9911904626739828,0.999779204932999,9.090377620967491
0.107,0.016564415649724246,1.0,9.090011688244639,0.9450172191378005,0.991258139551617,0.9911598177016625,0.999694319503604,9.090011688244639
0.1075,0.016546915649724245,1.0,9.089491065662774,0.9456749272990451,0.9899460902186412,0.9911288248042905,0.9995956755924332,9.089491065662774
0.108,0.016529415649724245,1.0,9.08881429385657,0.9463247627928788,0.98863426687922,0.9910974844197195,0.9994832804425088,9.08881429385657
0.1085,0.016511915649724245,1.0,9.087979917679881,0.9469668168615695,0.987322671664522,0.991065796979619,0.9993571413850979,9.087979917679881
0.109,0.016494415649724245,1.0,9.086986486332497,0.9476011807473858,0.9860113067057167,0.9910337629103646,0.9992172658396739,9.086986486332497
0.1095,0.016476915649724245,1.0,9.085832553488359,0.9482279456925958,0.9847001741339729,0.9910013826339209,0.999063661313877,9.085832553488359
0.11,0.016459415649724245,1.0,9.084516677425416,0.948847202939468,0.9833892760804598,0.9909686565687188,0.9988963354034752,9.084516677425416
0.1105,0.016441915649724245,1.0,9.083037421156044,0.9494590437302707,0.9820786146763463,0.9909355851305303,0.9987152957923245,9.083037421156044
0.111,0.016424415649724244,1.0,9.081393352559115,0.9500635593072723,0.9807681920528014,0.9909021687333373,0.9985205502523283,9.081393352559115
0.1115,0.016406915649724244,1.0,9.079583044512889,0.9506608409127408,0.9794580103409943,0.9908684077901972,0.9983121066433972,9.079583044512889
0.112,0.016389415649724244,1.0,9.07760507502947,0.951250979788945,0.9781480716720939,0.9908343027141061,0.9980899729134082,9.07760507502947
0.1125,0.016371915649724244,1.0,9.075458027390086,0.9518340671781529,0.9768383781772694,0.9907998539188551,0.9978541570981633,9.075458027390086
0.113,0.016354415649724244,1.0,9.07314121256453,0.952410165584879,0.9755289309415285,0.990765060894365,0.997604667116542,9.07314121256453
0.1135,0.016336915649724244,1.0,9.070656632176883,0.9529793615736424,0.9742197271596322,0.9907299237064909,0.9973415101291048,9.070656632176883
0.114,0.016319415649724243,1.0,9.068004267578996,0.9535417757965147,0.9729107669586343,0.9906944435926618,0.9970646938129223,9.068004267578996
0.1145,0.016301915649724243,1.0,9.065184106646196,0.9540974820465195,0.971602050462983,0.990658620350105,0.9967742258483722,9.065184106646196
0.115,0.016284415649724243,1.0,9.062196141986027,0.9546465541166805,0.9702935777971261,0.9906224537726884,0.9964701139196184,9.062196141986027
0.1155,0.016266915649724243,1.0,9.059040370946128,0.9551890658000215,0.968985349085512,0.9905859436515216,0.9961523657146099,9.059040370946128
0.116,0.016249415649724243,1.0,9.055716795622477,0.9557250908895659,0.9676773644525886,0.9905490897755553,0.9958209889250769,9.055716795622477
0.1165,0.016231915649724246,1.0,9.052225422867092,0.9562547031783376,0.966369624022804,0.9905118919321828,0.9954759912465297,9.052225422867092
0.117,0.016214415649724243,1.0,9.048566264295667,0.9567779764593601,0.9650621279206063,0.9904743499078384,0.9951173803782557,9.048566264295667
0.11750000000000001,0.016196915649724246,1.0,9.044739336296978,0.9572949845256571,0.9637548762704438,0.9904364634885975,0.9947451640233166,9.044739336296978
0.11800000000000001,0.016179415649724242,1.0,9.040744660038818,0.9578058011702523,0.9624478691967642,0.9903982324607739,0.9943593498885467,9.040744660038818
0.11850000000000001,0.016161915649724246,1.0,9.036582261478138,0.9583105001861691,0.9611411068240159,0.9903596566115198,0.9939599456845498,9.036582261478138
0.11900000000000001,0.016144415649724242,1.0,9.032252171366803,0.9588091553664315,0.9598345892766469,0.9903207357294238,0.9935469591256973,9.032252171366803
0.11950000000000001,0.016126915649724245,1.0,9.027754425261842,0.959301840504063,0.9585283166791053,0.9902814696051107,0.9931203979301257,9.027754425261842
0.12,0.016109415649724245,1.0,9.023089063531646,0.9597886293920872,0.9572222891558392,0.99024185803184,0.9926802698197335,9.023089063531646
0.1205,0.016091915649724245,1.0,9.018256131365073,0.9602695958235278,0.9559165068312966,0.990201900806105,0.9922265825201795,9.018256131365073
0.121,0.016074415649724245,1.0,9.01325567877881,0.9607448135914084,0.9546109698299257,0.9901615977282346,0.9917593437608804,9.01325567877881
0.1215,0.016056915649724245,1.0,9.008087649141624,0.9612143190150483,0.9533056784382316,0.9901209473895818,0.9912785613355447,9.008087649141624
0.122,0.016039415649724244,1.0,9.002752249027159,0.9616781812454739,0.9520006325672388,0.9900799494258486,0.9907842429042191,9.002752249027159
0.1225,0.016021915649724244,1.0,8.997249810808295,0.9621365283147479,0.9506958319518021,0.9900386053996066,0.9902763960523002,8.997249810808295
0.123,0.016004415649724244,1.0,8.991580403671103,0.9625894188579041,0.9493912767162809,0.9899969146373375,0.9897550285103678,8.991580403671103
0.1235,0.015986915649724244,1.0,8.985744101652456,0.9630369115099761,0.9480869669850347,0.9899548764650801,0.9892201480127485,8.985744101652456
0.124,0.015969415649724244,1.0,8.979740983648611,0.9634790649059974,0.946782902882423,0.9899124902088571,0.9886717622975135,8.979740983648611
0.1245,0.015951915649724244,1.0,8.973571133423027,0.963915937681002,0.9454790845328048,0.9898697551950995,0.9881098791064759,8.973571133423027
0.125,0.015934415649724244,1.0,8.967234639613965,0.9643475884700234,0.94417551206054,0.989826670751076,0.9875345061851883,8.967234639613965
0.1255,0.015916915649724243,1.0,8.96073159574313,0.9647740759080954,0.9428721855899876,0.9897832362053214,0.9869456512829408,8.96073159574313
0.126,0.015899415649724243,1.0,8.954062100223263,0.9651954586302516,0.9415691052455073,0.9897394508880683,0.9863433221527576,8.954062100223263
0.1265,0.015881915649724243,1.0,8.947226256366712,0.9656117952715256,0.9402662711514583,0.9896953141316797,0.9857275265513956,8.947226256366712
0.127,0.015864415649724246,1.0,8.94022417239285,0.9660231444669513,0.9389636834322,0.989650825271083,0.9850982722393412,8.94022417239285
0.1275,0.015846915649724243,1.0,8.933055961435958,0.9664295648515622,0.937661342212092,0.9896059836442078,0.9844555669808084,8.933055961435958
0.128,0.015829415649724246,1.0,8.92572174155494,0.966831115060392,0.9363592476154934,0.9895607885924231,0.9837994185437356,8.92572174155494
0.1285,0.015811915649724242,1.0,8.918221635738455,0.9672278537284744,0.9350573997667638,0.9895152394609781,0.9831298346997843,8.918221635738455
0.129,0.015794415649724246,1.0,8.910555771916549,0.9676198394908432,0.9337557987902626,0.9894693355994439,0.9824468232243353,8.910555771916549
0.1295,0.015776915649724242,1.0,8.902724282964948,0.9680071309825319,0.9324544448103491,0.9894230763621598,0.9817503918964873,8.902724282964948
0.13,0.015759415649724245,1.0,8.894727306716806,0.9683897868385744,0.9311533379513828,0.9893764611086773,0.981040548499054,8.894727306716806
0.1305,0.015741915649724245,1.0,8.886564985967365,0.9687678656940041,0.929852478337723,0.9893294892042113,0.9803173008185615,8.886564985967365
0.131,0.015724415649724245,1.0,8.878237468484814,0.9691414261838549,0.9285518660937292,0.98928216002009,0.9795806566452464,8.878237468484814
0.1315,0.015706915649724245,1.0,8.86974490701657,0.9695105269431604,0.9272515013437607,0.989234472934208,0.9788306237730525,8.86974490701657
0.132,0.015689415649724245,1.0,8.861087104936287,0.96987516744742,0.9259513847315434,0.9891864252678402,0.9780672103072964,8.861087104936287
0.1325,0.015671915649724245,1.0,8.852264536223865,0.9702354606250765,0.9246515159258082,0.9891380182908739,0.977290423790885,8.852264536223865
0.133,0.015654415649724245,1.0,8.84327736731169,0.9705914676836152,0.9233518950529388,0.9890892514930016,0.9765002720320972,8.84327736731169
0.1335,0.015636915649724244,1.0,8.834125677810222,0.9709432343972763,0.9220525223741272,0.9890401238288041,0.9756967629270562,8.834125677810222
0.134,0.015619415649724244,1.0,8.824809552550008,0.9712908065403004,0.9207533981505649,0.9889906342542857,0.9748799043812685,8.824809552550008
0.1345,0.015601915649724244,1.0,8.815329081597913,0.9716342298869282,0.9194545226434439,0.9889407817271921,0.974049704309618,8.815329081597913
0.135,0.015584415649724244,1.0,8.805684360274439,0.9719735502113998,0.9181558961139558,0.9888905652073274,0.9732061706363616,8.805684360274439
0.1355,0.015566915649724244,1.0,8.795875489170994,0.9723088132879557,0.9168575188232924,0.9888399836568748,0.9723493112951233,8.795875489170994
0.136,0.015549415649724244,1.0,8.785902574166602,0.9726400648908365,0.9155593910326454,0.9887890360407199,0.9714791342288892,8.785902574166602
0.1365,0.015531915649724243,1.0,8.775765726445211,0.9729673507942828,0.9142615130032067,0.9887377213267771,0.9705956473900028,8.775765726445211
0.137,0.015514415649724243,1.0,8.765465062512899,0.9732907167725348,0.912963884996168,0.9886860384863164,0.9696988587401589,8.765465062512899
0.1375,0.015496915649724243,1.0,8.755000704214844,0.9736102085998329,0.911666507272721,0.988633986494294,0.968788776250399,8.755000704214844
0.138,0.015479415649724243,1.0,8.74437277875275,0.9739258720504178,0.9103693800940575,0.9885815643296864,0.9678654079011059,8.74437277875275
0.1385,0.015461915649724243,1.0,8.73358141870168,0.9742377528985299,0.9090725037213694,0.9885287709758253,0.9669287616819985,8.73358141870168
0.139,0.015444415649724244,1.0,8.722626762027604,0.9745458969184095,0.9077758784158482,0.9884756054207358,0.9659788455921263,8.722626762027604
0.1395,0.015426915649724244,1.0,8.711508952104,0.9748503498842973,0.9064795044386857,0.9884220666574777,0.9650156676398648,8.711508952104
0.14,0.015409415649724244,1.0,8.700228137730058,0.9751511575704337,0.905183382051074,0.9883681536844896,0.9640392358429096,8.700228137730058
0.1405,0.015391915649724244,1.0,8.688784473147225,0.975448365751059,0.9038875115142043,0.988313865505934,0.9630495582282712,8.688784473147225
0.14100000000000001,0.015374415649724244,1.0,8.677178118056567,0.9757420202004138,0.9025918930892688,0.9882592011320473,0.9620466428322703,8.677178118056567
0.14150000000000001,0.015356915649724244,1.0,8.665409237636148,0.9760321666927384,0.9012965270374591,0.9882041595794914,0.9610304977005318,8.665409237636148
0.14200000000000002,0.015339415649724245,1.0,8.653477881518208,0.9763188367620413,0.9000014137994838,0.9881487393343088,0.9600011310315918,8.653477881518208
0.14250000000000002,0.015321915649724245,1.0,8.641383999908312,0.9766020511467175,0.8987065539722975,0.9880929384721795,0.9589585511673316,8.641383999908312
0.14300000000000002,0.015304415649724245,1.0,8.629128118907937,0.9768818988986048,0.897411947306707,0.9880367576609504,0.9579027657783926,8.629128118907937
0.14350000000000002,0.015286915649724245,1.0,8.616710320137543,0.9771584157519899,0.8961175942209438,0.9879801955661188,0.9568337830782221,8.616710320137543
0.14400000000000002,0.015269415649724245,1.0,8.604130691090303,0.9774316374411594,0.8948234951332391,0.9879232508547213,0.9557516112960489,8.604130691090303
0.1445,0.015251915649724244,1.0,8.591389325159723,0.9777015997003994,0.8935296504618242,0.9878659221955802,0.9546562586768746,8.591389325159723
0.145,0.015234415649724244,1.0,8.578486321668004,0.9779683382639965,0.89223606062493,0.9878082082595542,0.9535477334814649,8.578486321668004
0.1455,0.015216915649724244,1.0,8.565421785893317,0.9782318888662372,0.890942726040788,0.9877501077197883,0.9524260439863415,8.565421785893317
0.146,0.015199415649724244,1.0,8.552195829098261,0.978492287241408,0.8896496471276292,0.9876916192519709,0.951291198483773,8.552195829098261
0.1465,0.015181915649724244,1.0,8.538808568557926,0.9787495691237953,0.8883568243036849,0.9876327415345887,0.9501432052817669,8.538808568557926
0.147,0.015164415649724244,1.0,8.525260127587654,0.9790037702476855,0.8870642579871865,0.9875734732491871,0.9489820727040609,8.525260127587654
0.1475,0.015146915649724244,1.0,8.511550635571728,0.9792549263473651,0.8857719485963651,0.9875138130806328,0.9478078090901142,8.511550635571728
0.148,0.015129415649724245,1.0,8.497680227991392,0.9795030731571205,0.8844798965494518,0.9874537597173773,0.9466204227950986,8.497680227991392
0.1485,0.015111915649724245,1.0,8.48364904645258,0.9797482464112381,0.883188102264678,0.987393311851725,0.9454199221898907,8.48364904645258
0.149,0.015094415649724245,1.0,8.469457238715085,0.9799904818440046,0.8818965661602749,0.9873324681801029,0.9442063156610627,8.469457238715085
0.1495,0.015076915649724245,1.0,8.455104958720288,0.9802298151897063,0.8806052886544736,0.9872712274033333,0.9429796116108737,8.455104958720288
0.15,0.015059415649724244,1.0,8.440592366619713,0.9804662821826295,0.8793142701655055,0.9872095882269086,0.9417398184572616,8.440592366619713
0.1505,0.015041915649724244,1.0,8.425919628803477,0.980699918557061,0.8780235111116016,0.98714754936127,0.9404869446338336,8.425919628803477
0.151,0.015024415649724246,1.0,8.411086917928841,0.980930760047287,0.8767330119109932,0.9870851095220868,0.9392209985898586,8.411086917928841
0.1515,0.015006915649724246,1.0,8.396094412948479,0.9811588423875939,0.8754427729819116,0.9870222674305408,0.9379419887902576,8.396094412948479
0.152,0.014989415649724246,1.0,8.380942299139305,0.9813842013122682,0.874152794742588,0.9869590218136111,0.9366499237155953,8.380942299139305
0.1525,0.014971915649724245,1.0,8.365630156971985,0.9816068227502426,0.8728630785331352,0.9868953693567379,0.9353448127997129,8.365630156971985
0.153,0.014954415649724245,1.0,8.35015863270985,0.9818267789106819,0.8715736240975689,0.9868313102776739,0.9340266638902699,8.35015863270985
0.1535,0.014936915649724245,1.0,8.334528160587258,0.9820441263401789,0.8702844315075456,0.9867668441804953,0.9326954851627175,8.334528160587258
0.154,0.014919415649724245,1.0,8.318738816874186,0.9822588921325845,0.868995501384641,0.9867019694647183,0.9313512853701535,8.318738816874186
0.1545,0.014901915649724245,1.0,8.302790684820451,0.9824711033817497,0.8677068343504302,0.986636684530578,0.9299940732896619,8.302790684820451
0.155,0.014884415649724245,1.0,8.286683854697506,0.9826807871815254,0.8664184310264885,0.986570987779222,0.9286238577222999,8.286683854697506
0.1555,0.014866915649724245,1.0,8.27041842384239,0.9828879706257625,0.8651302920343917,0.9865048776129063,0.9272406474930862,8.27041842384239
0.156,0.014849415649724244,1.0,8.253994496700411,0.9830926808083119,0.8638424179957149,0.9864383524351933,0.9258444514509856,8.253994496700411
0.1565,0.014831915649724244,1.0,8.237412184868436,0.9832949448230246,0.8625548095320337,0.9863714106511537,0.9244352784688978,8.237412184868436
0.157,0.014814415649724244,1.0,8.220671607138037,0.9834947897637515,0.8612674672649234,0.9863040506675685,0.9230131374436437,8.220671607138037
0.1575,0.014796915649724244,1.0,8.203772889539492,0.9836922427243434,0.8599803918159594,0.9862362708931341,0.921578037295951,8.203772889539492
0.158,0.014779415649724244,1.0,8.186716165384377,0.9838873307986513,0.8586935838067172,0.9861680697386709,0.920129986970443,8.186716165384377
0.1585,0.014761915649724244,1.0,8.169501575310186,0.9840800810805261,0.8574070438587721,0.9860994456173328,0.9186689954356234,8.169501575310186
0.159,0.014744415649724243,1.0,8.152129267323126,0.9842705206638189,0.8561207725936996,0.9860303969448188,0.9171950716838644,8.152129267323126
0.1595,0.014726915649724243,1.0,8.13459939684261,0.9844586766423804,0.8548347706330749,0.985960922139589,0.9157082247313921,8.13459939684261
0.16,0.014709415649724243,1.0,8.116912126744756,0.9846445761100615,0.8535490385984736,0.9858910196230809,0.9142084636182746,8.116912126744756
0.1605,0.014691915649724245,1.0,8.099067627406741,0.9848282461607133,0.8522635771114713,0.9858206878199287,0.9126957974084072,8.099067627406741
0.161,0.014674415649724245,1.0,8.081066076750595,0.9850097138881867,0.8509783867936429,0.9857499251581862,0.9111702351894996,8.081066076750595
0.1615,0.014656915649724244,1.0,8.062907660287586,0.9851890063863324,0.8496934682665642,0.98567873006955,0.9096317860730626,8.062907660287586
0.162,0.014639415649724244,1.0,8.044592571162807,0.9853661507490016,0.8484088221518106,0.9856071009895865,0.9080804591943944,8.044592571162807
0.1625,0.014621915649724244,1.0,8.026121010199011,0.9855411740700452,0.8471244490709573,0.9855350363579624,0.9065162637125667,8.026121010199011
0.163,0.014604415649724244,1.0,8.007493185941893,0.9857141034433138,0.8458403496455797,0.9854625346186741,0.9049392088104116,8.007493185941893
0.1635,0.014586915649724246,1.0,7.988709314703891,0.9858849659626586,0.8445565244972535,0.9853895942202837,0.9033493036945082,7.988709314703891
0.164,0.014569415649724245,1.0,7.969769620609322,0.9860537887219305,0.8432729742475539,0.9853162136161551,0.9017465575951684,7.969769620609322
0.1645,0.014551915649724245,1.0,7.950674335639653,0.9862205988149804,0.8419896995180562,0.9852423912646926,0.9001309797664234,7.950674335639653
0.165,0.014534415649724245,1.0,7.931423433698709,0.9863854133553168,0.8407067013423786,0.9851681251828788,0.8985025800110953,7.931423433698709
0.1655,0.014516915649724245,1.0,7.912017130930481,0.9865482602285987,0.839423980392757,0.9850934138744951,0.8968613677083772,7.912017130930481
0.166,0.014499415649724245,1.0,7.89245557215524,0.9867091620218732,0.8381415374648822,0.9850182556042015,0.8952073524230715,7.89245557215524
0.1665,0.014481915649724245,1.0,7.872738896408428,0.9868681406886921,0.8368593733768394,0.9849426486096768,0.8935405437800099,7.872738896408428
0.167,0.014464415649724244,1.0,7.852867251474764,0.9870252181826066,0.8355774889467135,0.9848665911302608,0.8918609514357274,7.852867251474764
0.1675,0.014446915649724244,1.0,7.832840793947409,0.9871804164571683,0.8342958849925899,0.9847900814071396,0.890168585078444,7.832840793947409
0.168,0.014429415649724244,1.0,7.8126596892888305,0.9873337574659287,0.8330145623325537,0.9847131176835336,0.8884634544280456,7.8126596892888305
0.1685,0.014411915649724244,1.0,7.792324111890737,0.987485263162439,0.83173352178469,0.9846356982048879,0.8867455692360664,7.792324111890737
0.169,0.014394415649724244,1.0,7.771834245135039,0.9876349555002508,0.8304527641670839,0.9845578212190629,0.8850149392856701,7.771834245135039
0.1695,0.014376915649724244,1.0,7.751190281454137,0.9877828564329156,0.8291722902978206,0.9844794849765292,0.8832715743916316,7.751190281454137
0.17,0.014359415649724244,1.0,7.730392422391818,0.987928987913985,0.8278921009949853,0.984400687730564,0.8815154844003187,7.730392422391818
0.1705,0.014341915649724243,1.0,7.7094408786648145,0.98807337189701,0.8266121970766632,0.9843214277374497,0.8797466791896725,7.7094408786648145
0.171,0.014324415649724243,1.0,7.688335842295101,0.988216029493545,0.8253325794048835,0.9842417032173758,0.8779651687305946,7.688335842295101
0.1715,0.014306915649724243,1.0,7.667077490266194,0.988356981342918,0.82405324888026,0.9841615123719833,0.8761709630816331,7.667077490266194
0.17200000000000001,0.014289415649724243,1.0,7.64566600166318,0.9884962477010792,0.8227742064153193,0.9840808533867189,0.8743640723531205,7.64566600166318
0.17250000000000001,0.014271915649724244,1.0,7.624101548132049,0.9886338482329385,0.8214954529497676,0.9839997244210414,0.8725445067295654,7.624101548132049
0.17300000000000001,0.014254415649724244,1.0,7.602384311248029,0.9887698026034062,0.8202169894233108,0.983918123636304,0.8707122764319282,7.602384311248029
0.17350000000000002,0.014236915649724244,1.0,7.580514482587379,0.988904130477392,0.8189388167756553,0.9838360491959345,0.8688673917176011,7.580514482587379
0.17400000000000002,0.014219415649724244,1.0,7.558492263799063,0.9890368515198061,0.817660935946507,0.9837534992656181,0.8670098628803847,7.558492263799063
0.17450000000000002,0.014201915649724244,1.0,7.536317861160369,0.9891679852612112,0.8163833478843389,0.9836704720071192,0.8651397002633451,7.536317861160369
0.17500000000000002,0.014184415649724244,0.0,7.513976458146355,0.9860645986642984,0.815106077464293,0.9834170052219139,0.8632569496374398,7.513976458146355
0.17550000000000002,0.014166915649724244,0.0,7.49061289011081,0.9642936445807613,0.813830489270613,0.9821126558715911,0.8613636530991226,7.49061289011081
0.176,0.014149415649724245,0.0,7.465800581429926,0.9430034914292342,0.812557272297659,0.9807079398614454,0.8594608953260241,7.465800581429926
0.1765,0.014131915649724245,0.0,7.439647277528789,0.9221832596619038,0.8112862660341169,0.9791954467242568,0.8575485064506156,7.439647277528789
0.177,0.014114415649724245,0.0,7.412218793806681,0.901822574734216,0.8100173766796701,0.9775672939250488,0.8556264113453026,7.412218793806681
0.1775,0.014096915649724245,0.0,7.3835487300407125,0.8819115345418168,0.8087505620486088,0.9758151099308435,0.853694609933108,7.3835487300407125
0.178,0.014079415649724245,0.0,7.353670826019497,0.8624402369803524,0.8074857799552236,0.9739299731916823,0.8517531003222057,7.353670826019497
0.1785,0.014061915649724244,0.0,7.322613280266396,0.8433988973311771,0.8062229973368533,0.9719023946131901,0.8498018929555473,7.322613280266396
0.179,0.014044415649724244,0.0,7.29039248290256,0.8247778158834571,0.8049622004451081,0.9697222895377827,0.8478410269791433,7.29039248290256
0.1795,0.014026915649724244,0.0,7.257000359732226,0.8065677678904013,0.8037034155364104,0.9673790029135027,0.8458706037117154,7.257000359732226
0.18,0.014009415649724244,0.0,7.222414759353763,0.7887598718445494,0.8024466924756242,0.9648612877448604,0.8438907627447175,7.222414759353763
0.1805,0.013991915649724244,0.0,7.186614153869195,0.7713452462384413,0.8011920811276136,0.9621572463587266,0.8419016455745225,7.186614153869195
0.181,0.013974415649724244,0.0,7.149571456347442,0.7543151657455582,0.7999396414896527,0.9592543349324041,0.8399034118108453,7.149571456347442
0.1815,0.013956915649724245,0.0,7.111256538822051,0.7376609104015999,0.7986894397539007,0.9561393263541588,0.8378962333336065,7.111256538822051
0.182,0.013939415649724245,0.0,7.071617989797912,0.7213743257186979,0.7974415783801385,0.9527984101326694,0.8358803433234817,7.071617989797912
0.1825,0.013921915649724245,0.0,7.030599229779876,0.7054474299356643,0.7961961701719362,0.9492171411333592,0.8338559957896545,7.030599229779876
0.183,0.013904415649724245,0.0,6.98814493811388,0.6898722412913115,0.7949533279328638,0.945380410229379,0.8318234490967692,6.98814493811388
0.1835,0.013886915649724245,0.0,6.944193711578712,0.6746409715493231,0.793713176744147,0.9412725009975275,0.8297829862040338,6.944193711578712
0.184,0.013869415649724244,0.0,6.898684381870619,0.6597458120215761,0.7924758438020859,0.9368770587907882,0.827734898377375,6.898684381870619
0.1845,0.013851915649724246,0.0,6.851535939725682,0.6451795277846135,0.7912414920670525,0.9321773020607942,0.825679541462438,6.851535939725682
0.185,0.013834415649724246,0.0,6.8026671666149685,0.6309349456742012,0.7900102882264881,0.9271559488956195,0.8236172837971096,6.8026671666149685
0.1855,0.013816915649724246,0.0,6.751998759346751,0.6170048999320431,0.7887823994175829,0.9217952524269429,0.8215485008168261,6.751998759346751
0.186,0.013799415649724246,0.0,6.699445624085443,0.6033824296389458,0.787558006463642,0.9160771456076111,0.8194735975291922,6.699445624085443
0.1865,0.013781915649724245,0.0,6.644923248070325,0.5900605727859899,0.7863372936226892,0.9099832548888466,0.8173929916140923,6.644923248070325
0.187,0.013764415649724245,0.0,6.588331202084373,0.5770328828905107,0.7851204769920772,0.9034952487044176,0.8153071623675503,6.588331202084373
0.1875,0.013746915649724245,0.0,6.529572389643554,0.5642929134698439,0.7839077726691583,0.8965947671000862,0.8132165971487834,6.529572389643554
0.188,0.013729415649724245,0.0,6.4685518042733365,0.5518342688446939,0.7826993992729708,0.8892635824262879,0.811121795694689,6.4685518042733365
0.1885,0.013711915649724245,0.0,6.405173579728305,0.5396506332798328,0.7814955835044831,0.8814837783628994,0.8090232798878148,6.405173579728305
0.189,0.013694415649724245,0.0,6.339337692748478,0.5277359068647207,0.7802965665111513,0.8732380285345857,0.8069216052528442,6.339337692748478
0.1895,0.013676915649724244,0.0,6.270940426338956,0.5160842961813645,0.7791026039571511,0.8645099039656285,0.8048173616859551,6.270940426338956
0.19,0.013659415649724244,0.0,6.199883203017174,0.5046900078117705,0.7779139515066583,0.8552839183455107,0.8027111482584524,6.199883203017174
0.1905,0.013641915649724244,0.0,6.126072828435374,0.4935473898355744,0.7767308650078926,0.8455458734787775,0.8006035734395045,6.126072828435374
0.191,0.013624415649724244,0.0,6.049414615154833,0.4826506501626696,0.7755536133440334,0.8352828933772395,0.7984952780683213,6.049414615154833
0.1915,0.013606915649724244,0.0,5.969819023376761,0.47199436399792244,0.7743824676916784,0.8244841187383697,0.7963869164604138,5.969819023376761
0.192,0.013589415649724244,0.0,5.887204668580075,0.46157340001389086,0.7732176969510712,0.8131410092306407,0.7942791480952953,5.887204668580075
0.1925,0.013571915649724244,0.0,5.801497463161263,0.45138262688313285,0.7720595700224556,0.8012473874683158,0.7921726415266087,5.801497463161263
0.193,0.013554415649724243,0.0,5.712631076223841,0.4414169132782064,0.7709083558060755,0.7887997063979736,0.7900680742420972,5.712631076223841
0.1935,0.013536915649724243,0.0,5.620556374705062,0.43167127535007166,0.7697643067090736,0.775797482368303,0.7879661021393858,5.620556374705062
0.194,0.013519415649724245,0.0,5.525211617137663,0.4221406606197938,0.7686277141835842,0.7622433396184709,0.7858674614243473,5.525211617137663
0.1945,0.013501915649724245,0.0,5.426574949050865,0.41282039312632224,0.7674988130813637,0.7481437726923738,0.7837727923257014,5.426574949050865
0.195,0.013484415649724244,0.0,5.324647010671653,0.40370596047430674,0.7663778129409773,0.7335091825697376,0.7816826948550359,5.324647010671653
0.1955,0.013466915649724244,0.0,5.219437498659524,0.3947928502683969,0.7652649233009902,0.7183538485259036,0.7795977750684399,5.219437498659524
0.196,0.013449415649724244,0.0,5.110965606757218,0.38607655011324227,0.7641603536999673,0.7026960275814814,0.7775186449323018,5.110965606757218
0.1965,0.013431915649724244,0.0,4.9992901658045605,0.3775527469788993,0.7630642557475901,0.686558304153627,0.7754458123822263,4.9992901658045605
0.197,0.013414415649724246,0.0,4.884438593633925,0.3692169698887311,0.7619768609123712,0.6699671021156691,0.7733799410354851,4.884438593633925
0.1975,0.013396915649724245,0.0,4.766540965090968,0.36106521662450625,0.7608982181932439,0.6529535271836708,0.7713213517473375,4.766540965090968
0.198,0.013379415649724245,0.0,4.645739406687433,0.3530935113730942,0.7598283668080629,0.6355526448560537,0.7692703464396704,4.645739406687433
0.1985,0.013361915649724245,0.0,4.52218311860113,0.3452978783213642,0.7587673459746825,0.6178032054172579,0.7672272265276059,4.52218311860113
0.199,0.013344415649724245,0.0,4.396029731943816,0.33767434623181347,0.7577151922755662,0.5997473381089895,0.7651922877837365,4.396029731943816
0.1995,0.013326915649724245,0.0,4.267485386670277,0.3302191052236023,0.7566718550104362,0.5814304467785046,0.7631656554237513,4.267485386670277
0.2,0.013309415649724245,0.0,4.136720247585346,0.32292846748480336,0.7556373707589066,0.5629009119421312,0.7611476217215196,4.136720247585346
0.2005,0.013313790649724244,0.0,4.716249951287175,0.3157987986185609,0.7547631701310733,0.544373463020446,0.7594355891033564,4.716249951287175
0.201,0.013318165649724245,0.0,5.191783822058178,0.3088265455672991,0.7541589797329544,0.5260224061064045,0.7582487710162323,5.191783822058178
0.2015,0.013322540649724244,0.0,5.571654577376077,0.3020082295199694,0.7537726623203952,0.5078447855749502,0.7574883927168554,5.571654577376077
0.202,0.013326915649724245,0.0,5.865261120012677,0.2953404561602222,0.7535651498711513,0.48984795883834453,0.7570794585678875,5.865261120012677
0.2025,0.013331290649724244,0.0,6.082768037776819,0.2888198989536357,0.7535050856206719,0.47204456810289525,0.7569610287405107,6.082768037776819
0.203,0.013335665649724245,0.0,6.2484794586293155,0.2824433081431563,0.7535421180794546,0.4544241456926669,0.757034049756954,6.2484794586293155
0.20350000000000001,0.013340040649724244,0.0,6.369231357715575,0.2762075054810045,0.7536605726604197,0.43701199492036247,0.7572675461520306,6.369231357715575
0.20400000000000001,0.013344415649724245,0.0,6.431853145786954,0.27010937966682874,0.7538807820782389,0.41986961177892934,0.7577013222783228,6.431853145786954
0.20450000000000002,0.013348790649724244,0.0,6.425320183489063,0.26414589743605915,0.7542202242160788,0.4030516344914065,0.7583692072624217,6.425320183489063
0.20500000000000002,0.013353165649724245,0.0,6.345911057377198,0.2583140802439362,0.7546855261303632,0.38659706019314466,0.7592832356402531,6.345911057377198
0.20550000000000002,0.013357540649724244,0.0,6.2028042002631505,0.25261102285174303,0.755262987106103,0.37052014279584655,0.7604151780790899,6.2028042002631505
0.20600000000000002,0.013361915649724245,0.0,6.014267559382864,0.2470338832326167,0.7559240085143315,0.35481756334275494,0.7617076415211516,6.014267559382864
0.20650000000000002,0.013366290649724244,0.0,5.79962464498998,0.24157987830251826,0.7566375306666864,0.3394823333144441,0.7630988340799679,5.79962464498998
0.20700000000000002,0.013370665649724245,0.0,5.572821362050266,0.23624629341165881,0.7573807133126716,0.3245147226144735,0.7645435269093279,5.572821362050266
0.20750000000000002,0.013375040649724244,0.0,5.342718089669648,0.23103046746899908,0.7581386577289834,0.309921420603466,0.7660123644594485,5.342718089669648
0.20800000000000002,0.013379415649724245,0.0,5.113996487939899,0.22592980437204452,0.7589032946116547,0.29571385942200307,0.7674895146035418,5.113996487939899
0.20850000000000002,0.013383790649724244,0.0,4.889260210716657,0.2209417501987432,0.759669940285344,0.2819044094893266,0.7689658495901994,4.889260210716657
0.20900000000000002,0.013388165649724245,0.0,4.669782389103688,0.21606383009836283,0.7604361643542144,0.2685051697214436,0.770436674602716,4.669782389103688
0.20950000000000002,0.013392540649724245,0.0,4.456394974814967,0.21129362241563787,0.7612002172599434,0.25552637117593324,0.771898655053207,4.456394974814967
0.21000000000000002,0.013396915649724245,0.0,4.249642013626601,0.20662871300074817,0.7619607897209004,0.2429760491197334,0.7733493374788105,4.249642013626601
0.21050000000000002,0.013401290649724245,0.0,4.04982673320255,0.20206679968682054,0.7627169672309444,0.2308603467972039,0.7747870494396771,4.04982673320255
0.21100000000000002,0.013405665649724246,0.0,3.857186567590534,0.19760562451537736,0.7634678930468415,0.21918313493083955,0.7762102495211983,3.857186567590534
0.21150000000000002,0.013410040649724245,0.0,3.6718760872694576,0.19324300570794853,0.7642128169024016,0.20794625972918432,0.7776176171475985,3.6718760872694576
0.21200000000000002,0.013414415649724246,0.0,3.4940802949520005,0.18897662487871805,0.7649508469342341,0.19714894151762608,0.7790075825722647,3.4940802949520005
0.21250000000000002,0.013418790649724245,0.0,3.323757323288943,0.1848043992983925,0.7656815505213868,0.18678935019201962,0.7803794569357543,3.323757323288943
0.21300000000000002,0.013423165649724244,0.0,3.160806784599873,0.1807243159245612,0.7664046037349608,0.17686402006263843,0.7817327633751172,3.160806784599873
0.21350000000000002,0.013427540649724245,0.0,3.005119336828446,0.17673436171481335,0.7671196826460572,0.16736775946808266,0.7830670311565076,3.005119336828446
0.21400000000000002,0.013431915649724244,0.0,2.856577348294667,0.1728325236267383,0.7678264633257772,0.15829383324560808,0.7843817954727332,2.856577348294667
0.21450000000000002,0.013436290649724245,0.0,2.7150079064916115,0.16901686047722375,0.7685247481009493,0.14963438164890278,0.785676831033084,2.7150079064916115
0.21500000000000002,0.013440665649724244,0.0,2.5801059395900756,0.16528537439187255,0.7692146925914876,0.14138038523257956,0.7869525675374336,2.5801059395900756
0.21550000000000002,0.013445040649724245,0.0,2.451550993031965,0.1616362315834361,0.769896527228104,0.1335221643967968,0.7882095672732532,2.451550993031965
0.21600000000000003,0.013449415649724244,0.0,2.329023831261719,0.1580676752719835,0.7705705185357359,0.12604928276476554,0.7894484521401556,2.329023831261719
0.21650000000000003,0.013453790649724245,0.0,2.2122198619754205,0.15457794867758384,0.7712369330393201,0.11895050302683693,0.7906698367789738,2.2122198619754205
0.21700000000000003,0.013458165649724244,0.0,2.1008485963293184,0.1511652950203062,0.7718960372637937,0.11221393961768293,0.7918743287361577,2.1008485963293184
0.21750000000000003,0.013462540649724245,0.0,1.9946416317166475,0.147828010117023,0.772548071464293,0.10582729435857298,0.7930624808215506,1.9946416317166475
0.21800000000000003,0.013466915649724244,0.0,1.8933041907283983,0.1445643598749582,0.7731933982208736,0.09977787424511672,0.7942350615576191,1.8933041907283983
0.21850000000000003,0.013471290649724245,0.0,1.7966165184134022,0.14137272049150185,0.7738321872107382,0.09405285481672085,0.7953924818324858,1.7966165184134022
0.21900000000000003,0.013475665649724244,0.0,1.7043973240929304,0.1382515596895462,0.7744645095277587,0.08863937431555553,0.7965349701497821,1.7043973240929304
0.21950000000000003,0.013480040649724245,0.0,1.6164709086022264,0.13519934519198354,0.7750904362658069,0.08352448857314275,0.7976627525635797,1.6164709086022264
0.22000000000000003,0.013484415649724244,0.0,1.5326670441885355,0.13221454472170613,0.7757100385187545,0.07869525940024234,0.7987760527149657,1.5326670441885355
0.22050000000000003,0.013488790649724245,0.0,1.4528255298006436,0.1292956692748466,0.7763233704621073,0.07413889689109687,0.7998750615942732,1.4528255298006436
0.22100000000000003,0.013493165649724245,0.0,1.3768311677869665,0.12644121277641923,0.7769303365614016,0.06984268864987671,0.8009597010135618,1.3768311677869665
0.22150000000000003,0.013497540649724245,0.0,1.3045636137579606,0.12364971266847838,0.7775308623299985,0.0657942079453716,0.8020299311374636,1.3045636137579606
0.22200000000000003,0.013501915649724245,0.0,1.2359005475573928,0.12091984210551551,0.7781248853999281,0.061981478327104385,0.8030857340848199,1.2359005475573928
0.22250000000000003,0.013506290649724246,0.0,1.170721218100246,0.11825027424202213,0.7787123434032206,0.05839278964672548,0.8041270921516234,1.170721218100246
0.22300000000000003,0.013510665649724245,0.0,1.1089065504164508,0.11563968223248976,0.7792931739719063,0.05501673459280082,0.8051539877784192,1.1089065504164508
0.22350000000000003,0.013515040649724246,0.0,1.050339253716919,0.11308673923140988,0.7798673147380153,0.0518422385251553,0.8061664035173919,1.050339253716919
0.22400000000000003,0.013519415649724245,0.0,0.9948983709355826,0.11059019831975496,0.7804347276511128,0.04885868464150257,0.8071643647134359,0.9948983709355826
0.22450000000000003,0.013523790649724244,0.0,0.942465275053107,0.10814871031031455,0.7809953758614073,0.0460556952052179,0.808147898423655,0.942465275053107
0.22500000000000003,0.013528165649724245,0.0,0.8929132729432409,0.10576108215275852,0.7815492721949258,0.04342346677229506,0.8091171180857335,0.8929132729432409
0.22550000000000003,0.013532540649724244,0.0,0.8461166477350195,0.10342617567615146,0.7820964433509533,0.04095262675670578,0.8100721599987828,0.8461166477350195
0.22600000000000003,0.013536915649724245,0.0,0.8019538704703325,0.10114285270955796,0.782636916028775,0.038634169564956286,0.8110131589060728,0.8019538704703325
0.22650000000000003,0.013541290649724244,0.0,0.7603075530310184,0.09890997508204258,0.7831707169276761,0.03645946127484745,0.8119402480093683,0.7603075530310184
0.22700000000000004,0.013545665649724245,0.0,0.721064401253433,0.0967264046226699,0.7836978727469418,0.03442024124000419,0.8128535589832073,0.721064401253433
0.22750000000000004,0.013550040649724244,0.0,0.6841088030027236,0.09459111041879084,0.7842184437612075,0.03250872202767491,0.8137532799486593,0.6841088030027236
0.22800000000000004,0.013554415649724245,0.0,0.6493243808875108,0.09250288374339437,0.7847325195982613,0.030717316733185944,0.8146396475259482,0.6493243808875108
0.22850000000000004,0.013558790649724244,0.0,0.6165989976131908,0.09046068933693888,0.7852401946958633,0.0290389560150313,0.8155129041029171,0.6165989976131908
0.22900000000000004,0.013563165649724245,0.0,0.5858238743328887,0.08846357002279952,0.7857415730852003,0.0274669741149702,0.8163733059839817,0.5858238743328887
0.22950000000000004,0.013567540649724244,0.0,0.556895284355143,0.08651056862435143,0.7862367587974594,0.025995028237228202,0.8172211068423377,0.556895284355143
0.23000000000000004,0.013571915649724245,0.0,0.5297143824949349,0.08460072796496977,0.7867258558638275,0.024617091626462303,0.8180565577719324,0.5297143824949349
0.23050000000000004,0.013576290649724244,0.0,0.5041870372672599,0.08273309086802967,0.7872089683154916,0.02332744560204309,0.8188799073385702,0.5041870372672599
0.23100000000000004,0.013580665649724245,0.0,0.4802236659238357,0.08090670015690629,0.7876862001836387,0.0221206707473413,0.8196914016301522,0.4802236659238357
0.23150000000000004,0.013585040649724245,0.0,0.45773780239003575,0.0791206537992467,0.7881576636887327,0.020991673094695462,0.8204912981847358,0.45773780239003575
0.23200000000000004,0.013589415649724245,0.0,0.4366415218614181,0.07737401826349158,0.788623509375023,0.019935615470545304,0.821279916844276,0.4366415218614181
0.23250000000000004,0.013593790649724245,0.0,0.4168543460504091,0.07566587319807147,0.7890838692907713,0.01894793376685515,0.8220575432265903,0.4168543460504091
0.23300000000000004,0.013598165649724245,0.0,0.3983000054049133,0.07399542122755987,0.7895388757259115,0.01802438747087576,0.8228244606771468,0.3983000054049133
0.23350000000000004,0.013602540649724245,0.0,0.38090628916192115,0.07236186497653024,0.7899886609703769,0.017160968831683863,0.8235809499159388,0.38090628916192115
0.23400000000000004,0.013606915649724246,0.0,0.36460486161195715,0.07076440706955606,0.7904333573141015,0.016353893729248132,0.8243272890934437,0.36460486161195715
0.23450000000000004,0.013611290649724245,0.0,0.34933108296068865,0.06920225013121079,0.7908730970470186,0.015599592459436644,0.8250637538451772,0.34933108296068865
0.23500000000000004,0.013615665649724246,0.0,0.33502383478751324,0.06767459678606791,0.791308012459062,0.014894700506031835,0.8257906173448519,0.33502383478751324
0.23550000000000004,0.013620040649724245,0.0,0.32162537118146806,0.06618068138540742,0.7917382356779956,0.014236063393438539,0.8265081500859436,0.32162537118146806
0.23600000000000004,0.013624415649724246,0.0,0.30907937277722924,0.0647197472514183,0.7921639126266188,0.013620715360745987,0.8272166431412971,0.30907937277722924
0.23650000000000004,0.013628790649724245,0.0,0.29733317151349714,0.06329100463551074,0.7925851852866994,0.013045852085279246,0.8279163785497887,0.29733317151349714
0.23700000000000004,0.013633165649724246,0.0,0.28633802613619613,0.061893787230386174,0.7930021876798933,0.012508885512923167,0.8286076227787595,0.28633802613619613
0.23750000000000004,0.013637540649724245,0.0,0.2760479134494698,0.06052742872874605,0.7934150538278565,0.01200737952364508,0.8292906400602102,0.2760479134494698
0.23800000000000004,0.013641915649724244,0.0,0.26641938034035023,0.05919126282329182,0.7938239177522448,0.011539042597062316,0.8299656924358676,0.26641938034035023
0.23850000000000005,0.013646290649724245,0.0,0.25741140052102074,0.057884623206724904,0.7942289134747144,0.011101720655861996,0.8306330398008137,0.25741140052102074
0.23900000000000005,0.013650665649724244,0.0,0.2489852359897125,0.056606843571746765,0.7946301750169211,0.01069339010560551,0.8312929399456782,0.2489852359897125
0.23950000000000005,0.013655040649724245,0.0,0.24110470788755736,0.05535729424550193,0.795027832804875,0.01031216219314228,0.8319456427013349,0.24110470788755736
0.24000000000000005,0.013659415649724244,0.0,0.23373521234178748,0.05413534014901909,0.7954220211038818,0.009956261860707555,0.8325914022031177,0.23373521234178748
0.24050000000000005,0.013663790649724245,0.0,0.22684377620391027,0.05294029361384282,0.7958128766868334,0.00962400884970913,0.8332304746923749,0.22684377620391027
0.24100000000000005,0.013668165649724244,0.0,0.22040091156952674,0.051771603679690775,0.7962005206666309,0.009313865063831183,0.8338630888937907,0.22040091156952674
0.24150000000000005,0.013672540649724245,0.0,0.21437872062927574,0.0506287193862806,0.7965850741561759,0.009024386044892623,0.8344894717758061,0.21437872062927574
0.24200000000000005,0.013676915649724244,0.0,0.20875079542099545,0.04951108977332994,0.7969666582683694,0.008754215999203743,0.8351098485811477,0.20875079542099545
0.24250000000000005,0.013681290649724245,0.0,0.20349212143512352,0.04841816388055646,0.797345394116113,0.008502083013312345,0.8357244428561859,0.20349212143512352
0.24300000000000005,0.013685665649724245,0.0,0.198578985073046,0.0473493907476778,0.7977214028123079,0.008266794460350151,0.8363334764791175,0.198578985073046
0.24350000000000005,0.013690040649724245,0.0,0.1939888849586697,0.04630421941441161,0.7980948054698553,0.008047232596936064,0.8369371696869777,0.1939888849586697
0.24400000000000005,0.013694415649724245,0.0,0.18970134777131292,0.04528214748116894,0.7984657141797064,0.007842359964689294,0.8375357265556167,0.18970134777131292
0.24450000000000005,0.013698790649724246,0.0,0.18569668656169872,0.04428263094582306,0.7988342432783266,0.00765119606420883,0.8381293532903862,0.18569668656169872
0.24500000000000005,0.013703165649724245,0.0,0.18195620755720673,0.04330512056436187,0.7992005066131397,0.007472822131591286,0.838718253822321,0.18195620755720673
0.24550000000000005,0.013707540649724246,0.0,0.17846377346133466,0.04234916706359626,0.7995646006533232,0.007306395840321306,0.8393026027549528,0.17846377346133466
0.24600000000000005,0.013711915649724245,0.0,0.1752039928821186,0.04141432117033714,0.7999266218680553,0.0071511274420690335,0.8398825734514874,0.1752039928821186
0.24650000000000005,0.013716290649724246,0.0,0.17216216658314945,0.04050013361139538,0.8002866667265137,0.007006276805476741,0.8404583380511736,0.17216216658314945
0.24700000000000005,0.013720665649724245,0.0,0.16932423617896888,0.039606155113581905,0.8006448316978763,0.006871150591024829,0.8410300674849277,0.16932423617896888
0.24750000000000005,0.013725040649724246,0.0,0.16667673527521118,0.0387319364037076,0.8010012132513211,0.006745099558790244,0.8415979314902153,0.16667673527521118
0.24800000000000005,0.013729415649724245,0.0,0.16420674305336064,0.03787702820858336,0.801355907856026,0.00662751600563704,0.8421620986251854,0.16420674305336064
0.24850000000000005,0.013733790649724246,0.0,0.1619021369940908,0.03704099589949293,0.8017090087641537,0.006517833224345394,0.8427227311788221,0.1619021369940908
0.24900000000000005,0.013738165649724245,0.0,0.15975400884594934,0.036223503201167295,0.8020605790779828,0.006415533039096689,0.843279942580226,0.15975400884594934
0.24950000000000006,0.013742540649724244,0.0,0.15774939767764037,0.035423963510216865,0.8024107302036307,0.0063200997924252236,0.8438339218453503,0.15774939767764037
0.25000000000000006,0.013746915649724245,0.0,0.15588001239983476,0.03464202089126211,0.8027595266322588,0.00623107948147756,0.8443847826626775,0.15588001239983476
0.25050000000000006,0.013751290649724244,0.0,0.15413785080658035,0.03387731940892349,0.8031070328550282,0.006148046690698026,0.8449326379553962,0.15413785080658035
0.25100000000000006,0.013755665649724245,0.0,0.15251517717228563,0.03312950312782148,0.8034533133631,0.006070602942752568,0.8454775998882249,0.15251517717228563
0.25150000000000006,0.013760040649724244,0.0,0.15100450094090712,0.03239821611257655,0.8037984326476353,0.0059983751310697,0.846019779873902,0.15100450094090712
0.25200000000000006,0.013764415649724245,0.0,0.14959855650792822,0.03168310242780916,0.8041424551997954,0.00593101403116819,0.8465592885793435,0.14959855650792822
0.25250000000000006,0.013768790649724244,0.0,0.14829028409469563,0.030983806138139783,0.8044854455107415,0.005868192887925569,0.8470962359314671,0.14829028409469563
0.25300000000000006,0.013773165649724245,0.0,0.14707281171538183,0.030299971308188886,0.8048274680716347,0.005809606075941541,0.8476307311226849,0.14707281171538183
0.25350000000000006,0.013777540649724244,0.0,0.1459394382363874,0.029631242002576934,0.8051685873736362,0.005754967830163071,0.8481628826160622,0.1459394382363874
0.25400000000000006,0.013781915649724245,0.0,0.1448836175283002,0.0289772622859244,0.8055088679079071,0.005704011043962214,0.8486927981501443,0.1448836175283002
0.25450000000000006,0.013786290649724245,0.0,0.14390165153425102,0.02833775392297981,0.805848343022655,0.005656491799282072,0.8492205363718054,0.14390165153425102
0.25500000000000006,0.013790665649724245,0.0,0.14298820825007982,0.027712317561606623,0.806187065980294,0.0056121730752066445,0.8497461864266923,0.14298820825007982
0.25550000000000006,0.013795040649724245,0.0,0.1421391140327581,0.0271006572096275,0.8065250778610922,0.005570840863255337,0.8502698180133742,0.1421391140327581
0.25600000000000006,0.013799415649724246,0.0,0.1413505662129321,0.026502490654012428,0.8068624164125464,0.00553229579407594,0.8507914952239976,0.1413505662129321
0.25650000000000006,0.013803790649724245,0.0,0.14061883546462667,0.025917535681731392,0.8071991193821533,0.005496351274117902,0.8513112817319313,0.14061883546462667
0.25700000000000006,0.013808165649724246,0.0,0.1399402593159454,0.02534551007975437,0.8075352245174098,0.0054628327247332135,0.8518292407937446,0.1399402593159454
0.25750000000000006,0.013812540649724245,0.0,0.13931123603400208,0.02478613163505135,0.8078707695658125,0.005431576861605896,0.8523454352510675,0.13931123603400208
0.25800000000000006,0.013816915649724246,0.0,0.13872821888429696,0.024239118134592313,0.8082057922748584,0.005402431012789751,0.852859927532341,0.13872821888429696
0.25850000000000006,0.013821290649724245,0.0,0.13818771076417977,0.023704187365347237,0.8085403303920442,0.005375252473674786,0.8533727796544497,0.13818771076417977
0.25900000000000006,0.013825665649724246,0.0,0.1376863481079666,0.023181063698767906,0.8088744206196342,0.005349908213615284,0.853884051626078,0.1376863481079666
0.25950000000000006,0.013830040649724245,0.0,0.13722269365433729,0.022669556141356715,0.8092080774368234,0.005326277790227531,0.8543937691385873,0.13722269365433729
0.26000000000000006,0.013834415649724246,0.0,0.1367930572532959,0.022169273928367986,0.8095413421744695,0.005304239495382073,0.85490199863719,0.1367930572532959
0.26050000000000006,0.013838790649724245,0.0,0.1363956155206892,0.021679996081393607,0.8098742345242461,0.005283687368742951,0.8554087732090345,0.1363956155206892
0.26100000000000007,0.013843165649724244,0.0,0.13602856610319472,0.02120150162202547,0.810206774177827,0.005264522210806647,0.8559141257280547,0.13602856610319472
0.26150000000000007,0.013847540649724245,0.0,0.13569012580294434,0.020733569571855466,0.8105389808268861,0.005246651181423401,0.8564180888555399,0.13569012580294434
0.26200000000000007,0.013851915649724246,0.0,0.13537852880412757,0.020275978952475484,0.810870874163097,0.005229987419677587,0.8569206950406756,0.13537852880412757
0.26250000000000007,0.013856290649724245,0.0,0.13509202500137513,0.019828508785477407,0.8112024738781336,0.005214449684184196,0.8574219765210527,0.13509202500137513
0.26300000000000007,0.013860665649724244,0.0,0.1348288784300888,0.019390938092453132,0.8115337996636695,0.0051999620128864625,0.8579219653231445,0.1348288784300888
0.26350000000000007,0.013865040649724245,0.0,0.1345873657985627,0.01896304589499454,0.8118648712113784,0.005186453401468082,0.858420693262755,0.1345873657985627
0.26400000000000007,0.013869415649724244,0.0,0.13436577512186473,0.01854461121469353,0.8121957082129343,0.005173857499521741,0.8589181919454347,0.13436577512186473
0.26450000000000007,0.013873790649724245,0.0,0.13416240445787087,0.018135413073141985,0.8125263303600107,0.005162112323644119,0.8594144927668645,0.13416240445787087
0.26500000000000007,0.013878165649724244,0.0,0.1339759022206172,0.01773525827366589,0.8128567532740685,0.005151160741654821,0.8599096208195085,0.1339759022206172
0.26550000000000007,0.013882540649724245,0.0,0.13380579029136433,0.017343954215544532,0.8131869822415109,0.005140949331037122,0.8604035855838656,0.13380579029136433
0.26600000000000007,0.013886915649724245,0.0,0.13365059251427952,0.016961242520056076,0.8135170345087307,0.005131426519988499,0.8608964143263282,0.13365059251427952
0.26650000000000007,0.013891290649724245,0.0,0.1335095067073059,0.016586953248564303,0.8138469193461297,0.005122546387538048,0.8613881222522947,0.1335095067073059
0.26700000000000007,0.013895665649724245,0.0,0.13338173462176187,0.01622091646243299,0.8141766460241098,0.005114265953713045,0.861878724468604,0.13338173462176187
0.26750000000000007,0.013900040649724246,0.0,0.13326648154594242,0.01586296222302592,0.8145062238130725,0.00510654500366646,0.8623682359836562,0.13326648154594242
0.26800000000000007,0.013904415649724245,0.0,0.1331629559311754,0.015512920591706867,0.8148356619834198,0.005099345921299392,0.8628566717075266,0.1331629559311754
0.26850000000000007,0.013908790649724246,0.0,0.1330703690406923,0.015170621629839617,0.8151649698055535,0.005092633531943233,0.8633440464520723,0.1330703690406923
0.2690000000000001,0.013913165649724245,0.0,0.1329879346207803,0.014835895398787945,0.8154941565498752,0.005086374953681281,0.8638303749310322,0.1329879346207803
0.2695000000000001,0.013917540649724246,0.0,0.13291486859471557,0.014508571959915631,0.8158232314867869,0.0050805394569043245,0.8643156717601213,0.13291486859471557
0.2700000000000001,0.013921915649724245,0.0,0.13285038877918495,0.014188481374586457,0.8161522038866904,0.0050750983317092045,0.8647999514571157,0.13285038877918495
0.2705000000000001,0.013926290649724246,0.0,0.13279371462334758,0.013875453704164199,0.8164810830199873,0.005070024762763674,0.865283228441933,0.13279371462334758
0.2710000000000001,0.013930665649724245,0.0,0.1327444860464903,0.01356938413996958,0.8168098731387953,0.005065294712766452,0.8657655096823029,0.1327444860464903
0.2715000000000001,0.013935040649724246,0.0,0.13270228235526932,0.013270070716385429,0.8171385792320373,0.005060884197129962,0.8662468031788884,0.13270228235526932
0.2720000000000001,0.013939415649724245,0.0,0.13266644848105558,0.012977312694191598,0.817467209106126,0.005056770910301034,0.8667271209939731,0.13266644848105558
0.2725000000000001,0.013943790649724246,0.0,0.1326366596575491,0.012690983722044184,0.8177957666207131,0.005052935086558534,0.8672064693546654,0.1326366596575491
0.2730000000000001,0.013948165649724245,0.0,0.1326125916907945,0.01241095744859928,0.8181242556354499,0.005049358220634148,0.8676848544473632,0.1326125916907945
0.2735000000000001,0.013952540649724246,0.0,0.13259392088787295,0.012137107522512978,0.8184526800099878,0.005046022992710891,0.8681622824177765,0.13259392088787295
0.2740000000000001,0.013956915649724245,0.0,0.13258032398926833,0.011869307592441376,0.8187810436039787,0.00504291319745258,0.8686387593709478,0.13258032398926833
0.2745000000000001,0.013961290649724244,0.0,0.13257147810547235,0.011607431307040564,0.8191093502770739,0.005040013676879158,0.8691142913712706,0.13257147810547235
0.2750000000000001,0.013965665649724245,0.0,0.13256706065716628,0.011351352314966642,0.8194376038889247,0.005037310256909363,0.8695888844425086,0.13256706065716628
0.2755000000000001,0.013970040649724244,0.0,0.13256674931950016,0.0111009442648757,0.819765808299183,0.005034789687398663,0.8700625445678126,0.13256674931950016
0.2760000000000001,0.013974415649724245,0.0,0.13257022197035065,0.010856080805423829,0.8200939673675001,0.005032439585506711,0.8705352776897355,0.13257022197035065
0.2765000000000001,0.013978790649724245,0.0,0.13257715664222025,0.01061663558526713,0.8204220849535275,0.005030248382234751,0.8710070897102477,0.13257715664222025
0.2770000000000001,0.013983165649724245,0.0,0.13258723147841903,0.010382482253061693,0.8207501649169168,0.005028205271979432,0.8714779864907498,0.13258723147841903
0.2775000000000001,0.013987540649724245,0.0,0.13260012469281202,0.010153494457463615,0.8210782111173193,0.0050263001649554235,0.8719479738520857,0.13260012469281202
0.2780000000000001,0.013991915649724245,0.0,0.13261558299769335,0.009929562392232258,0.8214062265941572,0.005024523773029561,0.8724170564026499,0.13261558299769335
0.2785000000000001,0.013996290649724245,0.0,0.13263376918108521,0.0097106143715184,0.8217342094026624,0.005022867699259859,0.8728852316108247,0.13263376918108521
0.2790000000000001,0.014000665649724246,0.0,0.13265430511954443,0.009496455780950427,0.8220621640789765,0.005021323178062345,0.8733525061909717,0.13265430511954443
0.2795000000000001,0.014005040649724245,0.0,0.13267706954176997,0.00928699507741772,0.8223900920821786,0.005019882799360328,0.873818882437692,0.13267706954176997
0.2800000000000001,0.014009415649724246,0.0,0.13270194119286674,0.009082140717809667,0.8227179948713481,0.00501853962491716,0.8742843626302585,0.13270194119286674
0.2805000000000001,0.014013790649724245,0.0,0.1327287988243262,0.008881801159015648,0.823045873905564,0.005017287160301891,0.8747489490326179,0.1327287988243262
0.2810000000000001,0.014018165649724246,0.0,0.13275752118472892,0.008685884857925048,0.8233737306439054,0.005016119328360377,0.8752126438933933,0.13275752118472892
0.2815000000000001,0.014022540649724245,0.0,0.13278798701076744,0.008494300271427255,0.8237015665454516,0.0050150304441225315,0.8756754494458886,0.13278798701076744
0.2820000000000001,0.014026915649724246,0.0,0.13282007501919788,0.008306955856411648,0.8240293830692814,0.00501401519107892,0.8761373679080892,0.13282007501919788
0.2825000000000001,0.014031290649724245,0.0,0.13285366389891595,0.008123760069767613,0.8243571816744744,0.005013068598762351,0.8765984014826655,0.13285366389891595
0.2830000000000001,0.014035665649724246,0.0,0.13288863230395093,0.007944621368384534,0.8246849638201095,0.005012186021572495,0.8770585523569747,0.13288863230395093
0.2835000000000001,0.014040040649724245,0.0,0.13292485884683408,0.007769448209151795,0.8250127309652658,0.005011363118783921,0.8775178227030622,0.13292485884683408
0.2840000000000001,0.014044415649724246,0.0,0.13296222209256967,0.00759814904895878,0.8253404845690226,0.005010595835680211,0.8779762146776647,0.13296222209256967
0.2845000000000001,0.014048790649724245,0.0,0.13300060055315455,0.007430632344694872,0.825668226090459,0.005009880385759048,0.8784337304222107,0.13300060055315455
0.2850000000000001,0.014053165649724246,0.0,0.13303987268268944,0.0072668065532494565,0.825995956988654,0.005009213233955319,0.8788903720628226,0.13303987268268944
0.2855000000000001,0.014057540649724245,0.0,0.13308005269727152,0.007106626003957187,0.8263236770982932,0.005008591258246677,0.8793461394533684,0.13308005269727152
0.2860000000000001,0.014061915649724244,0.0,0.13312109578702902,0.006949969415365493,0.8266513869600844,0.005008011245448055,0.8798010334285504,0.13312109578702902
0.2865000000000001,0.014066290649724245,0.0,0.1331629126238676,0.006796744727970319,0.8269790876467552,0.005007470314604518,0.8802550555538031,0.1331629126238676
0.2870000000000001,0.014070665649724246,0.0,0.13320545869413658,0.006646885697748012,0.827306779694738,0.005006965865884401,0.8807082066423929,0.13320545869413658
0.2875000000000001,0.014075040649724245,0.0,0.13324868946164856,0.00650032608067492,0.8276344636404654,0.005006495465399797,0.8811604875019599,0.13324868946164856
0.2880000000000001,0.014079415649724245,0.0,0.1332925603665216,0.006356999632727389,0.8279621400203703,0.005006056835312988,0.8816118989345173,0.1332925603665216
0.2885000000000001,0.014083790649724245,0.0,0.13333702682405366,0.006216840109881766,0.8282898093708848,0.005005647844476853,0.8820624417364517,0.13333702682405366
0.2890000000000001,0.014088165649724245,0.0,0.13338204422367247,0.006079781268114399,0.8286174722284417,0.005005266499584486,0.8825121166985243,0.13338204422367247
0.2895000000000001,0.014092540649724246,0.0,0.13342756792802635,0.005945756863401635,0.8289451291294736,0.005004910936804141,0.8829609246058702,0.13342756792802635
0.2900000000000001,0.014096915649724245,0.0,0.13347355327206356,0.00581470065171982,0.829272780610413,0.005004579413876542,0.8834088662379993,0.13347355327206356
0.2905000000000001,0.014101290649724246,0.0,0.13351995556227417,0.005686546389045303,0.8296004272076926,0.005004270302652444,0.8838559423687965,0.13351995556227417
0.2910000000000001,0.014105665649724245,0.0,0.1335667300759208,0.005561227831354429,0.8299280694577447,0.00500398208204917,0.8843021537665211,0.1335667300759208
0.2915000000000001,0.014110040649724246,0.0,0.13361383206045338,0.005438678734623547,0.830255707897002,0.005003713331405709,0.8847475011938083,0.13361383206045338
0.2920000000000001,0.014114415649724245,0.0,0.13366121673281461,0.005318832854829003,0.8305833430618972,0.0050034627242167085,0.8851919854076687,0.13366121673281461
0.2925000000000001,0.014118790649724246,0.0,0.13370885522911058,0.005201642728459178,0.8309109752985572,0.0050032290595353,0.8856356069020594,0.13370885522911058
0.2930000000000001,0.014123165649724245,0.0,0.13375678257472393,0.0050870875742514456,0.8312386041907209,0.005003011262702916,0.8860783651380154,0.13375678257472393
0.2935000000000001,0.014127540649724246,0.0,0.13380492581273992,0.004975023647356998,0.831566230610349,0.0050028080988807734,0.8865202613167754,0.13380492581273992
0.2940000000000001,0.014131915649724245,0.0,0.1338532706171634,0.004865405279403495,0.8318938547296116,0.005002618602246856,0.8869612956893244,0.1338532706171634
0.2945000000000001,0.014136290649724246,0.0,0.13390180265206217,0.0047581868020185976,0.8322214767206795,0.005002441867892016,0.887401468504842,0.13390180265206217
0.2950000000000001,0.014140665649724245,0.0,0.13395050757134677,0.004653322546829965,0.8325490967557231,0.005002277048245672,0.8878407800107032,0.13395050757134677
0.2955000000000001,0.014145040649724246,0.0,0.13399937101880913,0.004550766845465258,0.8328767150069128,0.00500212334969042,0.8882792304524775,0.13399937101880913
0.2960000000000001,0.014149415649724245,0.0,0.13404837862791794,0.004450474029552137,0.8332043316464193,0.0050019800293570425,0.8887168200739293,0.13404837862791794
0.2965000000000001,0.014153790649724246,0.0,0.13409751602181816,0.0043523984307182635,0.833531946846413,0.005001846392091657,0.889153549117018,0.13409751602181816
0.2970000000000001,0.014158165649724245,0.0,0.1341467688132404,0.004256494380591298,0.8338595607790644,0.005001721787587066,0.8895894178218985,0.1341467688132404
0.2975000000000001,0.014162540649724246,0.0,0.13419612260445046,0.004162716210798899,0.834187173616544,0.0050016056076706665,0.8900244264269196,0.13419612260445046
0.2980000000000001,0.014166915649724245,0.0,0.1342455629871632,0.0040710182529687285,0.8345147855310223,0.0050014972837415395,0.8904585751686258,0.1342455629871632
0.2985000000000001,0.014171290649724246,0.0,0.13429507554254055,0.003981354838728446,0.8348423966946699,0.00500139628434963,0.8908918642817568,0.13429507554254055
0.2990000000000001,0.014175665649724245,0.0,0.13434464584109918,0.0038936802997057134,0.8351700072796571,0.005001302112910199,0.8913242939992467,0.13434464584109918
0.2995000000000001,0.014180040649724245,0.0,0.13439425944275674,0.00380794896752819,0.8354976174581545,0.005001214305546987,0.8917558645522253,0.13439425944275674
0.3000000000000001,0.014184415649724245,0.0,0.1344439018967332,0.003724115173823537,0.8358252274023328,0.005001132429057776,0.8921865761700171,0.1344439018967332
0.3005000000000001,0.014188790649724245,0.0,0.1344935587415909,0.003642133250219414,0.8361528372843622,0.00500105607899631,0.8926164290801413,0.1344935587415909
0.3010000000000001,0.014193165649724246,0.0,0.1345432155051953,0.003561957528343482,0.8364804472764132,0.005000984877864753,0.8930454235083125,0.1345432155051953
0.3015000000000001,0.014197540649724245,0.0,0.13459285770469379,0.0034835423398234013,0.8368080575506566,0.005000918473411114,0.8934735596784407,0.13459285770469379
0.3020000000000001,0.014201915649724246,0.0,0.13464252029935303,0.0034069006256201135,0.8371356676912735,0.005000856584183796,0.8939008370465308,0.13464252029935303
0.3025000000000001,0.014206290649724245,0.0,0.1346921748232717,0.003331928121275582,0.8374632780367325,0.005000798852180132,0.8943272560537419,0.1346921748232717
0.3030000000000001,0.014210665649724246,0.0,0.1347418147936796,0.0032585903661396082,0.8377908886639719,0.005000745000142708,0.8947528167983041,0.1347418147936796
0.3035000000000001,0.014215040649724245,0.0,0.134791436036489,0.003186856973050132,0.8381184996224379,0.005000694771494764,0.8951775193420375,0.134791436036489
0.3040000000000001,0.014219415649724246,0.0,0.13484103437458891,0.0031166975548450925,0.8384461109615768,0.005000647925892961,0.8956013637462434,0.13484103437458891
0.3045000000000001,0.014223790649724245,0.0,0.13489060562777327,0.003048081724362429,0.8387737227308351,0.005000604238270589,0.8960243500717053,0.13489060562777327
0.3050000000000001,0.014228165649724246,0.0,0.1349401456128445,0.0029809790944400824,0.8391013349796587,0.0050005634979316494,0.896446478378688,0.1349401456128445
0.3055000000000001,0.014232540649724245,0.0,0.13498965014352113,0.002915359277915992,0.8394289477574941,0.0050005255076935,0.8968677487269378,0.13498965014352113
0.3060000000000001,0.014236915649724246,0.0,0.13503911503050983,0.0028511918876280968,0.8397565611137875,0.005000490083075822,0.8972881611756827,0.13503911503050983
0.3065000000000001,0.014241290649724245,0.0,0.13508853608149085,0.0027884465364143365,0.8400841750979852,0.005000457051533755,0.8977077157836325,0.13508853608149085
0.3070000000000001,0.014245665649724246,0.0,0.13513790910111478,0.0027270928371126513,0.8404117897595333,0.005000426251733134,0.8981264126089784,0.13513790910111478
0.3075000000000001,0.014250040649724245,0.0,0.13518722989101115,0.002667100402560981,0.8407394051478785,0.005000397532865818,0.8985442517093936,0.13518722989101115
0.3080000000000001,0.014254415649724246,0.0,0.13523649424986323,0.0026084388455972643,0.8410670213124667,0.005000370754003203,0.8989612331420324,0.13523649424986323
0.3085000000000001,0.014258790649724245,0.0,0.13528569797327522,0.002551077779059442,0.8413946383027443,0.00500034578348607,0.8993773569635308,0.13528569797327522
0.3090000000000001,0.014263165649724246,0.0,0.13533483685398023,0.002494986815785453,0.8417222561681574,0.005000322498348975,0.8997926232300065,0.13533483685398023
0.3095000000000001,0.014267540649724245,0.0,0.13538390668162079,0.002440135568613237,0.8420498749581526,0.005000300783777505,0.9002070319970591,0.13538390668162079
0.3100000000000001,0.014271915649724246,0.0,0.13543290324298002,0.002386493650380734,0.842377494722176,0.0050002805325967455,0.9006205833197695,0.13543290324298002
0.3105000000000001,0.014276290649724245,0.0,0.13548182232184042,0.0023340306739258834,0.8427051155096739,0.005000261644789385,0.9010332772526999,0.13548182232184042
0.3110000000000001,0.014280665649724245,0.0,0.13553067364023405,0.0022827663950459025,0.8430327372048769,0.0050002440441975025,0.9014451136424271,0.13553067364023405
0.3115000000000001,0.014285040649724245,0.0,0.13557945258358353,0.002232630925545005,0.843360359861972,0.005000227628510686,0.9018560925497163,0.13557945258358353
0.3120000000000001,0.014289415649724246,0.0,0.1356281530006526,0.0021835797685393625,0.8436879835533112,0.0050002123118039355,0.9022662140574804,0.1356281530006526
0.3125000000000001,0.014293790649724246,0.0,0.13567677387039553,0.0021355937222359484,0.8440156082904313,0.005000198022007166,0.9026754781719833,0.13567677387039553
0.3130000000000001,0.014298165649724245,0.0,0.13572531417114303,0.0020886535848417373,0.8443432340848693,0.005000184691554906,0.9030838848993689,0.13572531417114303
0.3135000000000001,0.014302540649724246,0.0,0.13577377288061626,0.0020427401545637025,0.8446708609481621,0.005000172257124996,0.9034914342456593,0.13577377288061626
0.3140000000000001,0.014306915649724245,0.0,0.13582214897594128,0.0019978342296088176,0.8449984888918466,0.00500016065939091,0.903898126216756,0.13582214897594128
0.3145000000000001,0.014311290649724246,0.0,0.13587044143364113,0.0019539166081840565,0.8453261179274595,0.005000149842787061,0.9043039608184393,0.13587044143364113
0.3150000000000001,0.014315665649724245,0.0,0.13591864922961727,0.0019109680884963935,0.8456537480665378,0.005000139755286552,0.9047089380563689,0.13591864922961727
0.3155000000000001,0.014320040649724246,0.0,0.1359667713391968,0.0018689694687528016,0.8459813793206185,0.005000130348190765,0.9051130579360831,0.1359667713391968
0.3160000000000001,0.014324415649724245,0.0,0.13601480673709188,0.0018279015471602553,0.8463090117012382,0.0050001215759302815,0.9055163204629995,0.13601480673709188
0.3165000000000001,0.014328790649724246,0.0,0.13606275439746907,0.001787745121925728,0.846636645219934,0.0050001133958765915,0.9059187256424144,0.13606275439746907
0.3170000000000001,0.014333165649724245,0.0,0.13611061329385382,0.0017484809912561936,0.8469642798882427,0.0050001057681640865,0.9063202734795036,0.13611061329385382
0.3175000000000001,0.014337540649724246,0.0,0.1361583823992329,0.0017100899533586261,0.8472919157177012,0.005000098655521864,0.9067209639793213,0.1361583823992329
0.3180000000000001,0.014341915649724245,0.0,0.13620606068595886,0.0016725528064399989,0.8476195527198466,0.005000092023114868,0.9071207971468015,0.13620606068595886
0.3185000000000001,0.014346290649724246,0.0,0.13625364712589674,0.001635850348707286,0.8479471909062153,0.00500008583839391,0.9075197729867562,0.13625364712589674
0.3190000000000001,0.014350665649724245,0.0,0.13630114069026242,0.0015999633783674609,0.8482748302883445,0.005000080070954163,0.9079178915038774,0.13630114069026242
0.3195000000000001,0.014355040649724246,0.0,0.13634854034972538,0.001564872693627498,0.8486024708777711,0.005000074692401674,0.9083151527027353,0.13634854034972538
0.3200000000000001,0.014359415649724245,0.0,0.1363958450743792,0.0015305590926943708,0.8489301126860319,0.005000069676227543,0.9087115565877799,0.1363958450743792
0.3205000000000001,0.014363790649724246,0.0,0.13644305383381147,0.0014970033737750528,0.8492577557246638,0.005000064997689345,0.9091071031633394,0.13644305383381147
0.3210000000000001,0.014368165649724245,0.0,0.13649016559698623,0.001464186335076518,0.8495854000052037,0.005000060633699454,0.9095017924336216,0.13649016559698623
0.3215000000000001,0.014372540649724246,0.0,0.1365371793323469,0.0014320887748057406,0.8499130455391883,0.00500005656271991,0.909895624402713,0.1365371793323469
0.3220000000000001,0.014376915649724245,0.0,0.1365840988569257,0.0014007102724109075,0.8502406922809098,0.005000052766927773,0.9102885990059955,0.1365840988569257
0.3225000000000001,0.014381290649724245,0.0,0.13663092729209356,0.0013700366458837996,0.8505683401929043,0.005000049227856784,0.9106807161891857,0.13663092729209356
0.3230000000000001,0.014385665649724245,0.0,0.13667765797177842,0.0013400256252397342,0.850895989353237,0.005000045925152471,0.9110719760361999,0.13667765797177842
0.3235000000000001,0.014390040649724246,0.0,0.13672429070191858,0.0013106655362436705,0.8512236397635573,0.005000042843350677,0.9114623785391849,0.13672429070191858
0.3240000000000001,0.014394415649724246,0.0,0.13677082528848,0.0012819447046605683,0.8515512914255147,0.005000039967951421,0.9118519236902701,0.13677082528848
0.3245000000000001,0.014398790649724245,0.0,0.13681726153748983,0.0012538514562553873,0.8518789443407586,0.005000037285363107,0.9122406114815677,0.13681726153748983
0.3250000000000001,0.014403165649724246,0.0,0.13686359925499308,0.0012263741167930866,0.8522065985109384,0.005000034782849649,0.9126284419051721,0.13686359925499308
0.3255000000000001,0.014407540649724245,0.0,0.1369098382470308,0.0011995010120386263,0.8525342539377034,0.005000032448480346,0.9130154149531611,0.1369098382470308
0.3260000000000001,0.014411915649724246,0.0,0.13695597831972917,0.0011732204677569655,0.8528619106227032,0.005000030271082415,0.9134015306175945,0.13695597831972917
0.3265000000000001,0.014416290649724245,0.0,0.13700201927917838,0.0011475208097130641,0.8531895685675872,0.005000028240196043,0.9137867888905153,0.13700201927917838
0.3270000000000001,0.014420665649724246,0.0,0.13704796093158794,0.0011223903636718815,0.8535172277740046,0.005000026346031851,0.9141711897639486,0.13704796093158794
0.3275000000000001,0.014425040649724245,0.0,0.13709380308308847,0.0010978174553983773,0.853844888243605,0.005000024579430661,0.9145547332299028,0.13709380308308847
0.3280000000000001,0.014429415649724246,0.0,0.13713954553994182,0.0010737904106575108,0.8541725499780379,0.00500002293182545,0.9149374192803686,0.13713954553994182
0.3285000000000001,0.014433790649724245,0.0,0.1371851881083763,0.0010502975552142422,0.8545002129789525,0.005000021395205394,0.9153192479073193,0.1371851881083763
0.3290000000000001,0.014438165649724246,0.0,0.13723073059470842,0.0010273272148335303,0.8548278772479982,0.005000019962081903,0.9157002191027109,0.13723073059470842
0.3295000000000001,0.014442540649724245,0.0,0.13727617280522214,0.0010048677152803352,0.8551555427868247,0.005000018625456557,0.9160803328584826,0.13727617280522214
0.3300000000000001,0.014446915649724246,0.0,0.13732151454630193,0.0009829073823196162,0.8554832095970811,0.005000017378790833,0.9164595891665552,0.13732151454630193
0.3305000000000001,0.014451290649724245,0.0,0.13736675562431172,0.000961434541716333,0.8558108776804171,0.005000016215977552,0.9168379880188334,0.13736675562431172
0.3310000000000001,0.014455665649724246,0.0,0.13741189584570604,0.000940437519235445,0.8561385470384818,0.005000015131313964,0.9172155294072035,0.13741189584570604
0.33150000000000013,0.014460040649724245,0.0,0.13745693501691994,0.000919904640641912,0.8564662176729247,0.005000014119476368,0.9175922133235351,0.13745693501691994
0.33200000000000013,0.014464415649724246,0.0,0.13750187294445818,0.0008998242317006934,0.8567938895853955,0.005000013175496213,0.9179680397596804,0.13750187294445818
0.33250000000000013,0.014468790649724245,0.0,0.13754670943485126,0.0008801846181767486,0.8571215627775433,0.0050000122947375936,0.918343008707474,0.13754670943485126
0.33300000000000013,0.014473165649724246,0.0,0.13759144504885357,0.0008609806309316059,0.8574492372421473,0.005000011473153485,0.9187171201486175,0.13759144504885357
0.33350000000000013,0.014477540649724245,0.0,0.13763608456918558,0.0008422373548595689,0.8577769129223421,0.005000010708168318,0.9190903740084038,0.13763608456918558
0.33400000000000013,0.014481915649724246,0.0,0.13768062225270072,0.0008238929553780455,0.858104589885065,0.005000009993833891,0.9194627703532576,0.13768062225270072
0.33450000000000013,0.014486290649724246,0.0,0.13772505807400848,0.0008059408670197506,0.8584322681299915,0.00500000932688411,0.9198343091727256,0.13772505807400848
0.33500000000000013,0.014490665649724246,0.0,0.1377693920079762,0.0007883745243173994,0.8587599476567972,0.0050000087042525575,0.9202049904563573,0.1377693920079762
0.33550000000000013,0.014495040649724246,0.0,0.13781362402951913,0.0007711873618037071,0.8590876284651577,0.005000008123061219,0.9205748141937063,0.13781362402951913
0.33600000000000013,0.014499415649724245,0.0,0.13785775411374385,0.0007543728140113888,0.8594153105547487,0.005000007580609787,0.920943780374329,0.13785775411374385
0.33650000000000013,0.014503790649724246,0.0,0.1379017822359372,0.0007379243154731596,0.8597429939252457,0.0050000070743654946,0.9213118889877853,0.1379017822359372
0.33700000000000013,0.014508165649724247,0.0,0.13794570837146655,0.0007218353007217346,0.8600706785763242,0.00500000660195349,0.9216791400236386,0.13794570837146655
0.33750000000000013,0.014512540649724246,0.0,0.13798953249589044,0.0007060992042898289,0.8603983645076599,0.005000006161147687,0.9220455334714552,0.13798953249589044
0.33800000000000013,0.014516915649724245,0.0,0.13803325458488092,0.0006907094607101577,0.8607260517189286,0.005000005749862102,0.9224110693208057,0.13803325458488092
0.33850000000000013,0.014521290649724246,0.0,0.13807687461432305,0.0006756595045154359,0.8610537402098055,0.005000005366142644,0.9227757475612631,0.13807687461432305
0.33900000000000013,0.014525665649724245,0.0,0.13812039256014877,0.000660942770238379,0.8613814299799665,0.0050000050081593335,0.9231395681824043,0.13812039256014877
0.33950000000000014,0.014530040649724246,0.0,0.138163808398514,0.0006465526924117019,0.8617091210290871,0.005000004674198942,0.9235025311738093,0.138163808398514
0.34000000000000014,0.014534415649724245,0.0,0.13820712210569866,0.0006324827055681195,0.8620368133568429,0.0050000043626580205,0.9238646365250616,0.13820712210569866
0.34050000000000014,0.014538790649724246,0.0,0.13825033365812905,0.0006187262442403473,0.8623645069629094,0.005000004072036311,0.924225884225748,0.13825033365812905
0.34100000000000014,0.014543165649724245,0.0,0.13829344303235525,0.0006052767429611003,0.8626922018469625,0.005000003800930513,0.9245862742654588,0.13829344303235525
0.34150000000000014,0.014547540649724246,0.0,0.13833645020513985,0.0005921276362630934,0.8630198980086774,0.005000003548028397,0.9249458066337874,0.13833645020513985
0.34200000000000014,0.014551915649724245,0.0,0.13837935515328045,0.000579272358679042,0.86334759544773,0.005000003312103235,0.9253044813203309,0.13837935515328045
0.34250000000000014,0.014556290649724246,0.0,0.13842215785384235,0.0005667043447416611,0.8636752941637957,0.005000003092008555,0.9256622983146895,0.13842215785384235
0.34300000000000014,0.014560665649724245,0.0,0.1384648582839367,0.0005544170289836659,0.8640029941565504,0.005000002886673179,0.9260192576064669,0.1384648582839367
0.34350000000000014,0.014565040649724246,0.0,0.13850745642089785,0.0005424038459377713,0.8643306954256692,0.005000002695096552,0.9263753591852699,0.13850745642089785
0.34400000000000014,0.014569415649724245,0.0,0.13854995224212782,0.0005306582301366927,0.8646583979708282,0.005000002516344328,0.9267306030407092,0.13854995224212782
0.34450000000000014,0.014573790649724246,0.0,0.13859234572527393,0.0005191736161131451,0.8649861017917027,0.00500000234954422,0.9270849891623981,0.13859234572527393
0.34500000000000014,0.014578165649724245,0.0,0.1386346368480066,0.0005079434383998435,0.8653138068879684,0.005000002193882081,0.9274385175399542,0.1386346368480066
0.34550000000000014,0.014582540649724246,0.0,0.13867682558826336,0.0004969611315295032,0.8656415132593009,0.005000002048598225,0.9277911881629975,0.13867682558826336
0.34600000000000014,0.014586915649724246,0.0,0.13871891192403804,0.00048622013003483917,0.8659692209053758,0.0050000019129839545,0.9281430010211521,0.13871891192403804
0.34650000000000014,0.014591290649724246,0.0,0.13876089583351375,0.0004757138684485666,0.8662969298258686,0.005000001786378299,0.9284939561040452,0.13876089583351375
0.34700000000000014,0.014595665649724246,0.0,0.13880277729498489,0.00046543578130340066,0.866624640020455,0.005000001668164951,0.9288440534013072,0.13880277729498489
0.34750000000000014,0.014600040649724245,0.0,0.13884456189182515,0.0004553979605778567,0.8669523514231849,0.005000001557973649,0.9291932928327213,0.13884456189182515
0.34800000000000014,0.014604415649724246,0.0,0.13888624651487597,0.0004455837578420889,0.8672800640699116,0.005000001455135679,0.929541674426853,0.13888624651487597
0.34850000000000014,0.014608790649724247,0.0,0.13892782805960832,0.00043597896355524265,0.867607777996414,0.005000001359064888,0.9298891982118128,0.13892782805960832
0.34900000000000014,0.014613165649724246,0.0,0.13896930655583525,0.00042658010037845357,0.8679354932017682,0.005000001269326352,0.9302358641765591,0.13896930655583525
0.34950000000000014,0.014617540649724245,0.0,0.13901068203360165,0.0004173836909728571,0.8682632096850504,0.0050000011855117,0.9305816723100601,0.13901068203360165
0.35000000000000014,0.014621915649724246,0.0,0.13905195452311692,0.0004083862579995888,0.868590927445337,0.005000001107237618,0.9309266226012932,0.13905195452311692
0.35050000000000014,0.014626290649724245,0.0,0.13909312405471036,0.0003995843241197841,0.8689186464817039,0.005000001034144418,0.931270715039246,0.13909312405471036
0.35100000000000015,0.014630665649724246,0.0,0.1391341906589753,0.0003909744119945786,0.8692463667932276,0.005000000965894694,0.9316139496129153,0.1391341906589753
0.35150000000000015,0.014635040649724245,0.0,0.1391751543665911,0.00038255304428510764,0.8695740883789842,0.005000000902172039,0.9319563263113079,0.1391751543665911
0.35200000000000015,0.014639415649724246,0.0,0.13921601520848928,0.00037431674365250684,0.8699018112380499,0.005000000842679824,0.9322978451234399,0.13921601520848928
0.35250000000000015,0.014643790649724245,0.0,0.1392567732156978,0.0003662620327579117,0.8702295353695009,0.005000000787140051,0.9326385060383375,0.1392567732156978
0.35300000000000015,0.014648165649724246,0.0,0.1392974284195076,0.00035838543426245766,0.8705572607724135,0.005000000735292263,0.9329783090450361,0.1392974284195076
0.35350000000000015,0.014652540649724245,0.0,0.13933798085129404,0.0003506834708272803,0.8708849874458637,0.005000000686892502,0.9333172541325809,0.13933798085129404
0.35400000000000015,0.014656915649724246,0.0,0.13937843054267263,0.0003431526651135151,0.871212715388928,0.005000000641712339,0.9336553412900269,0.13937843054267263
0.35450000000000015,0.014661290649724245,0.0,0.1394187775253873,0.0003357895397822975,0.8715404446006825,0.005000000599537941,0.9339925705064387,0.1394187775253873
0.35500000000000015,0.014665665649724246,0.0,0.13945902183139927,0.00032859061749476303,0.8718681750802033,0.005000000560169201,0.9343289417708903,0.13945902183139927
0.35550000000000015,0.014670040649724245,0.0,0.13949916349278627,0.00032155242091204726,0.8721959068265668,0.005000000523418902,0.9346644550724656,0.13949916349278627
0.35600000000000015,0.014674415649724246,0.0,0.13953920254185392,0.0003146714726952857,0.8725236398388491,0.005000000489111944,0.9349991104002582,0.13953920254185392
0.35650000000000015,0.014678790649724245,0.0,0.1395791390110349,0.0003079442955056137,0.8728513741161265,0.005000000457084596,0.9353329077433711,0.1395791390110349
0.35700000000000015,0.014683165649724246,0.0,0.13961897293296685,0.0003013674120041668,0.873179109657475,0.005000000427183805,0.935665847090917,0.13961897293296685
0.35750000000000015,0.014687540649724246,0.0,0.13965870434043626,0.0002949373448520806,0.8735068464619711,0.005000000399266531,0.9359979284320186,0.13965870434043626
0.35800000000000015,0.014691915649724246,0.0,0.13969833326641148,0.0002886506167104906,0.8738345845286908,0.005000000373199134,0.9363291517558077,0.13969833326641148
0.35850000000000015,0.014696290649724246,0.0,0.1397378597440315,0.00028250375024053227,0.8741623238567103,0.005000000348856779,0.9366595170514261,0.1397378597440315
0.35900000000000015,0.014700665649724245,0.0,0.1397772838065831,0.0002764932681033411,0.8744900644451061,0.005000000326122893,0.9369890243080256,0.1397772838065831
0.35950000000000015,0.014705040649724246,0.0,0.13981660548757885,0.00027061569296005255,0.8748178062929541,0.005000000304888636,0.9373176735147666,0.13981660548757885
0.36000000000000015,0.014709415649724247,0.0,0.1398558248206451,0.00026486754747180217,0.8751455493993306,0.005000000285052424,0.9376454646608201,0.1398558248206451
0.36050000000000015,0.014713790649724246,0.0,0.1398949418395886,0.0002592453542997255,0.875473293763312,0.005000000266519453,0.9379723977353664,0.1398949418395886
0.36100000000000015,0.014718165649724245,0.0,0.1399339565783851,0.000253745636104958,0.8758010393839742,0.00500000024920128,0.9382984727275956,0.1399339565783851
0.36150000000000015,0.014722540649724246,0.0,0.13997286998751624,0.00024837127472815873,0.8761287862497084,0.005000000233034501,0.9386236896161182,0.13997286998751624
0.36200000000000015,0.014726915649724245,0.0,0.1400116849055342,0.0002431379529275762,0.8764565343268983,0.0050000002179946,0.9389480483579166,0.1400116849055342
0.36250000000000016,0.014731290649724246,0.0,0.14005039698194596,0.00023801303821834128,0.8767842836657589,0.005000000203920261,0.9392715489929593,0.14005039698194596
0.36300000000000016,0.014735665649724245,0.0,0.14008900622491743,0.00023299491061007228,0.8771120342656716,0.005000000190751361,0.9395941915107141,0.14008900622491743
0.36350000000000016,0.014740040649724246,0.0,0.1401275126428026,0.00022808195011238743,0.8774397861260183,0.005000000178431309,0.9399159759006555,0.1401275126428026
0.36400000000000016,0.014744415649724245,0.0,0.14016591624404298,0.0002232725367349051,0.8777675392461805,0.0050000001669068565,0.9402369021522639,0.14016591624404298
0.36450000000000016,0.014748790649724246,0.0,0.1402042170373235,0.00021856505048724356,0.8780952936255397,0.005000000156127918,0.9405569702550265,0.1402042170373235
0.36500000000000016,0.014753165649724245,0.0,0.14024241503140486,0.00021395787137902113,0.8784230492634778,0.005000000146047394,0.940876180198437,0.14024241503140486
0.36550000000000016,0.014757540649724246,0.0,0.14028051023523527,0.00020944937941985608,0.8787508061593764,0.005000000136621008,0.9411945319719955,0.14028051023523527
0.36600000000000016,0.014761915649724245,0.0,0.1403185026579051,0.00020503795461936672,0.8790785643126171,0.005000000127807152,0.9415120255652085,0.1403185026579051
0.36650000000000016,0.014766290649724246,0.0,0.1403563923086806,0.00020072197698717137,0.8794063237225815,0.005000000119566737,0.9418286609675888,0.1403563923086806
0.36700000000000016,0.014770665649724245,0.0,0.1403941791969476,0.0001964998265328883,0.8797340843886515,0.00500000011186305,0.942144438168656,0.1403941791969476
0.36750000000000016,0.014775040649724246,0.0,0.14043186333228957,0.00019236988326613584,0.8800618463102085,0.005000000104661625,0.9424593571579357,0.14043186333228957
0.36800000000000016,0.014779415649724245,0.0,0.14046944472437578,0.00018833052719653226,0.8803896094866341,0.005000000097930107,0.9427734179249605,0.14046944472437578
0.36850000000000016,0.014783790649724246,0.0,0.14050692338310622,0.0001843801383336959,0.8807173739173103,0.005000000091638141,0.9430866204592689,0.14050692338310622
0.36900000000000016,0.014788165649724246,0.0,0.14054429931847737,0.00018051709668724504,0.8810451396016185,0.005000000085757249,0.9433989647504062,0.14054429931847737
0.36950000000000016,0.014792540649724246,0.0,0.14058157254066023,0.00017673978226679797,0.8813729065389403,0.005000000080260727,0.943710450787924,0.14058157254066023
0.37000000000000016,0.014796915649724246,0.0,0.14061874305996655,0.00017304657508197298,0.8817006747286574,0.0050000000751235394,0.9440210785613804,0.14061874305996655
0.37050000000000016,0.014801290649724247,0.0,0.14065581088688223,0.00016943585514238844,0.8820284441701516,0.00500000007032222,0.9443308480603398,0.14065581088688223
0.37100000000000016,0.014805665649724246,0.0,0.14069277603201108,0.00016590600245766255,0.8823562148628045,0.005000000065834785,0.9446397592743735,0.14069277603201108
0.37150000000000016,0.014810040649724247,0.0,0.14072963850614187,0.00016245539703741368,0.8826839868059976,0.005000000061640638,0.9449478121930586,0.14072963850614187
0.37200000000000016,0.014814415649724246,0.0,0.14076639832016974,0.0001590824188912601,0.8830117599991127,0.0050000000577204926,0.9452550068059792,0.14076639832016974
0.37250000000000016,0.014818790649724245,0.0,0.14080305548520788,0.00015578544802882013,0.8833395344415315,0.005000000054056292,0.9455613431027255,0.14080305548520788
0.37300000000000016,0.014823165649724246,0.0,0.14083961001246426,0.00015256286445971203,0.8836673101326354,0.005000000050631135,0.9458668210728943,0.14083961001246426
0.37350000000000017,0.014827540649724247,0.0,0.140876061913331,0.0001494130481935542,0.8839950870718063,0.005000000047429207,0.9461714407060888,0.140876061913331
0.37400000000000017,0.014831915649724246,0.0,0.1409124111993057,0.00014633437923996482,0.8843228652584257,0.005000000044435715,0.9464752019919187,0.1409124111993057
0.37450000000000017,0.014836290649724245,0.0,0.14094865788208089,0.00014332523760856225,0.8846506446918754,0.005000000041636819,0.9467781049200001,0.14094865788208089
0.37500000000000017,0.014840665649724246,0.0,0.14098480197347663,0.0001403840033089648,0.884978425371537,0.005000000039019583,0.9470801494799557,0.14098480197347663
0.37550000000000017,0.014845040649724245,0.0,0.14102084348548505,0.00013750905635079075,0.8853062072967921,0.005000000036571908,0.9473813356614142,0.14102084348548505
0.37600000000000017,0.014849415649724246,0.0,0.1410567824302255,0.00013469877674365837,0.8856339904670224,0.005000000034282492,0.9476816634540115,0.1410567824302255
0.37650000000000017,0.014853790649724245,0.0,0.1410926188199665,0.00013195154449718605,0.8859617748816094,0.00500000003214077,0.947981132847389,0.1410926188199665
0.37700000000000017,0.014858165649724246,0.0,0.141128352667137,0.000129265739620992,0.8862895605399351,0.005000000030136874,0.9482797438311957,0.141128352667137
0.37750000000000017,0.014862540649724245,0.0,0.14116398398430358,0.00012663974212469457,0.8866173474413809,0.005000000028261587,0.9485774963950858,0.14116398398430358
0.37800000000000017,0.014866915649724246,0.0,0.1411995127842151,0.00012407193201791205,0.8869451355853284,0.0050000000265063,0.9488743905287209,0.1411995127842151
0.37850000000000017,0.014871290649724245,0.0,0.14123493907970186,0.00012156068931026273,0.8872729249711594,0.005000000024862978,0.9491704262217686,0.14123493907970186
0.37900000000000017,0.014875665649724246,0.0,0.14127026288382075,0.0001191043940113649,0.8876007155982555,0.005000000023324119,0.949465603463903,0.14127026288382075
0.37950000000000017,0.014880040649724246,0.0,0.14130548420970956,0.0001167014261308369,0.8879285074659983,0.005000000021882723,0.9497599222448048,0.14130548420970956
0.38000000000000017,0.014884415649724246,0.0,0.14134060307069882,0.000114350165678297,0.8882563005737696,0.005000000020532258,0.950053382554161,0.14134060307069882
0.38050000000000017,0.014888790649724246,0.0,0.14137561948023306,0.00011204899266336346,0.8885840949209509,0.005000000019266629,0.9503459843816653,0.14137561948023306
0.38100000000000017,0.014893165649724247,0.0,0.14141053594659467,0.00010980432780071517,0.8889118904779814,0.00500000001808439,0.950637727691296,0.14141053594659467
0.3815000000000002,0.014897540649724246,0.0,0.1414453546737508,0.00010762144261611484,0.8892396872188455,0.005000000016983186,0.9509286124504833,0.1414453546737508
0.3820000000000002,0.014901915649724247,0.0,0.1414800704709536,0.00010548265276274154,0.8895674852033141,0.005000000015949376,0.9512186387027189,0.1414800704709536
0.3825000000000002,0.014906290649724246,0.0,0.14151468334735792,0.00010338734622470638,0.8898952844308232,0.00500000001497895,0.9515078064377227,0.14151468334735792
0.3830000000000002,0.014910665649724247,0.0,0.14154919331226404,0.0001013349109861205,0.8902230849008091,0.0050000000140681235,0.9517961156452202,0.14154919331226404
0.3835000000000002,0.014915040649724246,0.0,0.14158360037510662,9.932473503109504e-05,0.890550886612708,0.005000000013213327,0.9520835663149427,0.14158360037510662
0.3840000000000002,0.014919415649724245,0.0,0.14161790454548778,9.735620634374112e-05,0.8908786895659557,0.005000000012411192,0.9523701584366278,0.14161790454548778
0.3845000000000002,0.014923790649724246,0.0,0.14165210583315482,9.542871290816988e-05,0.8912064937599886,0.005000000011658542,0.9526558920000184,0.14165210583315482
0.3850000000000002,0.014928165649724247,0.0,0.14168620424795494,9.354164270849244e-05,0.8915342991942429,0.005000000010952383,0.952940766994864,0.14168620424795494
0.3855000000000002,0.014932540649724246,0.0,0.14172019979993614,9.169438372881995e-05,0.8918621058681544,0.0050000000102898914,0.953224783410919,0.14172019979993614
0.3860000000000002,0.014936915649724245,0.0,0.14175409249925716,8.988632395326353e-05,0.8921899137811595,0.005000000009668409,0.9535079412379447,0.14175409249925716
0.3865000000000002,0.014941290649724246,0.0,0.1417878823562549,8.81168513659343e-05,0.8925177229326944,0.005000000009085432,0.9537902404657078,0.1417878823562549
0.3870000000000002,0.014945665649724245,0.0,0.14182156938134277,8.638535395094342e-05,0.8928455333221951,0.0050000000085386005,0.9540716810839808,0.14182156938134277
0.3875000000000002,0.014950040649724246,0.0,0.14185515358517936,8.4691219692402e-05,0.8931733449490976,0.005000000008025694,0.9543522630825421,0.14185515358517936
0.3880000000000002,0.014954415649724245,0.0,0.1418886349784546,8.303383657442118e-05,0.8935011578128382,0.005000000007544623,0.9546319864511761,0.1418886349784546
0.3885000000000002,0.014958790649724246,0.0,0.14192201357210318,8.141259258111208e-05,0.8938289719128532,0.005000000007093421,0.9549108511796731,0.14192201357210318
0.3890000000000002,0.014963165649724245,0.0,0.1419552893771244,7.982687569658587e-05,0.8941567872485784,0.005000000006670238,0.9551888572578292,0.1419552893771244
0.3895000000000002,0.014967540649724246,0.0,0.14198846240470578,7.827607390495362e-05,0.8944846038194502,0.005000000006273335,0.9554660046754464,0.14198846240470578
0.3900000000000002,0.014971915649724245,0.0,0.14202153266616663,7.675957519032652e-05,0.8948124216249045,0.0050000000059010775,0.9557422934223325,0.14202153266616663
0.3905000000000002,0.014976290649724246,0.0,0.14205450017299157,7.527676753681567e-05,0.8951402406643776,0.005000000005551926,0.9560177234883014,0.14205450017299157
0.3910000000000002,0.014980665649724246,0.0,0.14208736493672913,7.382703892853219e-05,0.8954680609373057,0.005000000005224437,0.9562922948631727,0.14208736493672913
0.3915000000000002,0.014985040649724246,0.0,0.1421201269691828,7.240977734958726e-05,0.8957958824431247,0.005000000004917255,0.9565660075367717,0.1421201269691828
0.3920000000000002,0.014989415649724246,0.0,0.1421527862821971,7.102437078409195e-05,0.8961237051812709,0.005000000004629103,0.9568388614989299,0.1421527862821971
0.3925000000000002,0.014993790649724247,0.0,0.14218534288784868,6.967020721615746e-05,0.8964515291511804,0.005000000004358785,0.9571108567394846,0.14218534288784868
0.3930000000000002,0.014998165649724246,0.0,0.14221779679826607,6.834667462989486e-05,0.8967793543522894,0.005000000004105177,0.957381993248279,0.14221779679826607
0.3935000000000002,0.015002540649724247,0.0,0.1422501480257871,6.705316100941532e-05,0.897107180784034,0.005000000003867225,0.9576522710151621,0.1422501480257871
0.3940000000000002,0.015006915649724246,0.0,0.1422823965828686,6.578905433882995e-05,0.8974350084458502,0.005000000003643939,0.9579216900299887,0.1422823965828686
0.3945000000000002,0.015011290649724247,0.0,0.14231454248209754,6.455374260224989e-05,0.8977628373371743,0.00500000000343439,0.9581902502826197,0.14231454248209754
0.3950000000000002,0.015015665649724246,0.0,0.14234658573622458,6.334661378378626e-05,0.8980906674574424,0.005000000003237708,0.9584579517629216,0.14234658573622458
0.3955000000000002,0.015020040649724247,0.0,0.14237852635811887,6.216705586755024e-05,0.8984184988060906,0.005000000003053074,0.9587247944607671,0.14237852635811887
0.3960000000000002,0.015024415649724246,0.0,0.1424103643608017,6.1014456837652894e-05,0.8987463313825551,0.0050000000028797235,0.9589907783660346,0.1424103643608017
0.3965000000000002,0.015028790649724247,0.0,0.14244209975745747,5.988820467820541e-05,0.8990741651862719,0.005000000002716939,0.9592559034686083,0.14244209975745747
0.3970000000000002,0.015033165649724246,0.0,0.14247373256134352,5.878768737331888e-05,0.8994020002166773,0.005000000002564046,0.9595201697583784,0.14247373256134352
0.3975000000000002,0.015037540649724245,0.0,0.14250526278593625,5.771229290710445e-05,0.8997298364732073,0.005000000002420415,0.959783577225241,0.14250526278593625
0.3980000000000002,0.015041915649724246,0.0,0.14253669044482967,5.666140926367327e-05,0.900057673955298,0.005000000002285454,0.960046125859098,0.14253669044482967
0.3985000000000002,0.015046290649724247,0.0,0.14256801555171264,5.563442442713643e-05,0.9003855126623858,0.005000000002158609,0.9603078156498571,0.14256801555171264
0.3990000000000002,0.015050665649724246,0.0,0.14259923812044759,5.46307263816051e-05,0.9007133525939066,0.005000000002039364,0.9605686465874324,0.14259923812044759
0.3995000000000002,0.015055040649724245,0.0,0.1426303581650477,5.3649703111190405e-05,0.9010411937492966,0.00500000000192723,0.960828618661743,0.1426303581650477
0.4000000000000002,0.015059415649724246,0.0,0.1426613756996656,5.2690742600003454e-05,0.9013690361279919,0.005000000001821754,0.9610877318627146,0.1426613756996656
0.4005000000000002,0.015063790649724245,0.0,0.14269229073857054,5.17532328321554e-05,0.9016968797294287,0.005000000001722509,0.9613459861802783,0.14269229073857054
0.4010000000000002,0.015068165649724246,0.0,0.14272310329617077,5.083656179175738e-05,0.9020247245530432,0.005000000001629098,0.9616033816043718,0.14272310329617077
0.4015000000000002,0.015072540649724245,0.0,0.14275381338702467,4.99401174629205e-05,0.9023525705982713,0.005000000001541147,0.9618599181249377,0.14275381338702467
0.4020000000000002,0.015076915649724246,0.0,0.14278442102586306,4.906328782975592e-05,0.9026804178645493,0.005000000001458306,0.9621155957319251,0.14278442102586306
0.4025000000000002,0.015081290649724246,0.0,0.14281492622747638,4.820546087637476e-05,0.9030082663513134,0.005000000001380248,0.9623704144152889,0.14281492622747638
0.4030000000000002,0.015085665649724246,0.0,0.1428453290068609,4.736602458688813e-05,0.9033361160579996,0.0050000000013066676,0.9626243741649899,0.1428453290068609
0.4035000000000002,0.015090040649724246,0.0,0.1428756293791172,4.6544366945407186e-05,0.903663966984044,0.0050000000012372795,0.9628774749709946,0.1428756293791172
0.4040000000000002,0.015094415649724247,0.0,0.14290582735951776,4.5739875936043076e-05,0.9039918191288829,0.0050000000011718145,0.9631297168232755,0.14290582735951776
0.4045000000000002,0.015098790649724246,0.0,0.14293592296342747,4.495193954290689e-05,0.9043196724919523,0.005000000001110023,0.963381099711811,0.14293592296342747
0.4050000000000002,0.015103165649724247,0.0,0.14296592469739414,4.418202488017545e-05,0.9046475269747137,0.005000000001051828,0.9636316235518482,0.14296592469739414
0.4055000000000002,0.015107540649724246,0.0,0.14299582680205608,4.342921100696403e-05,0.9049753826432628,0.005000000000996972,0.9638812883848228,0.14299582680205608
0.4060000000000002,0.015111915649724247,0.0,0.14302562511537104,4.269237624710612e-05,0.9053032395452422,0.0050000000009452,0.9641300942374968,0.14302562511537104
0.4065000000000002,0.015116290649724246,0.0,0.14305531970584254,4.197126094337719e-05,0.9056310976794757,0.005000000000896337,0.9643780410992774,0.14305531970584254
0.4070000000000002,0.015120665649724247,0.0,0.14308491064222645,4.126560543855274e-05,0.905958957044787,0.005000000000850216,0.9646251289595832,0.14308491064222645
0.4075000000000002,0.015125040649724246,0.0,0.14311439799337253,4.057515007540823e-05,0.9062868176400001,0.0050000000008066795,0.9648713578078456,0.14311439799337253
0.4080000000000002,0.015129415649724247,0.0,0.14314378182834833,3.9899635196719135e-05,0.9066146794639386,0.005000000000765581,0.9651167276335083,0.14314378182834833
0.4085000000000002,0.015133790649724246,0.0,0.14317306221632595,3.923880114526095e-05,0.9069425425154264,0.00500000000072678,0.9653612384260271,0.14317306221632595
0.4090000000000002,0.015138165649724245,0.0,0.14320223922667183,3.859238826380914e-05,0.9072704067932873,0.005000000000690145,0.9656048901748703,0.14320223922667183
0.4095000000000002,0.015142540649724246,0.0,0.1432313129289239,3.7960136895139175e-05,0.907598272296345,0.00500000000065555,0.9658476828695184,0.1432313129289239
0.4100000000000002,0.015146915649724247,0.0,0.14326028339274602,3.734178738202656e-05,0.9079261390234233,0.005000000000622879,0.9660896164994641,0.14326028339274602
0.4105000000000002,0.015151290649724246,0.0,0.14328915068796147,3.673708006724674e-05,0.9082540069733462,0.00500000000059202,0.9663306910542128,0.14328915068796147
0.4110000000000002,0.015155665649724245,0.0,0.1433179148845977,3.6145755293575215e-05,0.9085818761449374,0.005000000000562868,0.9665709065232817,0.1433179148845977
0.4115000000000002,0.015160040649724246,0.0,0.1433465760528069,3.556755340378746e-05,0.9089097465370204,0.005000000000535326,0.9668102628962005,0.1433465760528069
0.4120000000000002,0.015164415649724245,0.0,0.1433751342628771,3.5002214740658945e-05,0.9092376181484194,0.005000000000509299,0.9670487601625115,0.1433751342628771
0.4125000000000002,0.015168790649724246,0.0,0.1434035895853219,3.444947964696515e-05,0.909565490977958,0.005000000000484702,0.9672863983117689,0.1434035895853219
0.4130000000000002,0.015173165649724246,0.0,0.14343194209074464,3.3909088465481566e-05,0.9098933650244599,0.005000000000461449,0.9675231773335391,0.14343194209074464
0.4135000000000002,0.015177540649724246,0.0,0.14346019184992845,3.3380781538983644e-05,0.9102212402867492,0.005000000000439464,0.9677590972174015,0.14346019184992845
0.4140000000000002,0.015181915649724246,0.0,0.14348833893383584,3.2864299210246886e-05,0.9105491167636495,0.005000000000418673,0.9679941579529472,0.14348833893383584
0.4145000000000002,0.015186290649724246,0.0,0.1435163834135744,3.235938182204676e-05,0.9108769944539844,0.0050000000003990065,0.9682283595297795,0.1435163834135744
0.4150000000000002,0.015190665649724246,0.0,0.14354432536036255,3.186576971715874e-05,0.9112048733565781,0.005000000000380399,0.9684617019375147,0.14354432536036255
0.4155000000000002,0.015195040649724247,0.0,0.1435721648456534,3.1383203238358307e-05,0.9115327534702541,0.00500000000036279,0.9686941851657807,0.1435721648456534
0.4160000000000002,0.015199415649724246,0.0,0.14359990194099898,3.091142272842094e-05,0.9118606347938363,0.00500000000034612,0.968925809204218,0.14359990194099898
0.4165000000000002,0.015203790649724247,0.0,0.1436275367181174,3.0450168530122124e-05,0.9121885173261485,0.005000000000330336,0.9691565740424795,0.1436275367181174
0.4170000000000002,0.015208165649724246,0.0,0.14365506924888136,2.9999180986237324e-05,0.9125164010660144,0.005000000000315385,0.9693864796702302,0.14365506924888136
0.4175000000000002,0.015212540649724247,0.0,0.14368249960535157,2.9558200439542023e-05,0.9128442860122579,0.005000000000301219,0.9696155260771475,0.14368249960535157
0.4180000000000002,0.015216915649724246,0.0,0.14370982785967473,2.9126967232811695e-05,0.9131721721637028,0.005000000000287793,0.9698437132529214,0.14370982785967473
0.4185000000000002,0.015221290649724247,0.0,0.14373705408421883,2.8705221708821824e-05,0.9135000595191728,0.005000000000275064,0.9700710411872534,0.14373705408421883
0.4190000000000002,0.015225665649724246,0.0,0.14376417835144828,2.8292704210347888e-05,0.9138279480774918,0.005000000000262989,0.9702975098698582,0.14376417835144828
0.4195000000000002,0.015230040649724247,0.0,0.14379120073403676,2.7889155080165354e-05,0.9141558378374836,0.005000000000251534,0.9705231192904623,0.14379120073403676
0.4200000000000002,0.015234415649724246,0.0,0.14381812130476496,2.7494314661049713e-05,0.9144837287979718,0.005000000000240659,0.9707478694388046,0.14381812130476496
0.4205000000000002,0.015238790649724247,0.0,0.14384493783049246,2.7110027553378185e-05,0.9148116209843081,0.0050000000002303905,0.9709717603227153,0.14384493783049246
0.4210000000000002,0.015243165649724246,0.0,0.14387165169769278,2.673380665415893e-05,0.915139514380202,0.00500000000022063,0.9711947919214883,0.14387165169769278
0.4215000000000002,0.015247540649724247,0.0,0.14389826297522115,2.636544915689312e-05,0.9154674089845249,0.005000000000211352,0.9714169642248417,0.14389826297522115
0.4220000000000002,0.015251915649724246,0.0,0.14392477166315915,2.6004834432059795e-05,0.9157953047969405,0.00500000000020253,0.9716382772230394,0.14392477166315915
0.4225000000000002,0.015256290649724245,0.0,0.14395117776174807,2.5651841850138003e-05,0.9161232018171123,0.005000000000194142,0.9718587309063484,0.14395117776174807
0.4230000000000002,0.015260665649724246,0.0,0.14397748127133225,2.5306350781606786e-05,0.9164511000447042,0.005000000000186164,0.9720783252650399,0.14397748127133225
0.4235000000000002,0.015265040649724247,0.0,0.14400368219237045,2.4968240596945188e-05,0.9167789994793799,0.005000000000178577,0.9722970602893878,0.14400368219237045
0.4240000000000002,0.015269415649724246,0.0,0.14402978052544668,2.4637390666632244e-05,0.9171069001208031,0.00500000000017136,0.97251493596967,0.14402978052544668
0.4245000000000002,0.015273790649724246,0.0,0.14405577627132718,2.4313680361147e-05,0.9174348019686374,0.005000000000164494,0.9727319522961675,0.14405577627132718
0.4250000000000002,0.015278165649724246,0.0,0.14408166943082404,2.39969890509685e-05,0.9177627050225466,0.005000000000157962,0.9729481092591653,0.14408166943082404
0.4255000000000002,0.015282540649724246,0.0,0.14410746000491986,2.3687196106575784e-05,0.9180906092821944,0.005000000000151747,0.9731634068489514,0.14410746000491986
0.4260000000000002,0.015286915649724247,0.0,0.1441331479947337,2.33841808984479e-05,0.9184185147472446,0.0050000000001458305,0.9733778450558178,0.1441331479947337
0.4265000000000002,0.015291290649724246,0.0,0.1441587334014528,2.3087822797063878e-05,0.9187464214173607,0.0050000000001402,0.9735914238700595,0.1441587334014528
0.4270000000000002,0.015295665649724247,0.0,0.144184216226446,2.2798001172902772e-05,0.9190743292922067,0.005000000000134838,0.9738041432819752,0.144184216226446
0.4275000000000002,0.015300040649724246,0.0,0.1442095964711729,2.2514595396443623e-05,0.9194022383714461,0.005000000000129733,0.9740160032818672,0.1442095964711729
0.4280000000000002,0.015304415649724247,0.0,0.144234874137263,2.2237484838165462e-05,0.9197301486547426,0.005000000000124872,0.9742270038600411,0.144234874137263
0.4285000000000002,0.015308790649724246,0.0,0.1442600492264023,2.1966548868547345e-05,0.92005806014176,0.00500000000012024,0.9744371450068061,0.1442600492264023
0.4290000000000002,0.015313165649724247,0.0,0.14428512174045802,2.1701666858068312e-05,0.920385972832162,0.005000000000115828,0.974646426712475,0.14428512174045802
0.4295000000000002,0.015317540649724246,0.0,0.14431009168138756,2.1442718177207397e-05,0.9207138867256122,0.005000000000111623,0.9748548489673637,0.14431009168138756
0.4300000000000002,0.015321915649724247,0.0,0.14433495905130664,2.118958219644365e-05,0.9210418018217744,0.0050000000001076145,0.9750624117617922,0.14433495905130664
0.4305000000000002,0.015326290649724246,0.0,0.14435972385239834,2.0942138286256107e-05,0.9213697181203124,0.005000000000103794,0.9752691150860835,0.14435972385239834
0.4310000000000002,0.015330665649724247,0.0,0.14438438608704912,2.0700265817123817e-05,0.9216976356208898,0.00500000000010015,0.9754749589305642,0.14438438608704912
0.4315000000000002,0.015335040649724246,0.0,0.1444089457577013,2.046384415952582e-05,0.9220255543231702,0.005000000000096674,0.9756799432855645,0.1444089457577013
0.4320000000000002,0.015339415649724245,0.0,0.14443340286693238,2.0232752683941157e-05,0.9223534742268176,0.005000000000093358,0.975884068141418,0.14443340286693238
0.4325000000000002,0.015343790649724246,0.0,0.14445775741748876,2.000687076084887e-05,0.9226813953314955,0.005000000000090193,0.9760873334884621,0.14445775741748876
0.4330000000000002,0.015348165649724247,0.0,0.1444820094121952,1.9786077760728002e-05,0.9230093176368677,0.005000000000087171,0.9762897393170371,0.1444820094121952
0.4335000000000002,0.015352540649724246,0.0,0.14450615885401114,1.9570253054057598e-05,0.9233372411425977,0.005000000000084285,0.9764912856174872,0.14450615885401114
0.4340000000000002,0.015356915649724245,0.0,0.14453020574600814,1.9359276011316696e-05,0.9236651658483495,0.005000000000081529,0.97669197238016,0.14453020574600814
0.4345000000000002,0.015361290649724246,0.0,0.1445541500914264,1.915302600298434e-05,0.9239930917537866,0.0050000000000788945,0.9768917995954068,0.1445541500914264
0.4350000000000002,0.015365665649724247,0.0,0.14457799189358375,1.895138239953957e-05,0.9243210188585729,0.005000000000076377,0.977090767253582,0.14457799189358375
0.4355000000000002,0.015370040649724246,0.0,0.14460173115589853,1.8754224571461433e-05,0.924648947162372,0.00500000000007397,0.9772888753450439,0.14460173115589853
0.4360000000000002,0.015374415649724246,0.0,0.14462536788199137,1.8561431889228967e-05,0.9249768766648476,0.005000000000071667,0.9774861238601541,0.14462536788199137
0.4365000000000002,0.015378790649724246,0.0,0.14464890207556033,1.837288372332122e-05,0.9253048073656635,0.005000000000069462,0.9776825127892774,0.14464890207556033
0.4370000000000002,0.015383165649724247,0.0,0.14467233374041485,1.8188459444217225e-05,0.9256327392644832,0.0050000000000673525,0.9778780421227826,0.14467233374041485
0.4375000000000002,0.015387540649724247,0.0,0.14469566288049845,1.800803842239603e-05,0.9259606723609706,0.0050000000000653315,0.9780727118510418,0.14469566288049845
0.4380000000000002,0.015391915649724246,0.0,0.1447188894998883,1.783150002833668e-05,0.9262886066547893,0.005000000000063395,0.9782665219644305,0.1447188894998883
0.4385000000000002,0.015396290649724247,0.0,0.1447420136027728,1.765872363251821e-05,0.9266165421456031,0.0050000000000615386,0.9784594724533278,0.1447420136027728
0.4390000000000002,0.015400665649724246,0.0,0.14476503500062235,1.749139681391714e-05,0.9269444788352869,0.005000000000059778,0.9786515633094086,0.14476503500062235
0.4395000000000002,0.015405040649724247,0.0,0.14478795377925863,1.7328167924829072e-05,0.9272724167225707,0.005000000000058094,0.9788427945224983,0.14478795377925863
0.4400000000000002,0.015409415649724246,0.0,0.14481077001501494,1.7168162610543658e-05,0.927600355806295,0.005000000000056476,0.9790331660824997,0.14481077001501494
0.4405000000000002,0.015413790649724247,0.0,0.14483348370457902,1.7011338706903633e-05,0.9279282960862152,0.005000000000054921,0.979222677979855,0.14483348370457902
0.4410000000000002,0.015418165649724246,0.0,0.14485609484468995,1.6857654049751727e-05,0.928256237562087,0.005000000000053425,0.9794113302050091,0.14485609484468995
0.4415000000000002,0.015422540649724247,0.0,0.14487860343228576,1.6707066474930667e-05,0.9285841802336657,0.005000000000051987,0.9795991227484099,0.14487860343228576
0.4420000000000002,0.015426915649724246,0.0,0.144901009464367,1.6559533818283185e-05,0.928912124100707,0.0050000000000506055,0.9797860556005069,0.144901009464367
0.4425000000000002,0.015431290649724247,0.0,0.14492331293809882,1.6415013915652015e-05,0.9292400691629662,0.005000000000049276,0.9799721287517528,0.14492331293809882
0.4430000000000002,0.015435665649724246,0.0,0.1449455138506974,1.6273464602879885e-05,0.9295680154201991,0.005000000000047998,0.9801573421926028,0.1449455138506974
0.4435000000000002,0.015440040649724247,0.0,0.14496761219956625,1.6134843715809527e-05,0.929895962872161,0.005000000000046769,0.9803416959135143,0.14496761219956625
0.44400000000000023,0.015444415649724246,0.0,0.1449896079821823,1.5999109090283672e-05,0.9302239115186075,0.005000000000045587,0.9805251899049475,0.1449896079821823
0.44450000000000023,0.015448790649724247,0.0,0.14501150119620967,1.5866218562145047e-05,0.930551861359294,0.00500000000004445,0.9807078241573651,0.14501150119620967
0.44500000000000023,0.015453165649724246,0.0,0.14503329183931765,1.5736129967236385e-05,0.9308798123939762,0.005000000000043357,0.9808895986612323,0.14503329183931765
0.44550000000000023,0.015457540649724245,0.0,0.14505497990939667,1.5608801141400416e-05,0.9312077646224095,0.005000000000042305,0.9810705134070168,0.14505497990939667
0.44600000000000023,0.015461915649724246,0.0,0.1450765654044216,1.5484189920479872e-05,0.9315357180443495,0.005000000000041293,0.9812505683851888,0.1450765654044216
0.44650000000000023,0.015466290649724247,0.0,0.1450980483224747,1.5362254140317484e-05,0.9318636726595516,0.0050000000000403185,0.981429763586221,0.1450980483224747
0.44700000000000023,0.015470665649724246,0.0,0.14511942866175678,1.524295163675598e-05,0.9321916284677714,0.005000000000039382,0.981608099000589,0.14511942866175678
0.44750000000000023,0.015475040649724246,0.0,0.14514070642059834,1.5126240245638091e-05,0.9325195854687643,0.005000000000038481,0.9817855746187704,0.14514070642059834
0.44800000000000023,0.015479415649724246,0.0,0.14516188159745988,1.5012077802806552e-05,0.932847543662286,0.005000000000037612,0.9819621904312457,0.14516188159745988
0.44850000000000023,0.015483790649724247,0.0,0.14518295419089722,1.490042214410409e-05,0.9331755030480918,0.005000000000036778,0.9821379464284976,0.14518295419089722
0.44900000000000023,0.015488165649724247,0.0,0.14520392419957323,1.4791231105373436e-05,0.9335034636259374,0.005000000000035974,0.9823128426010119,0.14520392419957323
0.44950000000000023,0.015492540649724246,0.0,0.14522479162231433,1.4684462522457319e-05,0.9338314253955782,0.0050000000000352,0.9824868789392762,0.14522479162231433
0.45000000000000023,0.015496915649724247,0.0,0.14524555645804227,1.4580074231198473e-05,0.9341593883567697,0.005000000000034455,0.9826600554337813,0.14524555645804227
0.45050000000000023,0.015501290649724246,0.0,0.14526621870575146,1.4478024067439626e-05,0.9344873525092676,0.005000000000033738,0.9828323720750202,0.14526621870575146
0.45100000000000023,0.015505665649724247,0.0,0.1452867783646564,1.4378269867023514e-05,0.9348153178528272,0.005000000000033047,0.9830038288534882,0.1452867783646564
0.45150000000000023,0.015510040649724246,0.0,0.14530723543397586,1.428076946579286e-05,0.9351432843872042,0.005000000000032381,0.9831744257596837,0.14530723543397586
0.45200000000000023,0.015514415649724247,0.0,0.14532758991314867,1.4185480699590397e-05,0.9354712521121539,0.00500000000003174,0.9833441627841072,0.14532758991314867
0.45250000000000024,0.015518790649724246,0.0,0.14534784180162907,1.4092361404258858e-05,0.935799221027432,0.005000000000031124,0.9835130399172619,0.14534784180162907
0.45300000000000024,0.015523165649724247,0.0,0.14536799109909118,1.4001369415640973e-05,0.9361271911327939,0.005000000000030529,0.9836810571496534,0.14536799109909118
0.45350000000000024,0.015527540649724246,0.0,0.14538803780525858,1.3912462569579472e-05,0.9364551624279951,0.005000000000029955,0.98384821447179,0.14538803780525858
0.45400000000000024,0.015531915649724247,0.0,0.1454079819199835,1.3825598701917086e-05,0.9367831349127912,0.005000000000029404,0.9840145118741825,0.1454079819199835
0.45450000000000024,0.015536290649724246,0.0,0.14542782344324715,1.3740735648496545e-05,0.9371111085869378,0.005000000000028871,0.9841799493473443,0.14542782344324715
0.45500000000000024,0.015540665649724247,0.0,0.14544756237515927,1.365783124516058e-05,0.9374390834501902,0.0050000000000283585,0.984344526881791,0.14544756237515927
0.45550000000000024,0.015545040649724246,0.0,0.1454671987159128,1.357684332775192e-05,0.937767059502304,0.005000000000027864,0.9845082444680409,0.1454671987159128
0.45600000000000024,0.015549415649724247,0.0,0.1454867324658406,1.3497729732113301e-05,0.9380950367430348,0.005000000000027387,0.9846711020966151,0.1454867324658406
0.45650000000000024,0.015553790649724246,0.0,0.14550616362540394,1.3420448294087446e-05,0.938423015172138,0.0050000000000269265,0.984833099758037,0.14550616362540394
0.45700000000000024,0.015558165649724245,0.0,0.14552549219515845,1.3344956849517093e-05,0.9387509947893692,0.005000000000026483,0.9849942374428324,0.14552549219515845
0.45750000000000024,0.015562540649724246,0.0,0.14554471817578796,1.3271213234244967e-05,0.9390789755944838,0.005000000000026055,0.98515451514153,0.14554471817578796
0.45800000000000024,0.015566915649724247,0.0,0.14556384156808186,1.3199175284113803e-05,0.9394069575872375,0.005000000000025642,0.9853139328446606,0.14556384156808186
0.45850000000000024,0.015571290649724246,0.0,0.14558286237295767,1.3128800834966328e-05,0.9397349407673856,0.005000000000025244,0.9854724905427579,0.14558286237295767
0.45900000000000024,0.015575665649724246,0.0,0.14560178059143827,1.3060047722645275e-05,0.9400629251346838,0.005000000000024859,0.985630188226358,0.14560178059143827
0.45950000000000024,0.015580040649724246,0.0,0.14562059622468593,1.2992873782993375e-05,0.9403909106888876,0.005000000000024487,0.9857870258859993,0.14562059622468593
0.46000000000000024,0.015584415649724247,0.0,0.145639309273968,1.2927236851853357e-05,0.9407188974297523,0.0050000000000241275,0.9859430035122231,0.145639309273968
0.46050000000000024,0.015588790649724247,0.0,0.14565791974064576,1.286309476506795e-05,0.9410468853570336,0.005000000000023781,0.986098121095573,0.14565791974064576
0.46100000000000024,0.015593165649724246,0.0,0.14567642762621946,1.2800405358479889e-05,0.9413748744704871,0.005000000000023446,0.9862523786265954,0.14567642762621946
0.46150000000000024,0.015597540649724247,0.0,0.14569483293232846,1.2739126467931902e-05,0.9417028647698681,0.005000000000023121,0.9864057760958389,0.14569483293232846
0.46200000000000024,0.015601915649724248,0.0,0.14571313566069438,1.267921592926672e-05,0.9420308562549321,0.005000000000022808,0.9865583134938546,0.14571313566069438
0.46250000000000024,0.015606290649724247,0.0,0.1457313358131207,1.2620631578327072e-05,0.9423588489254349,0.0050000000000225055,0.9867099908111966,0.1457313358131207
0.46300000000000024,0.015610665649724246,0.0,0.14574943339161814,1.2563331250955693e-05,0.9426868427811317,0.0050000000000222115,0.9868608080384211,0.14574943339161814
0.46350000000000025,0.015615040649724247,0.0,0.14576742839824514,1.250727278299531e-05,0.9430148378217783,0.005000000000021928,0.9870107651660871,0.14576742839824514
0.46400000000000025,0.015619415649724246,0.0,0.1457853208351988,1.2452414010288655e-05,0.9433428340471299,0.005000000000021652,0.9871598621847557,0.1457853208351988
0.46450000000000025,0.015623790649724247,0.0,0.1458031107047922,1.2398712768678459e-05,0.9436708314569423,0.005000000000021386,0.9873080990849912,0.1458031107047922
0.46500000000000025,0.015628165649724246,0.0,0.14582079800943137,1.2346126894007451e-05,0.9439988300509708,0.005000000000021127,0.9874554758573598,0.14582079800943137
0.46550000000000025,0.015632540649724247,0.0,0.1458383827516836,1.2294614222118365e-05,0.9443268298289712,0.005000000000020877,0.9876019924924306,0.1458383827516836
0.46600000000000025,0.015636915649724248,0.0,0.14585586493420907,1.2244132588853928e-05,0.9446548307906987,0.005000000000020633,0.9877476489807753,0.14585586493420907
0.46650000000000025,0.015641290649724245,0.0,0.14587324453855982,1.2194674772479836e-05,0.9449828329361508,0.005000000000020397,0.9878924453130741,0.14587324453855982
0.46700000000000025,0.015645665649724246,0.0,0.14589052137392086,1.2146524094410603e-05,0.9453108362672962,0.005000000000020169,0.98803638148087,0.14589052137392086
0.46750000000000025,0.015650040649724247,0.0,0.14590769561867664,1.2099366443536243e-05,0.9456388407818865,0.0050000000000199486,0.9881794574738517,0.14590769561867664
0.46800000000000025,0.015654415649724248,0.0,0.14592476727032513,1.205318717884316e-05,0.9459668464797415,0.005000000000019734,0.9883216732826247,0.14592476727032513
0.46850000000000025,0.015658790649724245,0.0,0.14594173632644408,1.2007971659317754e-05,0.9462948533606808,0.005000000000019526,0.9884630288977969,0.14594173632644408
0.46900000000000025,0.015663165649724246,0.0,0.14595860278482786,1.196370524394643e-05,0.9466228614245238,0.005000000000019325,0.9886035243099777,0.14595860278482786
0.46950000000000025,0.015667540649724247,0.0,0.14597536664328217,1.1920373291715587e-05,0.9469508706710902,0.005000000000019129,0.9887431595097784,0.14597536664328217
0.47000000000000025,0.015671915649724248,0.0,0.14599202789977223,1.187796116161163e-05,0.9472788811001996,0.005000000000018939,0.9888819344878125,0.14599202789977223
0.47050000000000025,0.015676290649724246,0.0,0.14600858655235416,1.183645421262096e-05,0.9476068927116716,0.005000000000018755,0.9890198492346949,0.14600858655235416
0.47100000000000025,0.015680665649724247,0.0,0.14602504259923219,1.179583780372998e-05,0.9479349055053259,0.005000000000018576,0.9891569037410426,0.14602504259923219
0.47150000000000025,0.015685040649724247,0.0,0.14604139603871272,1.1756097293925092e-05,0.9482629194809818,0.005000000000018404,0.9892930979974746,0.14604139603871272
0.47200000000000025,0.015689415649724245,0.0,0.14605764686915887,1.1717218042192698e-05,0.9485909346384592,0.0050000000000182355,0.9894284319946113,0.14605764686915887
0.47250000000000025,0.015693790649724246,0.0,0.14607379508916138,1.16791854075192e-05,0.9489189509775775,0.005000000000018073,0.9895629057230755,0.14607379508916138
0.47300000000000025,0.015698165649724247,0.0,0.14608984069733327,1.1641984748891001e-05,0.9492469684981564,0.0050000000000179155,0.9896965191734914,0.14608984069733327
0.47350000000000025,0.015702540649724248,0.0,0.14610578369243526,1.1605601425294505e-05,0.9495749872000153,0.005000000000017762,0.9898292723364855,0.14610578369243526
0.47400000000000025,0.01570691564972425,0.0,0.1461216240733073,1.1570020795716109e-05,0.949903007082974,0.005000000000017614,0.9899611652026858,0.1461216240733073
0.47450000000000025,0.015711290649724246,0.0,0.14613736183892556,1.153522821914222e-05,0.9502310281468521,0.0050000000000174705,0.9900921977627223,0.14613736183892556
0.47500000000000026,0.015715665649724247,0.0,0.14615299698843642,1.1501209054559241e-05,0.950559050391469,0.005000000000017331,0.9902223700072268,0.14615299698843642
0.47550000000000026,0.015720040649724248,0.0,0.1461685295210198,1.146794866095357e-05,0.9508870738166444,0.0050000000000171956,0.9903516819268331,0.1461685295210198
0.47600000000000026,0.015724415649724245,0.0,0.146183959435946,1.143543239731161e-05,0.951215098422198,0.005000000000017065,0.9904801335121767,0.146183959435946
0.47650000000000026,0.015728790649724246,0.0,0.14619928673272387,1.1403645622619767e-05,0.9515431242079492,0.005000000000016938,0.990607724753895,0.14619928673272387
0.47700000000000026,0.015733165649724247,0.0,0.1462145114108727,1.137257369586444e-05,0.9518711511737176,0.005000000000016815,0.9907344556426274,0.1462145114108727
0.47750000000000026,0.015737540649724248,0.0,0.1462296334700363,1.1342201976032034e-05,0.952199179319323,0.005000000000016695,0.990860326169015,0.1462296334700363
0.47800000000000026,0.015741915649724245,0.0,0.14624465290998284,1.1312515822108948e-05,0.9525272086445847,0.00500000000001658,0.9909853363237009,0.14624465290998284
0.47850000000000026,0.015746290649724246,0.0,0.14625956973063897,1.1283500593081587e-05,0.9528552391493225,0.005000000000016468,0.9911094860973297,0.14625956973063897
0.47900000000000026,0.015750665649724247,0.0,0.146274383931953,1.1255141647936351e-05,0.953183270833356,0.005000000000016359,0.9912327754805484,0.146274383931953
0.47950000000000026,0.015755040649724248,0.0,0.1462890955140659,1.1227424345659644e-05,0.9535113036965046,0.005000000000016254,0.9913552044640055,0.1462890955140659
0.48000000000000026,0.015759415649724245,0.0,0.14630370447717442,1.1200334045237868e-05,0.9538393377385881,0.005000000000016152,0.9914767730383515,0.14630370447717442
0.48050000000000026,0.015763790649724246,0.0,0.14631821082164487,1.1173856105657424e-05,0.954167372959426,0.005000000000016053,0.9915974811942386,0.14631821082164487
0.48100000000000026,0.015768165649724247,0.0,0.1463326145479108,1.1147975885904716e-05,0.9544954093588379,0.005000000000015957,0.991717328922321,0.1463326145479108
0.48150000000000026,0.015772540649724248,0.0,0.1463469156565524,1.1122678744966145e-05,0.9548234469366433,0.005000000000015864,0.9918363162132549,0.1463469156565524
0.48200000000000026,0.015776915649724246,0.0,0.14636111414818256,1.1097950041828114e-05,0.9551514856926621,0.005000000000015775,0.991954443057698,0.14636111414818256
0.48250000000000026,0.015781290649724247,0.0,0.1463752100236636,1.1073775135477025e-05,0.9554795256267135,0.005000000000015687,0.9920717094463102,0.1463752100236636
0.48300000000000026,0.015785665649724247,0.0,0.14638920328385624,1.1050139384899282e-05,0.9558075667386172,0.005000000000015603,0.9921881153697529,0.14638920328385624
0.48350000000000026,0.015790040649724245,0.0,0.14640309392975617,1.1027028149081285e-05,0.9561356090281931,0.0050000000000155215,0.9923036608186898,0.14640309392975617
0.48400000000000026,0.015794415649724246,0.0,0.14641688196252864,1.1004426787009437e-05,0.9564636524952603,0.005000000000015442,0.9924183457837862,0.14641688196252864
0.48450000000000026,0.015798790649724247,0.0,0.1464305673833826,1.098232065767014e-05,0.9567916971396387,0.0050000000000153645,0.9925321702557092,0.1464305673833826
0.48500000000000026,0.015803165649724248,0.0,0.1464441501936848,1.0960695120049796e-05,0.9571197429611479,0.00500000000001529,0.9926451342251279,0.1464441501936848
0.48550000000000026,0.01580754064972425,0.0,0.14645763039486864,1.0939535533134809e-05,0.9574477899596073,0.005000000000015218,0.9927572376827132,0.14645763039486864
0.48600000000000027,0.015811915649724246,0.0,0.14647100798850224,1.091882725591158e-05,0.9577758381348367,0.005000000000015148,0.9928684806191379,0.14647100798850224
0.48650000000000027,0.015816290649724247,0.0,0.14648428297631153,1.089855564736651e-05,0.9581038874866555,0.005000000000015079,0.9929788630250768,0.14648428297631153
0.48700000000000027,0.015820665649724248,0.0,0.14649745526746588,1.0878819300095517e-05,0.958431938015939,0.005000000000015014,0.993088384891557,0.14649745526746588
0.48750000000000027,0.015825040649724245,0.0,0.14651052492860345,1.0859507059293346e-05,0.9587599897217685,0.00500000000001495,0.9931970462090054,0.14651052492860345
0.48800000000000027,0.015829415649724246,0.0,0.14652349196936354,1.0840596673834301e-05,0.9590880426038771,0.005000000000014888,0.9933048469680713,0.14652349196936354
0.48850000000000027,0.015833790649724247,0.0,0.14653635638725854,1.0822082067377597e-05,0.9594160966621369,0.0050000000000148285,0.9934117871594519,0.14653635638725854
0.48900000000000027,0.015838165649724248,0.0,0.14654911817992317,1.0803957163582444e-05,0.95974415189642,0.00500000000001477,0.993517866773846,0.14654911817992317
0.48950000000000027,0.015842540649724245,0.0,0.14656177734509168,1.0786215886108062e-05,0.9600722083065983,0.005000000000014714,0.9936230858019534,0.14656177734509168
0.49000000000000027,0.015846915649724246,0.0,0.14657433388066643,1.0768852158613662e-05,0.9604002658925439,0.005000000000014659,0.9937274442344751,0.14657433388066643
0.49050000000000027,0.015851290649724247,0.0,0.14658678778458062,1.0751859904758457e-05,0.9607283246541289,0.0050000000000146065,0.993830942062114,0.14658678778458062
0.49100000000000027,0.015855665649724248,0.0,0.14659913905493538,1.0735233048201662e-05,0.9610563845912253,0.005000000000014555,0.9939335792755738,0.14659913905493538
0.49150000000000027,0.015860040649724245,0.0,0.1466113876898856,1.0718965512602494e-05,0.9613844457037052,0.005000000000014506,0.9940353558655596,0.1466113876898856
0.49200000000000027,0.015864415649724246,0.0,0.14662353368777684,1.0703051221620165e-05,0.9617125079914406,0.005000000000014458,0.994136271822778,0.14662353368777684
0.49250000000000027,0.015868790649724247,0.0,0.14663557704701963,1.0687484098913889e-05,0.9620405714543036,0.005000000000014411,0.9942363271379366,0.14663557704701963
0.49300000000000027,0.015873165649724248,0.0,0.14664751776611243,1.067225806814288e-05,0.9623686360921662,0.005000000000014366,0.9943355218017447,0.14664751776611243
0.49350000000000027,0.015877540649724246,0.0,0.1466593558436871,1.0657367052966353e-05,0.9626967019049003,0.005000000000014323,0.9944338558049125,0.1466593558436871
0.49400000000000027,0.015881915649724247,0.0,0.14667109127852046,1.0642804977043521e-05,0.9630247688923782,0.005000000000014281,0.9945313291381518,0.14667109127852046
0.4945000000000003,0.015886290649724247,0.0,0.1466827240694541,1.0628565764033601e-05,0.9633528370544719,0.0050000000000142404,0.9946279417921756,0.1466827240694541
0.4950000000000003,0.015890665649724245,0.0,0.14669425421542878,1.0614643337595804e-05,0.9636809063910534,0.005000000000014201,0.9947236937576983,0.14669425421542878
0.4955000000000003,0.015895040649724246,0.0,0.14670568171556414,1.0601031621389346e-05,0.9640089769019947,0.005000000000014163,0.9948185850254354,0.14670568171556414
0.4960000000000003,0.015899415649724247,0.0,0.14671700656903333,1.0587724539073439e-05,0.964337048587168,0.005000000000014127,0.9949126155861039,0.14671700656903333
0.4965000000000003,0.015903790649724248,0.0,0.1467282287751198,1.05747160143073e-05,0.9646651214464451,0.005000000000014092,0.9950057854304221,0.1467282287751198
0.4970000000000003,0.01590816564972425,0.0,0.14673934833324015,1.0561999970750143e-05,0.9649931954796983,0.005000000000014058,0.9950980945491096,0.14673934833324015
0.4975000000000003,0.015912540649724246,0.0,0.14675036524288718,1.054957033206118e-05,0.9653212706867995,0.005000000000014025,0.9951895429328871,0.14675036524288718
0.4980000000000003,0.015916915649724247,0.0,0.14676127950375523,1.0537421021899628e-05,0.9656493470676207,0.005000000000013994,0.9952801305724769,0.14676127950375523
0.4985000000000003,0.015921290649724248,0.0,0.1467720911155233,1.05255459639247e-05,0.9659774246220342,0.005000000000013964,0.9953698574586025,0.1467720911155233
0.4990000000000003,0.015925665649724245,0.0,0.14678280007802624,1.0513939081795608e-05,0.9663055033499118,0.005000000000013934,0.9954587235819888,0.14678280007802624
0.4995000000000003,0.015930040649724246,0.0,0.14679340639128902,1.0502594299171568e-05,0.9666335832511257,0.0050000000000139065,0.9955467289333617,0.14679340639128902
0.5000000000000002,0.015934415649724247,0.0,0.14680391005535537,1.0491505539711796e-05,0.9669616643255479,0.005000000000013879,0.9956338735034489,0.14680391005535537
0.5005000000000003,0.015938790649724248,0.0,0.14681431107037915,1.0480666727075502e-05,0.9672897465730503,0.005000000000013854,0.9957201572829789,0.14681431107037915
0.5010000000000003,0.01594316564972425,0.0,0.14682460943666986,1.0470071784921904e-05,0.9676178299935053,0.0050000000000138285,0.995805580262682,0.14682460943666986
0.5015000000000003,0.015947540649724246,0.0,0.14683480515461284,1.0459714636910217e-05,0.9679459145867846,0.005000000000013804,0.9958901424332892,0.14683480515461284
0.5020000000000002,0.015951915649724247,0.0,0.1468448982247375,1.0449589206699652e-05,0.9682740003527603,0.005000000000013782,0.9959738437855334,0.1468448982247375
0.5025000000000003,0.015956290649724248,0.0,0.14685488864766055,1.0439689417949422e-05,0.9686020872913047,0.00500000000001376,0.9960566843101486,0.14685488864766055
0.5030000000000003,0.015960665649724246,0.0,0.1468647764240741,1.0430009194318745e-05,0.9689301754022897,0.005000000000013738,0.9961386639978701,0.1468647764240741
0.5035000000000003,0.015965040649724246,0.0,0.14687456155488318,1.0420542459466833e-05,0.9692582646855871,0.005000000000013718,0.9962197828394344,0.14687456155488318
0.5040000000000002,0.015969415649724247,0.0,0.1468842440409881,1.0411283137052904e-05,0.9695863551410693,0.005000000000013699,0.9963000408255793,0.1468842440409881
0.5045000000000003,0.015973790649724248,0.0,0.14689382388346767,1.0402225150736164e-05,0.9699144467686082,0.005000000000013681,0.9963794379470443,0.14689382388346767
0.5050000000000003,0.01597816564972425,0.0,0.14690330108346464,1.0393362424175835e-05,0.9702425395680759,0.005000000000013664,0.9964579741945699,0.14690330108346464
0.5055000000000003,0.015982540649724247,0.0,0.1469126756422772,1.0384688881031128e-05,0.9705706335393444,0.005000000000013646,0.9965356495588977,0.1469126756422772
0.5060000000000002,0.015986915649724247,0.0,0.146921947531267,1.0376226030798586e-05,0.9708987286826275,0.005000000000013631,0.9966124640308507,0.146921947531267
0.5065000000000003,0.015991290649724245,0.0,0.14693111664564018,1.0368061008419982e-05,0.9712268249990069,0.005000000000013616,0.9966884176014489,0.14693111664564018
0.5070000000000003,0.015995665649724246,0.0,0.14694018312794452,1.0360054447356462e-05,0.9715549224867507,0.005000000000013602,0.9967635102610609,0.14694018312794452
0.5075000000000003,0.016000040649724247,0.0,0.14694914697445174,1.0352204355019116e-05,0.9718830211457927,0.005000000000013588,0.9968377420004483,0.14694914697445174
0.5080000000000002,0.016004415649724248,0.0,0.14695800818155363,1.0344508738819033e-05,0.9722111209760668,0.005000000000013575,0.9969111128103728,0.14695800818155363
0.5085000000000003,0.01600879064972425,0.0,0.1469667667457509,1.0336965606167296e-05,0.972539221977507,0.005000000000013563,0.9969836226815975,0.1469667667457509
0.5090000000000003,0.016013165649724246,0.0,0.1469754226636302,1.0329572964474999e-05,0.9728673241500468,0.005000000000013552,0.9970552716048855,0.1469754226636302
0.5095000000000003,0.016017540649724247,0.0,0.14698397593198975,1.0322328821153229e-05,0.9731954274936203,0.005000000000013541,0.997126059571001,0.14698397593198975
0.5100000000000002,0.016021915649724248,0.0,0.14699242654761085,1.0315231183613074e-05,0.9735235320081612,0.005000000000013531,0.9971959865707085,0.14699242654761085
0.5105000000000003,0.016026290649724245,0.0,0.1470007745074063,1.030827805926562e-05,0.9738516376936035,0.0050000000000135205,0.9972650525947737,0.1470007745074063
0.5110000000000003,0.016030665649724246,0.0,0.14700901980847778,1.0301467455521958e-05,0.974179744549881,0.005000000000013512,0.9973332576339624,0.14700901980847778
0.5115000000000003,0.016035040649724247,0.0,0.1470171624479783,1.0294797379793177e-05,0.9745078525769273,0.005000000000013503,0.9974006016790413,0.1470171624479783
0.5120000000000002,0.016039415649724248,0.0,0.14702520242316972,1.0288265839490363e-05,0.9748359617746765,0.005000000000013495,0.9974670847207778,0.14702520242316972
0.5125000000000003,0.016043790649724245,0.0,0.1470331397313652,1.0281870842024604e-05,0.9751640721430624,0.005000000000013488,0.99753270674994,0.1470331397313652
0.5130000000000003,0.016048165649724246,0.0,0.14704097437012384,1.0275610394806991e-05,0.975492183682019,0.005000000000013481,0.9975974677572964,0.14704097437012384
0.5135000000000003,0.016052540649724247,0.0,0.1470487063370448,1.0269482505248612e-05,0.9758202963914796,0.005000000000013475,0.9976613677336165,0.1470487063370448
0.5140000000000002,0.016056915649724245,0.0,0.14705633562975565,1.0263485180760553e-05,0.9761484102713786,0.0050000000000134685,0.9977244066696701,0.14705633562975565
0.5145000000000003,0.016061290649724246,0.0,0.1470638622461183,1.0257616428753902e-05,0.9764765253216496,0.005000000000013463,0.997786584556228,0.1470638622461183
0.5150000000000003,0.016065665649724246,0.0,0.1470712861840462,1.0251874256639751e-05,0.9768046415422266,0.005000000000013459,0.9978479013840615,0.1470712861840462
0.5155000000000003,0.016070040649724247,0.0,0.14707860744156112,1.0246256671829185e-05,0.9771327589330432,0.005000000000013455,0.9979083571439428,0.14707860744156112
0.5160000000000002,0.016074415649724248,0.0,0.1470858260167935,1.0240761681733296e-05,0.9774608774940333,0.005000000000013451,0.9979679518266441,0.1470858260167935
0.5165000000000003,0.016078790649724246,0.0,0.14709294190795927,1.0235387293763166e-05,0.977788997225131,0.005000000000013448,0.998026685422939,0.14709294190795927
0.5170000000000003,0.016083165649724247,0.0,0.14709995511347432,1.0230131515329889e-05,0.9781171181262699,0.005000000000013445,0.9980845579236015,0.14709995511347432
0.5175000000000003,0.016087540649724247,0.0,0.14710686563176018,1.022499235384455e-05,0.9784452401973838,0.0050000000000134425,0.9981415693194061,0.14710686563176018
0.5180000000000002,0.016091915649724245,0.0,0.14711367346135804,1.0219967816718241e-05,0.9787733634384067,0.005000000000013441,0.9981977196011281,0.14711367346135804
0.5185000000000003,0.016096290649724246,0.0,0.14712037860100918,1.0215055911362047e-05,0.9791014878492723,0.00500000000001344,0.9982530087595436,0.14712037860100918
0.5190000000000003,0.016100665649724247,0.0,0.14712698104946023,1.0210254645187056e-05,0.9794296134299146,0.005000000000013439,0.998307436785429,0.14712698104946023
0.5195000000000003,0.016105040649724248,0.0,0.1471334808056119,1.020556202560436e-05,0.9797577401802674,0.005000000000013438,0.9983610036695617,0.1471334808056119
0.5200000000000002,0.016109415649724245,0.0,0.14713987786845042,1.0200976060025044e-05,0.9800858681002643,0.005000000000013438,0.9984137094027197,0.14713987786845042
0.5205000000000003,0.016113790649724246,0.0,0.14714617223710463,1.0196494755860196e-05,0.9804139971898396,0.005000000000013439,0.9984655539756816,0.14714617223710463
0.5210000000000004,0.016118165649724247,0.0,0.14715236391080025,1.0192116120520907e-05,0.9807421274489267,0.00500000000001344,0.9985165373792265,0.14715236391080025
0.5215000000000003,0.016122540649724248,0.0,0.14715845288884843,1.0187838161418264e-05,0.9810702588774597,0.005000000000013441,0.9985666596041344,0.14715845288884843
0.5220000000000002,0.016126915649724245,0.0,0.14716443917066846,1.0183658885963355e-05,0.9813983914753723,0.0050000000000134425,0.998615920641186,0.14716443917066846
0.5225000000000003,0.016131290649724246,0.0,0.1471703227558452,1.0179576301567268e-05,0.9817265252425985,0.005000000000013445,0.9986643204811625,0.1471703227558452
0.5230000000000004,0.016135665649724247,0.0,0.14717610364401446,1.0175588415641092e-05,0.9820546601790721,0.005000000000013448,0.9987118591148457,0.14717610364401446
0.5235000000000003,0.016140040649724248,0.0,0.14718178183493172,1.0171693235595916e-05,0.9823827962847267,0.00500000000001345,0.9987585365330183,0.14718178183493172
0.5240000000000002,0.016144415649724245,0.0,0.14718735732842622,1.0167888768842826e-05,0.9827109335594965,0.005000000000013454,0.9988043527264634,0.14718735732842622
0.5245000000000003,0.016148790649724246,0.0,0.14719283012454998,1.0164173022792912e-05,0.9830390720033151,0.005000000000013457,0.998849307685965,0.14719283012454998
0.5250000000000004,0.016153165649724247,0.0,0.1471982002233485,1.0160544004857264e-05,0.9833672116161164,0.005000000000013461,0.9988934014023078,0.1471982002233485
0.5255000000000003,0.016157540649724248,0.0,0.14720346762500985,1.0156999722446967e-05,0.9836953523978342,0.005000000000013465,0.9989366338662767,0.14720346762500985
0.5260000000000002,0.016161915649724246,0.0,0.14720863232981873,1.015353818297311e-05,0.9840234943484025,0.00500000000001347,0.9989790050686579,0.14720863232981873
0.5265000000000003,0.016166290649724246,0.0,0.14721369433822518,1.0150157393846784e-05,0.9843516374677551,0.0050000000000134754,0.9990205150002377,0.14721369433822518
0.5270000000000004,0.016170665649724247,0.0,0.14721865365073,1.0146855362479074e-05,0.9846797817558257,0.005000000000013481,0.9990611636518035,0.14721865365073
0.5275000000000003,0.016175040649724248,0.0,0.14722351026795347,1.014363009628107e-05,0.9850079272125483,0.005000000000013486,0.999100951014143,0.14722351026795347
0.5280000000000002,0.016179415649724246,0.0,0.14722826419061252,1.014047960266386e-05,0.9853360738378565,0.005000000000013492,0.9991398770780449,0.14722826419061252
0.5285000000000003,0.016183790649724247,0.0,0.14723291541957778,1.0137401889038532e-05,0.9856642216316844,0.005000000000013499,0.9991779418342981,0.14723291541957778
0.5290000000000004,0.016188165649724248,0.0,0.1472374639557821,1.0134394962816174e-05,0.9859923705939658,0.005000000000013505,0.9992151452736928,0.1472374639557821
0.5295000000000003,0.01619254064972425,0.0,0.14724190980027776,1.0131456831407877e-05,0.9863205207246345,0.005000000000013512,0.9992514873870194,0.14724190980027776
0.5300000000000002,0.016196915649724246,0.0,0.14724625295423638,1.0128585502224725e-05,0.9866486720236242,0.00500000000001352,0.999286968165069,0.14724625295423638
0.5305000000000003,0.016201290649724247,0.0,0.14725049341893745,1.012577898267781e-05,0.986976824490869,0.005000000000013527,0.9993215875986334,0.14725049341893745
0.5310000000000004,0.016205665649724248,0.0,0.14725463119574553,1.0123035280178218e-05,0.9873049781263026,0.005000000000013534,0.9993553456785054,0.14725463119574553
0.5315000000000003,0.01621004064972425,0.0,0.1472586662861674,1.012035240213704e-05,0.9876331329298589,0.005000000000013542,0.9993882423954779,0.1472586662861674
0.5320000000000003,0.016214415649724246,0.0,0.14726259869177188,1.011772835596536e-05,0.9879612889014715,0.005000000000013551,0.9994202777403447,0.14726259869177188
0.5325000000000003,0.016218790649724247,0.0,0.14726642841429285,1.0115161149074271e-05,0.9882894460410746,0.00500000000001356,0.9994514517039004,0.14726642841429285
0.5330000000000004,0.016223165649724248,0.0,0.14727015545552624,1.0112648788874857e-05,0.9886176043486019,0.005000000000013568,0.9994817642769401,0.14727015545552624
0.5335000000000003,0.016227540649724245,0.0,0.1472737798173757,1.0110189282778209e-05,0.9889457638239872,0.005000000000013577,0.9995112154502597,0.1472737798173757
0.5340000000000003,0.016231915649724246,0.0,0.14727730150192142,1.0107780638195416e-05,0.9892739244671643,0.0050000000000135865,0.9995398052146556,0.14727730150192142
0.5345000000000003,0.016236290649724247,0.0,0.14728072051124827,1.0105420862537565e-05,0.9896020862780672,0.005000000000013596,0.999567533560925,0.14728072051124827
0.5350000000000004,0.016240665649724248,0.0,0.14728403684761757,1.0103107963215743e-05,0.9899302492566296,0.0050000000000136055,0.9995944004798656,0.14728403684761757
0.5355000000000003,0.01624504064972425,0.0,0.14728725051338684,1.010083994764104e-05,0.9902584134027854,0.005000000000013615,0.9996204059622759,0.14728725051338684
0.5360000000000003,0.016249415649724246,0.0,0.14729036099882828,1.009862056835491e-05,0.9905865787222906,0.0050000000000136255,0.9996455499993935,0.14729036099882828
0.5365000000000003,0.016253790649724247,0.0,0.14729336803407003,1.0096457077126419e-05,0.9909147452181764,0.005000000000013635,0.9996698325821974,0.14729336803407003
0.5370000000000004,0.016258165649724248,0.0,0.147296272792043,1.0094338135881952e-05,0.9912429128770728,0.005000000000013646,0.9996932537004859,0.147296272792043
0.5375000000000003,0.016262540649724246,0.0,0.14729907522848582,1.0092263091408577e-05,0.9915710816994484,0.005000000000013657,0.9997158133451305,0.14729907522848582
0.5380000000000003,0.016266915649724246,0.0,0.1473017752993225,1.009023129049336e-05,0.9918992516857718,0.005000000000013667,0.9997375115069981,0.1473017752993225
0.5385000000000003,0.016271290649724247,0.0,0.14730437296045623,1.008824207992336e-05,0.9922274228365116,0.005000000000013678,0.9997583481769504,0.14730437296045623
0.5390000000000004,0.01627566564972425,0.0,0.14730686816798721,1.0086294806485648e-05,0.9925555951521362,0.00500000000001369,0.9997783233458444,0.14730686816798721
0.5395000000000003,0.016280040649724246,0.0,0.1473092608780753,1.0084388816967288e-05,0.9928837686331141,0.005000000000013701,0.9997974370045318,0.1473092608780753
0.5400000000000003,0.016284415649724247,0.0,0.14731155104704333,1.0082523458155342e-05,0.9932119432799139,0.005000000000013713,0.9998156891438595,0.14731155104704333
0.5405000000000003,0.016288790649724248,0.0,0.14731373863123973,1.0080698076836879e-05,0.9935401190930043,0.005000000000013724,0.9998330797546697,0.14731373863123973
0.5410000000000004,0.01629316564972425,0.0,0.14731582358717613,1.0078912019798962e-05,0.9938682960728538,0.0050000000000137365,0.9998496088277993,0.14731582358717613
0.5415000000000003,0.016297540649724246,0.0,0.14731780587145876,1.0077164633828656e-05,0.9941964742199305,0.005000000000013749,0.9998652763540803,0.14731780587145876
0.5420000000000003,0.016301915649724247,0.0,0.14731968544080012,1.0075455265713027e-05,0.9945246535347034,0.005000000000013761,0.9998800823243399,0.14731968544080012
0.5425000000000003,0.016306290649724248,0.0,0.14732146225199622,1.0073783262239139e-05,0.994852834017641,0.005000000000013774,0.9998940267294002,0.14732146225199622
0.5430000000000004,0.01631066564972425,0.0,0.14732313626197238,1.0072147970194058e-05,0.9951810156692118,0.005000000000013786,0.9999071095600784,0.14732313626197238
0.5435000000000003,0.016315040649724246,0.0,0.1473247074277492,1.007054873636485e-05,0.9955091984898841,0.005000000000013799,0.999919330807187,0.1473247074277492
0.5440000000000003,0.016319415649724247,0.0,0.14732617570649983,1.0068984907538578e-05,0.9958373824801265,0.005000000000013812,0.9999306904615329,0.14732617570649983
0.5445000000000003,0.016323790649724248,0.0,0.14732754105542434,1.0067455830502308e-05,0.9961655676404079,0.005000000000013825,0.9999411885139189,0.14732754105542434
0.5450000000000004,0.01632816564972425,0.0,0.14732880343188695,1.0065960852043105e-05,0.9964937539711965,0.005000000000013839,0.999950824955142,0.14732880343188695
0.5455000000000003,0.016332540649724246,0.0,0.14732996279332494,1.0064499318948034e-05,0.9968219414729609,0.005000000000013852,0.9999595997759948,0.14732996279332494
0.5460000000000003,0.016336915649724247,0.0,0.1473310190973401,1.0063070578004162e-05,0.9971501301461696,0.005000000000013866,0.9999675129672649,0.1473310190973401
0.5465000000000003,0.016341290649724248,0.0,0.14733197230156161,1.0061673975998552e-05,0.9974783199912913,0.00500000000001388,0.9999745645197348,0.14733197230156161
0.5470000000000004,0.01634566564972425,0.0,0.14733282236380651,1.0060308859718268e-05,0.9978065110087944,0.0050000000000138935,0.9999807544241819,0.14733282236380651
0.5475000000000003,0.016350040649724246,0.0,0.1473335692419195,1.0058974575950378e-05,0.9981347031991473,0.005000000000013908,0.9999860826713789,0.1473335692419195
0.5480000000000003,0.016354415649724247,0.0,0.1473342128939219,1.0057670471481945e-05,0.9984628965628188,0.005000000000013922,0.9999905492520936,0.1473342128939219
0.5485000000000003,0.016358790649724248,0.0,0.14733475327790882,1.0056395893100036e-05,0.9987910911002774,0.005000000000013937,0.9999941541570887,0.14733475327790882
0.5490000000000004,0.01636316564972425,0.0,0.14733519035209497,1.0055150187591712e-05,0.9991192868119916,0.005000000000013951,0.9999968973771218,0.14733519035209497
0.5495000000000003,0.016367540649724246,0.0,0.14733552407478068,1.0053932701744043e-05,0.9994474836984297,0.0050000000000139655,0.999998778902946,0.14733552407478068
0.5500000000000003,0.016371915649724247,0.0,0.14733575440440908,1.0052742782344093e-05,0.9997756817600606,0.00500000000001398,0.999999798725309,0.14733575440440908
0.5505000000000003,0.01637629064972425,0.0,0.14733588129953198,1.0051579776178925e-05,1.0001038809973526,0.005000000000013996,0.9999999568349536,0.14733588129953198
0.5510000000000004,0.01638066564972425,0.0,0.1473359047187413,1.0050443030035606e-05,1.0004320814107746,0.005000000000014011,0.9999992532226178,0.1473359047187413
0.5515000000000003,0.016385040649724247,0.0,0.1473358246208411,1.00493318907012e-05,1.0007602830007944,0.005000000000014026,0.9999976878790348,0.1473358246208411
0.5520000000000003,0.016389415649724248,0.0,0.1473356409646871,1.0048245704962772e-05,1.0010884857678812,0.005000000000014041,0.9999952607949325,0.1473356409646871
0.5525000000000003,0.01639379064972425,0.0,0.14733535370924447,1.0047183819607389e-05,1.0014166897125032,0.005000000000014057,0.999991971961034,0.14733535370924447
0.5530000000000004,0.016398165649724246,0.0,0.1473349628135533,1.0046145581422112e-05,1.0017448948351293,0.005000000000014072,0.9999878213680573,0.1473349628135533
0.5535000000000003,0.016402540649724247,0.0,0.14733446823687774,1.0045130337194011e-05,1.0020731011362276,0.005000000000014088,0.9999828090067159,0.14733446823687774
0.5540000000000003,0.016406915649724248,0.0,0.14733386993847716,1.0044137433710148e-05,1.0024013086162669,0.005000000000014104,0.9999769348677178,0.14733386993847716
0.5545000000000003,0.01641129064972425,0.0,0.14733316787777806,1.004316621775759e-05,1.0027295172757156,0.00500000000001412,0.9999701989417663,0.14733316787777806
0.5550000000000004,0.01641566564972425,0.0,0.14733236201428257,1.00422160361234e-05,1.0030577271150423,0.0050000000000141355,0.9999626012195597,0.14733236201428257
0.5555000000000003,0.016420040649724247,0.0,0.14733145230759134,1.0041286235594645e-05,1.0033859381347157,0.005000000000014152,0.9999541416917915,0.14733145230759134
0.5560000000000003,0.016424415649724248,0.0,0.14733043871754142,1.0040376162958387e-05,1.0037141503352038,0.0050000000000141685,0.99994482034915,0.14733043871754142
0.5565000000000003,0.016428790649724245,0.0,0.14732932072124322,1.0039486465854129e-05,1.0040423637224616,0.005000000000014185,0.9999346371821413,0.14732932072124322
0.5570000000000004,0.016433165649724246,0.0,0.14732809388526352,1.00386265055754e-05,1.004370578346896,0.005000000000014201,0.9999235921796545,0.14732809388526352
0.5575000000000003,0.016437540649724247,0.0,0.14732676224010202,1.003778352995058e-05,1.004698794162709,0.005000000000014218,0.9999116853336659,0.14732676224010202
0.5580000000000003,0.016441915649724248,0.0,0.14732532578397417,1.003695731631263e-05,1.005027011169937,0.005000000000014234,0.9998989166347894,0.14732532578397417
0.5585000000000003,0.01644629064972425,0.0,0.14732378451525308,1.0036147641994503e-05,1.0053552293686163,0.005000000000014252,0.999885286073638,0.14732378451525308
0.5590000000000004,0.016450665649724246,0.0,0.14732213843238948,1.003535428432916e-05,1.0056834487587827,0.005000000000014268,0.9998707936408252,0.14732213843238948
0.5595000000000003,0.016455040649724247,0.0,0.14732038753399176,1.0034577020649556e-05,1.0060116693404724,0.0050000000000142856,0.9998554393269633,0.14732038753399176
0.5600000000000003,0.016459415649724248,0.0,0.14731853181875745,1.0033815628288648e-05,1.0063398911137214,0.005000000000014303,0.9998392231226646,0.14731853181875745
0.5605000000000003,0.016463790649724246,0.0,0.14731657128541598,1.0033069884579396e-05,1.0066681140785663,0.00500000000001432,0.9998221450185409,0.14731657128541598
0.5610000000000004,0.016468165649724247,0.0,0.1473145059329459,1.0032339566854754e-05,1.0069963382350429,0.005000000000014337,0.9998042050052035,0.1473145059329459
0.5615000000000003,0.016472540649724247,0.0,0.14731233576035782,1.0031624452447683e-05,1.0073245635831873,0.005000000000014355,0.9997854030732634,0.14731233576035782
0.5620000000000003,0.01647691564972425,0.0,0.1473100607667972,1.0030924318691137e-05,1.0076527901230359,0.005000000000014372,0.999765739213331,0.1473100607667972
0.5625000000000003,0.016481290649724246,0.0,0.14730768095145275,1.0030238942918075e-05,1.0079810178546247,0.00500000000001439,0.9997452134160166,0.14730768095145275
0.5630000000000004,0.016485665649724247,0.0,0.14730519631376263,1.0029568102461453e-05,1.00830924677799,0.005000000000014407,0.9997238256719299,0.14730519631376263
0.5635000000000003,0.016490040649724248,0.0,0.1473026068531855,1.0028911574654231e-05,1.0086374768931674,0.005000000000014425,0.99970157597168,0.1473026068531855
0.5640000000000003,0.016494415649724245,0.0,0.1472999125692576,1.0028269136829362e-05,1.0089657082001937,0.0050000000000144425,0.9996784643058759,0.1472999125692576
0.5645000000000003,0.016498790649724246,0.0,0.1472971134617189,1.002764056631981e-05,1.0092939406991048,0.005000000000014461,0.9996544906651261,0.1472971134617189
0.5650000000000004,0.016503165649724247,0.0,0.1472942095303871,1.0027025640458524e-05,1.0096221743899367,0.005000000000014479,0.9996296550400385,0.1472942095303871
0.5655000000000003,0.016507540649724248,0.0,0.14729120077516902,1.0026424136578469e-05,1.0099504092727256,0.005000000000014497,0.999603957421221,0.14729120077516902
0.5660000000000003,0.01651191564972425,0.0,0.14728808719608363,1.0025835832012597e-05,1.0102786453475079,0.005000000000014515,0.9995773977992806,0.14728808719608363
0.5665000000000003,0.016516290649724246,0.0,0.14728486879326194,1.0025260504093868e-05,1.0106068826143195,0.005000000000014534,0.9995499761648242,0.14728486879326194
0.5670000000000004,0.016520665649724247,0.0,0.1472815455670158,1.0024697930155239e-05,1.0109351210731965,0.005000000000014552,0.9995216925084581,0.1472815455670158
0.5675000000000003,0.016525040649724248,0.0,0.1472781175176891,1.0024147887529667e-05,1.0112633607241752,0.00500000000001457,0.9994925468207885,0.1472781175176891
0.5680000000000003,0.016529415649724245,0.0,0.1472745846457263,1.0023610153550108e-05,1.0115916015672917,0.005000000000014588,0.9994625390924207,0.1472745846457263
0.5685000000000003,0.016533790649724246,0.0,0.14727094695179854,1.0023084505549523e-05,1.011919843602582,0.005000000000014607,0.99943166931396,0.14727094695179854
0.5690000000000004,0.016538165649724247,0.0,0.1472672044365518,1.0022570720860865e-05,1.0122480868300825,0.0050000000000146256,0.9993999374760111,0.1472672044365518
0.5695000000000003,0.016542540649724248,0.0,0.1472633571008357,1.0022068576817093e-05,1.012576331249829,0.005000000000014645,0.9993673435691783,0.1472633571008357
0.5700000000000003,0.016546915649724245,0.0,0.14725940494555492,1.0021577850751167e-05,1.0129045768618579,0.005000000000014664,0.9993338875840656,0.14725940494555492
0.5705000000000003,0.016551290649724246,0.0,0.14725534797176063,1.002109831999604e-05,1.0132328236662054,0.005000000000014682,0.9992995695112764,0.14725534797176063
0.5710000000000004,0.016555665649724247,0.0,0.14725118618061617,1.0020629761884672e-05,1.0135610716629075,0.005000000000014701,0.9992643893414139,0.14725118618061617
0.5715000000000003,0.016560040649724248,0.0,0.14724691957339706,1.002017195375002e-05,1.0138893208520003,0.00500000000001472,0.9992283470650808,0.14724691957339706
0.5720000000000003,0.016564415649724246,0.0,0.14724254815143392,1.0019724672925041e-05,1.0142175712335202,0.005000000000014739,0.9991914426728791,0.14724254815143392
0.5725000000000003,0.016568790649724247,0.0,0.147238071916284,1.001928769674269e-05,1.014545822807503,0.005000000000014758,0.9991536761554108,0.147238071916284
0.5730000000000004,0.016573165649724247,0.0,0.14723349086952528,1.001886080253593e-05,1.0148740755739851,0.005000000000014777,0.9991150475032775,0.14723349086952528
0.5735000000000003,0.01657754064972425,0.0,0.14722880501288224,1.0018443767637713e-05,1.0152023295330024,0.005000000000014797,0.99907555670708,0.14722880501288224
0.5740000000000003,0.016581915649724246,0.0,0.14722401434813456,1.0018036369381e-05,1.0155305846845912,0.005000000000014816,0.9990352037574189,0.14722401434813456
0.5745000000000003,0.016586290649724247,0.0,0.1472191188772656,1.0017638385098745e-05,1.0158588410287879,0.005000000000014836,0.9989939886448945,0.1472191188772656
0.5750000000000004,0.016590665649724248,0.0,0.14721411860234826,1.0017249592123908e-05,1.016187098565628,0.005000000000014855,0.9989519113601065,0.14721411860234826
0.5755000000000003,0.01659504064972425,0.0,0.14720901352552185,1.0016869767789445e-05,1.0165153572951482,0.005000000000014875,0.9989089718936544,0.14720901352552185
0.5760000000000003,0.016599415649724246,0.0,0.1472038036490266,1.0016498689428313e-05,1.0168436172173845,0.0050000000000148944,0.998865170236137,0.1472038036490266
0.5765000000000003,0.016603790649724247,0.0,0.14719848897531812,1.001613613437347e-05,1.0171718783323729,0.005000000000014914,0.9988205063781528,0.14719848897531812
0.5770000000000004,0.016608165649724248,0.0,0.1471930695068613,1.0015781879957875e-05,1.0175001406401498,0.005000000000014934,0.9987749803102999,0.1471930695068613
0.5775000000000003,0.01661254064972425,0.0,0.14718754524629057,1.0015435703514483e-05,1.017828404140751,0.005000000000014954,0.9987285920231762,0.14718754524629057
0.5780000000000003,0.016616915649724246,0.0,0.14718191619630705,1.0015097382376251e-05,1.018156668834213,0.005000000000014974,0.9986813415073789,0.14718191619630705
0.5785000000000003,0.016621290649724247,0.0,0.14717618235978136,1.0014766693876137e-05,1.0184849347205716,0.005000000000014994,0.9986332287535048,0.14717618235978136
0.5790000000000004,0.016625665649724248,0.0,0.14717034373963933,1.0014443415347101e-05,1.0188132017998632,0.005000000000015014,0.9985842537521505,0.14717034373963933
0.5795000000000003,0.016630040649724245,0.0,0.14716440033894201,1.0014127324122096e-05,1.019141470072124,0.005000000000015034,0.998534416493912,0.14716440033894201
0.5800000000000003,0.016634415649724246,0.0,0.14715835216090878,1.0013818197534082e-05,1.0194697395373897,0.005000000000015055,0.9984837169693848,0.14715835216090878
0.5805000000000003,0.016638790649724247,0.0,0.14715219920879113,1.0013515812916016e-05,1.019798010195697,0.005000000000015075,0.9984321551691643,0.14715219920879113
0.5810000000000004,0.016643165649724248,0.0,0.14714594148599894,1.0013219947600855e-05,1.0201262820470816,0.005000000000015095,0.9983797310838453,0.14714594148599894
0.5815000000000003,0.01664754064972425,0.0,0.14713957899603153,1.0012930378921555e-05,1.02045455509158,0.005000000000015116,0.9983264447040221,0.14713957899603153
0.5820000000000003,0.016651915649724246,0.0,0.1471331117425236,1.0012646884211077e-05,1.020782829329228,0.005000000000015136,0.9982722960202887,0.1471331117425236
0.5825000000000004,0.016656290649724247,0.0,0.1471265397292452,1.0012369240802374e-05,1.021111104760062,0.005000000000015156,0.9982172850232387,0.1471265397292452
0.5830000000000004,0.016660665649724248,0.0,0.14711986296001017,1.0012097226028406e-05,1.021439381384118,0.005000000000015177,0.9981614117034653,0.14711986296001017
0.5835000000000004,0.016665040649724246,0.0,0.14711308143876772,1.001183061722213e-05,1.0217676592014324,0.005000000000015197,0.9981046760515612,0.14711308143876772
0.5840000000000003,0.016669415649724247,0.0,0.14710619469936095,1.0011575036878499e-05,1.0220959382173906,0.005000000000015218,0.9980470780571731,0.14710619469936095
0.5845000000000004,0.016673790649724247,0.0,0.14709920305173205,1.0011325783343519e-05,1.0224242184285508,0.005000000000015239,0.9979886177114746,0.14709920305173205
0.5850000000000004,0.01667816564972425,0.0,0.1470921066140284,1.0011081192035386e-05,1.0227524998336543,0.00500000000001526,0.9979292950052783,0.1470921066140284
0.5855000000000004,0.01668254064972425,0.0,0.14708490538165095,1.0010841208925172e-05,1.0230807824328398,0.00500000000001528,0.9978691099291517,0.14708490538165095
0.5860000000000003,0.016686915649724247,0.0,0.1470775993501254,1.0010605779983944e-05,1.0234090662262456,0.005000000000015301,0.9978080624736609,0.1470775993501254
0.5865000000000004,0.016691290649724248,0.0,0.14707018851517134,1.0010374851182776e-05,1.02373735121401,0.005000000000015322,0.9977461526293709,0.14707018851517134
0.5870000000000004,0.01669566564972425,0.0,0.14706267287250746,1.0010148368492733e-05,1.0240656373962715,0.005000000000015343,0.9976833803868447,0.14706267287250746
0.5875000000000004,0.016700040649724246,0.0,0.14705505241802333,1.000992627788489e-05,1.0243939247731684,0.0050000000000153645,0.997619745736644,0.14705505241802333
0.5880000000000003,0.016704415649724247,0.0,0.14704732714773378,1.0009708525330312e-05,1.0247222133448393,0.005000000000015385,0.997555248669329,0.14704732714773378
0.5885000000000004,0.016708790649724248,0.0,0.14703949705775582,1.000949505680007e-05,1.0250505031114223,0.005000000000015406,0.9974898891754584,0.14703949705775582
0.5890000000000004,0.01671316564972425,0.0,0.1470315621442975,1.0009285818265238e-05,1.025378794073056,0.005000000000015428,0.9974236672455896,0.1470315621442975
0.5895000000000004,0.016717540649724246,0.0,0.14702352240366917,1.0009080755696882e-05,1.025707086229879,0.005000000000015449,0.9973565828702783,0.14702352240366917
0.5900000000000003,0.016721915649724247,0.0,0.14701537783238672,1.0008879815066072e-05,1.0260353795820292,0.00500000000001547,0.9972886360400787,0.14701537783238672
0.5905000000000004,0.016726290649724248,0.0,0.14700712842698838,1.0008682942343878e-05,1.0263636741296454,0.005000000000015491,0.9972198267455434,0.14700712842698838
0.5910000000000004,0.01673066564972425,0.0,0.14699877418413776,1.0008490083501372e-05,1.0266919698728658,0.005000000000015513,0.9971501549772241,0.14699877418413776
0.5915000000000004,0.016735040649724246,0.0,0.1469903151006355,1.0008301184509622e-05,1.027020266811829,0.0050000000000155346,0.9970796207256704,0.1469903151006355
0.5920000000000003,0.016739415649724247,0.0,0.14698175117341905,1.0008116191339698e-05,1.027348564946673,0.005000000000015555,0.9970082239814304,0.14698175117341905
0.5925000000000004,0.016743790649724248,0.0,0.14697308239949428,1.000793504996267e-05,1.0276768642775365,0.005000000000015577,0.9969359647350513,0.14697308239949428
0.5930000000000004,0.01674816564972425,0.0,0.14696430877598118,1.000775770634961e-05,1.028005164804558,0.005000000000015599,0.9968628429770782,0.14696430877598118
0.5935000000000004,0.016752540649724246,0.0,0.14695543030014832,1.0007584106471584e-05,1.0283334665278756,0.00500000000001562,0.996788858698055,0.14695543030014832
0.5940000000000003,0.016756915649724247,0.0,0.1469464469693441,1.0007414196299664e-05,1.028661769447628,0.005000000000015642,0.996714011888524,0.1469464469693441
0.5945000000000004,0.016761290649724248,0.0,0.14693735878108846,1.000724792180492e-05,1.0289900735639534,0.005000000000015664,0.9966383025390263,0.14693735878108846
0.5950000000000004,0.01676566564972425,0.0,0.1469281657329356,1.0007085228958422e-05,1.0293183788769904,0.0050000000000156855,0.996561730640101,0.1469281657329356
0.5955000000000004,0.016770040649724247,0.0,0.14691886782259977,1.0006926063731239e-05,1.029646685386877,0.005000000000015707,0.9964842961822861,0.14691886782259977
0.5960000000000003,0.016774415649724247,0.0,0.1469094650479212,1.000677037209444e-05,1.029974993093752,0.00500000000001573,0.996405999156118,0.1469094650479212
0.5965000000000004,0.01677879064972425,0.0,0.14689995740684303,1.0006618100019098e-05,1.0303033019977537,0.005000000000015751,0.9963268395521317,0.14689995740684303
0.5970000000000004,0.01678316564972425,0.0,0.14689034489737715,1.000646919347628e-05,1.0306316120990204,0.005000000000015773,0.9962468173608606,0.14689034489737715
0.5975000000000004,0.016787540649724247,0.0,0.1468806275177187,1.0006323598437057e-05,1.0309599233976905,0.005000000000015796,0.9961659325728366,0.1468806275177187
0.5980000000000003,0.016791915649724248,0.0,0.14687080526615445,1.00061812608725e-05,1.0312882358939024,0.005000000000015817,0.9960841851785901,0.14687080526615445
0.5985000000000004,0.01679629064972425,0.0,0.14686087814106302,1.0006042126753676e-05,1.0316165495877947,0.005000000000015839,0.9960015751686501,0.14686087814106302
0.5990000000000004,0.016800665649724246,0.0,0.14685084614094904,1.0005906142051659e-05,1.0319448644795055,0.0050000000000158615,0.9959181025335441,0.14685084614094904
0.5995000000000004,0.016805040649724247,0.0,0.14684070926447762,1.0005773252737514e-05,1.0322731805691734,0.005000000000015884,0.9958337672637981,0.14684070926447762
0.6000000000000003,0.016809415649724248,0.0,0.14683046751036014,1.0005643404782314e-05,1.0326014978569367,0.005000000000015906,0.9957485693499366,0.14683046751036014
0.6005000000000004,0.01681379064972425,0.0,0.14682012087744548,1.000551654415713e-05,1.032929816342934,0.005000000000015928,0.9956625087824825,0.14682012087744548
0.6010000000000004,0.01681816564972425,0.0,0.14680966936469747,1.0005392616833028e-05,1.0332581360273034,0.005000000000015951,0.9955755855519576,0.14680966936469747
0.6015000000000004,0.016822540649724247,0.0,0.14679911297119486,1.0005271568781082e-05,1.0335864569101836,0.005000000000015973,0.9954877996488816,0.14679911297119486
0.6020000000000003,0.016826915649724248,0.0,0.14678845169621127,1.0005153345972359e-05,1.0339147789917125,0.005000000000015995,0.9953991510637732,0.14678845169621127
0.6025000000000004,0.01683129064972425,0.0,0.14677768553896384,1.000503789437793e-05,1.034243102272029,0.005000000000016018,0.9953096397871494,0.14677768553896384
0.6030000000000004,0.016835665649724246,0.0,0.14676681449891063,1.0004925159968863e-05,1.0345714267512716,0.00500000000001604,0.9952192658095259,0.14676681449891063
0.6035000000000004,0.016840040649724247,0.0,0.14675583857564736,1.000481508871623e-05,1.034899752429578,0.005000000000016063,0.9951280291214166,0.14675583857564736
0.6040000000000003,0.016844415649724248,0.0,0.14674475776879367,1.0004707626591103e-05,1.0352280793070872,0.005000000000016085,0.9950359297133343,0.14674475776879367
0.6045000000000004,0.01684879064972425,0.0,0.14673357207809562,1.0004602719564548e-05,1.0355564073839376,0.005000000000016108,0.9949429675757898,0.14673357207809562
0.6050000000000004,0.016853165649724246,0.0,0.1467222815034717,1.0004500313607635e-05,1.0358847366602673,0.005000000000016131,0.994849142699293,0.1467222815034717
0.6055000000000004,0.016857540649724247,0.0,0.14671088604494414,1.0004400354691435e-05,1.0362130671362149,0.005000000000016154,0.994754455074352,0.14671088604494414
0.6060000000000003,0.016861915649724248,0.0,0.14669938570262775,1.000430278878702e-05,1.0365413988119185,0.005000000000016176,0.9946589046914732,0.14669938570262775
0.6065000000000004,0.016866290649724246,0.0,0.14668778047671815,1.0004207561865457e-05,1.0368697316875168,0.005000000000016199,0.994562491541162,0.14668778047671815
0.6070000000000004,0.016870665649724247,0.0,0.14667607036760655,1.0004114619897816e-05,1.0371980657631483,0.005000000000016222,0.994465215613922,0.14667607036760655
0.6075000000000004,0.016875040649724247,0.0,0.14666425537576513,1.0004023908855167e-05,1.037526401038951,0.005000000000016245,0.9943670769002553,0.14666425537576513
0.6080000000000003,0.01687941564972425,0.0,0.14665233550174733,1.0003935374708582e-05,1.0378547375150637,0.005000000000016268,0.9942680753906625,0.14665233550174733
0.6085000000000004,0.01688379064972425,0.0,0.1466403107462678,1.0003848963429129e-05,1.0381830751916246,0.005000000000016291,0.994168211075643,0.1466403107462678
0.6090000000000004,0.016888165649724247,0.0,0.14662818111009962,1.0003764620987877e-05,1.0385114140687721,0.005000000000016314,0.9940674839456943,0.14662818111009962
0.6095000000000004,0.016892540649724248,0.0,0.14661594659424562,1.0003682293355898e-05,1.0388397541466445,0.005000000000016337,0.9939658939913129,0.14661594659424562
0.6100000000000003,0.016896915649724245,0.0,0.1466036071996873,1.0003601926504261e-05,1.0391680954253804,0.00500000000001636,0.9938634412029932,0.1466036071996873
0.6105000000000004,0.016901290649724246,0.0,0.14659116292761312,1.0003523466404037e-05,1.0394964379051181,0.005000000000016384,0.9937601255712286,0.14659116292761312
0.6110000000000004,0.016905665649724247,0.0,0.1465786137792816,1.0003446859026294e-05,1.0398247815859962,0.005000000000016406,0.9936559470865108,0.1465786137792816
0.6115000000000004,0.016910040649724248,0.0,0.1465659597561242,1.0003372050342102e-05,1.0401531264681527,0.00500000000001643,0.9935509057393301,0.1465659597561242
0.6120000000000003,0.01691441564972425,0.0,0.1465532008596081,1.0003298986322532e-05,1.0404814725517262,0.005000000000016453,0.9934450015201753,0.1465532008596081
0.6125000000000004,0.016918790649724246,0.0,0.14654033709132794,1.0003227612938653e-05,1.0408098198368554,0.0050000000000164765,0.9933382344195336,0.14654033709132794
0.6130000000000004,0.016923165649724247,0.0,0.1465273684531197,1.0003157876161536e-05,1.041138168323678,0.0050000000000165,0.9932306044278909,0.1465273684531197
0.6135000000000004,0.016927540649724248,0.0,0.1465142949467527,1.000308972196225e-05,1.041466518012333,0.005000000000016523,0.9931221115357315,0.1465142949467527
0.6140000000000003,0.016931915649724245,0.0,0.14650111657421497,1.0003023096311865e-05,1.0417948689029586,0.005000000000016547,0.993012755733538,0.14650111657421497
0.6145000000000004,0.016936290649724246,0.0,0.146487833337622,1.000295794518145e-05,1.0421232209956932,0.00500000000001657,0.992902537011792,0.146487833337622
0.6150000000000004,0.016940665649724247,0.0,0.1464744452391482,1.0002894214542077e-05,1.0424515742906753,0.005000000000016594,0.9927914553609731,0.1464744452391482
0.6155000000000004,0.016945040649724248,0.0,0.1464609522811413,1.0002831850364814e-05,1.042779928788043,0.005000000000016618,0.9926795107715599,0.1464609522811413
0.6160000000000003,0.016949415649724246,0.0,0.14644735446597382,1.0002770798620731e-05,1.0431082844879351,0.005000000000016641,0.992566703234029,0.14644735446597382
0.6165000000000004,0.016953790649724246,0.0,0.14643365179627132,1.00027110052809e-05,1.0434366413904899,0.005000000000016665,0.9924530327388559,0.14643365179627132
0.6170000000000004,0.016958165649724247,0.0,0.1464198442746731,1.0002652416316389e-05,1.0437649994958456,0.005000000000016689,0.9923384992765145,0.1464198442746731
0.6175000000000004,0.01696254064972425,0.0,0.14640593190395745,1.0002594977698267e-05,1.0440933588041406,0.005000000000016712,0.9922231028374773,0.14640593190395745
0.6180000000000003,0.016966915649724246,0.0,0.14639191468703036,1.0002538635397607e-05,1.0444217193155132,0.005000000000016736,0.992106843412215,0.14639191468703036
0.6185000000000004,0.016971290649724247,0.0,0.14637779262691436,1.0002483335385475e-05,1.0447500810301023,0.00500000000001676,0.9919897209911971,0.14637779262691436
0.6190000000000004,0.016975665649724248,0.0,0.14636356572671402,1.0002429023632943e-05,1.045078443948046,0.0050000000000167836,0.9918717355648915,0.14636356572671402
0.6195000000000004,0.01698004064972425,0.0,0.1463492339897303,1.0002375646111082e-05,1.0454068080694825,0.005000000000016808,0.9917528871237647,0.1463492339897303
0.6200000000000003,0.016984415649724246,0.0,0.14633479708000552,1.0002323728801282e-05,1.0457351733984197,0.005000000000016832,0.9916331756568659,0.14633479708000552
0.6205000000000004,0.016988790649724247,0.0,0.14632025510520344,1.0002273119288314e-05,1.046063539933809,0.0050000000000168555,0.9915126011550656,0.14632025510520344
0.6210000000000004,0.016993165649724248,0.0,0.14630560824354696,1.0002223507257344e-05,1.046391907673797,0.00500000000001688,0.9913911636095436,0.14630560824354696
0.6215000000000004,0.01699754064972425,0.0,0.14629085649121504,1.0002174879721981e-05,1.0467202766186083,0.005000000000016904,0.9912688630107229,0.14629085649121504
0.6220000000000003,0.017001915649724246,0.0,0.14627599984448214,1.0002127223695832e-05,1.0470486467684674,0.0050000000000169275,0.991145699349024,0.14627599984448214
0.6225000000000004,0.017006290649724247,0.0,0.1462610382997868,1.0002080526192507e-05,1.047377018123599,0.005000000000016952,0.9910216726148646,0.1462610382997868
0.6230000000000004,0.017010665649724248,0.0,0.14624597185366311,1.0002034774225613e-05,1.0477053906842273,0.005000000000016976,0.990896782798661,0.14624597185366311
0.6235000000000004,0.01701504064972425,0.0,0.14623080050274115,1.0001989954808764e-05,1.048033764450577,0.005000000000017,0.9907710298908259,0.14623080050274115
0.6240000000000003,0.017019415649724246,0.0,0.1462155242437808,1.0001946054955563e-05,1.0483621394228726,0.005000000000017025,0.9906444138817705,0.1462155242437808
0.6245000000000004,0.017023790649724247,0.0,0.14620014307369497,1.0001903061679623e-05,1.0486905156013386,0.005000000000017049,0.9905169347619032,0.14620014307369497
0.6250000000000004,0.017028165649724248,0.0,0.1461846569894812,1.0001860961994553e-05,1.0490188929861997,0.005000000000017073,0.99038859252163,0.1461846569894812
0.6255000000000004,0.01703254064972425,0.0,0.14616906598825571,1.000181974291396e-05,1.0493472715776802,0.0050000000000170975,0.9902593871513548,0.14616906598825571
0.6260000000000003,0.017036915649724246,0.0,0.1461533700672195,1.0001779391451452e-05,1.0496756513760048,0.005000000000017123,0.9901293186414786,0.1461533700672195
0.6265000000000004,0.017041290649724247,0.0,0.14613756922381813,1.0001739894620643e-05,1.050004032381398,0.005000000000017147,0.9899983869824004,0.14613756922381813
0.6270000000000004,0.017045665649724248,0.0,0.14612166345550193,1.0001701239435137e-05,1.050332414594084,0.005000000000017171,0.989866592164517,0.14612166345550193
0.6275000000000004,0.01705004064972425,0.0,0.14610565275985196,1.0001663412908546e-05,1.0506607980142877,0.0050000000000171956,0.9897339341782222,0.14610565275985196
0.6280000000000003,0.017054415649724246,0.0,0.14608953713457978,1.0001626402054479e-05,1.0509891826422335,0.005000000000017221,0.9896004130139078,0.14608953713457978
0.6285000000000004,0.017058790649724247,0.0,0.14607331657755052,1.0001590193886543e-05,1.0513175684781462,0.005000000000017245,0.9894660286619631,0.14607331657755052
0.6290000000000004,0.01706316564972425,0.0,0.1460569910867258,1.0001554775418348e-05,1.0516459555222497,0.00500000000001727,0.9893307811127752,0.1460569910867258
0.6295000000000004,0.017067540649724246,0.0,0.14604056066014098,1.0001520133663504e-05,1.051974343774769,0.005000000000017294,0.9891946703567285,0.14604056066014098
0.6300000000000003,0.017071915649724247,0.0,0.14602402529603084,1.0001486255635618e-05,1.0523027332359287,0.00500000000001732,0.9890576963842052,0.14602402529603084
0.6305000000000004,0.017076290649724248,0.0,0.1460073849927269,1.0001453128348301e-05,1.052631123905953,0.005000000000017344,0.9889198591855849,0.1460073849927269
0.6310000000000004,0.01708066564972425,0.0,0.1459906397486232,1.0001420738815161e-05,1.0529595157850666,0.005000000000017369,0.9887811587512451,0.1459906397486232
0.6315000000000004,0.01708504064972425,0.0,0.14597378956230195,1.0001389074049806e-05,1.0532879088734939,0.005000000000017394,0.9886415950715608,0.14597378956230195
0.6320000000000003,0.017089415649724247,0.0,0.1459568344323968,1.0001358121065847e-05,1.0536163031714596,0.0050000000000174185,0.9885011681369045,0.1459568344323968
0.6325000000000004,0.017093790649724248,0.0,0.14593977435776367,1.0001327866876894e-05,1.053944698679188,0.005000000000017444,0.9883598779376465,0.14593977435776367
0.6330000000000005,0.01709816564972425,0.0,0.14592260933728737,1.0001298298496553e-05,1.054273095396904,0.005000000000017469,0.9882177244641542,0.14592260933728737
0.6335000000000004,0.017102540649724246,0.0,0.14590533936998404,1.0001269402938434e-05,1.0546014933248318,0.005000000000017494,0.9880747077067934,0.14590533936998404
0.6340000000000003,0.017106915649724247,0.0,0.14588796445504681,1.0001241167216148e-05,1.054929892463196,0.005000000000017519,0.9879308276559269,0.14588796445504681
0.6345000000000004,0.017111290649724248,0.0,0.145870484591732,1.00012135783433e-05,1.0552582928122212,0.005000000000017544,0.9877860843019153,0.145870484591732
0.6350000000000005,0.01711566564972425,0.0,0.14585289977945032,1.0001186623333503e-05,1.0555866943721317,0.005000000000017569,0.9876404776351169,0.14585289977945032
0.6355000000000004,0.017120040649724246,0.0,0.1458352100176644,1.0001160289200364e-05,1.0559150971431523,0.0050000000000175945,0.9874940076458874,0.1458352100176644
0.6360000000000003,0.017124415649724247,0.0,0.14581741530609385,1.0001134562957492e-05,1.0562435011255074,0.00500000000001762,0.9873466743245802,0.14581741530609385
0.6365000000000004,0.017128790649724248,0.0,0.14579951564443078,1.0001109431618497e-05,1.0565719063194217,0.005000000000017645,0.9871984776615463,0.14579951564443078
0.6370000000000005,0.01713316564972425,0.0,0.14578151103257864,1.0001084882196988e-05,1.0569003127251193,0.00500000000001767,0.9870494176471345,0.14578151103257864
0.6375000000000004,0.017137540649724246,0.0,0.14576340147050473,1.0001060901706573e-05,1.0572287203428252,0.005000000000017695,0.9868994942716908,0.14576340147050473
0.6380000000000003,0.017141915649724247,0.0,0.14574518695838798,1.0001037477160862e-05,1.0575571291727635,0.00500000000001772,0.9867487075255593,0.14574518695838798
0.6385000000000004,0.017146290649724248,0.0,0.14572686749641414,1.0001014595573463e-05,1.0578855392151592,0.005000000000017746,0.9865970573990811,0.14572686749641414
0.6390000000000005,0.01715066564972425,0.0,0.14570844308496944,1.0000992243957985e-05,1.0582139504702364,0.0050000000000177715,0.9864445438825955,0.14570844308496944
0.6395000000000004,0.017155040649724246,0.0,0.14568991372450413,1.0000970409328039e-05,1.0585423629382198,0.0050000000000177975,0.986291166966439,0.14568991372450413
0.6400000000000003,0.017159415649724247,0.0,0.14567127941565752,1.0000949078697233e-05,1.058870776619334,0.005000000000017823,0.986136926640946,0.14567127941565752
0.6405000000000004,0.01716379064972425,0.0,0.14565254015912169,1.0000928239079174e-05,1.0591991915138035,0.005000000000017848,0.9859818228964481,0.14565254015912169
0.6410000000000005,0.01716816564972425,0.0,0.1456336959557553,1.0000907877487473e-05,1.0595276076218527,0.005000000000017874,0.985825855723275,0.1456336959557553
0.6415000000000004,0.017172540649724247,0.0,0.14561474680651537,1.000088798093574e-05,1.0598560249437061,0.0050000000000179,0.9856690251117537,0.14561474680651537
0.6420000000000003,0.017176915649724248,0.0,0.14559569271250294,1.0000868536437582e-05,1.0601844434795884,0.005000000000017925,0.9855113310522089,0.14559569271250294
0.6425000000000004,0.01718129064972425,0.0,0.14557653367491744,1.000084953100661e-05,1.060512863229724,0.005000000000017951,0.9853527735349629,0.14557653367491744
0.6430000000000005,0.01718566564972425,0.0,0.1455572696950911,1.000083095165643e-05,1.0608412841943375,0.005000000000017977,0.9851933525503354,0.1455572696950911
0.6435000000000004,0.017190040649724247,0.0,0.14553790077444348,1.0000812785400653e-05,1.0611697063736534,0.005000000000018002,0.9850330680886441,0.14553790077444348
0.6440000000000003,0.017194415649724248,0.0,0.14551842691458375,1.000079501925289e-05,1.0614981297678963,0.005000000000018028,0.984871920140204,0.14551842691458375
0.6445000000000004,0.01719879064972425,0.0,0.14549884811720867,1.0000777640226746e-05,1.0618265543772905,0.005000000000018054,0.9847099086953278,0.14549884811720867
0.6450000000000005,0.01720316564972425,0.0,0.1454791643841024,1.0000760635335832e-05,1.0621549802020607,0.00500000000001808,0.9845470337443258,0.1454791643841024
0.6455000000000004,0.017207540649724247,0.0,0.14545937571719356,1.0000743991593758e-05,1.0624834072424314,0.005000000000018106,0.9843832952775059,0.14545937571719356
0.6460000000000004,0.017211915649724248,0.0,0.14543948211857805,1.0000727696014131e-05,1.0628118354986271,0.005000000000018132,0.9842186932851736,0.14543948211857805
0.6465000000000004,0.01721629064972425,0.0,0.14541948359041681,1.0000711735610561e-05,1.0631402649708726,0.005000000000018158,0.984053227757632,0.14541948359041681
0.6470000000000005,0.01722066564972425,0.0,0.14539938013501533,1.0000696097396657e-05,1.063468695659392,0.005000000000018184,0.983886898685182,0.14539938013501533
0.6475000000000004,0.017225040649724247,0.0,0.14537917175477846,1.0000680768386029e-05,1.0637971275644098,0.00500000000001821,0.9837197060581216,0.14537917175477846
0.6480000000000004,0.017229415649724248,0.0,0.14536188534353986,1.0000665097707307e-05,1.06412552604885,0.005000000000018236,0.983551667635833,0.14536188534353986
0.6485000000000004,0.01723379064972425,0.0,0.14534659479828033,1.0000649246941817e-05,1.0644539017048116,0.005000000000018263,0.983382778220106,0.14534659479828033
0.6490000000000005,0.017238165649724246,0.0,0.1453306079359335,1.0000633774028715e-05,1.064782285338874,0.005000000000018289,0.9832130220250909,0.1453306079359335
0.6495000000000004,0.017242540649724247,0.0,0.14531394204110884,1.0000618673805197e-05,1.0651106767545317,0.005000000000018315,0.9830423990902675,0.14531394204110884
0.6500000000000004,0.017246915649724248,0.0,0.14529661439914904,1.0000603941108459e-05,1.0654390757552803,0.005000000000018342,0.9828709094571787,0.14529661439914904
0.6505000000000004,0.01725129064972425,0.0,0.14527864229597204,1.0000589570775695e-05,1.0657674821446148,0.005000000000018368,0.9826985531694311,0.14527864229597204
0.6510000000000005,0.01725566564972425,0.0,0.14526004301761636,1.00005755576441e-05,1.0660958957260307,0.005000000000018394,0.9825253302726947,0.14526004301761636
0.6515000000000004,0.017260040649724247,0.0,0.1452408338498876,1.0000561896550872e-05,1.0664243163030227,0.005000000000018421,0.9823512408147039,0.1452408338498876
0.6520000000000004,0.01726441564972425,0.0,0.14522103207801496,1.0000548582333201e-05,1.0667527436790862,0.005000000000018447,0.9821762848452569,0.14522103207801496
0.6525000000000004,0.017268790649724246,0.0,0.14520065498615875,1.0000535609828287e-05,1.0670811776577167,0.005000000000018474,0.9820004624162154,0.14520065498615875
0.6530000000000005,0.017273165649724247,0.0,0.14517971985729192,1.0000522973873321e-05,1.067409618042409,0.005000000000018501,0.9818237735815061,0.14517971985729192
0.6535000000000004,0.017277540649724248,0.0,0.14515824397268245,1.0000510669305502e-05,1.0677380646366583,0.005000000000018527,0.9816462183971196,0.14515824397268245
0.6540000000000004,0.01728191564972425,0.0,0.14513624461159044,1.0000498690962022e-05,1.06806651724396,0.005000000000018554,0.9814677969211107,0.14513624461159044
0.6545000000000004,0.01728629064972425,0.0,0.14511373905105493,1.0000487033680078e-05,1.068394975667809,0.005000000000018581,0.9812885092135992,0.14511373905105493
0.6550000000000005,0.01729066564972425,0.0,0.14509074456545235,1.0000475692296865e-05,1.068723439711701,0.005000000000018608,0.9811083553367689,0.14509074456545235
0.6555000000000004,0.017295040649724248,0.0,0.14506727842630343,1.0000464661649578e-05,1.0690519091791304,0.0050000000000186345,0.9809273353548685,0.14506727842630343
0.6560000000000004,0.017299415649724245,0.0,0.1450433579019656,1.0000453936575412e-05,1.069380383873593,0.0050000000000186605,0.9807454493342116,0.1450433579019656
0.6565000000000004,0.017303790649724246,0.0,0.14501900025733533,1.0000443511911562e-05,1.0697088635985839,0.005000000000018687,0.9805626973431761,0.14501900025733533
0.6570000000000005,0.017308165649724247,0.0,0.1449942227536061,1.0000433382495224e-05,1.070037348157598,0.005000000000018714,0.9803790794522056,0.1449942227536061
0.6575000000000004,0.017312540649724248,0.0,0.14496904264800245,1.0000423543163592e-05,1.0703658373541305,0.005000000000018742,0.9801945957338082,0.14496904264800245
0.6580000000000004,0.01731691564972425,0.0,0.14494347719346737,1.0000413988753862e-05,1.070694330991677,0.005000000000018769,0.9800092462625569,0.14494347719346737
0.6585000000000004,0.01732129064972425,0.0,0.1449175436385871,1.0000404714103228e-05,1.0710228288737325,0.005000000000018796,0.9798230311150901,0.1449175436385871
0.6590000000000005,0.017325665649724247,0.0,0.1448912592272305,1.0000395714048886e-05,1.0713513308037919,0.005000000000018823,0.9796359503701114,0.1448912592272305
0.6595000000000004,0.017330040649724248,0.0,0.14486464119840334,1.0000386983428032e-05,1.0716798365853506,0.00500000000001885,0.9794480041083897,0.14486464119840334
0.6600000000000004,0.017334415649724245,0.0,0.1448377067859875,1.000037851707786e-05,1.0720083460219039,0.0050000000000188765,0.979259192412759,0.1448377067859875
0.6605000000000004,0.017338790649724246,0.0,0.1448104732186495,1.0000370309835565e-05,1.0723368589169466,0.005000000000018904,0.979069515368119,0.1448104732186495
0.6610000000000005,0.017343165649724247,0.0,0.14478295771948668,1.0000362356538342e-05,1.0726653750739745,0.005000000000018931,0.9788789730614345,0.14478295771948668
0.6615000000000004,0.017347540649724248,0.0,0.14475517750606923,1.0000354652023387e-05,1.072993894296482,0.005000000000018959,0.978687565581736,0.14475517750606923
0.6620000000000004,0.01735191564972425,0.0,0.14472714979005008,1.0000347191127896e-05,1.073322416387965,0.005000000000018986,0.9784952930201195,0.14472714979005008
0.6625000000000004,0.01735629064972425,0.0,0.1446988917772159,1.000033996868906e-05,1.0736509411519184,0.0050000000000190135,0.9783021554697466,0.1446988917772159
0.6630000000000005,0.017360665649724247,0.0,0.144670420667174,1.000033297954408e-05,1.0739794683918373,0.00500000000001904,0.9781081530258445,0.144670420667174
0.6635000000000004,0.01736504064972425,0.0,0.14464175365342347,1.0000326218530148e-05,1.074307997911217,0.005000000000019068,0.9779132857857064,0.14464175365342347
0.6640000000000004,0.017369415649724246,0.0,0.14461290792293763,1.0000319680484459e-05,1.0746365295135525,0.005000000000019096,0.9777175538486904,0.14461290792293763
0.6645000000000004,0.017373790649724247,0.0,0.14458390065636909,1.0000313360244207e-05,1.0749650630023393,0.005000000000019123,0.9775209573162212,0.14458390065636909
0.6650000000000005,0.017378165649724248,0.0,0.14455474902774307,1.0000307252646591e-05,1.0752935981810723,0.005000000000019151,0.9773234962917889,0.14455474902774307
0.6655000000000004,0.01738254064972425,0.0,0.14452547020438775,1.0000301352528803e-05,1.0756221348532469,0.005000000000019178,0.9771251708809494,0.14452547020438775
0.6660000000000004,0.01738691564972425,0.0,0.14449608134695416,1.0000295654728038e-05,1.075950672822358,0.005000000000019206,0.9769259811913245,0.14449608134695416
0.6665000000000004,0.017391290649724247,0.0,0.1444665996091856,1.0000290154081494e-05,1.0762792118919011,0.005000000000019234,0.9767259273326018,0.1444665996091856
0.6670000000000005,0.017395665649724248,0.0,0.14443704213807101,1.0000284845426364e-05,1.0766077518653712,0.005000000000019262,0.9765250094165349,0.14443704213807101
0.6675000000000004,0.01740004064972425,0.0,0.14440742607356652,1.0000279723599843e-05,1.0769362925462636,0.005000000000019289,0.976323227556943,0.14440742607356652
0.6680000000000004,0.017404415649724246,0.0,0.1443777685486672,1.0000274783439127e-05,1.0772648337380732,0.005000000000019317,0.9761205818697116,0.1443777685486672
0.6685000000000004,0.017408790649724247,0.0,0.1443480866894325,1.0000270019781409e-05,1.0775933752442957,0.005000000000019345,0.9759170724727917,0.1443480866894325
0.6690000000000005,0.017413165649724248,0.0,0.14431839761482856,1.0000265427463888e-05,1.0779219168684258,0.005000000000019373,0.9757126994862005,0.14431839761482856
0.6695000000000004,0.01741754064972425,0.0,0.14428871843680816,1.0000261001323756e-05,1.0782504584139587,0.0050000000000194,0.9755074630320213,0.14428871843680816
0.6700000000000004,0.017421915649724246,0.0,0.14425906626025262,1.000025673619821e-05,1.07857899968439,0.005000000000019428,0.9753013632344025,0.14425906626025262
0.6705000000000004,0.017426290649724247,0.0,0.14422945818311728,1.0000252626924443e-05,1.0789075404832145,0.005000000000019457,0.9750944002195595,0.14422945818311728
0.6710000000000005,0.017430665649724248,0.0,0.14419991129621249,1.0000248668339654e-05,1.0792360806139276,0.0050000000000194845,0.9748865741157726,0.14419991129621249
0.6715000000000004,0.01743504064972425,0.0,0.1441704426835053,1.0000244855281034e-05,1.0795646198800242,0.005000000000019512,0.974677885053389,0.1441704426835053
0.6720000000000004,0.017439415649724246,0.0,0.1441410694218754,1.000024118258578e-05,1.0798931580849997,0.005000000000019541,0.974468333164821,0.1441410694218754
0.6725000000000004,0.017443790649724247,0.0,0.1441118085814597,1.0000237645091086e-05,1.0802216950323493,0.005000000000019569,0.9742579185845469,0.1441118085814597
0.6730000000000005,0.017448165649724248,0.0,0.14408267722544008,1.0000234237634149e-05,1.0805502305255683,0.005000000000019597,0.9740466414491112,0.14408267722544008
0.6735000000000004,0.01745254064972425,0.0,0.14405369241032875,1.0000230955052164e-05,1.0808787643681517,0.005000000000019625,0.973834501897124,0.14405369241032875
0.6740000000000004,0.017456915649724247,0.0,0.14402487118590102,1.0000227792182324e-05,1.0812072963635946,0.005000000000019654,0.9736215000692613,0.14402487118590102
0.6745000000000004,0.017461290649724247,0.0,0.14399623059539887,1.0000224743861827e-05,1.0815358263153922,0.005000000000019682,0.9734076361082648,0.14399623059539887
0.6750000000000005,0.01746566564972425,0.0,0.14396778767550683,1.0000221804927866e-05,1.08186435402704,0.00500000000001971,0.9731929101589418,0.14396778767550683
0.6755000000000004,0.017470040649724246,0.0,0.14393955945656442,1.0000218970217637e-05,1.0821928793020328,0.005000000000019739,0.9729773223681659,0.14393955945656442
0.6760000000000004,0.017474415649724247,0.0,0.14391156296269822,1.0000216234568336e-05,1.0825214019438658,0.005000000000019767,0.9727608728848758,0.14391156296269822
0.6765000000000004,0.017478790649724248,0.0,0.14388381521179408,1.0000213592817155e-05,1.0828499217560346,0.005000000000019796,0.9725435618600758,0.14388381521179408
0.6770000000000005,0.01748316564972425,0.0,0.14385633321586475,1.0000211039801293e-05,1.083178438542034,0.0050000000000198245,0.9723253894468363,0.14385633321586475
0.6775000000000004,0.01748754064972425,0.0,0.14382913398101968,1.0000208570357944e-05,1.0835069521053593,0.005000000000019853,0.9721063558002929,0.14382913398101968
0.6780000000000004,0.017491915649724247,0.0,0.14380223450770563,1.0000206179324301e-05,1.0838354622495057,0.005000000000019882,0.9718864610776469,0.14380223450770563
0.6785000000000004,0.017496290649724248,0.0,0.1437756517909121,1.0000203861537563e-05,1.0841639687779683,0.00500000000001991,0.9716657054381648,0.1437756517909121
0.6790000000000005,0.01750066564972425,0.0,0.14374940282023957,1.000020161183492e-05,1.0844924714942425,0.005000000000019939,0.9714440890431785,0.14374940282023957
0.6795000000000004,0.017505040649724246,0.0,0.1437235045801932,1.0000199425053571e-05,1.0848209702018232,0.005000000000019968,0.9712216120560857,0.1437235045801932
0.6800000000000004,0.017509415649724247,0.0,0.1436979740503959,1.0000197296030712e-05,1.0851494647042057,0.005000000000019996,0.9709982746423489,0.1436979740503959
0.6805000000000004,0.017513790649724248,0.0,0.1436728282056759,1.0000195219603535e-05,1.0854779548048852,0.005000000000020025,0.970774076969496,0.1436728282056759
0.6810000000000005,0.01751816564972425,0.0,0.14364808401639068,1.0000193190609236e-05,1.0858064403073568,0.005000000000020054,0.97054901920712,0.14364808401639068
0.6815000000000004,0.01752254064972425,0.0,0.14362375844867073,1.0000191203885011e-05,1.0861349210151159,0.005000000000020083,0.970323101526879,0.14362375844867073
0.6820000000000004,0.017526915649724247,0.0,0.14359986846455985,1.0000189254268055e-05,1.0864633967316575,0.005000000000020112,0.970096324102496,0.14359986846455985
0.6825000000000004,0.017531290649724248,0.0,0.14357643102243764,1.0000187336595564e-05,1.0867918672604768,0.005000000000020141,0.969868687109759,0.14357643102243764
0.6830000000000005,0.01753566564972425,0.0,0.14355346307708983,1.000018544570473e-05,1.0871203324050691,0.00500000000002017,0.9696401907265211,0.14355346307708983
0.6835000000000004,0.017540040649724246,0.0,0.14353098158010558,1.0000183576432753e-05,1.0874487919689293,0.005000000000020199,0.9694108351326997,0.14353098158010558
0.6840000000000004,0.017544415649724247,0.0,0.14350900348014917,1.0000181723616824e-05,1.0877772457555528,0.005000000000020228,0.9691806205102772,0.14350900348014917
0.6845000000000004,0.017548790649724248,0.0,0.14348754572316252,1.000017988209414e-05,1.088105693568435,0.005000000000020257,0.9689495470433002,0.14348754572316252
0.6850000000000005,0.01755316564972425,0.0,0.14346662525283835,1.0000178046701894e-05,1.0884341352110707,0.005000000000020287,0.9687176149178802,0.14346662525283835
0.6855000000000004,0.01755754064972425,0.0,0.14344625901075253,1.0000176212277286e-05,1.088762570486955,0.0050000000000203155,0.9684848243221934,0.14344625901075253
0.6860000000000004,0.017561915649724247,0.0,0.1434264639367216,1.0000174373657506e-05,1.0890909991995836,0.005000000000020345,0.9682511754464792,0.14342614259286904
0.6865000000000004,0.01756629064972425,0.0,0.14340725696936252,1.0000172525679751e-05,1.0894194211524513,0.005000000000020374,0.9680166684830422,0.14340534215254608
0.6870000000000005,0.01757066564972425,0.0,0.14338865504606357,1.0000170663181216e-05,1.0897478361490534,0.005000000000020404,0.9677813036262507,0.1433838121907841
0.6875000000000004,0.017575040649724247,0.0,0.1433706751036097,1.0000168780999098e-05,1.090076243992885,0.005000000000020433,0.967545081072537,0.14336156973212272
0.6880000000000004,0.017579415649724248,0.0,0.14335333407852383,1.000016687397059e-05,1.0904046444874413,0.005000000000020463,0.9673080010203974,0.1433386318040316
0.6885000000000004,0.01758379064972425,0.0,0.14333664890729444,1.0000164936932887e-05,1.0907330374362176,0.005000000000020492,0.9670700636703917,0.14331501543713823
0.6890000000000005,0.01758816564972425,0.0,0.1433206365268616,1.0000162964723185e-05,1.0910614226427091,0.005000000000020522,0.9668312692251436,0.14329073766571335
0.6895000000000004,0.017592540649724247,0.0,0.1433053138750116,1.0000160952178681e-05,1.091389799910411,0.005000000000020551,0.9665916178893402,0.14326581552806572
0.6900000000000004,0.017596915649724248,0.0,0.1432906978908719,1.0000158894136566e-05,1.091718169042818,0.005000000000020581,0.9663511098697323,0.14324026606703671
0.6905000000000004,0.01760129064972425,0.0,0.1432768055150325,1.0000156785434039e-05,1.0920465298434259,0.00500000000002061,0.9661097453751333,0.14321410633012158
0.6910000000000005,0.01760566564972425,0.0,0.14326365369032087,1.0000154620908293e-05,1.0923748821157295,0.005000000000020641,0.9658675246164203,0.14318735337024407
0.6915000000000004,0.017610040649724247,0.0,0.14325125936196623,1.0000152395396523e-05,1.0927032256632243,0.00500000000002067,0.9656244478065332,0.14316002424592064
0.6920000000000004,0.017614415649724248,0.0,0.14323963947828192,1.0000150103735926e-05,1.0930315602894052,0.0050000000000207,0.9653805151604751,0.1431321360219425
0.6925000000000004,0.01761879064972425,0.0,0.14322881099089485,1.0000147740763695e-05,1.0933598857977676,0.00500000000002073,0.9651357268953112,0.14310370576960493
0.6930000000000005,0.01762316564972425,0.0,0.1432187908553468,1.0000145301317027e-05,1.0936882019918064,0.0050000000000207595,0.9648900832301699,0.1430747505673083
0.6935000000000004,0.017627540649724247,0.0,0.14320959603151362,1.0000142780233116e-05,1.094016508675017,0.005000000000020789,0.9646435843862418,0.1430452875009771
0.6940000000000004,0.017631915649724248,0.0,0.14320124348418117,1.0000140172349157e-05,1.0943448056508946,0.005000000000020819,0.9643962305867797,0.14301533366463556
0.6945000000000005,0.01763629064972425,0.0,0.14319375018339492,1.0000137472502346e-05,1.0946730927229344,0.00500000000002085,0.9641480220570986,0.14298490616075712
0.6950000000000005,0.017640665649724246,0.0,0.14318713310506756,1.0000134675529877e-05,1.0950013696946315,0.005000000000020879,0.9638989590245758,0.14295402210087182
0.6955000000000005,0.017645040649724247,0.0,0.14318140923154024,1.0000131776268946e-05,1.0953296363694809,0.00500000000002091,0.9636490417186502,0.14292269860612716
0.6960000000000004,0.017649415649724248,0.0,0.14317659555192874,1.0000128769556749e-05,1.0956578925509781,0.00500000000002094,0.9633982703708222,0.1428909528076341
0.6965000000000005,0.01765379064972425,0.0,0.1431727090628517,1.000012565023048e-05,1.0959861380426181,0.0050000000000209694,0.9631466452146539,0.14285880184719507
0.6970000000000005,0.01765816564972425,0.0,0.14316976676885326,1.0000122413127335e-05,1.0963143726478963,0.005000000000021,0.9628941664857686,0.1428262628777263
0.6975000000000005,0.017662540649724248,0.0,0.14316778568302763,1.0000119053084507e-05,1.0966425961703077,0.00500000000002103,0.9626408344218513,0.14279335306388216
0.6980000000000004,0.01766691564972425,0.0,0.1431667828276086,1.0000115564939192e-05,1.0969708084133474,0.0050000000000210605,0.9623866492626475,0.14276008958264444
0.6985000000000005,0.01767129064972425,0.0,0.14316677523442276,1.0000111943528588e-05,1.0972990091805106,0.005000000000021091,0.9621316112499636,0.14272648962377513
0.6990000000000005,0.017675665649724247,0.0,0.14316777994555555,1.0000108183689887e-05,1.0976271982752928,0.005000000000021121,0.9618757206276667,0.1426925703904824
0.6995000000000005,0.017680040649724248,0.0,0.14316981401405032,1.0000104280260285e-05,1.0979553755011888,0.005000000000021152,0.9616189776416844,0.14265834910011926
0.7000000000000004,0.01768441564972425,0.0,0.1431728945043129,1.0000100228076976e-05,1.098283540661694,0.005000000000021182,0.9613613825400046,0.14262384298458788
0.7005000000000003,0.01768879064972425,0.0,0.14317703849286462,1.0000096021977158e-05,1.0986116935603034,0.005000000000021212,0.9611029355726752,0.14258906929109233
0.7010000000000005,0.01769316564972425,0.0,0.14318226306889117,1.0000091656798024e-05,1.0989398340005128,0.0050000000000212435,0.9608436369918039,0.14255404528268706
0.7015000000000005,0.017697540649724248,0.0,0.14318858533503875,1.0000087127376771e-05,1.0992679617858163,0.005000000000021274,0.9605834870515588,0.14251878823907296
0.7020000000000004,0.01770191564972425,0.0,0.1431960224078589,1.000008242855059e-05,1.09959607671971,0.005000000000021304,0.9603224860081666,0.14248331545704157
0.7025000000000003,0.017706290649724246,0.0,0.14320459141854594,1.0000077555156681e-05,1.0999241786056886,0.005000000000021335,0.9600606341199138,0.1424476442512125
0.7030000000000005,0.017710665649724247,0.0,0.14321430951369551,1.0000072502032238e-05,1.1002522672472477,0.005000000000021366,0.9597979316471458,0.14241179195479148
0.7035000000000005,0.017715040649724248,0.0,0.14322519385584798,1.0000067264014453e-05,1.100580342447882,0.005000000000021396,0.9595343788522672,0.14237577592011352
0.7040000000000004,0.01771941564972425,0.0,0.14323726162424466,1.0000061835940525e-05,1.1009084040110868,0.005000000000021427,0.9592699759997412,0.14233961351939883
0.7045000000000003,0.01772379064972425,0.0,0.143250530015493,1.0000056212647647e-05,1.1012364517403577,0.005000000000021458,0.9590047233560889,0.14230332214541758
0.7050000000000005,0.01772816564972425,0.0,0.14326501624432053,1.0000050388973016e-05,1.1015644854391895,0.005000000000021489,0.9587386211898906,0.1422669192122435
0.7055000000000005,0.017732540649724248,0.0,0.14328073754429418,1.0000044359753823e-05,1.1018925049110773,0.00500000000002152,0.9584716697717843,0.1422304221559732
0.7060000000000004,0.01773691564972425,0.0,0.14329771116850443,1.0000038119827269e-05,1.1022205099595164,0.005000000000021551,0.9582038693744657,0.1421938484354094
0.7065000000000003,0.017741290649724246,0.0,0.14331595439027073,1.0000031664030544e-05,1.1025485003880022,0.005000000000021582,0.9579352202726876,0.14215721553276642
0.7070000000000005,0.017745665649724247,0.0,0.1433354845040719,1.0000024987200847e-05,1.1028764760000298,0.005000000000021613,0.9576657227432611,0.1421205409546002
0.7075000000000005,0.01775004064972425,0.0,0.14335631882610253,1.0000018084175371e-05,1.103204436599094,0.005000000000021644,0.9573953770650543,0.14208384223236414
0.7080000000000004,0.01775441564972425,0.0,0.14337847469512194,1.0000010949791312e-05,1.1035323819886904,0.0050000000000216755,0.9571241835189915,0.14204713692325796
0.7085000000000004,0.017758790649724247,0.0,0.14340196947321146,1.0000003578885864e-05,1.103860311972314,0.005000000000021706,0.9568521423880544,0.14201044261098425
0.7090000000000005,0.01776316564972425,0.0,0.14342682054666647,9.999995966296223e-06,1.1041882263534604,0.005000000000021737,0.9565792539572804,0.14197377690664048
0.7095000000000005,0.01776754064972425,0.0,0.14345304532662714,9.999988106859584e-06,1.1045161249356241,0.005000000000021769,0.956305518513764,0.14193715744934934
0.7100000000000004,0.01777191564972425,0.0,0.14348066125006956,9.999979995413143e-06,1.1048440075223007,0.0050000000000218,0.956030936346655,0.1419006019072492
0.7105000000000004,0.017776290649724247,0.0,0.14350968578046822,9.999971626794094e-06,1.1051718739169851,0.005000000000021832,0.9557555077471591,0.14186412797815656
0.7110000000000005,0.017780665649724248,0.0,0.14354013640871727,9.999962995839633e-06,1.105499723923173,0.005000000000021863,0.9554792330085371,0.14182775339048653
0.7115000000000005,0.01778504064972425,0.0,0.1435720306539372,9.999954097386954e-06,1.1058275573443592,0.005000000000021894,0.9552021124261054,0.14179149590405954
0.7120000000000004,0.01778941564972425,0.0,0.14360538606437132,9.999944926273253e-06,1.1061553739840388,0.005000000000021926,0.9549241462972354,0.1417553733109971
0.7125000000000004,0.017793790649724247,0.0,0.14364022021817902,9.999935477335725e-06,1.106483173645707,0.005000000000021957,0.9546453349213528,0.14171940343651493
0.7130000000000005,0.01779816564972425,0.0,0.1436765507243521,9.999925745411566e-06,1.1068109561328596,0.0050000000000219895,0.9543656785999374,0.14168360413983838
0.7135000000000005,0.01780254064972425,0.0,0.14371439522356275,9.999915725337969e-06,1.107138721248991,0.005000000000022021,0.9540851776365241,0.1416479933150507
0.7140000000000004,0.017806915649724246,0.0,0.14375377138911116,9.99990541195213e-06,1.1074664687975966,0.005000000000022053,0.9538038323367009,0.14161258889203968
0.7145000000000004,0.017811290649724247,0.0,0.14379469692782756,9.999894800091246e-06,1.1077941985821715,0.005000000000022084,0.9535216430081095,0.14157740883739942
0.7150000000000005,0.017815665649724248,0.0,0.14383718958083708,9.999883884592512e-06,1.1081219104062114,0.005000000000022116,0.9532386099604447,0.14154247115519478
0.7155000000000005,0.01782004064972425,0.0,0.14388126712469645,9.999872660293118e-06,1.108449604073211,0.005000000000022148,0.9529547335054551,0.14150779388809778
0.7160000000000004,0.01782441564972425,0.0,0.14392694737217943,9.999861122030267e-06,1.1087772793866657,0.005000000000022179,0.9526700139569411,0.1414733951181724
0.7165000000000004,0.017828790649724247,0.0,0.14397424817326399,9.999849264641148e-06,1.1091049361500704,0.0050000000000222115,0.9523844516307562,0.1414392929678613
0.7170000000000005,0.017833165649724248,0.0,0.14402318741613032,9.999837082962959e-06,1.1094325741669206,0.005000000000022244,0.9520980468448057,0.1414055056009836
0.7175000000000005,0.01783754064972425,0.0,0.14407378302801016,9.999824571832894e-06,1.1097601932407115,0.005000000000022276,0.9518107999190467,0.14137205122358346
0.7180000000000004,0.017841915649724246,0.0,0.14412605297625006,9.999811726088149e-06,1.110087793174938,0.005000000000022308,0.9515227111754883,0.14133894808499314
0.7185000000000004,0.017846290649724247,0.0,0.14418001526935081,9.999798540565919e-06,1.1104153737730953,0.00500000000002234,0.9512337809381907,0.14130621447887198
0.7190000000000005,0.01785066564972425,0.0,0.14423568795772285,9.999785010103398e-06,1.110742934838679,0.005000000000022372,0.9509440095332644,0.14127386874396083
0.7195000000000005,0.01785504064972425,0.0,0.14429308913501773,9.999771129537783e-06,1.1110704761751837,0.005000000000022404,0.9506533972888718,0.14124192926541398
0.7200000000000004,0.01785941564972425,0.0,0.14435223693884683,9.999756893706269e-06,1.111397997586105,0.005000000000022436,0.9503619445352246,0.1412104144755164
0.7205000000000004,0.017863790649724248,0.0,0.1444131495519524,9.999742297446048e-06,1.1117254988749379,0.005000000000022468,0.950069651604585,0.14117934285485498
0.7210000000000005,0.01786816564972425,0.0,0.14447584520327475,9.99972733559432e-06,1.112052979845178,0.005000000000022501,0.9497765188312646,0.14114873293338492
0.7215000000000005,0.01787254064972425,0.0,0.1445403421689169,9.999712002988276e-06,1.1123804403003197,0.005000000000022533,0.9494825465516251,0.1411186032913941
0.7220000000000004,0.017876915649724247,0.0,0.14460431220907896,9.99970409786009e-06,1.1127079069660417,0.005000000000022565,0.9491877108293363,0.1410866180530772
0.7225000000000004,0.017881290649724248,0.0,0.1446668383509334,9.99970409786009e-06,1.1130353903564263,0.005000000000022598,0.9488920021078813,0.14105185702533704
0.7230000000000005,0.01788566564972425,0.0,0.14473007297843565,9.99970409786009e-06,1.1133628657768204,0.0050000000000226304,0.9485954426514664,0.1410164798750841
0.7235000000000005,0.01789004064972425,0.0,0.1447940644696026,9.99970409786009e-06,1.1136903326777665,0.005000000000022663,0.9482980330224751,0.14098053524601695
0.7240000000000004,0.01789441564972425,0.0,0.14485886125031885,9.99970409786009e-06,1.1140177905098065,0.0050000000000226955,0.9479997737890475,0.140944071838605
0.7245000000000004,0.017898790649724248,0.0,0.1449245117954923,9.99970409786009e-06,1.114345238723483,0.0050000000000227285,0.9477006655250788,0.14090713841124305
0.7250000000000005,0.01790316564972425,0.0,0.14499106463057315,9.99970409786009e-06,1.1146726767693382,0.0050000000000227605,0.9474007088102195,0.14086978378177012
0.7255000000000005,0.01790754064972425,0.0,0.14505856833290232,9.99970409786009e-06,1.1150001040979145,0.0050000000000227935,0.9470999042298753,0.14083205682881708
0.7260000000000004,0.017911915649724247,0.0,0.1451270715331277,9.99970409786009e-06,1.1153275201597541,0.0050000000000228265,0.946798252375206,0.14079400649322202
0.7265000000000004,0.017916290649724248,0.0,0.14519662291705204,9.99970409786009e-06,1.115654924405399,0.005000000000022859,0.9464957538431258,0.14075568177987777
0.7270000000000005,0.01792066564972425,0.0,0.1452672712269464,9.99970409786009e-06,1.1159823162853921,0.005000000000022892,0.9461924092363011,0.14071713175904393
0.7275000000000005,0.01792504064972425,0.0,0.14533906526359092,9.99970409786009e-06,1.1163096952502751,0.005000000000022925,0.9458882191631525,0.14067840556838757
0.7280000000000004,0.017929415649724247,0.0,0.1454120538879285,9.99970409786009e-06,1.1166370607505904,0.005000000000022958,0.9455831842378523,0.14063955241463552
0.7285000000000004,0.017933790649724248,0.0,0.14548628602305966,9.99970409786009e-06,1.1169644122368807,0.005000000000022991,0.9452773050803241,0.1406006215755684
0.7290000000000005,0.01793816564972425,0.0,0.14556181065618,9.99970409786009e-06,1.1172917491596879,0.005000000000023024,0.9449705823162434,0.14056166240195744
0.7295000000000005,0.01794254064972425,0.0,0.145638676840654,9.99970409786009e-06,1.1176190709695544,0.005000000000023057,0.9446630165770358,0.140522724319637
0.7300000000000004,0.017946915649724247,0.0,0.14571693369812233,9.99970409786009e-06,1.1179463771170224,0.00500000000002309,0.9443546084998765,0.14048385683161094
0.7305000000000004,0.01795129064972425,0.0,0.14579663042087093,9.99970409786009e-06,1.118273667052634,0.005000000000023123,0.9440453587276907,0.140445109520421
0.7310000000000005,0.01795566564972425,0.0,0.14587771180332743,9.99970409786009e-06,1.1186009414202867,0.005000000000023157,0.9437352667768869,0.14040642714052523
0.7315000000000005,0.01796004064972425,0.0,0.14595985451520913,9.99970409786009e-06,1.1189282039252808,0.00500000000002319,0.9434243292444273,0.14036748517233752
0.7320000000000004,0.017964415649724248,0.0,0.14604318363660404,9.99970409786009e-06,1.1192554531496626,0.005000000000023224,0.9431125475762745,0.1403284093733027
0.7325000000000004,0.01796879064972425,0.0,0.14612770198577896,9.99970409786009e-06,1.1195826890726321,0.005000000000023257,0.9427999218966328,0.14028920273092513
0.7330000000000005,0.01797316564972425,0.0,0.14621341239693458,9.99970409786009e-06,1.1199099116733902,0.0050000000000232905,0.9424864523299191,0.14024986824897318
0.7335000000000005,0.017977540649724247,0.0,0.1463003177204381,9.99970409786009e-06,1.1202371209311364,0.0050000000000233235,0.9421721390007651,0.14021040894771228
0.7340000000000004,0.017981915649724248,0.0,0.14638842082282744,9.99970409786009e-06,1.1205643168250716,0.005000000000023357,0.941856982034015,0.1401708278639085
0.7345000000000004,0.01798629064972425,0.0,0.1464777245868842,9.99970409786009e-06,1.120891499334396,0.005000000000023391,0.941540981554727,0.1401311280509021
0.7350000000000005,0.01799066564972425,0.0,0.14656823191169552,9.99970409786009e-06,1.12121866843831,0.005000000000023424,0.9412241376881721,0.14009131257866878
0.7355000000000005,0.01799504064972425,0.0,0.14665994571280683,9.99970409786009e-06,1.121545824116014,0.005000000000023458,0.940906450559836,0.140051384533973
0.7360000000000004,0.017999415649724248,0.0,0.14675286892216985,9.99970409786009e-06,1.121872966346708,0.005000000000023492,0.9405879202954167,0.14001134702031537
0.7365000000000004,0.01800379064972425,0.0,0.1468470044883758,9.99970409786009e-06,1.1222000951095925,0.0050000000000235256,0.9402685470208262,0.1399712031581662
0.7370000000000005,0.01800816564972425,0.0,0.146942355376569,9.99970409786009e-06,1.122527210383868,0.005000000000023559,0.9399483308621894,0.13993095608487896
0.7375000000000005,0.018012540649724247,0.0,0.1470389245685547,9.99970409786009e-06,1.1228543121487347,0.005000000000023593,0.939627271945845,0.1398906089547979
0.7380000000000004,0.018016915649724248,0.0,0.1471367150630216,9.99970409786009e-06,1.1231814003833929,0.005000000000023627,0.939305370398345,0.13985016493948088
0.7385000000000004,0.01802129064972425,0.0,0.14723572987540973,9.99970409786009e-06,1.123508475067043,0.005000000000023661,0.9389826263464545,0.13980962722756698
0.7390000000000005,0.01802566564972425,0.0,0.14733597203809898,9.99970409786009e-06,1.1238355361788854,0.005000000000023695,0.9386590399171518,0.13976899902496498
0.7395000000000005,0.01803004064972425,0.0,0.1474374446004945,9.99970409786009e-06,1.1241625836981202,0.0050000000000237285,0.9383346112376292,0.139728283554939
0.7400000000000004,0.018034415649724248,0.0,0.1475401458228845,9.99970409786009e-06,1.124489617658537,0.005000000000023763,0.9380093403809251,0.13968747922790098
0.7405000000000004,0.01803879064972425,0.0,0.147644036846544,9.99970409786009e-06,1.1248166385155072,0.005000000000023797,0.9376832269987568,0.13964654714714345
0.7410000000000005,0.01804316564972425,0.0,0.14774914737906045,9.99970409786009e-06,1.1251436459456676,0.005000000000023831,0.9373562715177015,0.13960551732448742
0.7415000000000005,0.018047540649724247,0.0,0.1478554769910384,9.99970409786009e-06,1.1254706399682157,0.0050000000000238656,0.9370284740238656,0.13956438948482836
0.7420000000000004,0.01805191564972425,0.0,0.1479630252648396,9.99970409786009e-06,1.1257976206023492,0.005000000000023899,0.9366998346031497,0.1395231633645012
0.7425000000000004,0.01805629064972425,0.0,0.14807179179445804,9.99970409786009e-06,1.1261245878672657,0.005000000000023934,0.9363703533412495,0.1394818387111559
0.7430000000000005,0.01806066564972425,0.0,0.14818177618550993,9.99970409786009e-06,1.1264515417821628,0.005000000000023969,0.9360400303236558,0.13944041528374732
0.7435000000000005,0.01806504064972425,0.0,0.14829297805516634,9.99970409786009e-06,1.1267784823662381,0.005000000000024003,0.9357088656356538,0.13939889285246784
0.7440000000000004,0.01806941564972425,0.0,0.14840539703203987,9.99970409786009e-06,1.1271054096386892,0.005000000000024037,0.9353768593623241,0.13935727119863411
0.7445000000000004,0.018073790649724246,0.0,0.148519032756175,9.99970409786009e-06,1.127432323618714,0.005000000000024072,0.9350440115885413,0.13931555011467736
0.7450000000000006,0.01807816564972425,0.0,0.14863388487905,9.99970409786009e-06,1.12775922432551,0.005000000000024107,0.9347103223989761,0.13927372940414567
0.7455000000000005,0.018082540649724248,0.0,0.14874995306319946,9.99970409786009e-06,1.1280861117782746,0.005000000000024141,0.9343757918780934,0.139231808881326
0.7460000000000004,0.01808691564972425,0.0,0.1488672369825845,9.99970409786009e-06,1.1284129859962058,0.005000000000024175,0.9340404201101531,0.13918978837161483
0.7465000000000004,0.01809129064972425,0.0,0.14898573632218076,9.99970409786009e-06,1.128739846998501,0.005000000000024211,0.9337042071792101,0.13914766771110607
0.7470000000000006,0.01809566564972425,0.0,0.1491054507780844,9.99970409786009e-06,1.129066694804358,0.0050000000000242455,0.9333671531691149,0.13910544674669703
0.7475000000000005,0.018100040649724248,0.0,0.1492263800573764,9.99970409786009e-06,1.1293935294329742,0.00500000000002428,0.9330292581635121,0.13906312533595291
0.7480000000000004,0.01810441564972425,0.0,0.14934852387813666,9.99970409786009e-06,1.1297203509035474,0.005000000000024315,0.9326905222458421,0.13902070334712077
0.7485000000000004,0.018108790649724246,0.0,0.14947188196921637,9.99970409786009e-06,1.1300471592352752,0.0050000000000243496,0.93235094549934,0.13897818065890188
0.7490000000000006,0.01811316564972425,0.0,0.1495964540704022,9.99970409786009e-06,1.1303739544473554,0.005000000000024384,0.9320105280070355,0.13893555716061606
0.7495000000000005,0.018117540649724248,0.0,0.1497222399320848,9.99970409786009e-06,1.1307007365589854,0.00500000000002442,0.9316692698517548,0.13889283275187048
0.7500000000000004,0.01812191564972425,0.0,0.14984923931548116,9.99970409786009e-06,1.1310275055893628,0.0050000000000244545,0.931327171116118,0.13885000734278155
0.7505000000000004,0.01812629064972425,0.0,0.14997745199228008,9.99970409786009e-06,1.1313542615576855,0.00500000000002449,0.9309842318825406,0.13880708085362048
0.7510000000000006,0.01813066564972425,0.0,0.15010687774479556,9.99970409786009e-06,1.131681004483151,0.005000000000024525,0.9306404522332336,0.1387640532149671
0.7515000000000005,0.018135040649724248,0.0,0.15023751636579713,9.99970409786009e-06,1.1320077343849566,0.00500000000002456,0.930295832250203,0.1387209243675401
0.7520000000000004,0.01813941564972425,0.0,0.15036936765847866,9.99970409786009e-06,1.1323344512823006,0.005000000000024595,0.9299503720152497,0.13867769426216534
0.7525000000000004,0.018143790649724247,0.0,0.1505024314363465,9.99970409786009e-06,1.1326611551943802,0.005000000000024631,0.9296040716099703,0.13863436285966474
0.7530000000000006,0.018148165649724247,0.0,0.15063670752325822,9.99970409786009e-06,1.132987846140393,0.005000000000024666,0.9292569311157566,0.13859093013089469
0.7535000000000005,0.01815254064972425,0.0,0.15077219575324133,9.99970409786009e-06,1.1333145241395368,0.005000000000024702,0.9289089506137954,0.13854739605656496
0.7540000000000004,0.01815691564972425,0.0,0.15090889597043944,9.99970409786009e-06,1.1336411892110092,0.005000000000024736,0.928560130185069,0.13850376062718445
0.7545000000000004,0.01816129064972425,0.0,0.1510468080291514,9.99970409786009e-06,1.1339678413740077,0.005000000000024772,0.9282104699103548,0.1384600238431011
0.7550000000000006,0.01816566564972425,0.0,0.15118593179362705,9.99970409786009e-06,1.1342944806477304,0.0050000000000248075,0.9278599698702255,0.13841618571429684
0.7555000000000005,0.01817004064972425,0.0,0.1513262671381296,9.99970409786009e-06,1.1346211070513743,0.005000000000024843,0.9275086301450497,0.13837224626045097
0.7560000000000004,0.01817441564972425,0.0,0.15146781394681288,9.99970409786009e-06,1.1349477206041374,0.005000000000024879,0.9271564508149907,0.1383282055108164
0.7565000000000004,0.018178790649724247,0.0,0.15161057211358675,9.99970409786009e-06,1.1352743213252174,0.005000000000024915,0.9268034319600073,0.1382840635040858
0.7570000000000006,0.018183165649724248,0.0,0.15175454154222645,9.99970409786009e-06,1.1356009092338117,0.005000000000024951,0.9264495736598541,0.13823982028850082
0.7575000000000005,0.01818754064972425,0.0,0.15189972214613381,9.99970409786009e-06,1.135927484349118,0.005000000000024986,0.926094875994081,0.13819547592161327
0.7580000000000005,0.01819191564972425,0.0,0.1520461138483657,9.99970409786009e-06,1.136254046690334,0.005000000000025022,0.9257393390420332,0.13815103047031363
0.7585000000000004,0.018196290649724247,0.0,0.15219371658149955,9.99970409786009e-06,1.136580596276657,0.005000000000025058,0.9253829628828513,0.13810648401069642
0.7590000000000006,0.01820066564972425,0.0,0.15234253028767394,9.99970409786009e-06,1.1369071331272855,0.005000000000025094,0.9250257475954708,0.1380618366281008
0.7595000000000005,0.01820504064972425,0.0,0.15249255491843097,9.99970409786009e-06,1.1372336572614163,0.00500000000002513,0.9246676932586244,0.13801708841695384
0.7600000000000005,0.01820941564972425,0.0,0.15264379043474557,9.99970409786009e-06,1.1375601686982473,0.005000000000025166,0.924308799950839,0.1379722394807987
0.7605000000000004,0.018213790649724247,0.0,0.15279623680682128,9.99970409786009e-06,1.1378866674569759,0.005000000000025202,0.9239490677504374,0.137927289932091
0.7610000000000006,0.018218165649724248,0.0,0.15294989401415476,9.99970409786009e-06,1.1382131535568003,0.005000000000025238,0.9235884967355373,0.137882239892263
0.7615000000000005,0.01822254064972425,0.0,0.15310476204542506,9.99970409786009e-06,1.1385396270169177,0.005000000000025274,0.9232270869840533,0.13783708949161363
0.7620000000000005,0.01822691564972425,0.0,0.1532608408984182,9.99970409786009e-06,1.1388660878565258,0.005000000000025311,0.9228648385736946,0.13779183886923246
0.7625000000000004,0.018231290649724247,0.0,0.15341813057994025,9.99970409786009e-06,1.1391925360948223,0.005000000000025347,0.9225017515819663,0.1377464881729128
0.7630000000000006,0.018235665649724248,0.0,0.15357663110587036,9.99970409786009e-06,1.139518971751005,0.0050000000000253834,0.922137826086169,0.13770103755920518
0.7635000000000005,0.01824004064972425,0.0,0.15373634250099225,9.99970409786009e-06,1.139845394844271,0.00500000000002542,0.9217730621633997,0.13765548719324883
0.7640000000000005,0.018244415649724247,0.0,0.15389726479886057,9.99970409786009e-06,1.1401718053938186,0.005000000000025456,0.9214074598905498,0.13760983724863737
0.7645000000000004,0.018248790649724247,0.0,0.15405939804198324,9.99970409786009e-06,1.140498203418845,0.005000000000025493,0.9210410193443075,0.13756408790760213
0.7650000000000006,0.01825316564972425,0.0,0.1542227422814657,9.99970409786009e-06,1.140824588938548,0.005000000000025529,0.9206737406011559,0.13751823936065558
0.7655000000000005,0.01825754064972425,0.0,0.1543872975772054,9.99970409786009e-06,1.141150961972125,0.005000000000025566,0.9203056237373749,0.13747229180678688
0.7660000000000005,0.01826191564972425,0.0,0.15455306399762964,9.99970409786009e-06,1.1414773225387738,0.005000000000025602,0.9199366688290391,0.13742624545319862
0.7665000000000004,0.018266290649724248,0.0,0.15472004161969105,9.99970409786009e-06,1.1418036706576922,0.0050000000000256384,0.9195668759520191,0.1373801005153028
0.7670000000000006,0.01827066564972425,0.0,0.15488823052894582,9.99970409786009e-06,1.1421300063480777,0.005000000000025676,0.9191962451819815,0.1373338572167994
0.7675000000000005,0.01827504064972425,0.0,0.15505763081929133,9.99970409786009e-06,1.142456329629128,0.005000000000025712,0.918824776594389,0.13728751578941378
0.7680000000000005,0.018279415649724247,0.0,0.15522824259296225,9.99970409786009e-06,1.1427826405200405,0.0050000000000257495,0.9184524702644995,0.13724107647289263
0.7685000000000004,0.018283790649724248,0.0,0.15540006596060899,9.99970409786009e-06,1.1431089390400129,0.005000000000025786,0.9180793262673675,0.1371945395150829
0.7690000000000006,0.01828816564972425,0.0,0.15557310104095315,9.99970409786009e-06,1.1434352252082431,0.005000000000025823,0.9177053446778423,0.13714790517158634
0.7695000000000005,0.01829254064972425,0.0,0.15574734796103096,9.99970409786009e-06,1.1437614990439287,0.0050000000000258605,0.91733052557057,0.13710117370600453
0.7700000000000005,0.01829691564972425,0.0,0.15592280685591925,9.99970409786009e-06,1.144087760566267,0.005000000000025897,0.9169548690199926,0.13705434538966338
0.7705000000000004,0.018301290649724248,0.0,0.1560994778687322,9.99970409786009e-06,1.1444140097944557,0.005000000000025934,0.9165783751003473,0.13700742050161066
0.7710000000000006,0.01830566564972425,0.0,0.15627736115062982,9.99970409786009e-06,1.1447402467476928,0.0050000000000259715,0.916201043885668,0.13696039932862425
0.7715000000000005,0.01831004064972425,0.0,0.15645645686065018,9.99970409786009e-06,1.1450664714451757,0.005000000000026009,0.9158228754497841,0.13691328216504467
0.7720000000000005,0.018314415649724247,0.0,0.15663676516570632,9.99970409786009e-06,1.145392683906102,0.005000000000026046,0.9154438698663213,0.13686606931277193
0.7725000000000004,0.018318790649724248,0.0,0.15681828624057173,9.99970409786009e-06,1.145718884149669,0.005000000000026083,0.9150640272087013,0.13681876108125093
0.7730000000000006,0.01832316564972425,0.0,0.15700102026760634,9.99970409786009e-06,1.1460450721950752,0.005000000000026121,0.914683347550141,0.13677135778719685
0.7735000000000005,0.01832754064972425,0.0,0.15718495017507186,9.99970409786009e-06,1.1463712482514743,0.005000000000026158,0.9143018307412212,0.13672384235774107
0.7740000000000005,0.018331915649724247,0.0,0.1573700682704881,9.99970409786009e-06,1.146697412424504,0.005000000000026195,0.91391947675182,0.1366762071699695
0.7745000000000004,0.018336290649724248,0.0,0.15755639660058185,9.99970409786009e-06,1.1470235644928026,0.005000000000026233,0.9135362859353229,0.13662847457379337
0.7750000000000006,0.01834066564972425,0.0,0.15774393488670493,9.99970409786009e-06,1.1473497044808973,0.005000000000026271,0.9131522583575689,0.13658064441936807
0.7755000000000005,0.01834504064972425,0.0,0.1579326828565444,9.99970409786009e-06,1.147675832413314,0.005000000000026308,0.9127673940841391,0.1365327165627837
0.7760000000000005,0.018349415649724247,0.0,0.15812264024378436,9.99970409786009e-06,1.1480019483145798,0.005000000000026346,0.9123816931803538,0.13648469086572532
0.7765000000000004,0.01835379064972425,0.0,0.158313806788289,9.99970409786009e-06,1.148328052209221,0.0050000000000263835,0.9119951557112744,0.13643656719565722
0.7770000000000006,0.01835816564972425,0.0,0.15850618223575244,9.99970409786009e-06,1.1486541441217646,0.005000000000026422,0.9116077817417025,0.1363883454254719
0.7775000000000005,0.01836254064972425,0.0,0.15869976633793006,9.99970409786009e-06,1.1489802240767366,0.005000000000026459,0.9112195713361814,0.13634002543372295
0.7780000000000005,0.018366915649724248,0.0,0.15889455885221693,9.99970409786009e-06,1.149306292098664,0.005000000000026497,0.9108305245589936,0.13629160710420135
0.7785000000000004,0.01837129064972425,0.0,0.15909055954191542,9.99970409786009e-06,1.1496323482120734,0.005000000000026535,0.9104406414741633,0.136243090326205
0.7790000000000006,0.01837566564972425,0.0,0.1592877681758732,9.99970409786009e-06,1.1499583924414913,0.005000000000026573,0.9100499221454547,0.13619447499417559
0.7795000000000005,0.01838004064972425,0.0,0.1594861845285849,9.99970409786009e-06,1.1502844248114443,0.005000000000026611,0.9096583666363733,0.1361457610078011
0.7800000000000005,0.018384415649724248,0.0,0.15968580838000848,9.99970409786009e-06,1.150610445346459,0.005000000000026649,0.9092659750101653,0.13609694827183155
0.7805000000000004,0.01838879064972425,0.0,0.15988663951560805,9.99970409786009e-06,1.150936454071062,0.005000000000026687,0.9088727473298167,0.1360480366961222
0.7810000000000006,0.01839316564972425,0.0,0.1600886777261348,9.99970409786009e-06,1.15126245100978,0.005000000000026725,0.9084786836580556,0.13599902619541437
0.7815000000000005,0.01839754064972425,0.0,0.1602919228076581,9.99970409786009e-06,1.1515884361871396,0.005000000000026763,0.90808378405735,0.13594991668936682
0.7820000000000005,0.018401915649724248,0.0,0.16049637456145405,9.99970409786009e-06,1.151914409627667,0.0050000000000268024,0.9076880485899096,0.1359007081024443
0.7825000000000004,0.01840629064972425,0.0,0.16070203279392964,9.99970409786009e-06,1.1522403713558893,0.005000000000026841,0.9072914773176837,0.13585140036384116
0.7830000000000006,0.01841066564972425,0.0,0.1609088973165234,9.99970409786009e-06,1.152566321396333,0.005000000000026879,0.9068940703023631,0.13580199340738275
0.7835000000000005,0.018415040649724247,0.0,0.1611169679456538,9.99970409786009e-06,1.1528922597735247,0.005000000000026917,0.9064958276053802,0.13575248717147362
0.7840000000000005,0.018419415649724248,0.0,0.16132624450271602,9.99970409786009e-06,1.1532181865119908,0.005000000000026956,0.9060967492879072,0.13570288159909433
0.7845000000000004,0.01842379064972425,0.0,0.16153672681385112,9.99970409786009e-06,1.1535441016362582,0.005000000000026994,0.9056968354108577,0.1356531766375706
0.7850000000000006,0.01842816564972425,0.0,0.16174841470999102,9.99970409786009e-06,1.1538700051708533,0.005000000000027033,0.9052960860348864,0.1356033722386183
0.7855000000000005,0.01843254064972425,0.0,0.1619613080267356,9.99970409786009e-06,1.1541958971403026,0.005000000000027071,0.904894501220389,0.13555346835822069
0.7860000000000005,0.018436915649724248,0.0,0.1621754066042904,9.99970409786009e-06,1.1545217775691328,0.00500000000002711,0.9044920810275018,0.13550346495656615
0.7865000000000004,0.01844129064972425,0.0,0.16239071028740387,9.99970409786009e-06,1.1548476464818707,0.005000000000027149,0.9040888255161025,0.1354533619979851
0.7870000000000006,0.01844566564972425,0.0,0.1626072189252934,9.99970409786009e-06,1.1551735039030426,0.005000000000027188,0.9036847347458097,0.13540315945087691
0.7875000000000005,0.018450040649724248,0.0,0.16282493237149892,9.99970409786009e-06,1.1554993498571753,0.0050000000000272275,0.9032798087759832,0.13535285728756263
0.7880000000000005,0.01845441564972425,0.0,0.1630438504839773,9.99970409786009e-06,1.1558251843687952,0.005000000000027266,0.9028740476657239,0.13530245548438008
0.7885000000000004,0.01845879064972425,0.0,0.16326397312478805,9.99970409786009e-06,1.1561510074624293,0.005000000000027305,0.9024674514738734,0.13525195402136872
0.7890000000000006,0.01846316564972425,0.0,0.1634853001602602,9.99970409786009e-06,1.1564768191626038,0.005000000000027344,0.9020600202590151,0.135201352882438
0.7895000000000005,0.01846754064972425,0.0,0.16370783146075044,9.99970409786009e-06,1.1568026194938454,0.005000000000027384,0.9016517540794733,0.13515065205512405
0.7900000000000005,0.01847191564972425,0.0,0.16393156690062988,9.99970409786009e-06,1.1571284084806808,0.005000000000027423,0.9012426529933133,0.13509985153057744
0.7905000000000004,0.01847629064972425,0.0,0.16415650635825915,9.99970409786009e-06,1.1574541861476366,0.005000000000027462,0.9008327170583416,0.13504895130353767
0.7910000000000006,0.01848066564972425,0.0,0.16438264971583114,9.99970409786009e-06,1.1577799525192394,0.005000000000027501,0.9004219463321063,0.13499795137217663
0.7915000000000005,0.018485040649724248,0.0,0.16460999685933392,9.99970409786009e-06,1.1581057076200154,0.005000000000027541,0.9000103408718968,0.13494685173806117
0.7920000000000005,0.01848941564972425,0.0,0.16483854767849065,9.99970409786009e-06,1.1584314514744918,0.00500000000002758,0.899597900734743,0.13489565240609255
0.7925000000000004,0.01849379064972425,0.0,0.1650683020666746,9.99970409786009e-06,1.1587571841071949,0.0050000000000276195,0.899184625977417,0.13484435338442263
0.7930000000000006,0.01849816564972425,0.0,0.16529925992080052,9.99970409786009e-06,1.1590829055426515,0.0050000000000276585,0.8987705166564313,0.1347929546843441
0.7935000000000005,0.018502540649724248,0.0,0.1655314211413373,9.99970409786009e-06,1.1594086158053878,0.0050000000000276984,0.8983555728280411,0.13474145632030438
0.7940000000000005,0.01850691564972425,0.0,0.16576478563217517,9.99970409786009e-06,1.1597343149199308,0.0050000000000277375,0.8979397945482415,0.13468985830977148
0.7945000000000004,0.018511290649724246,0.0,0.16599935330054189,9.99970409786009e-06,1.160060002910807,0.005000000000027777,0.8975231818727698,0.1346381606731515
0.7950000000000006,0.01851566564972425,0.0,0.16623512405704005,9.99970409786009e-06,1.160385679802543,0.005000000000027817,0.8971057348571047,0.13458636343382518
0.7955000000000005,0.018520040649724248,0.0,0.16647209781532052,9.99970409786009e-06,1.1607113456196652,0.005000000000027857,0.8966874535564662,0.13453446661782154
0.7960000000000005,0.01852441564972425,0.0,0.16671027449235112,9.99970409786009e-06,1.1610370003867003,0.005000000000027897,0.8962683380258155,0.13448247025408666
0.7965000000000004,0.01852879064972425,0.0,0.16694965400811468,9.99970409786009e-06,1.161362644128175,0.005000000000027937,0.8958483883198558,0.1344303743741821
0.7970000000000006,0.01853316564972425,0.0,0.16719023628554971,9.99970409786009e-06,1.1616882768686159,0.005000000000027977,0.8954276044930313,0.1343781790122246
0.7975000000000005,0.01853754064972425,0.0,0.16743202125056475,9.99970409786009e-06,1.1620138986325497,0.005000000000028017,0.8950059865995277,0.13432588420490169
0.7980000000000005,0.01854191564972425,0.0,0.1676750088320044,9.99970409786009e-06,1.1623395094445026,0.005000000000028057,0.894583534693273,0.13427348999143723
0.7985000000000004,0.018546290649724247,0.0,0.16791919896137109,9.99970409786009e-06,1.1626651093290015,0.0050000000000280966,0.894160248827936,0.1342209964133128
0.7990000000000006,0.01855066564972425,0.0,0.16816459157301103,9.99970409786009e-06,1.1629906983105731,0.005000000000028137,0.893736129056927,0.1341684035144541
0.7995000000000005,0.01855504064972425,0.0,0.16841118660382398,9.99970409786009e-06,1.1633162764137437,0.005000000000028177,0.8933111754333987,0.13411571134094136
0.8000000000000005,0.01855941564972425,0.0,0.1686589839933397,9.99970409786009e-06,1.1636418436630402,0.005000000000028217,0.8928853880102444,0.134062919941084
0.8005000000000004,0.01856379064972425,0.0,0.16890798368362364,9.99970409786009e-06,1.163967400082989,0.005000000000028258,0.8924587668401002,0.1340100293653288
0.8010000000000006,0.01856816564972425,0.0,0.16915818561910903,9.99970409786009e-06,1.1642929456981168,0.005000000000028299,0.8920313119753426,0.13395703966608966
0.8015000000000005,0.01857254064972425,0.0,0.16940958974663736,9.99970409786009e-06,1.1646184805329503,0.0050000000000283385,0.8916030234680907,0.13390395089778998
0.8020000000000005,0.01857691564972425,0.0,0.1696621960154383,9.99970409786009e-06,1.1649440046120156,0.005000000000028379,0.8911739013702055,0.1338507631168418
0.8025000000000004,0.018581290649724247,0.0,0.16991600437680215,9.99970409786009e-06,1.1652695179598398,0.00500000000002842,0.8907439457332887,0.13379747638131767
0.8030000000000006,0.018585665649724248,0.0,0.17017101478433017,9.99970409786009e-06,1.1655950206009495,0.005000000000028461,0.8903131566086844,0.13374409075120217
0.8035000000000005,0.01859004064972425,0.0,0.17042722719363196,9.99970409786009e-06,1.1659205125598713,0.005000000000028501,0.8898815340474784,0.13369060628808865
0.8040000000000005,0.01859441564972425,0.0,0.1706846415624165,9.99970409786009e-06,1.1662459938611314,0.0050000000000285415,0.8894490781004987,0.13363702305527103
0.8045000000000004,0.018598790649724247,0.0,0.17094325785025105,9.99970409786009e-06,1.1665714645292566,0.005000000000028582,0.8890157888183143,0.1335833411175013
0.8050000000000006,0.01860316564972425,0.0,0.17120307601870186,9.99970409786009e-06,1.166896924588774,0.005000000000028624,0.8885816662512365,0.1335295605411314
0.8055000000000005,0.01860754064972425,0.0,0.17146409603103172,9.99970409786009e-06,1.1672223740642094,0.005000000000028665,0.8881467104493186,0.13347568139381094
0.8060000000000005,0.01861191564972425,0.0,0.1717263178523906,9.99970409786009e-06,1.1675478129800898,0.0050000000000287054,0.8877109214623554,0.13342170374467716
0.8065000000000004,0.018616290649724247,0.0,0.1719897414494884,9.99970409786009e-06,1.1678732413609418,0.005000000000028746,0.8872742993398839,0.13336762766402796
0.8070000000000006,0.018620665649724248,0.0,0.1722543667907616,9.99970409786009e-06,1.168198659231292,0.005000000000028788,0.8868368441311827,0.1333134532234888
0.8075000000000006,0.01862504064972425,0.0,0.17252019384609552,9.99970409786009e-06,1.168524066615667,0.005000000000028829,0.8863985558852728,0.1332591804957346
0.8080000000000005,0.01862941564972425,0.0,0.1727872225869172,9.99970409786009e-06,1.1688494635385935,0.00500000000002887,0.8859594346509166,0.13320480955458322
0.8085000000000004,0.018633790649724247,0.0,0.17305545298602915,9.99970409786009e-06,1.1691748500245978,0.005000000000028911,0.8855194804766194,0.13315034047482882
0.8090000000000006,0.018638165649724252,0.0,0.17332488501764096,9.99970409786009e-06,1.1695002260982068,0.005000000000028953,0.8850786934106271,0.13309577333227318
0.8095000000000006,0.01864254064972425,0.0,0.17359551865714112,9.99970409786009e-06,1.1698255917839468,0.005000000000028993,0.884637073500929,0.1330411082034988
0.8100000000000005,0.01864691564972425,0.0,0.17386735388122837,9.99970409786009e-06,1.1701509471063447,0.005000000000029035,0.8841946207952556,0.13298634516599853
0.8105000000000004,0.018651290649724248,0.0,0.17414039066765874,9.99970409786009e-06,1.170476292089927,0.005000000000029077,0.8837513353410796,0.1329314842979241
0.8110000000000006,0.01865566564972425,0.0,0.17441462899535265,9.99970409786009e-06,1.1708016267592203,0.005000000000029118,0.883307217185616,0.13287652567819244
0.8115000000000006,0.01866004064972425,0.0,0.17469006884417948,9.99970409786009e-06,1.1711269511387512,0.00500000000002916,0.8828622663758219,0.1328214693862708
0.8120000000000005,0.01866441564972425,0.0,0.1749667101949904,9.99970409786009e-06,1.1714522652530461,0.005000000000029202,0.8824164829583965,0.13276631550220938
0.8125000000000004,0.018668790649724248,0.0,0.17524455302945277,9.99970409786009e-06,1.171777569126632,0.005000000000029243,0.8819698669797809,0.13271106410647543
0.8130000000000006,0.01867316564972425,0.0,0.1755235973301084,9.99970409786009e-06,1.1721028627840353,0.005000000000029285,0.8815224184861581,0.1326557152800117
0.8135000000000006,0.01867754064972425,0.0,0.1758038430802832,9.99970409786009e-06,1.1724281462497823,0.0050000000000293265,0.8810741375234548,0.13260026910414743
0.8140000000000005,0.018681915649724247,0.0,0.17608529026380879,9.99970409786009e-06,1.1727534195484002,0.005000000000029369,0.8806250241373377,0.13254472566031697
0.8145000000000004,0.018686290649724248,0.0,0.17636793886538193,9.99970409786009e-06,1.173078682704415,0.005000000000029411,0.8801750783732176,0.13248908503042303
0.8150000000000006,0.01869066564972425,0.0,0.17665178887003635,9.99970409786009e-06,1.1734039357423538,0.005000000000029452,0.8797243002762465,0.1324333472963051
0.8155000000000006,0.01869504064972425,0.0,0.17693684026339035,9.99970409786009e-06,1.173729178686743,0.005000000000029495,0.8792726898913189,0.13237751253998936
0.8160000000000005,0.01869941564972425,0.0,0.17722309303148157,9.99970409786009e-06,1.174054411562109,0.005000000000029537,0.878820247263072,0.13232158084352283
0.8165000000000004,0.018703790649724248,0.0,0.17751054716062667,9.99970409786009e-06,1.1743796343929789,0.005000000000029579,0.878366972435884,0.13226555228883236
0.8170000000000006,0.01870816564972425,0.0,0.1777992026375574,9.99970409786009e-06,1.1747048472038788,0.005000000000029621,0.8779128654538775,0.1322094269578618
0.8175000000000006,0.01871254064972425,0.0,0.1780890594491048,9.99970409786009e-06,1.1750300500193356,0.005000000000029664,0.8774579263609156,0.13215320493225538
0.8180000000000005,0.018716915649724247,0.0,0.17838011758236103,9.99970409786009e-06,1.1753552428638756,0.0050000000000297055,0.8770021552006049,0.13209688629352093
0.8185000000000004,0.018721290649724248,0.0,0.17867240393451858,9.99970409786009e-06,1.1756804254842743,0.005000000000029748,0.8765455524066573,0.13204049833124215
0.8190000000000006,0.01872566564972425,0.0,0.17896592671817538,9.99970409786009e-06,1.176005597820913,0.0050000000000297905,0.8760881181428122,0.13198404944571984
0.8195000000000006,0.01873004064972425,0.0,0.17926064060433095,9.99970409786009e-06,1.1763307603661746,0.005000000000029833,0.8756298517947468,0.1319274938991804
0.8200000000000005,0.01873441564972425,0.0,0.17955654571339305,9.99970409786009e-06,1.1766559131429553,0.005000000000029876,0.8751707534065146,0.1318708319053444
0.8205000000000005,0.01873879064972425,0.0,0.17985364216601896,9.99970409786009e-06,1.176981056174151,0.005000000000029919,0.8747108230219282,0.13181406367781076
0.8210000000000006,0.01874316564972425,0.0,0.18015193008303168,9.99970409786009e-06,1.1773061894826582,0.005000000000029961,0.8742500606845588,0.1317571894299716
0.8215000000000006,0.01874754064972425,0.0,0.18045140958533604,9.99970409786009e-06,1.1776313130913725,0.005000000000030004,0.8737884664377392,0.13170020937492974
0.8220000000000005,0.018751915649724248,0.0,0.18075208079378433,9.99970409786009e-06,1.1779564270231901,0.005000000000030047,0.87332604032456,0.13164312372536258
0.8225000000000005,0.01875629064972425,0.0,0.18105394382929532,9.99970409786009e-06,1.1782815313010073,0.00500000000003009,0.8728627823878718,0.1315859326936425
0.8230000000000006,0.01876066564972425,0.0,0.1813569988126188,9.99970409786009e-06,1.17860662594772,0.005000000000030133,0.872398692670285,0.13152863649160093
0.8235000000000006,0.01876504064972425,0.0,0.1816612458644042,9.99970409786009e-06,1.178931710986224,0.005000000000030176,0.8719337712141695,0.1314712353305974
0.8240000000000005,0.018769415649724248,0.0,0.18196668510501604,9.99970409786009e-06,1.1792567864394157,0.005000000000030219,0.8714680180616549,0.1314137294213341
0.8245000000000005,0.01877379064972425,0.0,0.18227331665467925,9.99970409786009e-06,1.179581852330191,0.005000000000030262,0.8710014332546298,0.13135611897400246
0.8250000000000006,0.01877816564972425,0.0,0.18258114063316763,9.99970409786009e-06,1.1799069086814462,0.005000000000030305,0.8705340168347431,0.13129840419797034
0.8255000000000006,0.01878254064972425,0.0,0.1828901571599496,9.99970409786009e-06,1.180231955516077,0.005000000000030348,0.8700657688434035,0.1312405853019291
0.8260000000000005,0.018786915649724248,0.0,0.18320036635402928,9.99970409786009e-06,1.1805569928569795,0.005000000000030392,0.8695966893217787,0.13118266249373411
0.8265000000000005,0.01879129064972425,0.0,0.18351176833391483,9.99970409786009e-06,1.1808820207270498,0.005000000000030435,0.8691267783107964,0.13112463598037213
0.8270000000000006,0.01879566564972425,0.0,0.18382436321758674,9.99970409786009e-06,1.1812070391491842,0.005000000000030478,0.868656035851144,0.13106650596793185
0.8275000000000006,0.01880004064972425,0.0,0.18413815112233897,9.99970409786009e-06,1.1815320481462785,0.0050000000000305226,0.8681844619832688,0.1310082726614425
0.8280000000000005,0.018804415649724248,0.0,0.18445313216487527,9.99970409786009e-06,1.181857047741229,0.005000000000030566,0.8677120567473775,0.13094993626497273
0.8285000000000005,0.01880879064972425,0.0,0.18476930646117626,9.99970409786009e-06,1.1821820379569314,0.005000000000030609,0.8672388201834368,0.1308914969814956
0.8290000000000006,0.01881316564972425,0.0,0.1850866741264171,9.99970409786009e-06,1.182507018816282,0.005000000000030653,0.866764752331173,0.1308329550128077
0.8295000000000006,0.01881754064972425,0.0,0.18540523527491112,9.99970409786009e-06,1.182831990342177,0.005000000000030697,0.8662898532300726,0.13077431055947167
0.8300000000000005,0.018821915649724248,0.0,0.1857249900201048,9.99970409786009e-06,1.183156952557512,0.00500000000003074,0.8658141229193811,0.13071556382081242
0.8305000000000005,0.01882629064972425,0.0,0.18604593847454776,9.99970409786009e-06,1.1834819054851835,0.0050000000000307845,0.8653375614381047,0.13065671499488613
0.8310000000000006,0.01883066564972425,0.0,0.18636808074965658,9.99970409786009e-06,1.1838068491480875,0.005000000000030829,0.8648601688250088,0.13059776427824402
0.8315000000000006,0.01883504064972425,0.0,0.18669141695599367,9.99970409786009e-06,1.1841317835691196,0.005000000000030872,0.8643819451186195,0.1305387118662137
0.8320000000000005,0.01883941564972425,0.0,0.1870159472027481,9.99970409786009e-06,1.1844567087711764,0.005000000000030916,0.8639028903572217,0.1304795579523754
0.8325000000000005,0.01884379064972425,0.0,0.1873416715981436,9.99970409786009e-06,1.1847816247771537,0.005000000000030961,0.8634230045788608,0.13042030272897404
0.8330000000000006,0.01884816564972425,0.0,0.18766859024904847,9.99970409786009e-06,1.1851065316099478,0.005000000000031005,0.8629422878213415,0.13036094638652726
0.8335000000000006,0.018852540649724248,0.0,0.18799670326115214,9.99970409786009e-06,1.1854314292924544,0.005000000000031049,0.86246074012223,0.1303014891140037
0.8340000000000005,0.01885691564972425,0.0,0.18832601073875546,9.99970409786009e-06,1.1857563178475696,0.005000000000031093,0.8619783615188508,0.1302419310986105
0.8345000000000005,0.01886129064972425,0.0,0.18865651278476736,9.99970409786009e-06,1.1860811972981897,0.0050000000000311375,0.8614951520482887,0.1301822725257927
0.8350000000000006,0.01886566564972425,0.0,0.18898820950059791,9.99970409786009e-06,1.186406067667211,0.005000000000031182,0.8610111117473886,0.13012251357912413
0.8355000000000006,0.01887004064972425,0.0,0.18932110098631136,9.99970409786009e-06,1.1867309289775287,0.005000000000031227,0.8605262406527565,0.13006265444046355
0.8360000000000005,0.01887441564972425,0.0,0.1896551873401823,9.99970409786009e-06,1.1870557812520397,0.005000000000031271,0.8600405388007563,0.13000269528950634
0.8365000000000005,0.01887879064972425,0.0,0.18999046865913444,9.99970409786009e-06,1.1873806245136396,0.005000000000031315,0.8595540062275137,0.12994263630422798
0.8370000000000006,0.01888316564972425,0.0,0.19032694503824504,9.99970409786009e-06,1.1877054587852245,0.0050000000000313604,0.8590666429689136,0.1298824776603852
0.8375000000000006,0.018887540649724248,0.0,0.19066461657089828,9.99970409786009e-06,1.1880302840896906,0.005000000000031405,0.858578449060601,0.12982221953167072
0.8380000000000005,0.01889191564972425,0.0,0.1910034833487836,9.99970409786009e-06,1.188355100449934,0.00500000000003145,0.8580894245379811,0.12976186208971147
0.8385000000000005,0.01889629064972425,0.0,0.19134354546173765,9.99970409786009e-06,1.1886799078888504,0.005000000000031495,0.8575995694362197,0.12970140550391127
0.8390000000000006,0.01890066564972425,0.0,0.1916848029976123,9.99970409786009e-06,1.1890047064293363,0.00500000000003154,0.8571088837902416,0.12964084994131636
0.8395000000000006,0.01890504064972425,0.0,0.19202725604242965,9.99970409786009e-06,1.1893294960942875,0.005000000000031585,0.8566173676347326,0.12958019556677347
0.8400000000000005,0.01890941564972425,0.0,0.19237090468022428,9.99970409786009e-06,1.1896542769066,0.005000000000031629,0.8561250210041387,0.1295194425427713
0.8405000000000005,0.01891379064972425,0.0,0.19271574899299002,9.99970409786009e-06,1.1899790488891702,0.005000000000031674,0.8556318439326651,0.12945859102938578
0.8410000000000006,0.01891816564972425,0.0,0.19306178906049573,9.99970409786009e-06,1.190303812064894,0.00500000000003172,0.8551378364542779,0.12939764118409625
0.8415000000000006,0.018922540649724248,0.0,0.19340902496059906,9.99970409786009e-06,1.1906285664566674,0.0050000000000317655,0.8546429986027038,0.12933659316210278
0.8420000000000005,0.01892691564972425,0.0,0.1937574567687742,9.99970409786009e-06,1.190953312087386,0.005000000000031811,0.8541473304114293,0.129275447115848
0.8425000000000005,0.01893129064972425,0.0,0.19410708455829512,9.99970409786009e-06,1.1912780489799468,0.005000000000031856,0.8536508319137003,0.129214203195205
0.8430000000000006,0.01893566564972425,0.0,0.1944579084001304,9.99970409786009e-06,1.1916027771572453,0.005000000000031902,0.853153503142524,0.12915286154737027
0.8435000000000006,0.01894004064972425,0.0,0.1948099283628908,9.99970409786009e-06,1.1919274966421776,0.005000000000031947,0.8526553441306677,0.129091422316812
0.8440000000000005,0.01894441564972425,0.0,0.19516314451282962,9.99970409786009e-06,1.1922522074576396,0.005000000000031993,0.8521563549106588,0.1290298856452699
0.8445000000000005,0.018948790649724247,0.0,0.19551755691360606,9.99970409786009e-06,1.1925769096265275,0.005000000000032038,0.851656535514785,0.12896825167151837
0.8450000000000006,0.01895316564972425,0.0,0.19587316562649665,9.99970409786009e-06,1.1929016031717379,0.005000000000032084,0.8511558859750935,0.12890652053157842
0.8455000000000006,0.01895754064972425,0.0,0.1962299707101588,9.99970409786009e-06,1.193226288116166,0.00500000000003213,0.8506544063233937,0.12884469235848284
0.8460000000000005,0.01896191564972425,0.0,0.1965879722206582,9.99970409786009e-06,1.193550964482708,0.005000000000032175,0.850152096591254,0.1287827672823002
0.8465000000000005,0.01896629064972425,0.0,0.1969471702112849,9.99970409786009e-06,1.1938756322942605,0.005000000000032221,0.8496489568100027,0.12872074542995243
0.8470000000000006,0.01897066564972425,0.0,0.19730756473276637,9.99970409786009e-06,1.1942002915737193,0.005000000000032267,0.8491449870107296,0.12865862692543023
0.8475000000000006,0.01897504064972425,0.0,0.1976691558329513,9.99970409786009e-06,1.19452494234398,0.005000000000032313,0.8486401872242848,0.12859641188947368
0.8480000000000005,0.01897941564972425,0.0,0.19803194355689105,9.99970409786009e-06,1.1948495846279394,0.005000000000032359,0.8481345574812779,0.12853410043965435
0.8485000000000005,0.018983790649724247,0.0,0.1983959279467618,9.99970409786009e-06,1.195174218448493,0.005000000000032406,0.8476280978120797,0.12847169269029937
0.8490000000000006,0.01898816564972425,0.0,0.19876110904184024,9.99970409786009e-06,1.1954988438285374,0.005000000000032452,0.8471208082468205,0.1284091887524645
0.8495000000000006,0.01899254064972425,0.0,0.19912748687839957,9.99970409786009e-06,1.195823460790968,0.0050000000000324975,0.846612688815393,0.12834658873383348
0.8500000000000005,0.01899691564972425,0.0,0.19949506148965887,9.99970409786009e-06,1.1961480693586812,0.005000000000032544,0.8461037395474479,0.12828389273866275
0.8505000000000005,0.01900129064972425,0.0,0.1998638329058122,9.99970409786009e-06,1.196472669554573,0.00500000000003259,0.8455939604723981,0.12822110086781527
0.8510000000000006,0.01900566564972425,0.0,0.20023380115389847,9.99970409786009e-06,1.1967972614015399,0.005000000000032637,0.845083351619416,0.12815821321862775
0.8515000000000006,0.01901004064972425,0.0,0.20060496625775096,9.99970409786009e-06,1.1971218449224772,0.005000000000032683,0.8445719130174354,0.12809522988486075
0.8520000000000005,0.01901441564972425,0.0,0.20097732823805411,9.99970409786009e-06,1.1974464201402812,0.00500000000003273,0.8440596446951502,0.12803215095675569
0.8525000000000005,0.019018790649724247,0.0,0.20135088711213325,9.99970409786009e-06,1.1977709870778481,0.005000000000032777,0.8435465466810146,0.12796897652082478
0.8530000000000006,0.019023165649724248,0.0,0.2017256428939847,9.99970409786009e-06,1.1980955457580742,0.005000000000032824,0.8430326190032429,0.12790570665987944
0.8535000000000006,0.01902754064972425,0.0,0.2021015955943333,9.99970409786009e-06,1.1984200962038551,0.0050000000000328705,0.8425178616898115,0.12784234145309178
0.8540000000000005,0.01903191564972425,0.0,0.20247874522034182,9.99970409786009e-06,1.198744638438087,0.005000000000032917,0.8420022747684561,0.1277788809756994
0.8545000000000005,0.019036290649724247,0.0,0.20285709177574884,9.99970409786009e-06,1.1990691724836662,0.005000000000032964,0.8414858582666734,0.12771532529914642
0.8550000000000006,0.019040665649724252,0.0,0.2032366352607929,9.99970409786009e-06,1.1993936983634885,0.005000000000033011,0.8409686122117206,0.12765167449100573
0.8555000000000006,0.01904504064972425,0.0,0.20361737567210955,9.99970409786009e-06,1.1997182161004498,0.005000000000033058,0.8404505366306161,0.12758792861487897
0.8560000000000005,0.01904941564972425,0.0,0.2039993130026821,9.99970409786009e-06,1.2000427257174466,0.005000000000033105,0.8399316315501377,0.12752408773034252
0.8565000000000005,0.019053790649724248,0.0,0.20438244724187365,9.99970409786009e-06,1.2003672272373747,0.005000000000033152,0.8394118969968251,0.12746015189298487
0.8570000000000007,0.01905816564972425,0.0,0.20476677837529755,9.99970409786009e-06,1.2006917206831302,0.005000000000033199,0.8388913329969777,0.12739612115427282
0.8575000000000006,0.01906254064972425,0.0,0.2051523063848226,9.99970409786009e-06,1.201016206077609,0.005000000000033247,0.8383699395766568,0.12733199556155977
0.8580000000000005,0.01906691564972425,0.0,0.2055390312484706,9.99970409786009e-06,1.2013406834437073,0.005000000000033294,0.8378477167616835,0.12726777515798143
0.8585000000000005,0.019071290649724248,0.0,0.2059269529403139,9.99970409786009e-06,1.2016651528043212,0.0050000000000333415,0.8373246645776391,0.12720345998235322
0.8590000000000007,0.019075665649724252,0.0,0.20631607143069758,9.99970409786009e-06,1.201989614182347,0.005000000000033389,0.8368007830498665,0.1271390500693941
0.8595000000000006,0.01908004064972425,0.0,0.2067063866858397,9.99970409786009e-06,1.20231406760068,0.005000000000033437,0.8362760722034699,0.12707454544932656
0.8600000000000005,0.01908441564972425,0.0,0.207097898668027,9.99970409786009e-06,1.202638513082217,0.005000000000033485,0.8357505320633126,0.1270099461480701
0.8605000000000005,0.019088790649724248,0.0,0.2074906073354044,9.99970409786009e-06,1.2029629506498538,0.005000000000033532,0.83522416265402,0.12694525218703318
0.8610000000000007,0.01909316564972425,0.0,0.20788451264214453,9.99970409786009e-06,1.2032873803264865,0.00500000000003358,0.8346969639999777,0.12688046358328237
0.8615000000000006,0.01909754064972425,0.0,0.2082796145381831,9.99970409786009e-06,1.2036118021350108,0.005000000000033628,0.8341689361253328,0.1268155803492773
0.8620000000000005,0.01910191564972425,0.0,0.20867591296922547,9.99970409786009e-06,1.2039362160983234,0.005000000000033675,0.8336400790539918,0.12675060249287656
0.8625000000000005,0.019106290649724248,0.0,0.2090734078766995,9.99970409786009e-06,1.20426062223932,0.005000000000033723,0.8331103928096233,0.12668553001729138
0.8630000000000007,0.01911066564972425,0.0,0.20947209919787196,9.99970409786009e-06,1.2045850205808966,0.005000000000033772,0.8325798774156565,0.12662036292120266
0.8635000000000006,0.01911504064972425,0.0,0.20987198686558353,9.99970409786009e-06,1.2049094111459493,0.005000000000033819,0.8320485328952812,0.12655510119849533
0.8640000000000005,0.019119415649724247,0.0,0.2102730708082565,9.99970409786009e-06,1.205233793957374,0.005000000000033868,0.8315163592714485,0.12648974483826575
0.8645000000000005,0.019123790649724248,0.0,0.21067535094992987,9.99970409786009e-06,1.2055581690380672,0.005000000000033916,0.8309833565668695,0.12642429382485676
0.8650000000000007,0.01912816564972425,0.0,0.21107882721010343,9.99970409786009e-06,1.205882536410925,0.005000000000033964,0.8304495248040167,0.1263587481377025
0.8655000000000006,0.01913254064972425,0.0,0.211483499503801,9.99970409786009e-06,1.2062068960988426,0.005000000000034013,0.8299148640051246,0.1262931077513918
0.8660000000000005,0.01913691564972425,0.0,0.21188936774146924,9.99970409786009e-06,1.2065312481247168,0.005000000000034061,0.8293793741921867,0.1262273726355665
0.8665000000000005,0.01914129064972425,0.0,0.2122964318287942,9.99970409786009e-06,1.2068555925114437,0.00500000000003411,0.8288430553869582,0.1261615427547365
0.8670000000000007,0.01914566564972425,0.0,0.2127046916670399,9.99970409786009e-06,1.207179929281919,0.0050000000000341585,0.8283059076109562,0.12609561806862243
0.8675000000000006,0.01915004064972425,0.0,0.21311414715253524,9.99970409786009e-06,1.207504258459039,0.005000000000034207,0.8277679308854574,0.12602959853163798
0.8680000000000005,0.019154415649724248,0.0,0.21352479817698575,9.99970409786009e-06,1.2078285800656994,0.005000000000034256,0.8272291252315007,0.1259634840932058
0.8685000000000005,0.01915879064972425,0.0,0.21393664462723544,9.99970409786009e-06,1.2081528941247965,0.005000000000034304,0.826689490669885,0.12589727469751535
0.8690000000000007,0.01916316564972425,0.0,0.21434968638522112,9.99970409786009e-06,1.2084772006592268,0.005000000000034354,0.8261490272211699,0.12583097028347973
0.8695000000000006,0.01916754064972425,0.0,0.21476392332809263,9.99970409786009e-06,1.2088014996918857,0.005000000000034402,0.8256077349056778,0.1257645707848566
0.8700000000000006,0.01917191564972425,0.0,0.21517935532800217,9.99970409786009e-06,1.2091257912456694,0.005000000000034451,0.8250656137434907,0.12569807613003547
0.8705000000000005,0.01917629064972425,0.0,0.21559598225208668,9.99970409786009e-06,1.209450075343474,0.0050000000000345,0.8245226637544522,0.12563148624202114
0.8710000000000007,0.01918066564972425,0.0,0.21601380396250597,9.99970409786009e-06,1.2097743520081958,0.00500000000003455,0.8239788849581662,0.12556480103847137
0.8715000000000006,0.01918504064972425,0.0,0.21643282031634267,9.99970409786009e-06,1.2100986212627305,0.005000000000034598,0.8234342773739989,0.12549802043159825
0.8720000000000006,0.019189415649724248,0.0,0.21685303116544663,9.99970409786009e-06,1.2104228831299744,0.005000000000034648,0.8228888410210766,0.12543114432801
0.8725000000000005,0.01919379064972425,0.0,0.2172744363566677,9.99970409786009e-06,1.2107471376328234,0.005000000000034697,0.8223425759182872,0.12536417262894672
0.8730000000000007,0.01919816564972425,0.0,0.21769703573153407,9.99970409786009e-06,1.2110713847941739,0.005000000000034747,0.8217954820842792,0.12529710522995668
0.8735000000000006,0.01920254064972425,0.0,0.21812082912637454,9.99970409786009e-06,1.2113956246369215,0.005000000000034796,0.8212475595374631,0.12522994202102
0.8740000000000006,0.019206915649724248,0.0,0.21854581637213533,9.99970409786009e-06,1.2117198571839625,0.0050000000000348455,0.8206988082960102,0.12516268288636379
0.8745000000000005,0.01921129064972425,0.0,0.218971997294559,9.99970409786009e-06,1.2120440824581926,0.005000000000034895,0.8201492283778529,0.12509532770464293
0.8750000000000007,0.01921566564972425,0.0,0.21939937171386187,9.99970409786009e-06,1.2123683004825085,0.005000000000034945,0.8195988198006838,0.12502787634861595
0.8755000000000006,0.01922004064972425,0.0,0.2198279394449136,9.99970409786009e-06,1.212692511279806,0.005000000000034995,0.8190475825819585,0.1249603286853261
0.8760000000000006,0.01922441564972425,0.0,0.22025770029702582,9.99970409786009e-06,1.213016714872981,0.005000000000035045,0.8184955167388926,0.12489268457588835
0.8765000000000005,0.01922879064972425,0.0,0.2206886540741607,9.99970409786009e-06,1.2133409112849294,0.005000000000035094,0.8179426222884636,0.12482494387570024
0.8770000000000007,0.01923316564972425,0.0,0.2211208005745239,9.99970409786009e-06,1.2136651005385477,0.005000000000035145,0.8173888992474092,0.1247571064340318
0.8775000000000006,0.01923754064972425,0.0,0.2215541395908572,9.99970409786009e-06,1.2139892826567316,0.005000000000035194,0.8168343476322297,0.12468917209432152
0.8780000000000006,0.01924191564972425,0.0,0.22198867091014354,9.99970409786009e-06,1.2143134576623775,0.0050000000000352445,0.8162789674591853,0.12462114069387854
0.8785000000000005,0.01924629064972425,0.0,0.22242439431378852,9.99970409786009e-06,1.214637625578381,0.005000000000035295,0.8157227587442988,0.12455301206406585
0.8790000000000007,0.01925066564972425,0.0,0.22286130957738107,9.99970409786009e-06,1.2149617864276387,0.005000000000035345,0.8151657215033529,0.12448478603006054
0.8795000000000006,0.019255040649724248,0.0,0.22329941647076332,9.99970409786009e-06,1.2152859402330465,0.005000000000035395,0.8146078557518925,0.12441646241092406
0.8800000000000006,0.01925941564972425,0.0,0.22373871475801652,9.99970409786009e-06,1.2156100870175,0.005000000000035446,0.8140491615052243,0.12434804101958745
0.8805000000000005,0.01926379064972425,0.0,0.22417920419724954,9.99970409786009e-06,1.2159342268038957,0.005000000000035496,0.8134896387784148,0.12427952166263972
0.8810000000000007,0.01926816564972425,0.0,0.2246208845407258,9.99970409786009e-06,1.2162583596151297,0.005000000000035546,0.8129292875862929,0.12421090414045574
0.8815000000000006,0.01927254064972425,0.0,0.2250637555348214,9.99970409786009e-06,1.2165824854740979,0.0050000000000355975,0.8123681079434487,0.12414218824715476
0.8820000000000006,0.01927691564972425,0.0,0.22550781691978541,9.99970409786009e-06,1.2169066044036962,0.005000000000035648,0.8118060998642337,0.12407337377035815
0.8825000000000005,0.01928129064972425,0.0,0.22595306843006607,9.99970409786009e-06,1.2172307164268208,0.005000000000035699,0.8112432633627606,0.12400446049151954
0.8830000000000007,0.01928566564972425,0.0,0.22639950979375909,9.99970409786009e-06,1.217554821566368,0.005000000000035749,0.8106795984529029,0.123935448185368
0.8835000000000006,0.019290040649724248,0.0,0.22684714073304807,9.99970409786009e-06,1.2178789198452336,0.0050000000000358005,0.8101151051482972,0.12386633662035437
0.8840000000000006,0.01929441564972425,0.0,0.2272959609639651,9.99970409786009e-06,1.2182030112863136,0.005000000000035852,0.8095497834623396,0.12379712555840768
0.8845000000000005,0.01929879064972425,0.0,0.22774597019620696,9.99970409786009e-06,1.2185270959125043,0.005000000000035902,0.8089836334081886,0.12372781475475182
0.8850000000000007,0.01930316564972425,0.0,0.22819716813340704,9.99970409786009e-06,1.2188511737467016,0.005000000000035953,0.8084166549987641,0.12365840395818038
0.8855000000000006,0.01930754064972425,0.0,0.22864955447278143,9.99970409786009e-06,1.2191752448118014,0.005000000000036004,0.8078488482467477,0.12358889291069856
0.8860000000000006,0.01931191564972425,0.0,0.2291031289052873,9.99970409786009e-06,1.2194993091307,0.0050000000000360555,0.8072802131645815,0.12351928134768499
0.8865000000000005,0.01931629064972425,0.0,0.22955789111558259,9.99970409786009e-06,1.2198233667262934,0.0050000000000361075,0.8067107497644701,0.12344956899784967
0.8870000000000007,0.01932066564972425,0.0,0.230013840781814,9.99970409786009e-06,1.220147417621478,0.005000000000036159,0.8061404580583783,0.12337975558302208
0.8875000000000006,0.01932504064972425,0.0,0.23047097757577661,9.99970409786009e-06,1.220471461839149,0.00500000000003621,0.8055693380580347,0.12330984081831237
0.8880000000000006,0.01932941564972425,0.0,0.2309293011627882,9.99970409786009e-06,1.2207954994022032,0.005000000000036262,0.8049973897749267,0.12323982441198329
0.8885000000000005,0.01933379064972425,0.0,0.23138881120159147,9.99970409786009e-06,1.2211195303335365,0.005000000000036313,0.804424613220305,0.1231697060653541
0.8890000000000007,0.01933816564972425,0.0,0.23184950734442897,9.99970409786009e-06,1.2214435546560447,0.005000000000036365,0.8038510084051813,0.12309948547287544
0.8895000000000006,0.019342540649724252,0.0,0.23231138923685965,9.99970409786009e-06,1.2217675723926242,0.005000000000036416,0.8032765753403287,0.1230291623219443
0.8900000000000006,0.01934691564972425,0.0,0.2327744565179203,9.99970409786009e-06,1.2220915835661708,0.005000000000036468,0.8027013140362824,0.1229587362930688
0.8905000000000005,0.019351290649724247,0.0,0.23323870881988495,9.99970409786009e-06,1.2224155881995806,0.00500000000003652,0.8021252245033383,0.12288820705962339
0.8910000000000007,0.01935566564972425,0.0,0.23370414576839785,9.99970409786009e-06,1.22273958631575,0.005000000000036572,0.8015483067515543,0.12281757428798483
0.8915000000000006,0.01936004064972425,0.0,0.23417076698223285,9.99970409786009e-06,1.2230635779375745,0.0050000000000366245,0.8009705607907506,0.1227468376372916
0.8920000000000006,0.01936441564972425,0.0,0.23463857207348465,9.99970409786009e-06,1.2233875630879503,0.0050000000000366765,0.8003919866305081,0.12267599675963303
0.8925000000000005,0.01936879064972425,0.0,0.23510756064732805,9.99970409786009e-06,1.2237115417897737,0.0050000000000367285,0.7998125842801693,0.12260505129981021
0.8930000000000007,0.01937316564972425,0.0,0.2355777323020654,9.99970409786009e-06,1.224035514065941,0.005000000000036781,0.7992323537488384,0.12253400089538273
0.8935000000000006,0.01937754064972425,0.0,0.236049086629146,9.99970409786009e-06,1.2243594799393476,0.0050000000000368335,0.798651295045382,0.12246284517668969
0.8940000000000006,0.01938191564972425,0.0,0.2365216232130987,9.99970409786009e-06,1.2246834394328896,0.0050000000000368855,0.7980694081784281,0.12239158376678025
0.8945000000000005,0.019386290649724247,0.0,0.23699534163131925,9.99970409786009e-06,1.2250073925694636,0.005000000000036938,0.7974866931563652,0.1223202162812014
0.8950000000000007,0.01939066564972425,0.0,0.23747024145432227,9.99970409786009e-06,1.2253313393719656,0.0050000000000369905,0.7969031499873442,0.12224874232825039
0.8955000000000006,0.01939504064972425,0.0,0.23794632224547083,9.99970409786009e-06,1.2256552798632911,0.005000000000037043,0.796318778679279,0.12217716150870601
0.8960000000000006,0.01939941564972425,0.0,0.23842358356111265,9.99970409786009e-06,1.2259792140663366,0.005000000000037095,0.7957335792398433,0.12210547341596144
0.8965000000000005,0.01940379064972425,0.0,0.23890202495036794,9.99970409786009e-06,1.2263031420039978,0.005000000000037148,0.7951475516764737,0.12203367763581414
0.8970000000000007,0.01940816564972425,0.0,0.2393816459551495,9.99970409786009e-06,1.2266270636991714,0.005000000000037201,0.7945606959963668,0.1219617737464848
0.8975000000000006,0.01941254064972425,0.0,0.2398624461103001,9.99970409786009e-06,1.2269509791747528,0.005000000000037254,0.7939730122064836,0.12188976131875821
0.8980000000000006,0.01941691564972425,0.0,0.240344424943322,9.99970409786009e-06,1.2272748884536384,0.005000000000037307,0.7933845003135449,0.1218176399157074
0.8985000000000005,0.019421290649724247,0.0,0.2408275819743391,9.99970409786009e-06,1.2275987915587243,0.005000000000037361,0.7927951603240335,0.12174540909265906
0.8990000000000007,0.01942566564972425,0.0,0.24131191671635221,9.99970409786009e-06,1.2279226885129064,0.005000000000037414,0.7922049922441945,0.12167306839744961
0.8995000000000006,0.01943004064972425,0.0,0.24179742867485118,9.99970409786009e-06,1.2282465793390807,0.005000000000037467,0.791613996080035,0.12160061737003518
0.9000000000000006,0.01943441564972425,0.0,0.24228411734789473,9.99970409786009e-06,1.2285704640601434,0.0050000000000375204,0.7910221718373228,0.12152805554257141
0.9005000000000005,0.01943879064972425,0.0,0.2427719822262496,9.99970409786009e-06,1.2288943426989904,0.005000000000037573,0.7904295195215885,0.12145538243955581
0.9010000000000007,0.019443165649724252,0.0,0.24326102279306067,9.99970409786009e-06,1.229218215278518,0.005000000000037627,0.7898360391381238,0.12138259757749333
0.9015000000000006,0.01944754064972425,0.0,0.24375123852401984,9.99970409786009e-06,1.229542081821622,0.00500000000003768,0.789241730691983,0.12130970046506895
0.9020000000000006,0.01945191564972425,0.0,0.24424262888735923,9.99970409786009e-06,1.2298659423511986,0.005000000000037734,0.7886465941879818,0.12123669060313946
0.9025000000000005,0.019456290649724248,0.0,0.2447351933434911,9.99970409786009e-06,1.230189796890144,0.005000000000037788,0.7880506296306968,0.12116356748437161
0.9030000000000007,0.01946066564972425,0.0,0.245228931345502,9.99970409786009e-06,1.230513645461354,0.005000000000037841,0.7874538370244686,0.1210903305937409
0.9035000000000006,0.01946504064972425,0.0,0.2457238423386158,9.99970409786009e-06,1.2308374880877249,0.005000000000037895,0.7868562163733979,0.12101697940798992
0.9040000000000006,0.01946941564972425,0.0,0.24621992576045265,9.99970409786009e-06,1.2311613247921525,0.005000000000037949,0.786257767681348,0.12094351339589016
0.9045000000000005,0.019473790649724248,0.0,0.2467171810408161,9.99970409786009e-06,1.2314851555975328,0.005000000000038003,0.7856584909519442,0.12086993201802737
0.9050000000000007,0.019478165649724252,0.0,0.24721560760192404,9.99970409786009e-06,1.2318089805267622,0.005000000000038057,0.7850583861885727,0.12079623472703421
0.9055000000000006,0.01948254064972425,0.0,0.24771520485792872,9.99970409786009e-06,1.2321327996027365,0.005000000000038111,0.7844574533943831,0.12072242096710858
0.9060000000000006,0.01948691564972425,0.0,0.2482159722154152,9.99970409786009e-06,1.2324566128483518,0.005000000000038166,0.7838556925722859,0.12064849017451384
0.9065000000000005,0.019491290649724248,0.0,0.24871790907292127,9.99970409786009e-06,1.2327804202865043,0.0050000000000382195,0.7832531037249537,0.12057444177709739
0.9070000000000007,0.01949566564972425,0.0,0.2492210148211696,9.99970409786009e-06,1.23310422194009,0.005000000000038274,0.782649686854821,0.12050027519452286
0.9075000000000006,0.01950004064972425,0.0,0.249725288842914,9.99970409786009e-06,1.233428017832005,0.005000000000038329,0.7820454419640848,0.12042598983811778
0.9080000000000006,0.01950441564972425,0.0,0.25023073051296446,9.99970409786009e-06,1.233751807985145,0.005000000000038383,0.7814403690547035,0.12035158511089764
0.9085000000000005,0.019508790649724248,0.0,0.25073733919803287,9.99970409786009e-06,1.2340755924224065,0.005000000000038437,0.7808344681283977,0.12027706040741074
0.9090000000000007,0.019513165649724253,0.0,0.25124511425693774,9.99970409786009e-06,1.2343993711666854,0.005000000000038492,0.7802277391866498,0.12020241511394436
0.9095000000000006,0.01951754064972425,0.0,0.2517543113848859,9.99970409786009e-06,1.2347231420118978,0.005000000000038547,0.7796201864162497,0.1201279089757395
0.9100000000000006,0.019521915649724247,0.0,0.2522648035987564,9.99970409786009e-06,1.2350469060850282,0.005000000000038602,0.7790118077594237,0.12005341306607983
0.9105000000000005,0.01952629064972425,0.0,0.2527764813060184,9.99970409786009e-06,1.235370664357628,0.005000000000038657,0.7784026014393951,0.11997881611255426
0.9110000000000007,0.01953066564972425,0.0,0.25328934466450054,9.99970409786009e-06,1.235694416845932,0.005000000000038711,0.7777925674706241,0.11990411831320724
0.9115000000000006,0.01953504064972425,0.0,0.25380339382726536,9.99970409786009e-06,1.2360181635661742,0.005000000000038767,0.7771817058674025,0.11982931986105808
0.9120000000000006,0.01953941564972425,0.0,0.2543186289423447,9.99970409786009e-06,1.2363419045345887,0.0050000000000388215,0.7765700166438534,0.1197544209438331
0.9125000000000005,0.01954379064972425,0.0,0.2548350501527151,9.99970409786009e-06,1.23666563976741,0.005000000000038877,0.77595749981393,0.11967942174394147
0.9130000000000007,0.01954816564972425,0.0,0.2553526575964235,9.99970409786009e-06,1.2369893692808727,0.0050000000000389325,0.7753441553914167,0.11960432243860136
0.9135000000000006,0.01955254064972425,0.0,0.25587145140647266,9.99970409786009e-06,1.2373130930912104,0.005000000000038987,0.77472998338993,0.11952912319972697
0.9140000000000006,0.019556915649724248,0.0,0.25639143171070666,9.99970409786009e-06,1.2376368112146576,0.005000000000039043,0.7741149838229167,0.11945382419381101
0.9145000000000005,0.01956129064972425,0.0,0.25691259863196697,9.99970409786009e-06,1.237960523667449,0.005000000000039098,0.773499156703654,0.1193784255820822
0.9150000000000007,0.01956566564972425,0.0,0.2574349522879481,9.99970409786009e-06,1.2382842304658184,0.005000000000039154,0.772882502045251,0.11930292752036206
0.9155000000000006,0.01957004064972425,0.0,0.25795849279117306,9.99970409786009e-06,1.2386079316260001,0.00500000000003921,0.7722650198606482,0.11922733015903825
0.9160000000000006,0.01957441564972425,0.0,0.25848322024909043,9.99970409786009e-06,1.2389316271642286,0.005000000000039266,0.7716467101626163,0.11915163364316425
0.9165000000000005,0.01957879064972425,0.0,0.2590091347637778,9.99970409786009e-06,1.2392553170967382,0.005000000000039321,0.771027572963757,0.11907583811215883
0.9170000000000007,0.01958316564972425,0.0,0.25953623643234214,9.99970409786009e-06,1.239579001439763,0.0050000000000393775,0.7704076082765042,0.1189999437002113
0.9175000000000006,0.01958754064972425,0.0,0.26006452534644076,9.99970409786009e-06,1.2399026802095374,0.005000000000039433,0.7697868161131217,0.11892395053579816
0.9180000000000006,0.019591915649724248,0.0,0.2605940015925919,9.99970409786009e-06,1.2402263534222955,0.005000000000039489,0.7691651964857056,0.11884785874199746
0.9185000000000005,0.01959629064972425,0.0,0.26112466525202904,9.99970409786009e-06,1.2405500210942717,0.005000000000039546,0.7685427494061817,0.11877166843633996
0.9190000000000007,0.01960066564972425,0.0,0.2616565164006166,9.99970409786009e-06,1.2408736832417004,0.005000000000039601,0.7679194748863079,0.11869537973072644
0.9195000000000007,0.01960504064972425,0.0,0.2621895551088872,9.99970409786009e-06,1.2411973398808158,0.005000000000039658,0.7672953729376728,0.11861899273146431
0.9200000000000006,0.01960941564972425,0.0,0.2627237814420789,9.99970409786009e-06,1.241520991027852,0.005000000000039714,0.766670443571697,0.11854250753930626
0.9205000000000005,0.01961379064972425,0.0,0.26325919545995935,9.99970409786009e-06,1.2418446366990434,0.00500000000003977,0.7660446867996308,0.11846592424927221
0.9210000000000007,0.01961816564972425,0.0,0.2637957972170164,9.99970409786009e-06,1.2421682769106246,0.005000000000039827,0.7654181026325562,0.11838924295084183
0.9215000000000007,0.01962254064972425,0.0,0.26433358676228175,9.99970409786009e-06,1.242491911678829,0.005000000000039884,0.7647906910813878,0.11831246372777829
0.9220000000000006,0.01962691564972425,0.0,0.26487256413918514,9.99970409786009e-06,1.242815541019892,0.00500000000003994,0.7641624521568686,0.11823558665797931
0.9225000000000005,0.01963129064972425,0.0,0.2654127293859296,9.99970409786009e-06,1.243139164950047,0.005000000000039998,0.7635333858695754,0.11815861181385717
0.9230000000000007,0.01963566564972425,0.0,0.2659540825349776,9.99970409786009e-06,1.2434627834855287,0.005000000000040054,0.7629034922299143,0.11808153926182005
0.9235000000000007,0.01964004064972425,0.0,0.26649662361351933,9.99970409786009e-06,1.2437863966425713,0.005000000000040111,0.7622727712481236,0.11800436906274608
0.9240000000000006,0.01964441564972425,0.0,0.26704035264295783,9.99970409786009e-06,1.244110004437409,0.005000000000040168,0.7616412229342727,0.11792710127146178
0.9245000000000005,0.01964879064972425,0.0,0.2675852696393476,9.99970409786009e-06,1.244433606886276,0.005000000000040225,0.7610088472982619,0.117849735937186
0.9250000000000007,0.01965316564972425,0.0,0.26813137461300235,9.99970409786009e-06,1.244757204005407,0.005000000000040282,0.7603756443498225,0.11777227310313468
0.9255000000000007,0.01965754064972425,0.0,0.2686786675686878,9.99970409786009e-06,1.2450807958110357,0.005000000000040339,0.7597416140985177,0.11769471280671523
0.9260000000000006,0.01966191564972425,0.0,0.2692271485055375,9.99970409786009e-06,1.2454043823193968,0.005000000000040397,0.7591067565537414,0.11761705507944234
0.9265000000000005,0.01966629064972425,0.0,0.2697768174170609,9.99970409786009e-06,1.2457279635467244,0.005000000000040454,0.7584710717247187,0.11753929994694456
0.9270000000000007,0.01967066564972425,0.0,0.2703276742910593,9.99970409786009e-06,1.2460515395092528,0.005000000000040512,0.7578345596205063,0.11746144742888223
0.9275000000000007,0.01967504064972425,0.0,0.270879719109572,9.99970409786009e-06,1.2463751102232163,0.005000000000040569,0.757197220249992,0.11738349753889105
0.9280000000000006,0.01967941564972425,0.0,0.2714329518490088,9.99970409786009e-06,1.2466986757048493,0.005000000000040627,0.7565590536218945,0.11730545028471842
0.9285000000000005,0.01968379064972425,0.0,0.271987372480004,9.99970409786009e-06,1.2470222359703858,0.005000000000040685,0.7559200597447642,0.1172273056680731
0.9290000000000007,0.01968816564972425,0.0,0.27254298096742474,9.99970409786009e-06,1.2473457910360604,0.005000000000040743,0.7552802386269822,0.11714906368463723
0.9295000000000007,0.019692540649724248,0.0,0.2730997772702869,9.99970409786009e-06,1.247669340918107,0.0050000000000408,0.754639590276762,0.11707072432397964
0.9300000000000006,0.01969691564972425,0.0,0.2736577613419506,9.99970409786009e-06,1.2479928856327602,0.005000000000040858,0.7539981147021468,0.11699228756975347
0.9305000000000005,0.01970129064972425,0.0,0.27421693312978684,9.99970409786009e-06,1.2483164251962542,0.005000000000040916,0.7533558119110124,0.11691375339936083
0.9310000000000007,0.01970566564972425,0.0,0.2747772925754049,9.99970409786009e-06,1.2486399596248232,0.005000000000040974,0.7527126819110651,0.11683512178418207
0.9315000000000007,0.01971004064972425,0.0,0.2753388396144741,9.99970409786009e-06,1.2489634889347014,0.005000000000041032,0.7520687247098432,0.11675639268939564
0.9320000000000006,0.01971441564972425,0.0,0.27590157417676453,9.99970409786009e-06,1.2492870131421232,0.005000000000041091,0.7514239403147156,0.11667756607402041
0.9325000000000006,0.01971879064972425,0.0,0.2764654961862193,9.99970409786009e-06,1.2496105322633229,0.0050000000000411495,0.7507783287328826,0.11659864189098726
0.9330000000000007,0.01972316564972425,0.0,0.27703060556071346,9.99970409786009e-06,1.249934046314535,0.005000000000041208,0.7501318899713756,0.11651962008689756
0.9335000000000007,0.01972754064972425,0.0,0.27759690221225175,9.99970409786009e-06,1.2502575553119932,0.005000000000041267,0.7494846240370586,0.11644050060222313
0.9340000000000006,0.01973191564972425,0.0,0.27816438604682164,9.99970409786009e-06,1.2505810592719322,0.005000000000041325,0.7488365309366256,0.11636128337115548
0.9345000000000006,0.01973629064972425,0.0,0.27873305696440315,9.99970409786009e-06,1.2509045582105862,0.005000000000041384,0.7481876106766022,0.1162819683216193
0.9350000000000007,0.01974066564972425,0.0,0.27930291485891584,9.99970409786009e-06,1.2512280521441894,0.005000000000041443,0.7475378632633458,0.11620255537521704
0.9355000000000007,0.019745040649724252,0.0,0.27987395961829203,9.99970409786009e-06,1.2515515410889761,0.005000000000041502,0.7468872887030445,0.11612304444730392
0.9360000000000006,0.01974941564972425,0.0,0.2804461911242661,9.99970409786009e-06,1.2518750250611808,0.005000000000041561,0.7462358870017183,0.11604343544677492
0.9365000000000006,0.01975379064972425,0.0,0.28101960925273245,9.99970409786009e-06,1.2521985040770374,0.00500000000004162,0.7455836581652182,0.11596372827642679
0.9370000000000007,0.01975816564972425,0.0,0.28159421387315525,9.99970409786009e-06,1.2525219781527805,0.005000000000041679,0.7449306021992266,0.11588392283236151
0.9375000000000007,0.01976254064972425,0.0,0.282170004849085,9.99970409786009e-06,1.2528454473046442,0.0050000000000417376,0.7442767191092576,0.11580401900451029
0.9380000000000006,0.01976691564972425,0.0,0.2827469820378844,9.99970409786009e-06,1.2531689115488627,0.005000000000041797,0.7436220089006567,0.1157240166763536
0.9385000000000006,0.01977129064972425,0.0,0.2833251452906441,9.99970409786009e-06,1.2534923709016705,0.005000000000041856,0.7429664715785995,0.11564391572483906
0.9390000000000007,0.01977566564972425,0.0,0.2839044944523518,9.99970409786009e-06,1.253815825379302,0.005000000000041916,0.7423101071480949,0.11556371602055149
0.9395000000000007,0.019780040649724252,0.0,0.2844850293617127,9.99970409786009e-06,1.254139274997991,0.005000000000041975,0.7416529156139822,0.11548341742753171
0.9400000000000006,0.01978441564972425,0.0,0.28506674985122454,9.99970409786009e-06,1.254462719773972,0.005000000000042035,0.7409948969809321,0.11540301980335288
0.9405000000000006,0.019788790649724247,0.0,0.28564965574715634,9.99970409786009e-06,1.2547861597234793,0.005000000000042095,0.7403360512534468,0.11532252299909851
0.9410000000000007,0.01979316564972425,0.0,0.2862337468694645,9.99970409786009e-06,1.2551095948627473,0.005000000000042155,0.7396763784358598,0.11524192685927759
0.9415000000000007,0.01979754064972425,0.0,0.28681902303174034,9.99970409786009e-06,1.25543302520801,0.005000000000042215,0.7390158785323366,0.1151612312217753
0.9420000000000006,0.01980191564972425,0.0,0.28740548404134864,9.99970409786009e-06,1.255756450775502,0.0050000000000422744,0.738354551546873,0.11508043591798756
0.9425000000000006,0.01980629064972425,0.0,0.28799312969931234,9.99970409786009e-06,1.2560798715814572,0.005000000000042334,0.7376923974832976,0.11499954077270971
0.9430000000000007,0.01981066564972425,0.0,0.28858195980016327,9.99970409786009e-06,1.2564032876421105,0.005000000000042394,0.7370294163452686,0.11491854560398276
0.9435000000000007,0.01981504064972425,0.0,0.2891719741322108,9.99970409786009e-06,1.2567266989736954,0.005000000000042455,0.7363656081362784,0.11483745022336761
0.9440000000000006,0.01981941564972425,0.0,0.2897631724773289,9.99970409786009e-06,1.2570501055924466,0.005000000000042515,0.7357009728596483,0.11475625443572704
0.9445000000000006,0.019823790649724247,0.0,0.2903555546108081,9.99970409786009e-06,1.2573735075145984,0.005000000000042575,0.7350355105185318,0.11467495803907904
0.9450000000000007,0.019828165649724252,0.0,0.29094912030178444,9.99970409786009e-06,1.257696904756385,0.005000000000042636,0.7343692211159144,0.11459356082502872
0.9455000000000007,0.01983254064972425,0.0,0.2915438693126091,9.99970409786009e-06,1.2580202973340409,0.005000000000042696,0.7337021046546126,0.11451206257813398
0.9460000000000006,0.01983691564972425,0.0,0.2921398013994399,9.99970409786009e-06,1.2583436852637997,0.005000000000042757,0.7330341611372753,0.1144304630764997
0.9465000000000006,0.01984129064972425,0.0,0.29273691631173815,9.99970409786009e-06,1.2586670685618964,0.005000000000042817,0.7323653905663808,0.11434876209127265
0.9470000000000007,0.019845665649724252,0.0,0.2933352137924421,9.99970409786009e-06,1.2589904472445652,0.005000000000042879,0.7316957929442403,0.11426695938681528
0.9475000000000007,0.01985004064972425,0.0,0.29393469357807656,9.99970409786009e-06,1.25931382132804,0.00500000000004294,0.7310253682729975,0.11418505472081872
0.9480000000000006,0.01985441564972425,0.0,0.2945353553986043,9.99970409786009e-06,1.259637190828555,0.005000000000043,0.7303541165546259,0.11410304784414979
0.9485000000000006,0.019858790649724248,0.0,0.2951371989771798,9.99970409786009e-06,1.259960555762345,0.005000000000043061,0.7296820377909309,0.1140209385006048
0.9490000000000007,0.01986316564972425,0.0,0.2957402240306474,9.99970409786009e-06,1.260283916145644,0.005000000000043123,0.7290091319835493,0.11393872642741193
0.9495000000000007,0.01986754064972425,0.0,0.2963444302690689,9.99970409786009e-06,1.2606072719946864,0.005000000000043184,0.7283353991339503,0.1138564113547553
0.9500000000000006,0.01987191564972425,0.0,0.29694981739583326,9.99970409786009e-06,1.2609306233257063,0.005000000000043245,0.7276608392434336,0.11377399300588437
0.9505000000000006,0.01987629064972425,0.0,0.29755638510779997,9.99970409786009e-06,1.2612539701549381,0.005000000000043307,0.7269854523131308,0.11369147109726085
0.9510000000000007,0.019880665649724252,0.0,0.2981641330950196,9.99970409786009e-06,1.261577312498616,0.005000000000043368,0.7263092383440055,0.1136088453382747
0.9515000000000007,0.01988504064972425,0.0,0.29877306104097545,9.99970409786009e-06,1.2619006503729742,0.00500000000004343,0.7256321973368526,0.11352611543149085
0.9520000000000006,0.01988941564972425,0.0,0.29938316862230324,9.99970409786009e-06,1.2622239837942473,0.005000000000043491,0.7249543292922973,0.11344328107236215
0.9525000000000006,0.019893790649724248,0.0,0.2999944555090007,9.99970409786009e-06,1.262547312778669,0.005000000000043553,0.7242756342107989,0.11336034194944697
0.9530000000000007,0.01989816564972425,0.0,0.3006069213642452,9.99970409786009e-06,1.2628706373424745,0.0050000000000436145,0.723596112092645,0.11327729774421916
0.9535000000000007,0.01990254064972425,0.0,0.3012205658445714,9.99970409786009e-06,1.2631939575018971,0.005000000000043677,0.7229157629379583,0.11319414813125353
0.9540000000000006,0.01990691564972425,0.0,0.301835388599492,9.99970409786009e-06,1.2635172732731714,0.0050000000000437386,0.7222345867466908,0.11311089277783784
0.9545000000000006,0.019911290649724248,0.0,0.3024513892718721,9.99970409786009e-06,1.263840584672532,0.005000000000043801,0.7215525835186258,0.11302753134435511
0.9550000000000007,0.019915665649724253,0.0,0.30306861639674604,9.99970409786009e-06,1.2641638913286881,0.0050000000000438635,0.7208697540723402,0.11294411322368425
0.9555000000000007,0.01992004064972425,0.0,0.3036870365107346,9.99970409786009e-06,1.2644871935210487,0.005000000000043925,0.7201860978534373,0.1128606044021816
0.9560000000000006,0.01992441564972425,0.0,0.304306641389206,9.99970409786009e-06,1.2648104913282905,0.0050000000000439875,0.7195016147298776,0.11277699653749881
0.9565000000000006,0.01992879064972425,0.0,0.30492743106200465,9.99970409786009e-06,1.2651337847635629,0.00500000000004405,0.7188163047077949,0.11269328968342562
0.9570000000000007,0.01993316564972425,0.0,0.3055494055540003,9.99970409786009e-06,1.2654570738400144,0.005000000000044112,0.7181301677931886,0.11260948388856878
0.9575000000000007,0.01993754064972425,0.0,0.3061725648846126,9.99970409786009e-06,1.265780358570794,0.005000000000044176,0.7174432039919205,0.1125255791958727
0.9580000000000006,0.01994191564972425,0.0,0.30679690906799345,9.99970409786009e-06,1.2661036389690512,0.005000000000044238,0.7167554133097154,0.11244157564280297
0.9585000000000006,0.01994629064972425,0.0,0.3074224381130121,9.99970409786009e-06,1.2664269150479341,0.005000000000044301,0.7160667957521636,0.1123574732613325
0.9590000000000007,0.019950665649724253,0.0,0.3080491520231744,9.99970409786009e-06,1.2667501868205926,0.005000000000044364,0.7153773513247158,0.1122732720778569
0.9595000000000007,0.01995504064972425,0.0,0.30867705079664054,9.99970409786009e-06,1.2670734543001747,0.005000000000044427,0.71468708003269,0.11218897211321915
0.9600000000000006,0.019959415649724248,0.0,0.30930613442621047,9.99970409786009e-06,1.26739671749983,0.00500000000004449,0.7139959818812645,0.11210457338268734
0.9605000000000006,0.01996379064972425,0.0,0.309936402899342,9.99970409786009e-06,1.2677199764327074,0.005000000000044553,0.7133040568754824,0.11202007589597757
0.9610000000000007,0.01996816564972425,0.0,0.31056785619807015,9.99970409786009e-06,1.2680432311119556,0.005000000000044616,0.7126113050202509,0.11193547965717268
0.9615000000000007,0.01997254064972425,0.0,0.31120049429902524,9.99970409786009e-06,1.2683664815507238,0.00500000000004468,0.71191772632034,0.11185078466473913
0.9620000000000006,0.01997691564972425,0.0,0.3118343171734849,9.99970409786009e-06,1.2686897277621607,0.005000000000044743,0.7112233207803839,0.1117659909115809
0.9625000000000006,0.01998129064972425,0.0,0.3124693247871264,9.99970409786009e-06,1.2690129697594155,0.005000000000044806,0.7105280884048792,0.1116810983847881
0.9630000000000007,0.01998566564972425,0.0,0.3131055171003116,9.99970409786009e-06,1.2693362075556374,0.0050000000000448705,0.7098320291981866,0.11159610706592513
0.9635000000000007,0.01999004064972425,0.0,0.3137428940680398,9.99970409786009e-06,1.2696594411639746,0.005000000000044934,0.7091351431645319,0.11151101693098625
0.9640000000000006,0.019994415649724248,0.0,0.314381455639532,9.99970409786009e-06,1.2699826705975765,0.005000000000044998,0.7084374303080019,0.11142582794997119
0.9645000000000006,0.01999879064972425,0.0,0.3150212017588183,9.99970409786009e-06,1.2703058958695923,0.005000000000045061,0.7077388906325485,0.11134054008748112
0.9650000000000007,0.02000316564972425,0.0,0.31566213236422164,9.99970409786009e-06,1.2706291169931707,0.0050000000000451255,0.7070395241419869,0.11125515330219751
0.9655000000000007,0.02000754064972425,0.0,0.31630424738871177,9.99970409786009e-06,1.2709523339814606,0.00500000000004519,0.7063393308399961,0.11116966754723992
0.9660000000000006,0.020011915649724252,0.0,0.316947546759556,9.99970409786009e-06,1.271275546847611,0.005000000000045254,0.7056383107301186,0.11108408276981144
0.9665000000000006,0.02001629064972425,0.0,0.3175920303985056,9.99970409786009e-06,1.271598755604771,0.005000000000045318,0.7049364638157596,0.11099839891138943
0.9670000000000007,0.02002066564972425,0.0,0.31823769822191644,9.99970409786009e-06,1.2719219602660894,0.005000000000045382,0.7042337901001892,0.11091261590784607
0.9675000000000007,0.02002504064972425,0.0,0.3188845501403317,9.99970409786009e-06,1.2722451608447152,0.005000000000045446,0.7035302895865407,0.11082673368902735
0.9680000000000006,0.02002941564972425,0.0,0.31953258605887064,9.99970409786009e-06,1.2725683573537974,0.0050000000000455114,0.7028259622778105,0.11074075217914761
0.9685000000000006,0.02003379064972425,0.0,0.3201818058769797,9.99970409786009e-06,1.2728915498064848,0.005000000000045576,0.7021208081768593,0.11065467129653417
0.9690000000000007,0.02003816564972425,0.0,0.32083220948848534,9.99970409786009e-06,1.2732147382159267,0.005000000000045641,0.7014148272864107,0.11056849095368543
0.9695000000000007,0.02004254064972425,0.0,0.32148379678161393,9.99970409786009e-06,1.2735379225952717,0.005000000000045705,0.7007080196090527,0.11048221105728856
0.9700000000000006,0.020046915649724252,0.0,0.32213656763891013,9.99970409786009e-06,1.2738611029576687,0.00500000000004577,0.7000003851472366,0.1103958315081377
0.9705000000000006,0.02005129064972425,0.0,0.3227905219371895,9.99970409786009e-06,1.2741842793162672,0.005000000000045835,0.6992919239032767,0.11030935220108617
0.9710000000000008,0.02005566564972425,0.0,0.323445659547761,9.99970409786009e-06,1.2745074516842159,0.0050000000000459,0.6985826358793517,0.11022277302527111
0.9715000000000007,0.02006004064972425,0.0,0.3241019803361769,9.99970409786009e-06,1.2748306200746633,0.005000000000045965,0.6978725210775043,0.11013609386386256
0.9720000000000006,0.02006441564972425,0.0,0.32475948416211636,9.99970409786009e-06,1.275153784500759,0.00500000000004603,0.6971615794996395,0.11004931459394365
0.9725000000000006,0.02006879064972425,0.0,0.3254181708798135,9.99970409786009e-06,1.2754769449756516,0.005000000000046096,0.6964498111475274,0.1099624350869444
0.9730000000000008,0.02007316564972425,0.0,0.32607804033763604,9.99970409786009e-06,1.2758001015124902,0.005000000000046161,0.6957372160228004,0.10987545520821704
0.9735000000000007,0.02007754064972425,0.0,0.32673909237817356,9.99970409786009e-06,1.2761232541244236,0.005000000000046227,0.6950237941269559,0.10978837481712364
0.9740000000000006,0.02008191564972425,0.0,0.32740132683829193,9.99970409786009e-06,1.276446402824601,0.005000000000046292,0.6943095454613538,0.10970119376709273
0.9745000000000006,0.02008629064972425,0.0,0.328064743549154,9.99970409786009e-06,1.2767695476261711,0.005000000000046358,0.6935944700272184,0.1096139119056384
0.9750000000000008,0.02009066564972425,0.0,0.3287293423360014,9.99970409786009e-06,1.2770926885422833,0.005000000000046424,0.6928785678256367,0.10952652907414212
0.9755000000000007,0.02009504064972425,0.0,0.329395125164152,9.99970409786009e-06,1.277415825569775,0.00500000000004649,0.6921618388937607,0.10943904729190831
0.9760000000000006,0.02009941564972425,0.0,0.33006209369721506,9.99970409786009e-06,1.2777389587077959,0.005000000000046556,0.691444283263637,0.10935146827117773
0.9765000000000006,0.02010379064972425,0.0,0.3307302464496487,9.99970409786009e-06,1.2780620879793998,0.005000000000046622,0.6907259009141461,0.1092637905190918
0.9770000000000008,0.02010816564972425,0.0,0.3313995832996628,9.99970409786009e-06,1.2783852133972202,0.005000000000046688,0.6900066918471366,0.10917601393061122
0.9775000000000007,0.020112540649724252,0.0,0.3320701041201092,9.99970409786009e-06,1.2787083349738892,0.005000000000046754,0.6892866560643294,0.10908813839513917
0.9780000000000006,0.02011691564972425,0.0,0.33274180877819476,9.99970409786009e-06,1.2790314527220397,0.00500000000004682,0.6885657935673126,0.10900016379623062
0.9785000000000006,0.02012129064972425,0.0,0.3334146971354684,9.99970409786009e-06,1.2793545666543045,0.005000000000046887,0.6878441043575431,0.1089120900115769
0.9790000000000008,0.02012566564972425,0.0,0.33408876904801454,9.99970409786009e-06,1.2796776767833162,0.005000000000046953,0.6871215884363475,0.10882391691320659
0.9795000000000007,0.02013004064972425,0.0,0.33476402436609665,9.99970409786009e-06,1.2800007831217077,0.00500000000004702,0.6863982458049216,0.10873564436712116
0.9800000000000006,0.02013441564972425,0.0,0.33544046293466107,9.99970409786009e-06,1.2803238856821113,0.005000000000047087,0.6856740764643303,0.10864727223380594
0.9805000000000006,0.02013879064972425,0.0,0.3361180845927043,9.99970409786009e-06,1.2806469844771602,0.005000000000047153,0.6849490804155065,0.10855880036759033
0.9810000000000008,0.02014316564972425,0.0,0.33679688917377754,9.99970409786009e-06,1.2809700795194867,0.00500000000004722,0.6842232576592533,0.10847022861715877
0.9815000000000007,0.020147540649724252,0.0,0.3374768766306665,9.99970409786009e-06,1.2812931708207849,0.005000000000047288,0.683496608198355,0.1083815569524614
0.9820000000000007,0.02015191564972425,0.0,0.33815804749059386,9.99970409786009e-06,1.2816162583883999,0.005000000000047355,0.682769132045272,0.10829278592806982
0.9825000000000006,0.02015629064972425,0.0,0.33884040160533707,9.99970409786009e-06,1.281939342234719,0.005000000000047421,0.682040829201016,0.10820391541094707
0.9830000000000008,0.02016066564972425,0.0,0.3395239389514595,9.99970409786009e-06,1.282262422371153,0.005000000000047489,0.6813116996686754,0.10811494539498098
0.9835000000000007,0.02016504064972425,0.0,0.340208659500333,9.99970409786009e-06,1.2825854988091125,0.005000000000047557,0.6805817434512202,0.10802587586868248
0.9840000000000007,0.02016941564972425,0.0,0.340894563218579,9.99970409786009e-06,1.2829085715600084,0.0050000000000476235,0.6798509605515025,0.10793670681563258
0.9845000000000006,0.02017379064972425,0.0,0.34158165006750063,9.99970409786009e-06,1.283231640635251,0.005000000000047691,0.679119350972256,0.10784743821390885
0.9850000000000008,0.02017816564972425,0.0,0.34226992000331524,9.99970409786009e-06,1.283554706046252,0.005000000000047759,0.6783869147160945,0.10775807003631935
0.9855000000000007,0.020182540649724252,0.0,0.3429593729773179,9.99970409786009e-06,1.2838777678044209,0.005000000000047827,0.6776536517855172,0.10766860225056996
0.9860000000000007,0.02018691564972425,0.0,0.34365000893545167,9.99970409786009e-06,1.2842008259211692,0.005000000000047895,0.676919562182901,0.10757903481882797
0.9865000000000006,0.02019129064972425,1.0,0.344341838739879,0.0006760425609427013,1.2845238803267103,0.005000034476835561,0.6761846460953274,0.10748937881588239
0.9870000000000008,0.02019566564972425,1.0,0.3468703985295074,0.012629280752079673,1.2848333157941476,0.005404507948434016,0.6754799288548455,0.10926818687436948
0.9875000000000007,0.02020004064972425,1.0,0.36701787229818267,0.024439542363454303,1.2850143753860352,0.008338767250739034,0.6750672232932328,0.12897640989314807
0.9880000000000007,0.02020441564972425,1.0,0.410869126518733,0.03610853762428167,1.285035686785924,0.016548768889168508,0.6750186290339064,0.17277593595363638
0.9885000000000006,0.02020879064972425,1.0,0.47450142605228096,0.04763795613054805,1.284946363628988,0.032566313373533565,0.6752222794184664,0.23662500780563175
0.9890000000000008,0.020213165649724252,1.0,0.5729768658049162,0.05902946775309206,1.284680241981634,0.05823523108204579,0.675828639301113,0.33574569493128426
0.9895000000000007,0.020217540649724253,1.0,0.7353940702674702,0.07028472166153249,1.2841306473499732,0.09428242238533979,0.6770791009459407,0.499492691115213
0.9900000000000007,0.02022191564972425,1.0,1.0003864399816076,0.08140534781864343,1.2832141968963862,0.14009414924883912,0.6791588747053401,0.7666941795210662
0.9905000000000006,0.020226290649724248,1.0,1.3787052847334105,0.09239295657560995,1.2820242165546833,0.19391793666607246,0.6818493651068682,1.1478659831451374
0.9910000000000008,0.020230665649724252,1.0,1.8380030687651838,0.10324913898759731,1.2807682935912912,0.2533346042278994,0.6846766612553381,1.6101558172248913
0.9915000000000007,0.02023504064972425,1.0,2.3451469198224424,0.11397546704880737,1.2795637594745148,0.3156494433022911,0.6873764175539024,2.120150956004384
0.9920000000000007,0.02023941564972425,1.0,2.882721576109029,0.12457349391247383,1.278439387055478,0.3782744970084518,0.6898860309446788,2.660370946273628
0.9925000000000006,0.02024379064972425,1.0,3.4406816437813914,0.13504475476949496,1.2773972209561104,0.43905450764162934,0.6922031272233075,3.2207689701704183
0.9930000000000008,0.020248165649724252,1.0,4.010677395094931,0.14539076116144936,1.276436111281708,0.4964251522442787,0.6943323055177887,3.7930011491045015
0.9935000000000007,0.02025254064972425,1.0,4.584638572284079,0.15561302222501636,1.2755557211112445,0.5494165411902152,0.6962761782514482,4.369000895517657
0.9940000000000007,0.02025691564972425,1.0,5.15542628620799,0.16571301337883437,1.2747549954694184,0.5975619496721776,0.6980387698583995,4.941634384905921
0.9945000000000006,0.020261290649724248,1.0,5.716941504333946,0.17569218882432766,1.2740321309829146,0.6407732328387458,0.699625564755851,5.504809084637503
0.9950000000000008,0.020265665649724252,1.0,6.263853671051978,0.18555199746026962,1.273385177652195,0.6792187716235591,0.7010421785603113,6.053200980705922
0.9955000000000007,0.02027004064972425,1.0,6.792000149830716,0.19529387768111034,1.2728113381681472,0.713220510634418,0.7022958950676194,6.582655626707706
0.9960000000000007,0.02027441564972425,1.0,7.29848159465885,0.20491923132275427,1.2723069012302604,0.7431777011215037,0.7033958061694929,7.090283658373745
0.9965000000000006,0.02027879064972425,1.0,7.781236156811029,0.21442944814831355,1.2718679688966192,0.7695155689533071,0.7043512299521075,7.574033353354516
0.9970000000000008,0.020283165649724252,1.0,8.238876504942722,0.22382590585105225,1.2714906304980587,0.7926524581608737,0.7051713502070663,8.032527284971408
0.9975000000000007,0.02028754064972425,1.0,8.670863844502422,0.23310998277349484,1.2711706099903204,0.812980616884242,0.7058660011099103,8.465237167543048
0.9980000000000007,0.02029191564972425,1.0,9.076980952582925,0.2422830076577132,1.2709039816622183,0.8308571591935764,0.706444130878226,8.871955301922544
0.9985000000000006,0.020296290649724248,1.0,9.457460202591841,0.25134630348157516,1.2706868649560394,0.8466005595583712,0.7069144845610835,9.252923320683282
0.9990000000000008,0.02030066564972425,1.0,9.812940348646388,0.26030119099899507,1.270515406664713,0.8604909487689449,0.7072856590280996,9.608789037990721
0.9995000000000007,0.02030504064972425,1.0,10.144248257592121,0.269148969500941,1.2703860112387304,0.8727725411917179,0.7075656197056366,9.940387687387629
1.0,0.020309415649724244,1.0,10.45230191622763,0.27789091546923456,1.2702953927900418,0.8836569548937634,0.7077616025459081,10.248644834574678
