Time [s],Lmtc [m],STIM [ ],Fsee [N],Gamma [ ],Lcerel [ ],q [ ],fisomrel [ ],fce [N]
0.0,0.020809415649724244,1.0,10.153393752465664,0.3308891627114811,1.30821033624941,0.9400382763273418,0.6200255545161026,9.855724025698137
0.0005,0.020789415649724245,1.0,9.172523131338238,0.33889261456396186,1.3080870947459118,0.9441775742943855,0.6203293682040942,8.875187805484707
0.001,0.020769415649724246,1.0,8.385844961385427,0.34680033494556545,1.3077453909070478,0.9478680938846924,0.6211710975018734,8.0894358246416
0.0015,0.020749415649724243,1.0,7.759057255433517,0.35461346727530096,1.307207698149659,0.951170657713061,0.622493720790352,7.46410261082599
0.002,0.020729415649724244,1.0,7.26261084762061,0.36233314591747234,1.3064977720448678,0.9541371851833508,0.624236462926129,6.969571117188821
0.0025,0.020709415649724245,1.0,6.871664154020023,0.3699604856407596,1.3056390899040182,0.9568118525228194,0.6263389868905739,6.580932250505139
0.003,0.020689415649724246,1.0,6.5654422693701395,0.37749659228188365,1.30465420608979,0.9592322625901444,0.6287432588471988,6.277346143737654
0.0035,0.020669415649724243,1.0,6.3268828041648435,0.3849425591884597,1.303563813866439,0.9614303701300544,0.631396043643448,6.0416908213988485
0.004,0.020649415649724244,1.0,6.142809440352605,0.3922994598600387,1.3023851005653193,0.9634331516371021,0.634253003824407,5.86074028665055
0.0045000000000000005,0.020629415649724245,1.0,6.0018370013588855,0.39956836319616906,1.3011343487072005,0.9652638150463849,0.6372724161147607,5.723062732622685
0.005,0.020609415649724246,1.0,5.895309695829105,0.4067503210016926,1.2998245615923176,0.9669420470107573,0.6404209290638981,5.619965080769748
0.0055,0.020589415649724243,1.0,5.81631496655532,0.41384637177554084,1.2984666376829912,0.9684847316823104,0.6436706647608402,5.544503638288718
0.006,0.020569415649724244,1.0,5.759021934525723,0.42085754730261493,1.297070193155295,0.9699064851956566,0.6469972013547027,5.490820326153254
0.006500000000000001,0.020549415649724245,1.0,5.719302470602657,0.42778485773565633,1.2956421824461692,0.9712198162488178,0.6503827998338639,5.45476722489874
0.007,0.020529415649724245,1.0,5.693497191317774,0.43462930719998066,1.2941889665407513,0.9724356868678997,0.6538114078627388,5.432667116997076
0.0075,0.020509415649724243,1.0,5.6786307550074495,0.4413918914643716,1.292715820728972,0.9735636694937712,0.6572697931798575,5.421529994781359
0.008,0.020489415649724244,1.0,5.672653402547685,0.44807358422803506,1.2912264211726805,0.9746120801742034,0.6607486864438101,5.419295804283951
0.0085,0.020469415649724244,1.0,5.673740674261851,0.4546753518342706,1.2897240836441721,0.9755882835413987,0.664239821426179,5.4241309462420935
0.009000000000000001,0.020449415649724245,1.0,5.680288335750004,0.4611981592025715,1.2882117483072515,0.9764988144481181,0.66773595255071,5.434423212321081
0.0095,0.020429415649724246,1.0,5.691258611246738,0.46764294566187964,1.2866913302325542,0.9773494159460329,0.6712323246779541,5.449129577658223
0.01,0.020409415649724243,1.0,5.705799415364993,0.4740106397131784,1.2851644090181007,0.9781452077419476,0.6747250393174296,5.467393663886402
0.0105,0.020389415649724244,1.0,5.723119681468341,0.4803021626624759,1.2836324521192861,0.9788907826017691,0.6782105284192035,5.488420499178185
0.011,0.020369415649724245,1.0,5.742532191977862,0.48651843986858984,1.2820967334954612,0.9795902626269808,0.6816857318047631,5.511519533534147
0.0115,0.020349415649724246,1.0,5.7636221223213715,0.4926603658356101,1.280558026041714,0.9802473232974244,0.6851487760943078,5.536273894647306
0.012,0.020329415649724243,1.0,5.786070088530021,0.4987288206087828,1.2790169254215504,0.9808652745017523,0.6885982213132198,5.562362626290332
0.0125,0.020309415649724244,1.0,5.809554691430427,0.5047246842333539,1.2774740272984764,0.9814471173922203,0.6920326566990576,5.589462802214275
0.013000000000000001,0.020289415649724245,1.0,5.833804992279889,0.5106488209487103,1.2759298319558674,0.9819955686614382,0.6954509113472271,5.61730222271577
0.0135,0.020269415649724246,1.0,5.858582083274148,0.5165021140513119,1.2743847780990192,0.9825130975450348,0.698851974190208,5.645640898543075
0.014,0.020249415649724243,1.0,5.883763669046375,0.522285400088314,1.272839091131577,0.9830019338826077,0.7022353214019801,5.674355971966183
0.0145,0.020229415649724244,1.0,5.90925203437562,0.5279995041745625,1.2712929504871775,0.9834641091407094,0.7056005400638474,5.7033492863958895
0.015,0.020209415649724245,1.0,5.934948621989776,0.5336452514249037,1.2697465355994573,0.983901480978213,0.7089472261283629,5.732521856913126
0.0155,0.020189415649724245,1.0,5.960754015411296,0.5392234669541833,1.2682000259020534,0.9843157505813581,0.7122749844245515,5.761773853122762
0.016,0.020169415649724243,1.0,5.986610482668434,0.5447349304407958,1.2666535249525626,0.9847084690120618,0.7155835905214925,5.791047309790882
0.0165,0.020149415649724244,1.0,6.01243678542786,0.5501805115456394,1.2651071772398514,0.9850810712656985,0.7188727383036719,5.820260673985877
0.017,0.020129415649724244,1.0,6.038211574318542,0.5555609724245523,1.2635610196830056,0.9854348610546807,0.7221423556146174,5.849392525326224
0.0175,0.020109415649724245,1.0,6.063914821921591,0.5608770726819228,1.2620150865485933,0.9857710387691802,0.7253923776837327,5.878422773889766
0.018000000000000002,0.020089415649724246,1.0,6.089526340278522,0.5661295719221393,1.2604694121031825,0.9860907113954345,0.7286227414344899,5.907331171834992
0.0185,0.020069415649724243,1.0,6.115025783064808,0.5713192297495906,1.2589240306133418,0.9863949010252402,0.731833385483765,5.93609731557356
0.019,0.020049415649724244,1.0,6.140392648073784,0.5764468057686649,1.2573789763456398,0.9866845524860672,0.7350242501410824,5.964700648253041
0.0195,0.020029415649724245,1.0,6.165610176983325,0.5815130206524538,1.2558342767194914,0.9869605370490474,0.7381952914216587,5.993124373668866
0.02,0.020009415649724246,1.0,6.19067066868922,0.5865186243576945,1.2542899430650856,0.987223663202462,0.7413464994238221,6.021360787860065
0.0205,0.019989415649724243,1.0,6.215564470968396,0.5914644211345739,1.2527459900534592,0.9874746846940018,0.7444778580475868,6.04940022983326
0.021,0.019969415649724244,1.0,6.24029069292391,0.5963510919744711,1.2512024169560525,0.9877142924520206,0.7475893828617501,6.0772418319709045
0.021500000000000002,0.019949415649724245,1.0,6.264848458356717,0.6011793178687657,1.249659223044305,0.9879431288915469,0.7506810893956557,6.104884741292323
0.022,0.019929415649724246,1.0,6.289236905692428,0.6059497798088369,1.2481164075896571,0.9881617919211784,0.7537529931392125,6.132328119380502
0.0225,0.019909415649724243,1.0,6.313455187909858,0.6106631587860644,1.2465739698635487,0.9883708385735178,0.756805109542919,6.159571142310673
0.023,0.019889415649724244,1.0,6.33750247246852,0.6153201357918272,1.2450319091374198,0.9885707882986577,0.7598374540178849,6.186613000577849
0.0235,0.019869415649724245,1.0,6.361377941235506,0.6199213918175049,1.2434902246827102,0.9887621259556543,0.7628500419358533,6.213452899023726
0.024,0.019849415649724245,1.0,6.3850807904144515,0.624467607854477,1.2419489157708599,0.9889453045329502,0.7658428886292215,6.240090056765689
0.0245,0.019829415649724243,1.0,6.408610310259387,0.6289594272799708,1.2404079815358036,0.9891207455592488,0.768816009655523,6.266523787168546
0.025,0.019809415649724244,1.0,6.431968342386121,0.6333974901389603,1.2388674167478435,0.9892888432289608,0.7717694288648482,6.292755962986994
0.025500000000000002,0.019789415649724244,1.0,6.455156801044973,0.6377825437991679,1.2373272161091493,0.9894499724687071,0.7747031699755246,6.31878852933153
0.026000000000000002,0.019769415649724245,1.0,6.478176874298419,0.6421151878298602,1.2357873756227877,0.9896044771853912,0.7776172539876736,6.344622702350938
0.0265,0.019749415649724246,1.0,6.501029777093275,0.646396021800304,1.2342478912918253,0.9897526801624139,0.7805117017013328,6.37025972476887
0.027,0.019729415649724243,1.0,6.523716750883909,0.6506256452797657,1.2327087591193293,0.9898948845970412,0.7833865337165679,6.39570086550723
0.0275,0.019709415649724244,1.0,6.54623906326208,0.6548046578375124,1.231169975108366,0.9900313755102494,0.7862417704335898,6.420947419316196
0.028,0.019689415649724245,1.0,6.568598007587158,0.6589336590428104,1.2296315352620026,0.9901624210409111,0.7890774320528625,6.446000706404605
0.0285,0.019669415649724246,1.0,6.590794902624216,0.6630132484649266,1.2280934355833057,0.9902882736349659,0.7918935385752174,6.470862072078219
0.029,0.019649415649724243,1.0,6.612831092184464,0.6670440256731276,1.2265556720753419,0.9904091711391403,0.7946901098019606,6.495532886380334
0.029500000000000002,0.019629415649724244,1.0,6.634707944769752,0.67102659023668,1.2250182407411785,0.9905253378078164,0.7974671653349802,6.520014543736438
0.03,0.019609415649724245,1.0,6.656426569087687,0.674961501737469,1.2234811380643602,0.9906369834917952,0.8002247237178335,6.544308177669162
0.0305,0.019589415649724246,1.0,6.677988241925496,0.6788493326157111,1.221944360282067,0.9907443068976987,0.8029628037559362,6.568415089914879
0.031,0.019569415649724243,1.0,6.699394661977241,0.6826907245660984,1.2204079029587258,0.9908474987006409,0.8056814252533476,6.592337004921679
0.0315,0.019549415649724244,1.0,6.720646674895704,0.6864862031778289,1.2188717631364372,0.9909467343620268,0.8083806052061894,6.616074791378092
0.032,0.019529415649724245,1.0,6.741745145451948,0.6902362940401006,1.2173359378573017,0.9910421799191962,0.8110603604627484,6.639629336862273
0.0325,0.019509415649724245,1.0,6.762690957289311,0.6939415227421114,1.2158004241634202,0.9911339925909471,0.8137207077235518,6.663001547596109
0.033,0.019489415649724243,1.0,6.783485012680774,0.6976024148730591,1.2142652190968928,0.9912223213387659,0.8163616635414421,6.686192348202704
0.0335,0.019469415649724243,1.0,6.8041282322877095,0.7012194960221417,1.2127303196998205,0.9913073073874025,0.8189832443216487,6.709202681465236
0.034,0.019449415649724244,1.0,6.824621554920917,0.7047932917785573,1.2111957230143038,0.991389084708121,0.8215854663218619,6.7320335080881115
0.0345,0.019429415649724245,1.0,6.844965937305046,0.7083243277315036,1.209661426082443,0.9914677804676304,0.8241683456523052,6.754685806461498
0.035,0.019409415649724246,1.0,6.865162353843303,0.7118131294701784,1.2081274259463393,0.9915435154454547,0.8267318982758043,6.777160572426135
0.035500000000000004,0.019389415649724243,1.0,6.885211550823123,0.7152601817210505,1.20659372005639,0.9916164029172121,0.8292761393330477,6.799458572884333
0.036000000000000004,0.019369415649724244,1.0,6.905114301134378,0.7186659983990474,1.205060305845057,0.991686551670623,0.8318010838669266,6.821580601169849
0.0365,0.019349415649724245,1.0,6.924871601048747,0.722031132078668,1.2035271804004228,0.9917540665987145,0.834306747353015,6.843527674288817
0.037,0.019329415649724246,1.0,6.944483955050902,0.7253560434973455,1.20199434165232,0.9918190442966766,0.8367931437617833,6.865300316057958
0.0375,0.019309415649724243,1.0,6.963951881201899,0.7286411933925134,1.2004617875305812,0.9918815767750385,0.8392602869601765,6.8868990637102545
0.038,0.019289415649724244,1.0,6.983275910984143,0.7318870425016047,1.1989295159650388,0.9919417517232028,0.8417081907116615,6.908324467739987
0.0385,0.019269415649724245,1.0,7.0024565891462345,0.7350940515620528,1.1973975248855258,0.9919996527558265,0.8441368686762729,6.929577091747648
0.039,0.019249415649724246,1.0,7.021494473551138,0.7382626813112907,1.1958658122218744,0.9920553596433158,0.8465463344106617,6.950657512288191
0.0395,0.019229415649724243,1.0,7.040390135022958,0.7413933924867517,1.1943343759039173,0.9921089485275894,0.8489366013681399,6.971566318717873
0.04,0.019209415649724244,1.0,7.059144157197676,0.7444866458258693,1.192803213861487,0.9921604921241842,0.8513076828987268,6.992304113045066
0.0405,0.019189415649724244,1.0,7.077757136371228,0.7475429020660764,1.1912723240244165,0.992210059911681,0.8536595922491945,7.012871509778399
0.041,0.019169415649724245,1.0,7.096229497568732,0.7505625811403327,1.189741704623537,0.9922577169829039,0.8559923421062178,7.033268951620341
0.0415,0.019149415649724243,1.0,7.114561743178109,0.7535461437686263,1.1882113537818129,0.9923035269095746,0.8583059452304691,7.0534969586320155
0.042,0.019129415649724243,1.0,7.132754460808426,0.7564940659167665,1.1866812695019875,0.9923475510101855,0.8606004144685053,7.073556136096331
0.0425,0.019109415649724244,1.0,7.150807956233368,0.7594067514723966,1.1851514502659881,0.9923898457152437,0.8628757618576053,7.093446806735992
0.043000000000000003,0.019089415649724245,1.0,7.168722545485073,0.7622846043231595,1.183621894555742,0.9924304650681267,0.86513199935904,7.113169303414592
0.043500000000000004,0.019069415649724246,1.0,7.186498554748419,0.7651280283566984,1.182092600853176,0.9924694608494179,0.8673691388581037,7.132723969030952
0.044,0.019049415649724243,1.0,7.204136320256248,0.7679374274606563,1.1805635676402177,0.992506882693996,0.869587192164146,7.152111156414388
0.0445,0.019029415649724244,1.0,7.22163618818598,0.7707132055226764,1.1790347933987944,0.992542778201365,0.8717861710106041,7.1713312282213835
0.045,0.019009415649724245,1.0,7.238998514554442,0.7734557664304018,1.177506276610833,0.9925771930396701,0.8739660870550336,7.190384556830459
0.0455,0.018989415649724246,1.0,7.256223665116828,0.7761655140714755,1.1759780157582609,0.9926101710438086,0.8761269518791411,7.209271524241187
0.046,0.018969415649724243,1.0,7.273312015262403,0.7788428523335406,1.1744500093230055,0.9926417543080268,0.8782687769888132,7.227992521969937
0.0465,0.018949415649724244,1.0,7.290263728328006,0.7814881134473807,1.1729222561450425,0.9926719811501925,0.8803915733188332,7.24654772899102
0.047,0.018929415649724245,1.0,7.30707922071626,0.7841017317592457,1.1713947546694785,0.9927008913865144,0.8824953522871571,7.2649375776576735
0.0475,0.018909415649724245,1.0,7.3237589526387,0.7866841550108223,1.169867503286028,0.9927285237036564,0.8845801253094852,7.283162544067651
0.048,0.018889415649724243,1.0,7.340303098050739,0.7892357311519579,1.1683405008606722,0.9927549124372829,0.8866459030799121,7.301222817470154
0.0485,0.018869415649724244,1.0,7.356711838984171,0.7917568081324996,1.1668137462593922,0.9927800906174957,0.8886926962356285,7.319118595102751
0.049,0.018849415649724244,1.0,7.3729853654714,0.7942477339022945,1.165287238348169,0.9928040900310663,0.8907205153569424,7.336850082115636
0.0495,0.018829415649724245,1.0,7.389123875472752,0.79670885641119,1.163760975992984,0.9928269412804176,0.8927293709673014,7.3544174914989835
0.05,0.018809415649724243,1.0,7.405127574802839,0.7991405236090332,1.1622349580598181,0.9928486738395578,0.8947192735333163,7.371821044009339
0.0505,0.018789415649724243,1.0,7.420996677058144,0.8015430834456712,1.160709183414653,0.9928693161071382,0.8966902334647817,7.389060968097244
0.051000000000000004,0.018769415649724244,1.0,7.436731403543899,0.8039168838709513,1.1591836509234692,0.9928888954568179,0.8986422611147005,7.406137499834143
0.051500000000000004,0.018749415649724245,1.0,7.452331983201529,0.8062622728347207,1.1576583594522483,0.9929074382850848,0.9005753667793027,7.42305088283987
0.052000000000000005,0.018729415649724246,1.0,7.467798652537429,0.8085795982868267,1.156133307866971,0.9929249700566881,0.9024895606980705,7.439801368211449
0.0525,0.018709415649724243,1.0,7.48313165555035,0.8108692081771163,1.154608495033619,0.9929415153478213,0.9043848530537576,7.456389214450522
0.053,0.018689415649724244,1.0,7.498331211489045,0.813131437497856,1.1530839198694325,0.9929570975321126,0.9062612539096367,7.47281465518029
0.0535,0.018669415649724245,1.0,7.513397303747958,0.8153665418907219,1.1515595816785462,0.9929717370198926,0.9081187728056963,7.4890776877856915
0.054,0.018649415649724246,1.0,7.528330400703777,0.8175749780131173,1.1500354790037715,0.9929854589539789,0.9099574201604355,7.505178795155588
0.0545,0.018629415649724243,1.0,7.543130604639441,0.819757042041143,1.148511610982219,0.9929982833474575,0.9117772056138641,7.521118093534462
0.055,0.018609415649724244,1.0,7.5577980243202525,0.8219130301508996,1.146987976751001,0.9930102295356411,0.9135781387625889,7.536895705582029
0.0555,0.018589415649724245,1.0,7.57233277494104,0.8240432385184878,1.1454645754472277,0.9930213162057593,0.9153602291598312,7.552511760320425
0.056,0.018569415649724245,1.0,7.586734978072684,0.8261479633200086,1.143941406208011,0.9930315614252869,0.9171234863154414,7.5679663930807575
0.0565,0.018549415649724243,1.0,7.601004761610162,0.8282275007315627,1.142418468170462,0.9930409826689838,0.9188679196959163,7.583259745451171
0.057,0.018529415649724244,1.0,7.615142259719878,0.8302821469292508,1.140895760471692,0.9930495968447168,0.9205935387244143,7.5983919652242085
0.0575,0.018509415649724244,1.0,7.629147612786779,0.8323121980891739,1.1393732822488123,0.9930574203181282,0.9223003527807716,7.613363206343947
0.058,0.018489415649724245,1.0,7.643020967362822,0.8343179503874324,1.137851032638934,0.993064468936214,0.9239883712015182,7.6281736288544915
0.0585,0.018469415649724243,1.0,7.65676247611489,0.8362997000001272,1.1363290107791684,0.993070758049869,0.9256576032798935,7.642823398847915
0.059000000000000004,0.018449415649724243,1.0,7.670372297773322,0.8382577431033592,1.1348072158066267,0.9930763025354533,0.9273080582658624,7.65731268841281
0.059500000000000004,0.018429415649724244,1.0,7.683850597079724,0.840192375873229,1.1332856468584203,0.9930811168154309,0.9289397453661299,7.6716416755821335
0.06,0.018409415649724245,1.0,7.697197372563372,0.8421038191047087,1.1317643033424105,0.9930852129190854,0.9305526734587569,7.685810371965892
0.0605,0.018389415649724246,1.0,7.710412876256482,0.843992426129436,1.130243184276511,0.993088605919525,0.9321468517980591,7.699819042830224
0.061,0.018369415649724243,1.0,7.723497250794452,0.8458584873097401,1.1287222888599895,0.9930913088466355,0.9337222894025817,7.713667843879186
0.0615,0.018349415649724244,1.0,7.736450564568325,0.8477022547517314,1.1272016164174803,0.9930933333649125,0.9352789951231208,7.727356856450874
0.062,0.018329415649724245,1.0,7.749272891336857,0.8495239805615207,1.1256811662736177,0.9930946907860605,0.936816977776413,7.740886167198413
0.0625,0.018309415649724246,1.0,7.761964310187267,0.8513239168452185,1.1241609377530368,0.9930953920835457,0.9383362461451461,7.754255868050729
0.063,0.018289415649724243,1.0,7.774524905496774,0.8531023157089354,1.1226409301803717,0.9930954479065693,0.9398368089779727,7.7674660561741025
0.0635,0.018269415649724244,1.0,7.786954766892841,0.854859429258782,1.121121142880257,0.9930948685934953,0.9413186749895215,7.780516833932437
0.064,0.018249415649724245,1.0,7.799253989213625,0.8565955096008689,1.1196015751773272,0.9930936641847556,0.9427818528604086,7.793408308847718
0.0645,0.018229415649724245,1.0,7.8114226724692015,0.8583108088413068,1.118082226396217,0.9930918444352631,0.9442263512372503,7.806140593561265
0.065,0.018209415649724243,1.0,7.823460921802755,0.8600055790862062,1.1165630958615607,0.9930894188263486,0.9456521787326745,7.818713805794935
0.0655,0.018189415649724244,1.0,7.835368847452302,0.8616800724416779,1.115044182897993,0.993086396577256,0.9470593439253326,7.831128068312862
0.066,0.018169415649724244,1.0,7.847146564711112,0.8633345410138323,1.1135254868301483,0.993082786656205,0.9484478553599113,7.843383508881904
0.0665,0.018149415649724245,1.0,7.858794133755671,0.8649692061935377,1.1120070070762473,0.9930785970127531,0.9498177214632859,7.855480200072816
0.067,0.018129415649724243,1.0,7.870311615493659,0.8665842996768389,1.1104887430608423,0.9930738356320209,0.9511689506273406,7.86741821514039
0.0675,0.018109415649724243,1.0,7.881699203397433,0.8681801187891546,1.1089706940098698,0.9930685119399395,0.9525015513880293,7.879197759908536
0.068,0.018089415649724244,1.0,7.892956942614516,0.8697568781240687,1.1074528593875077,0.993062633056559,0.953815532037794,7.890818891761649
0.0685,0.018069415649724245,1.0,7.904084882905899,0.8713147922751654,1.1059352386579349,0.9930562059037644,0.9551109008419455,7.902281672655631
0.069,0.018049415649724246,1.0,7.915083078616992,0.872854075836029,1.1044178312853292,0.9930492372132166,0.9563876660386741,7.9135861690888545
0.0695,0.018029415649724243,1.0,7.925951588646885,0.8743749434002436,1.1029006367338692,0.993041733534026,0.9576458358390572,7.924732452071433
0.07,0.018009415649724244,1.0,7.936690476418606,0.8758776095613933,1.1013836544677333,0.9930337012401682,0.958885418427069,7.935720597095501
0.07050000000000001,0.017989415649724245,1.0,7.9472998098489525,0.8773622889130622,1.0998668839511,0.9930251465376554,0.9601064219595901,7.946550684105053
0.07100000000000001,0.017969415649724242,1.0,7.957779661318818,0.8788291960488347,1.0983503246481476,0.9930160754714752,0.9613088545664159,7.957222797466289
0.07150000000000001,0.017949415649724243,1.0,7.96813010764393,0.8802785455622948,1.0968339760230543,0.9930064939323048,0.9624927243502661,7.967737025938364
0.07200000000000001,0.017929415649724244,1.0,7.978351230043986,0.8817105520470268,1.0953178375399986,0.9929964076630128,0.9636580393867937,7.978093462642538
0.0725,0.017909415649724245,1.0,7.988443114114039,0.8831254300966146,1.0938019086631587,0.9929858222649592,0.9648048077245936,7.988292205033575
0.073,0.017889415649724245,1.0,7.998405849794461,0.8845233943046426,1.0922861888567132,0.9929747432040992,0.9659330373852122,7.998333354869722
0.0735,0.017869415649724246,1.0,8.008241981252013,0.8859045893316518,1.0907706738077982,0.9929631739358968,0.9670427391059132,8.008219468182945
0.074,0.017849415649724244,1.0,8.017947857294024,0.8872693006891341,1.0892553687649436,0.9929511216396442,0.9681339165865358,8.01794690527428
0.0745,0.017829415649724244,1.0,8.027521259930566,0.8886177174182579,1.0877402767623174,0.9929385908743774,0.9692065753346878,8.027521259930566
0.075,0.017809415649724245,1.0,8.036960163573731,0.8899500221818164,1.086225400536208,0.9929255859160788,0.970260721209482,8.036960163573731
0.0755,0.017789415649724243,1.0,8.04626254209621,0.8912663976426031,1.0847107428229035,0.9929121109324343,0.9712963602015676,8.04626254209621
0.076,0.017769415649724243,1.0,8.05542636898815,0.8925670264634109,1.083196306358692,0.9928981699873585,0.9723134984330827,8.05542636898815
0.0765,0.017749415649724244,1.0,8.064449617513828,0.8938520913070334,1.0816820938798617,0.9928837670453946,0.9733121421576059,8.064449617513828
0.077,0.017729415649724245,1.0,8.073330260872446,0.8951217748362638,1.0801681081227008,0.9928689059759965,0.9742922977601078,8.073330260872446
0.0775,0.017709415649724246,1.0,8.08206627236008,0.8963762597138951,1.0786543518234977,0.9928535905576955,0.9752539717569018,8.08206627236008
0.078,0.017689415649724243,1.0,8.090655625533826,0.897615728602721,1.07714082771854,0.9928378244821608,0.9761971707955942,8.090655625533826
0.0785,0.017669415649724244,1.0,8.099096294377173,0.8988403641655345,1.0756275385441163,0.9928216113581547,0.9771219016550328,8.099096294377173
0.079,0.017649415649724245,1.0,8.107386253468325,0.9000503490651288,1.0741144870365145,0.9928049547153893,0.9780281712452573,8.107386253468325
0.0795,0.017629415649724246,1.0,8.115523478149365,0.9012458659642975,1.0726016759320232,0.9927878580082861,0.9789159866074459,8.115523478149365
0.08,0.017609415649724243,1.0,8.123507096266998,0.9024270533236912,1.071089106204191,0.9927703234390429,0.9797853559163571,8.123507096266998
0.0805,0.017589415649724244,1.0,8.131337418807474,0.9035941150215732,1.069576777021466,0.9927523547460418,0.9806362883972208,8.131337418807474
0.081,0.017569415649724245,1.0,8.139013762072908,0.9047472517737838,1.0680646890820262,0.9927339555719117,0.9814687924006684,8.139013762072908
0.0815,0.017549415649724245,1.0,8.146535961925258,0.9058866180474606,1.0665528422955504,0.9927151282930234,0.9822828767295344,8.146535961925258
0.082,0.017529415649724243,1.0,8.153903858920044,0.9070123683097409,1.065041236571716,0.992695875222935,0.9830785501808883,8.153903858920044
0.0825,0.017509415649724244,1.0,8.161117298300136,0.9081246570277617,1.063529871820201,0.9926761986151165,0.9838558215460352,8.161117298300136
0.083,0.017489415649724244,1.0,8.16817612998993,0.9092236386686604,1.0620187479506837,0.9926561006656193,0.9846146996105183,8.16817612998993
0.0835,0.017469415649724245,1.0,8.175080208589907,0.9103094676995743,1.0605078648728419,0.9926355835156851,0.9853551931541197,8.175080208589907
0.084,0.017449415649724243,1.0,8.181829393370476,0.9113822985876407,1.0589972224963538,0.9926146492543062,0.9860773109508629,8.181829393370476
0.0845,0.017429415649724243,1.0,8.188423548267465,0.9124422857999969,1.057486820730897,0.9925932999207294,0.9867810617690149,8.188423548267465
0.085,0.017409415649724244,1.0,8.194862541874791,0.9134895838037801,1.0559766594861497,0.9925715375069133,0.9874664543710866,8.194862541874791
0.0855,0.017389415649724245,1.0,8.201146247439857,0.9145243470661275,1.0544667386717899,0.9925493639599396,0.9881334975138358,8.201146247439857
0.08600000000000001,0.017369415649724246,1.0,8.207274542857247,0.9155467300541764,1.0529570581974956,0.9925267811843763,0.9887821999482682,8.207274542857247
0.08650000000000001,0.017349415649724243,1.0,8.213247310663293,0.9165568872350642,1.0514476179729448,0.9925037910446007,0.9894125704196397,8.213247310663293
0.08700000000000001,0.017329415649724244,1.0,8.219064439493227,0.917554956317633,1.0499384179055902,0.9924803949307921,0.9900246176683465,8.219064439493227
0.08750000000000001,0.017309415649724245,1.0,8.224726041183104,0.9185410631653704,1.0484294575703792,0.9924565938739666,0.9906183505577554,8.224726041183104
0.088,0.017289415649724246,1.0,8.230232227472577,0.9195154075347667,1.0469207365498874,0.992432390796775,0.9911937779264642,8.230232227472577
0.0885,0.017269415649724243,1.0,8.235583013022227,0.9204781194555274,1.0454122545817046,0.9924077867788886,0.9917509085352257,8.235583013022227
0.089,0.017249415649724244,1.0,8.24077841722413,0.9214293289573584,1.0439040114034213,0.992382782865021,0.992289751130753,8.24077841722413
0.0895,0.017229415649724245,1.0,8.245818464184188,0.9223691660699654,1.0423960067526274,0.9923573800666472,0.9928103144457247,8.245818464184188
0.09,0.017209415649724245,1.0,8.25070318270706,0.9232977608230545,1.0408882403669129,0.9923315793636939,0.9933126071987902,8.25070318270706
0.0905,0.017189415649724246,1.0,8.255432606278262,0.9242152432463311,1.0393807119838683,0.9923053817062071,0.9937966380945744,8.255432606278262
0.091,0.017169415649724244,1.0,8.260006773049211,0.9251217433695013,1.0378734213410832,0.9922787880159964,0.9942624158236831,8.260006773049211
0.0915,0.017149415649724244,1.0,8.264425725819804,0.9260173912222707,1.0363663681761481,0.9922517991882545,0.9947099490627074,8.264425725819804
0.092,0.017129415649724245,1.0,8.268689512022553,0.9269023168343452,1.034859552226653,0.9922244160931589,0.995139246474229,8.268689512022553
0.0925,0.017109415649724243,1.0,8.272798183705788,0.9277766502354307,1.033352973230188,0.9921966395774511,0.9955503167068255,8.272798183705788
0.093,0.017089415649724243,1.0,8.276751797518017,0.9286405214552327,1.0318466309243433,0.9921684704659978,0.9959431683950747,8.276751797518017
0.0935,0.017069415649724244,1.0,8.280550414690643,0.9294940605234573,1.0303405250467088,0.9921399095633323,0.9963178101595601,8.280550414690643
0.094,0.017049415649724245,1.0,8.284194101022605,0.9303373974698101,1.0288346553348748,0.9921109576551812,0.9966742506068759,8.284194101022605
0.0945,0.017029415649724246,1.0,8.287682717086733,0.9311705677795206,1.0273290218443463,0.9920816129683707,0.997012498260125,8.287682717086733
0.095,0.017009415649724243,1.0,8.291016605080948,0.9319938111412884,1.0258236239074907,0.9920518791889233,0.9973325617931379,8.291016605080948
0.0955,0.016989415649724244,1.0,8.29419580925328,0.9328072445278967,1.0243184613152132,0.992021756705542,0.997634449757042,8.29419580925328
0.096,0.016969415649724245,1.0,8.297220354431866,0.93361097471152,1.0228135338946072,0.9919912456135451,0.9979181706849585,8.297220354431866
0.0965,0.016949415649724246,1.0,8.30009026988847,0.9344051084643327,1.021308841472766,0.9919603459893735,0.9981837331003541,8.30009026988847
0.097,0.016929415649724243,1.0,8.302805589327965,0.9351897525585096,1.019804383876783,0.9919290578916948,0.998431145517044,8.302805589327965
0.0975,0.016909415649724244,1.0,8.305366350877852,0.935965013766225,1.0183001609337516,0.9918973813625009,0.9986604164391951,8.305366350877852
0.098,0.016889415649724245,1.0,8.3077725970769,0.9367309988596535,1.0167961724707655,0.9918653164281951,0.9988715543613292,8.3077725970769
0.0985,0.016869415649724245,1.0,8.310024374865263,0.9374878146109696,1.0152924183149177,0.9918328631006721,0.9990645677683263,8.310024374865263
0.099,0.016849415649724246,1.0,8.31212173557333,0.9382355677923481,1.0137888982933017,0.9918000213783905,0.9992394651354279,8.31212173557333
0.0995,0.016829415649724244,1.0,8.31406473491099,0.9389743651759632,1.012285612233011,0.9917667912474392,0.9993962549282404,8.31406473491099
0.1,0.016809415649724244,1.0,8.31585343295821,0.9397043135339895,1.0107825599611389,0.9917331726825943,0.9995349456027378,8.31585343295821
0.1005,0.016789415649724245,1.0,8.317487894152352,0.9404255196386018,1.009279741304779,0.9916991656483758,0.9996555456052655,8.317487894152352
0.101,0.016769415649724242,1.0,8.318968187279182,0.9411380902619743,1.0077771560910243,0.9916647701000919,0.9997580633725434,8.318968187279182
0.1015,0.016749415649724243,1.0,8.320294385461844,0.9418421321762817,1.0062748041469685,0.9916299859848845,0.9998425073316688,8.320294385461844
0.10200000000000001,0.016729415649724244,1.0,8.321466566150173,0.9425377521536984,1.0047726852997048,0.9915948132427659,0.99990888590012,8.321466566150173
0.10250000000000001,0.016709415649724245,1.0,8.322484811109668,0.9432250569663991,1.0032707993763268,0.9915592518076528,0.9999572074857593,8.322484811109668
0.10300000000000001,0.016689415649724246,1.0,8.323352490643401,0.943904144184848,1.0017691412373766,0.9915233011630062,0.9999874805571288,8.323352490643401
0.10350000000000001,0.016669415649724243,1.0,8.324088724742998,0.944575054621172,1.0002676819344574,0.9914869582764495,0.9999997133855278,8.324088724742998
0.10400000000000001,0.016649415649724244,1.0,8.324653278698852,0.9452379778031121,0.9987664822809522,0.9914502276741941,0.9999939137361472,8.324653278698852
0.1045,0.016629415649724245,1.0,8.325043490827639,0.9458929998936492,0.9972655462751464,0.991413108853174,0.9999700910513065,8.325043490827639
0.105,0.016609415649724246,1.0,8.325256704621234,0.9465402070557634,0.9957648779153251,0.9913756013037317,0.9999282549637116,8.325256704621234
0.1055,0.016589415649724243,1.0,8.325290269024784,0.9471796854524351,0.9942644811997736,0.9913377045104227,0.999868415296369,8.325290269024784
0.106,0.016569415649724244,1.0,8.325141538721528,0.9478115212466449,0.992764360126777,0.9912994179528168,0.9997905820625002,8.325141538721528
0.1065,0.016549415649724245,1.0,8.324807874418148,0.9484358006013732,0.9912645186946208,0.9912607411062996,0.9996947654654534,8.324807874418148
0.107,0.016529415649724245,1.0,8.324286643137906,0.9490526096796004,0.98976496090159,0.9912216734428744,0.999580975898616,8.324286643137906
0.1075,0.016509415649724246,1.0,8.323575218515845,0.9496620346443069,0.9882656907459699,0.9911822144319639,0.9994492239453231,8.323575218515845
0.108,0.016489415649724243,1.0,8.322670981098625,0.950264161658473,0.9867667122260458,0.9911423635412117,0.9992995203787669,8.322670981098625
0.1085,0.016469415649724244,1.0,8.32157131864965,0.9508590768850794,0.9852680293401028,0.9911021202372854,0.9991318761619037,8.32157131864965
0.109,0.016449415649724245,1.0,8.320273626456105,0.9514468664871064,0.9837696460864263,0.99106148398668,0.9989463024473606,8.320273626456105
0.1095,0.016429415649724242,1.0,8.318775307642317,0.9520276166275344,0.9822715664633013,0.9910204542565219,0.9987428105773394,8.318775307642317
0.11,0.016409415649724243,1.0,8.317073773487078,0.9526014134693439,0.9807737944690131,0.9909790305153752,0.998521412083521,8.317073773487078
0.1105,0.016389415649724244,1.0,8.315166443743161,0.9531683431755152,0.9792763341018472,0.9909372122340484,0.9982821186869669,8.315166443743161
0.111,0.016369415649724245,1.0,8.313050746963995,0.9537284919090289,0.9777791893600886,0.9908949988864036,0.9980249422980207,8.313050746963995
0.1115,0.016349415649724246,1.0,8.310724120832274,0.9542819458328652,0.9762823642420224,0.9908523899501667,0.9977498950162076,8.310724120832274
0.112,0.016329415649724243,1.0,8.308184755348513,0.9548287703597926,0.9747858616215331,0.9908093842295033,0.9974569889033261,8.308184755348513
0.1125,0.016309415649724244,1.0,8.305435925723787,0.9553690273841271,0.9732896766882402,0.9907659801064931,0.997146234514325,8.305435925723787
0.113,0.016289415649724245,1.0,8.302477619318422,0.9559028512510441,0.971793809619013,0.9907221783810616,0.996817643296766,8.302477619318422
0.1135,0.016269415649724242,1.0,8.29930978454416,0.9564303114923222,0.9702982606618854,0.9906779778816769,0.9964712267211627,8.29930978454416
0.114,0.016249415649724243,1.0,8.295932377908686,0.9569514776397399,0.9688030300648915,0.9906333774331462,0.9961069962674718,8.295932377908686
0.1145,0.016229415649724244,1.0,8.292345364035768,0.9574664192250758,0.9673081180760651,0.9905883758571492,0.995724963425086,8.292345364035768
0.115,0.016209415649724244,1.0,8.288548715685993,0.9579752057801085,0.9658135249434401,0.9905429719727769,0.9953251396928289,8.288548715685993
0.1155,0.016189415649724245,1.0,8.284542413777809,0.9584779068366166,0.9643192509150504,0.9904971645970702,0.9949075365789475,8.284542413777809
0.116,0.016169415649724246,1.0,8.280326447408468,0.9589745919263785,0.9628252962389299,0.9904509525455636,0.9944721656011067,8.280326447408468
0.1165,0.016149415649724243,1.0,8.275900813873887,0.9594653305811728,0.9613316611631125,0.990404334632832,0.9940190382863826,8.275900813873887
0.117,0.016129415649724244,1.0,8.271265518691083,0.9599501923327782,0.9598383459356321,0.990357309673037,0.9935481661712562,8.271265518691083
0.11750000000000001,0.016109415649724245,1.0,8.266420575617476,0.9604292467129731,0.9583453508045227,0.9903098764804825,0.9930595608016068,8.266420575617476
0.11800000000000001,0.016089415649724242,1.0,8.261366006672235,0.9609025632535362,0.9568526760178181,0.9902620338701675,0.9925532337327065,8.261366006672235
0.11850000000000001,0.016069415649724243,1.0,8.256101842157756,0.9613702114862458,0.9553603218235521,0.9902137806583474,0.9920291965292126,8.256101842157756
0.11900000000000001,0.016049415649724244,1.0,8.25062812067959,0.9618322609428808,0.9538682884697589,0.9901651156630943,0.9914874607651625,8.25062812067959
0.11950000000000001,0.016029415649724245,1.0,8.24494488916794,0.9622887811552195,0.9523765762044721,0.9901160377048659,0.9909280380239662,8.24494488916794
0.12,0.016009415649724246,1.0,8.239052202898147,0.9627398416550406,0.950885185275726,0.9900665456070736,0.990350939898401,8.239052202898147
0.1205,0.015989415649724247,1.0,8.2329501255123,0.9631855119741225,0.9493941159315541,0.9900166381966578,0.989756177990604,8.2329501255123
0.121,0.015969415649724244,1.0,8.226638597453185,0.9636258346541576,0.9479033686201468,0.9899663134230468,0.9891437639954868,8.226638597453185
0.1215,0.015949415649724245,1.0,8.220118002156498,0.9640608815708279,0.9464129431287015,0.989915570167432,0.9885137093434889,8.220118002156498
0.122,0.015929415649724245,1.0,8.213388713322402,0.9644907470623507,0.9449228392713285,0.989864408066024,0.9878660254642724,8.213388713322402
0.1225,0.015909415649724243,1.0,8.206450828681897,0.9649154872394619,0.9434330572945474,0.9898128255161935,0.9872007239718322,8.206450828681897
0.123,0.015889415649724244,1.0,8.199304454400743,0.9653351582128971,0.941943597444878,0.9897608209134776,0.9865178164894305,8.199304454400743
0.1235,0.015869415649724244,1.0,8.191949705098875,0.9657498160933922,0.9404544599688401,0.9897083926519918,0.9858173146495901,8.191949705098875
0.124,0.015849415649724245,1.0,8.184386703872626,0.9661595169916829,0.9389656451129536,0.9896555391248456,0.9850992300940883,8.184386703872626
0.1245,0.015829415649724246,1.0,8.176615582315096,0.9665643170185051,0.9374771531237379,0.9896022587245611,0.98436357447395,8.176615582315096
0.125,0.015809415649724243,1.0,8.168636480536467,0.9669642722845946,0.9359889842477133,0.9895485498434973,0.983610359449442,8.168636480536467
0.1255,0.015789415649724244,1.0,8.160449547186529,0.9673594389006871,0.9345011387313992,0.9894944108742768,0.9828395966900664,8.160449547186529
0.126,0.015769415649724245,1.0,8.152054939473905,0.9677498729775184,0.9330136168213155,0.9894398402102175,0.9820512978745538,8.152054939473905
0.1265,0.015749415649724242,1.0,8.143452823187518,0.9681356306258243,0.9315264187639819,0.9893848362457678,0.9812454746908578,8.143452823187518
0.127,0.015729415649724243,1.0,8.1346433727184,0.9685167679563406,0.9300395448059183,0.9893293973769474,0.9804221388361476,8.1346433727184
0.1275,0.015709415649724244,1.0,8.125626771079483,0.9688933410798031,0.9285529951936445,0.9892735220017902,0.9795813020168025,8.125626771079483
0.128,0.015689415649724245,1.0,8.116403209927274,0.9692654061069476,0.9270667701736801,0.9892172085207939,0.9787229759484048,8.116403209927274
0.1285,0.015669415649724246,1.0,8.106972889582524,0.9696330191485097,0.9255808699925451,0.9891604553373718,0.977847172355734,8.106972889582524
0.129,0.015649415649724243,1.0,8.097336019051513,0.9699962363152256,0.924095294896759,0.9891032608583109,0.9769539029727601,8.097336019051513
0.1295,0.015629415649724244,1.0,8.087492816047346,0.9703551137178307,0.9226100451328418,0.989045623494234,0.9760431795426369,8.087492816047346
0.13,0.015609415649724245,1.0,8.077442948072724,0.9707096531618558,0.9211251218053315,0.9889875397512032,0.9751150143591047,8.077442948072724
0.1305,0.015589415649724244,1.0,8.067187060062537,0.9710599493599297,0.9196405245329876,0.9889290093835953,0.9741694188106665,8.067187060062537
0.131,0.015569415649724243,1.0,8.056725625645218,0.9714060832884889,0.918156253209796,0.9888700316925239,0.9732064044453639,8.056725625645218
0.1315,0.015549415649724244,1.0,8.046058739616068,0.9717480988991146,0.9166723083250226,0.9888106046819226,0.9722259832004796,8.046058739616068
0.132,0.015529415649724244,1.0,8.035186506002637,0.9720860401433878,0.9151886903679333,0.9887507263535109,0.9712281670339749,8.035186506002637
0.1325,0.015509415649724245,1.0,8.024109038106795,0.9724199509728899,0.9137053998277939,0.9886903947071127,0.9702129679244763,8.024109038106795
0.133,0.015489415649724244,1.0,8.012826458546607,0.9727498753392018,0.9122224371938705,0.9886296077409775,0.969180397871264,8.012826458546607
0.1335,0.015469415649724243,1.0,8.001338899298878,0.9730758571939047,0.9107398029554291,0.9885683634521066,0.9681304688942575,8.001338899298878
0.134,0.015449415649724244,1.0,7.989646501741226,0.9733979404885796,0.9092574976017354,0.9885066598365824,0.9670631930340038,7.989646501741226
0.1345,0.015429415649724245,1.0,7.977749416693828,0.9737161691748079,0.9077755216220553,0.9884444948899028,0.965978582351664,7.977749416693828
0.135,0.015409415649724244,1.0,7.965647804461883,0.9740305872041706,0.906293875505655,0.988381866607318,0.9648766489290013,7.965647804461883
0.1355,0.015389415649724243,1.0,7.953341834878559,0.9743412385282487,0.9048125597418002,0.9883187729841741,0.9637574048683666,7.953341834878559
0.136,0.015369415649724244,1.0,7.94083168734701,0.9746481670986237,0.9033315748197569,0.9882552120162588,0.962620862292687,7.94083168734701
0.1365,0.015349415649724245,1.0,7.928117550882602,0.9749514168668763,0.901850921228791,0.9881911817001519,0.961467033345452,7.928117550882602
0.137,0.015329415649724244,1.0,7.9151996241556395,0.9752510317845879,0.9003705994581683,0.988126680033581,0.960295930190701,7.9151996241556395
0.1375,0.015309415649724243,1.0,7.9020781155344775,0.9755470558033396,0.898890609997155,0.9880617050157801,0.9591075650130103,7.9020781155344775
0.138,0.015289415649724244,1.0,7.888753243127365,0.9758395328747125,0.8974109533350169,0.9879962546478532,0.9579019500174797,7.888753243127365
0.1385,0.015269415649724245,1.0,7.875225234826021,0.9761285069502876,0.8959316299610197,0.9879303269331445,0.9566790974297195,7.875225234826021
0.139,0.015249415649724244,1.0,7.861494328347519,0.9764140219816464,0.8944526403644296,0.9878639198776086,0.9554390194958383,7.861494328347519
0.1395,0.015229415649724243,1.0,7.847560771277986,0.9766961219203696,0.8929739850345124,0.9877970314901889,0.9541817284824289,7.847560771277986
0.14,0.015209415649724244,1.0,7.833424821115283,0.9769748507180387,0.8914956644605341,0.9877296597832,0.952907236676556,7.833424821115283
0.1405,0.015189415649724244,1.0,7.819086745311577,0.9772502523262345,0.8900176791317606,0.9876618027727133,0.9516155563857425,7.819086745311577
0.14100000000000001,0.015169415649724243,1.0,7.804546178880304,0.9775223312420926,0.8885400305407481,0.9875934569502838,0.9503067008325706,7.804546178880304
0.14150000000000001,0.015149415649724243,1.0,7.7898036807203495,0.9777911504618703,0.8870627187553519,0.9875246210619828,0.9489806820202691,7.7898036807203495
0.14200000000000002,0.015129415649724243,1.0,7.774859859899003,0.978056775752667,0.8855857437791723,0.9874552939827963,0.9476375118937391,7.774859859899003
0.14250000000000002,0.015109415649724244,1.0,7.759714819139529,0.9783192408232283,0.8841091064228604,0.9873854733487344,0.9462772031435684,7.759714819139529
0.14300000000000002,0.015089415649724243,1.0,7.744368672152961,0.9785785793822991,0.8826328074970676,0.987315156793226,0.9448997684959185,7.744368672152961
0.14350000000000002,0.015069415649724242,1.0,7.728821543710333,0.9788348251386249,0.8811568478124451,0.9872443419473811,0.9435052207125026,7.728821543710333
0.14400000000000002,0.015049415649724243,1.0,7.713073569714496,0.979088011800951,0.8796812281796438,0.9871730264402542,0.9420935725905643,7.713073569714496
0.1445,0.015029415649724244,1.0,7.697124897272448,0.9793381730780224,0.8782059494093152,0.9871012078991139,0.9406648369628549,7.697124897272448
0.145,0.015009415649724245,1.0,7.680975684767914,0.9795853426785848,0.8767310123121103,0.9870288839497148,0.9392190266976116,7.680975684767914
0.1455,0.014989415649724246,1.0,7.664626101934177,0.9798295543113831,0.8752564176986802,0.9869560522165731,0.9377561546985355,7.664626101934177
0.146,0.014969415649724245,1.0,7.648076329926353,0.9800708416851629,0.8737821663796764,0.9868827103232473,0.9362762339047692,7.648076329926353
0.1465,0.014949415649724244,1.0,7.631326561395302,0.9803092385086692,0.8723082591657499,0.9868088558926228,0.9347792772908748,7.631326561395302
0.147,0.014929415649724245,1.0,7.614377000560171,0.9805447784906475,0.8708346968675519,0.9867344865471994,0.9332652978668111,7.614377000560171
0.1475,0.014909415649724245,1.0,7.597227863281903,0.9807774953398429,0.8693614802957336,0.9866595999093832,0.931734308677912,7.597227863281903
0.148,0.014889415649724244,1.0,7.579879377136542,0.9810074227650009,0.8678886102609461,0.9865841936017838,0.9301863228048632,7.579879377136542
0.1485,0.014869415649724244,1.0,7.562331781489417,0.9812345944748666,0.8664160875738408,0.9865082652475138,0.9286213533636809,7.562331781489417
0.149,0.014849415649724244,1.0,7.54458532756895,0.9814590441781853,0.8649439130450687,0.9864318124704935,0.9270394135056881,7.54458532756895
0.1495,0.014829415649724245,1.0,7.526640278540047,0.9816808055837023,0.8634720874852811,0.9863548328957603,0.9254405164174931,7.526640278540047
0.15,0.014809415649724244,1.0,7.508496909579302,0.9818999124001629,0.8620006117051292,0.9862773241497801,0.9238246753209659,7.508496909579302
0.1505,0.014789415649724243,1.0,7.4901555079485815,0.9821163983363124,0.8605294865152641,0.9861992838607656,0.9221919034732163,7.4901555079485815
0.151,0.014769415649724244,1.0,7.471616373070247,0.982330297100896,0.8590587127263369,0.9861207096589968,0.9205422141665711,7.471616373070247
0.1515,0.014749415649724245,1.0,7.452879816601154,0.9825416424026592,0.857588291148999,0.9860415991771473,0.9188756207285509,7.452879816601154
0.152,0.014729415649724244,1.0,7.433945424419893,0.9827504401310895,0.8561182237749532,0.9859619488685103,0.9171921378813022,7.433945424419893
0.1525,0.014709415649724243,1.0,7.41481375647421,0.9829567334630229,0.8546485110611701,0.9858817567598114,0.9154917786530609,7.41481375647421
0.153,0.014689415649724244,1.0,7.395485641515162,0.9831605759254213,0.8531791530516273,0.9858010213359296,0.9137745556054501,7.395485641515162
0.1535,0.014669415649724245,1.0,7.375961189279927,0.9833619933712682,0.8517101509615004,0.9857197399085112,0.912040482688556,7.375961189279927
0.154,0.014649415649724246,1.0,7.356240523468211,0.9835610116535475,0.850241506005965,0.9856379097860329,0.9102895739065544,7.356240523468211
0.1545,0.014629415649724245,1.0,7.336323781855471,0.9837576566252426,0.8487732194001971,0.9855555282740301,0.9085218433176764,7.336323781855471
0.155,0.014609415649724244,1.0,7.316211116407686,0.9839519541393373,0.8473052923593724,0.9854725926753253,0.9067373050341729,7.316211116407686
0.1555,0.014589415649724245,1.0,7.295902693395204,0.9841439300488152,0.8458377260986666,0.9853891002902652,0.904935973222281,7.295902693395204
0.156,0.014569415649724245,1.0,7.275398693508521,0.9843336102066599,0.8443705218332554,0.9853050484169558,0.9031178621021871,7.275398693508521
0.1565,0.014549415649724244,1.0,7.254699311972906,0.9845210204658552,0.8429036807783148,0.9852204343515054,0.9012829859479935,7.254699311972906
0.157,0.014529415649724244,1.0,7.233804758664638,0.9847061866793846,0.8414372041490202,0.985135255388269,0.899431359087682,7.233804758664638
0.1575,0.014509415649724244,1.0,7.212715258227051,0.9848891347002318,0.8399710931605477,0.9850495088200966,0.8975629959030796,7.212715258227051
0.158,0.014489415649724245,1.0,7.191431050186733,0.9850698903813804,0.8385053490280728,0.9849631919385861,0.8956779108298217,7.191431050186733
0.1585,0.014469415649724244,1.0,7.169952389070839,0.9852484795758141,0.8370399729667715,0.9848763020343391,0.8937761183573177,7.169952389070839
0.159,0.014449415649724243,1.0,7.148279544524145,0.9854249281365165,0.8355749661918193,0.9847888363972209,0.8918576330287145,7.148279544524145
0.1595,0.014429415649724244,1.0,7.1264128014270485,0.9855992619164714,0.8341103299183921,0.9847007923166233,0.8899224694408611,7.1264128014270485
0.16,0.014409415649724245,1.0,7.104352460013082,0.9857715067686623,0.8326460653616655,0.9846121670817328,0.8879706422442722,7.104352460013082
0.1605,0.014389415649724244,1.0,7.082098835987781,0.9859416885460729,0.8311821737368155,0.9845229579818009,0.886002166143093,7.082098835987781
0.161,0.014369415649724243,1.0,7.059652260647514,0.9861098331016868,0.8297186562590178,0.9844331623064199,0.8840170558950617,7.059652260647514
0.1615,0.014349415649724244,1.0,7.037013080998734,0.9862759662884877,0.8282555141434479,0.9843427773458011,0.8820153263114743,7.037013080998734
0.162,0.014329415649724245,1.0,7.014181659877276,0.9864401139594592,0.826792748605282,0.9842518003910578,0.8799969922571478,7.014181659877276
0.1625,0.014309415649724244,1.0,6.991158376068844,0.9866023019675849,0.8253303608596954,0.9841602287344909,0.8779620686503831,6.991158376068844
0.163,0.014289415649724243,1.0,6.967942079201855,0.9867625223107988,0.8238683546758014,0.9840680581242239,0.8759105740615629,6.967942079201855
0.1635,0.014269415649724244,1.0,6.9445336010977305,0.9869208085763309,0.8224067305850538,0.9839752861782143,0.8738425226340413,6.9445336010977305
0.164,0.014249415649724245,1.0,6.920934906383053,0.987077221119843,0.8209454872629153,0.9838819117709738,0.8717579258739406,6.920934906383053
0.1645,0.014229415649724244,1.0,6.89714606211662,0.9872317791138403,0.8194846265471716,0.983787931906807,0.8696567997887436,6.89714606211662
0.165,0.014209415649724243,1.0,6.873167154481486,0.9873845017308281,0.8180241502756076,0.98369334358607,0.8675391604683415,6.873167154481486
0.1655,0.014189415649724244,1.0,6.848998288969089,0.9875354081433116,0.8165640602860089,0.983598143805373,0.8654050240849801,6.848998288969089
0.166,0.014169415649724244,1.0,6.824639590566302,0.9876845175237959,0.8151043584161606,0.9835023295577847,0.8632544068932015,6.824639590566302
0.1665,0.014149415649724245,1.0,6.80009120394142,0.9878318490447863,0.813645046503848,0.9834058978330416,0.861087325229788,6.80009120394142
0.167,0.014129415649724244,1.0,6.775353293632747,0.9879774218787879,0.8121861263868564,0.9833088456177599,0.8589037955137044,6.775353293632747
0.1675,0.014109415649724243,1.0,6.750426044236985,0.988121255198306,0.8107275999029709,0.9832111698956498,0.8567038342460407,6.750426044236985
0.168,0.014089415649724244,1.0,6.7253096605987315,0.9882633681758457,0.8092694688899772,0.9831128676477354,0.8544874580099545,6.7253096605987315
0.1685,0.014069415649724245,1.0,6.7000043680010375,0.9884037799839124,0.8078117351856601,0.9830139358525747,0.8522546834706126,6.7000043680010375
0.169,0.014049415649724244,1.0,6.674510412356681,0.9885425097950111,0.8063544006278052,0.9829143714864857,0.8500055273751337,6.674510412356681
0.1695,0.014029415649724243,1.0,6.648828060400649,0.9886795767816472,0.8048974670541975,0.9828141715237746,0.8477400065525282,6.648828060400649
0.17,0.014009415649724244,1.0,6.622957599883113,0.9888150001163257,0.8034409363026226,0.9827133329369673,0.8454581379136413,6.622957599883113
0.1705,0.013989415649724245,1.0,6.59689933976322,0.988948798971552,0.8019848102108655,0.9826118526970449,0.8431599384510923,6.59689933976322
0.171,0.013969415649724244,1.0,6.5706536104045306,0.9890809925198312,0.8005290906167116,0.9825097277736821,0.8408454252392158,6.5706536104045306
0.1715,0.013949415649724243,1.0,6.544220763770212,0.9892115999336685,0.7990737793579462,0.9824069551354895,0.8385146154340029,6.544220763770212
0.17200000000000001,0.013929415649724244,1.0,6.517601173620392,0.9893406403855691,0.7976188782723544,0.982303531750258,0.8361675262730397,6.517601173620392
0.17250000000000001,0.013909415649724245,1.0,6.490795235708981,0.9894681330480384,0.7961643891977217,0.98219945458521,0.8338041750754486,6.490795235708981
0.17300000000000001,0.013889415649724244,1.0,6.463803367982645,0.9895940970935813,0.7947103139718333,0.9820947206072489,0.831424579241827,6.463803367982645
0.17350000000000002,0.013869415649724243,1.0,6.436626010780084,0.9897185516947032,0.7932566544324744,0.9819893267832178,0.8290287562541867,6.436626010780084
0.17400000000000002,0.013849415649724243,1.0,6.409263627032104,0.9898415160239092,0.7918034124174304,0.9818832700801577,0.8266167236758937,6.409263627032104
0.17450000000000002,0.013829415649724244,1.0,6.381716702462811,0.9899630092537047,0.7903505897644864,0.9817765474655706,0.8241884991516052,6.381716702462811
0.17500000000000002,0.013809415649724243,1.0,6.35398574579162,0.9900830505565947,0.7888981883114278,0.9816691559076858,0.8217441004072104,6.35398574579162
0.17550000000000002,0.013789415649724242,1.0,6.326071288936064,0.9902016591050845,0.7874462098960398,0.9815610923757313,0.8192835452497664,6.326071288936064
0.176,0.013769415649724245,1.0,6.297973887215954,0.9903188540716793,0.7859946563561078,0.9814523538402069,0.8168068515674384,6.297973887215954
0.1765,0.013749415649724244,1.0,6.269693835352906,0.9904346524810456,0.7845435300246137,0.9813429371858875,0.8143140381829819,6.269693835352906
0.177,0.013729415649724245,1.0,6.241230845581316,0.9905490667367431,0.7830928342978721,0.9812328391084235,0.8118051258682786,6.241230845581316
0.1775,0.013709415649724246,1.0,6.212585213088501,0.9906621127521396,0.78164257160826,0.9811220564309848,0.8092801338645845,6.212585213088501
0.178,0.013689415649724245,1.0,6.183757284593803,0.9907738065306532,0.7801927443460307,0.9810105859777365,0.8067390814474823,6.183757284593803
0.1785,0.013669415649724244,1.0,6.154747434390602,0.9908841640757021,0.7787433549014379,0.9808984245721467,0.8041819879989157,6.154747434390602
0.179,0.013649415649724245,1.0,6.1255560646210645,0.990993201390705,0.7772944056647351,0.9807855690372327,0.8016088730071056,6.1255560646210645
0.1795,0.013629415649724246,1.0,6.09618360555119,0.9911009344790799,0.7758458990261758,0.9806720161958087,0.7990197560664666,6.09618360555119
0.18,0.013609415649724245,1.0,6.066630478308722,0.9912073790893577,0.7743978374425086,0.9805577628606119,0.7964146569975328,6.066630478308722
0.1805,0.013589415649724244,0.0,6.036851271865311,0.9855630345205276,0.7729503048052057,0.9800826828494584,0.793793743647804,6.036851271865311
0.181,0.013569415649724244,0.0,6.005936551173834,0.96380316401546,0.77150492398932,0.9785061635015428,0.7911600009554943,6.005936551173834
0.1815,0.013549415649724245,0.0,5.973619693861522,0.942523695426223,0.7700621875623971,0.9768080864979943,0.7885144096456389,5.973619693861522
0.182,0.013529415649724244,0.0,5.93998726135335,0.9217140917208578,0.7686219620609168,0.9749795767288592,0.7858568142378407,5.93998726135335
0.1825,0.013509415649724243,0.0,5.905108960667356,0.9013640663359629,0.7671841436921976,0.9730111959279047,0.7831871082066587,5.905108960667356
0.183,0.013489415649724244,0.0,5.869059653660881,0.8814630601964852,0.7657486189986992,0.9708928635228088,0.7805051619959336,5.869059653660881
0.1835,0.013469415649724245,0.0,5.831858769483375,0.8620014799552289,0.7643153740467069,0.9686139638176571,0.7778110283570253,5.831858769483375
0.184,0.013449415649724244,0.0,5.7935260502835035,0.8429697322649978,0.7628843949025057,0.9661632346637943,0.7751047592769965,5.7935260502835035
0.1845,0.013429415649724243,0.0,5.754081542889777,0.824358223778596,0.7614556676323808,0.963528740419999,0.7723864059811474,5.754081542889777
0.185,0.013409415649724244,0.0,5.713530790796713,0.8061576704559394,0.7600292053155636,0.9606978960573197,0.7696560707940803,5.713530790796713
0.1855,0.013389415649724245,0.0,5.671874804591765,0.788358741229302,0.7586050302589644,0.9576574035787423,0.7669138743348981,5.671874804591765
0.186,0.013369415649724244,0.0,5.629089229773947,0.7709528283158725,0.757183212494059,0.9543933743793915,0.7641600308211787,5.629089229773947
0.1865,0.013349415649724243,0.0,5.585150355645976,0.7539313339945176,0.7557638227231852,0.9508912251989783,0.7613947588368332,5.585150355645976
0.187,0.013329415649724244,0.0,5.540034180164423,0.7372857049071087,0.7543469341481318,0.947135681145199,0.7586182849503108,5.540034180164423
0.1875,0.013309415649724245,0.0,5.493711076656816,0.721007548298328,0.7529326325351814,0.9431108092166613,0.7558308637360172,5.493711076656816
0.188,0.013289415649724245,0.0,5.4461450077838975,0.7050886406958944,0.751521018049501,0.9388000447467986,0.7530327821153744,5.4461450077838975
0.1885,0.013269415649724245,0.0,5.39728648995012,0.6895212620559779,0.750112218903818,0.9341863260531612,0.7502243874353064,5.39728648995012
0.189,0.013249415649724244,0.0,5.347087878929831,0.6742976923347483,0.7487063633108595,0.9292520232754174,0.7474060326381851,5.347087878929831
0.1895,0.013229415649724244,0.0,5.29550128696407,0.659410292120159,0.7473035836161991,0.9239790111216755,0.7445780845871388,5.29550128696407
0.19,0.013209415649724245,0.0,5.242477501333686,0.6448514855530231,0.7459040186561249,0.918348730846644,0.7417409290595722,5.242477501333686
0.1905,0.013189415649724244,0.0,5.187959364773872,0.6306140272660081,0.7445078268164175,0.9123423825683749,0.738894997767721,5.187959364773872
0.191,0.013169415649724243,0.0,5.13188420228902,0.6166909852970496,0.7431151821216456,0.905941060779405,0.7360407613744189,5.13188420228902
0.1915,0.013149415649724244,0.0,5.074192268126068,0.6030754276840827,0.7417262585963782,0.8991257654958354,0.7331786980055004,5.074192268126068
0.192,0.013129415649724245,0.0,5.014824687323603,0.5897605290035048,0.7403412345991968,0.8918775889971421,0.7303093022021225,5.014824687323603
0.1925,0.013109415649724244,0.0,4.953722803981163,0.5767394781553872,0.7389602945746964,0.8841778340802696,0.7274330887658829,4.953722803981163
0.193,0.013089415649724243,0.0,4.890823053856623,0.5640058691877907,0.7375836397324167,0.8760084290654793,0.7245506154556557,4.890823053856623
0.1935,0.013069415649724244,0.0,4.826062688548201,0.5515534777710197,0.736211477641037,0.8673520611982122,0.7216624618866996,4.826062688548201
0.194,0.013049415649724245,0.0,4.759383298108147,0.539376079575378,0.7348440158692366,0.8581923032353701,0.7187692163185855,4.759383298108147
0.1945,0.013029415649724244,0.0,4.690730284153204,0.5274675778761027,0.733481463551933,0.8485139454115924,0.7158714789183216,4.690730284153204
0.195,0.013009415649724243,0.0,4.620049014318508,0.5158218664931554,0.7321240397872094,0.8383031692013476,0.7129698797603017,4.620049014318508
0.1955,0.012989415649724244,0.0,4.547290652139376,0.5044332643733306,0.73077196266918,0.8275481914577447,0.7100650556599784,4.547290652139376
0.196,0.012969415649724245,0.0,4.472412219143502,0.49329618258238384,0.7294254497399764,0.8162393505056253,0.7071576510063438,4.472412219143502
0.1965,0.012949415649724244,0.0,4.395376630583196,0.4824050321860707,0.7280847185417304,0.8043693252065217,0.7042483188378801,4.395376630583196
0.197,0.012929415649724245,0.0,4.316160617774984,0.47175445787649206,0.7267499706603476,0.7919336661590314,0.7013376858635165,4.316160617774984
0.1975,0.012909415649724244,0.0,4.234725635704963,0.4613388018289612,0.7254214533546893,0.7789305618074674,0.6984264868885959,4.234725635704963
0.198,0.012889415649724244,0.0,4.151071644607957,0.4511530595857609,0.7240993473701028,0.765362115870212,0.6955153195135872,4.151071644607957
0.1985,0.012869415649724244,0.0,4.0652079048140335,0.4411922862422632,0.7227838275319799,0.7512340788300869,0.6926047748887237,4.0652079048140335
0.199,0.012849415649724244,0.0,3.9771504304291154,0.43145153689384014,0.7214750686657116,0.736556004026793,0.6896954505009198,3.9771504304291154
0.1995,0.012829415649724243,0.0,3.886922295806736,0.4219258666358638,0.7201732455966896,0.7213414185940857,0.6867879500804377,3.886922295806736
0.2,0.012809415649724244,0.0,3.7943832506482913,0.4126104495471792,0.7188789154700731,0.7056084821644938,0.6838837433308708,3.7943832506482913
0.2005,0.012811637871946467,0.0,4.403326902814062,0.4035007070693942,0.7177324648552436,0.6895110989772841,0.6813001544132147,4.403326902814062
0.201,0.012813860094168688,0.0,4.927244572784912,0.3945920932355167,0.716840487979981,0.6731895408704696,0.6792827630103389,4.927244572784912
0.2015,0.012816082316390911,0.0,5.368204569358137,0.38588017620935994,0.71615906502346,0.6566484533374705,0.6777372945265745,5.368204569358137
0.202,0.012818304538613132,0.0,5.7319736683629605,0.3773606038201521,0.7156520114266448,0.6398974158816121,0.6765848855771482,5.7319736683629605
0.2025,0.012820526760835355,0.0,6.024819027364286,0.36902913857898423,0.715291713834542,0.6229530326063893,0.6757647671549107,6.024819027364286
0.203,0.012822748983057578,0.0,6.2538665352054155,0.36088161675145,0.7150550952261759,0.6058356891283121,0.6752256049737453,6.2538665352054155
0.20350000000000001,0.0128249712052798,0.0,6.4255832716329415,0.35291399174189875,0.7149242519372256,0.588570819338487,0.6749272714657983,6.4255832716329415
0.20400000000000001,0.012827193427502022,0.0,6.547392336394106,0.3451222702778203,0.7148822919390683,0.5711847245188808,0.6748315702003252,6.547392336394106
0.20450000000000002,0.012829415649724243,0.0,6.632109167645844,0.33750258964261787,0.7149050152163023,0.5536957969506625,0.6748833986047328,6.632109167645844
0.20500000000000002,0.012831637871946466,0.0,6.690276857227018,0.330051142462606,0.7149733923525954,0.5361276600885826,0.6750393317320499,6.690276857227018
0.20550000000000002,0.01283386009416869,0.0,6.7168463468735355,0.3227642106749724,0.7150953260406145,0.5185332702390147,0.6753173070243851,6.7168463468735355
0.20600000000000002,0.01283608231639091,0.0,6.707323598618145,0.31563817041795844,0.7152780674356183,0.5009650419826277,0.6757336844672146,6.707323598618145
0.20650000000000002,0.012838304538613133,0.0,6.658609600313684,0.3086694624020406,0.7155269854656973,0.48347278088259255,0.6763004160070656,6.658609600313684
0.20700000000000002,0.012840526760835356,0.0,6.570201611791131,0.3018546159370038,0.7158436655343927,0.4661010944876737,0.6770207103322796,6.570201611791131
0.20750000000000002,0.012842748983057577,0.0,6.444732949266757,0.29519023385166343,0.7162249582076828,0.44888791573026476,0.6778869026230746,6.444732949266757
0.20800000000000002,0.0128449712052798,0.0,6.2877351473699505,0.2886729968492411,0.7166631388903418,0.43186450123746956,0.6788808925461052,6.2877351473699505
0.20850000000000002,0.012847193427502021,0.0,6.106671754377114,0.28229964454160933,0.7171471765319142,0.4150567431252971,0.6799771210245276,6.106671754377114
0.20900000000000002,0.012849415649724244,0.0,5.908814526332381,0.27606701360657937,0.7176660750289799,0.39848888609574834,0.6811502192418337,5.908814526332381
0.20950000000000002,0.012851637871946467,0.0,5.700613115894747,0.2699720007923695,0.7182098145212747,0.3821843845437648,0.6823771654714625,5.700613115894747
0.21000000000000002,0.012853860094168688,0.0,5.487309175551643,0.2640115387980376,0.7187700054860097,0.36616641361121066,0.6836387607426438,5.487309175551643
0.21050000000000002,0.012856082316390911,0.0,5.272015276457269,0.2581826879878177,0.7193417023608427,0.35045976017696434,0.6849236798651608,5.272015276457269
0.21100000000000002,0.012858304538613132,0.0,5.057323692253119,0.25248254044289703,0.7199205879722547,0.33508744888982095,0.6862220918327698,5.057323692253119
0.21150000000000002,0.012860526760835355,0.0,4.845010890720215,0.24690822993401756,0.7205036037834911,0.32007124795555797,0.6875270580079371,4.845010890720215
0.21200000000000002,0.012862748983057578,0.0,4.636106370132774,0.2414569995985525,0.7210889382411557,0.30543166890683854,0.6888344785142166,4.636106370132774
0.21250000000000002,0.0128649712052798,0.0,4.431460771780415,0.2361261475577928,0.7216749868421065,0.29118671181120526,0.6901407482026336,4.431460771780415
0.21300000000000002,0.012867193427502022,0.0,4.231739687679963,0.23091296502730416,0.7222603879627022,0.2773517047570456,0.6914428316214852,4.231739687679963
0.21350000000000002,0.012869415649724244,0.0,4.0374028188932956,0.22581487117257207,0.7228440970374674,0.2639397434154112,0.6927384218120929,4.0374028188932956
0.21400000000000002,0.012871637871946466,0.0,3.848827797275516,0.22082936210627538,0.7234251505874469,0.25096137365413257,0.6940254106896944,3.848827797275516
0.21450000000000002,0.01287386009416869,0.0,3.66634106237709,0.21595395491643937,0.7240026072155838,0.23842447048929963,0.6953017567048189,3.66634106237709
0.21500000000000002,0.01287608231639091,0.0,3.4902111508258042,0.21118621425053685,0.7245755678834488,0.22633443800615938,0.6965655287731011,3.4902111508258042
0.21550000000000002,0.012878304538613133,0.0,3.320677371125676,0.20652363303329815,0.7251431150055434,0.21469398782762766,0.6978147710845762,3.320677371125676
0.21600000000000003,0.012880526760835355,0.0,3.1578084509379365,0.20196398917744532,0.7257046599948571,0.20350446126096766,0.6990482658058522,3.1578084509379365
0.21650000000000003,0.012882748983057577,0.0,3.001651361777231,0.19750506059570028,0.72625961426438,0.1927649664512092,0.7002648048692559,3.001651361777231
0.21700000000000003,0.0128849712052798,0.0,2.8522322925083996,0.19314462520078501,0.7268073892271015,0.1824725598604028,0.7014631896763504,2.8522322925083996
0.21750000000000003,0.012887193427502022,0.0,2.709554675235297,0.18888046628710806,0.7273474043497213,0.17262245330378986,0.7026422483406626,2.709554675235297
0.21800000000000003,0.012889415649724244,0.0,2.5734950212331675,0.1847104980843509,0.727879374629037,0.1632086619530252,0.7038014609908639,2.5734950212331675
0.21850000000000003,0.012891637871946467,0.0,2.4439367118673956,0.18063247900715035,0.7284029792659746,0.15422329092191286,0.7049402333136057,2.4439367118673956
0.21900000000000003,0.012893860094168689,0.0,2.3205935160691182,0.17664447720774254,0.7289183641656799,0.14565806228604017,0.7060589868535563,2.3205935160691182
0.21950000000000003,0.012896082316390911,0.0,2.2031899361691045,0.1727445608383637,0.7294256752332978,0.13750345503038267,0.7071581391081727,2.2031899361691045
0.22000000000000003,0.012898304538613133,0.0,2.0914608956586207,0.16893079805124991,0.7299250583739738,0.12974888687699948,0.7082381036227943,2.0914608956586207
0.22050000000000003,0.012900526760835355,0.0,1.985151432543573,0.16520125699863739,0.7304166594928532,0.1223828887777423,0.7092992900840309,1.985151432543573
0.22100000000000003,0.012902748983057578,0.0,1.8840058951999976,0.1615540826883431,0.7309006578796353,0.11539343413584524,0.7103421762815476,1.8840058951999976
0.22150000000000003,0.0129049712052798,0.0,1.7876724331749463,0.1579873624484929,0.7313775813263801,0.10876794162922784,0.7113679847437377,1.7876724331749463
0.22200000000000003,0.012907193427502022,0.0,1.6958957914153903,0.15449935294537437,0.7318477055407954,0.102493580504579,0.7123773879050561,1.6958957914153903
0.22250000000000003,0.012909415649724244,0.0,1.6084508148404304,0.1510883734111828,0.7323112458004005,0.09655726293035749,0.7133709235002657,1.6084508148404304
0.22300000000000003,0.012911637871946467,0.0,1.525122554445449,0.14775274307811354,0.7327684173827154,0.09094566770100432,0.7143491250074455,1.525122554445449
0.22350000000000003,0.01291386009416869,0.0,1.4457059010701798,0.1444907811783619,0.7332194355652593,0.08564535044159775,0.7153125217595246,1.4457059010701798
0.22400000000000003,0.01291608231639091,0.0,1.3700180481155193,0.14130087048963672,0.7336644678520725,0.08064292825794563,0.7162615372619212,1.3700180481155193
0.22450000000000003,0.012918304538613134,0.0,1.297914606747801,0.1381813344795876,0.7341035644010827,0.07592494561244502,0.7171963421431633,1.297914606747801
0.22500000000000003,0.012920526760835355,0.0,1.2292704007716282,0.1351306193857551,0.7345367164044068,0.07147826118939726,0.7181169802505826,1.2292704007716282
0.22550000000000003,0.012922748983057578,0.0,1.163971221819334,0.13214726716390937,0.7349638809544113,0.06729005185448443,0.7190234224050103,1.163971221819334
0.22600000000000003,0.0129249712052798,0.0,1.1019044989228248,0.12922981976982054,0.7353850151434628,0.06334772383161227,0.7199156391574983,1.1019044989228248
0.22650000000000003,0.012927193427502022,0.0,1.0429593662403025,0.12637681915925877,0.7358000760639279,0.059638961191568994,0.720793600768695,1.0429593662403025
0.22700000000000004,0.012929415649724245,0.0,0.9870267312667084,0.12358680728799427,0.7362090208081733,0.05615176624690729,0.7216572771880689,0.9870267312667084
0.22750000000000004,0.012931637871946466,0.0,0.934001659219885,0.12085844025909834,0.7366117960146833,0.052874628157890215,0.7225066160055568,0.934001659219885
0.22800000000000004,0.012933860094168689,0.0,0.8837891676191135,0.11819021820093442,0.7370083098327429,0.04979620396956226,0.7233414836118778,0.8837891676191135
0.22850000000000004,0.012936082316390912,0.0,0.8362780181723902,0.11558088208155147,0.7373985519804911,0.04690584123094523,0.7241619179922286,0.8362780181723902
0.22900000000000004,0.012938304538613133,0.0,0.7913596829459696,0.11302917635302528,0.7377825128844686,0.04419326603256006,0.7249679578032645,0.7913596829459696
0.22950000000000004,0.012940526760835356,0.0,0.7489285214629084,0.11053384546743168,0.738160182971216,0.04164859129064985,0.7257596408733317,0.7489285214629084
0.23000000000000004,0.012942748983057578,0.0,0.7088817965108051,0.10809363387684652,0.738531552667274,0.03926232521594574,0.726537004197654,0.7088817965108051
0.23050000000000004,0.0129449712052798,0.0,0.6711183331752248,0.10570732525846696,0.7388966196249824,0.03702541373887734,0.7273000990269556,0.6711183331752248
0.23100000000000004,0.012947193427502023,0.0,0.6355313993771375,0.10337375646419658,0.7392554287693028,0.03492925133418944,0.7280490742948795,0.6355313993771375
0.23150000000000004,0.012949415649724244,0.0,0.6020195035751527,0.10109157238735234,0.7396080180925909,0.03296545049864344,0.7287840630333262,0.6020195035751527
0.23200000000000004,0.012951637871946467,0.0,0.5704773533457099,0.09885972037857614,0.7399544695102835,0.031126287690219603,0.7295052882892878,0.5704773533457099
0.23250000000000004,0.01295386009416869,0.0,0.5408041988150811,0.09667714778850993,0.7402948649378178,0.029404397677207258,0.7302129712893348,0.5408041988150811
0.23300000000000004,0.01295608231639091,0.0,0.5129037014673391,0.09454280196779563,0.7406292862906306,0.02779276860174458,0.7309073314795693,0.5129037014673391
0.23350000000000004,0.012958304538613134,0.0,0.48668380471490186,0.09245563026707518,0.7409578154841587,0.026284735424298836,0.7315885865650433,0.48668380471490186
0.23400000000000004,0.012960526760835355,0.0,0.46205660623145617,0.09041458003699049,0.7412805344338392,0.02487397201955047,0.7322569525486406,0.46205660623145617
0.23450000000000004,0.012962748983057578,0.0,0.4389382320480559,0.08841859862818352,0.741597525055109,0.023554482168352712,0.73291264376942,0.4389382320480559
0.23500000000000004,0.0129649712052798,0.0,0.4172464041954481,0.08646670798768814,0.7419088848535348,0.02232063782034191,0.7335559051298162,0.4172464041954481
0.23550000000000004,0.012967193427502022,0.0,0.3968967416758961,0.08455786553120744,0.7422147536662523,0.02116707581746523,0.7341870670905961,0.3968967416758961
0.23600000000000004,0.012969415649724245,0.0,0.37781227279220236,0.08269110146344637,0.742515250407905,0.020088770235561198,0.7348064149099846,0.37781227279220236
0.23650000000000004,0.012971637871946466,0.0,0.35991971219187013,0.08086553974464813,0.7428104961275331,0.019081025186224974,0.7354142363913374,0.35991971219187013
0.23700000000000004,0.012973860094168689,0.0,0.3431496160949353,0.07908030433505596,0.7431006118741768,0.018139403152255158,0.7360108175223106,0.3431496160949353
0.23750000000000004,0.012976082316390912,0.0,0.3274362172496983,0.07733451919491308,0.743385718696876,0.017259715035574528,0.7365964425251246,0.3274362172496983
0.23800000000000004,0.012978304538613133,0.0,0.3127172637378247,0.0756273082844627,0.7436659376446709,0.016438010057053223,0.737171393905657,0.3127172637378247
0.23850000000000005,0.012980526760835356,0.0,0.2989338616284039,0.07395779556394803,0.7439413897666018,0.015670565596627866,0.7377359525013627,0.2989338616284039
0.23900000000000005,0.012982748983057579,0.0,0.28603007603821573,0.07232518178258433,0.744212198113941,0.014953910620763053,0.738290401625193,0.28603007603821573
0.23950000000000005,0.0129849712052798,0.0,0.27395093195574655,0.07072856462772725,0.7444785033752693,0.014284733747461802,0.738835059050631,0.27395093195574655
0.24000000000000005,0.012987193427502023,0.0,0.2626457976325778,0.06916713828786317,0.7447404356903078,0.013659961741799884,0.7393702193137044,0.2626457976325778
0.24050000000000005,0.012989415649724244,0.0,0.25206722958448574,0.0676401723743075,0.7449981221675656,0.013076733210137501,0.7398961692077287,0.25206722958448574
0.24100000000000005,0.012991637871946467,0.0,0.24217044883628097,0.06614693649837572,0.745251689915552,0.012532355941800171,0.7404131940364718,0.24217044883628097
0.24150000000000005,0.01299386009416869,0.0,0.23291320127940668,0.06468670027138329,0.7455012660427759,0.012024298723627244,0.7409215776566802,0.23291320127940668
0.24200000000000005,0.01299608231639091,0.0,0.22425562227324783,0.06325873330464563,0.7457469776577467,0.011550183343462537,0.7414216025193185,0.22425562227324783
0.24250000000000005,0.012998304538613134,0.0,0.21616010549096978,0.061862305209478205,0.7459889518689732,0.011107776805900431,0.7419135497095087,0.21616010549096978
0.24300000000000005,0.013000526760835355,0.0,0.20859149642885189,0.060496724795712886,0.7462273127241169,0.010694995444832024,0.7423976927711073,0.20859149642885189
0.24350000000000005,0.013002748983057578,0.0,0.20151612393719173,0.05916129637824107,0.7464621891638776,0.010309882628960808,0.7428743139057066,0.20151612393719173
0.24400000000000005,0.0130049712052798,0.0,0.19490207677926644,0.057855279528609256,0.7466937115569467,0.009950591166695078,0.7433436969408188,0.19490207677926644
0.24450000000000005,0.013007193427502022,0.0,0.18872055185977477,0.056578070407917604,0.7469219971125034,0.009615426358242644,0.7438060978179051,0.18872055185977477
0.24500000000000005,0.013009415649724245,0.0,0.1829443504118906,0.055329065177266296,0.7471471630397267,0.009302797658586093,0.7442617713645658,0.1829443504118906
0.24550000000000005,0.013011637871946466,0.0,0.1775477801435939,0.0541076599977555,0.7473693265477956,0.009011213094096745,0.7447109713243427,0.1775477801435939
0.24600000000000005,0.013013860094168689,0.0,0.17250656099281003,0.05291325103048538,0.7475886048458893,0.008739273892375742,0.7451539503854215,0.17250656099281003
0.24650000000000005,0.013016082316390912,0.0,0.16779773449112786,0.051745234436556105,0.7478051151431869,0.008485669327123174,0.7455909602082351,0.16779773449112786
0.24700000000000005,0.013018304538613133,0.0,0.16339957673648364,0.05060300637706785,0.7480189746488674,0.008249171778308717,0.7460222514519674,0.16339957673648364
0.24750000000000005,0.013020526760835356,0.0,0.15929252787443515,0.04948603528397616,0.7482302894997588,0.008028645972478267,0.7464480514984989,0.15929252787443515
0.24800000000000005,0.013022748983057577,0.0,0.1554568566584652,0.048393684068217674,0.748439179040803,0.00782300842817688,0.7468686134333393,0.1554568566584652
0.24850000000000005,0.0130249712052798,0.0,0.15187506409724685,0.047325395908678826,0.7486457489124788,0.007631260640004148,0.7472841618409254,0.15187506409724685
0.24900000000000005,0.013027193427502023,0.0,0.14853135697801229,0.04628067614251963,0.7488500954037158,0.007452478541933051,0.7476949016851094,0.14853135697801229
0.24950000000000006,0.013029415649724244,0.0,0.1454107239726728,0.04525903010690009,0.749052314803444,0.007285796419326395,0.748101037177961,0.1454107239726728
0.25000000000000006,0.013031637871946467,0.0,0.14249888061903299,0.044259963138980236,0.7492525034005932,0.007130403578251135,0.748502771796522,0.14249888061903299
0.25050000000000006,0.013033860094168688,0.0,0.13978221673708352,0.04328298057592006,0.7494507574840935,0.006985541170270481,0.7489003082988219,0.13978221673708352
0.25100000000000006,0.013036082316390911,0.0,0.13724774628123798,0.0423275877548796,0.7496471733428745,0.006850499169002978,0.749293848739149,0.13724774628123798
0.25150000000000006,0.013038304538613134,0.0,0.13488305962756303,0.041393290013018856,0.7498418472658662,0.006724613494410099,0.7496835944825833,0.13488305962756303
0.25200000000000006,0.013040526760835355,0.0,0.13267770012825553,0.04047967658982483,0.7500348585117675,0.006607273805110812,0.7500697121630717,0.13267770012825553
0.25250000000000006,0.013042748983057578,0.0,0.13062036968180715,0.0395862151794714,0.7502263018569407,0.0064978938204797694,0.7504523988637597,0.13062036968180715
0.25300000000000006,0.0130449712052798,0.0,0.1287007509836235,0.038712399376360854,0.7504162655997276,0.0063959293597171405,0.7508318380912572,0.1287007509836235
0.25350000000000006,0.013047193427502022,0.0,0.12691065561657228,0.03785783513229562,0.7506048168085059,0.006300884626163187,0.7512081704035244,0.12691065561657228
0.25400000000000006,0.013049415649724245,0.0,0.12524221144413786,0.037022128399078154,0.7507920225516531,0.0062122954601486376,0.7515815359044169,0.12524221144413786
0.25450000000000006,0.013051637871946466,0.0,0.12368783831568911,0.03620488512851089,0.7509779498975471,0.0061297274843402725,0.7519520742510857,0.12368783831568911
0.25500000000000006,0.013053860094168689,0.0,0.12224022495336502,0.03540571127239627,0.7511626659145656,0.006052774342796918,0.7523199246610156,0.12224022495336502
0.25550000000000006,0.013056082316390912,0.0,0.12089230702058743,0.034624212782536745,0.7513462376710861,0.005981056030379158,0.752685225918704,0.12089230702058743
0.25600000000000006,0.013058304538613133,0.0,0.11963724637204416,0.03385999561073476,0.7515287322354864,0.005914217309143525,0.7530481163819817,0.11963724637204416
0.25650000000000006,0.013060526760835356,0.0,0.11846841148540381,0.033112665708792746,0.7517102166761443,0.005851926208356748,0.7534087339879713,0.11846841148540381
0.25700000000000006,0.013062748983057577,0.0,0.11737935907450107,0.03238182902851315,0.7518907580614375,0.00579387260478653,0.7537672162586874,0.11737935907450107
0.25750000000000006,0.0130649712052798,0.0,0.11636497116394996,0.031667143643963606,0.7520704086968574,0.005739770726017361,0.7541236710250266,0.11636497116394996
0.25800000000000006,0.013067193427502023,0.0,0.11542055288062966,0.030968212986599804,0.7522492172034362,0.0056893494138852575,0.7544781984947595,0.11542055288062966
0.25850000000000006,0.013069415649724244,0.0,0.1145413999658988,0.030284671746438084,0.7524272338692589,0.005642357771731949,0.7548309018814935,0.1145413999658988
0.25900000000000006,0.013071637871946467,0.0,0.11372365798205208,0.029616205680014787,0.7526044994284059,0.0055985647726679985,0.7551818651877216,0.11372365798205208
0.25950000000000006,0.013073860094168688,0.0,0.11296356379986891,0.02896250054386624,0.7527810546149574,0.00555775433874679,0.7555311721708292,0.11296356379986891
0.26000000000000006,0.013076082316390911,0.0,0.1122574377796832,0.02832324209452877,0.7529569401629935,0.0055197244408299985,0.7558789063454769,0.1122574377796832
0.26050000000000006,0.013078304538613134,0.0,0.11160167638821156,0.027698116088538713,0.7531321968065947,0.005484286246757248,0.7562251509858484,0.11160167638821156
0.26100000000000007,0.013080526760835355,0.0,0.11099274525129003,0.0270868082824324,0.753306865279841,0.005451263315729933,0.756569989127766,0.11099274525129003
0.26150000000000007,0.013082748983057578,0.0,0.11042717264253867,0.026489004432746162,0.7534809863168128,0.005420490836868688,0.7569135035706742,0.11042717264253867
0.26200000000000007,0.013084971205279801,0.0,0.10990154340773492,0.02590439029601633,0.7536546006515902,0.005391814909956555,0.75725577687949,0.10990154340773492
0.26250000000000007,0.013087193427502022,0.0,0.10941419817343342,0.025332760310314215,0.7538277265318071,0.005365096841396863,0.7575968471020049,0.10941419817343342
0.26300000000000007,0.013089415649724245,0.0,0.10896133035248406,0.024773679105987493,0.7540004110022723,0.005340196540164959,0.7579368088517963,0.10896133035248406
0.26350000000000007,0.013091637871946466,0.0,0.1085410591174422,0.024226897851874717,0.7541726762155818,0.005316991743122672,0.7582757075239633,0.1085410591174422
0.26400000000000007,0.013093860094168689,0.0,0.10815154436641165,0.023692168897413483,0.7543445441461524,0.005295368132028847,0.7586135880369533,0.10815154436641165
0.26450000000000007,0.013096082316390912,0.0,0.10779097082728624,0.023169244592041397,0.7545160367684006,0.005275218801826266,0.758950495184427,0.10779097082728624
0.26500000000000007,0.013098304538613133,0.0,0.10745754582797597,0.022657877285196058,0.7546871760567434,0.00525644381144767,0.7592864736359392,0.10745754582797597
0.26550000000000007,0.013100526760835356,0.0,0.10714949719343608,0.02215781932631506,0.7548579839855973,0.0052389497591590695,0.7596215679375774,0.10714949719343608
0.26600000000000007,0.013102748983057577,0.0,0.1068650712695581,0.02166882306483601,0.7550284825293792,0.005222649381315135,0.7599558225125652,0.1068650712695581
0.26650000000000007,0.0131049712052798,0.0,0.10660253107385452,0.0211906408501965,0.7551986936625057,0.005207461173437579,0.7602892816618251,0.10660253107385452
0.26700000000000007,0.013107193427502023,0.0,0.10636015457309293,0.020723025031834135,0.7553686393593936,0.005193309032563555,0.7606219895645022,0.10636015457309293
0.26750000000000007,0.013109415649724244,0.0,0.10613623308762649,0.020265727959186512,0.7555383415944595,0.005180121919847122,0.7609539902784515,0.10613623308762649
0.26800000000000007,0.013111637871946467,0.0,0.10592966140695034,0.01981855437474583,0.7557078144120207,0.005167834956343684,0.7612853122425931,0.10592966140695034
0.26850000000000007,0.013113860094168688,0.0,0.10573940714525426,0.019381239103058757,0.7558770709921001,0.005156385637085048,0.7616159821304155,0.10573940714525426
0.2690000000000001,0.013116082316390911,0.0,0.10556423891141833,0.018953535603636155,0.7560461272859642,0.005145716186917471,0.7619460319512961,0.10556423891141833
0.2695000000000001,0.013118304538613134,0.0,0.1054033315551706,0.018535252073321386,0.7562149938834862,0.005135774015440939,0.7622754831710854,0.1054033315551706
0.2700000000000001,0.013120526760835355,0.0,0.10525586527559024,0.018126196708957792,0.7563836813745392,0.005126509945136586,0.7626043571975117,0.10525586527559024
0.2705000000000001,0.013122748983057578,0.0,0.10512102510816562,0.01772617770738874,0.756552200348996,0.005117878003965957,0.7629326753803384,0.10512102510816562
0.2710000000000001,0.0131249712052798,0.0,0.10499800044119496,0.01733500326545758,0.7567205613967298,0.0051098352294001925,0.7632604590115109,0.10499800044119496
0.2715000000000001,0.013127193427502022,0.0,0.10488598456188723,0.016952481580007672,0.7568887751076139,0.005102341483339888,0.7635877293252946,0.10488598456188723
0.2720000000000001,0.013129415649724245,0.0,0.10478417423165089,0.016578420847882365,0.7570568520715211,0.005095359277405855,0.7639145074984048,0.10478417423165089
0.2725000000000001,0.013131637871946466,0.0,0.10469176929101505,0.01621262926592502,0.7572248028783245,0.005088853608100096,0.7642408146501264,0.10469176929101505
0.2730000000000001,0.01313386009416869,0.0,0.10460797229398035,0.015854915030978987,0.7573926381178974,0.005082791801355055,0.764566671842426,0.10460797229398035
0.2735000000000001,0.01313608231639091,0.0,0.10453205537385364,0.015505100344693037,0.7575603674732777,0.005077143588683154,0.7648920983212314,0.10453205537385364
0.2740000000000001,0.013138304538613133,0.0,0.10446391579578458,0.015163079409461763,0.7577279922158718,0.005071881794076384,0.7652170969769894,0.10446391579578458
0.2745000000000001,0.013140526760835356,0.0,0.10440258812954077,0.014828544568703701,0.7578955252790157,0.005066977999488311,0.7655416932803052,0.10440258812954077
0.2750000000000001,0.013142748983057577,0.0,0.10434773295267347,0.0145013519853212,0.7580629711661762,0.005062408169257559,0.7658658963162459,0.10434773295267347
0.2755000000000001,0.0131449712052798,0.0,0.10429901181329937,0.014181357822216604,0.75823033438082,0.005058149816969726,0.7661897151455596,0.10429901181329937
0.2760000000000001,0.013147193427502023,0.0,0.10425608712964689,0.013868418242292254,0.758397619426414,0.0050541819120830936,0.7665131588047045,0.10425608712964689
0.2765000000000001,0.013149415649724244,0.0,0.10421862209492008,0.013562389408450498,0.758564830806425,0.005050484791655395,0.7668362363058793,0.10421862209492008
0.2770000000000001,0.013151637871946467,0.0,0.10418628058749017,0.013263127483593679,0.7587319730243199,0.005047040076931856,0.76715895663705,0.10418628058749017
0.2775000000000001,0.013153860094168688,0.0,0.10415872708641458,0.01297048863062414,0.7588990505835654,0.005043830594563558,0.7674813287619755,0.10415872708641458
0.2780000000000001,0.013156082316390911,0.0,0.10413562659228348,0.012684329012444226,0.7590660679876285,0.005040840302233844,0.7678033616202319,0.10413562659228348
0.2785000000000001,0.013158304538613134,0.0,0.10411664455340341,0.012404504791956282,0.7592330297399759,0.005038054218478954,0.7681250641272346,0.10411664455340341
0.2790000000000001,0.013160526760835355,0.0,0.10410144679726033,0.01213087213206265,0.7593999403440744,0.005035458356497342,0.7684464451742602,0.10410144679726033
0.2795000000000001,0.013162748983057578,0.0,0.10408969946742552,0.01186328719566568,0.7595668043033909,0.005033039661750211,0.7687675136284642,0.10408969946742552
0.2800000000000001,0.0131649712052798,0.0,0.10408106896560641,0.011601606145667707,0.7597336261213921,0.005030785953163656,0.7690882783328999,0.10408106896560641
0.2805000000000001,0.013167193427502022,0.0,0.10407527344203588,0.011345703105554212,0.7599004096044941,0.005028686012990451,0.7694087467676411,0.10407527344203588
0.2810000000000001,0.013169415649724245,0.0,0.10407234626359231,0.01109548777893648,0.7600671542982436,0.005026729635836532,0.7697289182138285,0.10407234626359231
0.2815000000000001,0.013171637871946466,0.0,0.1040719818263227,0.010850750314905098,0.7602338643339713,0.005024906379649877,0.7700488007511181,0.1040719818263227
0.2820000000000001,0.01317386009416869,0.0,0.10407405043715777,0.010611385308754483,0.7604005414654392,0.005023207302751779,0.7703683978797812,0.10407405043715777
0.2825000000000001,0.01317608231639091,0.0,0.10407842248627756,0.010377287355779063,0.760567187446409,0.005021624040347335,0.7706877130907079,0.10407842248627756
0.2830000000000001,0.013178304538613133,0.0,0.1040849684324147,0.010148351051273262,0.7607338040306426,0.005020148769694574,0.7710067498654123,0.1040849684324147
0.2835000000000001,0.013180526760835356,0.0,0.10409355878885987,0.009924470990531502,0.7609003929719016,0.005018774177183351,0.7713255116760357,0.10409355878885987
0.2840000000000001,0.013182748983057577,0.0,0.10410406411034248,0.009705541768848209,0.761066956023948,0.005017493427233422,0.7716440019853521,0.10410406411034248
0.2845000000000001,0.0131849712052798,0.0,0.10411635498070962,0.009491457981517808,0.7612334949405436,0.005016300132924582,0.7719622242467703,0.10411635498070962
0.2850000000000001,0.013187193427502023,0.0,0.10413030200139385,0.009282114223834723,0.7614000114754501,0.005015188328275096,0.7722801819043387,0.10413030200139385
0.2855000000000001,0.013189415649724244,0.0,0.10414577578069832,0.009077405091093378,0.7615665073824293,0.005014152442087903,0.7725978783927474,0.10414577578069832
0.2860000000000001,0.013191637871946467,0.0,0.10416264692388992,0.008877225178588195,0.761732984415243,0.005013187273287276,0.7729153171373326,0.10416264692388992
0.2865000000000001,0.013193860094168688,0.0,0.10418078602406194,0.008681469081613604,0.7618994443276531,0.005012287967671693,0.7732325015540785,0.10418078602406194
0.2870000000000001,0.013196082316390911,0.0,0.1042000636539681,0.008490031395464025,0.7620658888734213,0.005011449996011689,0.7735494350496196,0.1042000636539681
0.2875000000000001,0.013198304538613134,0.0,0.10422038935570445,0.008302830283704567,0.7622323192792873,0.005010669230323687,0.7738661200187729,0.10422038935570445
0.2880000000000001,0.013200526760835355,0.0,0.10424178760863903,0.00811979269132094,0.7623987352185995,0.005009941843613339,0.7741825558971152,0.10424178760863903
0.2885000000000001,0.013202748983057578,0.0,0.10426412050119525,0.00794075622254347,0.7625651385592006,0.005009263919471324,0.7744987462903535,0.10426412050119525
0.2890000000000001,0.0132049712052798,0.0,0.1042873414463253,0.0077656448535940075,0.7627315299345278,0.005008632141225555,0.7748146924511604,0.1042873414463253
0.2895000000000001,0.013207193427502022,0.0,0.10431140384781058,0.007594382560694402,0.7628979099780182,0.005008043405634356,0.7751303956288322,0.10431140384781058
0.2900000000000001,0.013209415649724245,0.0,0.10433626109828505,0.007426893320066503,0.7630642793231089,0.005007494810041403,0.775445857069289,0.10433626109828505
0.2905000000000001,0.013211637871946466,0.0,0.10436186657742148,0.007263101107932162,0.7632306386032371,0.00500698364023233,0.7757610780150764,0.10436186657742148
0.2910000000000001,0.01321386009416869,0.0,0.10438817365025238,0.0071029299005132265,0.7633969884518399,0.0050065073589597945,0.7760760597053649,0.10438817365025238
0.2915000000000001,0.01321608231639091,0.0,0.10441513566542258,0.0069463036740315485,0.7635633295023543,0.005006063595105126,0.7763908033759508,0.10441513566542258
0.2920000000000001,0.013218304538613133,0.0,0.10444270595382683,0.006793146404708978,0.7637296623882175,0.005005650133445849,0.7767053102592573,0.10444270595382683
0.2925000000000001,0.013220526760835356,0.0,0.1044708378270733,0.006643382068767364,0.7638959877428665,0.0050052649049996375,0.7770195815843334,0.1044708378270733
0.2930000000000001,0.013222748983057577,0.0,0.10449948457620657,0.006496934642428557,0.7640623061997387,0.005004905977916327,0.7773336185768566,0.10449948457620657
0.2935000000000001,0.0132249712052798,0.0,0.10452859947060374,0.006353728101914407,0.7642286183922709,0.005004571548890859,0.7776474224591302,0.10452859947060374
0.2940000000000001,0.013227193427502022,0.0,0.10455813575671534,0.006213686423446763,0.7643949249539004,0.005004259935071011,0.777960994450087,0.10455813575671534
0.2945000000000001,0.013229415649724244,0.0,0.10458804665723007,0.006076733583247476,0.7645612265180642,0.0050039695664349385,0.778274335765287,0.10458804665723007
0.2950000000000001,0.013231637871946467,0.0,0.10461829134931476,0.005942800468901611,0.7647275236375484,0.005003698992380759,0.7785874474651185,0.10461829134931476
0.2955000000000001,0.013233860094168689,0.0,0.10464890062931698,0.005811857962178418,0.7648938158989412,0.005003446934507228,0.7789003287897562,0.10464890062931698
0.2960000000000001,0.013236082316390911,0.0,0.10467981983200253,0.005683776470860225,0.7650601040415145,0.005003212008654186,0.779212981148064,0.10467981983200253
0.2965000000000001,0.013238304538613133,0.0,0.10471103272780787,0.005558501789129345,0.7652263882859092,0.005002993066769483,0.7795254049708853,0.10471103272780787
0.2970000000000001,0.013240526760835356,0.0,0.1047425230787336,0.005435979711168087,0.7653926688527665,0.005002789034622982,0.7798376006878892,0.1047425230787336
0.2975000000000001,0.013242748983057578,0.0,0.10477427463797055,0.005316156031158764,0.7655589459627276,0.0050025989073673414,0.7801495687275708,0.10477427463797055
0.2980000000000001,0.0132449712052798,0.0,0.10480627114981851,0.005198976543283684,0.7657252198364335,0.005002421745341079,0.7804613095172503,0.10480627114981851
0.2985000000000001,0.013247193427502022,0.0,0.10483849634943428,0.00508438704172516,0.7658914906945254,0.005002256670102492,0.7807728234830742,0.10483849634943428
0.2990000000000001,0.013249415649724245,0.0,0.1048709339626602,0.004972333320665502,0.7660577587576446,0.00500210286068339,0.7810841110500143,0.1048709339626602
0.2995000000000001,0.013251637871946467,0.0,0.10490356770582682,0.00486276117428702,0.7662240242464321,0.005001959550052075,0.781395172641869,0.10490356770582682
0.3000000000000001,0.01325386009416869,0.0,0.10493638128568415,0.0047556163967720265,0.766390287381529,0.005001826021775385,0.7817060086812616,0.10493638128568415
0.3005000000000001,0.01325608231639091,0.0,0.10496935839913335,0.0046508447823028305,0.7665565483835766,0.00500170160687002,0.7820166195896423,0.10496935839913335
0.3010000000000001,0.013258304538613134,0.0,0.10500248273324157,0.004548392125061745,0.7667228074732158,0.005001585680833783,0.7823270057872865,0.10500248273324157
0.3015000000000001,0.013260526760835356,0.0,0.10503573796497985,0.0044482042192310785,0.7668890648710879,0.00500147766084772,0.7826371676932965,0.10503573796497985
0.3020000000000001,0.013262748983057578,0.0,0.10506910776120551,0.004350226858993143,0.767055320797834,0.005001377003140537,0.7829471057255999,0.10506910776120551
0.3025000000000001,0.0132649712052798,0.0,0.10510257577857066,0.004254405838530249,0.7672215754740953,0.005001283200506995,0.7832568203009508,0.10510257577857066
0.3030000000000001,0.013267193427502022,0.0,0.10513616058310109,0.00416076610017962,0.7673878286506568,0.005001195852771054,0.7835663109605752,0.10513616058310109
0.3035000000000001,0.013269415649724245,0.0,0.10516983389885733,0.004069162279765759,0.7675540807086385,0.005001114428803351,0.7838755784191754,0.10516983389885733
0.3040000000000001,0.013271637871946467,0.0,0.10520358933845796,0.003979552764814086,0.7677203317344942,0.005001038530118305,0.7841846228418663,0.10520358933845796
0.3045000000000001,0.013273860094168689,0.0,0.105237422014947,0.0038919008701968,0.7678865817944441,0.005000967788023872,0.7844934443557309,0.105237422014947
0.3050000000000001,0.013276082316390912,0.0,0.10527132703834703,0.0038061699107860988,0.7680528309547084,0.005000901857381742,0.7848020430874998,0.10527132703834703
0.3055000000000001,0.013278304538613133,0.0,0.10530529951552682,0.003722323201454183,0.7682190792815073,0.005000840415203166,0.7851104191635513,0.10530529951552682
0.3060000000000001,0.013280526760835356,0.0,0.105339334550254,0.00364032405707325,0.7683853268410611,0.0050007831593205584,0.7854185727099117,0.105339334550254
0.3065000000000001,0.013282748983057579,0.0,0.10537342724315213,0.0035601357925154993,0.7685515736995899,0.005000729807131347,0.7857265038522546,0.10537342724315213
0.3070000000000001,0.0132849712052798,0.0,0.10540757269169757,0.00348172172265313,0.7687178199233139,0.005000680094410657,0.7860342127159013,0.10540757269169757
0.3075000000000001,0.013287193427502023,0.0,0.10544176599022727,0.003405045162358342,0.7688840655784533,0.005000633774189585,0.7863416994258214,0.10544176599022727
0.3080000000000001,0.013289415649724245,0.0,0.10547600222987015,0.0033300694265033324,0.7690503107312284,0.00500059061569589,0.7866489641066314,0.10547600222987015
0.3085000000000001,0.013291637871946467,0.0,0.10551027649861534,0.003256757829960301,0.7692165554478593,0.0050005504033541,0.7869560068825959,0.10551027649861534
0.3090000000000001,0.01329386009416869,0.0,0.10554458388125548,0.0031850736876014468,0.7693827997945661,0.005000512935842119,0.7872628278776274,0.10554458388125548
0.3095000000000001,0.01329608231639091,0.0,0.10557891945936045,0.0031149803142989686,0.7695490438375693,0.005000478025201549,0.7875694272152858,0.10557891945936045
0.3100000000000001,0.013298304538613134,0.0,0.10561327831133922,0.0030464410249250655,0.7697152876430888,0.005000445495999056,0.7878758050187787,0.10561327831133922
0.3105000000000001,0.013300526760835357,0.0,0.1056476555123868,0.0029794191343519368,0.769881531277345,0.005000415184536202,0.7881819614109619,0.1056476555123868
0.3110000000000001,0.013302748983057578,0.0,0.10568204613447094,0.0029138779574517807,0.7700477748065581,0.005000386938105291,0.7884878965143383,0.10568204613447094
0.3115000000000001,0.0133049712052798,0.0,0.10571644524637817,0.0028497808090967966,0.7702140182969481,0.005000360614288872,0.7887936104510589,0.10571644524637817
0.3120000000000001,0.013307193427502022,0.0,0.10575084791365441,0.002787091004159183,0.7703802618147354,0.00500033608030063,0.7890991033429222,0.10575084791365441
0.3125000000000001,0.013309415649724245,0.0,0.10578526080636762,0.0027258153287024332,0.7705465052704344,0.005000313228352077,0.7894043750255569,0.10578526080636762
0.3130000000000001,0.013311637871946468,0.0,0.10581968127622615,0.0026658838764526487,0.7707127486995939,0.005000291929197105,0.7897094255644177,0.10581968127622615
0.3135000000000001,0.013313860094168689,0.0,0.10585410519375568,0.0026072562364451604,0.7708789921576014,0.005000272073724267,0.790014255061134,0.10585410519375568
0.3140000000000001,0.013316082316390912,0.0,0.10588853123437948,0.0025499085144325257,0.7710452356622021,0.005000253565719981,0.7903188635480937,0.10588853123437948
0.3145000000000001,0.013318304538613133,0.0,0.10592295807264084,0.002493816816167302,0.7712114792311412,0.005000236315108562,0.7906232510575899,0.10592295807264084
0.3150000000000001,0.013320526760835356,0.0,0.10595738438223244,0.002438957247402046,0.7713777228821641,0.005000220237586887,0.7909274176218218,0.10595738438223244
0.3155000000000001,0.013322748983057579,0.0,0.10599180883598708,0.002385305913889315,0.771543966633016,0.0050002052542787246,0.791231363272894,0.10599180883598708
0.3160000000000001,0.0133249712052798,0.0,0.1060262301058683,0.002332838921381666,0.7717102105014423,0.005000191291407838,0.7915350880428168,0.1060262301058683
0.3165000000000001,0.013327193427502023,0.0,0.10606064686300005,0.002281532375631657,0.771876454505188,0.0050001782799889765,0.7918385919635058,0.10606064686300005
0.3170000000000001,0.013329415649724244,0.0,0.10609505777761874,0.002231362382391844,0.7720426986619987,0.005000166155535891,0.7921418750667827,0.10609505777761874
0.3175000000000001,0.013331637871946467,0.0,0.10612946151914185,0.0021823050474147855,0.7722089429896194,0.005000154857785578,0.7924449373843742,0.10612946151914185
0.3180000000000001,0.01333386009416869,0.0,0.10616385675610075,0.0021343364764530373,0.7723751875057954,0.005000144330437966,0.7927477789479127,0.10616385675610075
0.3185000000000001,0.01333608231639091,0.0,0.10619824215617067,0.002087432775259157,0.772541432228272,0.005000134520910269,0.7930503997889369,0.10619824215617067
0.3190000000000001,0.013338304538613134,0.0,0.10623261638619098,0.0020415700495857022,0.7727076771747945,0.005000125380105322,0.7933527999388903,0.10623261638619098
0.3195000000000001,0.013340526760835355,0.0,0.10626697811212747,0.0019967244051852296,0.772873922363108,0.005000116862193166,0.7936549794291221,0.10626697811212747
0.3200000000000001,0.013342748983057578,0.0,0.10630132599910239,0.0019528719478102965,0.7730401678109581,0.0050001089244052456,0.7939569382908878,0.10630132599910239
0.3205000000000001,0.0133449712052798,0.0,0.10633565871139584,0.0019099887832134605,0.7732064135360897,0.0050001015268405615,0.7942586765553473,0.10633565871139584
0.3210000000000001,0.013347193427502022,0.0,0.10636997491239822,0.0018680510171472783,0.7733726595562482,0.005000094632283178,0.7945601942535674,0.10636997491239822
0.3215000000000001,0.013349415649724245,0.0,0.10640427326469919,0.001827034755364307,0.773538905889179,0.005000088206030495,0.7948614914165194,0.10640427326469919
0.3220000000000001,0.013351637871946468,0.0,0.10643855523396896,0.0017869530242028235,0.7737051525151307,0.005000082221168363,0.795162568007199,0.10643855523396896
0.3225000000000001,0.013353860094168689,0.0,0.10647282124973112,0.0017477660042960587,0.7738713994282185,0.005000076644545134,0.7954634240137908,0.10647282124973112
0.3230000000000001,0.013356082316390912,0.0,0.10650706915372496,0.0017094235636587816,0.7740376466571568,0.005000071444178528,0.7957640594870563,0.10650706915372496
0.3235000000000001,0.013358304538613133,0.0,0.1065412986493571,0.0016719110056266679,0.7742038942057573,0.005000066595222157,0.7960644744326206,0.1065412986493571
0.3240000000000001,0.013360526760835356,0.0,0.10657550943990766,0.0016352136335353925,0.7743701420778317,0.005000062074393991,0.7963646688560886,0.10657550943990766
0.3245000000000001,0.013362748983057579,0.0,0.1066097012284428,0.001599316750720631,0.7745363902771917,0.005000057859884817,0.7966646427630447,0.1066097012284428
0.3250000000000001,0.0133649712052798,0.0,0.10664387371787354,0.001564205660518059,0.7747026388076488,0.005000053931271518,0.7969643961590529,0.10664387371787354
0.3255000000000001,0.013367193427502023,0.0,0.10667802661093666,0.0015298656662633518,0.7748688876730148,0.005000050269434975,0.7972639290496575,0.10667802661093666
0.3260000000000001,0.013369415649724244,0.0,0.10671215961019496,0.0014962820712921846,0.7750351368771012,0.005000046856482345,0.7975632414403817,0.10671215961019496
0.3265000000000001,0.013371637871946467,0.0,0.10674627241803765,0.0014634401789402334,0.7752013864237199,0.005000043675673545,0.7978623333367293,0.10674627241803765
0.3270000000000001,0.01337386009416869,0.0,0.10678036473667085,0.001431325292543173,0.7753676363166825,0.005000040711351723,0.7981612047441831,0.10678036473667085
0.3275000000000001,0.013376082316390911,0.0,0.10681443626813758,0.0013999227154366791,0.7755338865598005,0.005000037948877553,0.7984598556682059,0.10681443626813758
0.3280000000000001,0.013378304538613134,0.0,0.10684848671432773,0.0013692177509564273,0.7757001371568856,0.005000035374567143,0.7987582861142402,0.10684848671432773
0.3285000000000001,0.013380526760835357,0.0,0.10688251577691023,0.0013391957024380926,0.7758663881117496,0.005000032975633406,0.7990564960877085,0.10688251577691023
0.3290000000000001,0.013382748983057578,0.0,0.10691652315740162,0.0013098418732173508,0.776032639428204,0.0050000307401307205,0.7993544855940125,0.10691652315740162
0.3295000000000001,0.0133849712052798,0.0,0.10695050855718596,0.001281141566629877,0.7761988911100606,0.005000028656902706,0.7996522546385338,0.10695050855718596
0.3300000000000001,0.013387193427502022,0.0,0.10698447167741763,0.0012530800860113469,0.7763651431611309,0.005000026715532984,0.7999498032266341,0.10698447167741763
0.3305000000000001,0.013389415649724245,0.0,0.10701841221912901,0.0012256427346974358,0.7765313955852268,0.00500002490629876,0.8002471313636543,0.10701841221912901
0.3310000000000001,0.013391637871946468,0.0,0.10705232988316253,0.001198814816023819,0.7766976483861596,0.005000023220127079,0.8005442390549152,0.10705232988316253
0.33150000000000013,0.013393860094168689,0.0,0.10708622437016135,0.0011725816333261721,0.7768639015677413,0.005000021648553639,0.8008411263057175,0.10708622437016135
0.33200000000000013,0.013396082316390912,0.0,0.10712009538064778,0.0011469284899401702,0.7770301551337835,0.005000020183684016,0.8011377931213414,0.10712009538064778
0.33250000000000013,0.013398304538613133,0.0,0.10715394261493577,0.0011218406892014893,0.7771964090880976,0.005000018818157172,0.8014342395070466,0.10715394261493577
0.33300000000000013,0.013400526760835356,0.0,0.10718776577321922,0.0010973035344458044,0.7773626634344956,0.005000017545111152,0.8017304654680733,0.10718776577321922
0.33350000000000013,0.013402748983057579,0.0,0.10722156455546497,0.001073302329008791,0.7775289181767889,0.005000016358150816,0.8020264710096405,0.10722156455546497
0.33400000000000013,0.0134049712052798,0.0,0.1072553404045066,0.0010498562742777677,0.7776951732955695,0.005000015252893637,0.8023222560956524,0.1072553404045066
0.33450000000000013,0.013407193427502023,0.0,0.10728909261796657,0.0010269206810350152,0.777861428800015,0.005000014222238545,0.8026178207409167,0.10728909261796657
0.33500000000000013,0.013409415649724244,0.0,0.10732282088554283,0.001004480046321303,0.7780276846940758,0.00500001326096818,0.8029131649509095,0.10732282088554283
0.33550000000000013,0.013411637871946467,0.0,0.10735652514796844,0.0009825257121327791,0.7781939409783576,0.005000012364505044,0.8032082887251507,0.10735652514796844
0.33600000000000013,0.01341386009416869,0.0,0.1073902053459794,0.0009610490204655915,0.7783601976534655,0.005000011528559819,0.8035031920631566,0.1073902053459794
0.33650000000000013,0.013416082316390911,0.0,0.10742386142026589,0.0009400413133158883,0.7785264547200051,0.005000010749114493,0.8037978749644403,0.10742386142026589
0.33700000000000013,0.013418304538613134,0.0,0.10745749331153101,0.0009194939326798177,0.7786927121785818,0.005000010022406373,0.8040923374285119,0.10745749331153101
0.33750000000000013,0.013420526760835355,0.0,0.10749110096044193,0.0008993982205535274,0.778858970029801,0.005000009344912955,0.8043865794548781,0.10749110096044193
0.33800000000000013,0.013422748983057578,0.0,0.10752468430765923,0.0008797455189331658,0.7790252282742681,0.005000008713337595,0.8046806010430427,0.10752468430765923
0.33850000000000013,0.013424971205279801,0.0,0.10755824329384686,0.0008605271698148808,0.7791914869125884,0.005000008124595965,0.8049744021925056,0.10755824329384686
0.33900000000000013,0.013427193427502022,0.0,0.10759177785959385,0.0008417345151948206,0.7793577459453676,0.005000007575803239,0.8052679829027641,0.10759177785959385
0.33950000000000014,0.013429415649724245,0.0,0.10762528794553185,0.0008233588970691331,0.7795240053732108,0.005000007064261986,0.805561343173312,0.10762528794553185
0.34000000000000014,0.013431637871946466,0.0,0.10765877349224702,0.0008053916574339666,0.7796902651967236,0.005000006587450732,0.80585448300364,0.10765877349224702
0.34050000000000014,0.013433860094168689,0.0,0.10769223444032913,0.0007878241382854687,0.7798565254165113,0.005000006143013155,0.8061474023932355,0.10769223444032913
0.34100000000000014,0.013436082316390912,0.0,0.10772567073034228,0.0007706476816197881,0.7800227860331793,0.005000005728747894,0.8064401013415824,0.10772567073034228
0.34150000000000014,0.013438304538613133,0.0,0.10775908230280523,0.0007538536294330724,0.7801890470473332,0.005000005342598927,0.8067325798481619,0.10775908230280523
0.34200000000000014,0.013440526760835356,0.0,0.10779246909828953,0.0007374333237214697,0.7803553084595781,0.0050000049826465056,0.8070248379124517,0.10779246909828953
0.34250000000000014,0.013442748983057579,0.0,0.10782583105727261,0.0007213781064811282,0.7805215702705197,0.005000004647098601,0.8073168755339264,0.10782583105727261
0.34300000000000014,0.0134449712052798,0.0,0.1078591681202652,0.0007056793197081959,0.7806878324807633,0.005000004334282851,0.8076086927120572,0.1078591681202652
0.34350000000000014,0.013447193427502023,0.0,0.10789248022776242,0.000690328305398821,0.7808540950909143,0.005000004042638977,0.8079002894463119,0.10789248022776242
0.34400000000000014,0.013449415649724244,0.0,0.10792576732021439,0.0006753164055491514,0.7810203581015781,0.005000003770711641,0.8081916657361556,0.10792576732021439
0.34450000000000014,0.013451637871946467,0.0,0.10795902933809498,0.000660634962155335,0.7811866215133602,0.005000003517143727,0.80848282158105,0.10795902933809498
0.34500000000000014,0.01345386009416869,0.0,0.10799226622182342,0.0006462753172135203,0.7813528853268658,0.005000003280670029,0.8087737569804532,0.10799226622182342
0.34550000000000014,0.013456082316390911,0.0,0.10802547800136907,0.0006322358951270054,0.7815191495415118,0.0050000030602210185,0.8090644719317429,0.10802547800136907
0.34600000000000014,0.013458304538613134,0.0,0.10805866517197243,0.0006185385781861915,0.7816854141505405,0.005000002855133686,0.8093549664215158,0.10805866517197243
0.34650000000000014,0.013460526760835355,0.0,0.10809182725057065,0.0006051311744481078,0.7818516791601803,0.005000002663694402,0.8096452404590683,0.10809182725057065
0.34700000000000014,0.013462748983057578,0.0,0.10812496422852692,0.0005920090145485729,0.7820179445703617,0.005000002485019102,0.8099352940426803,0.10812496422852692
0.34750000000000014,0.013464971205279801,0.0,0.1081580760971616,0.0005791674291234049,0.7821842103810154,0.005000002318278038,0.8102251271706329,0.1081580760971616
0.34800000000000014,0.013467193427502022,0.0,0.10819116284785003,0.0005666017488084225,0.782350476592072,0.0050000021626926995,0.8105147398412073,0.10819116284785003
0.34850000000000014,0.013469415649724245,0.0,0.10822422447201285,0.0005543073042394439,0.782516743203462,0.00500000201753288,0.8108041320526844,0.10822422447201285
0.34900000000000014,0.013471637871946466,0.0,0.10825726096099819,0.0005422794260522879,0.782683010215116,0.005000001882113901,0.8110933038033465,0.10825726096099819
0.34950000000000014,0.01347386009416869,0.0,0.10829027230625839,0.0005305134448827725,0.7828492776269648,0.0050000017557939765,0.8113822550914759,0.10829027230625839
0.35000000000000014,0.013476082316390912,0.0,0.1083232584992321,0.0005190046913667163,0.7830155454389386,0.005000001637971717,0.8116709859153547,0.1083232584992321
0.35050000000000014,0.013478304538613133,0.0,0.1083562195313149,0.0005077484961399377,0.7831818136509684,0.005000001528083755,0.8119594962732664,0.1083562195313149
0.35100000000000015,0.013480526760835356,0.0,0.10838915539403597,0.0004967401898382551,0.7833480822629845,0.005000001425602512,0.8122477861634938,0.10838915539403597
0.35150000000000015,0.013482748983057579,0.0,0.10842206607884212,0.00048597510309748707,0.7835143512749176,0.0050000013300340726,0.812535855584321,0.10842206607884212
0.35200000000000015,0.0134849712052798,0.0,0.1084549515772254,0.0004754485665534519,0.7836806206866983,0.005000001240916173,0.8128237045340316,0.1084549515772254
0.35250000000000015,0.013487193427502023,0.0,0.10848781188071324,0.000465155910841968,0.7838468904982572,0.005000001157816304,0.8131113330109103,0.10848781188071324
0.35300000000000015,0.013489415649724244,0.0,0.10852064698080958,0.000455092466598854,0.7840131607095249,0.005000001080329917,0.8133987410132419,0.10852064698080958
0.35350000000000015,0.013491637871946467,0.0,0.10855345686908328,0.000445253564459928,0.7841794313204319,0.00500000100807872,0.8136859285393113,0.10855345686908328
0.35400000000000015,0.01349386009416869,0.0,0.10858624153707958,0.0004356345350610087,0.784345702330909,0.005000000940709082,0.8139728955874043,0.10858624153707958
0.35450000000000015,0.013496082316390911,0.0,0.10861900097636935,0.0004262307090379143,0.7845119737408864,0.00500000087789051,0.8142596421558064,0.10861900097636935
0.35500000000000015,0.013498304538613134,0.0,0.1086517351785687,0.0004170374170264635,0.7846782455502951,0.005000000819314228,0.8145461682428039,0.1086517351785687
0.35550000000000015,0.013500526760835355,0.0,0.10868444413524059,0.00040804998966247443,0.7848445177590655,0.005000000764691823,0.8148324738466837,0.10868444413524059
0.35600000000000015,0.013502748983057578,0.0,0.10871712783804242,0.00039926375758176573,0.7850107903671282,0.005000000713753978,0.8151185589657324,0.10871712783804242
0.35650000000000015,0.013504971205279801,0.0,0.10874978627858832,0.0003906740514201557,0.7851770633744138,0.005000000666249271,0.8154044235982376,0.10874978627858832
0.35700000000000015,0.013507193427502022,0.0,0.10878241944854741,0.0003822762018134629,0.785343336780853,0.005000000621943049,0.8156900677424868,0.10878241944854741
0.35750000000000015,0.013509415649724245,0.0,0.1088150273395849,0.0003740655393975056,0.7855096105863761,0.005000000580616361,0.815975491396768,0.1088150273395849
0.35800000000000015,0.013511637871946466,0.0,0.10884760994337184,0.0003660373948081023,0.7856758847909141,0.0050000005420649625,0.8162606945593699,0.10884760994337184
0.35850000000000015,0.01351386009416869,0.0,0.10888016725163434,0.00035818709868107133,0.7858421593943973,0.00500000050609837,0.8165456772285811,0.10888016725163434
0.35900000000000015,0.013516082316390912,0.0,0.10891269925607479,0.0003505099816522313,0.7860084343967563,0.005000000472538979,0.8168304394026905,0.10891269925607479
0.35950000000000015,0.013518304538613133,0.0,0.10894520594840147,0.0003430013743574005,0.7861747097979218,0.005000000441221233,0.8171149810799881,0.10894520594840147
0.36000000000000015,0.013520526760835356,0.0,0.10897768732039734,0.00033565660743239744,0.7863409855978244,0.0050000004119908365,0.8173993022587637,0.10897768732039734
0.36050000000000015,0.013522748983057577,0.0,0.10901014336381185,0.0003284710115130404,0.7865072617963945,0.0050000003847040266,0.8176834029373071,0.10901014336381185
0.36100000000000015,0.0135249712052798,0.0,0.10904257429013536,0.00032145005696772533,0.7866735383906601,0.005000000359263149,0.8179672831089554,0.10904257429013536
0.36150000000000015,0.013527193427502023,0.0,0.10907498020560778,0.0003145924471074983,0.7868398153790411,0.005000000335550014,0.8182509427694349,0.10907498020560778
0.36200000000000015,0.013529415649724244,0.0,0.10910736079705063,0.0003078801845084455,0.7870060927654984,0.0050000003133989735,0.8185343819239221,0.10910736079705063
0.36250000000000016,0.013531637871946467,0.0,0.10913971606471375,0.00030131091813008476,0.7871723705498515,0.005000000292709533,0.818817600570521,0.10913971606471375
0.36300000000000016,0.013533860094168688,0.0,0.10917204600884782,0.00029488229693193396,0.7873386487319199,0.005000000273387347,0.8191005987073371,0.10917204600884782
0.36350000000000016,0.013536082316390911,0.0,0.10920435062975369,0.0002885919698735109,0.7875049273115236,0.005000000255343864,0.8193833763324765,0.10920435062975369
0.36400000000000016,0.013538304538613134,0.0,0.10923662992774287,0.00028243758591433346,0.7876712062884816,0.0050000002384960026,0.8196659334440459,0.10923662992774287
0.36450000000000016,0.013540526760835355,0.0,0.109268883903108,0.0002764167940139194,0.787837485662614,0.005000000222765833,0.8199482700401539,0.109268883903108
0.36500000000000016,0.013542748983057578,0.0,0.10930111255623116,0.00027052724313178674,0.7880037654337402,0.005000000208080283,0.8202303861189094,0.10930111255623116
0.36550000000000016,0.013544971205279801,0.0,0.10933331588745585,0.0002647665822274531,0.7881700456016798,0.005000000194370854,0.8205122816784224,0.10933331588745585
0.36600000000000016,0.013547193427502022,0.0,0.10936549389716567,0.00025913246026043645,0.7883363261662524,0.005000000181573353,0.8207939567168037,0.10936549389716567
0.36650000000000016,0.013549415649724245,0.0,0.10939764658578448,0.0002536225261902547,0.7885026071272776,0.005000000169627644,0.8210754112321652,0.10939764658578448
0.36700000000000016,0.013551637871946466,0.0,0.10942977395371703,0.0002482344289764255,0.7886688884845751,0.005000000158477403,0.8213566452226201,0.10942977395371703
0.36750000000000016,0.01355386009416869,0.0,0.10946187600143788,0.00024296581757846683,0.7888351702379642,0.005000000148069896,0.8216376586862818,0.10946187600143788
0.36800000000000016,0.013556082316390912,0.0,0.10949395272940246,0.00023781434095589647,0.7890014523872648,0.005000000138355759,0.8219184516212653,0.10949395272940246
0.36850000000000016,0.013558304538613133,0.0,0.10952600413810636,0.0002327776480682323,0.7891677349322963,0.005000000129288802,0.8221990240256861,0.10952600413810636
0.36900000000000016,0.013560526760835356,0.0,0.10955803022803588,0.00022785338787499216,0.7893340178728785,0.005000000120825811,0.8224793758976613,0.10955803022803588
0.36950000000000016,0.013562748983057578,0.0,0.10959003099974701,0.00022303920933569387,0.7895003012088307,0.005000000112926371,0.8227595072353081,0.10959003099974701
0.37000000000000016,0.0135649712052798,0.0,0.10962200645376673,0.00021833276140985531,0.7896665849399729,0.005000000105552692,0.8230394180367454,0.10962200645376673
0.37050000000000016,0.013567193427502023,0.0,0.10965395659069165,0.00021373169305699427,0.7898328690661244,0.00500000009866945,0.8233191083000927,0.10965395659069165
0.37100000000000016,0.013569415649724244,0.0,0.10968588141108929,0.0002092336532366286,0.7899991535871047,0.005000000092243635,0.8235985780234703,0.10968588141108929
0.37150000000000016,0.013571637871946467,0.0,0.10971778091557706,0.0002048362909082762,0.7901654385027337,0.005000000086244404,0.8238778272049998,0.10971778091557706
0.37200000000000016,0.013573860094168689,0.0,0.10974965510478277,0.0002005372550314548,0.7903317238128308,0.005000000080642949,0.8241568558428037,0.10974965510478277
0.37250000000000016,0.013576082316390911,0.0,0.10978150397936429,0.00019633419456568238,0.7904980095172157,0.005000000075412367,0.8244356639350054,0.10978150397936429
0.37300000000000016,0.013578304538613134,0.0,0.10981332753998982,0.0001922247584704767,0.790664295615708,0.005000000070527542,0.8247142514797292,0.10981332753998982
0.37350000000000017,0.013580526760835356,0.0,0.10984512578734777,0.00018820659570535563,0.7908305821081271,0.005000000065965031,0.8249926184751001,0.10984512578734777
0.37400000000000017,0.013582748983057578,0.0,0.10987689872215659,0.00018427735522983694,0.7909968689942928,0.005000000061702955,0.8252707649192448,0.10987689872215659
0.37450000000000017,0.013584971205279801,0.0,0.10990864634515485,0.00018043468600343859,0.7911631562740246,0.005000000057720905,0.82554869081029,0.10990864634515485
0.37500000000000017,0.013587193427502023,0.0,0.10994036865706178,0.00017667623698567836,0.7913294439471421,0.00500000005399984,0.8258263961463643,0.10994036865706178
0.37550000000000017,0.013589415649724245,0.0,0.10997206565867595,0.0001729996571360741,0.791495732013465,0.005000000050522007,0.8261038809255968,0.10997206565867595
0.37600000000000017,0.013591637871946467,0.0,0.11000373735078642,0.0001694025954141436,0.7916620204728128,0.005000000047270849,0.8263811451461173,0.11000373735078642
0.37650000000000017,0.01359386009416869,0.0,0.1100353839228976,0.0001659020290070195,0.7918283093225232,0.0050000000442474305,0.8266581888019238,0.1100353839228976
0.37700000000000017,0.013596082316390912,0.0,0.1100670052620691,0.00016248273195102015,0.7919945985639134,0.005000000041424677,0.8269350118936498,0.1100670052620691
0.37750000000000017,0.013598304538613134,0.0,0.11009860127415921,0.00015913363669126037,0.792160888198052,0.0050000000387817895,0.8272116144215094,0.11009860127415921
0.37800000000000017,0.013600526760835356,0.0,0.11013017195940482,0.0001558537243173714,0.7923271782247671,0.00500000003630763,0.8274879963836493,0.11013017195940482
0.37850000000000017,0.013602748983057578,0.0,0.11016171731802278,0.00015264197591898445,0.7924934686438868,0.005000000033991714,0.8277641577782177,0.11016171731802278
0.37900000000000017,0.0136049712052798,0.0,0.11019323735027936,0.0001494973725857308,0.7926597594552395,0.005000000031824175,0.8280400986033634,0.11019323735027936
0.37950000000000017,0.013607193427502023,0.0,0.11022473205644057,0.0001464188954072417,0.7928260506586532,0.0050000000297957285,0.8283158188572363,0.11022473205644057
0.38000000000000017,0.013609415649724245,0.0,0.11025620143679203,0.00014340552547314838,0.792992342253956,0.00500000002789764,0.8285913185379868,0.11025620143679203
0.38050000000000017,0.013611637871946468,0.0,0.11028764549164884,0.00014045624387308206,0.7931586342409761,0.0050000000261216995,0.8288665976437668,0.11028764549164884
0.38100000000000017,0.013613860094168689,0.0,0.11031906422132583,0.00013757003169667398,0.7933249266195418,0.005000000024460188,0.8291416561727288,0.11031906422132583
0.3815000000000002,0.013616082316390912,0.0,0.11035045762619701,0.00013474587003355543,0.793491219389481,0.005000000022905852,0.8294164941230261,0.11035045762619701
0.3820000000000002,0.013618304538613134,0.0,0.11038182570662618,0.0001319827399733576,0.793657512550622,0.005000000021451875,0.8296911114928132,0.11038182570662618
0.3825000000000002,0.013620526760835356,0.0,0.11041316846297682,0.00012927962260571174,0.793823806102793,0.005000000020091859,0.8299655082802453,0.11041316846297682
0.3830000000000002,0.013622748983057579,0.0,0.11044448589569135,0.0001266354990202491,0.793990100045822,0.005000000018819792,0.8302396844834783,0.11044448589569135
0.3835000000000002,0.0136249712052798,0.0,0.11047577800517219,0.00012404935030660094,0.7941563943795373,0.0050000000176300356,0.8305136401006697,0.11047577800517219
0.3840000000000002,0.013627193427502023,0.0,0.11050704479188092,0.00012152015755439848,0.794322689103767,0.005000000016517295,0.8307873751299772,0.11050704479188092
0.3845000000000002,0.013629415649724246,0.0,0.11053828625627861,0.00011904690185327295,0.7944889842183394,0.0050000000154766045,0.8310608895695601,0.11053828625627861
0.3850000000000002,0.013631637871946467,0.0,0.11056950239884582,0.00011662856429285563,0.7946552797230823,0.005000000014503307,0.8313341834175776,0.11056950239884582
0.3855000000000002,0.01363386009416869,0.0,0.11060069322010233,0.00011426412596277773,0.7948215756178241,0.005000000013593035,0.8316072566721908,0.11060069322010233
0.3860000000000002,0.01363608231639091,0.0,0.11063185872055753,0.00011195256795267048,0.7949878719023928,0.005000000012741696,0.8318801093315613,0.11063185872055753
0.3865000000000002,0.013638304538613134,0.0,0.11066299890076003,0.00010969287135216516,0.7951541685766169,0.005000000011945454,0.8321527413938516,0.11066299890076003
0.3870000000000002,0.013640526760835357,0.0,0.11069411376127776,0.00010748401725089296,0.7953204656403242,0.005000000011200715,0.8324251528572252,0.11069411376127776
0.3875000000000002,0.013642748983057578,0.0,0.11072520330268808,0.00010532498673848519,0.795486763093343,0.005000000010504112,0.8326973437198464,0.11072520330268808
0.3880000000000002,0.0136449712052798,0.0,0.11075626752559752,0.00010321476090457302,0.7956530609355014,0.005000000009852493,0.8329693139798804,0.11075626752559752
0.3885000000000002,0.013647193427502024,0.0,0.11078730643062207,0.00010115232083878774,0.7958193591666276,0.005000000009242908,0.8332410636354936,0.11078730643062207
0.3890000000000002,0.013649415649724245,0.0,0.1108183200183969,9.913664763076056e-05,0.7959856577865497,0.005000000008672594,0.8335125926848528,0.1108183200183969
0.3895000000000002,0.013651637871946468,0.0,0.11084930828960632,9.716672237012278e-05,0.796151956795096,0.005000000008138965,0.8337839011261263,0.11084930828960632
0.3900000000000002,0.013653860094168689,0.0,0.11088027124489419,9.524152614650556e-05,0.7963182561920945,0.005000000007639605,0.834054988957483,0.11088027124489419
0.3905000000000002,0.013656082316390912,0.0,0.11091120888499319,9.336004004954018e-05,0.7964845559773733,0.005000000007172252,0.8343258561770924,0.11091120888499319
0.3910000000000002,0.013658304538613135,0.0,0.11094212121059559,9.152124516885786e-05,0.7966508561507608,0.005000000006734789,0.8345965027831257,0.11094212121059559
0.3915000000000002,0.013660526760835356,0.0,0.11097300822243265,8.972412259408992e-05,0.796817156712085,0.005000000006325239,0.8348669287737542,0.11097300822243265
0.3920000000000002,0.013662748983057579,0.0,0.11100386992129464,8.796765341486751e-05,0.796983457661174,0.005000000005941754,0.8351371341471506,0.11100386992129464
0.3925000000000002,0.0136649712052798,0.0,0.11103470630792135,8.62508187208219e-05,0.797149758997856,0.0050000000055826065,0.8354071189014884,0.11103470630792135
0.3930000000000002,0.013667193427502023,0.0,0.11106551738313138,8.457259960158436e-05,0.7973160607219593,0.005000000005246182,0.8356768830349419,0.11106551738313138
0.3935000000000002,0.013669415649724246,0.0,0.11109630314773258,8.293197714678608e-05,0.7974823628333118,0.0050000000049309715,0.8359464265456864,0.11109630314773258
0.3940000000000002,0.013671637871946467,0.0,0.111127063602542,8.132793244605832e-05,0.7976486653317417,0.005000000004635566,0.8362157494318981,0.111127063602542
0.3945000000000002,0.01367386009416869,0.0,0.11115779874842556,7.975944658903235e-05,0.7978149682170774,0.0050000000043586516,0.8364848516917543,0.11115779874842556
0.3950000000000002,0.01367608231639091,0.0,0.11118850858623844,7.822550066533939e-05,0.7979812714891469,0.005000000004098999,0.836753733323433,0.11118850858623844
0.3955000000000002,0.013678304538613134,0.0,0.11121919311689461,7.672507576461064e-05,0.7981475751477782,0.00500000000385546,0.8370223943251127,0.11121919311689461
0.3960000000000002,0.013680526760835357,0.0,0.11124985234128736,7.525715297647745e-05,0.7983138791927997,0.005000000003626965,0.8372908346949737,0.11124985234128736
0.3965000000000002,0.013682748983057578,0.0,0.11128048626032887,7.382071339057095e-05,0.7984801836240395,0.005000000003412515,0.8375590544311966,0.11128048626032887
0.3970000000000002,0.0136849712052798,0.0,0.11131109487501013,7.241473809652243e-05,0.7986464884413256,0.005000000003211176,0.8378270535319631,0.11131109487501013
0.3975000000000002,0.013687193427502024,0.0,0.11134167818625146,7.103820818396312e-05,0.7988127936444863,0.00500000000302208,0.8380948319954558,0.11134167818625146
0.3980000000000002,0.013689415649724245,0.0,0.11137223649513367,6.970369975187615e-05,0.7989790992294267,0.005000000002846191,0.8383623898135493,0.11137223649513367
0.3985000000000002,0.013691637871946468,0.0,0.11140276961042517,6.840138329884127e-05,0.7991454051984894,0.0050000000026814324,0.838629726988484,0.11140276961042517
0.3990000000000002,0.013693860094168689,0.0,0.1114332774023719,6.712493743274433e-05,0.7993117115532122,0.005000000002526396,0.8388968435211956,0.1114332774023719
0.3995000000000002,0.013696082316390912,0.0,0.11146375987131302,6.587401883554501e-05,0.7994780182934326,0.005000000002380521,0.8391637394098841,0.11146375987131302
0.4000000000000002,0.013698304538613135,0.0,0.11149421701756634,6.464828418920301e-05,0.799644325418988,0.005000000002243278,0.8394304146527505,0.11149421701756634
0.4005000000000002,0.013700526760835356,0.0,0.11152464884146819,6.344739017567803e-05,0.7998106329297162,0.005000000002114163,0.8396968692479967,0.11152464884146819
0.4010000000000002,0.013702748983057579,0.0,0.11155505534339329,6.227099347692974e-05,0.7999769408254548,0.005000000001992704,0.8399631031938255,0.11155505534339329
0.4015000000000002,0.0137049712052798,0.0,0.11158543652372487,6.111875077491787e-05,0.8001432491060412,0.005000000001878453,0.8402291164884403,0.11158543652372487
0.4020000000000002,0.013707193427502023,0.0,0.11161579238286459,5.999031875160208e-05,0.8003095577713131,0.005000000001770988,0.8404949091300458,0.11161579238286459
0.4025000000000002,0.013709415649724246,0.0,0.11164612292124254,5.888535408894209e-05,0.800475866821108,0.00500000000166991,0.8407604811168472,0.11164612292124254
0.4030000000000002,0.013711637871946467,0.0,0.11167642813927728,5.7803513468897584e-05,0.8006421762552636,0.005000000001574843,0.8410258324470504,0.11167642813927728
0.4035000000000002,0.01371386009416869,0.0,0.11170670803744567,5.674445357342826e-05,0.8008084860736174,0.005000000001485431,0.841290963118863,0.11170670803744567
0.4040000000000002,0.013716082316390911,0.0,0.11173696261621305,5.5707831084493814e-05,0.8009747962760071,0.005000000001401339,0.8415558731304925,0.11173696261621305
0.4045000000000002,0.013718304538613134,0.0,0.11176719187608303,5.4693302684053934e-05,0.80114110686227,0.005000000001322252,0.8418205624801476,0.11176719187608303
0.4050000000000002,0.013720526760835357,0.0,0.1117973958175676,5.3700525054068316e-05,0.801307417832244,0.005000000001247873,0.8420850311660382,0.1117973958175676
0.4055000000000002,0.013722748983057578,0.0,0.11182757444117722,5.272915487649667e-05,0.8014737291857666,0.005000000001177919,0.8423492791863747,0.11182757444117722
0.4060000000000002,0.0137249712052798,0.0,0.11185772774749042,5.177884883329867e-05,0.8016400409226753,0.005000000001112127,0.8426133065393682,0.11185772774749042
0.4065000000000002,0.013727193427502022,0.0,0.1118878557370542,5.0849263606434025e-05,0.8018063530428077,0.005000000001050248,0.8428771132232312,0.1118878557370542
0.4070000000000002,0.013729415649724245,0.0,0.1119179584104638,4.994005587786242e-05,0.8019726655460014,0.005000000000992046,0.8431406992361767,0.1119179584104638
0.4075000000000002,0.013731637871946468,0.0,0.11194803576832271,4.905088232954355e-05,0.802138978432094,0.0050000000009373,0.8434040645764186,0.11194803576832271
0.4080000000000002,0.013733860094168689,0.0,0.1119780878112427,4.818139964343712e-05,0.8023052917009231,0.005000000000885802,0.8436672092421716,0.1119780878112427
0.4085000000000002,0.013736082316390912,0.0,0.11200811453989372,4.7331264501502824e-05,0.8024716053523262,0.005000000000837357,0.8439301332316513,0.11200811453989372
0.4090000000000002,0.013738304538613133,0.0,0.11203811595488407,4.650013358570034e-05,0.802637919386141,0.005000000000791779,0.8441928365430745,0.11203811595488407
0.4095000000000002,0.013740526760835356,0.0,0.11206809205695004,4.568766357798938e-05,0.802804233802205,0.005000000000748896,0.8444553191746583,0.11206809205695004
0.4100000000000002,0.013742748983057579,0.0,0.11209804284675626,4.489351116032963e-05,0.8029705486003558,0.005000000000708543,0.8447175811246209,0.11209804284675626
0.4105000000000002,0.0137449712052798,0.0,0.11212796832500554,4.411733301468079e-05,0.8031368637804309,0.005000000000670567,0.8449796223911815,0.11212796832500554
0.4110000000000002,0.013747193427502023,0.0,0.11215786849245875,4.3358785823002556e-05,0.803303179342268,0.005000000000634825,0.8452414429725601,0.11215786849245875
0.4115000000000002,0.013749415649724246,0.0,0.11218774334984494,4.261752626725462e-05,0.8034694952857048,0.005000000000601178,0.8455030428669775,0.11218774334984494
0.4120000000000002,0.013751637871946467,0.0,0.11221759289792131,4.189321102939667e-05,0.8036358116105786,0.005000000000569501,0.8457644220726553,0.11221759289792131
0.4125000000000002,0.01375386009416869,0.0,0.1122474171375031,4.1185496791388415e-05,0.8038021283167271,0.0050000000005396734,0.8460255805878161,0.1122474171375031
0.4130000000000002,0.013756082316390911,0.0,0.11227721606937369,4.049404023518953e-05,0.8039684454039879,0.005000000000511581,0.8462865184106829,0.11227721606937369
0.4135000000000002,0.013758304538613134,0.0,0.11230698969437448,3.981849804275973e-05,0.8041347628721986,0.00500000000048512,0.8465472355394805,0.11230698969437448
0.4140000000000002,0.013760526760835357,0.0,0.11233673801333502,3.91585268960587e-05,0.8043010807211968,0.005000000000460188,0.8468077319724339,0.11233673801333502
0.4145000000000002,0.013762748983057578,0.0,0.11236646102709279,3.851378347704613e-05,0.80446739895082,0.005000000000436694,0.8470680077077688,0.11236646102709279
0.4150000000000002,0.013764971205279801,0.0,0.11239615873656332,3.7883924467681724e-05,0.8046337175609058,0.005000000000414549,0.8473280627437123,0.11239615873656332
0.4155000000000002,0.013767193427502022,0.0,0.11242583114260021,3.726860654992518e-05,0.804800036551292,0.0050000000003936704,0.8475878970784921,0.11242583114260021
0.4160000000000002,0.013769415649724245,0.0,0.11245547824615498,3.666748640573617e-05,0.8049663559218158,0.00500000000037398,0.8478475107103366,0.11245547824615498
0.4165000000000002,0.013771637871946468,0.0,0.11248510004813717,3.608022071707442e-05,0.805132675672315,0.005000000000355406,0.8481069036374752,0.11248510004813717
0.4170000000000002,0.013773860094168689,0.0,0.11251469654948422,3.5506466165899605e-05,0.8052989958026272,0.005000000000337879,0.8483660758581385,0.11251469654948422
0.4175000000000002,0.013776082316390912,0.0,0.11254426775119156,3.494587943417142e-05,0.8054653163125899,0.005000000000321335,0.8486250273705571,0.11254426775119156
0.4180000000000002,0.013778304538613135,0.0,0.11257381365422255,3.439811720384958e-05,0.8056316372020408,0.005000000000305715,0.8488837581729636,0.11257381365422255
0.4185000000000002,0.013780526760835356,0.0,0.11260333425957841,3.386283615689375e-05,0.8057979584708173,0.005000000000290961,0.8491422682635903,0.11260333425957841
0.4190000000000002,0.013782748983057579,0.0,0.11263282956828831,3.333969297526364e-05,0.8059642801187571,0.005000000000277021,0.8494005576406713,0.11263282956828831
0.4195000000000002,0.0137849712052798,0.0,0.11266229958137926,3.282834434091894e-05,0.8061306021456979,0.005000000000263843,0.8496586263024413,0.11266229958137926
0.4200000000000002,0.013787193427502023,0.0,0.11269174429991612,3.232844693581936e-05,0.8062969245514771,0.005000000000251382,0.8499164742471353,0.11269174429991612
0.4205000000000002,0.013789415649724246,0.0,0.11272116372498166,3.183965744192457e-05,0.8064632473359322,0.005000000000239594,0.8501741014729898,0.11272116372498166
0.4210000000000002,0.013791637871946467,0.0,0.11275055785763637,3.136163254119429e-05,0.806629570498901,0.005000000000228438,0.8504315079782421,0.11275055785763637
0.4215000000000002,0.01379386009416869,0.0,0.11277992669902868,3.08940289155882e-05,0.8067958940402211,0.005000000000217874,0.8506886937611301,0.11277992669902868
0.4220000000000002,0.013796082316390911,0.0,0.11280927025024468,3.0436503247065993e-05,0.8069622179597299,0.005000000000207867,0.8509456588198927,0.11280927025024468
0.4225000000000002,0.013798304538613134,0.0,0.11283858851245836,2.9988712217587368e-05,0.8071285422572652,0.005000000000198381,0.8512024031527698,0.11283858851245836
0.4230000000000002,0.013800526760835357,0.0,0.11286788148683144,2.9550312509112026e-05,0.8072948669326643,0.005000000000189387,0.8514589267580017,0.11286788148683144
0.4235000000000002,0.013802748983057578,0.0,0.1128971491745233,2.9120960803599644e-05,0.8074611919857649,0.005000000000180852,0.8517152296338302,0.1128971491745233
0.4240000000000002,0.013804971205279801,0.0,0.11292639157676121,2.8700313783009944e-05,0.8076275174164047,0.005000000000172749,0.8519713117784973,0.11292639157676121
0.4245000000000002,0.013807193427502022,0.0,0.11295560869471996,2.8288028129302596e-05,0.8077938432244213,0.005000000000165053,0.8522271731902467,0.11295560869471996
0.4250000000000002,0.013809415649724245,0.0,0.1129848011982217,2.7886023507304532e-05,0.8079601694009746,0.0050000000001577775,0.8524828138539905,0.1129848011982217
0.4255000000000002,0.013811637871946468,0.0,0.11301396840121816,2.749256642051394e-05,0.8081264959548252,0.005000000000150873,0.8527382337817052,0.11301396840121816
0.4260000000000002,0.01381386009416869,0.0,0.11304311024885928,2.710736476920849e-05,0.8082928228865386,0.005000000000144317,0.8529934329727518,0.11304311024885928
0.4265000000000002,0.013816082316390912,0.0,0.11307222674407644,2.6730290192957405e-05,0.808459150195931,0.005000000000138091,0.8532484114253402,0.11307222674407644
0.4270000000000002,0.013818304538613133,0.0,0.11310131788972924,2.63612143313299e-05,0.8086254778828189,0.005000000000132177,0.8535031691376822,0.11310131788972924
0.4275000000000002,0.013820526760835356,0.0,0.11313038368879617,2.60000088238952e-05,0.8087918059470186,0.00500000000012656,0.8537577061079896,0.11313038368879617
0.4280000000000002,0.013822748983057579,0.0,0.11315942414419393,2.564654531022252e-05,0.8089581343883466,0.005000000000121224,0.8540120223344759,0.11315942414419393
0.4285000000000002,0.0138249712052798,0.0,0.11318843925887773,2.530069542988108e-05,0.8091244632066193,0.005000000000116155,0.8542661178153552,0.11318843925887773
0.4290000000000002,0.013827193427502023,0.0,0.11321742903586142,2.4962330822440096e-05,0.809290792401653,0.005000000000111336,0.8545199925488424,0.11321742903586142
0.4295000000000002,0.013829415649724244,0.0,0.11324639347811709,2.4631323127468794e-05,0.8094571219732641,0.0050000000001067585,0.8547736465331539,0.11324639347811709
0.4300000000000002,0.013831637871946467,0.0,0.11327533258869543,2.4307543984536388e-05,0.809623451921269,0.005000000000102406,0.8550270797665066,0.11327533258869543
0.4305000000000002,0.01383386009416869,0.0,0.11330424637060534,2.39908650332121e-05,0.8097897822454843,0.00500000000009827,0.8552802922471188,0.11330424637060534
0.4310000000000002,0.013836082316390911,0.0,0.11333313482691426,2.3681157913065147e-05,0.809956112945726,0.005000000000094335,0.8555332839732094,0.11333313482691426
0.4315000000000002,0.013838304538613134,0.0,0.11336199796070798,2.337829426366475e-05,0.8101224440218108,0.005000000000090594,0.8557860549429985,0.11336199796070798
0.4320000000000002,0.013840526760835355,0.0,0.11339083577506055,2.3082145724580125e-05,0.8102887754735548,0.005000000000087036,0.8560386051547069,0.11339083577506055
0.4325000000000002,0.013842748983057578,0.0,0.1134196482731045,2.2792583935380496e-05,0.8104551073007747,0.005000000000083651,0.8562909346065568,0.1134196482731045
0.4330000000000002,0.013844971205279801,0.0,0.11344843545795051,2.2509480535635078e-05,0.8106214395032868,0.00500000000008043,0.8565430432967709,0.11344843545795051
0.4335000000000002,0.013847193427502022,0.0,0.11347719733274762,2.2232707164913087e-05,0.8107877720809075,0.005000000000077364,0.8567949312235735,0.11347719733274762
0.4340000000000002,0.013849415649724245,0.0,0.11350593390068328,2.1962135462783752e-05,0.810954105033453,0.005000000000074445,0.8570465983851892,0.11350593390068328
0.4345000000000002,0.013851637871946468,0.0,0.11353464516492301,2.1697637068816285e-05,0.8111204383607399,0.005000000000071665,0.8572980447798437,0.11353464516492301
0.4350000000000002,0.01385386009416869,0.0,0.11356333112867062,2.143908362257991e-05,0.8112867720625845,0.005000000000069019,0.8575492704057642,0.11356333112867062
0.4355000000000002,0.013856082316390912,0.0,0.1135919917951482,2.1186346763643838e-05,0.8114531061388033,0.005000000000066496,0.8578002752611784,0.1135919917951482
0.4360000000000002,0.013858304538613133,0.0,0.11362062716760606,2.0939298131577298e-05,0.8116194405892125,0.005000000000064094,0.8580510593443151,0.11362062716760606
0.4365000000000002,0.013860526760835356,0.0,0.11364923724929261,2.06978093659495e-05,0.8117857754136287,0.005000000000061803,0.8583016226534039,0.11364923724929261
0.4370000000000002,0.01386274898305758,0.0,0.11367782204349458,2.046175210632967e-05,0.8119521106118681,0.005000000000059618,0.8585519651866756,0.11367782204349458
0.4375000000000002,0.0138649712052798,0.0,0.11370638155347655,2.0230997992287024e-05,0.8121184461837473,0.005000000000057536,0.8588020869423622,0.11370638155347655
0.4380000000000002,0.013867193427502023,0.0,0.11373491578259168,2.0005418663390782e-05,0.8122847821290825,0.005000000000055548,0.859051987918696,0.11373491578259168
0.4385000000000002,0.013869415649724246,0.0,0.11376342473415088,1.9784885759210166e-05,0.8124511184476901,0.005000000000053651,0.8593016681139105,0.11376342473415088
0.4390000000000002,0.013871637871946467,0.0,0.11379190841148319,1.956927091931439e-05,0.8126174551393867,0.00500000000005184,0.8595511275262409,0.11379190841148319
0.4395000000000002,0.01387386009416869,0.0,0.113820366817986,1.9358445783272675e-05,0.8127837922039884,0.00500000000005011,0.8598003661539225,0.113820366817986
0.4400000000000002,0.013876082316390911,0.0,0.11384879995702447,1.915228199065424e-05,0.8129501296413119,0.005000000000048458,0.8600493839951918,0.11384879995702447
0.4405000000000002,0.013878304538613134,0.0,0.11387720783201195,1.8950651181028302e-05,0.8131164674511733,0.0050000000000468775,0.8602981810482865,0.11387720783201195
0.4410000000000002,0.013880526760835357,0.0,0.11390559044636984,1.8753424993964085e-05,0.8132828056333892,0.0050000000000453675,0.8605467573114451,0.11390559044636984
0.4415000000000002,0.013882748983057578,0.0,0.11393394780351736,1.8560475069030805e-05,0.8134491441877758,0.0050000000000439224,0.860795112782907,0.11393394780351736
0.4420000000000002,0.013884971205279801,0.0,0.11396227990693197,1.8371673045797684e-05,0.8136154831141498,0.00500000000004254,0.8610432474609129,0.11396227990693197
0.4425000000000002,0.013887193427502022,0.0,0.11399058674006862,1.8187192763899688e-05,0.8137818224125858,0.005000000000041218,0.861291161344089,0.11399058674006862
0.4430000000000002,0.013889415649724245,0.0,0.11401886820847434,1.8007910771162663e-05,0.813948162084166,0.00500000000003996,0.8615388544325608,0.11401886820847434
0.4435000000000002,0.013891637871946468,0.0,0.11404712438877755,1.7832279059847785e-05,0.8141145021277614,0.005000000000038755,0.8617863267231599,0.11404712438877755
0.44400000000000023,0.01389386009416869,0.0,0.11407535528092443,1.7660245818594162e-05,0.8142808425432343,0.0050000000000375985,0.8620335782141962,0.11407535528092443
0.44450000000000023,0.013896082316390912,0.0,0.11410356088492778,1.7491759236040895e-05,0.8144471833304467,0.005000000000036489,0.8622806089039806,0.11410356088492778
0.44500000000000023,0.013898304538613133,0.0,0.11413174120075609,1.7326767500827086e-05,0.8146135244892612,0.005000000000035425,0.862527418790825,0.11413174120075609
0.44550000000000023,0.013900526760835356,0.0,0.11415989622843431,1.7165218801591837e-05,0.8147798660195399,0.005000000000034403,0.8627740078730416,0.11415989622843431
0.44600000000000023,0.01390274898305758,0.0,0.11418802596797331,1.7007061326974255e-05,0.814946207921145,0.005000000000033424,0.8630203761489437,0.11418802596797331
0.44650000000000023,0.0139049712052798,0.0,0.1142161304194202,1.685224326561344e-05,0.8151125501939389,0.005000000000032484,0.863266523616845,0.1142161304194202
0.44700000000000023,0.013907193427502023,0.0,0.11424420958283829,1.6700712806148493e-05,0.8152788928377838,0.005000000000031581,0.8635124502750601,0.11424420958283829
0.44750000000000023,0.013909415649724245,0.0,0.1142722634582867,1.6552418137218524e-05,0.8154452358525419,0.005000000000030714,0.8637581561219045,0.1142722634582867
0.44800000000000023,0.013911637871946467,0.0,0.11430029204588107,1.6407307447462627e-05,0.8156115792380755,0.005000000000029883,0.864003641155694,0.11430029204588107
0.44850000000000023,0.01391386009416869,0.0,0.11432829534569258,1.6265328925519913e-05,0.815777922994247,0.0050000000000290845,0.8642489053747456,0.11432829534569258
0.44900000000000023,0.013916082316390911,0.0,0.11435627335786894,1.6126430760029478e-05,0.8159442671209184,0.005000000000028318,0.8644939487773766,0.11435627335786894
0.44950000000000023,0.013918304538613134,0.0,0.11438422608254367,1.599056113963043e-05,0.8161106116179522,0.005000000000027581,0.8647387713619055,0.11438422608254367
0.45000000000000023,0.013920526760835356,0.0,0.11441215351985626,1.5857668252961868e-05,0.8162769564852106,0.005000000000026874,0.8649833731266512,0.11441215351985626
0.45050000000000023,0.013922748983057578,0.0,0.11444005566999246,1.57277002886629e-05,0.8164433017225557,0.005000000000026194,0.8652277540699331,0.11444005566999246
0.45100000000000023,0.013924971205279801,0.0,0.11446793253313382,1.5600605435372626e-05,0.8166096473298501,0.005000000000025541,0.8654719141900722,0.11446793253313382
0.45150000000000023,0.013927193427502023,0.0,0.11449578410947796,1.5476331881730145e-05,0.8167759933069557,0.005000000000024914,0.865715853485389,0.11449578410947796
0.45200000000000023,0.013929415649724245,0.0,0.11452361039924847,1.5354827816374567e-05,0.816942339653735,0.005000000000024311,0.8659595719542059,0.11452361039924847
0.45250000000000024,0.013931637871946467,0.0,0.11455141140267487,1.5236041427944992e-05,0.8171086863700501,0.005000000000023732,0.8662030695948452,0.11455141140267487
0.45300000000000024,0.01393386009416869,0.0,0.11457918712001271,1.5119920905080524e-05,0.8172750334557635,0.005000000000023175,0.8664463464056306,0.11457918712001271
0.45350000000000024,0.013936082316390912,0.0,0.11460693755152339,1.5006414436420264e-05,0.8174413809107371,0.005000000000022639,0.8666894023848857,0.11460693755152339
0.45400000000000024,0.013938304538613134,0.0,0.11463466269748422,1.4895470210603315e-05,0.8176077287348334,0.005000000000022124,0.8669322375309356,0.11463466269748422
0.45450000000000024,0.013940526760835356,0.0,0.11466236255819855,1.4787036416268781e-05,0.8177740769279148,0.005000000000021629,0.867174851842106,0.11466236255819855
0.45500000000000024,0.013942748983057578,0.0,0.11469003713397546,1.4681061242055766e-05,0.8179404254898434,0.005000000000021152,0.8674172453167229,0.11469003713397546
0.45550000000000024,0.0139449712052798,0.0,0.11471768642515012,1.4577492876603371e-05,0.8181067744204813,0.005000000000020693,0.8676594179531133,0.11471768642515012
0.45600000000000024,0.013947193427502023,0.0,0.11474531043207346,1.4476279508550699e-05,0.818273123719691,0.005000000000020251,0.867901369749605,0.11474531043207346
0.45650000000000024,0.013949415649724245,0.0,0.11477290915508204,1.4377369326536853e-05,0.8184394733873346,0.005000000000019826,0.8681431007045264,0.11477290915508204
0.45700000000000024,0.013951637871946468,0.0,0.11480048259458885,1.4280710519200938e-05,0.8186058234232745,0.005000000000019417,0.8683846108162069,0.11480048259458885
0.45750000000000024,0.01395386009416869,0.0,0.11482803075095195,1.4186251275182056e-05,0.818772173827373,0.005000000000019023,0.8686259000829764,0.11482803075095195
0.45800000000000024,0.013956082316390912,0.0,0.11485555362459582,1.4093939783119308e-05,0.8189385245994921,0.005000000000018643,0.8688669685031651,0.11485555362459582
0.45850000000000024,0.013958304538613134,0.0,0.11488305121595058,1.40037242316518e-05,0.8191048757394943,0.005000000000018277,0.8691078160751048,0.11488305121595058
0.45900000000000024,0.013960526760835356,0.0,0.11491052352543184,1.3915552809418633e-05,0.8192712272472419,0.005000000000017925,0.8693484427971276,0.11491052352543184
0.45950000000000024,0.013962748983057579,0.0,0.11493797055352152,1.382937370505891e-05,0.819437579122597,0.005000000000017585,0.8695888486675662,0.11493797055352152
0.46000000000000024,0.013964971205279801,0.0,0.11496539230068697,1.3745135107211736e-05,0.8196039313654219,0.005000000000017257,0.8698290336847543,0.11496539230068697
0.46050000000000024,0.013967193427502023,0.0,0.11499278876741131,1.366278520451621e-05,0.8197702839755788,0.0050000000000169405,0.870068997847026,0.11499278876741131
0.46100000000000024,0.013969415649724246,0.0,0.11502015995420352,1.3582272185611438e-05,0.8199366369529301,0.005000000000016635,0.8703087411527164,0.11502015995420352
0.46150000000000024,0.013971637871946468,0.0,0.11504750586156802,1.3503544239136521e-05,0.820102990297338,0.00500000000001634,0.8705482636001614,0.11504750586156802
0.46200000000000024,0.01397386009416869,0.0,0.11507482649004523,1.3426549553730566e-05,0.8202693440086648,0.005000000000016056,0.8707875651876973,0.11507482649004523
0.46250000000000024,0.013976082316390913,0.0,0.11510212184019124,1.3351236318032671e-05,0.8204356980867727,0.005000000000015781,0.8710266459136615,0.11510212184019124
0.46300000000000024,0.013978304538613134,0.0,0.11512939191256771,1.3277552720681942e-05,0.8206020525315241,0.0050000000000155155,0.8712655057763918,0.11512939191256771
0.46350000000000025,0.013980526760835357,0.0,0.11515663670776209,1.3205446950317482e-05,0.820768407342781,0.005000000000015259,0.8715041447742269,0.11515663670776209
0.46400000000000025,0.01398274898305758,0.0,0.11518385622637752,1.3134867195578391e-05,0.8209347625204059,0.00500000000001501,0.8717425629055062,0.11518385622637752
0.46450000000000025,0.0139849712052798,0.0,0.11521105046899222,1.3065761645103773e-05,0.821101118064261,0.0050000000000147695,0.8719807601685701,0.11521105046899222
0.46500000000000025,0.013987193427502024,0.0,0.11523821942749209,1.2998243880147243e-05,0.8212674739743213,0.005000000000014537,0.8722187365619204,0.11523821942749209
0.46550000000000025,0.013989415649724245,0.0,0.11526536309684293,1.2932329005965427e-05,0.821433830250522,0.0050000000000143124,0.8724564920840023,0.11526536309684293
0.46600000000000025,0.013991637871946468,0.0,0.1152924814868002,1.286779249877028e-05,0.8216001868926083,0.005000000000014096,0.8726940267329908,0.1152924814868002
0.46650000000000025,0.01399386009416869,0.0,0.1153195745972936,1.2804613133913674e-05,0.8217665439004521,0.005000000000013886,0.8729313405072422,0.1153195745972936
0.46700000000000025,0.013996082316390912,0.0,0.11534664242827834,1.2742769686747491e-05,0.8219329012739249,0.005000000000013682,0.873168433405113,0.11534664242827834
0.46750000000000025,0.013998304538613135,0.0,0.11537368497974498,1.2682240932623605e-05,0.8220992590128984,0.005000000000013485,0.8734053054249608,0.11537368497974498
0.46800000000000025,0.014000526760835356,0.0,0.11540070225166903,1.2623005646893891e-05,0.8222656171172442,0.005000000000013294,0.8736419565651439,0.11540070225166903
0.46850000000000025,0.014002748983057579,0.0,0.11542769424406137,1.2565042604910228e-05,0.822431975586834,0.005000000000013109,0.8738783868240212,0.11542769424406137
0.46900000000000025,0.014004971205279802,0.0,0.11545466095693797,1.2508330582024494e-05,0.8225983344215395,0.005000000000012931,0.8741145961999522,0.11545466095693797
0.46950000000000025,0.014007193427502023,0.0,0.11548160239033001,1.245284835358856e-05,0.8227646936212322,0.005000000000012757,0.8743505846912972,0.11548160239033001
0.47000000000000025,0.014009415649724246,0.0,0.11550851854430404,1.239857469495431e-05,0.8229310531857837,0.005000000000012589,0.874586352296417,0.11550851854430404
0.47050000000000025,0.014011637871946467,0.0,0.11553540941890128,1.2345488381473617e-05,0.8230974131150659,0.005000000000012427,0.8748218990136734,0.11553540941890128
0.47100000000000025,0.01401386009416869,0.0,0.1155622750142186,1.2293568188498356e-05,0.8232637734089503,0.005000000000012269,0.8750572248414286,0.1155622750142186
0.47150000000000025,0.014016082316390913,0.0,0.11558911533034774,1.2242792891380406e-05,0.8234301340673085,0.005000000000012116,0.8752923297780454,0.11558911533034774
0.47200000000000025,0.014018304538613134,0.0,0.11561593036738543,1.2193141265471646e-05,0.8235964950900121,0.005000000000011969,0.8755272138218875,0.11561593036738543
0.47250000000000025,0.014020526760835357,0.0,0.11564272012548403,1.2144592086123947e-05,0.8237628564769329,0.005000000000011826,0.8757618769713195,0.11564272012548403
0.47300000000000025,0.014022748983057578,0.0,0.11566948460476031,1.2097124128689191e-05,0.8239292182279424,0.005000000000011687,0.8759963192247059,0.11566948460476031
0.47350000000000025,0.0140249712052798,0.0,0.11569622380537656,1.205071616851925e-05,0.8240955803429124,0.0050000000000115525,0.8762305405804128,0.11569622380537656
0.47400000000000025,0.014027193427502024,0.0,0.11572293772752022,1.2005346980966004e-05,0.8242619428217144,0.0050000000000114215,0.8764645410368065,0.11572293772752022
0.47450000000000025,0.014029415649724245,0.0,0.11574962637134315,1.196099534138133e-05,0.8244283056642201,0.005000000000011296,0.8766983205922538,0.11574962637134315
0.47500000000000026,0.014031637871946468,0.0,0.1157762897370832,1.1917640025117102e-05,0.8245946688703011,0.0050000000000111735,0.8769318792451227,0.1157762897370832
0.47550000000000026,0.014033860094168689,0.0,0.1158029278249121,1.1875259807525199e-05,0.8247610324398291,0.005000000000011055,0.8771652169937815,0.1158029278249121
0.47600000000000026,0.014036082316390912,0.0,0.11582954063510795,1.1833833463957496e-05,0.8249273963726758,0.00500000000001094,0.8773983338365993,0.11582954063510795
0.47650000000000026,0.014038304538613135,0.0,0.1158561281678928,1.1793339769765873e-05,0.8250937606687127,0.005000000000010828,0.8776312297719457,0.1158561281678928
0.47700000000000026,0.014040526760835356,0.0,0.11588269042352395,1.1753757500302202e-05,0.8252601253278115,0.00500000000001072,0.8778639047981913,0.11588269042352395
0.47750000000000026,0.014042748983057579,0.0,0.11590922740229408,1.1715065430918362e-05,0.8254264903498438,0.005000000000010616,0.8780963589137073,0.11590922740229408
0.47800000000000026,0.0140449712052798,0.0,0.11593573910447012,1.167724233696623e-05,0.8255928557346813,0.005000000000010513,0.8783285921168653,0.11593573910447012
0.47850000000000026,0.014047193427502023,0.0,0.11596222553038482,1.1640266993797683e-05,0.8257592214821957,0.005000000000010415,0.8785606044060379,0.11596222553038482
0.47900000000000026,0.014049415649724246,0.0,0.11598868668033505,1.1604118176764597e-05,0.8259255875922586,0.00500000000001032,0.8787923957795983,0.11598868668033505
0.47950000000000026,0.014051637871946467,0.0,0.1160151225546529,1.1568774661218849e-05,0.8260919540647417,0.005000000000010227,0.8790239662359203,0.1160151225546529
0.48000000000000026,0.01405386009416869,0.0,0.11604153315372608,1.1534215222512316e-05,0.8262583208995165,0.005000000000010137,0.8792553157733785,0.11604153315372608
0.48050000000000026,0.014056082316390913,0.0,0.11606791847788606,1.1500418635996874e-05,0.8264246880964546,0.005000000000010049,0.8794864443903477,0.11606791847788606
0.48100000000000026,0.014058304538613134,0.0,0.11609427852751983,1.1467363677024399e-05,0.8265910556554279,0.005000000000009964,0.8797173520852044,0.11609427852751983
0.48150000000000026,0.014060526760835357,0.0,0.11612061330303944,1.1435029120946768e-05,0.8267574235763078,0.005000000000009882,0.8799480388563247,0.11612061330303944
0.48200000000000026,0.014062748983057578,0.0,0.11614692280481086,1.140339374311586e-05,0.8269237918589661,0.005000000000009802,0.8801785047020861,0.11614692280481086
0.48250000000000026,0.0140649712052798,0.0,0.11617320703331652,1.1372436318883549e-05,0.8270901605032743,0.005000000000009724,0.8804087496208662,0.11617320703331652
0.48300000000000026,0.014067193427502024,0.0,0.11619946598347165,1.134225199132835e-05,0.8272565295091746,0.005000000000009649,0.8806387736111414,0.11619946598347165
0.48350000000000026,0.014069415649724245,0.0,0.11622569965398667,1.1312828453041673e-05,0.8274228988765606,0.005000000000009576,0.8808685766713207,0.11622569965398667
0.48400000000000026,0.014071637871946468,0.0,0.11625190805133556,1.1284007442316271e-05,0.8275892686052274,0.005000000000009505,0.8810981587996783,0.11625190805133556
0.48450000000000026,0.01407386009416869,0.0,0.11627809117536808,1.125578027353619e-05,0.8277556386950548,0.005000000000009436,0.8813275199946059,0.11627809117536808
0.48500000000000026,0.014076082316390912,0.0,0.11630424902595866,1.1228138261085477e-05,0.8279220091459221,0.005000000000009369,0.8815566602544955,0.11630424902595866
0.48550000000000026,0.014078304538613135,0.0,0.11633038160301659,1.1201072719348175e-05,0.8280883799577089,0.005000000000009303,0.8817855795777397,0.11633038160301659
0.48600000000000027,0.014080526760835356,0.0,0.11635648890642496,1.117457496270833e-05,0.828254751130295,0.00500000000000924,0.8820142779627324,0.11635648890642496
0.48650000000000027,0.014082748983057579,0.0,0.11638257093611187,1.1148636305549987e-05,0.8284211226635599,0.0050000000000091785,0.8822427554078675,0.11638257093611187
0.48700000000000027,0.014084971205279802,0.0,0.11640862769204025,1.1123248062257191e-05,0.8285874945573831,0.005000000000009119,0.8824710119115393,0.11640862769204025
0.48750000000000027,0.014087193427502023,0.0,0.1164346591741264,1.1098401547213989e-05,0.8287538668116442,0.00500000000000906,0.8826990474721437,0.1164346591741264
0.48800000000000027,0.014089415649724246,0.0,0.11646066538235206,1.1074088074804424e-05,0.8289202394262228,0.005000000000009003,0.8829268620880764,0.11646066538235206
0.48850000000000027,0.014091637871946467,0.0,0.11648664631668275,1.1050298959412543e-05,0.8290866124009986,0.005000000000008948,0.883154455757734,0.11648664631668275
0.48900000000000027,0.01409386009416869,0.0,0.11651260197713921,1.1027025515422389e-05,0.8292529857358508,0.005000000000008894,0.8833818284795137,0.11651260197713921
0.48950000000000027,0.014096082316390913,0.0,0.11653853236370568,1.100425905721801e-05,0.8294193594306595,0.005000000000008842,0.8836089802518139,0.11653853236370568
0.49000000000000027,0.014098304538613134,0.0,0.11656443747641133,1.098199089918345e-05,0.8295857334853038,0.005000000000008792,0.8838359110730324,0.11656443747641133
0.49050000000000027,0.014100526760835357,0.0,0.11659031731529977,1.0960212355702752e-05,0.8297521078996636,0.005000000000008742,0.8840626209415688,0.11659031731529977
0.49100000000000027,0.014102748983057578,0.0,0.11661617188041877,1.0938914741159964e-05,0.8299184826736182,0.005000000000008694,0.8842891098558228,0.11661617188041877
0.49150000000000027,0.014104971205279801,0.0,0.11664200117184068,1.0918089369939132e-05,0.8300848578070474,0.005000000000008648,0.8845153778141949,0.11664200117184068
0.49200000000000027,0.014107193427502024,0.0,0.11666780518963182,1.0897727556424298e-05,0.8302512332998307,0.005000000000008603,0.884741424815086,0.11666780518963182
0.49250000000000027,0.014109415649724245,0.0,0.11669358393388306,1.087782061499951e-05,0.8304176091518478,0.005000000000008558,0.8849672508568982,0.11669358393388306
0.49300000000000027,0.014111637871946468,0.0,0.11671933740471996,1.0858359860048812e-05,0.8305839853629782,0.005000000000008516,0.8851928559380337,0.11671933740471996
0.49350000000000027,0.014113860094168689,0.0,0.11674506560226207,1.0839336605956249e-05,0.8307503619331013,0.005000000000008474,0.8854182400568951,0.11674506560226207
0.49400000000000027,0.014116082316390912,0.0,0.11677076852665343,1.0820742167105868e-05,0.8309167388620968,0.005000000000008434,0.8856434032118866,0.11677076852665343
0.4945000000000003,0.014118304538613135,0.0,0.11679644617804216,1.0802567857881712e-05,0.8310831161498443,0.005000000000008394,0.885868345401412,0.11679644617804216
0.4950000000000003,0.014120526760835356,0.0,0.11682209855657034,1.0784804992667826e-05,0.8312494937962235,0.005000000000008357,0.8860930666238768,0.11682209855657034
0.4955000000000003,0.014122748983057579,0.0,0.11684772566244528,1.0767444885848257e-05,0.8314158718011138,0.00500000000000832,0.8863175668776859,0.11684772566244528
0.4960000000000003,0.0141249712052798,0.0,0.11687332749584774,1.075047885180705e-05,0.8315822501643948,0.005000000000008284,0.886541846161246,0.11687332749584774
0.4965000000000003,0.014127193427502023,0.0,0.11689890405701356,1.073389820492825e-05,0.831748628885946,0.00500000000000825,0.8867659044729636,0.11689890405701356
0.4970000000000003,0.014129415649724246,0.0,0.11692445534613166,1.07176942595959e-05,0.8319150079656473,0.005000000000008216,0.8869897418112463,0.11692445534613166
0.4975000000000003,0.014131637871946467,0.0,0.11694998136345619,1.0701858330194051e-05,0.8320813874033779,0.005000000000008183,0.8872133581745022,0.11694998136345619
0.4980000000000003,0.01413386009416869,0.0,0.11697548210923504,1.0686381731106742e-05,0.8322477671990176,0.005000000000008151,0.88743675356114,0.11697548210923504
0.4985000000000003,0.014136082316390911,0.0,0.11700095758374064,1.067125577671802e-05,0.8324141473524459,0.0050000000000081195,0.8876599279695692,0.11700095758374064
0.4990000000000003,0.014138304538613134,0.0,0.1170264077872493,1.0656471781411934e-05,0.8325805278635424,0.00500000000000809,0.8878828813981996,0.1170264077872493
0.4995000000000003,0.014140526760835357,0.0,0.11705183272005165,1.0642021059572523e-05,0.8327469087321867,0.0050000000000080605,0.8881056138454421,0.11705183272005165
0.5000000000000002,0.014142748983057578,0.0,0.11707723238245236,1.0627894925583839e-05,0.8329132899582583,0.005000000000008032,0.8883281253097077,0.11707723238245236
0.5005000000000003,0.014144971205279801,0.0,0.11710260677480099,1.0614084693829919e-05,0.8330796715416368,0.005000000000008005,0.8885504157894085,0.11710260677480099
0.5010000000000003,0.014147193427502024,0.0,0.11712795589739997,1.0600581678694815e-05,0.8332460534822018,0.005000000000007978,0.8887724852829573,0.11712795589739997
0.5015000000000003,0.014149415649724245,0.0,0.11715327975060671,1.058737719456257e-05,0.8334124357798329,0.005000000000007952,0.8889943337887668,0.11715327975060671
0.5020000000000002,0.014151637871946468,0.0,0.11717857833480297,1.0574462555817231e-05,0.8335788184344097,0.005000000000007927,0.8892159613052514,0.11717857833480297
0.5025000000000003,0.01415386009416869,0.0,0.1172038516503642,1.056182907684284e-05,0.8337452014458117,0.005000000000007903,0.889437367830825,0.1172038516503642
0.5030000000000003,0.014156082316390912,0.0,0.11722909969768003,1.0549468072023442e-05,0.8339115848139185,0.005000000000007878,0.8896585533639032,0.11722909969768003
0.5035000000000003,0.014158304538613135,0.0,0.11725432247714383,1.0537370855743087e-05,0.8340779685386097,0.005000000000007856,0.8898795179029017,0.11725432247714383
0.5040000000000002,0.014160526760835356,0.0,0.11727951998920408,1.0525528742385817e-05,0.8342443526197648,0.005000000000007833,0.8901002614462366,0.11727951998920408
0.5045000000000003,0.014162748983057579,0.0,0.11730469223288278,1.0513944982386439e-05,0.8344107370572813,0.005000000000007811,0.8903207839923487,0.11730469223288278
0.5050000000000003,0.014164971205279802,0.0,0.11732983918992819,1.050276382721591e-05,0.8345771218512769,0.00500000000000779,0.8905410855399708,0.11732983918992819
0.5055000000000003,0.014167193427502023,0.0,0.11735496088043308,1.0491802354801684e-05,0.8347435070013811,0.00500000000000777,0.8907611660871897,0.11735496088043308
0.5060000000000002,0.014169415649724244,0.0,0.11738005730416617,1.0481057720968013e-05,0.8349098925074825,0.00500000000000775,0.8909810256324361,0.11738005730416617
0.5065000000000003,0.014171637871946467,0.0,0.11740512846094063,1.0470527081539157e-05,0.8350762783694695,0.005000000000007731,0.8912006641741411,0.11740512846094063
0.5070000000000003,0.01417386009416869,0.0,0.11743017435053218,1.0460207592339372e-05,0.8352426645872308,0.005000000000007712,0.8914200817107372,0.11743017435053218
0.5075000000000003,0.014176082316390913,0.0,0.11745519497276094,1.0450096409192919e-05,0.835409051160655,0.005000000000007694,0.8916392782406565,0.11745519497276094
0.5080000000000002,0.014178304538613134,0.0,0.11748019032746072,1.0440190687924049e-05,0.8355754380896304,0.005000000000007676,0.8918582537623322,0.11748019032746072
0.5085000000000003,0.014180526760835357,0.0,0.1175051604144586,1.043048758435702e-05,0.8357418253740458,0.005000000000007659,0.8920770082741982,0.1175051604144586
0.5090000000000003,0.014182748983057578,0.0,0.117530105233626,1.042098425431609e-05,0.8359082130137896,0.005000000000007642,0.8922955417746886,0.117530105233626
0.5095000000000003,0.014184971205279801,0.0,0.11755502478482753,1.0411677853625518e-05,0.8360746010087504,0.005000000000007626,0.8925138542622385,0.11755502478482753
0.5100000000000002,0.014187193427502022,0.0,0.11757991906794152,1.0402565538109559e-05,0.8362409893588166,0.00500000000000761,0.8927319457352831,0.11757991906794152
0.5105000000000003,0.014189415649724245,0.0,0.1176047880828701,1.0393644463592467e-05,0.8364073780638771,0.005000000000007595,0.8929498161922591,0.1176047880828701
0.5110000000000003,0.014191637871946468,0.0,0.11762963182950864,1.0384911785898503e-05,0.8365737671238203,0.00500000000000758,0.8931674656316027,0.11762963182950864
0.5115000000000003,0.01419386009416869,0.0,0.11765445030780707,1.0376364660851923e-05,0.8367401565385344,0.005000000000007565,0.893384894051751,0.11765445030780707
0.5120000000000002,0.014196082316390912,0.0,0.11767924351768792,1.0368000244276985e-05,0.8369065463079084,0.005000000000007551,0.8936021014511423,0.11767924351768792
0.5125000000000003,0.014198304538613135,0.0,0.11770401145909767,1.035981569199794e-05,0.8370729364318307,0.005000000000007538,0.8938190878282148,0.11770401145909767
0.5130000000000003,0.014200526760835356,0.0,0.11772875413198611,1.035180815983905e-05,0.8372393269101899,0.005000000000007525,0.8940358531814079,0.11772875413198611
0.5135000000000003,0.01420274898305758,0.0,0.117753471536378,1.0343974803624574e-05,0.8374057177428743,0.005000000000007512,0.8942523975091605,0.117753471536378
0.5140000000000002,0.0142049712052798,0.0,0.11777816367221962,1.0336312779178765e-05,0.8375721089297727,0.0050000000000075,0.8944687208099136,0.11777816367221962
0.5145000000000003,0.014207193427502023,0.0,0.1178028305395424,1.032881924232588e-05,0.8377385004707737,0.005000000000007488,0.8946848230821076,0.1178028305395424
0.5150000000000003,0.014209415649724246,0.0,0.11782747213835042,1.0321491348890175e-05,0.8379048923657657,0.005000000000007477,0.894900704324184,0.11782747213835042
0.5155000000000003,0.014211637871946467,0.0,0.11785208846868181,1.0314326254695912e-05,0.8380712846146372,0.0050000000000074655,0.8951163645345847,0.11785208846868181
0.5160000000000002,0.01421386009416869,0.0,0.1178766795305984,1.0307321115567344e-05,0.8382376772172768,0.005000000000007454,0.8953318037117524,0.1178766795305984
0.5165000000000003,0.014216082316390911,0.0,0.11790124532412437,1.0300473087328724e-05,0.8384040701735732,0.005000000000007444,0.8955470218541302,0.11790124532412437
0.5170000000000003,0.014218304538613134,0.0,0.11792578584934865,1.0293779325804317e-05,0.8385704634834149,0.005000000000007434,0.895762018960162,0.11792578584934865
0.5175000000000003,0.014220526760835357,0.0,0.11795030110637368,1.0287236986818375e-05,0.8387368571466902,0.005000000000007425,0.895976795028292,0.11795030110637368
0.5180000000000002,0.014222748983057578,0.0,0.11797479109528457,1.0280843226195157e-05,0.8389032511632879,0.005000000000007415,0.8961913500569652,0.11797479109528457
0.5185000000000003,0.014224971205279801,0.0,0.11799925581619028,1.0274595199758917e-05,0.8390696455330965,0.005000000000007406,0.8964056840446272,0.11799925581619028
0.5190000000000003,0.014227193427502024,0.0,0.11802369526922339,1.0268490063333915e-05,0.8392360402560045,0.005000000000007397,0.896619796989724,0.11802369526922339
0.5195000000000003,0.014229415649724245,0.0,0.11804810945451978,1.0262524972744406e-05,0.8394024353319005,0.005000000000007389,0.8968336888907024,0.11804810945451978
0.5200000000000002,0.014231637871946468,0.0,0.11807249837224919,1.0256697083814648e-05,0.839568830760673,0.005000000000007381,0.8970473597460097,0.11807249837224919
0.5205000000000003,0.01423386009416869,0.0,0.11809686202255389,1.0251003552368896e-05,0.8397352265422107,0.0050000000000073735,0.8972608095540938,0.11809686202255389
0.5210000000000004,0.014236082316390912,0.0,0.1181212004056305,1.0245441534231409e-05,0.8399016226764019,0.005000000000007366,0.8974740383134032,0.1181212004056305
0.5215000000000003,0.014238304538613133,0.0,0.11814551352167887,1.0240008185226445e-05,0.8400680191631352,0.005000000000007359,0.8976870460223869,0.11814551352167887
0.5220000000000002,0.014240526760835356,0.0,0.11816980137090201,1.0234700661178257e-05,0.8402344160022993,0.005000000000007352,0.8978998326794946,0.11816980137090201
0.5225000000000003,0.01424274898305758,0.0,0.11819406395349577,1.0229516117911104e-05,0.8404008131937828,0.005000000000007345,0.8981123982831767,0.11819406395349577
0.5230000000000004,0.014244971205279802,0.0,0.11821830126973094,1.0224451711249242e-05,0.840567210737474,0.005000000000007339,0.8983247428318839,0.11821830126973094
0.5235000000000003,0.014247193427502023,0.0,0.11824251331983021,1.0219504597016931e-05,0.8407336086332615,0.005000000000007333,0.8985368663240676,0.11824251331983021
0.5240000000000002,0.014249415649724245,0.0,0.11826670010406033,1.0214671931038424e-05,0.8409000068810341,0.005000000000007328,0.89874876875818,0.11826670010406033
0.5245000000000003,0.014251637871946467,0.0,0.1182908616227117,1.020995086913798e-05,0.84106640548068,0.0050000000000073215,0.8989604501326736,0.1182908616227117
0.5250000000000004,0.01425386009416869,0.0,0.11831499787604705,1.0205338567139854e-05,0.841232804432088,0.005000000000007316,0.8991719104460015,0.11831499787604705
0.5255000000000003,0.014256082316390912,0.0,0.1183391088643732,1.0200832180868305e-05,0.8413992037351467,0.005000000000007312,0.8993831496966179,0.1183391088643732
0.5260000000000002,0.014258304538613134,0.0,0.11836319458803084,1.019642886614759e-05,0.8415656033897443,0.005000000000007307,0.8995941678829767,0.11836319458803084
0.5265000000000003,0.014260526760835357,0.0,0.11838725504731237,1.0192125778801964e-05,0.8417320033957697,0.005000000000007302,0.8998049650035334,0.11838725504731237
0.5270000000000004,0.014262748983057578,0.0,0.1184112902425749,1.0187920074655684e-05,0.8418984037531113,0.005000000000007298,0.9000155410567432,0.1184112902425749
0.5275000000000003,0.014264971205279801,0.0,0.11843530017417844,1.0183808909533009e-05,0.8420648044616575,0.005000000000007294,0.9002258960410622,0.11843530017417844
0.5280000000000002,0.014267193427502023,0.0,0.11845928484246561,1.0179789439258195e-05,0.8422312055212973,0.00500000000000729,0.9004360299549474,0.11845928484246561
0.5285000000000003,0.014269415649724245,0.0,0.11848324424785384,1.0175858819655498e-05,0.8423976069319188,0.005000000000007286,0.9006459427968561,0.11848324424785384
0.5290000000000004,0.014271637871946468,0.0,0.11850717839071226,1.0172014206549174e-05,0.8425640086934107,0.0050000000000072825,0.9008556345652462,0.11850717839071226
0.5295000000000003,0.01427386009416869,0.0,0.118531087271454,1.0168252755763483e-05,0.8427304108056616,0.00500000000000728,0.9010651052585761,0.118531087271454
0.5300000000000002,0.014276082316390912,0.0,0.11855497089050554,1.016457162312268e-05,0.8428968132685599,0.005000000000007276,0.901274354875305,0.11855497089050554
0.5305000000000003,0.014278304538613135,0.0,0.11857882924828594,1.016096796445102e-05,0.8430632160819944,0.005000000000007274,0.9014833834138929,0.11857882924828594
0.5310000000000004,0.014280526760835357,0.0,0.11860266234523784,1.0157438935572764e-05,0.8432296192458536,0.00500000000000727,0.9016921908727998,0.11860266234523784
0.5315000000000003,0.01428274898305758,0.0,0.11862647018185812,1.0153981692312165e-05,0.8433960227600258,0.005000000000007268,0.9019007772504866,0.11862647018185812
0.5320000000000003,0.0142849712052798,0.0,0.11865025275857471,1.0150593390493483e-05,0.8435624266243997,0.005000000000007266,0.9021091425454147,0.11865025275857471
0.5325000000000003,0.014287193427502023,0.0,0.1186740100713076,1.0147276121643197e-05,0.8437288308389224,0.005000000000007263,0.9023172867561194,0.1186740100713076
0.5330000000000004,0.014289415649724246,0.0,0.11869774210507444,1.0144043907226001e-05,0.8438952354036778,0.005000000000007261,0.9025252098813074,0.11869774210507444
0.5335000000000003,0.014291637871946468,0.0,0.11872144887581458,1.014087847056771e-05,0.8440616403183593,0.005000000000007259,0.902732911919197,0.11872144887581458
0.5340000000000003,0.01429386009416869,0.0,0.11874513038346249,1.0137778822100403e-05,0.844228045582863,0.005000000000007257,0.9029403928682616,0.11874513038346249
0.5345000000000003,0.014296082316390912,0.0,0.11876878662786278,1.0134743972256161e-05,0.844394451197086,0.005000000000007256,0.9031476527269758,0.11876878662786278
0.5350000000000004,0.014298304538613135,0.0,0.11879241760897576,1.0131772931467064e-05,0.8445608571609247,0.005000000000007254,0.9033546914938141,0.11879241760897576
0.5355000000000003,0.014300526760835357,0.0,0.11881602332670264,1.0128864710165193e-05,0.8447272634742756,0.005000000000007253,0.903561509167252,0.11881602332670264
0.5360000000000003,0.014302748983057579,0.0,0.11883960378098835,1.012601831878263e-05,0.8448936701370355,0.005000000000007251,0.903768105745765,0.11883960378098835
0.5365000000000003,0.014304971205279801,0.0,0.1188631589717804,1.0123232767751454e-05,0.8450600771491011,0.00500000000000725,0.9039744812278301,0.1188631589717804
0.5370000000000004,0.014307193427502023,0.0,0.11888668889904945,1.0120507067503747e-05,0.8452264845103689,0.0050000000000072495,0.9041806356119236,0.11888668889904945
0.5375000000000003,0.014309415649724246,0.0,0.11891019356277903,1.0117840228471589e-05,0.8453928922207353,0.005000000000007249,0.9043865688965234,0.11891019356277903
0.5380000000000003,0.014311637871946468,0.0,0.11893367296294488,1.0115231261087061e-05,0.8455593002800973,0.005000000000007248,0.9045922810801074,0.11893367296294488
0.5385000000000003,0.01431386009416869,0.0,0.11895712709954587,1.0112679175782244e-05,0.8457257086883514,0.005000000000007248,0.9047977721611543,0.11895712709954587
0.5390000000000004,0.014316082316390913,0.0,0.11898055597261428,1.0110182982989217e-05,0.8458921174453942,0.005000000000007247,0.9050030421381432,0.11898055597261428
0.5395000000000003,0.014318304538613134,0.0,0.11900395958216435,1.0107741693140065e-05,0.8460585265511222,0.005000000000007247,0.9052080910095539,0.11900395958216435
0.5400000000000003,0.014320526760835357,0.0,0.11902733792825392,1.0105354316666865e-05,0.8462249360054321,0.005000000000007247,0.9054129187738662,0.11902733792825392
0.5405000000000003,0.01432274898305758,0.0,0.11905069101093309,1.0103019864001697e-05,0.8463913458082207,0.005000000000007247,0.9056175254295615,0.11905069101093309
0.5410000000000004,0.0143249712052798,0.0,0.11907401883024417,1.0100737345576645e-05,0.8465577559593844,0.005000000000007247,0.9058219109751207,0.11907401883024417
0.5415000000000003,0.014327193427502024,0.0,0.11909732138630394,1.0098505771823788e-05,0.84672416645882,0.005000000000007247,0.9060260754090259,0.11909732138630394
0.5420000000000003,0.014329415649724245,0.0,0.11912059867916992,1.0096324153175206e-05,0.8468905773064239,0.005000000000007247,0.9062300187297594,0.11912059867916992
0.5425000000000003,0.014331637871946468,0.0,0.11914385070898446,1.0094191500062983e-05,0.8470569885020929,0.005000000000007248,0.9064337409358042,0.11914385070898446
0.5430000000000004,0.01433386009416869,0.0,0.11916707747583055,1.0092106822919194e-05,0.8472234000457236,0.005000000000007248,0.906637242025644,0.11916707747583055
0.5435000000000003,0.014336082316390912,0.0,0.11919027897985539,1.0090069132175926e-05,0.8473898119372125,0.005000000000007249,0.9068405219977625,0.11919027897985539
0.5440000000000003,0.014338304538613135,0.0,0.11921345522120862,1.0088077438265255e-05,0.8475562241764564,0.0050000000000072495,0.9070435808506447,0.11921345522120862
0.5445000000000003,0.014340526760835356,0.0,0.11923660620002173,1.0086130751619265e-05,0.8477226367633518,0.00500000000000725,0.9072464185827757,0.11923660620002173
0.5450000000000004,0.014342748983057579,0.0,0.11925973191649035,1.0084228082670034e-05,0.8478890496977954,0.005000000000007251,0.907449035192641,0.11925973191649035
0.5455000000000003,0.014344971205279802,0.0,0.11928283237080224,1.0082368441849644e-05,0.8480554629796837,0.005000000000007252,0.9076514306787269,0.11928283237080224
0.5460000000000003,0.014347193427502023,0.0,0.11930590756310634,1.0080550839590177e-05,0.8482218766089135,0.005000000000007253,0.9078536050395204,0.11930590756310634
0.5465000000000003,0.014349415649724246,0.0,0.11932895749365698,1.0078774286323712e-05,0.8483882905853812,0.005000000000007255,0.9080555582735088,0.11932895749365698
0.5470000000000004,0.014351637871946469,0.0,0.119351982162649,1.007703779248233e-05,0.8485547049089838,0.005000000000007256,0.90825729037918,0.119351982162649
0.5475000000000003,0.01435386009416869,0.0,0.11937498157032086,1.0075340368498112e-05,0.8487211195796174,0.005000000000007257,0.9084588013550223,0.11937498157032086
0.5480000000000003,0.014356082316390913,0.0,0.11939795571692367,1.0073681024803138e-05,0.8488875345971789,0.005000000000007258,0.9086600911995248,0.11939795571692367
0.5485000000000003,0.014358304538613134,0.0,0.1194209046026902,1.0072058771829491e-05,0.849053949961565,0.00500000000000726,0.9088611599111771,0.1194209046026902
0.5490000000000004,0.014360526760835357,0.0,0.11944382822791742,1.0070472620009249e-05,0.8492203656726723,0.005000000000007262,0.9090620074884694,0.11944382822791742
0.5495000000000003,0.01436274898305758,0.0,0.11946672659289433,1.0068921579774495e-05,0.8493867817303973,0.005000000000007263,0.909262633929892,0.11946672659289433
0.5500000000000003,0.0143649712052798,0.0,0.11948959969788127,1.0067404661557308e-05,0.8495531981346367,0.005000000000007265,0.9094630392339365,0.11948959969788127
0.5505000000000003,0.014367193427502024,0.0,0.11951244754322332,1.006592087578977e-05,0.849719614885287,0.005000000000007267,0.9096632233990942,0.11951244754322332
0.5510000000000004,0.014369415649724247,0.0,0.11953527012920606,1.0064469232903959e-05,0.8498860319822451,0.0050000000000072695,0.9098631864238579,0.11953527012920606
0.5515000000000003,0.014371637871946468,0.0,0.11955806745618944,1.006304874333196e-05,0.8500524494254073,0.005000000000007271,0.9100629283067198,0.11955806745618944
0.5520000000000003,0.014373860094168689,0.0,0.11958083952449447,1.006165841750585e-05,0.8502188672146704,0.005000000000007273,0.9102624490461739,0.11958083952449447
0.5525000000000003,0.014376082316390912,0.0,0.11960358632915245,1.0060302998481181e-05,0.8503852853499987,0.0050000000000072755,0.9104617486407948,0.11960358632915245
0.5530000000000004,0.014378304538613135,0.0,0.11962630786648452,1.0058984527822217e-05,0.8505517038313395,0.005000000000007277,0.9106608270891373,0.11962630786648452
0.5535000000000003,0.014380526760835358,0.0,0.11964900414515227,1.0057692632022326e-05,0.8507181226584851,0.00500000000000728,0.9108596843895717,0.11964900414515227
0.5540000000000003,0.014382748983057579,0.0,0.11967167516493842,1.0056426944488704e-05,0.8508845418313397,0.0050000000000072825,0.911058320540602,0.11967167516493842
0.5545000000000003,0.014384971205279802,0.0,0.11969432092568952,1.0055187098628553e-05,0.8510509613498071,0.005000000000007285,0.9112567355407333,0.11969432092568952
0.5550000000000004,0.014387193427502023,0.0,0.11971694142724387,1.0053972727849071e-05,0.8512173812137912,0.005000000000007288,0.9114549293884706,0.11971694142724387
0.5555000000000003,0.014389415649724246,0.0,0.11973953666945199,1.0052783465557456e-05,0.8513838014231961,0.00500000000000729,0.91165290208232,0.11973953666945199
0.5560000000000003,0.014391637871946467,0.0,0.11976210665217672,1.0051618945160908e-05,0.8515502219779256,0.005000000000007293,0.9118506536207873,0.11976210665217672
0.5565000000000003,0.01439386009416869,0.0,0.11978465137530347,1.0050478800066625e-05,0.8517166428778838,0.0050000000000072955,0.9120481840023799,0.11978465137530347
0.5570000000000004,0.014396082316390913,0.0,0.11980717083870931,1.0049362663681807e-05,0.8518830641229745,0.005000000000007298,0.9122454932256046,0.11980717083870931
0.5575000000000003,0.014398304538613134,0.0,0.11982966504230413,1.0048270169413652e-05,0.8520494857131017,0.005000000000007301,0.9124425812889692,0.11982966504230413
0.5580000000000003,0.014400526760835357,0.0,0.11985213398599982,1.0047200950669359e-05,0.8522159076481692,0.005000000000007303,0.9126394481909822,0.11985213398599982
0.5585000000000003,0.01440274898305758,0.0,0.11987457766973081,1.0046154640856125e-05,0.8523823299280812,0.005000000000007307,0.9128360939301525,0.11987457766973081
0.5590000000000004,0.014404971205279801,0.0,0.11989699609340242,1.0045130873381154e-05,0.8525487525527414,0.005000000000007309,0.9130325185049892,0.11989699609340242
0.5595000000000003,0.014407193427502024,0.0,0.11991938925699418,1.0044129281651642e-05,0.8527151755220539,0.005000000000007312,0.9132287219140024,0.11991938925699418
0.5600000000000003,0.014409415649724245,0.0,0.11994175716046683,1.0043149499074787e-05,0.8528815988359225,0.005000000000007315,0.9134247041557022,0.11994175716046683
0.5605000000000003,0.014411637871946468,0.0,0.119964099803783,1.0042191159057787e-05,0.8530480224942514,0.005000000000007319,0.9136204652285997,0.119964099803783
0.5610000000000004,0.01441386009416869,0.0,0.1199864171869382,1.0041253895007844e-05,0.8532144464969442,0.0050000000000073215,0.9138160051312062,0.1199864171869382
0.5615000000000003,0.014416082316390912,0.0,0.1200087093099297,1.0040337340332157e-05,0.853380870843905,0.005000000000007325,0.9140113238620333,0.1200087093099297
0.5620000000000003,0.014418304538613135,0.0,0.12003097617277739,1.0039441128437923e-05,0.8535472955350377,0.0050000000000073284,0.9142064214195936,0.12003097617277739
0.5625000000000003,0.014420526760835356,0.0,0.12005321777548224,1.003856489273234e-05,0.8537137205702464,0.005000000000007332,0.9144012978024002,0.12005321777548224
0.5630000000000004,0.014422748983057579,0.0,0.12007543411809876,1.003770826662261e-05,0.8538801459494348,0.0050000000000073345,0.9145959530089661,0.12007543411809876
0.5635000000000003,0.014424971205279802,0.0,0.12009762520067292,1.0036870883515929e-05,0.8540465716725071,0.005000000000007338,0.9147903870378056,0.12009762520067292
0.5640000000000003,0.014427193427502023,0.0,0.12011979102325253,1.0036052376819499e-05,0.854212997739367,0.0050000000000073415,0.9149845998874327,0.12011979102325253
0.5645000000000003,0.014429415649724246,0.0,0.12014193158592848,1.0035252379940515e-05,0.8543794241499185,0.005000000000007345,0.9151785915563626,0.12014193158592848
0.5650000000000004,0.014431637871946469,0.0,0.12016404688877283,1.0034470526286178e-05,0.8545458509040657,0.005000000000007348,0.9153723620431108,0.12016404688877283
0.5655000000000003,0.01443386009416869,0.0,0.12018613693188006,1.0033706449263688e-05,0.8547122780017122,0.005000000000007352,0.915565911346193,0.12018613693188006
0.5660000000000003,0.014436082316390913,0.0,0.12020820171535676,1.0032959782280243e-05,0.8548787054427623,0.005000000000007356,0.9157592394641259,0.12020820171535676
0.5665000000000003,0.014438304538613134,0.0,0.12023024123933199,1.0032230158743042e-05,0.8550451332271198,0.00500000000000736,0.9159523463954262,0.12023024123933199
0.5670000000000004,0.014440526760835357,0.0,0.12025225550392615,1.0031517212059283e-05,0.8552115613546887,0.005000000000007363,0.9161452321386117,0.12025225550392615
0.5675000000000003,0.014442748983057578,0.0,0.12027424450929247,1.0030820575636166e-05,0.8553779898253728,0.005000000000007367,0.9163378966922001,0.12027424450929247
0.5680000000000003,0.014444971205279801,0.0,0.12029620825560657,1.0030139882880888e-05,0.855544418639076,0.005000000000007371,0.9165303400547099,0.12029620825560657
0.5685000000000003,0.014447193427502024,0.0,0.12031814674299404,1.0029474767200651e-05,0.8557108477957026,0.005000000000007374,0.9167225622246604,0.12031814674299404
0.5690000000000004,0.014449415649724247,0.0,0.12034005997167532,1.0028824862002652e-05,0.8558772772951562,0.005000000000007379,0.9169145632005707,0.12034005997167532
0.5695000000000003,0.014451637871946468,0.0,0.12036194794181049,1.002818980069409e-05,0.8560437071373408,0.005000000000007382,0.9171063429809612,0.12036194794181049
0.5700000000000003,0.01445386009416869,0.0,0.12038381065362336,1.0027569216682165e-05,0.8562101373221603,0.0050000000000073866,0.9172979015643521,0.12038381065362336
0.5705000000000003,0.014456082316390912,0.0,0.12040564810733942,1.0026962743374075e-05,0.8563765678495189,0.00500000000000739,0.9174892389492646,0.12040564810733942
0.5710000000000004,0.014458304538613135,0.0,0.12042746030316516,1.002637001417702e-05,0.8565429987193203,0.005000000000007394,0.9176803551342202,0.12042746030316516
0.5715000000000003,0.014460526760835356,0.0,0.12044924724136047,1.0025790662498196e-05,0.8567094299314684,0.005000000000007399,0.917871250117741,0.12044924724136047
0.5720000000000003,0.014462748983057579,0.0,0.1204710089221662,1.0025224321744805e-05,0.8568758614858673,0.005000000000007402,0.9180619238983494,0.1204710089221662
0.5725000000000003,0.014464971205279802,0.0,0.12049274534585586,1.0024670625324044e-05,0.8570422933824208,0.0050000000000074065,0.9182523764745686,0.12049274534585586
0.5730000000000004,0.014467193427502023,0.0,0.1205144565126943,1.0024129206643112e-05,0.857208725621033,0.005000000000007411,0.9184426078449223,0.1205144565126943
0.5735000000000003,0.014469415649724246,0.0,0.12053614242297898,1.002359969910921e-05,0.8573751582016077,0.005000000000007415,0.9186326180079343,0.12053614242297898
0.5740000000000003,0.014471637871946467,0.0,0.12055780307700904,1.0023081736129535e-05,0.8575415911240489,0.005000000000007419,0.9188224069621294,0.12055780307700904
0.5745000000000003,0.01447386009416869,0.0,0.12057943847509554,1.0022574951111287e-05,0.8577080243882607,0.005000000000007423,0.9190119747060327,0.12057943847509554
0.5750000000000004,0.014476082316390913,0.0,0.12060104861757188,1.0022078977461664e-05,0.8578744579941467,0.005000000000007427,0.9192013212381698,0.12060104861757188
0.5755000000000003,0.014478304538613134,0.0,0.12062263350476263,1.0021593448587866e-05,0.858040891941611,0.005000000000007432,0.9193904465570666,0.12062263350476263
0.5760000000000003,0.014480526760835357,0.0,0.12064419313702507,1.002111799789709e-05,0.8582073262305576,0.005000000000007436,0.91957935066125,0.12064419313702507
0.5765000000000003,0.01448274898305758,0.0,0.120665727514718,1.0020652258796537e-05,0.8583737608608905,0.00500000000000744,0.9197680335492471,0.120665727514718
0.5770000000000004,0.014484971205279801,0.0,0.12068723661401644,1.0020204746135391e-05,0.858540195832817,0.005000000000007445,0.919956495219929,0.12068723661401644
0.5775000000000003,0.014487193427502024,0.0,0.12070872045701767,1.0019766635482676e-05,0.858706631145969,0.005000000000007449,0.920144735671515,0.12070872045701767
0.5780000000000003,0.014489415649724245,0.0,0.12073017904571162,1.0019336965106066e-05,0.85887306680023,0.005000000000007453,0.9203327549025107,0.12073017904571162
0.5785000000000003,0.014491637871946468,0.0,0.12075161237984118,1.0018915630878915e-05,0.8590395027955126,0.005000000000007458,0.9205205529114547,0.12075161237984118
0.5790000000000004,0.014493860094168691,0.0,0.12077302045915045,1.0018502528674582e-05,0.8592059391317289,0.005000000000007462,0.9207081296968863,0.12077302045915045
0.5795000000000003,0.014496082316390912,0.0,0.12079440328337446,1.0018097554366423e-05,0.8593723758087916,0.005000000000007467,0.920895485257345,0.12079440328337446
0.5800000000000003,0.014498304538613135,0.0,0.12081576085232205,1.0017700603827793e-05,0.8595388128266128,0.0050000000000074716,0.9210826195913707,0.12081576085232205
0.5805000000000003,0.014500526760835356,0.0,0.12083709316574119,1.001731157293205e-05,0.8597052501851051,0.005000000000007476,0.9212695326975042,0.12083709316574119
0.5810000000000004,0.014502748983057579,0.0,0.12085840022345354,1.001693035755255e-05,0.8598716878841809,0.00500000000000748,0.9214562245742863,0.12085840022345354
0.5815000000000003,0.014504971205279802,0.0,0.120879682025251,1.0016556853562653e-05,0.8600381259237523,0.0050000000000074854,0.9216426952202583,0.120879682025251
0.5820000000000003,0.014507193427502023,0.0,0.12090093857095773,1.001619095683571e-05,0.8602045643037317,0.00500000000000749,0.921828944633962,0.12090093857095773
0.5825000000000004,0.014509415649724246,0.0,0.12092216986039916,1.0015832563245081e-05,0.8603710030240318,0.005000000000007494,0.9220149728139403,0.12092216986039916
0.5830000000000004,0.014511637871946467,0.0,0.12094337589340191,1.0015481568664121e-05,0.8605374420845648,0.005000000000007499,0.9222007797587356,0.12094337589340191
0.5835000000000004,0.01451386009416869,0.0,0.12096455666984565,1.0015137868966187e-05,0.860703881485243,0.005000000000007504,0.9223863654668911,0.12096455666984565
0.5840000000000003,0.014516082316390913,0.0,0.12098571218958017,1.0014801360024638e-05,0.8608703212259788,0.005000000000007508,0.9225717299369507,0.12098571218958017
0.5845000000000004,0.014518304538613134,0.0,0.12100684245246676,1.0014471937712828e-05,0.8610367613066847,0.005000000000007513,0.9227568731674587,0.12100684245246676
0.5850000000000004,0.014520526760835357,0.0,0.12102794745841979,1.0014149497904113e-05,0.8612032017272729,0.0050000000000075175,0.9229417951569596,0.12102794745841979
0.5855000000000004,0.014522748983057578,0.0,0.12104902720731327,1.0013833936471853e-05,0.8613696424876559,0.005000000000007523,0.9231264959039986,0.12104902720731327
0.5860000000000003,0.014524971205279801,0.0,0.12107008169908466,1.0013525149289401e-05,0.861536083587746,0.005000000000007527,0.9233109754071214,0.12107008169908466
0.5865000000000004,0.014527193427502024,0.0,0.12109111093362067,1.0013223032230116e-05,0.8617025250274558,0.005000000000007532,0.9234952336648741,0.12109111093362067
0.5870000000000004,0.014529415649724245,0.0,0.12111211491086102,1.0012927481167355e-05,0.8618689668066973,0.005000000000007537,0.9236792706758029,0.12111211491086102
0.5875000000000004,0.014531637871946468,0.0,0.12113309363077772,1.0012638391974471e-05,0.8620354089253832,0.005000000000007542,0.923863086438455,0.12113309363077772
0.5880000000000003,0.01453386009416869,0.0,0.12115404709330241,1.0012355660524823e-05,0.8622018513834256,0.005000000000007546,0.924046680951378,0.12115404709330241
0.5885000000000004,0.014536082316390912,0.0,0.12117497529840929,1.0012079182691769e-05,0.8623682941807372,0.005000000000007551,0.9242300542131197,0.12117497529840929
0.5890000000000004,0.014538304538613135,0.0,0.12119587824607372,1.0011808854348662e-05,0.8625347373172302,0.005000000000007556,0.9244132062222283,0.12119587824607372
0.5895000000000004,0.014540526760835356,0.0,0.12121675593629296,1.0011544571368862e-05,0.8627011807928169,0.005000000000007561,0.924596136977253,0.12121675593629296
0.5900000000000003,0.01454274898305758,0.0,0.12123760836906525,1.0011286229625725e-05,0.8628676246074097,0.005000000000007566,0.9247788464767428,0.12123760836906525
0.5905000000000004,0.0145449712052798,0.0,0.12125843554437965,1.0011033724992606e-05,0.8630340687609213,0.0050000000000075704,0.9249613347192478,0.12125843554437965
0.5910000000000004,0.014547193427502023,0.0,0.12127923746230924,1.0010786953342862e-05,0.8632005132532635,0.005000000000007576,0.9251436017033179,0.12127923746230924
0.5915000000000004,0.014549415649724246,0.0,0.12130001412286598,1.001054581054985e-05,0.8633669580843492,0.005000000000007581,0.925325647427504,0.12130001412286598
0.5920000000000003,0.014551637871946467,0.0,0.12132076552608356,1.0010310192486928e-05,0.8635334032540904,0.005000000000007585,0.9255074718903572,0.12132076552608356
0.5925000000000004,0.01455386009416869,0.0,0.1213414916720383,1.0010079995027452e-05,0.8636998487623998,0.00500000000000759,0.9256890750904292,0.1213414916720383
0.5930000000000004,0.014556082316390913,0.0,0.12136219256079718,1.0009855114044776e-05,0.8638662946091895,0.005000000000007596,0.925870457026272,0.12136219256079718
0.5935000000000004,0.014558304538613134,0.0,0.12138286819243857,1.000963544541226e-05,0.8640327407943721,0.005000000000007601,0.9260516176964384,0.12138286819243857
0.5940000000000003,0.014560526760835357,0.0,0.12140351856705228,1.0009420885003258e-05,0.8641991873178598,0.005000000000007606,0.9262325570994812,0.12140351856705228
0.5945000000000004,0.014562748983057578,0.0,0.12142414368476026,1.000921132869113e-05,0.864365634179565,0.00500000000000761,0.9264132752339537,0.12142414368476026
0.5950000000000004,0.014564971205279801,0.0,0.12144474354565434,1.0009006672349227e-05,0.8645320813794003,0.0050000000000076155,0.9265937720984103,0.12144474354565434
0.5955000000000004,0.014567193427502024,0.0,0.12146531814988966,1.0008806811850912e-05,0.8646985289172777,0.005000000000007621,0.926774047691405,0.12146531814988966
0.5960000000000003,0.014569415649724245,0.0,0.1214858674975808,1.0008611643069537e-05,0.8648649767931099,0.005000000000007626,0.9269541020114931,0.1214858674975808
0.5965000000000004,0.014571637871946468,0.0,0.12150639158888484,1.000842106187846e-05,0.8650314250068092,0.005000000000007631,0.9271339350572297,0.12150639158888484
0.5970000000000004,0.014573860094168691,0.0,0.12152689042397027,1.0008234964151039e-05,0.8651978735582878,0.005000000000007636,0.9273135468271706,0.12152689042397027
0.5975000000000004,0.014576082316390912,0.0,0.12154736400299616,1.000805324576063e-05,0.8653643224474583,0.0050000000000076416,0.9274929373198721,0.12154736400299616
0.5980000000000003,0.014578304538613134,0.0,0.12156781232615367,1.0007875802580586e-05,0.865530771674233,0.005000000000007647,0.927672106533891,0.12156781232615367
0.5985000000000004,0.014580526760835356,0.0,0.12158823539365572,1.000770253048427e-05,0.8656972212385242,0.005000000000007652,0.9278510544677844,0.12158823539365572
0.5990000000000004,0.01458274898305758,0.0,0.12160863320569537,1.0007533325345032e-05,0.8658636711402443,0.005000000000007657,0.9280297811201099,0.12160863320569537
0.5995000000000004,0.014584971205279802,0.0,0.12162900576247701,1.0007368083036233e-05,0.8660301213793058,0.005000000000007662,0.9282082864894259,0.12162900576247701
0.6000000000000003,0.014587193427502023,0.0,0.1216493530642475,1.000720669943123e-05,0.8661965719556209,0.005000000000007668,0.9283865705742907,0.1216493530642475
0.6005000000000004,0.014589415649724246,0.0,0.12166967511123389,1.0007049070403376e-05,0.8663630228691023,0.005000000000007673,0.9285646333732637,0.12166967511123389
0.6010000000000004,0.014591637871946467,0.0,0.12168997190369524,1.000689509182603e-05,0.866529474119662,0.005000000000007678,0.928742474884904,0.12168997190369524
0.6015000000000004,0.01459386009416869,0.0,0.12171024344191238,1.0006744659572549e-05,0.8666959257072124,0.005000000000007683,0.9289200951077718,0.12171024344191238
0.6020000000000003,0.014596082316390912,0.0,0.12173048972613576,1.0006597669516289e-05,0.8668623776316661,0.005000000000007688,0.9290974940404276,0.12173048972613576
0.6025000000000004,0.014598304538613134,0.0,0.12175071075665835,1.0006454017530606e-05,0.8670288298929354,0.005000000000007694,0.9292746716814324,0.12175071075665835
0.6030000000000004,0.014600526760835357,0.0,0.12177090653378439,1.0006313599488858e-05,0.8671952824909327,0.005000000000007699,0.9294516280293473,0.12177090653378439
0.6035000000000004,0.014602748983057579,0.0,0.12179107705780853,1.0006176311264398e-05,0.8673617354255703,0.005000000000007704,0.9296283630827343,0.12179107705780853
0.6040000000000003,0.014604971205279801,0.0,0.12181122232906798,1.0006042048730588e-05,0.8675281886967605,0.005000000000007709,0.9298048768401557,0.12181122232906798
0.6045000000000004,0.014607193427502024,0.0,0.12183134234789028,1.000591070776078e-05,0.8676946423044158,0.005000000000007714,0.9299811693001742,0.12183134234789028
0.6050000000000004,0.014609415649724245,0.0,0.12185143711459344,1.0005782184228334e-05,0.8678610962484486,0.00500000000000772,0.930157240461353,0.12185143711459344
0.6055000000000004,0.014611637871946468,0.0,0.12187150662955874,1.0005656374006604e-05,0.8680275505287713,0.005000000000007725,0.930333090322256,0.12187150662955874
0.6060000000000003,0.01461386009416869,0.0,0.12189155089313708,1.0005533172968949e-05,0.8681940051452962,0.005000000000007731,0.9305087188814471,0.12189155089313708
0.6065000000000004,0.014616082316390912,0.0,0.12191156990572176,1.0005412476988722e-05,0.8683604600979357,0.005000000000007736,0.9306841261374912,0.12191156990572176
0.6070000000000004,0.014618304538613135,0.0,0.12193156366767564,1.0005294181939283e-05,0.8685269153866021,0.005000000000007741,0.9308593120889532,0.12193156366767564
0.6075000000000004,0.014620526760835357,0.0,0.12195153217941444,1.0005178183693989e-05,0.8686933710112078,0.0050000000000077465,0.9310342767343986,0.12195153217941444
0.6080000000000003,0.01462274898305758,0.0,0.12197147544134429,1.0005064378126194e-05,0.8688598269716653,0.005000000000007752,0.9312090200723937,0.12197147544134429
0.6085000000000004,0.0146249712052798,0.0,0.12199139343615091,1.0004954045692382e-05,0.8690262832681082,0.005000000000007758,0.9313835421017366,0.12199139343615091
0.6090000000000004,0.014627193427502024,0.0,0.12201128613655463,1.000484922815593e-05,0.8691927399007954,0.005000000000007763,0.9315578428213561,0.12201128613655463
0.6095000000000004,0.014629415649724246,0.0,0.12203115358859114,1.0004746253681313e-05,0.8693591968690694,0.005000000000007768,0.9317319222292217,0.12203115358859114
0.6100000000000003,0.014631637871946468,0.0,0.12205099579186722,1.0004645103259761e-05,0.869525654172853,0.005000000000007773,0.9319057803239121,0.12205099579186722
0.6105000000000004,0.01463386009416869,0.0,0.12207081274602136,1.0004545757882498e-05,0.8696921118120694,0.0050000000000077795,0.9320794171040071,0.12207081274602136
0.6110000000000004,0.014636082316390913,0.0,0.12209060445065081,1.0004448198540747e-05,0.8698585697866416,0.005000000000007785,0.9322528325680862,0.12209060445065081
0.6115000000000004,0.014638304538613135,0.0,0.1221103709054054,1.0004352406225737e-05,0.8700250280964924,0.00500000000000779,0.9324260267147296,0.1221103709054054
0.6120000000000003,0.014640526760835357,0.0,0.12213011210993535,1.0004258361928688e-05,0.870191486741545,0.005000000000007795,0.932598999542518,0.12213011210993535
0.6125000000000004,0.014642748983057579,0.0,0.12214982806389134,1.000416604664083e-05,0.8703579457217223,0.005000000000007801,0.9327717510500324,0.12214982806389134
0.6130000000000004,0.014644971205279802,0.0,0.1221695187669453,1.0004075441353384e-05,0.8705244050369474,0.005000000000007806,0.9329442812358542,0.1221695187669453
0.6135000000000004,0.014647193427502023,0.0,0.12218918421876958,1.0003986527057577e-05,0.8706908646871432,0.0050000000000078116,0.9331165900985652,0.12218918421876958
0.6140000000000003,0.014649415649724246,0.0,0.12220882441906819,1.0003899284744635e-05,0.8708573246722326,0.005000000000007818,0.9332886776367475,0.12220882441906819
0.6145000000000004,0.014651637871946468,0.0,0.12222843936753515,1.0003813695405782e-05,0.871023784992139,0.005000000000007823,0.933460543848984,0.12222843936753515
0.6150000000000004,0.014653860094168691,0.0,0.12224802906387526,1.0003729740032244e-05,0.871190245646785,0.005000000000007828,0.9336321887338577,0.12224802906387526
0.6155000000000004,0.014656082316390913,0.0,0.12226759350781459,1.0003647399615242e-05,0.8713567066360938,0.005000000000007834,0.9338036122899518,0.12226759350781459
0.6160000000000003,0.014658304538613134,0.0,0.12228713269908996,1.0003566655146007e-05,0.8715231679599883,0.005000000000007839,0.9339748145158505,0.12228713269908996
0.6165000000000004,0.014660526760835357,0.0,0.12230664663745947,1.000348748761576e-05,0.8716896296183916,0.0050000000000078445,0.9341457954101379,0.12230664663745947
0.6170000000000004,0.01466274898305758,0.0,0.12232613532266069,1.0003409878015728e-05,0.8718560916112266,0.005000000000007851,0.9343165549713985,0.12232613532266069
0.6175000000000004,0.0146649712052798,0.0,0.12234559875444198,1.0003333807337136e-05,0.8720225539384164,0.005000000000007856,0.9344870931982179,0.12234559875444198
0.6180000000000003,0.014667193427502024,0.0,0.12236503693262507,1.0003259256571209e-05,0.8721890165998839,0.005000000000007862,0.934657410089181,0.12236503693262507
0.6185000000000004,0.014669415649724247,0.0,0.12238444985695897,1.000318620670917e-05,0.8723554795955523,0.005000000000007867,0.9348275056428741,0.12238444985695897
0.6190000000000004,0.014671637871946468,0.0,0.12240383752724524,1.0003114638742246e-05,0.8725219429253445,0.005000000000007872,0.9349973798578834,0.12240383752724524
0.6195000000000004,0.01467386009416869,0.0,0.12242319994332741,1.0003044533661663e-05,0.8726884065891832,0.005000000000007878,0.9351670327327954,0.12242319994332741
0.6200000000000003,0.014676082316390912,0.0,0.12244253710497639,1.0002975872458642e-05,0.872854870586992,0.0050000000000078836,0.9353364642661978,0.12244253710497639
0.6205000000000004,0.014678304538613135,0.0,0.12246184901206768,1.0002908636124414e-05,0.8730213349186934,0.00500000000000789,0.9355056744566774,0.12246184901206768
0.6210000000000004,0.014680526760835358,0.0,0.12248113566442491,1.0002842805650199e-05,0.8731877995842106,0.005000000000007895,0.9356746633028226,0.12248113566442491
0.6215000000000004,0.014682748983057579,0.0,0.12250039706187198,1.0002778362027225e-05,0.8733542645834665,0.005000000000007901,0.9358434308032216,0.12250039706187198
0.6220000000000003,0.014684971205279802,0.0,0.1225196332043062,1.0002715286246717e-05,0.8735207299163844,0.005000000000007906,0.9360119769564633,0.1225196332043062
0.6225000000000004,0.014687193427502025,0.0,0.1225388440916042,1.0002653559299897e-05,0.873687195582887,0.005000000000007912,0.9361803017611366,0.1225388440916042
0.6230000000000004,0.014689415649724246,0.0,0.12255802972362209,1.0002593162177994e-05,0.8738536615828973,0.005000000000007917,0.9363484052158313,0.12255802972362209
0.6235000000000004,0.014691637871946469,0.0,0.12257719010026834,1.0002534075872232e-05,0.8740201279163385,0.0050000000000079235,0.9365162873191372,0.12257719010026834
0.6240000000000003,0.01469386009416869,0.0,0.1225963252214413,1.0002476281373834e-05,0.8741865945831335,0.005000000000007929,0.9366839480696447,0.1225963252214413
0.6245000000000004,0.014696082316390913,0.0,0.12261543508708134,1.0002419759674026e-05,0.8743530615832054,0.005000000000007935,0.9368513874659449,0.12261543508708134
0.6250000000000004,0.014698304538613136,0.0,0.12263451969708725,1.0002364491764035e-05,0.874519528916477,0.00500000000000794,0.9370186055066286,0.12263451969708725
0.6255000000000004,0.014700526760835357,0.0,0.12265357905141029,1.0002310458635085e-05,0.8746859965828714,0.005000000000007946,0.9371856021902876,0.12265357905141029
0.6260000000000003,0.01470274898305758,0.0,0.12267261315000197,1.0002257641278398e-05,0.8748524645823116,0.005000000000007951,0.9373523775155137,0.12267261315000197
0.6265000000000004,0.0147049712052798,0.0,0.12269162199280352,1.0002206020685204e-05,0.8750189329147207,0.005000000000007957,0.9375189314808996,0.12269162199280352
0.6270000000000004,0.014707193427502024,0.0,0.12271060557979821,1.0002155577846726e-05,0.8751854015800216,0.0050000000000079625,0.937685264085038,0.12271060557979821
0.6275000000000004,0.014709415649724247,0.0,0.12272956391096945,1.0002106293754189e-05,0.8753518705781372,0.0050000000000079686,0.9378513753265222,0.12272956391096945
0.6280000000000003,0.014711637871946468,0.0,0.12274849698630093,1.0002058149398816e-05,0.8755183399089908,0.005000000000007974,0.9380172652039458,0.12274849698630093
0.6285000000000004,0.01471386009416869,0.0,0.12276740480578688,1.0002011125771836e-05,0.8756848095725052,0.00500000000000798,0.9381829337159028,0.12276740480578688
0.6290000000000004,0.014716082316390914,0.0,0.12278628736946358,1.0001965203864472e-05,0.8758512795686033,0.005000000000007986,0.9383483808609876,0.12278628736946358
0.6295000000000004,0.014718304538613135,0.0,0.12280514467731518,1.000192036466795e-05,0.8760177498972084,0.005000000000007991,0.9385136066377953,0.12280514467731518
0.6300000000000003,0.014720526760835358,0.0,0.12282397672940963,1.0001876589173493e-05,0.8761842205582432,0.005000000000007997,0.9386786110449209,0.12282397672940963
0.6305000000000004,0.014722748983057579,0.0,0.12284278352577321,1.0001833858372328e-05,0.8763506915516309,0.005000000000008002,0.9388433940809603,0.12284278352577321
0.6310000000000004,0.014724971205279802,0.0,0.1228615650664637,1.0001792153255678e-05,0.8765171628772945,0.0050000000000080085,0.9390079557445096,0.1228615650664637
0.6315000000000004,0.014727193427502023,0.0,0.12288032135153905,1.0001751454814772e-05,0.876683634535157,0.0050000000000080145,0.9391722960341651,0.12288032135153905
0.6320000000000003,0.014729415649724246,0.0,0.12289905238110958,1.000171174404083e-05,0.8768501065251412,0.00500000000000802,0.9393364149485237,0.12289905238110958
0.6325000000000004,0.014731637871946469,0.0,0.12291775815522303,1.0001673001925081e-05,0.8770165788471703,0.005000000000008026,0.9395003124861829,0.12291775815522303
0.6330000000000005,0.014733860094168692,0.0,0.12293643867397952,1.0001635209458749e-05,0.8771830515011674,0.005000000000008032,0.9396639886457404,0.12293643867397952
0.6335000000000004,0.014736082316390913,0.0,0.1229550939375002,1.0001598347633059e-05,0.8773495244870552,0.005000000000008037,0.939827443425794,0.1229550939375002
0.6340000000000003,0.014738304538613134,0.0,0.12297372394588542,1.0001562397439237e-05,0.8775159978047569,0.005000000000008043,0.9399906768249428,0.12297372394588542
0.6345000000000004,0.014740526760835357,0.0,0.12299232869929834,1.0001527339868504e-05,0.8776824714541954,0.005000000000008049,0.9401536888417852,0.12299232869929834
0.6350000000000005,0.01474274898305758,0.0,0.12301090819783947,1.000149315591209e-05,0.8778489454352939,0.005000000000008054,0.9403164794749208,0.12301090819783947
0.6355000000000004,0.014744971205279801,0.0,0.12302946244167216,1.0001459826561218e-05,0.8780154197479753,0.0050000000000080605,0.9404790487229493,0.12302946244167216
0.6360000000000003,0.014747193427502024,0.0,0.12304799143097034,1.0001427332807113e-05,0.8781818943921624,0.005000000000008067,0.9406413965844709,0.12304799143097034
0.6365000000000004,0.014749415649724245,0.0,0.12306649516587652,1.0001395655641e-05,0.8783483693677785,0.005000000000008072,0.9408035230580862,0.12306649516587652
0.6370000000000005,0.014751637871946468,0.0,0.12308497364660657,1.0001364776054104e-05,0.8785148446747465,0.005000000000008078,0.9409654281423961,0.12308497364660657
0.6375000000000004,0.01475386009416869,0.0,0.12310342687332412,1.0001334675037652e-05,0.8786813203129894,0.005000000000008084,0.9411271118360021,0.12310342687332412
0.6380000000000003,0.014756082316390912,0.0,0.12312185484623463,1.0001305333582866e-05,0.87884779628243,0.00500000000000809,0.9412885741375057,0.12312185484623463
0.6385000000000004,0.014758304538613135,0.0,0.12314025756556454,1.0001276732680973e-05,0.8790142725829917,0.005000000000008095,0.9414498150455095,0.12314025756556454
0.6390000000000005,0.014760526760835358,0.0,0.12315863503151943,1.0001248853323198e-05,0.8791807492145973,0.005000000000008101,0.9416108345586159,0.12315863503151943
0.6395000000000004,0.014762748983057579,0.0,0.12317698724434673,1.0001221676500765e-05,0.8793472261771698,0.005000000000008107,0.9417716326754278,0.12317698724434673
0.6400000000000003,0.014764971205279802,0.0,0.12319531420429385,1.00011951832049e-05,0.8795137034706321,0.0050000000000081125,0.9419322093945489,0.12319531420429385
0.6405000000000004,0.014767193427502025,0.0,0.12321361591159782,1.0001169354426829e-05,0.8796801810949073,0.005000000000008119,0.9420925647145828,0.12321361591159782
0.6410000000000005,0.014769415649724246,0.0,0.12323189236652703,1.0001144171157774e-05,0.8798466590499185,0.005000000000008125,0.942252698634134,0.12323189236652703
0.6415000000000004,0.014771637871946469,0.0,0.12325014356937075,1.0001119614388964e-05,0.8800131373355886,0.005000000000008131,0.9424126111518067,0.12325014356937075
0.6420000000000003,0.01477386009416869,0.0,0.12326836952040786,1.0001095665111622e-05,0.8801796159518406,0.005000000000008137,0.9425723022662064,0.12326836952040786
0.6425000000000004,0.014776082316390913,0.0,0.12328657021993808,1.0001072304316971e-05,0.8803460948985975,0.005000000000008142,0.9427317719759383,0.12328657021993808
0.6430000000000005,0.014778304538613136,0.0,0.12330474566826112,1.000104951299624e-05,0.8805125741757823,0.005000000000008148,0.9428910202796084,0.12330474566826112
0.6435000000000004,0.014780526760835357,0.0,0.12332289586568713,1.0001027272140653e-05,0.880679053783318,0.005000000000008154,0.9430500471758227,0.12332289586568713
0.6440000000000003,0.014782748983057578,0.0,0.12334102081255761,1.0001005562741433e-05,0.8808455337211277,0.00500000000000816,0.9432088526631883,0.12334102081255761
0.6445000000000004,0.014784971205279801,0.0,0.12335912050921406,1.0000984365789807e-05,0.8810120139891343,0.005000000000008166,0.9433674367403121,0.12335912050921406
0.6450000000000005,0.014787193427502024,0.0,0.12337719495598737,1.0000963662277e-05,0.8811784945872609,0.0050000000000081715,0.9435257994058017,0.12337719495598737
0.6455000000000004,0.014789415649724247,0.0,0.1233952441532608,1.0000943433194235e-05,0.8813449755154303,0.005000000000008178,0.9436839406582647,0.1233952441532608
0.6460000000000004,0.014791637871946468,0.0,0.12341326810136508,1.0000923659532739e-05,0.8815114567735658,0.005000000000008184,0.9438418604963097,0.12341326810136508
0.6465000000000004,0.014793860094168691,0.0,0.12343126680072525,1.0000904322283738e-05,0.8816779383615901,0.00500000000000819,0.9439995589185454,0.12343126680072525
0.6470000000000005,0.014796082316390912,0.0,0.12344924025169281,1.0000885402438455e-05,0.8818444202794266,0.005000000000008196,0.9441570359235809,0.12344924025169281
0.6475000000000004,0.014798304538613135,0.0,0.12346718845470306,1.0000866880988116e-05,0.8820109025269978,0.005000000000008202,0.9443142915100255,0.12346718845470306
0.6480000000000004,0.014800526760835358,0.0,0.12348511141014926,1.0000848738923946e-05,0.8821773851042269,0.005000000000008207,0.9444713256764894,0.12348511141014926
0.6485000000000004,0.014802748983057579,0.0,0.123503009118435,1.000083095723717e-05,0.8823438680110371,0.005000000000008213,0.944628138421583,0.123503009118435
0.6490000000000005,0.014804971205279802,0.0,0.12352088158001617,1.0000813516919013e-05,0.8825103512473513,0.005000000000008219,0.9447847297439169,0.12352088158001617
0.6495000000000004,0.014807193427502023,0.0,0.12353872879532762,1.00007963989607e-05,0.8826768348130924,0.005000000000008225,0.9449410996421024,0.12353872879532762
0.6500000000000004,0.014809415649724246,0.0,0.12355655076482494,1.0000779584353458e-05,0.8828433187081834,0.005000000000008231,0.9450972481147509,0.12355655076482494
0.6505000000000004,0.014811637871946469,0.0,0.12357434748896365,1.0000763054088508e-05,0.8830098029325476,0.0050000000000082374,0.9452531751604746,0.12357434748896365
0.6510000000000005,0.01481386009416869,0.0,0.12359211896822005,1.000074678915708e-05,0.8831762874861075,0.0050000000000082435,0.9454088807778857,0.12359211896822005
0.6515000000000004,0.014816082316390913,0.0,0.12360986520308077,1.0000730770550395e-05,0.8833427723687866,0.00500000000000825,0.945564364965597,0.12360986520308077
0.6520000000000004,0.014818304538613134,0.0,0.12362758619403229,1.0000714979259678e-05,0.8835092575805075,0.005000000000008255,0.9457196277222217,0.12362758619403229
0.6525000000000004,0.014820526760835357,0.0,0.12364528194158182,1.0000699396276158e-05,0.8836757431211935,0.005000000000008261,0.9458746690463737,0.12364528194158182
0.6530000000000005,0.01482274898305758,0.0,0.12366295242816368,1.0000683936694082e-05,0.8838422289909919,0.005000000000008267,0.9460294889368753,0.12366295242816368
0.6535000000000004,0.014824971205279801,0.0,0.12368059759638694,1.0000668509309276e-05,0.8840087151905437,0.005000000000008273,0.9461840873930064,0.12368059759638694
0.6540000000000004,0.014827193427502024,0.0,0.12369821751534059,1.0000653448178592e-05,0.8841752017189219,0.005000000000008279,0.9463384644125903,0.12369821751534059
0.6545000000000004,0.014829415649724245,0.0,0.12371581218466923,1.0000638746616545e-05,0.8843416885760603,0.005000000000008285,0.9464926199942519,0.12371581218466923
0.6550000000000005,0.014831637871946468,0.0,0.123733381604101,1.0000624397937659e-05,0.8845081757618922,0.005000000000008291,0.9466465541366161,0.123733381604101
0.6555000000000004,0.014833860094168691,0.0,0.12375092577334253,1.000061039545645e-05,0.8846746632763515,0.005000000000008297,0.9468002668383083,0.12375092577334253
0.6560000000000004,0.014836082316390912,0.0,0.12376844469208956,1.000059673248744e-05,0.8848411511193714,0.005000000000008303,0.9469537580979542,0.12376844469208956
0.6565000000000004,0.014838304538613135,0.0,0.12378593836011077,1.0000583402345145e-05,0.8850076392908858,0.005000000000008309,0.9471070279141799,0.12378593836011077
0.6570000000000005,0.014840526760835358,0.0,0.12380340677713245,1.0000570398344088e-05,0.8851741277908282,0.0050000000000083155,0.9472600762856117,0.12380340677713245
0.6575000000000004,0.01484274898305758,0.0,0.12382084994289082,1.0000557713798784e-05,0.885340616619132,0.005000000000008322,0.9474129032108766,0.12382084994289082
0.6580000000000004,0.014844971205279802,0.0,0.12383826785716363,1.0000545342023756e-05,0.885507105775731,0.005000000000008328,0.9475655086886015,0.12383826785716363
0.6585000000000004,0.014847193427502023,0.0,0.1238556605196967,1.0000533276333519e-05,0.8856735952605588,0.005000000000008334,0.9477178927174139,0.1238556605196967
0.6590000000000005,0.014849415649724246,0.0,0.12387302793030872,1.0000521510042596e-05,0.8858400850735488,0.00500000000000834,0.9478700552959417,0.12387302793030872
0.6595000000000004,0.014851637871946467,0.0,0.12389037008876547,1.0000510036465505e-05,0.8860065752146347,0.005000000000008346,0.948021996422813,0.12389037008876547
0.6600000000000004,0.01485386009416869,0.0,0.12390768699488469,1.0000498848916765e-05,0.88617306568375,0.005000000000008352,0.9481737160966565,0.12390768699488469
0.6605000000000004,0.014856082316390913,0.0,0.12392497864844157,1.0000487940710896e-05,0.8863395564808285,0.005000000000008358,0.948325214316101,0.12392497864844157
0.6610000000000005,0.014858304538613136,0.0,0.1239422450493053,1.0000477305162416e-05,0.8865060476058035,0.005000000000008364,0.9484764910797755,0.1239422450493053
0.6615000000000004,0.014860526760835357,0.0,0.12395948619726055,1.0000466935585843e-05,0.8866725390586088,0.00500000000000837,0.9486275463863098,0.12395948619726055
0.6620000000000004,0.014862748983057578,0.0,0.12397670209217543,1.00004568252957e-05,0.8868390308391778,0.005000000000008376,0.9487783802343338,0.12397670209217543
0.6625000000000004,0.014864971205279801,0.0,0.12399389273389647,1.0000446967606502e-05,0.8870055229474443,0.005000000000008382,0.9489289926224779,0.12399389273389647
0.6630000000000005,0.014867193427502024,0.0,0.12401105812229073,1.000043735583277e-05,0.8871720153833417,0.005000000000008388,0.9490793835493725,0.12401105812229073
0.6635000000000004,0.014869415649724247,0.0,0.12402819825722466,1.0000427983289026e-05,0.8873385081468035,0.005000000000008394,0.9492295530136485,0.12402819825722466
0.6640000000000004,0.014871637871946468,0.0,0.12404531313855365,1.0000418843289784e-05,0.8875050012377635,0.0050000000000084005,0.9493795010139376,0.12404531313855365
0.6645000000000004,0.014873860094168691,0.0,0.12406240276619555,1.0000409929149567e-05,0.8876714946561554,0.005000000000008407,0.9495292275488715,0.12406240276619555
0.6650000000000005,0.014876082316390912,0.0,0.12407946714003613,1.0000401234182893e-05,0.8878379884019124,0.005000000000008413,0.9496787326170819,0.12407946714003613
0.6655000000000004,0.014878304538613135,0.0,0.12409650626000256,1.0000392751704281e-05,0.8880044824749683,0.005000000000008419,0.9498280162172013,0.12409650626000256
0.6660000000000004,0.014880526760835356,0.0,0.1241135201259899,1.0000384475028252e-05,0.8881709768752567,0.005000000000008425,0.9499770783478625,0.1241135201259899
0.6665000000000004,0.01488274898305758,0.0,0.12413050873796624,1.000037639746932e-05,0.888337471602711,0.005000000000008431,0.9501259190076985,0.12413050873796624
0.6670000000000005,0.014884971205279802,0.0,0.12414747209583595,1.0000368512342011e-05,0.8885039666572652,0.005000000000008437,0.950274538195343,0.12414747209583595
0.6675000000000004,0.014887193427502023,0.0,0.12416441019955532,1.000036081296084e-05,0.8886704620388524,0.005000000000008443,0.9504229359094295,0.12416441019955532
0.6680000000000004,0.014889415649724246,0.0,0.1241813230491011,1.0000353292640325e-05,0.8888369577474063,0.005000000000008449,0.9505711121485924,0.1241813230491011
0.6685000000000004,0.014891637871946469,0.0,0.12419821064443887,1.000034594469499e-05,0.8890034537828607,0.005000000000008456,0.9507190669114659,0.12419821064443887
0.6690000000000005,0.01489386009416869,0.0,0.12421507298551256,1.000033876243935e-05,0.8891699501451491,0.005000000000008462,0.950866800196685,0.12421507298551256
0.6695000000000004,0.014896082316390913,0.0,0.12423191007236009,1.0000331739187928e-05,0.889336446834205,0.005000000000008468,0.951014312002885,0.12423191007236009
0.6700000000000004,0.014898304538613134,0.0,0.12424872190494511,1.0000324868255238e-05,0.889502943849962,0.005000000000008474,0.9511616023287014,0.12424872190494511
0.6705000000000004,0.014900526760835357,0.0,0.12426550848330425,1.0000318142955803e-05,0.8896694411923537,0.00500000000000848,0.95130867117277,0.12426550848330425
0.6710000000000005,0.01490274898305758,0.0,0.12428226980744195,1.0000311556604142e-05,0.8898359388613136,0.005000000000008486,0.9514555185337271,0.12428226980744195
0.6715000000000004,0.014904971205279801,0.0,0.12429900587738298,1.0000305102514773e-05,0.8900024368567755,0.0050000000000084924,0.9516021444102094,0.12429900587738298
0.6720000000000004,0.014907193427502024,0.0,0.12431571669317251,1.0000298774002215e-05,0.8901689351786728,0.0050000000000084985,0.9517485488008537,0.12431571669317251
0.6725000000000004,0.014909415649724245,0.0,0.124332402254855,1.000029256438099e-05,0.8903354338269391,0.0050000000000085055,0.9518947317042974,0.124332402254855
0.6730000000000005,0.014911637871946468,0.0,0.12434906256250582,1.0000286466965613e-05,0.890501932801508,0.0050000000000085115,0.9520406931191782,0.12434906256250582
0.6735000000000004,0.014913860094168691,0.0,0.12436569761616804,1.0000280475070605e-05,0.8906684321023132,0.005000000000008518,0.952186433044134,0.12436569761616804
0.6740000000000004,0.014916082316390912,0.0,0.1243823074159262,1.0000274582010487e-05,0.8908349317292881,0.005000000000008524,0.9523319514778033,0.1243823074159262
0.6745000000000004,0.014918304538613135,0.0,0.12439889196188507,1.0000268781099776e-05,0.8910014316823663,0.00500000000000853,0.9524772484188246,0.12439889196188507
0.6750000000000005,0.014920526760835356,0.0,0.12441545125410675,1.0000263065652992e-05,0.8911679319614816,0.005000000000008536,0.9526223238658372,0.12441545125410675
0.6755000000000004,0.01492274898305758,0.0,0.1244319852927472,1.0000257428984655e-05,0.8913344325665673,0.005000000000008543,0.9527671778174803,0.1244319852927472
0.6760000000000004,0.014924971205279802,0.0,0.12444849407788809,1.0000251864409282e-05,0.8915009334975572,0.005000000000008549,0.952911810272394,0.12444849407788809
0.6765000000000004,0.014927193427502023,0.0,0.12446497760966294,1.0000246365241393e-05,0.8916674347543847,0.005000000000008555,0.9530562212292181,0.12446497760966294
0.6770000000000005,0.014929415649724246,0.0,0.12448143588820454,1.0000240924795507e-05,0.8918339363369836,0.005000000000008561,0.9532004106865931,0.12448143588820454
0.6775000000000004,0.014931637871946467,0.0,0.124497868913666,1.0000235536386145e-05,0.8920004382452873,0.005000000000008567,0.95334437864316,0.124497868913666
0.6780000000000004,0.01493386009416869,0.0,0.12451427668622073,1.0000230193327826e-05,0.8921669404792294,0.005000000000008573,0.9534881250975598,0.12451427668622073
0.6785000000000004,0.014936082316390913,0.0,0.12453065920602033,1.0000224888935068e-05,0.8923334430387435,0.00500000000000858,0.9536316500484341,0.12453065920602033
0.6790000000000005,0.014938304538613136,0.0,0.12454701647322618,1.0000219616522389e-05,0.8924999459237634,0.005000000000008586,0.9537749534944248,0.12454701647322618
0.6795000000000004,0.014940526760835357,0.0,0.12456334848803044,1.000021436940431e-05,0.8926664491342222,0.005000000000008592,0.953918035434174,0.12456334848803044
0.6800000000000004,0.014942748983057579,0.0,0.12457965525064561,1.000020914089535e-05,0.8928329526700539,0.005000000000008598,0.9540608958663244,0.12457965525064561
0.6805000000000004,0.014944971205279801,0.0,0.12459593676125179,1.0000203924310027e-05,0.8929994565311921,0.005000000000008605,0.954203534789519,0.12459593676125179
0.6810000000000005,0.014947193427502024,0.0,0.12461219302009147,1.0000198712962862e-05,0.89316596071757,0.005000000000008611,0.9543459522024008,0.12461219302009147
0.6815000000000004,0.014949415649724246,0.0,0.12462842402736427,1.0000193500168373e-05,0.8933324652291216,0.005000000000008617,0.9544881481036138,0.12462842402736427
0.6820000000000004,0.014951637871946468,0.0,0.12464462978333213,1.000018827924108e-05,0.8934989700657802,0.005000000000008623,0.9546301224918017,0.12464462978333213
0.6825000000000004,0.01495386009416869,0.0,0.12466081028819305,1.0000183043495502e-05,0.8936654752274795,0.00500000000000863,0.9547718753656089,0.12466081028819305
0.6830000000000005,0.014956082316390912,0.0,0.12467696554224952,1.0000177786246158e-05,0.8938319807141532,0.005000000000008636,0.9549134067236802,0.12467696554224952
0.6835000000000004,0.014958304538613135,0.0,0.12469309554575057,1.0000172500807567e-05,0.8939984865257345,0.0050000000000086425,0.9550547165646605,0.12469309554575057
0.6840000000000004,0.014960526760835357,0.0,0.12470920029895492,1.0000167180494248e-05,0.8941649926621574,0.005000000000008649,0.9551958048871952,0.12470920029895492
0.6845000000000004,0.01496274898305758,0.0,0.1247252798021626,1.000016181862072e-05,0.8943314991233553,0.0050000000000086555,0.9553366716899302,0.1247252798021626
0.6850000000000005,0.014964971205279802,0.0,0.12474133405565173,1.0000156408501504e-05,0.8944980059092619,0.005000000000008662,0.9554773169715114,0.12474133405565173
0.6855000000000004,0.014967193427502024,0.0,0.12475736305973122,1.0000150943451117e-05,0.8946645130198105,0.005000000000008668,0.9556177407305854,0.12475736305973122
0.6860000000000004,0.014969415649724246,0.0,0.12477336681471965,1.000014541678408e-05,0.8948310204549349,0.005000000000008674,0.9557579429657987,0.12477336681471965
0.6865000000000004,0.01497163787194647,0.0,0.12478934532092421,1.000013982181491e-05,0.8949975282145688,0.005000000000008681,0.9558979236757988,0.12478934532092421
0.6870000000000005,0.01497386009416869,0.0,0.12480529857868285,1.000013415185813e-05,0.8951640362986455,0.005000000000008687,0.9560376828592331,0.12480529857868285
0.6875000000000004,0.014976082316390913,0.0,0.12482122658834316,1.0000128400228254e-05,0.8953305447070987,0.005000000000008693,0.9561772205147494,0.12482122658834316
0.6880000000000004,0.014978304538613135,0.0,0.12483712935025192,1.0000122560239805e-05,0.895497053439862,0.0050000000000087,0.9563165366409957,0.12483712935025192
0.6885000000000004,0.014980526760835357,0.0,0.12485300686476548,1.00001166252073e-05,0.8956635624968691,0.005000000000008706,0.956455631236621,0.12485300686476548
0.6890000000000005,0.01498274898305758,0.0,0.12486885913227103,1.000011058844526e-05,0.8958300718780533,0.005000000000008712,0.9565945043002738,0.12486885913227103
0.6895000000000004,0.014984971205279802,0.0,0.12488468615311261,1.0000104443268205e-05,0.8959965815833484,0.005000000000008719,0.9567331558306036,0.12488468615311261
0.6900000000000004,0.014987193427502023,0.0,0.12490048790842678,1.0000099197593191e-05,0.8961630916129258,0.005000000000008725,0.9568715858264575,0.12490048790842678
0.6905000000000004,0.014989415649724246,0.0,0.12491626436099029,1.0000096905043739e-05,0.8963296019671838,0.005000000000008731,0.9570097942868698,0.12491626436099029
0.6910000000000005,0.014991637871946469,0.0,0.12493201556648377,1.000009466957742e-05,0.8964961126453733,0.005000000000008738,0.957147781209923,0.12493201556648377
0.6915000000000004,0.014993860094168691,0.0,0.12494774152448822,1.0000092490190493e-05,0.8966626236474382,0.005000000000008744,0.957285546594276,0.12494774152448822
0.6920000000000004,0.014996082316390913,0.0,0.1249634422346257,1.0000090365879221e-05,0.896829134973322,0.00500000000000875,0.9574230904385879,0.1249634422346257
0.6925000000000004,0.014998304538613135,0.0,0.12497911769650664,1.0000088295639864e-05,0.8969956466229685,0.005000000000008757,0.9575604127415185,0.12497911769650664
0.6930000000000005,0.015000526760835357,0.0,0.12499476790978245,1.0000086278468683e-05,0.8971621585963212,0.005000000000008763,0.9576975135017273,0.12499476790978245
0.6935000000000004,0.01500274898305758,0.0,0.1250103928740823,1.0000084313361937e-05,0.8973286708933238,0.005000000000008769,0.9578343927178743,0.1250103928740823
0.6940000000000004,0.015004971205279802,0.0,0.1250259925890554,1.0000082399315889e-05,0.89749518351392,0.005000000000008776,0.9579710503886203,0.1250259925890554
0.6945000000000005,0.015007193427502024,0.0,0.1250415670543391,1.0000080535326798e-05,0.8976616964580535,0.005000000000008782,0.9581074865126257,0.1250415670543391
0.6950000000000005,0.015009415649724247,0.0,0.12505711626963303,1.0000078720390924e-05,0.8978282097256679,0.005000000000008789,0.9582437010885516,0.12505711626963303
0.6955000000000005,0.015011637871946468,0.0,0.1250726402345934,1.0000076953504528e-05,0.8979947233167068,0.005000000000008795,0.9583796941150592,0.1250726402345934
0.6960000000000004,0.01501386009416869,0.0,0.12508813894892795,1.0000075233663874e-05,0.898161237231114,0.005000000000008801,0.9585154655908102,0.12508813894892795
0.6965000000000005,0.015016082316390914,0.0,0.12510361241231166,1.000007355986522e-05,0.898327751468833,0.005000000000008808,0.9586510155144665,0.12510361241231166
0.6970000000000005,0.015018304538613136,0.0,0.1251190606244605,1.0000071931104825e-05,0.8984942660298075,0.005000000000008814,0.9587863438846901,0.1251190606244605
0.6975000000000005,0.015020526760835358,0.0,0.12513448358508925,1.0000070346378952e-05,0.8986607809139812,0.005000000000008821,0.9589214507001435,0.12513448358508925
0.6980000000000004,0.015022748983057579,0.0,0.12514988129389037,1.0000068804683861e-05,0.8988272961212977,0.005000000000008827,0.9590563359594897,0.12514988129389037
0.6985000000000005,0.015024971205279802,0.0,0.1251652537506502,1.0000067305015813e-05,0.8989938116517008,0.005000000000008834,0.9591909996613917,0.1251652537506502
0.6990000000000005,0.015027193427502025,0.0,0.12518060095507988,1.0000065846371068e-05,0.899160327505134,0.00500000000000884,0.9593254418045126,0.12518060095507988
0.6995000000000005,0.015029415649724246,0.0,0.12519592290694215,1.0000064427745888e-05,0.8993268436815408,0.005000000000008846,0.9594596623875163,0.12519592290694215
0.7000000000000004,0.015031637871946469,0.0,0.12521121960598802,1.0000063048136532e-05,0.8994933601808652,0.005000000000008853,0.9595936614090669,0.12521121960598802
0.7005000000000003,0.01503386009416869,0.0,0.12522649105198833,1.0000061706539261e-05,0.8996598770030507,0.005000000000008859,0.9597274388678284,0.12522649105198833
0.7010000000000005,0.015036082316390913,0.0,0.1252417372447444,1.0000060401950335e-05,0.899826394148041,0.005000000000008866,0.9598609947624654,0.1252417372447444
0.7015000000000005,0.015038304538613136,0.0,0.12525695818402469,1.0000059133366017e-05,0.8999929116157797,0.005000000000008872,0.959994329091643,0.12525695818402469
0.7020000000000004,0.015040526760835357,0.0,0.1252721538696174,1.0000057899782568e-05,0.9001594294062104,0.005000000000008879,0.9601274418540261,0.1252721538696174
0.7025000000000003,0.01504274898305758,0.0,0.1252873243013624,1.0000056700196244e-05,0.9003259475192769,0.005000000000008885,0.9602603330482802,0.1252873243013624
0.7030000000000005,0.015044971205279803,0.0,0.12530246947904553,1.000005553360331e-05,0.9004924659549228,0.005000000000008892,0.9603930026730713,0.12530246947904553
0.7035000000000005,0.015047193427502024,0.0,0.12531758940250406,1.0000054399000027e-05,0.9006589847130917,0.005000000000008898,0.960525450727065,0.12531758940250406
0.7040000000000004,0.015049415649724247,0.0,0.12533268407159526,1.0000053295382651e-05,0.9008255037937273,0.005000000000008905,0.960657677208928,0.12533268407159526
0.7045000000000003,0.015051637871946468,0.0,0.12534775348613275,1.0000052221747449e-05,0.9009920231967732,0.005000000000008911,0.9607896821173268,0.12534775348613275
0.7050000000000005,0.01505386009416869,0.0,0.12536279764599237,1.0000051177090676e-05,0.9011585429221731,0.005000000000008918,0.9609214654509284,0.12536279764599237
0.7055000000000005,0.015056082316390914,0.0,0.1253778165510275,1.0000050160408595e-05,0.9013250629698707,0.005000000000008924,0.9610530272084,0.1253778165510275
0.7060000000000004,0.015058304538613135,0.0,0.12539281020111137,1.0000049170697468e-05,0.9014915833398096,0.005000000000008931,0.9611843673884093,0.12539281020111137
0.7065000000000003,0.015060526760835358,0.0,0.12540777859613708,1.0000048206953553e-05,0.9016581040319335,0.005000000000008937,0.9613154859896239,0.12540777859613708
0.7070000000000005,0.01506274898305758,0.0,0.12542272173596472,1.0000047268173112e-05,0.9018246250461861,0.005000000000008944,0.9614463830107122,0.12542272173596472
0.7075000000000005,0.015064971205279802,0.0,0.12543763962053758,1.0000046353352406e-05,0.9019911463825108,0.00500000000000895,0.9615770584503422,0.12543763962053758
0.7080000000000004,0.015067193427502025,0.0,0.12545253224974487,1.0000045461487696e-05,0.9021576680408515,0.005000000000008957,0.9617075123071832,0.12545253224974487
0.7085000000000004,0.015069415649724246,0.0,0.12546739962349562,1.000004459157524e-05,0.9023241900211518,0.005000000000008963,0.9618377445799038,0.12546739962349562
0.7090000000000005,0.015071637871946469,0.0,0.12548224174173978,1.0000043742611302e-05,0.9024907123233554,0.00500000000000897,0.9619677552671735,0.12548224174173978
0.7095000000000005,0.015073860094168692,0.0,0.12549705860439428,1.0000042913592141e-05,0.9026572349474059,0.005000000000008977,0.9620975443676618,0.12549705860439428
0.7100000000000004,0.015076082316390913,0.0,0.1255118502114276,1.0000042103514018e-05,0.9028237578932469,0.005000000000008983,0.9622271118800388,0.1255118502114276
0.7105000000000004,0.015078304538613134,0.0,0.1255266165627752,1.0000041311373194e-05,0.902990281160822,0.00500000000000899,0.9623564578029745,0.1255266165627752
0.7110000000000005,0.015080526760835357,0.0,0.12554135765841337,1.0000040536165928e-05,0.9031568047500752,0.005000000000008996,0.9624855821351398,0.12554135765841337
0.7115000000000005,0.01508274898305758,0.0,0.12555607349833836,1.0000039776888484e-05,0.9033233286609498,0.005000000000009003,0.9626144848752051,0.12555607349833836
0.7120000000000004,0.015084971205279803,0.0,0.1255707640824921,1.000003903253712e-05,0.9034898528933896,0.005000000000009009,0.9627431660218416,0.1255707640824921
0.7125000000000004,0.015087193427502024,0.0,0.1255854294108892,1.0000038302108097e-05,0.9036563774473382,0.005000000000009016,0.962871625573721,0.1255854294108892
0.7130000000000005,0.015089415649724247,0.0,0.1256000694835324,1.0000037584597675e-05,0.9038229023227393,0.005000000000009023,0.9629998635295146,0.1256000694835324
0.7135000000000005,0.015091637871946468,0.0,0.125614684300423,1.0000036879002116e-05,0.9039894275195366,0.005000000000009029,0.9631278798878947,0.125614684300423
0.7140000000000004,0.01509386009416869,0.0,0.12562927386160325,1.000003618431768e-05,0.9041559530376736,0.005000000000009036,0.9632556746475335,0.12562927386160325
0.7145000000000004,0.015096082316390914,0.0,0.12564383816709288,1.0000035499540628e-05,0.904322478877094,0.005000000000009042,0.9633832478071035,0.12564383816709288
0.7150000000000005,0.015098304538613137,0.0,0.12565837721691028,1.0000034823667222e-05,0.9044890050377418,0.005000000000009049,0.9635105993652779,0.12565837721691028
0.7155000000000005,0.015100526760835358,0.0,0.12567289101113585,1.000003415569372e-05,0.9046555315195601,0.005000000000009056,0.9636377293207297,0.12567289101113585
0.7160000000000004,0.015102748983057579,0.0,0.12568737954980633,1.0000033494616383e-05,0.9048220583224929,0.005000000000009062,0.9637646376721322,0.12568737954980633
0.7165000000000004,0.015104971205279802,0.0,0.12570184283299937,1.0000032839431474e-05,0.9049885854464838,0.005000000000009069,0.9638913244181595,0.12570184283299937
0.7170000000000005,0.015107193427502025,0.0,0.12571628086078065,1.0000032189135252e-05,0.9051551128914764,0.005000000000009076,0.9640177895574857,0.12571628086078065
0.7175000000000005,0.015109415649724246,0.0,0.12573069363324615,1.0000031542723978e-05,0.9053216406574144,0.005000000000009082,0.9641440330887849,0.12573069363324615
0.7180000000000004,0.015111637871946469,0.0,0.12574508115050104,1.0000030899193912e-05,0.9054881687442413,0.005000000000009089,0.9642700550107319,0.12574508115050104
0.7185000000000004,0.01511386009416869,0.0,0.12575944341260675,1.0000030257541316e-05,0.9056546971519011,0.005000000000009096,0.964395855322002,0.12575944341260675
0.7190000000000005,0.015116082316390913,0.0,0.12577378041971854,1.0000029616762448e-05,0.9058212258803372,0.005000000000009102,0.9645214340212701,0.12577378041971854
0.7195000000000005,0.015118304538613136,0.0,0.12578809217194784,1.0000028975853573e-05,0.9059877549294932,0.005000000000009109,0.9646467911072119,0.12578809217194784
0.7200000000000004,0.015120526760835357,0.0,0.12580237866940475,1.0000028333810947e-05,0.906154284299313,0.005000000000009116,0.9647719265785033,0.12580237866940475
0.7205000000000004,0.01512274898305758,0.0,0.12581663991226136,1.0000027689630834e-05,0.90632081398974,0.005000000000009122,0.9648968404338204,0.12581663991226136
0.7210000000000005,0.015124971205279803,0.0,0.1258308759006354,1.0000027042309494e-05,0.9064873440007181,0.005000000000009129,0.9650215326718399,0.1258308759006354
0.7215000000000005,0.015127193427502024,0.0,0.1258450866346961,1.0000026390843186e-05,0.9066538743321907,0.005000000000009136,0.9651460032912382,0.1258450866346961
0.7220000000000004,0.015129415649724247,0.0,0.1258592721146324,1.0000025734228172e-05,0.9068204049841017,0.005000000000009142,0.9652702522906927,0.1258592721146324
0.7225000000000004,0.015131637871946468,0.0,0.12587343234058943,1.0000025071460711e-05,0.9069869359563945,0.005000000000009149,0.9653942796688806,0.12587343234058943
0.7230000000000005,0.015133860094168691,0.0,0.12588756731277434,1.0000024401537068e-05,0.907153467249013,0.005000000000009156,0.9655180854244796,0.12588756731277434
0.7235000000000005,0.015136082316390914,0.0,0.12590167703138228,1.0000023723453499e-05,0.9073199988619006,0.005000000000009162,0.9656416695561676,0.12590167703138228
0.7240000000000004,0.015138304538613135,0.0,0.12591576149658576,1.0000023036206268e-05,0.9074865307950013,0.005000000000009169,0.965765032062623,0.12591576149658576
0.7245000000000004,0.015140526760835358,0.0,0.125929820708651,1.0000022338791633e-05,0.9076530630482584,0.005000000000009176,0.9658881729425243,0.125929820708651
0.7250000000000005,0.01514274898305758,0.0,0.12594385466775812,1.0000021630205855e-05,0.9078195956216158,0.005000000000009183,0.9660110921945503,0.12594385466775812
0.7255000000000005,0.015144971205279802,0.0,0.12595786337413867,1.0000020909445197e-05,0.9079861285150171,0.005000000000009189,0.9661337898173802,0.12595786337413867
0.7260000000000004,0.015147193427502023,0.0,0.12597184682805443,1.0000020175505918e-05,0.9081526617284058,0.005000000000009196,0.9662562658096934,0.12597184682805443
0.7265000000000004,0.015149415649724246,0.0,0.12598580502975518,1.0000019427384278e-05,0.9083191952617258,0.005000000000009203,0.9663785201701698,0.12598580502975518
0.7270000000000005,0.015151637871946469,0.0,0.12599973797947847,1.000001866407654e-05,0.9084857291149206,0.00500000000000921,0.9665005528974893,0.12599973797947847
0.7275000000000005,0.015153860094168692,0.0,0.12601364567751341,1.000001788457896e-05,0.9086522632879339,0.005000000000009216,0.9666223639903322,0.12601364567751341
0.7280000000000004,0.015156082316390913,0.0,0.1260275281241158,1.0000017087887804e-05,0.9088187977807093,0.005000000000009223,0.9667439534473793,0.1260275281241158
0.7285000000000004,0.015158304538613134,0.0,0.12604138531957157,1.000001627299933e-05,0.9089853325931906,0.00500000000000923,0.9668653212673115,0.12604138531957157
0.7290000000000005,0.015160526760835357,0.0,0.12605521726420768,1.00000154389098e-05,0.9091518677253213,0.005000000000009237,0.9669864674488099,0.12605521726420768
0.7295000000000005,0.01516274898305758,0.0,0.12606902395830705,1.0000014584615473e-05,0.909318403177045,0.005000000000009243,0.9671073919905562,0.12606902395830705
0.7300000000000004,0.015164971205279803,0.0,0.1260828054021723,1.000001370911261e-05,0.9094849389483056,0.00500000000000925,0.9672280948912322,0.1260828054021723
0.7305000000000004,0.015167193427502024,0.0,0.12609656159613625,1.0000012811397472e-05,0.9096514750390466,0.005000000000009257,0.96734857614952,0.12609656159613625
0.7310000000000005,0.015169415649724247,0.0,0.12611029254053024,1.0000011890466321e-05,0.9098180114492117,0.0050000000000092635,0.9674688357641019,0.12611029254053024
0.7315000000000005,0.015171637871946468,0.0,0.12612399823568396,1.0000010945315415e-05,0.9099845481787445,0.0050000000000092705,0.967588873733661,0.12612399823568396
0.7320000000000004,0.015173860094168691,0.0,0.12613767868197862,1.0000009974941016e-05,0.9101510852275887,0.0050000000000092765,0.9677086900568799,0.12613767868197862
0.7325000000000004,0.015176082316390912,0.0,0.1261513338797302,1.0000008978339386e-05,0.9103176225956878,0.0050000000000092835,0.9678282847324421,0.1261513338797302
0.7330000000000005,0.015178304538613135,0.0,0.12616496382932735,1.0000007954506783e-05,0.9104841602829858,0.00500000000000929,0.9679476577590314,0.12616496382932735
0.7335000000000005,0.015180526760835358,0.0,0.1261785685311571,1.000000690243947e-05,0.9106506982894261,0.005000000000009297,0.9680668091353314,0.1261785685311571
0.7340000000000004,0.01518274898305758,0.0,0.12619214798557313,1.0000005821133706e-05,0.9108172366149524,0.005000000000009304,0.9681857388600265,0.12619214798557313
0.7345000000000004,0.015184971205279802,0.0,0.1262057021930017,1.0000004709585753e-05,0.9109837752595084,0.005000000000009311,0.9683044469318012,0.1262057021930017
0.7350000000000005,0.015187193427502025,0.0,0.12621923115382513,1.0000003566791872e-05,0.9111503142230376,0.005000000000009317,0.9684229333493402,0.12621923115382513
0.7355000000000005,0.015189415649724246,0.0,0.1262327348684665,1.0000002391748321e-05,0.9113168535054839,0.005000000000009324,0.9685411981113288,0.1262327348684665
0.7360000000000004,0.015191637871946469,0.0,0.12624621333733665,1.0000001183451363e-05,0.9114833931067907,0.005000000000009331,0.9686592412164522,0.12624621333733665
0.7365000000000004,0.01519386009416869,0.0,0.12625966504405037,1.0000000184320096e-05,0.9116499330455259,0.005000000000009338,0.9687770626765597,0.12625966504405037
0.7370000000000005,0.015196082316390913,0.0,0.12627309124771474,9.999999262242413e-06,0.9118164733061767,0.005000000000009345,0.968894662479359,0.12627309124771474
0.7375000000000005,0.015198304538613136,0.0,0.1262864922802905,9.999998369695618e-06,0.911983013884616,0.005000000000009352,0.9690120406206572,0.1262864922802905
0.7380000000000004,0.015200526760835357,0.0,0.12629986814036046,9.999997505761825e-06,0.9121495547808107,0.005000000000009359,0.9691291970991609,0.12629986814036046
0.7385000000000004,0.01520274898305758,0.0,0.1263132188265265,9.999996669523151e-06,0.9123160959947278,0.005000000000009366,0.9692461319135769,0.1263132188265265
0.7390000000000005,0.015204971205279803,0.0,0.12632654433733545,9.99999586006171e-06,0.9124826375263344,0.005000000000009372,0.9693628450626122,0.12632654433733545
0.7395000000000005,0.015207193427502024,0.0,0.12633984467142753,9.999995076459618e-06,0.9126491793755971,0.005000000000009379,0.9694793365449735,0.12633984467142753
0.7400000000000004,0.015209415649724247,0.0,0.12635311982739836,9.99999431779899e-06,0.9128157215424829,0.005000000000009386,0.9695956063593685,0.12635311982739836
0.7405000000000004,0.015211637871946468,0.0,0.1263663698038522,9.999993583161943e-06,0.9129822640269588,0.005000000000009393,0.9697116545045044,0.1263663698038522
0.7410000000000005,0.015213860094168691,0.0,0.12637959459943357,9.99999287163059e-06,0.9131488068289918,0.0050000000000094,0.9698274809790889,0.12637959459943357
0.7415000000000005,0.015216082316390912,0.0,0.126392794212753,9.999992182287046e-06,0.9133153499485487,0.005000000000009407,0.9699430857818296,0.126392794212753
0.7420000000000004,0.015218304538613135,0.0,0.12640596864249337,9.999991514213429e-06,0.9134818933855964,0.005000000000009414,0.9700584689114348,0.12640596864249337
0.7425000000000004,0.015220526760835358,0.0,0.126419117887261,9.999990866491852e-06,0.9136484371401019,0.0050000000000094205,0.9701736303666123,0.126419117887261
0.7430000000000005,0.015222748983057581,0.0,0.1264322419457345,9.999990238204432e-06,0.9138149812120322,0.0050000000000094275,0.9702885701460705,0.1264322419457345
0.7435000000000005,0.015224971205279802,0.0,0.12644534081655845,9.999989628433282e-06,0.9139815256013542,0.005000000000009434,0.9704032882485181,0.12644534081655845
0.7440000000000004,0.015227193427502023,0.0,0.1264584144984497,9.99998903626052e-06,0.9141480703080346,0.005000000000009441,0.9705177846726633,0.1264584144984497
0.7445000000000004,0.015229415649724246,0.0,0.12647146299008039,9.99998846076826e-06,0.9143146153320404,0.005000000000009448,0.9706320594172152,0.12647146299008039
0.7450000000000006,0.01523163787194647,0.0,0.12648448629012068,9.99998790103862e-06,0.9144811606733388,0.005000000000009455,0.9707461124808828,0.12648448629012068
0.7455000000000005,0.015233860094168692,0.0,0.12649748439729164,9.99998735615371e-06,0.9146477063318965,0.005000000000009462,0.9708599438623753,0.12649748439729164
0.7460000000000004,0.015236082316390913,0.0,0.12651045731029087,9.99998682519565e-06,0.9148142523076804,0.005000000000009469,0.9709735535604019,0.12651045731029087
0.7465000000000004,0.015238304538613134,0.0,0.12652340502784584,9.999986307246552e-06,0.9149807986006575,0.005000000000009476,0.9710869415736721,0.12652340502784584
0.7470000000000006,0.015240526760835357,0.0,0.12653632754869243,9.999985801388535e-06,0.9151473452107948,0.005000000000009483,0.9712001079008958,0.12653632754869243
0.7475000000000005,0.01524274898305758,0.0,0.12654922487155376,9.999985306703711e-06,0.915313892138059,0.00500000000000949,0.9713130525407828,0.12654922487155376
0.7480000000000004,0.015244971205279801,0.0,0.12656209699517204,9.999984822274198e-06,0.9154804393824172,0.005000000000009497,0.971425775492043,0.12656209699517204
0.7485000000000004,0.015247193427502024,0.0,0.1265749439183086,9.99998434718211e-06,0.9156469869438363,0.005000000000009504,0.9715382767533867,0.1265749439183086
0.7490000000000006,0.015249415649724247,0.0,0.12658776563972257,9.999983880509562e-06,0.9158135348222832,0.005000000000009511,0.9716505563235244,0.12658776563972257
0.7495000000000005,0.015251637871946468,0.0,0.12660056215817103,9.99998342133867e-06,0.9159800830177248,0.005000000000009518,0.9717626142011664,0.12660056215817103
0.7500000000000004,0.015253860094168691,0.0,0.12661333347245124,9.99998296875155e-06,0.9161466315301281,0.005000000000009525,0.9718744503850236,0.12661333347245124
0.7505000000000004,0.015256082316390912,0.0,0.12662607958132657,9.999982521830315e-06,0.91631318035946,0.0050000000000095315,0.9719860648738069,0.12662607958132657
0.7510000000000006,0.015258304538613135,0.0,0.12663880048360068,9.999982079657082e-06,0.9164797295056875,0.0050000000000095385,0.9720974576662275,0.12663880048360068
0.7515000000000005,0.015260526760835358,0.0,0.1266514961781068,9.999981641313968e-06,0.9166462789687772,0.005000000000009545,0.9722086287609963,0.1266514961781068
0.7520000000000004,0.01526274898305758,0.0,0.12666416666360186,9.999981205883085e-06,0.9168128287486964,0.005000000000009552,0.9723195781568251,0.12666416666360186
0.7525000000000004,0.015264971205279802,0.0,0.1266768119389467,9.99998077244655e-06,0.9169793788454118,0.005000000000009559,0.9724303058524254,0.1266768119389467
0.7530000000000006,0.015267193427502025,0.0,0.12668943200295749,9.999980340086479e-06,0.9171459292588905,0.005000000000009566,0.9725408118465089,0.12668943200295749
0.7535000000000005,0.015269415649724246,0.0,0.12670202685446952,9.999979907884987e-06,0.9173124799890993,0.005000000000009573,0.9726510961377876,0.12670202685446952
0.7540000000000004,0.01527163787194647,0.0,0.1267145964923265,9.999979474924189e-06,0.9174790310360051,0.00500000000000958,0.9727611587249736,0.1267145964923265
0.7545000000000004,0.01527386009416869,0.0,0.1267271409153912,9.9999790402862e-06,0.9176455823995749,0.005000000000009587,0.9728709996067793,0.1267271409153912
0.7550000000000006,0.015276082316390913,0.0,0.12673966012251361,9.999978603053134e-06,0.9178121340797758,0.005000000000009594,0.972980618781917,0.12673966012251361
0.7555000000000005,0.015278304538613136,0.0,0.12675215411258398,9.99997816230711e-06,0.9179786860765743,0.005000000000009601,0.9730900162490994,0.12675215411258398
0.7560000000000004,0.015280526760835357,0.0,0.12676462288445856,9.999977717130241e-06,0.9181452383899376,0.005000000000009608,0.9731991920070394,0.12676462288445856
0.7565000000000004,0.015282748983057579,0.0,0.12677706643702316,9.999977266604643e-06,0.9183117910198326,0.005000000000009615,0.97330814605445,0.12677706643702316
0.7570000000000006,0.015284971205279801,0.0,0.12678948476920401,9.99997680981243e-06,0.9184783439662263,0.005000000000009622,0.9734168783900443,0.12678948476920401
0.7575000000000005,0.015287193427502024,0.0,0.12680187787989322,9.999976345835721e-06,0.9186448972290854,0.0050000000000096296,0.9735253890125357,0.12680187787989322
0.7580000000000005,0.015289415649724247,0.0,0.12681424576799133,9.999975873756627e-06,0.918811450808377,0.0050000000000096365,0.9736336779206376,0.12681424576799133
0.7585000000000004,0.015291637871946468,0.0,0.12682658843240727,9.999975392657265e-06,0.918978004704068,0.005000000000009643,0.9737417451130639,0.12682658843240727
0.7590000000000006,0.015293860094168691,0.0,0.1268389058721115,9.999974901619751e-06,0.9191445589161253,0.00500000000000965,0.9738495905885283,0.1268389058721115
0.7595000000000005,0.015296082316390913,0.0,0.12685119808600862,9.999974399726201e-06,0.9193111134445158,0.005000000000009657,0.9739572143457448,0.12685119808600862
0.7600000000000005,0.015298304538613135,0.0,0.12686346507306462,9.999973886058729e-06,0.9194776682892065,0.005000000000009664,0.9740646163834278,0.12686346507306462
0.7605000000000004,0.015300526760835358,0.0,0.12687570683223273,9.99997335969945e-06,0.9196442234501642,0.005000000000009671,0.9741717967002914,0.12687570683223273
0.7610000000000006,0.015302748983057581,0.0,0.12688792336245336,9.99997281973048e-06,0.9198107789273561,0.005000000000009679,0.9742787552950506,0.12688792336245336
0.7615000000000005,0.015304971205279802,0.0,0.12690011466271772,9.999972265233933e-06,0.9199773347207487,0.005000000000009686,0.9743854921664197,0.12690011466271772
0.7620000000000005,0.015307193427502024,0.0,0.12691228073200428,9.999971695291926e-06,0.9201438908303092,0.005000000000009693,0.9744920073131137,0.12691228073200428
0.7625000000000004,0.015309415649724246,0.0,0.12692442156931047,9.999971108986575e-06,0.9203104472560045,0.0050000000000097,0.9745983007338479,0.12692442156931047
0.7630000000000006,0.01531163787194647,0.0,0.12693653717361023,9.999970505399994e-06,0.9204770039978016,0.005000000000009707,0.9747043724273373,0.12693653717361023
0.7635000000000005,0.01531386009416869,0.0,0.12694862754392844,9.999969883614299e-06,0.9206435610556672,0.005000000000009714,0.9748102223922975,0.12694862754392844
0.7640000000000005,0.015316082316390913,0.0,0.12696069267927707,9.999969242711605e-06,0.9208101184295685,0.0050000000000097215,0.9749158506274441,0.12696069267927707
0.7645000000000004,0.015318304538613135,0.0,0.1269727325786552,9.999968581774027e-06,0.9209766761194722,0.005000000000009728,0.9750212571314928,0.1269727325786552
0.7650000000000006,0.015320526760835357,0.0,0.12698474724113418,9.999967899883682e-06,0.9211432341253453,0.005000000000009735,0.9751264419031596,0.12698474724113418
0.7655000000000005,0.01532274898305758,0.0,0.12699673666571917,9.999967196122683e-06,0.9213097924471547,0.005000000000009742,0.9752314049411606,0.12699673666571917
0.7660000000000005,0.015324971205279802,0.0,0.12700870085146637,9.999966469573148e-06,0.9214763510848674,0.005000000000009749,0.9753361462442119,0.12700870085146637
0.7665000000000004,0.015327193427502024,0.0,0.12702063979744027,9.999965719317189e-06,0.9216429100384502,0.005000000000009757,0.9754406658110304,0.12702063979744027
0.7670000000000006,0.015329415649724247,0.0,0.1270325535026925,9.999964944436924e-06,0.9218094693078702,0.005000000000009764,0.9755449636403325,0.1270325535026925
0.7675000000000005,0.015331637871946469,0.0,0.12704444196629366,9.999964144014467e-06,0.9219760288930943,0.005000000000009771,0.9756490397308349,0.12704444196629366
0.7680000000000005,0.015333860094168691,0.0,0.12705630518735464,9.999963317131935e-06,0.9221425887940892,0.005000000000009778,0.9757528940812549,0.12705630518735464
0.7685000000000004,0.015336082316390913,0.0,0.1270681431649203,9.99996246287144e-06,0.922309149010822,0.005000000000009786,0.9758565266903093,0.1270681431649203
0.7690000000000006,0.015338304538613136,0.0,0.1270799558981182,9.999961580315102e-06,0.9224757095432596,0.005000000000009793,0.9759599375567158,0.1270799558981182
0.7695000000000005,0.015340526760835358,0.0,0.1270917433860418,9.999960668545034e-06,0.922642270391369,0.0050000000000097996,0.9760631266791917,0.1270917433860418
0.7700000000000005,0.01534274898305758,0.0,0.12710350562781417,9.99995972664335e-06,0.922808831555117,0.0050000000000098065,0.9761660940564547,0.12710350562781417
0.7705000000000004,0.015344971205279802,0.0,0.1271152426225454,9.999958753692167e-06,0.9229753930344705,0.005000000000009814,0.9762688396872228,0.1271152426225454
0.7710000000000006,0.015347193427502025,0.0,0.12712695436937527,9.9999577487736e-06,0.9231419548293968,0.005000000000009821,0.976371363570214,0.12712695436937527
0.7715000000000005,0.015349415649724247,0.0,0.12713864086744128,9.999956710969764e-06,0.9233085169398622,0.005000000000009828,0.9764736657041464,0.12713864086744128
0.7720000000000005,0.015351637871946468,0.0,0.12715030211587858,9.999955639362775e-06,0.9234750793658341,0.005000000000009835,0.9765757460877384,0.12715030211587858
0.7725000000000004,0.01535386009416869,0.0,0.12716193811388388,9.999954533034749e-06,0.9236416421072792,0.005000000000009843,0.9766776047197087,0.12716193811388388
0.7730000000000006,0.015356082316390914,0.0,0.12717354886056645,9.9999533910678e-06,0.9238082051641646,0.00500000000000985,0.9767792415987758,0.12717354886056645
0.7735000000000005,0.015358304538613136,0.0,0.12718513435513973,9.999952212544044e-06,0.9239747685364571,0.005000000000009857,0.9768806567236589,0.12718513435513973
0.7740000000000005,0.015360526760835358,0.0,0.12719669459676156,9.999950996545595e-06,0.9241413322241235,0.005000000000009865,0.9769818500930768,0.12719669459676156
0.7745000000000004,0.015362748983057579,0.0,0.1272082295846301,9.99994974215457e-06,0.924307896227131,0.0050000000000098715,0.977082821705749,0.1272082295846301
0.7750000000000006,0.015364971205279802,0.0,0.12721973931794112,9.999948448453085e-06,0.9244744605454466,0.0050000000000098785,0.9771835715603948,0.12721973931794112
0.7755000000000005,0.015367193427502025,0.0,0.12723122379590945,9.999947114523251e-06,0.9246410251790368,0.005000000000009886,0.9772840996557337,0.12723122379590945
0.7760000000000005,0.015369415649724247,0.0,0.12724268301774755,9.99994573944719e-06,0.9248075901278687,0.005000000000009893,0.9773844059904857,0.12724268301774755
0.7765000000000004,0.015371637871946469,0.0,0.12725411698264424,9.999944322307013e-06,0.9249741553919094,0.0050000000000099,0.9774844905633706,0.12725411698264424
0.7770000000000006,0.015373860094168692,0.0,0.12726552568988186,9.999942862184836e-06,0.9251407209711257,0.005000000000009908,0.9775843533731086,0.12726552568988186
0.7775000000000005,0.015376082316390913,0.0,0.12727690913866588,9.999941358162774e-06,0.9253072868654845,0.005000000000009915,0.9776839944184199,0.12727690913866588
0.7780000000000005,0.015378304538613136,0.0,0.12728826732826332,9.999939809322943e-06,0.9254738530749527,0.005000000000009922,0.977783413698025,0.12728826732826332
0.7785000000000004,0.015380526760835357,0.0,0.1272996002579069,9.999938214747458e-06,0.9256404195994973,0.00500000000000993,0.9778826112106447,0.1272996002579069
0.7790000000000006,0.015382748983057581,0.0,0.12731090792688027,9.999936573518437e-06,0.9258069864390853,0.005000000000009937,0.9779815869549997,0.12731090792688027
0.7795000000000005,0.015384971205279803,0.0,0.12732219033444342,9.99993488471799e-06,0.9259735535936834,0.0050000000000099435,0.9780803409298109,0.12732219033444342
0.7800000000000005,0.015387193427502024,0.0,0.12733344747988593,9.999933147428237e-06,0.9261401210632587,0.005000000000009951,0.9781788731337997,0.12733344747988593
0.7805000000000004,0.015389415649724247,0.0,0.12734467936250565,9.999931360731292e-06,0.926306688847778,0.005000000000009958,0.9782771835656872,0.12734467936250565
0.7810000000000006,0.01539163787194647,0.0,0.12735588598156625,9.99992952370927e-06,0.9264732569472085,0.005000000000009966,0.9783752722241951,0.12735588598156625
0.7815000000000005,0.01539386009416869,0.0,0.1273670673364034,9.999927635444286e-06,0.9266398253615168,0.005000000000009973,0.978473139108045,0.1273670673364034
0.7820000000000005,0.015396082316390914,0.0,0.12737822342632923,9.999925695018455e-06,0.9268063940906699,0.00500000000000998,0.9785707842159587,0.12737822342632923
0.7825000000000004,0.015398304538613135,0.0,0.12738935425065356,9.999923701513893e-06,0.9269729631346348,0.005000000000009988,0.9786682075466584,0.12738935425065356
0.7830000000000006,0.015400526760835358,0.0,0.12740045980871564,9.999921654012717e-06,0.9271395324933784,0.005000000000009995,0.9787654090988662,0.12740045980871564
0.7835000000000005,0.01540274898305758,0.0,0.12741154009985245,9.99991955159704e-06,0.9273061021668677,0.0050000000000100025,0.9788623888713045,0.12741154009985245
0.7840000000000005,0.015404971205279802,0.0,0.1274225951233986,9.999917393348979e-06,0.9274726721550695,0.0050000000000100095,0.9789591468626958,0.1274225951233986
0.7845000000000004,0.015407193427502025,0.0,0.1274336248787395,9.999915178350647e-06,0.9276392424579507,0.005000000000010017,0.979055683071763,0.1274336248787395
0.7850000000000006,0.015409415649724248,0.0,0.1274446293651944,9.999912905684163e-06,0.9278058130754785,0.005000000000010024,0.979151997497229,0.1274446293651944
0.7855000000000005,0.015411637871946469,0.0,0.12745560858216526,9.999910574431639e-06,0.9279723840076195,0.005000000000010031,0.9792480901378167,0.12745560858216526
0.7860000000000005,0.015413860094168692,0.0,0.12746656252905172,9.99990818367519e-06,0.9281389552543406,0.005000000000010039,0.9793439609922494,0.12746656252905172
0.7865000000000004,0.015416082316390913,0.0,0.12747749120518714,9.999905732496936e-06,0.9283055268156091,0.005000000000010046,0.9794396100592506,0.12747749120518714
0.7870000000000006,0.015418304538613136,0.0,0.12748839461000894,9.999903219978987e-06,0.9284720986913917,0.005000000000010054,0.979535037337544,0.12748839461000894
0.7875000000000005,0.015420526760835357,0.0,0.12749927274290954,9.999900645203462e-06,0.9286386708816552,0.005000000000010061,0.9796302428258531,0.12749927274290954
0.7880000000000005,0.01542274898305758,0.0,0.12751012560330036,9.999898007252474e-06,0.9288052433863667,0.0050000000000100684,0.9797252265229021,0.12751012560330036
0.7885000000000004,0.015424971205279803,0.0,0.12752095319063295,9.999895305208141e-06,0.928971816205493,0.005000000000010075,0.9798199884274149,0.12752095319063295
0.7890000000000006,0.015427193427502026,0.0,0.12753175550427126,9.999892538152575e-06,0.9291383893390013,0.005000000000010083,0.9799145285381161,0.12753175550427126
0.7895000000000005,0.015429415649724247,0.0,0.12754253254370468,9.999889705167894e-06,0.9293049627868581,0.00500000000001009,0.9800088468537299,0.12754253254370468
0.7900000000000005,0.015431637871946468,0.0,0.1275532843083776,9.999886805336213e-06,0.9294715365490306,0.005000000000010098,0.9801029433729811,0.1275532843083776
0.7905000000000004,0.01543386009416869,0.0,0.12756401079772123,9.999883837739645e-06,0.9296381106254857,0.005000000000010105,0.9801968180945945,0.12756401079772123
0.7910000000000006,0.015436082316390914,0.0,0.12757471201121776,9.999880801460309e-06,0.9298046850161904,0.005000000000010113,0.980290471017295,0.12757471201121776
0.7915000000000005,0.015438304538613137,0.0,0.1275853879483363,9.999877695580317e-06,0.9299712597211114,0.00500000000001012,0.9803839021398079,0.1275853879483363
0.7920000000000005,0.015440526760835358,0.0,0.1275960386085328,9.999874519181785e-06,0.9301378347402157,0.005000000000010127,0.9804771114608584,0.1275960386085328
0.7925000000000004,0.015442748983057579,0.0,0.12760666399130352,9.999871271346831e-06,0.9303044100734704,0.005000000000010134,0.9805700989791721,0.12760666399130352
0.7930000000000006,0.015444971205279802,0.0,0.12761726409617416,9.99986795115757e-06,0.9304709857208423,0.005000000000010142,0.9806628646934747,0.12761726409617416
0.7935000000000005,0.015447193427502025,0.0,0.1276278389226254,9.999864557696114e-06,0.9306375616822983,0.00500000000001015,0.9807554086024921,0.1276278389226254
0.7940000000000005,0.015449415649724246,0.0,0.12763838847015682,9.999861090044578e-06,0.9308041379578053,0.005000000000010157,0.9808477307049502,0.12763838847015682
0.7945000000000004,0.015451637871946469,0.0,0.12764891273831885,9.999857547285083e-06,0.9309707145473302,0.005000000000010165,0.9809398309995753,0.12764891273831885
0.7950000000000006,0.015453860094168692,0.0,0.12765941172660614,9.99985392849974e-06,0.9311372914508401,0.005000000000010172,0.9810317094850939,0.12765941172660614
0.7955000000000005,0.015456082316390913,0.0,0.12766988543457491,9.999850232770665e-06,0.9313038686683018,0.0050000000000101795,0.9811233661602323,0.12766988543457491
0.7960000000000005,0.015458304538613136,0.0,0.12768033386177888,9.999846459179974e-06,0.9314704461996822,0.005000000000010186,0.9812148010237174,0.12768033386177888
0.7965000000000004,0.015460526760835357,0.0,0.1276907570077374,9.99984260680978e-06,0.9316370240449484,0.005000000000010194,0.9813060140742762,0.1276907570077374
0.7970000000000006,0.01546274898305758,0.0,0.12770115487204195,9.999838674742203e-06,0.9318036022040672,0.005000000000010202,0.9813970053106356,0.12770115487204195
0.7975000000000005,0.015464971205279803,0.0,0.12771152745427086,9.999834662059354e-06,0.9319701806770054,0.005000000000010209,0.9814877747315228,0.12771152745427086
0.7980000000000005,0.015467193427502024,0.0,0.12772187475396812,9.999830567843352e-06,0.9321367594637301,0.005000000000010217,0.9815783223356654,0.12772187475396812
0.7985000000000004,0.015469415649724247,0.0,0.1277321967707391,9.99982639117631e-06,0.9323033385642081,0.005000000000010224,0.9816686481217911,0.1277321967707391
0.7990000000000006,0.01547163787194647,0.0,0.12774249350417616,9.999822131140342e-06,0.9324699179784065,0.0050000000000102315,0.9817587520886274,0.12774249350417616
0.7995000000000005,0.015473860094168691,0.0,0.12775276495387974,9.999817786817567e-06,0.9326364977062921,0.005000000000010239,0.9818486342349024,0.12775276495387974
0.8000000000000005,0.015476082316390914,0.0,0.1277630111194586,9.999813357290097e-06,0.9328030777478318,0.005000000000010246,0.9819382945593442,0.1277630111194586
0.8005000000000004,0.015478304538613135,0.0,0.12777323200052954,9.99980884164005e-06,0.9329696581029926,0.005000000000010254,0.9820277330606811,0.12777323200052954
0.8010000000000006,0.015480526760835358,0.0,0.1277834275967283,9.999804238949539e-06,0.9331362387717415,0.005000000000010262,0.9821169497376417,0.1277834275967283
0.8015000000000005,0.01548274898305758,0.0,0.12779359790768816,9.999799548300682e-06,0.933302819754045,0.005000000000010269,0.9822059445889544,0.12779359790768816
0.8020000000000005,0.015484971205279802,0.0,0.12780374293303987,9.999794768775593e-06,0.9334694010498706,0.005000000000010277,0.9822947176133482,0.12780374293303987
0.8025000000000004,0.015487193427502023,0.0,0.12781386267244368,9.999789899456386e-06,0.9336359826591849,0.005000000000010284,0.982383268809552,0.12781386267244368
0.8030000000000006,0.015489415649724246,0.0,0.12782395712555736,9.999784939425177e-06,0.933802564581955,0.005000000000010291,0.982471598176295,0.12782395712555736
0.8035000000000005,0.015491637871946469,0.0,0.12783402629205753,9.999779887764083e-06,0.9339691468181477,0.005000000000010299,0.9825597057123067,0.12783402629205753
0.8040000000000005,0.015493860094168692,0.0,0.12784407017161833,9.999774743555219e-06,0.9341357293677298,0.005000000000010307,0.9826475914163163,0.12784407017161833
0.8045000000000004,0.015496082316390913,0.0,0.12785408876390067,9.999769505880698e-06,0.9343023122306685,0.005000000000010314,0.9827352552870537,0.12785408876390067
0.8050000000000006,0.015498304538613136,0.0,0.127864082068627,9.999764173822638e-06,0.9344688954069306,0.005000000000010322,0.9828226973232488,0.127864082068627
0.8055000000000005,0.015500526760835357,0.0,0.1278740500854746,9.999758746463154e-06,0.9346354788964829,0.0050000000000103295,0.9829099175236314,0.1278740500854746
0.8060000000000005,0.01550274898305758,0.0,0.12788399281417157,9.999753222884359e-06,0.9348020626992926,0.0050000000000103365,0.982996915886932,0.12788399281417157
0.8065000000000004,0.015504971205279803,0.0,0.1278939102544328,9.99974760216837e-06,0.9349686468153263,0.005000000000010344,0.983083692411881,0.1278939102544328
0.8070000000000006,0.015507193427502026,0.0,0.12790380240596005,9.999741883397304e-06,0.9351352312445512,0.005000000000010352,0.9831702470972086,0.12790380240596005
0.8075000000000006,0.015509415649724247,0.0,0.1279136692685059,9.999736065653275e-06,0.9353018159869341,0.00500000000001036,0.9832565799416458,0.1279136692685059
0.8080000000000005,0.015511637871946468,0.0,0.12792351084179898,9.999730148018397e-06,0.9354684010424419,0.005000000000010367,0.9833426909439236,0.12792351084179898
0.8085000000000004,0.015513860094168691,0.0,0.1279333271256082,9.999724129574786e-06,0.9356349864110416,0.005000000000010375,0.9834285801027728,0.1279333271256082
0.8090000000000006,0.015516082316390914,0.0,0.1279431181196785,9.999718009404559e-06,0.9358015720927002,0.005000000000010382,0.983514247416925,0.1279431181196785
0.8095000000000006,0.015518304538613137,0.0,0.12795288382377373,9.99971178658983e-06,0.9359681580873844,0.005000000000010389,0.9835996928851112,0.12795288382377373
0.8100000000000005,0.015520526760835358,0.0,0.12796262423767643,9.999705460212715e-06,0.9361347443950612,0.005000000000010397,0.9836849165060633,0.12796262423767643
0.8105000000000004,0.01552274898305758,0.0,0.12797233936113467,9.999699029355329e-06,0.9363013310156977,0.005000000000010405,0.9837699182785131,0.12797233936113467
0.8110000000000006,0.015524971205279802,0.0,0.12798202919399,9.999692493099785e-06,0.9364679179492607,0.005000000000010413,0.9838546982011925,0.12798202919399
0.8115000000000006,0.015527193427502025,0.0,0.12799169373602803,9.999685850528202e-06,0.9366345051957169,0.005000000000010421,0.9839392562728335,0.12799169373602803
0.8120000000000005,0.015529415649724246,0.0,0.12800133298701058,9.999679100722695e-06,0.9368010927550336,0.0050000000000104275,0.9840235924921685,0.12800133298701058
0.8125000000000004,0.015531637871946469,0.0,0.1280109469468142,9.999672242765377e-06,0.9369676806271775,0.005000000000010435,0.98410770685793,0.1280109469468142
0.8130000000000006,0.015533860094168692,0.0,0.1280205356152169,9.999665275738365e-06,0.9371342688121158,0.005000000000010443,0.9841915993688507,0.1280205356152169
0.8135000000000006,0.015536082316390913,0.0,0.1280300989920582,9.999658198723774e-06,0.937300857309815,0.005000000000010451,0.9842752700236633,0.1280300989920582
0.8140000000000005,0.015538304538613136,0.0,0.12803963707720697,9.999651010803718e-06,0.9374674461202422,0.005000000000010459,0.9843587188211008,0.12803963707720697
0.8145000000000004,0.015540526760835357,0.0,0.1280491498704549,9.999643711060316e-06,0.9376340352433645,0.005000000000010466,0.9844419457598964,0.1280491498704549
0.8150000000000006,0.01554274898305758,0.0,0.12805863737169784,9.99963629857568e-06,0.9378006246791488,0.0050000000000104735,0.9845249508387836,0.12805863737169784
0.8155000000000006,0.015544971205279803,0.0,0.12806809958079698,9.999628772431926e-06,0.9379672144275617,0.005000000000010481,0.9846077340564956,0.12806809958079698
0.8160000000000005,0.015547193427502024,0.0,0.1280775364976111,9.999621131711171e-06,0.9381338044885704,0.005000000000010489,0.9846902954117663,0.1280775364976111
0.8165000000000004,0.015549415649724247,0.0,0.12808694812202823,9.999613375495529e-06,0.9383003948621418,0.005000000000010497,0.9847726349033296,0.12808694812202823
0.8170000000000006,0.01555163787194647,0.0,0.12809633445392324,9.999605502867113e-06,0.9384669855482428,0.005000000000010505,0.9848547525299194,0.12809633445392324
0.8175000000000006,0.015553860094168691,0.0,0.12810569549318984,9.999597512908043e-06,0.9386335765468403,0.005000000000010512,0.98493664829027,0.12810569549318984
0.8180000000000005,0.015556082316390912,0.0,0.12811503123972973,9.999589404700433e-06,0.9388001678579013,0.0050000000000105195,0.9850183221831158,0.12811503123972973
0.8185000000000004,0.015558304538613135,0.0,0.1281243416935061,9.999581177326396e-06,0.9389667594813925,0.005000000000010527,0.9850997742071912,0.1281243416935061
0.8190000000000006,0.015560526760835358,0.0,0.12813362685436214,9.99957282986805e-06,0.9391333514172813,0.005000000000010535,0.9851810043612313,0.12813362685436214
0.8195000000000006,0.015562748983057581,0.0,0.12814288672227722,9.999564361407508e-06,0.939299943665534,0.005000000000010543,0.9852620126439706,0.12814288672227722
0.8200000000000005,0.015564971205279802,0.0,0.12815212129716408,9.999555771026887e-06,0.939466536226118,0.005000000000010551,0.9853427990541445,0.12815212129716408
0.8205000000000005,0.015567193427502023,0.0,0.12816133057897558,9.999547057808301e-06,0.939633129099,0.0050000000000105585,0.985423363590488,0.12816133057897558
0.8210000000000006,0.015569415649724246,0.0,0.1281705145676726,9.999538220833868e-06,0.939799722284147,0.005000000000010566,0.9855037062517367,0.1281705145676726
0.8215000000000006,0.01557163787194647,0.0,0.12817967326319205,9.999529259185701e-06,0.9399663157815259,0.005000000000010574,0.9855838270366262,0.12817967326319205
0.8220000000000005,0.015573860094168692,0.0,0.12818880666552174,9.999520171945916e-06,0.9401329095911037,0.005000000000010581,0.9856637259438922,0.12818880666552174
0.8225000000000005,0.015576082316390913,0.0,0.12819791477461473,9.999510958196628e-06,0.9402995037128472,0.005000000000010589,0.9857434029722706,0.12819791477461473
0.8230000000000006,0.015578304538613136,0.0,0.12820699759048554,9.999501617019954e-06,0.9404660981467234,0.005000000000010597,0.9858228581204977,0.12820699759048554
0.8235000000000006,0.015580526760835357,0.0,0.12821605511309275,9.999492147498007e-06,0.9406326928926994,0.0050000000000106045,0.9859020913873098,0.12821605511309275
0.8240000000000005,0.01558274898305758,0.0,0.1282250873424884,9.999482548712904e-06,0.9407992879507416,0.005000000000010612,0.9859811027714431,0.1282250873424884
0.8245000000000005,0.015584971205279801,0.0,0.12823409427861504,9.999472819746758e-06,0.9409658833208175,0.00500000000001062,0.9860598922716347,0.12823409427861504
0.8250000000000006,0.015587193427502026,0.0,0.12824307592155157,9.999462959681688e-06,0.9411324790028938,0.005000000000010628,0.9861384598866211,0.12824307592155157
0.8255000000000006,0.015589415649724247,0.0,0.12825203227126736,9.999452967599807e-06,0.9412990749969373,0.005000000000010636,0.9862168056151392,0.12825203227126736
0.8260000000000005,0.015591637871946468,0.0,0.12826096332782527,9.99944284258323e-06,0.9414656713029151,0.0050000000000106435,0.9862949294559266,0.12826096332782527
0.8265000000000005,0.015593860094168691,0.0,0.1282698690912749,9.999432583714074e-06,0.941632267920794,0.005000000000010651,0.9863728314077201,0.1282698690912749
0.8270000000000006,0.015596082316390914,0.0,0.12827874956164184,9.999422190074454e-06,0.9417988648505411,0.005000000000010659,0.9864505114692577,0.12827874956164184
0.8275000000000006,0.015598304538613135,0.0,0.12828760473899176,9.999411660746483e-06,0.9419654620921232,0.005000000000010667,0.9865279696392768,0.12828760473899176
0.8280000000000005,0.015600526760835358,0.0,0.12829643462338763,9.999400994812281e-06,0.9421320596455072,0.005000000000010675,0.9866052059165155,0.12829643462338763
0.8285000000000005,0.01560274898305758,0.0,0.12830523921491122,9.999390191353959e-06,0.94229865751066,0.0050000000000106825,0.9866822202997115,0.12830523921491122
0.8290000000000006,0.015604971205279802,0.0,0.12831401851363092,9.999379249453634e-06,0.9424652556875487,0.00500000000001069,0.9867590127876034,0.12831401851363092
0.8295000000000006,0.015607193427502025,0.0,0.1283227725196552,9.999368168193422e-06,0.94263185417614,0.005000000000010698,0.9868355833789294,0.1283227725196552
0.8300000000000005,0.015609415649724246,0.0,0.1283315012330579,9.999356946655436e-06,0.942798452976401,0.005000000000010706,0.986911932072428,0.1283315012330579
0.8305000000000005,0.01561163787194647,0.0,0.1283402046539528,9.999345583921794e-06,0.9429650520882985,0.005000000000010714,0.9869880588668379,0.1283402046539528
0.8310000000000006,0.015613860094168692,0.0,0.12834888278245113,9.99933407907461e-06,0.9431316515117997,0.0050000000000107216,0.9870639637608984,0.12834888278245113
0.8315000000000006,0.015616082316390913,0.0,0.12835753561867208,9.999322431196e-06,0.9432982512468711,0.005000000000010729,0.9871396467533482,0.12835753561867208
0.8320000000000005,0.015618304538613136,0.0,0.1283661631627536,9.99931063936808e-06,0.9434648512934799,0.005000000000010737,0.9872151078429267,0.1283661631627536
0.8325000000000005,0.015620526760835357,0.0,0.1283747654148309,9.999298702672963e-06,0.9436314516515929,0.005000000000010745,0.9872903470283731,0.1283747654148309
0.8330000000000006,0.01562274898305758,0.0,0.12838334237502586,9.999286620192766e-06,0.9437980523211773,0.005000000000010753,0.9873653643084275,0.12838334237502586
0.8335000000000006,0.015624971205279801,0.0,0.1283918940435325,9.999274391009605e-06,0.9439646533021996,0.005000000000010761,0.9874401596818292,0.1283918940435325
0.8340000000000005,0.015627193427502024,0.0,0.1284004204204887,9.999262014205593e-06,0.944131254594627,0.005000000000010768,0.9875147331473184,0.1284004204204887
0.8345000000000005,0.015629415649724247,0.0,0.1284089215060617,9.999249488862848e-06,0.9442978561984263,0.005000000000010776,0.9875890847036353,0.1284089215060617
0.8350000000000006,0.01563163787194647,0.0,0.12841739730043752,9.999236814063483e-06,0.9444644581135646,0.005000000000010785,0.9876632143495199,0.12841739730043752
0.8355000000000006,0.015633860094168693,0.0,0.12842584780378874,9.999223988889616e-06,0.9446310603400087,0.005000000000010793,0.987737122083713,0.12842584780378874
0.8360000000000005,0.015636082316390913,0.0,0.1284342730162959,9.99921101242336e-06,0.9447976628777255,0.0050000000000108005,0.987810807904955,0.1284342730162959
0.8365000000000005,0.015638304538613135,0.0,0.12844267293821174,9.999197883746832e-06,0.9449642657266819,0.005000000000010808,0.9878842718119869,0.12844267293821174
0.8370000000000006,0.01564052676083536,0.0,0.12845104756968997,9.999184601942147e-06,0.945130868886845,0.005000000000010816,0.9879575138035497,0.12845104756968997
0.8375000000000006,0.01564274898305758,0.0,0.1284593969109994,9.999171166091417e-06,0.9452974723581815,0.005000000000010824,0.9880305338783844,0.1284593969109994
0.8380000000000005,0.0156449712052798,0.0,0.128467720962299,9.999157575276763e-06,0.9454640761406585,0.005000000000010832,0.9881033320352325,0.128467720962299
0.8385000000000005,0.015647193427502024,0.0,0.12847601972387346,9.999143828580297e-06,0.9456306802342429,0.0050000000000108395,0.9881759082728354,0.12847601972387346
0.8390000000000006,0.015649415649724246,0.0,0.12848429319595125,9.999129925084135e-06,0.9457972846389016,0.005000000000010847,0.9882482625899349,0.12848429319595125
0.8395000000000006,0.01565163787194647,0.0,0.12849254137879026,9.999115863870393e-06,0.9459638893546014,0.005000000000010856,0.9883203949852729,0.12849254137879026
0.8400000000000005,0.015653860094168692,0.0,0.1285007642726349,9.999101644021184e-06,0.9461304943813094,0.005000000000010864,0.9883923054575914,0.1285007642726349
0.8405000000000005,0.01565608231639091,0.0,0.12850896187771615,9.999087264618627e-06,0.9462970997189925,0.005000000000010872,0.9884639940056327,0.12850896187771615
0.8410000000000006,0.015658304538613138,0.0,0.12851713419438,9.999072724744834e-06,0.9464637053676176,0.005000000000010879,0.988535460628139,0.12851713419438
0.8415000000000006,0.015660526760835358,0.0,0.12852528122285195,9.999058023481922e-06,0.9466303113271515,0.005000000000010887,0.9886067053238529,0.12852528122285195
0.8420000000000005,0.01566274898305758,0.0,0.12853340296344043,9.999043159912007e-06,0.9467969175975612,0.005000000000010895,0.9886777280915172,0.12853340296344043
0.8425000000000005,0.015664971205279803,0.0,0.12854149941644036,9.999028133117203e-06,0.9469635241788138,0.005000000000010904,0.988748528929875,0.12854149941644036
0.8430000000000006,0.015667193427502026,0.0,0.12854957058215466,9.999012942179624e-06,0.9471301310708761,0.0050000000000109115,0.988819107837669,0.12854957058215466
0.8435000000000006,0.015669415649724246,0.0,0.12855761646088348,9.99899758618139e-06,0.9472967382737149,0.005000000000010919,0.9888894648136427,0.12855761646088348
0.8440000000000005,0.01567163787194647,0.0,0.12856563705297777,9.998982064204612e-06,0.9474633457872973,0.005000000000010927,0.9889595998565396,0.12856563705297777
0.8445000000000005,0.01567386009416869,0.0,0.12857363235875355,9.998966375331408e-06,0.9476299536115901,0.005000000000010935,0.9890295129651032,0.12857363235875355
0.8450000000000006,0.015676082316390914,0.0,0.1285816023785349,9.998950518643891e-06,0.9477965617465604,0.005000000000010944,0.9890992041380773,0.1285816023785349
0.8455000000000006,0.015678304538613137,0.0,0.1285895471126751,9.998934493224178e-06,0.9479631701921749,0.005000000000010951,0.9891686733742058,0.1285895471126751
0.8460000000000005,0.015680526760835357,0.0,0.1285974665615034,9.998918298154384e-06,0.9481297789484007,0.005000000000010959,0.9892379206722329,0.1285974665615034
0.8465000000000005,0.01568274898305758,0.0,0.12860536072543177,9.998901932516623e-06,0.9482963880152045,0.005000000000010967,0.9893069460309029,0.12860536072543177
0.8470000000000006,0.015684971205279803,0.0,0.12861322960478397,9.998885395393014e-06,0.9484629973925536,0.005000000000010976,0.9893757494489602,0.12861322960478397
0.8475000000000006,0.015687193427502025,0.0,0.12862107319996646,9.998868685865668e-06,0.9486296070804145,0.0050000000000109835,0.9894443309251496,0.12862107319996646
0.8480000000000005,0.015689415649724245,0.0,0.12862889151130805,9.998851803016703e-06,0.9487962170787545,0.005000000000010991,0.9895126904582159,0.12862889151130805
0.8485000000000005,0.015691637871946468,0.0,0.12863668453927393,9.998834745928235e-06,0.9489628273875403,0.005000000000010999,0.989580828046904,0.12863668453927393
0.8490000000000006,0.01569386009416869,0.0,0.1286444522842195,9.998817513682377e-06,0.949129438006739,0.005000000000011008,0.9896487436899591,0.1286444522842195
0.8495000000000006,0.015696082316390914,0.0,0.12865219474658293,9.998800105361244e-06,0.9492960489363172,0.005000000000011016,0.9897164373861267,0.12865219474658293
0.8500000000000005,0.015698304538613136,0.0,0.1286599119267462,9.998782520046954e-06,0.9494626601762421,0.005000000000011023,0.989783909134152,0.1286599119267462
0.8505000000000005,0.01570052676083536,0.0,0.1286676038251419,9.998764756821622e-06,0.9496292717264807,0.005000000000011032,0.9898511589327811,0.1286676038251419
0.8510000000000006,0.015702748983057582,0.0,0.1286752704422106,9.998746814767362e-06,0.9497958835869997,0.00500000000001104,0.9899181867807597,0.1286752704422106
0.8515000000000006,0.0157049712052798,0.0,0.12868291177837943,9.99872869296629e-06,0.949962495757766,0.005000000000011048,0.9899849926768337,0.12868291177837943
0.8520000000000005,0.015707193427502025,0.0,0.1286905278341154,9.99871039050052e-06,0.9501291082387467,0.0050000000000110555,0.9900515766197494,0.1286905278341154
0.8525000000000005,0.015709415649724248,0.0,0.1286981186098614,9.99869190645217e-06,0.9502957210299088,0.005000000000011064,0.9901179386082534,0.1286981186098614
0.8530000000000006,0.01571163787194647,0.0,0.12870568410607897,9.998673239903352e-06,0.9504623341312189,0.005000000000011072,0.990184078641092,0.12870568410607897
0.8535000000000006,0.01571386009416869,0.0,0.12871322432322674,9.998654389936185e-06,0.9506289475426443,0.00500000000001108,0.9902499967170121,0.12871322432322674
0.8540000000000005,0.015716082316390913,0.0,0.1287207392618248,9.998635355632782e-06,0.9507955612641515,0.0050000000000110885,0.9903156928347605,0.1287207392618248
0.8545000000000005,0.015718304538613136,0.0,0.1287282289223263,9.998616136075258e-06,0.9509621752957078,0.005000000000011096,0.9903811669930844,0.1287282289223263
0.8550000000000006,0.01572052676083536,0.0,0.12873569330523496,9.998596730345731e-06,0.95112878963728,0.005000000000011105,0.9904464191907311,0.12873569330523496
0.8555000000000006,0.01572274898305758,0.0,0.12874313241106247,9.998577137526312e-06,0.9512954042888349,0.005000000000011113,0.9905114494264479,0.12874313241106247
0.8560000000000005,0.0157249712052798,0.0,0.12875054624028556,9.998557356699122e-06,0.9514620192503396,0.0050000000000111205,0.9905762576989824,0.12875054624028556
0.8565000000000005,0.015727193427502024,0.0,0.12875793479346376,9.998537386946272e-06,0.9516286345217608,0.005000000000011129,0.9906408440070824,0.12875793479346376
0.8570000000000007,0.015729415649724247,0.0,0.12876529807110032,9.998517227349878e-06,0.9517952501030659,0.005000000000011137,0.9907052083494962,0.12876529807110032
0.8575000000000006,0.01573163787194647,0.0,0.1287726360737491,9.998496876992057e-06,0.9519618659942213,0.005000000000011145,0.9907693507249714,0.1287726360737491
0.8580000000000005,0.015733860094168692,0.0,0.12877994880192914,9.998476334954924e-06,0.9521284821951941,0.0050000000000111535,0.9908332711322566,0.12877994880192914
0.8585000000000005,0.015736082316390912,0.0,0.1287872362561886,9.998455600320593e-06,0.9522950987059513,0.005000000000011161,0.9908969695701003,0.1287872362561886
0.8590000000000007,0.015738304538613135,0.0,0.12879449843710505,9.99843467217118e-06,0.9524617155264599,0.00500000000001117,0.9909604460372511,0.12879449843710505
0.8595000000000006,0.015740526760835358,0.0,0.12880173534524247,9.9984135495888e-06,0.9526283326566866,0.005000000000011178,0.9910237005324578,0.12880173534524247
0.8600000000000005,0.01574274898305758,0.0,0.12880894698116202,9.99839223165557e-06,0.9527949500965984,0.005000000000011186,0.9910867330544695,0.12880894698116202
0.8605000000000005,0.015744971205279804,0.0,0.1288161333454648,9.998370717453603e-06,0.9529615678461623,0.005000000000011194,0.9911495436020352,0.1288161333454648
0.8610000000000007,0.015747193427502026,0.0,0.12882329443871698,9.998349006065016e-06,0.9531281859053452,0.005000000000011202,0.9912121321739045,0.12882329443871698
0.8615000000000006,0.015749415649724246,0.0,0.12883043026150331,9.998327096571923e-06,0.953294804274114,0.005000000000011211,0.9912744987688267,0.12883043026150331
0.8620000000000005,0.01575163787194647,0.0,0.1288375408144806,9.998304988056442e-06,0.9534614229524355,0.0050000000000112186,0.9913366433855516,0.1288375408144806
0.8625000000000005,0.01575386009416869,0.0,0.12884462609822783,9.998282679600686e-06,0.9536280419402768,0.005000000000011227,0.991398566022829,0.12884462609822783
0.8630000000000007,0.015756082316390915,0.0,0.12885168611335332,9.99826017028677e-06,0.953794661237605,0.005000000000011235,0.9914602666794092,0.12885168611335332
0.8635000000000006,0.015758304538613137,0.0,0.12885872086052674,9.998237459196811e-06,0.9539612808443866,0.005000000000011244,0.9915217453540422,0.12885872086052674
0.8640000000000005,0.015760526760835357,0.0,0.1288657303403292,9.998214545412924e-06,0.9541279007605887,0.0050000000000112515,0.9915830020454784,0.1288657303403292
0.8645000000000005,0.01576274898305758,0.0,0.1288727145534461,9.998191428017223e-06,0.9542945209861784,0.00500000000001126,0.9916440367524685,0.1288727145534461
0.8650000000000007,0.015764971205279803,0.0,0.12887967350051704,9.998168106091825e-06,0.9544611415211225,0.005000000000011268,0.991704849473763,0.12887967350051704
0.8655000000000006,0.015767193427502026,0.0,0.12888660718222164,9.998144578718844e-06,0.9546277623653878,0.005000000000011277,0.9917654402081131,0.12888660718222164
0.8660000000000005,0.01576941564972425,0.0,0.12889351559920456,9.998120844980396e-06,0.9547943835189413,0.0050000000000112845,0.9918258089542697,0.12889351559920456
0.8665000000000005,0.015771637871946468,0.0,0.1289003987521289,9.998096903958599e-06,0.95496100498175,0.005000000000011293,0.9918859557109841,0.1289003987521289
0.8670000000000007,0.01577386009416869,0.0,0.12890725664169778,9.998072754735564e-06,0.9551276267537808,0.005000000000011301,0.9919458804770079,0.12890725664169778
0.8675000000000006,0.015776082316390914,0.0,0.12891408926862213,9.998048396393407e-06,0.9552942488350006,0.00500000000001131,0.9920055832510926,0.12891408926862213
0.8680000000000005,0.015778304538613137,0.0,0.12892089663356715,9.998023828014245e-06,0.9554608712253764,0.0050000000000113174,0.99206506403199,0.12892089663356715
0.8685000000000005,0.015780526760835356,0.0,0.12892767873723804,9.997999048680193e-06,0.9556274939248749,0.005000000000011326,0.992124322818452,0.12892767873723804
0.8690000000000007,0.01578274898305758,0.0,0.12893443558037984,9.997974057473366e-06,0.9557941169334633,0.005000000000011334,0.9921833596092308,0.12893443558037984
0.8695000000000006,0.015784971205279802,0.0,0.12894116716369194,9.99794885347588e-06,0.9559607402511083,0.005000000000011343,0.9922421744030786,0.12894116716369194
0.8700000000000006,0.015787193427502025,0.0,0.12894787348792439,9.99792343576985e-06,0.956127363877777,0.00500000000001135,0.992300767198748,0.12894787348792439
0.8705000000000005,0.015789415649724248,0.0,0.12895455455380284,9.997897803437391e-06,0.9562939878134362,0.005000000000011359,0.9923591379949918,0.12895455455380284
0.8710000000000007,0.01579163787194647,0.0,0.12896121036206082,9.997871955560618e-06,0.956460612058053,0.005000000000011368,0.9924172867905625,0.12896121036206082
0.8715000000000006,0.015793860094168694,0.0,0.12896784091347177,9.997845891221647e-06,0.9566272366115941,0.0050000000000113756,0.9924752135842134,0.12896784091347177
0.8720000000000006,0.015796082316390913,0.0,0.12897444620876336,9.997819609502594e-06,0.9567938614740266,0.005000000000011384,0.9925329183746976,0.12897444620876336
0.8725000000000005,0.015798304538613136,0.0,0.1289810262487568,9.997793109485573e-06,0.9569604866453172,0.005000000000011392,0.9925904011607684,0.1289810262487568
0.8730000000000007,0.01580052676083536,0.0,0.1289875810341953,9.997766390252702e-06,0.9571271121254331,0.005000000000011401,0.9926476619411793,0.1289875810341953
0.8735000000000006,0.01580274898305758,0.0,0.12899411056588356,9.997739450886091e-06,0.9572937379143411,0.005000000000011409,0.9927047007146841,0.12899411056588356
0.8740000000000006,0.0158049712052798,0.0,0.12900061484458042,9.99771229046786e-06,0.9574603640120081,0.005000000000011417,0.9927615174800366,0.12900061484458042
0.8745000000000005,0.015807193427502024,0.0,0.1290070938711275,9.997684908080125e-06,0.957626990418401,0.005000000000011426,0.9928181122359909,0.1290070938711275
0.8750000000000007,0.015809415649724247,0.0,0.12901354764629921,9.997657302804997e-06,0.957793617133487,0.0050000000000114345,0.9928744849813013,0.12901354764629921
0.8755000000000006,0.01581163787194647,0.0,0.12901997617094213,9.997629473724595e-06,0.9579602441572326,0.005000000000011442,0.992930635714722,0.12901997617094213
0.8760000000000006,0.015813860094168693,0.0,0.12902637944586756,9.997601419921032e-06,0.958126871489605,0.005000000000011451,0.9929865644350078,0.12902637944586756
0.8765000000000005,0.015816082316390912,0.0,0.12903275747187337,9.997573140476425e-06,0.9582934991305709,0.005000000000011459,0.9930422711409133,0.12903275747187337
0.8770000000000007,0.015818304538613135,0.0,0.12903911024986148,9.99754463447289e-06,0.9584601270800975,0.0050000000000114675,0.9930977558311934,0.12903911024986148
0.8775000000000006,0.015820526760835358,0.0,0.12904543778063446,9.997515900992539e-06,0.9586267553381517,0.005000000000011476,0.9931530185046034,0.12904543778063446
0.8780000000000006,0.01582274898305758,0.0,0.12905174006507772,9.99748693911749e-06,0.9587933839047001,0.005000000000011484,0.9932080591598983,0.12905174006507772
0.8785000000000005,0.0158249712052798,0.0,0.12905801710399867,9.99745774792986e-06,0.95896001277971,0.005000000000011493,0.9932628777958338,0.12905801710399867
0.8790000000000007,0.015827193427502027,0.0,0.12906426889835174,9.99742832651176e-06,0.9591266419631482,0.005000000000011501,0.9933174744111652,0.12906426889835174
0.8795000000000006,0.015829415649724246,0.0,0.1290704954489278,9.997398673945308e-06,0.9592932714549816,0.00500000000001151,0.9933718490046487,0.1290704954489278
0.8800000000000006,0.01583163787194647,0.0,0.12907669675667532,9.99736878931262e-06,0.9594599012551771,0.005000000000011518,0.99342600157504,0.12907669675667532
0.8805000000000005,0.015833860094168692,0.0,0.1290828728224757,9.997338671695808e-06,0.9596265313637016,0.0050000000000115265,0.9934799321210953,0.1290828728224757
0.8810000000000007,0.015836082316390915,0.0,0.12908902364719654,9.997308320176992e-06,0.9597931617805222,0.005000000000011535,0.993533640641571,0.12908902364719654
0.8815000000000006,0.015838304538613138,0.0,0.12909514923178822,9.997277733838284e-06,0.9599597925056056,0.005000000000011543,0.9935871271352233,0.12909514923178822
0.8820000000000006,0.015840526760835357,0.0,0.12910124957714458,9.9972469117618e-06,0.9601264235389187,0.005000000000011552,0.9936403916008092,0.12910124957714458
0.8825000000000005,0.01584274898305758,0.0,0.1291073246842101,9.997215853029657e-06,0.9602930548804287,0.00500000000001156,0.9936934340370854,0.1291073246842101
0.8830000000000007,0.015844971205279803,0.0,0.1291133745538834,9.997184556723968e-06,0.9604596865301025,0.005000000000011569,0.993746254442809,0.1291133745538834
0.8835000000000006,0.015847193427502026,0.0,0.1291193991871458,9.997153021926848e-06,0.9606263184879067,0.005000000000011577,0.993798852816737,0.1291193991871458
0.8840000000000006,0.015849415649724245,0.0,0.12912539858491145,9.997121247720417e-06,0.9607929507538084,0.0050000000000115855,0.9938512291576268,0.12912539858491145
0.8845000000000005,0.015851637871946468,0.0,0.12913137274816644,9.997089233186784e-06,0.9609595833277746,0.005000000000011594,0.9939033834642361,0.12913137274816644
0.8850000000000007,0.01585386009416869,0.0,0.12913732167784034,9.99705697740807e-06,0.9611262162097723,0.005000000000011603,0.9939553157353226,0.12913732167784034
0.8855000000000006,0.015856082316390914,0.0,0.12914324537492403,9.997024479466386e-06,0.9612928493997683,0.0050000000000116115,0.994007025969644,0.12914324537492403
0.8860000000000006,0.015858304538613137,0.0,0.12914914384040538,9.99699173844385e-06,0.9614594828977294,0.005000000000011619,0.9940585141659584,0.12914914384040538
0.8865000000000005,0.015860526760835356,0.0,0.12915501707524782,9.996958753422575e-06,0.9616261167036226,0.005000000000011628,0.994109780323024,0.12915501707524782
0.8870000000000007,0.015862748983057583,0.0,0.12916086508047614,9.99692552348468e-06,0.9617927508174151,0.005000000000011637,0.9941608244395994,0.12916086508047614
0.8875000000000006,0.015864971205279802,0.0,0.12916668785704777,9.996892047712277e-06,0.9619593852390734,0.005000000000011645,0.994211646514443,0.12916668785704777
0.8880000000000006,0.015867193427502025,0.0,0.12917248540602433,9.996858325187484e-06,0.9621260199685647,0.005000000000011654,0.9942622465463138,0.12917248540602433
0.8885000000000005,0.015869415649724248,0.0,0.12917825772838942,9.996824354992414e-06,0.9622926550058558,0.005000000000011662,0.9943126245339704,0.12917825772838942
0.8890000000000007,0.01587163787194647,0.0,0.12918400482516657,9.996790136209183e-06,0.9624592903509138,0.0050000000000116705,0.994362780476172,0.12918400482516657
0.8895000000000006,0.01587386009416869,0.0,0.12918972669738685,9.996755667919907e-06,0.9626259260037054,0.005000000000011679,0.994412714371678,0.12918972669738685
0.8900000000000006,0.015876082316390913,0.0,0.12919542334613204,9.9967209492067e-06,0.9627925619641976,0.005000000000011688,0.9944624262192477,0.12919542334613204
0.8905000000000005,0.015878304538613136,0.0,0.12920109477240588,9.996685979151679e-06,0.9629591982323574,0.0050000000000116965,0.9945119160176408,0.12920109477240588
0.8910000000000007,0.01588052676083536,0.0,0.12920674097728405,9.99665075683696e-06,0.9631258348081517,0.005000000000011705,0.9945611837656172,0.12920674097728405
0.8915000000000006,0.015882748983057582,0.0,0.12921236196183922,9.996615281344654e-06,0.9632924716915473,0.005000000000011713,0.9946102294619366,0.12921236196183922
0.8920000000000006,0.0158849712052798,0.0,0.1292179577270875,9.996579551756882e-06,0.9634591088825113,0.005000000000011722,0.9946590531053593,0.1292179577270875
0.8925000000000005,0.015887193427502024,0.0,0.12922352827418127,9.996543567155756e-06,0.9636257463810105,0.00500000000001173,0.9947076546946457,0.12922352827418127
0.8930000000000007,0.015889415649724247,0.0,0.1292290736041734,9.996507326623391e-06,0.963792384187012,0.005000000000011739,0.9947560342285562,0.1292290736041734
0.8935000000000006,0.01589163787194647,0.0,0.12923459371815665,9.996470829241906e-06,0.9639590223004825,0.005000000000011748,0.9948041917058515,0.12923459371815665
0.8940000000000006,0.015893860094168693,0.0,0.12924008861725286,9.996434074093412e-06,0.9641256607213889,0.005000000000011756,0.9948521271252924,0.12924008861725286
0.8945000000000005,0.015896082316390912,0.0,0.12924555830252724,9.996397060260026e-06,0.9642922994496984,0.005000000000011765,0.99489984048564,0.12924555830252724
0.8950000000000007,0.015898304538613135,0.0,0.12925100277513843,9.996359786823864e-06,0.9644589384853778,0.005000000000011774,0.9949473317856553,0.12925100277513843
0.8955000000000006,0.015900526760835358,0.0,0.1292564220361992,9.996322252867041e-06,0.964625577828394,0.005000000000011782,0.9949946010241,0.1292564220361992
0.8960000000000006,0.01590274898305758,0.0,0.12926181608685136,9.996284457471672e-06,0.9647922174787138,0.005000000000011791,0.9950416481997353,0.12926181608685136
0.8965000000000005,0.015904971205279804,0.0,0.12926718492823372,9.996246399719873e-06,0.9649588574363043,0.0050000000000118,0.995088473311323,0.12926718492823372
0.8970000000000007,0.015907193427502027,0.0,0.12927252856147126,9.996208078693758e-06,0.9651254977011324,0.005000000000011808,0.9951350763576251,0.12927252856147126
0.8975000000000006,0.015909415649724246,0.0,0.12927784698771813,9.996169493475443e-06,0.965292138273165,0.005000000000011817,0.9951814573374036,0.12927784698771813
0.8980000000000006,0.01591163787194647,0.0,0.129283140208179,9.996130643147044e-06,0.965458779152369,0.005000000000011825,0.9952276162494207,0.129283140208179
0.8985000000000005,0.015913860094168692,0.0,0.1292884082240126,9.996091526790677e-06,0.9656254203387112,0.0050000000000118335,0.9952735530924388,0.1292884082240126
0.8990000000000007,0.015916082316390915,0.0,0.12929365103637458,9.996052143488456e-06,0.9657920618321589,0.005000000000011842,0.9953192678652206,0.12929365103637458
0.8995000000000006,0.015918304538613134,0.0,0.12929886864643897,9.996012492322496e-06,0.9659587036326788,0.005000000000011851,0.9953647605665288,0.12929886864643897
0.9000000000000006,0.015920526760835357,0.0,0.12930406105545178,9.995972572374913e-06,0.9661253457402377,0.0050000000000118595,0.9954100311951263,0.12930406105545178
0.9005000000000005,0.01592274898305758,0.0,0.12930922826459162,9.995932382727823e-06,0.9662919881548027,0.005000000000011868,0.9954550797497761,0.12930922826459162
0.9010000000000007,0.015924971205279803,0.0,0.1293143702750555,9.995891922463341e-06,0.9664586308763407,0.005000000000011877,0.9954999062292417,0.1293143702750555
0.9015000000000006,0.015927193427502026,0.0,0.12931948708808017,9.995851190663582e-06,0.9666252739048184,0.0050000000000118856,0.9955445106322864,0.12931948708808017
0.9020000000000006,0.01592941564972425,0.0,0.12932457870486716,9.995810186410661e-06,0.9667919172402032,0.005000000000011894,0.9955888929576739,0.12932457870486716
0.9025000000000005,0.01593163787194647,0.0,0.12932964512664713,9.995768908786693e-06,0.9669585608824616,0.005000000000011904,0.995633053204168,0.12932964512664713
0.9030000000000007,0.01593386009416869,0.0,0.12933468635469048,9.995727356873795e-06,0.9671252048315607,0.0050000000000119125,0.9956769913705327,0.12933468635469048
0.9035000000000006,0.015936082316390914,0.0,0.1293397023902324,9.995685529754082e-06,0.9672918490874673,0.005000000000011921,0.995720707455532,0.1293397023902324
0.9040000000000006,0.015938304538613137,0.0,0.12934469323451567,9.995643426509668e-06,0.9674584936501486,0.00500000000001193,0.9957642014579303,0.12934469323451567
0.9045000000000005,0.015940526760835357,0.0,0.12934965888880143,9.99560104622267e-06,0.9676251385195712,0.0050000000000119385,0.9958074733764922,0.12934965888880143
0.9050000000000007,0.01594274898305758,0.0,0.12935459935437993,9.995558387975203e-06,0.9677917836957023,0.005000000000011947,0.9958505232099822,0.12935459935437993
0.9055000000000006,0.015944971205279802,0.0,0.12935951463252754,9.99551545084938e-06,0.9679584291785086,0.005000000000011956,0.9958933509571654,0.12935951463252754
0.9060000000000006,0.015947193427502025,0.0,0.12936440472452826,9.995472233927321e-06,0.9681250749679571,0.0050000000000119645,0.9959359566168066,0.12936440472452826
0.9065000000000005,0.015949415649724248,0.0,0.129369269631663,9.995428736291137e-06,0.9682917210640147,0.005000000000011973,0.9959783401876711,0.129369269631663
0.9070000000000007,0.01595163787194647,0.0,0.12937410935523105,9.995384957022944e-06,0.9684583674666486,0.005000000000011982,0.9960205016685241,0.12937410935523105
0.9075000000000006,0.01595386009416869,0.0,0.1293789238965392,9.99534089520486e-06,0.9686250141758252,0.0050000000000119905,0.9960624410581314,0.1293789238965392
0.9080000000000006,0.015956082316390913,0.0,0.1293837132569234,9.995296549918998e-06,0.9687916611915119,0.005000000000011999,0.9961041583552585,0.1293837132569234
0.9085000000000005,0.015958304538613136,0.0,0.1293884774377057,9.995251920247473e-06,0.9689583085136755,0.005000000000012008,0.9961456535586714,0.1293884774377057
0.9090000000000007,0.01596052676083536,0.0,0.1293932164402051,9.995207005272404e-06,0.9691249561422828,0.005000000000012017,0.9961869266671362,0.1293932164402051
0.9095000000000006,0.015962748983057582,0.0,0.1293979302657588,9.995161804075902e-06,0.9692916040773008,0.005000000000012026,0.996227977679419,0.1293979302657588
0.9100000000000006,0.0159649712052798,0.0,0.12940261891571167,9.995116315740083e-06,0.9694582523186963,0.005000000000012035,0.9962688065942863,0.12940261891571167
0.9105000000000005,0.015967193427502024,0.0,0.12940728239144844,9.995070539347065e-06,0.9696249008664364,0.005000000000012043,0.9963094134105047,0.12940728239144844
0.9110000000000007,0.015969415649724247,0.0,0.1294119206942862,9.995024473978962e-06,0.9697915497204881,0.005000000000012052,0.996349798126841,0.1294119206942862
0.9115000000000006,0.01597163787194647,0.0,0.12941653382563548,9.994978118717888e-06,0.969958198880818,0.005000000000012061,0.9963899607420621,0.12941653382563548
0.9120000000000006,0.015973860094168693,0.0,0.1294211217868501,9.994931472645961e-06,0.9701248483473933,0.00500000000001207,0.996429901254935,0.1294211217868501
0.9125000000000005,0.015976082316390913,0.0,0.12942568457929146,9.994884534845293e-06,0.9702914981201809,0.005000000000012079,0.9964696196642271,0.12942568457929146
0.9130000000000007,0.015978304538613135,0.0,0.12943022220440353,9.994837304398002e-06,0.9704581481991477,0.005000000000012088,0.996509115968706,0.12943022220440353
0.9135000000000006,0.01598052676083536,0.0,0.1294347346635629,9.994789780386204e-06,0.9706247985842604,0.005000000000012096,0.9965483901671389,0.1294347346635629
0.9140000000000006,0.01598274898305758,0.0,0.12943922195817506,9.99474196189201e-06,0.9707914492754863,0.005000000000012105,0.9965874422582941,0.12943922195817506
0.9145000000000005,0.0159849712052798,0.0,0.12944368408963175,9.994693847997542e-06,0.9709581002727921,0.0050000000000121145,0.9966262722409392,0.12944368408963175
0.9150000000000007,0.015987193427502024,0.0,0.12944812105939657,9.994645437784909e-06,0.9711247515761448,0.005000000000012123,0.9966648801138426,0.12944812105939657
0.9155000000000006,0.015989415649724247,0.0,0.12945253286888703,9.994596730336229e-06,0.9712914031855112,0.005000000000012132,0.9967032658757725,0.12945253286888703
0.9160000000000006,0.01599163787194647,0.0,0.12945691951952826,9.994547724733618e-06,0.9714580551008584,0.005000000000012141,0.9967414295254975,0.12945691951952826
0.9165000000000005,0.015993860094168692,0.0,0.12946128101278515,9.99449842005919e-06,0.9716247073221531,0.005000000000012149,0.9967793710617862,0.12946128101278515
0.9170000000000007,0.015996082316390915,0.0,0.12946561735007645,9.994448815395062e-06,0.9717913598493626,0.005000000000012159,0.9968170904834074,0.12946561735007645
0.9175000000000006,0.015998304538613138,0.0,0.12946992853290357,9.994398909823349e-06,0.9719580126824534,0.0050000000000121675,0.9968545877891303,0.12946992853290357
0.9180000000000006,0.016000526760835358,0.0,0.1294742145626897,9.994348702426164e-06,0.9721246658213927,0.005000000000012176,0.9968918629777239,0.1294742145626897
0.9185000000000005,0.01600274898305758,0.0,0.12947847544094068,9.994298192285625e-06,0.9722913192661473,0.005000000000012185,0.9969289160479576,0.12947847544094068
0.9190000000000007,0.016004971205279803,0.0,0.1294827111691484,9.994247378483847e-06,0.9724579730166842,0.005000000000012194,0.9969657469986012,0.1294827111691484
0.9195000000000007,0.016007193427502026,0.0,0.1294869217487908,9.994196260102943e-06,0.9726246270729703,0.005000000000012203,0.9970023558284242,0.1294869217487908
0.9200000000000006,0.016009415649724246,0.0,0.1294911015044799,9.994169440846968e-06,0.9727912815037993,0.005000000000012212,0.9970387425511781,0.1294911015044799
0.9205000000000005,0.01601163787194647,0.0,0.1294952500312197,9.994169440846968e-06,0.972957936314064,0.005000000000012221,0.9970749071664231,0.1294952500312197
0.9210000000000007,0.01601386009416869,0.0,0.1294993735748931,9.994169440846968e-06,0.9731245914280224,0.00500000000001223,0.9971108496563571,0.1294993735748931
0.9215000000000007,0.016016082316390914,0.0,0.12950347213067553,9.994169440846968e-06,0.9732912468457184,0.005000000000012239,0.9971465700197746,0.12950347213067553
0.9220000000000006,0.016018304538613137,0.0,0.12950754569376022,9.994169440846968e-06,0.9734579025671961,0.005000000000012248,0.9971820682554702,0.12950754569376022
0.9225000000000005,0.016020526760835357,0.0,0.12951159425927228,9.994169440846968e-06,0.9736245585924997,0.005000000000012257,0.9972173443622381,0.12951159425927228
0.9230000000000007,0.01602274898305758,0.0,0.12951561782247273,9.994169440846968e-06,0.9737912149216731,0.0050000000000122655,0.9972523983388722,0.12951561782247273
0.9235000000000007,0.016024971205279803,0.0,0.129519616378533,9.994169440846968e-06,0.9739578715547603,0.005000000000012275,0.9972872301841665,0.129519616378533
0.9240000000000006,0.016027193427502025,0.0,0.12952358992266366,9.994169440846968e-06,0.9741245284918055,0.005000000000012284,0.9973218398969145,0.12952358992266366
0.9245000000000005,0.01602941564972425,0.0,0.12952753845007184,9.994169440846968e-06,0.9742911857328526,0.005000000000012292,0.9973562274759092,0.12952753845007184
0.9250000000000007,0.01603163787194647,0.0,0.12953146195597157,9.994169440846968e-06,0.9744578432779458,0.005000000000012302,0.9973903929199441,0.12953146195597157
0.9255000000000007,0.01603386009416869,0.0,0.12953536043558395,9.994169440846968e-06,0.974624501127129,0.005000000000012311,0.9974243362278117,0.12953536043558395
0.9260000000000006,0.016036082316390914,0.0,0.12953923388419086,9.994169440846968e-06,0.9747911592804461,0.005000000000012319,0.9974580573983046,0.12953923388419086
0.9265000000000005,0.016038304538613136,0.0,0.12954308229699538,9.994169440846968e-06,0.9749578177379414,0.005000000000012329,0.9974915564302154,0.12954308229699538
0.9270000000000007,0.01604052676083536,0.0,0.12954690566922905,9.994169440846968e-06,0.975124476499659,0.0050000000000123375,0.997524833322336,0.12954690566922905
0.9275000000000007,0.016042748983057582,0.0,0.12955070399618435,9.994169440846968e-06,0.9752911355656428,0.005000000000012347,0.9975578880734582,0.12955070399618435
0.9280000000000006,0.0160449712052798,0.0,0.12955447727308544,9.994169440846968e-06,0.9754577949359368,0.005000000000012356,0.9975907206823739,0.12955447727308544
0.9285000000000005,0.016047193427502025,0.0,0.12955822549524967,9.994169440846968e-06,0.9756244546105851,0.005000000000012364,0.9976233311478743,0.12955822549524967
0.9290000000000007,0.016049415649724248,0.0,0.1295619486579155,9.994169440846968e-06,0.9757911145896317,0.005000000000012374,0.9976557194687506,0.1295619486579155
0.9295000000000007,0.01605163787194647,0.0,0.1295656467563929,9.994169440846968e-06,0.9759577748731207,0.0050000000000123826,0.9976878856437938,0.1295656467563929
0.9300000000000006,0.01605386009416869,0.0,0.12956931978592376,9.994169440846968e-06,0.9761244354610963,0.005000000000012392,0.9977198296717946,0.12956931978592376
0.9305000000000005,0.016056082316390913,0.0,0.12957296774188595,9.994169440846968e-06,0.9762910963536021,0.005000000000012401,0.9977515515515433,0.12957296774188595
0.9310000000000007,0.016058304538613136,0.0,0.12957659061951413,9.994169440846968e-06,0.9764577575506826,0.00500000000001241,0.9977830512818302,0.12957659061951413
0.9315000000000007,0.01606052676083536,0.0,0.12958018841416813,9.994169440846968e-06,0.9766244190523816,0.005000000000012419,0.9978143288614454,0.12958018841416813
0.9320000000000006,0.01606274898305758,0.0,0.12958376112112904,9.994169440846968e-06,0.9767910808587432,0.0050000000000124285,0.9978453842891785,0.12958376112112904
0.9325000000000006,0.016064971205279804,0.0,0.12958730873574945,9.994169440846968e-06,0.9769577429698115,0.005000000000012437,0.997876217563819,0.12958730873574945
0.9330000000000007,0.016067193427502027,0.0,0.12959083125334614,9.994169440846968e-06,0.9771244053856305,0.005000000000012447,0.9979068286841561,0.12959083125334614
0.9335000000000007,0.016069415649724247,0.0,0.12959432866925374,9.994169440846968e-06,0.9772910681062441,0.005000000000012455,0.997937217648979,0.12959432866925374
0.9340000000000006,0.01607163787194647,0.0,0.1295978009788462,9.994169440846968e-06,0.9774577311316966,0.005000000000012465,0.9979673844570764,0.1295978009788462
0.9345000000000006,0.016073860094168693,0.0,0.12960124817747248,9.994169440846968e-06,0.9776243944620319,0.005000000000012474,0.997997329107237,0.12960124817747248
0.9350000000000007,0.016076082316390915,0.0,0.12960467026047778,9.994169440846968e-06,0.977791058097294,0.005000000000012483,0.9980270515982489,0.12960467026047778
0.9355000000000007,0.016078304538613135,0.0,0.12960806722322527,9.994169440846968e-06,0.9779577220375271,0.005000000000012492,0.9980565519289003,0.12960806722322527
0.9360000000000006,0.016080526760835358,0.0,0.12961143906111744,9.994169440846968e-06,0.9781243862827751,0.005000000000012501,0.998085830097979,0.12961143906111744
0.9365000000000006,0.01608274898305758,0.0,0.12961478576954247,9.994169440846968e-06,0.978291050833082,0.00500000000001251,0.9981148861042727,0.12961478576954247
0.9370000000000007,0.016084971205279804,0.0,0.12961810734386345,9.994169440846968e-06,0.978457715688492,0.00500000000001252,0.9981437199465686,0.12961810734386345
0.9375000000000007,0.016087193427502026,0.0,0.1296214037794936,9.994169440846968e-06,0.9786243808490491,0.005000000000012528,0.998172331623654,0.1296214037794936
0.9380000000000006,0.016089415649724246,0.0,0.1296246750718103,9.994169440846968e-06,0.9787910463147974,0.005000000000012538,0.9982007211343157,0.1296246750718103
0.9385000000000006,0.01609163787194647,0.0,0.12962792121627326,9.994169440846968e-06,0.9789577120857808,0.005000000000012547,0.9982288884773404,0.12962792121627326
0.9390000000000007,0.01609386009416869,0.0,0.12963114220828495,9.994169440846968e-06,0.9791243781620433,0.005000000000012556,0.9982568336515145,0.12963114220828495
0.9395000000000007,0.016096082316390915,0.0,0.12963433804324426,9.994169440846968e-06,0.9792910445436293,0.005000000000012566,0.9982845566556242,0.12963433804324426
0.9400000000000006,0.016098304538613138,0.0,0.12963750871662164,9.994169440846968e-06,0.9794577112305823,0.005000000000012574,0.9983120574884554,0.12963750871662164
0.9405000000000006,0.016100526760835357,0.0,0.12964065422381954,9.994169440846968e-06,0.9796243782229468,0.005000000000012584,0.9983393361487939,0.12964065422381954
0.9410000000000007,0.01610274898305758,0.0,0.12964377456032283,9.994169440846968e-06,0.9797910455207667,0.005000000000012593,0.9983663926354251,0.12964377456032283
0.9415000000000007,0.016104971205279803,0.0,0.12964686972156977,9.994169440846968e-06,0.979957713124086,0.005000000000012602,0.9983932269471343,0.12964686972156977
0.9420000000000006,0.016107193427502026,0.0,0.12964993970302738,9.994169440846968e-06,0.9801243810329486,0.0050000000000126115,0.9984198390827064,0.12964993970302738
0.9425000000000006,0.01610941564972425,0.0,0.12965298450014823,9.994169440846968e-06,0.980291049247399,0.00500000000001262,0.9984462290409262,0.12965298450014823
0.9430000000000007,0.01611163787194647,0.0,0.1296560041084352,9.994169440846968e-06,0.9804577177674808,0.00500000000001263,0.9984723968205783,0.1296560041084352
0.9435000000000007,0.01611386009416869,0.0,0.12965899852333382,9.994169440846968e-06,0.9806243865932381,0.005000000000012639,0.9984983424204469,0.12965899852333382
0.9440000000000006,0.016116082316390914,0.0,0.1296619677403828,9.994169440846968e-06,0.9807910557247151,0.005000000000012648,0.998524065839316,0.1296619677403828
0.9445000000000006,0.016118304538613137,0.0,0.12966491175506353,9.994169440846968e-06,0.9809577251619559,0.0050000000000126575,0.9985495670759695,0.12966491175506353
0.9450000000000007,0.01612052676083536,0.0,0.12966783056286468,9.994169440846968e-06,0.9811243949050044,0.005000000000012667,0.9985748461291911,0.12966783056286468
0.9455000000000007,0.01612274898305758,0.0,0.1296707241592821,9.994169440846968e-06,0.9812910649539046,0.005000000000012676,0.9985999029977639,0.1296707241592821
0.9460000000000006,0.016124971205279802,0.0,0.129673592539894,9.994169440846968e-06,0.9814577353087006,0.005000000000012685,0.9986247376804712,0.129673592539894
0.9465000000000006,0.016127193427502025,0.0,0.12967643570018914,9.994169440846968e-06,0.9816244059694366,0.005000000000012695,0.9986493501760957,0.12967643570018914
0.9470000000000007,0.016129415649724248,0.0,0.12967925363571725,9.994169440846968e-06,0.9817910769361564,0.005000000000012704,0.9986737404834201,0.12967925363571725
0.9475000000000007,0.01613163787194647,0.0,0.12968204634200306,9.994169440846968e-06,0.9819577482089041,0.005000000000012713,0.9986979086012268,0.12968204634200306
0.9480000000000006,0.016133860094168694,0.0,0.12968481381461064,9.994169440846968e-06,0.9821244197877238,0.0050000000000127226,0.9987218545282979,0.12968481381461064
0.9485000000000006,0.016136082316390913,0.0,0.12968755604906845,9.994169440846968e-06,0.9822910916726595,0.005000000000012732,0.9987455782634154,0.12968755604906845
0.9490000000000007,0.016138304538613136,0.0,0.12969027304097655,9.994169440846968e-06,0.9824577638637554,0.005000000000012741,0.9987690798053609,0.12969027304097655
0.9495000000000007,0.01614052676083536,0.0,0.12969296478588854,9.994169440846968e-06,0.9826244363610553,0.00500000000001275,0.998792359152916,0.12969296478588854
0.9500000000000006,0.01614274898305758,0.0,0.12969563127937606,9.994169440846968e-06,0.9827911091646034,0.00500000000001276,0.9988154163048616,0.12969563127937606
0.9505000000000006,0.0161449712052798,0.0,0.12969827251701788,9.994169440846968e-06,0.9829577822744436,0.005000000000012769,0.9988382512599789,0.12969827251701788
0.9510000000000007,0.016147193427502024,0.0,0.12970088849443231,9.994169440846968e-06,0.9831244556906202,0.005000000000012778,0.9988608640170487,0.12970088849443231
0.9515000000000007,0.016149415649724247,0.0,0.12970347920720196,9.994169440846968e-06,0.9832911294131771,0.005000000000012788,0.9988832545748512,0.12970347920720196
0.9520000000000006,0.01615163787194647,0.0,0.12970604465093813,9.994169440846968e-06,0.9834578034421583,0.005000000000012797,0.9989054229321669,0.12970604465093813
0.9525000000000006,0.016153860094168693,0.0,0.12970858482125935,9.994169440846968e-06,0.9836244777776078,0.005000000000012807,0.9989273690877758,0.12970858482125935
0.9530000000000007,0.016156082316390916,0.0,0.12971109971377,9.994169440846968e-06,0.9837911524195698,0.005000000000012816,0.9989490930404575,0.12971109971377
0.9535000000000007,0.016158304538613135,0.0,0.12971358932409247,9.994169440846968e-06,0.9839578273680881,0.005000000000012825,0.9989705947889918,0.12971358932409247
0.9540000000000006,0.016160526760835358,0.0,0.12971605364789926,9.994169440846968e-06,0.984124502623207,0.0050000000000128345,0.9989918743321577,0.12971605364789926
0.9545000000000006,0.01616274898305758,0.0,0.12971849268079505,9.994169440846968e-06,0.9842911781849706,0.005000000000012844,0.9990129316687346,0.12971849268079505
0.9550000000000007,0.016164971205279804,0.0,0.12972090641846698,9.994169440846968e-06,0.9844578540534227,0.0050000000000128535,0.9990337667975011,0.12972090641846698
0.9555000000000007,0.016167193427502027,0.0,0.12972329485654502,9.994169440846968e-06,0.9846245302286073,0.005000000000012863,0.999054379717236,0.12972329485654502
0.9560000000000006,0.016169415649724246,0.0,0.12972565799067706,9.994169440846968e-06,0.9847912067105686,0.005000000000012873,0.9990747704267174,0.12972565799067706
0.9565000000000006,0.01617163787194647,0.0,0.12972799581658287,9.994169440846968e-06,0.9849578834993508,0.005000000000012881,0.9990949389247236,0.12972799581658287
0.9570000000000007,0.016173860094168692,0.0,0.12973030832991422,9.994169440846968e-06,0.9851245605949976,0.005000000000012891,0.9991148852100324,0.12973030832991422
0.9575000000000007,0.016176082316390915,0.0,0.12973259552635172,9.994169440846968e-06,0.9852912379975534,0.0050000000000129,0.9991346092814215,0.12973259552635172
0.9580000000000006,0.016178304538613138,0.0,0.12973485740161542,9.994169440846968e-06,0.9854579157070619,0.00500000000001291,0.9991541111376683,0.12973485740161542
0.9585000000000006,0.016180526760835357,0.0,0.1297370939513575,9.994169440846968e-06,0.9856245937235673,0.0050000000000129195,0.99917339077755,0.1297370939513575
0.9590000000000007,0.01618274898305758,0.0,0.1297393051713449,9.994169440846968e-06,0.9857912720471136,0.005000000000012929,0.9991924481998434,0.1297393051713449
0.9595000000000007,0.016184971205279803,0.0,0.12974149105726593,9.994169440846968e-06,0.9859579506777449,0.0050000000000129385,0.9992112834033254,0.12974149105726593
0.9600000000000006,0.016187193427502026,0.0,0.12974365160484838,9.994169440846968e-06,0.9861246296155053,0.005000000000012948,0.9992298963867724,0.12974365160484838
0.9605000000000006,0.016189415649724245,0.0,0.12974578680979512,9.994169440846968e-06,0.9862913088604387,0.005000000000012958,0.9992482871489604,0.12974578680979512
0.9610000000000007,0.016191637871946468,0.0,0.1297478966678809,9.994169440846968e-06,0.9864579884125892,0.005000000000012967,0.9992664556886657,0.1297478966678809
0.9615000000000007,0.01619386009416869,0.0,0.12974998117484465,9.994169440846968e-06,0.9866246682720009,0.005000000000012977,0.999284402004664,0.12974998117484465
0.9620000000000006,0.016196082316390914,0.0,0.1297520403264328,9.994169440846968e-06,0.9867913484387177,0.005000000000012985,0.9993021260957305,0.1297520403264328
0.9625000000000006,0.016198304538613137,0.0,0.12975407411839895,9.994169440846968e-06,0.9869580289127838,0.005000000000012995,0.9993196279606409,0.12975407411839895
0.9630000000000007,0.01620052676083536,0.0,0.1297560825465149,9.994169440846968e-06,0.9871247096942433,0.0050000000000130045,0.99933690759817,0.1297560825465149
0.9635000000000007,0.016202748983057583,0.0,0.1297580656065597,9.994169440846968e-06,0.98729139078314,0.005000000000013014,0.9993539650070926,0.1297580656065597
0.9640000000000006,0.016204971205279802,0.0,0.12976002329427677,9.994169440846968e-06,0.9874580721795181,0.0050000000000130235,0.9993708001861833,0.12976002329427677
0.9645000000000006,0.016207193427502025,0.0,0.12976195560552434,9.994169440846968e-06,0.9876247538834215,0.005000000000013033,0.9993874131342164,0.12976195560552434
0.9650000000000007,0.016209415649724248,0.0,0.1297638625360498,9.994169440846968e-06,0.9877914358948946,0.005000000000013043,0.9994038038499661,0.1297638625360498
0.9655000000000007,0.01621163787194647,0.0,0.12976574408167227,9.994169440846968e-06,0.987958118213981,0.005000000000013052,0.9994199723322061,0.12976574408167227
0.9660000000000006,0.01621386009416869,0.0,0.12976760023818615,9.994169440846968e-06,0.988124800840725,0.005000000000013062,0.9994359185797103,0.12976760023818615
0.9665000000000006,0.016216082316390913,0.0,0.12976943100144678,9.994169440846968e-06,0.9882914837751705,0.005000000000013071,0.9994516425912516,0.12976943100144678
0.9670000000000007,0.016218304538613136,0.0,0.12977123636724167,9.994169440846968e-06,0.9884581670173618,0.005000000000013081,0.9994671443656036,0.12977123636724167
0.9675000000000007,0.01622052676083536,0.0,0.12977301633143018,9.994169440846968e-06,0.9886248505673427,0.00500000000001309,0.9994824239015389,0.12977301633143018
0.9680000000000006,0.016222748983057582,0.0,0.12977477088983608,9.994169440846968e-06,0.9887915344251573,0.0050000000000131,0.9994974811978302,0.12977477088983608
0.9685000000000006,0.0162249712052798,0.0,0.1297765000383012,9.994169440846968e-06,0.9889582185908496,0.005000000000013109,0.9995123162532502,0.1297765000383012
0.9690000000000007,0.016227193427502024,0.0,0.1297782037726963,9.994169440846968e-06,0.9891249030644639,0.00500000000001312,0.9995269290665708,0.1297782037726963
0.9695000000000007,0.016229415649724247,0.0,0.12977988208889943,9.994169440846968e-06,0.9892915878460438,0.005000000000013129,0.999541319636564,0.12977988208889943
0.9700000000000006,0.01623163787194647,0.0,0.12978153498275308,9.994169440846968e-06,0.9894582729356337,0.005000000000013139,0.9995554879620017,0.12978153498275308
0.9705000000000006,0.016233860094168693,0.0,0.12978316245015015,9.994169440846968e-06,0.9896249583332775,0.0050000000000131484,0.9995694340416551,0.12978316245015015
0.9710000000000008,0.016236082316390916,0.0,0.12978476448694787,9.994169440846968e-06,0.9897916440390193,0.005000000000013158,0.9995831578742956,0.12978476448694787
0.9715000000000007,0.016238304538613135,0.0,0.12978634108905385,9.994169440846968e-06,0.9899583300529031,0.0050000000000131675,0.9995966594586942,0.12978634108905385
0.9720000000000006,0.016240526760835358,0.0,0.12978789225239393,9.994169440846968e-06,0.990125016374973,0.005000000000013177,0.9996099387936218,0.12978789225239393
0.9725000000000006,0.01624274898305758,0.0,0.1297894179728475,9.994169440846968e-06,0.9902917030052729,0.005000000000013187,0.9996229958778486,0.1297894179728475
0.9730000000000008,0.016244971205279804,0.0,0.1297909182463229,9.994169440846968e-06,0.9904583899438472,0.005000000000013196,0.9996358307101453,0.1297909182463229
0.9735000000000007,0.016247193427502027,0.0,0.1297923930687681,9.994169440846968e-06,0.9906250771907394,0.005000000000013206,0.9996484432892816,0.1297923930687681
0.9740000000000006,0.016249415649724246,0.0,0.12979384243607406,9.994169440846968e-06,0.990791764745994,0.005000000000013216,0.9996608336140275,0.12979384243607406
0.9745000000000006,0.01625163787194647,0.0,0.129795266344225,9.994169440846968e-06,0.9909584526096548,0.005000000000013226,0.9996730016831525,0.129795266344225
0.9750000000000008,0.016253860094168692,0.0,0.1297966647891374,9.994169440846968e-06,0.991125140781766,0.005000000000013235,0.9996849474954261,0.1297966647891374
0.9755000000000007,0.016256082316390915,0.0,0.12979803776675672,9.994169440846968e-06,0.9912918292623715,0.005000000000013245,0.9996966710496172,0.12979803776675672
0.9760000000000006,0.016258304538613134,0.0,0.1297993852730357,9.994169440846968e-06,0.9914585180515154,0.005000000000013254,0.9997081723444948,0.1297993852730357
0.9765000000000006,0.016260526760835357,0.0,0.12980070730398835,9.994169440846968e-06,0.9916252071492417,0.005000000000013264,0.9997194513788276,0.12980070730398835
0.9770000000000008,0.01626274898305758,0.0,0.12980200385553933,9.994169440846968e-06,0.9917918965555946,0.005000000000013274,0.9997305081513838,0.12980200385553933
0.9775000000000007,0.016264971205279803,0.0,0.12980327492370675,9.994169440846968e-06,0.991958586270618,0.005000000000013284,0.9997413426609316,0.12980327492370675
0.9780000000000006,0.016267193427502026,0.0,0.12980452050443012,9.994169440846968e-06,0.992125276294356,0.005000000000013293,0.999751954906239,0.12980452050443012
0.9785000000000006,0.01626941564972425,0.0,0.12980574059376393,9.994169440846968e-06,0.9922919666268525,0.005000000000013303,0.9997623448860737,0.12980574059376393
0.9790000000000008,0.016271637871946472,0.0,0.12980693518765185,9.994169440846968e-06,0.9924586572681519,0.005000000000013312,0.9997725125992032,0.12980693518765185
0.9795000000000007,0.01627386009416869,0.0,0.12980810428213102,9.994169440846968e-06,0.9926253482182978,0.005000000000013323,0.9997824580443946,0.12980810428213102
0.9800000000000006,0.016276082316390914,0.0,0.12980924787324594,9.994169440846968e-06,0.9927920394773345,0.005000000000013332,0.9997921812204148,0.12980924787324594
0.9805000000000006,0.016278304538613137,0.0,0.1298103659569949,9.994169440846968e-06,0.992958731045306,0.005000000000013342,0.9998016821260306,0.1298103659569949
0.9810000000000008,0.01628052676083536,0.0,0.12981145852941592,9.994169440846968e-06,0.9931254229222564,0.005000000000013351,0.9998109607600086,0.12981145852941592
0.9815000000000007,0.01628274898305758,0.0,0.12981252558652218,9.994169440846968e-06,0.9932921151082297,0.005000000000013362,0.999820017121115,0.12981252558652218
0.9820000000000007,0.016284971205279802,0.0,0.12981356712442027,9.994169440846968e-06,0.9934588076032698,0.005000000000013371,0.9998288512081158,0.12981356712442027
0.9825000000000006,0.016287193427502025,0.0,0.12981458313912764,9.994169440846968e-06,0.9936255004074209,0.005000000000013381,0.9998374630197768,0.12981458313912764
0.9830000000000008,0.016289415649724248,0.0,0.12981557362670132,9.994169440846968e-06,0.9937921935207271,0.005000000000013391,0.9998458525548636,0.12981557362670132
0.9835000000000007,0.01629163787194647,0.0,0.12981653858324893,9.994169440846968e-06,0.9939588869432323,0.005000000000013401,0.9998540198121414,0.12981653858324893
0.9840000000000007,0.01629386009416869,0.0,0.12981747800478874,9.994169440846968e-06,0.9941255806749806,0.00500000000001341,0.9998619647903754,0.12981747800478874
0.9845000000000006,0.016296082316390913,0.0,0.1298183918874648,9.994169440846968e-06,0.994292274716016,0.00500000000001342,0.9998696874883303,0.1298183918874648
0.9850000000000008,0.016298304538613136,0.0,0.12981928022735334,9.994169440846968e-06,0.9944589690663826,0.00500000000001343,0.9998771879047708,0.12981928022735334
0.9855000000000007,0.01630052676083536,0.0,0.12982014302053815,9.994169440846968e-06,0.9946256637261245,0.00500000000001344,0.9998844660384613,0.12982014302053815
0.9860000000000007,0.016302748983057582,0.0,0.1298209802631535,9.994169440846968e-06,0.9947923586952856,0.005000000000013449,0.9998915218881658,0.1298209802631535
0.9865000000000006,0.0163049712052798,0.0,0.12982179195126586,9.994169440846968e-06,0.99495905397391,0.00500000000001346,0.9998983554526482,0.12982179195126586
0.9870000000000008,0.016307193427502024,0.0,0.12982257808105674,9.994169440846968e-06,0.9951257495620418,0.005000000000013469,0.9999049667306723,0.12982257808105674
0.9875000000000007,0.016309415649724247,0.0,0.1298233386486184,9.994169440846968e-06,0.9952924454597251,0.00500000000001348,0.9999113557210013,0.1298233386486184
0.9880000000000007,0.01631163787194647,0.0,0.12982407365011506,9.994169440846968e-06,0.9954591416670037,0.005000000000013489,0.9999175224223986,0.12982407365011506
0.9885000000000006,0.016313860094168693,0.0,0.12982478308168627,9.994169440846968e-06,0.9956258381839217,0.005000000000013499,0.9999234668336271,0.12982478308168627
0.9890000000000008,0.016316082316390916,0.0,0.1298254669394576,9.994169440846968e-06,0.9957925350105234,0.005000000000013509,0.9999291889534493,0.1298254669394576
0.9895000000000007,0.016318304538613135,0.0,0.12982612521960507,9.994169440846968e-06,0.9959592321468527,0.005000000000013519,0.9999346887806279,0.12982612521960507
0.9900000000000007,0.01632052676083536,0.0,0.12982675791831225,9.994169440846968e-06,0.9961259295929535,0.005000000000013528,0.999939966313925,0.12982675791831225
0.9905000000000006,0.01632274898305758,0.0,0.12982736503174877,9.994169440846968e-06,0.99629262734887,0.005000000000013539,0.9999450215521026,0.12982736503174877
0.9910000000000008,0.016324971205279804,0.0,0.12982794655609176,9.994169440846968e-06,0.9964593254146462,0.005000000000013548,0.9999498544939225,0.12982794655609176
0.9915000000000007,0.016327193427502024,0.0,0.1298285024875044,9.994169440846968e-06,0.9966260237903262,0.005000000000013559,0.9999544651381462,0.1298285024875044
0.9920000000000007,0.016329415649724247,0.0,0.12982903282224337,9.994169440846968e-06,0.9967927224759539,0.005000000000013568,0.999958853483535,0.12982903282224337
0.9925000000000006,0.01633163787194647,0.0,0.12982953755647617,9.994169440846968e-06,0.9969594214715735,0.005000000000013579,0.9999630195288499,0.12982953755647617
0.9930000000000008,0.016333860094168692,0.0,0.12983001668643157,9.994169440846968e-06,0.997126120777229,0.005000000000013588,0.9999669632728517,0.12983001668643157
0.9935000000000007,0.016336082316390915,0.0,0.12983047020832442,9.994169440846968e-06,0.9972928203929643,0.005000000000013599,0.999970684714301,0.12983047020832442
0.9940000000000007,0.016338304538613138,0.0,0.12983089811836637,9.994169440846968e-06,0.9974595203188237,0.005000000000013608,0.9999741838519581,0.12983089811836637
0.9945000000000006,0.016340526760835358,0.0,0.12983130041280885,9.994169440846968e-06,0.997626220554851,0.0050000000000136186,0.9999774606845832,0.12983130041280885
0.9950000000000008,0.01634274898305758,0.0,0.1298316770879001,9.994169440846968e-06,0.9977929211010904,0.005000000000013628,0.999980515210936,0.1298316770879001
0.9955000000000007,0.016344971205279803,0.0,0.1298320281398852,9.994169440846968e-06,0.9979596219575859,0.005000000000013638,0.9999833474297761,0.1298320281398852
0.9960000000000007,0.016347193427502026,0.0,0.12983235356503825,9.994169440846968e-06,0.9981263231243814,0.005000000000013648,0.9999859573398631,0.12983235356503825
0.9965000000000006,0.016349415649724246,0.0,0.12983265335957644,9.994169440846968e-06,0.9982930246015213,0.0050000000000136584,0.9999883449399559,0.12983265335957644
0.9970000000000008,0.01635163787194647,0.0,0.12983292751983208,9.994169440846968e-06,0.9984597263890493,0.005000000000013668,0.9999905102288137,0.12983292751983208
0.9975000000000007,0.01635386009416869,0.0,0.1298331760420697,9.994169440846968e-06,0.9986264284870096,0.005000000000013678,0.9999924532051948,0.1298331760420697
0.9980000000000007,0.016356082316390914,0.0,0.12983339892256154,9.994169440846968e-06,0.9987931308954462,0.005000000000013688,0.9999941738678579,0.12983339892256154
0.9985000000000006,0.016358304538613137,0.0,0.1298335961576088,9.994169440846968e-06,0.9989598336144031,0.005000000000013698,0.9999956722155611,0.1298335961576088
0.9990000000000008,0.01636052676083536,0.0,0.12983376774353111,9.994169440846968e-06,0.9991265366439245,0.005000000000013708,0.9999969482470624,0.12983376774353111
0.9995000000000007,0.01636274898305758,0.0,0.12983391367660185,9.994169440846968e-06,0.9992932399840543,0.005000000000013718,0.9999980019611194,0.12983391367660185
1.0000000000000007,0.016364971205279803,0.0,0.1298340339531881,9.994169440846968e-06,0.9994599436348365,0.005000000000013728,0.9999988333564898,0.1298340339531881
1.0005000000000006,0.016367193427502025,0.0,0.12983412856959997,9.994169440846968e-06,0.9996266475963153,0.005000000000013738,0.9999994424319306,0.12983412856959997
1.0010000000000008,0.01636941564972425,0.0,0.12983419752216593,9.994169440846968e-06,0.9997933518685347,0.005000000000013749,0.999999829186199,0.12983419752216593
1.0015000000000007,0.01637163787194647,0.0,0.1298342408072328,9.994169440846968e-06,0.9999600564515386,0.005000000000013758,0.9999999936180517,0.1298342408072328
1.0020000000000007,0.01637386009416869,0.0,0.12983425842112278,9.994169440846968e-06,1.0001267613453713,0.005000000000013769,0.9999999357262452,0.12983425842112278
1.0025000000000006,0.016376082316390914,0.0,0.1298342503602409,9.994169440846968e-06,1.0002934665500764,0.005000000000013778,0.999999655509536,0.1298342503602409
1.0030000000000008,0.016378304538613137,0.0,0.12983421662093536,9.994169440846968e-06,1.0004601720656985,0.0050000000000137886,0.9999991529666798,0.12983421662093536
1.0035000000000007,0.01638052676083536,0.0,0.12983415719956193,9.994169440846968e-06,1.0006268778922813,0.005000000000013799,0.9999984280964327,0.12983415719956193
1.0040000000000007,0.016382748983057582,0.0,0.12983407209251624,9.994169440846968e-06,1.000793584029869,0.0050000000000138085,0.9999974808975501,0.12983407209251624
1.0045000000000006,0.016384971205279802,0.0,0.12983396129615862,9.994169440846968e-06,1.0009602904785055,0.005000000000013819,0.9999963113687875,0.12983396129615862
1.0050000000000008,0.016387193427502025,0.0,0.12983382480692143,9.994169440846968e-06,1.001126997238235,0.005000000000013829,0.9999949195089001,0.12983382480692143
1.0055000000000007,0.016389415649724248,0.0,0.129833662621191,9.994169440846968e-06,1.0012937043091015,0.005000000000013839,0.9999933053166424,0.129833662621191
1.0060000000000007,0.01639163787194647,0.0,0.1298334747354043,9.994169440846968e-06,1.0014604116911487,0.005000000000013849,0.9999914687907694,0.1298334747354043
1.0065000000000006,0.01639386009416869,0.0,0.1298332611459091,9.994169440846968e-06,1.0016271193844213,0.00500000000001386,0.9999894099300354,0.1298332611459091
1.0070000000000008,0.016396082316390913,0.0,0.12983302184920062,9.994169440846968e-06,1.0017938273889628,0.005000000000013869,0.9999871287331944,0.12983302184920062
1.0075000000000007,0.016398304538613136,0.0,0.12983275684169576,9.994169440846968e-06,1.0019605357048176,0.00500000000001388,0.9999846251990006,0.12983275684169576
1.0080000000000007,0.01640052676083536,0.0,0.1298324661198405,9.994169440846968e-06,1.0021272443320293,0.00500000000001389,0.9999818993262074,0.1298324661198405
1.0085000000000006,0.01640274898305758,0.0,0.12983214968006707,9.994169440846968e-06,1.0022939532706423,0.0050000000000139,0.9999789511135685,0.12983214968006707
1.0090000000000008,0.016404971205279804,0.0,0.129831807518826,9.994169440846968e-06,1.0024606625207007,0.00500000000001391,0.9999757805598368,0.129831807518826
1.0095000000000007,0.016407193427502027,0.0,0.12983143963259705,9.994169440846968e-06,1.0026273720822483,0.00500000000001392,0.9999723876637657,0.12983143963259705
1.0100000000000007,0.016409415649724247,0.0,0.1298310460178354,9.994169440846968e-06,1.0027940819553292,0.005000000000013931,0.9999687724241076,0.1298310460178354
1.0105000000000006,0.01641163787194647,0.0,0.12983062667103612,9.994169440846968e-06,1.0029607921399877,0.00500000000001394,0.9999649348396151,0.12983062667103612
1.0110000000000008,0.016413860094168693,0.0,0.1298301815887019,9.994169440846968e-06,1.0031275026362674,0.005000000000013951,0.9999608749090405,0.1298301815887019
1.0115000000000007,0.016416082316390915,0.0,0.1298297107673003,9.994169440846968e-06,1.0032942134442127,0.005000000000013961,0.9999565926311359,0.1298297107673003
1.0120000000000007,0.016418304538613135,0.0,0.12982921420331708,9.994169440846968e-06,1.0034609245638675,0.005000000000013972,0.9999520880046529,0.12982921420331708
1.0125000000000006,0.016420526760835358,0.0,0.12982869189332105,9.994169440846968e-06,1.0036276359952758,0.005000000000013982,0.9999473610283431,0.12982869189332105
1.0130000000000008,0.01642274898305758,0.0,0.12982814383380273,9.994169440846968e-06,1.0037943477384816,0.0050000000000139915,0.9999424117009579,0.12982814383380273
1.0135000000000007,0.016424971205279804,0.0,0.12982757002126027,9.994169440846968e-06,1.0039610597935293,0.005000000000014002,0.9999372400212483,0.12982757002126027
1.0140000000000007,0.016427193427502026,0.0,0.12982697045228553,9.994169440846968e-06,1.0041277721604625,0.005000000000014012,0.9999318459879653,0.12982697045228553
1.0145000000000006,0.016429415649724246,0.0,0.12982634512332758,9.994169440846968e-06,1.0042944848393256,0.005000000000014023,0.9999262295998592,0.12982634512332758
1.0150000000000008,0.01643163787194647,0.0,0.12982569403102595,9.994169440846968e-06,1.0044611978301623,0.005000000000014033,0.9999203908556806,0.12982569403102595
1.0155000000000007,0.01643386009416869,0.0,0.12982501717189884,9.994169440846968e-06,1.004627911133017,0.005000000000014043,0.9999143297541796,0.12982501717189884
1.0160000000000007,0.016436082316390915,0.0,0.129824314542526,9.994169440846968e-06,1.0047946247479334,0.005000000000014053,0.999908046294106,0.129824314542526
1.0165000000000006,0.016438304538613138,0.0,0.12982358613944098,9.994169440846968e-06,1.0049613386749559,0.0050000000000140635,0.9999015404742095,0.12982358613944098
1.0170000000000008,0.01644052676083536,0.0,0.12982283195926045,9.994169440846968e-06,1.0051280529141282,0.005000000000014074,0.9998948122932396,0.12982283195926045
1.0175000000000007,0.01644274898305758,0.0,0.12982205199854424,9.994169440846968e-06,1.0052947674654946,0.005000000000014084,0.9998878617499454,0.12982205199854424
1.0180000000000007,0.016444971205279803,0.0,0.12982124625393515,9.994169440846968e-06,1.0054614823290988,0.005000000000014095,0.9998806888430758,0.12982124625393515
1.0185000000000006,0.016447193427502026,0.0,0.1298204147219977,9.994169440846968e-06,1.0056281975049852,0.005000000000014105,0.9998732935713796,0.1298204147219977
1.0190000000000008,0.01644941564972425,0.0,0.12981955739932569,9.994169440846968e-06,1.005794912993198,0.0050000000000141155,0.9998656759336051,0.12981955739932569
1.0195000000000007,0.01645163787194647,0.0,0.12981867428258506,9.994169440846968e-06,1.0059616287937807,0.005000000000014125,0.9998578359285006,0.12981867428258506
1.0200000000000007,0.01645386009416869,0.0,0.12981776536836362,9.994169440846968e-06,1.0061283449067775,0.0050000000000141355,0.9998497735548143,0.12981776536836362
1.0205000000000006,0.016456082316390914,0.0,0.12981683065331054,9.994169440846968e-06,1.0062950613322328,0.005000000000014146,0.9998414888112938,0.12981683065331054
1.0210000000000008,0.016458304538613137,0.0,0.12981587013406135,9.994169440846968e-06,1.0064617780701903,0.005000000000014156,0.9998329816966864,0.12981587013406135
1.0215000000000007,0.01646052676083536,0.0,0.12981488380729145,9.994169440846968e-06,1.006628495120694,0.005000000000014167,0.9998242522097397,0.12981488380729145
1.0220000000000007,0.01646274898305758,0.0,0.12981387166958738,9.994169440846968e-06,1.0067952124837884,0.005000000000014177,0.9998153003492006,0.12981387166958738
1.0225000000000006,0.016464971205279802,0.0,0.12981283371771535,9.994169440846968e-06,1.006961930159517,0.0050000000000141875,0.999806126113816,0.12981283371771535
1.0230000000000008,0.016467193427502025,0.0,0.1298117699482666,9.994169440846968e-06,1.0071286481479242,0.005000000000014198,0.9997967295023323,0.1298117699482666
1.0235000000000007,0.016469415649724248,0.0,0.1298106803579691,9.994169440846968e-06,1.0072953664490538,0.005000000000014208,0.9997871105134961,0.1298106803579691
1.0240000000000007,0.01647163787194647,0.0,0.1298095649434942,9.994169440846968e-06,1.0074620850629499,0.005000000000014219,0.9997772691460532,0.1298095649434942
1.0245000000000006,0.016473860094168694,0.0,0.12980842370151016,9.994169440846968e-06,1.0076288039896568,0.005000000000014229,0.9997672053987496,0.12980842370151016
1.0250000000000008,0.016476082316390916,0.0,0.12980725662876824,9.994169440846968e-06,1.0077955232292182,0.00500000000001424,0.9997569192703308,0.12980725662876824
1.0255000000000007,0.016478304538613136,0.0,0.12980606372193088,9.994169440846968e-06,1.0079622427816783,0.00500000000001425,0.9997464107595424,0.12980606372193088
1.0260000000000007,0.01648052676083536,0.0,0.12980484497776487,9.994169440846968e-06,1.008128962647081,0.00500000000001426,0.9997356798651295,0.12980484497776487
1.0265000000000006,0.01648274898305758,0.0,0.1298036003929697,9.994169440846968e-06,1.0082956828254708,0.005000000000014271,0.9997247265858368,0.1298036003929697
1.0270000000000008,0.016484971205279805,0.0,0.12980232996428476,9.994169440846968e-06,1.0084624033168912,0.005000000000014281,0.999713550920409,0.12980232996428476
1.0275000000000007,0.016487193427502024,0.0,0.12980103368843585,9.994169440846968e-06,1.0086291241213865,0.005000000000014292,0.9997021528675908,0.12980103368843585
1.0280000000000007,0.016489415649724247,0.0,0.12979971156221018,9.994169440846968e-06,1.0087958452390007,0.005000000000014302,0.9996905324261262,0.12979971156221018
1.0285000000000006,0.01649163787194647,0.0,0.1297983635823599,9.994169440846968e-06,1.0089625666697777,0.0050000000000143124,0.9996786895947591,0.1297983635823599
1.0290000000000008,0.016493860094168693,0.0,0.12979698974561263,9.994169440846968e-06,1.009129288413762,0.005000000000014323,0.9996666243722334,0.12979698974561263
1.0295000000000007,0.016496082316390916,0.0,0.1297955900487791,9.994169440846968e-06,1.0092960104709972,0.005000000000014334,0.9996543367572924,0.1297955900487791
1.0300000000000007,0.016498304538613135,0.0,0.12979416448860254,9.994169440846968e-06,1.0094627328415273,0.0050000000000143445,0.9996418267486795,0.12979416448860254
1.0305000000000006,0.016500526760835358,0.0,0.12979271306193074,9.994169440846968e-06,1.0096294555253966,0.005000000000014355,0.9996290943451376,0.12979271306193074
1.0310000000000008,0.01650274898305758,0.0,0.1297912357655119,9.994169440846968e-06,1.0097961785226492,0.005000000000014365,0.9996161395454095,0.1297912357655119
1.0315000000000007,0.016504971205279804,0.0,0.1297897325961772,9.994169440846968e-06,1.009962901833329,0.005000000000014376,0.9996029623482378,0.1297897325961772
1.0320000000000007,0.016507193427502027,0.0,0.12978820355073345,9.994169440846968e-06,1.0101296254574799,0.005000000000014386,0.9995895627523647,0.12978820355073345
1.0325000000000006,0.016509415649724246,0.0,0.12978664862598452,9.994169440846968e-06,1.010296349395146,0.005000000000014397,0.9995759407565323,0.12978664862598452
1.0330000000000008,0.01651163787194647,0.0,0.1297850678187636,9.994169440846968e-06,1.0104630736463718,0.005000000000014407,0.9995620963594825,0.1297850678187636
1.0335000000000008,0.016513860094168692,0.0,0.12978346112593317,9.994169440846968e-06,1.0106297982112007,0.005000000000014418,0.9995480295599566,0.12978346112593317
1.0340000000000007,0.016516082316390915,0.0,0.12978182854430992,9.994169440846968e-06,1.0107965230896772,0.005000000000014429,0.9995337403566963,0.12978182854430992
1.0345000000000006,0.016518304538613138,0.0,0.12978017007077206,9.994169440846968e-06,1.010963248281845,0.005000000000014439,0.9995192287484425,0.12978017007077206
1.0350000000000008,0.01652052676083536,0.0,0.12977848570214112,9.994169440846968e-06,1.0111299737877484,0.0050000000000144495,0.9995044947339361,0.12977848570214112
1.0355000000000008,0.01652274898305758,0.0,0.12977677543528957,9.994169440846968e-06,1.0112966996074313,0.00500000000001446,0.9994895383119179,0.12977677543528957
1.0360000000000007,0.016524971205279803,0.0,0.12977503926715134,9.994169440846968e-06,1.0114634257409376,0.00500000000001447,0.9994743594811281,0.12977503926715134
1.0365000000000006,0.016527193427502026,0.0,0.12977327719455015,9.994169440846968e-06,1.0116301521883118,0.005000000000014482,0.9994589582403068,0.12977327719455015
1.0370000000000008,0.01652941564972425,0.0,0.1297714892143927,9.994169440846968e-06,1.0117968789495977,0.005000000000014492,0.9994433345881941,0.1297714892143927
1.0375000000000008,0.016531637871946468,0.0,0.12976967532357206,9.994169440846968e-06,1.0119636060248391,0.005000000000014502,0.9994274885235297,0.12976967532357206
1.0380000000000007,0.01653386009416869,0.0,0.129767835519,9.994169440846968e-06,1.0121303334140805,0.005000000000014513,0.999411420045053,0.129767835519
1.0385000000000006,0.016536082316390914,0.0,0.1297659697976176,9.994169440846968e-06,1.0122970611173656,0.005000000000014524,0.9993951291515031,0.1297659697976176
1.0390000000000008,0.016538304538613137,0.0,0.12976407815632005,9.994169440846968e-06,1.0124637891347386,0.0050000000000145345,0.9993786158416191,0.12976407815632005
1.0395000000000008,0.01654052676083536,0.0,0.12976216059203197,9.994169440846968e-06,1.0126305174662436,0.005000000000014545,0.9993618801141396,0.12976216059203197
1.0400000000000007,0.016542748983057583,0.0,0.12976021710172883,9.994169440846968e-06,1.0127972461119241,0.005000000000014555,0.9993449219678033,0.12976021710172883
1.0405000000000006,0.016544971205279802,0.0,0.12975824768226504,9.994169440846968e-06,1.0129639750718251,0.005000000000014567,0.9993277414013484,0.12975824768226504
1.0410000000000008,0.016547193427502025,0.0,0.1297562523307178,9.994169440846968e-06,1.0131307043459898,0.005000000000014577,0.9993103384135128,0.1297562523307178
1.0415000000000008,0.016549415649724248,0.0,0.1297542310439788,9.994169440846968e-06,1.0132974339344627,0.005000000000014587,0.9992927130030343,0.1297542310439788
1.0420000000000007,0.01655163787194647,0.0,0.12975218381903356,9.994169440846968e-06,1.0134641638372877,0.005000000000014599,0.9992748651686507,0.12975218381903356
1.0425000000000006,0.01655386009416869,0.0,0.12975011065282183,9.994169440846968e-06,1.013630894054509,0.005000000000014609,0.999256794909099,0.12975011065282183
1.0430000000000008,0.016556082316390913,0.0,0.1297480115424094,9.994169440846968e-06,1.0137976245861702,0.0050000000000146195,0.9992385022231165,0.1297480115424094
1.0435000000000008,0.016558304538613136,0.0,0.12974588648471957,9.994169440846968e-06,1.013964355432316,0.005000000000014631,0.9992199871094398,0.12974588648471957
1.0440000000000007,0.01656052676083536,0.0,0.12974373547679102,9.994169440846968e-06,1.0141310865929898,0.005000000000014641,0.9992012495668057,0.12974373547679102
1.0445000000000007,0.016562748983057582,0.0,0.1297415585156488,9.994169440846968e-06,1.0142978180682358,0.005000000000014652,0.9991822895939505,0.1297415585156488
1.0450000000000008,0.016564971205279805,0.0,0.12973935559825078,9.994169440846968e-06,1.0144645498580984,0.005000000000014663,0.9991631071896103,0.12973935559825078
1.0455000000000008,0.016567193427502024,0.0,0.1297371267216378,9.994169440846968e-06,1.0146312819626215,0.005000000000014673,0.999143702352521,0.1297371267216378
1.0460000000000007,0.016569415649724247,0.0,0.12973487188289098,9.994169440846968e-06,1.014798014381849,0.005000000000014684,0.9991240750814183,0.12973487188289098
1.0465000000000007,0.01657163787194647,0.0,0.12973259107902413,9.994169440846968e-06,1.0149647471158247,0.005000000000014695,0.9991042253750376,0.12973259107902413
1.0470000000000008,0.016573860094168693,0.0,0.12973028430706973,9.994169440846968e-06,1.0151314801645934,0.005000000000014705,0.9990841532321141,0.12973028430706973
1.0475000000000008,0.016576082316390916,0.0,0.12972795156410044,9.994169440846968e-06,1.0152982135281985,0.005000000000014717,0.9990638586513826,0.12972795156410044
1.0480000000000007,0.016578304538613135,0.0,0.12972559284717536,9.994169440846968e-06,1.0154649472066841,0.005000000000014727,0.9990433416315779,0.12972559284717536
1.0485000000000007,0.016580526760835358,0.0,0.12972320815338304,9.994169440846968e-06,1.0156316812000945,0.0050000000000147374,0.9990226021714345,0.12972320815338304
1.0490000000000008,0.01658274898305758,0.0,0.12972079747978774,9.994169440846968e-06,1.0157984155084736,0.005000000000014749,0.9990016402696865,0.12972079747978774
1.0495000000000008,0.016584971205279804,0.0,0.1297183608235046,9.994169440846968e-06,1.0159651501318654,0.005000000000014759,0.998980455925068,0.1297183608235046
1.0500000000000007,0.016587193427502027,0.0,0.12971589818159238,9.994169440846968e-06,1.016131885070314,0.00500000000001477,0.9989590491363127,0.12971589818159238
1.0505000000000007,0.016589415649724246,0.0,0.12971340955113916,9.994169440846968e-06,1.0162986203238638,0.005000000000014781,0.9989374199021541,0.12971340955113916
1.0510000000000008,0.01659163787194647,0.0,0.12971089492933774,9.994169440846968e-06,1.016465355892558,0.005000000000014792,0.9989155682213257,0.12971089492933774
1.0515000000000008,0.016593860094168692,0.0,0.1297083543132384,9.994169440846968e-06,1.0166320917764415,0.0050000000000148025,0.9988934940925601,0.1297083543132384
1.0520000000000007,0.016596082316390915,0.0,0.1297057877000177,9.994169440846968e-06,1.0167988279755578,0.005000000000014814,0.9988711975145905,0.1297057877000177
1.0525000000000007,0.016598304538613134,0.0,0.12970319508675265,9.994169440846968e-06,1.0169655644899511,0.005000000000014824,0.9988486784861492,0.12970319508675265
1.0530000000000008,0.016600526760835357,0.0,0.1297005764706464,9.994169440846968e-06,1.0171323013196656,0.0050000000000148355,0.9988259370059688,0.1297005764706464
1.0535000000000008,0.01660274898305758,0.0,0.12969793184885642,9.994169440846968e-06,1.017299038464745,0.005000000000014846,0.9988029730727811,0.12969793184885642
1.0540000000000007,0.016604971205279803,0.0,0.1296952612184837,9.994169440846968e-06,1.0174657759252337,0.005000000000014857,0.9987797866853181,0.1296952612184837
1.0545000000000007,0.016607193427502026,0.0,0.1296925645767446,9.994169440846968e-06,1.0176325137011755,0.0050000000000148676,0.9987563778423114,0.1296925645767446
1.0550000000000008,0.01660941564972425,0.0,0.1296898419207883,9.994169440846968e-06,1.0177992517926147,0.005000000000014879,0.9987327465424924,0.1296898419207883
1.0555000000000008,0.016611637871946472,0.0,0.12968709324782576,9.994169440846968e-06,1.017965990199595,0.005000000000014889,0.9987088927845922,0.12968709324782576
1.0560000000000007,0.01661386009416869,0.0,0.12968431855501134,9.994169440846968e-06,1.0181327289221607,0.0050000000000149005,0.9986848165673418,0.12968431855501134
1.0565000000000007,0.016616082316390914,0.0,0.1296815178396042,9.994169440846968e-06,1.0182994679603556,0.005000000000014912,0.9986605178894716,0.1296815178396042
1.0570000000000008,0.016618304538613137,0.0,0.129678691098764,9.994169440846968e-06,1.018466207314224,0.005000000000014922,0.9986359967497124,0.129678691098764
1.0575000000000008,0.01662052676083536,0.0,0.12967583832972301,9.994169440846968e-06,1.01863294698381,0.0050000000000149335,0.9986112531467941,0.12967583832972301
1.0580000000000007,0.01662274898305758,0.0,0.12967295952969984,9.994169440846968e-06,1.0187996869691573,0.005000000000014944,0.9985862870794467,0.12967295952969984
1.0585000000000007,0.016624971205279802,0.0,0.12967005469594275,9.994169440846968e-06,1.0189664272703103,0.005000000000014955,0.9985610985464001,0.12967005469594275
1.0590000000000008,0.016627193427502025,0.0,0.12966712382566495,9.994169440846968e-06,1.019133167887313,0.005000000000014966,0.9985356875463836,0.12966712382566495
1.0595000000000008,0.016629415649724248,0.0,0.1296641669161522,9.994169440846968e-06,1.019299908820209,0.005000000000014977,0.9985100540781264,0.1296641669161522
1.0600000000000007,0.01663163787194647,0.0,0.12966118396464454,9.994169440846968e-06,1.0194666500690428,0.005000000000014988,0.9984841981403577,0.12966118396464454
1.0605000000000007,0.01663386009416869,0.0,0.1296581749683686,9.994169440846968e-06,1.0196333916338585,0.0050000000000149985,0.9984581197318061,0.1296581749683686
1.0610000000000008,0.016636082316390913,0.0,0.1296551399246557,9.994169440846968e-06,1.0198001335146998,0.00500000000001501,0.9984318188512002,0.1296551399246557
1.0615000000000008,0.016638304538613136,0.0,0.12965207883078064,9.994169440846968e-06,1.0199668757116107,0.005000000000015021,0.9984052954972683,0.12965207883078064
1.0620000000000007,0.01664052676083536,0.0,0.129648991684005,9.994169440846968e-06,1.0201336182246357,0.0050000000000150315,0.9983785496687385,0.129648991684005
1.0625000000000007,0.016642748983057582,0.0,0.12964587848164122,9.994169440846968e-06,1.0203003610538184,0.005000000000015043,0.9983515813643384,0.12964587848164122
1.0630000000000008,0.016644971205279805,0.0,0.12964273922096686,9.994169440846968e-06,1.0204671041992033,0.005000000000015054,0.9983243905827959,0.12964273922096686
1.0635000000000008,0.016647193427502024,0.0,0.12963957389932124,9.994169440846968e-06,1.0206338476608339,0.005000000000015065,0.998296977322838,0.12963957389932124
1.0640000000000007,0.016649415649724247,0.0,0.12963638251403029,9.994169440846968e-06,1.0208005914387546,0.005000000000015076,0.998269341583192,0.12963638251403029
1.0645000000000007,0.01665163787194647,0.0,0.12963316506241715,9.994169440846968e-06,1.0209673355330093,0.005000000000015087,0.9982414833625848,0.12963316506241715
1.0650000000000008,0.016653860094168693,0.0,0.1296299215418132,9.994169440846968e-06,1.0211340799436424,0.005000000000015098,0.9982134026597429,0.1296299215418132
1.0655000000000008,0.016656082316390916,0.0,0.12962665194956846,9.994169440846968e-06,1.0213008246706974,0.005000000000015109,0.9981850994733928,0.12962665194956846
1.0660000000000007,0.016658304538613136,0.0,0.12962335628300892,9.994169440846968e-06,1.0214675697142186,0.00500000000001512,0.9981565738022606,0.12962335628300892
1.0665000000000007,0.01666052676083536,0.0,0.1296200345395545,9.994169440846968e-06,1.02163431507425,0.005000000000015131,0.9981278256450723,0.1296200345395545
1.0670000000000008,0.01666274898305758,0.0,0.12961668671654733,9.994169440846968e-06,1.0218010607508357,0.0050000000000151425,0.9980988550005535,0.12961668671654733
1.0675000000000008,0.016664971205279804,0.0,0.12961331281134833,9.994169440846968e-06,1.0219678067440197,0.005000000000015154,0.9980696618674296,0.12961331281134833
1.0680000000000007,0.016667193427502024,0.0,0.12960991282132647,9.994169440846968e-06,1.0221345530538462,0.005000000000015164,0.9980402462444259,0.12960991282132647
1.0685000000000007,0.016669415649724247,0.0,0.1296064867439341,9.994169440846968e-06,1.0223012996803589,0.0050000000000151755,0.9980106081302673,0.1296064867439341
1.0690000000000008,0.01667163787194647,0.0,0.12960303457653494,9.994169440846968e-06,1.0224680466236022,0.005000000000015187,0.9979807475236785,0.12960303457653494
1.0695000000000008,0.016673860094168692,0.0,0.12959955631656517,9.994169440846968e-06,1.0226347938836198,0.005000000000015198,0.9979506644233842,0.12959955631656517
1.0700000000000007,0.016676082316390915,0.0,0.12959605196141552,9.994169440846968e-06,1.022801541460456,0.005000000000015209,0.9979203588281084,0.12959605196141552
1.0705000000000007,0.016678304538613138,0.0,0.129592521508517,9.994169440846968e-06,1.022968289354155,0.00500000000001522,0.9978898307365752,0.129592521508517
1.0710000000000008,0.01668052676083536,0.0,0.1295889649552979,9.994169440846968e-06,1.0231350375647605,0.005000000000015231,0.9978590801475085,0.1295889649552979
1.0715000000000008,0.01668274898305758,0.0,0.12958538229920544,9.994169440846968e-06,1.0233017860923166,0.005000000000015242,0.9978281070596317,0.12958538229920544
1.0720000000000007,0.016684971205279803,0.0,0.1295817735377272,9.994169440846968e-06,1.0234685349368673,0.0050000000000152535,0.9977969114716682,0.1295817735377272
1.0725000000000007,0.016687193427502026,0.0,0.12957813866827292,9.994169440846968e-06,1.0236352840984568,0.005000000000015265,0.9977654933823409,0.12957813866827292
1.0730000000000008,0.01668941564972425,0.0,0.12957447768831415,9.994169440846968e-06,1.0238020335771294,0.005000000000015276,0.9977338527903729,0.12957447768831415
1.0735000000000008,0.01669163787194647,0.0,0.12957079059534132,9.994169440846968e-06,1.0239687833729285,0.005000000000015287,0.9977019896944865,0.12957079059534132
1.0740000000000007,0.01669386009416869,0.0,0.12956707738685305,9.994169440846968e-06,1.0241355334858986,0.005000000000015298,0.9976699040934043,0.12956707738685305
1.0745000000000007,0.016696082316390914,0.0,0.12956333806031303,9.994169440846968e-06,1.0243022839160836,0.005000000000015309,0.9976375959858482,0.12956333806031303
1.0750000000000008,0.016698304538613137,0.0,0.1295595726132254,9.994169440846968e-06,1.0244690346635277,0.00500000000001532,0.9976050653705403,0.1295595726132254
1.0755000000000008,0.01670052676083536,0.0,0.12955578104311313,9.994169440846968e-06,1.0246357857282746,0.005000000000015332,0.9975723122462021,0.12955578104311313
1.0760000000000007,0.01670274898305758,0.0,0.12955196334746438,9.994169440846968e-06,1.0248025371103686,0.005000000000015343,0.9975393366115551,0.12955196334746438
1.0765000000000007,0.016704971205279803,0.0,0.12954811952383993,9.994169440846968e-06,1.0249692888098536,0.005000000000015354,0.9975061384653204,0.12954811952383993
1.0770000000000008,0.016707193427502025,0.0,0.1295442495697335,9.994169440846968e-06,1.025136040826774,0.005000000000015365,0.997472717806219,0.1295442495697335
1.0775000000000008,0.01670941564972425,0.0,0.1295403534827222,9.994169440846968e-06,1.0253027931611733,0.005000000000015377,0.9974390746329715,0.1295403534827222
1.0780000000000007,0.01671163787194647,0.0,0.12953643126032677,9.994169440846968e-06,1.025469545813096,0.005000000000015388,0.9974052089442984,0.12953643126032677
1.0785000000000007,0.01671386009416869,0.0,0.12953248290008695,9.994169440846968e-06,1.025636298782586,0.005000000000015399,0.9973711207389199,0.12953248290008695
1.0790000000000008,0.016716082316390914,0.0,0.12952850839961502,9.994169440846968e-06,1.0258030520696872,0.0050000000000154105,0.9973368100155561,0.12952850839961502
1.0795000000000008,0.016718304538613137,0.0,0.129524507756467,9.994169440846968e-06,1.0259698056744437,0.005000000000015422,0.9973022767729265,0.129524507756467
1.0800000000000007,0.01672052676083536,0.0,0.12952048096819643,9.994169440846968e-06,1.0261365595968999,0.005000000000015433,0.9972675210097508,0.12952048096819643
1.0805000000000007,0.016722748983057582,0.0,0.12951642803244007,9.994169440846968e-06,1.0263033138370992,0.005000000000015444,0.9972325427247483,0.12951642803244007
1.0810000000000008,0.016724971205279805,0.0,0.12951234894674632,9.994169440846968e-06,1.0264700683950863,0.005000000000015456,0.9971973419166378,0.12951234894674632
1.0815000000000008,0.016727193427502025,0.0,0.12950824370873615,9.994169440846968e-06,1.0266368232709047,0.005000000000015467,0.9971619185841384,0.12950824370873615
1.0820000000000007,0.016729415649724248,0.0,0.12950411231604944,9.994169440846968e-06,1.0268035784645986,0.005000000000015478,0.9971262727259684,0.12950411231604944
1.0825000000000007,0.01673163787194647,0.0,0.12949995476629136,9.994169440846968e-06,1.0269703339762122,0.0050000000000154895,0.9970904043408463,0.12949995476629136
1.0830000000000009,0.016733860094168693,0.0,0.12949577105706453,9.994169440846968e-06,1.0271370898057897,0.005000000000015501,0.9970543134274901,0.12949577105706453
1.0835000000000008,0.016736082316390913,0.0,0.12949156118604419,9.994169440846968e-06,1.0273038459533745,0.005000000000015512,0.9970179999846176,0.12949156118604419
1.0840000000000007,0.016738304538613136,0.0,0.1294873251508708,9.994169440846968e-06,1.0274706024190112,0.005000000000015524,0.9969814640109464,0.1294873251508708
1.0845000000000007,0.01674052676083536,0.0,0.1294830629492038,9.994169440846968e-06,1.0276373592027437,0.005000000000015535,0.9969447055051941,0.1294830629492038
1.0850000000000009,0.01674274898305758,0.0,0.12947877457867865,9.994169440846968e-06,1.027804116304616,0.005000000000015547,0.9969077244660776,0.12947877457867865
1.0855000000000008,0.016744971205279804,0.0,0.12947446003697122,9.994169440846968e-06,1.0279708737246724,0.005000000000015558,0.9968705208923138,0.12947446003697122
1.0860000000000007,0.016747193427502027,0.0,0.12947011932180846,9.994169440846968e-06,1.0281376314629564,0.005000000000015569,0.9968330947826194,0.12947011932180846
1.0865000000000007,0.016749415649724247,0.0,0.12946575243079692,9.994169440846968e-06,1.0283043895195125,0.0050000000000155805,0.9967954461357108,0.12946575243079692
1.0870000000000009,0.01675163787194647,0.0,0.12946135936170144,9.994169440846968e-06,1.0284711478943847,0.005000000000015592,0.9967575749503043,0.12946135936170144
1.0875000000000008,0.016753860094168693,0.0,0.12945694011220935,9.994169440846968e-06,1.0286379065876168,0.005000000000015603,0.9967194812251158,0.12945694011220935
1.0880000000000007,0.016756082316390915,0.0,0.12945249468000544,9.994169440846968e-06,1.028804665599253,0.005000000000015615,0.9966811649588608,0.12945249468000544
1.0885000000000007,0.016758304538613135,0.0,0.12944802306283643,9.994169440846968e-06,1.0289714249293374,0.0050000000000156265,0.9966426261502551,0.12944802306283643
1.0890000000000009,0.016760526760835358,0.0,0.12944352525842506,9.994169440846968e-06,1.029138184577914,0.005000000000015638,0.9966038647980137,0.12944352525842506
1.0895000000000008,0.01676274898305758,0.0,0.12943900126452373,9.994169440846968e-06,1.0293049445450266,0.005000000000015649,0.9965648809008516,0.12943900126452373
1.0900000000000007,0.016764971205279804,0.0,0.1294344510788503,9.994169440846968e-06,1.0294717048307196,0.00500000000001566,0.9965256744574837,0.1294344510788503
1.0905000000000007,0.016767193427502027,0.0,0.12942987469916295,9.994169440846968e-06,1.029638465435037,0.0050000000000156725,0.9964862454666245,0.12942987469916295
1.0910000000000009,0.01676941564972425,0.0,0.1294252721232496,9.994169440846968e-06,1.0298052263580226,0.005000000000015684,0.9964465939269881,0.1294252721232496
1.0915000000000008,0.016771637871946472,0.0,0.12942064334885284,9.994169440846968e-06,1.0299719875997206,0.005000000000015695,0.9964067198372888,0.12942064334885284
1.0920000000000007,0.016773860094168692,0.0,0.12941598837372345,9.994169440846968e-06,1.0301387491601752,0.005000000000015706,0.9963666231962401,0.12941598837372345
1.0925000000000007,0.016776082316390915,0.0,0.12941130719572783,9.994169440846968e-06,1.0303055110394301,0.005000000000015718,0.996326304002556,0.12941130719572783
1.0930000000000009,0.016778304538613138,0.0,0.1294065998125904,9.994169440846968e-06,1.0304722732375298,0.00500000000001573,0.9962857622549494,0.1294065998125904
1.0935000000000008,0.016780526760835357,0.0,0.1294018662221512,9.994169440846968e-06,1.0306390357545177,0.005000000000015741,0.9962449979521335,0.1294018662221512
1.0940000000000007,0.01678274898305758,0.0,0.1293971064222048,9.994169440846968e-06,1.0308057985904384,0.005000000000015752,0.9962040110928214,0.1293971064222048
1.0945000000000007,0.016784971205279803,0.0,0.12939232041057563,9.994169440846968e-06,1.0309725617453358,0.005000000000015764,0.9961628016757255,0.12939232041057563
1.0950000000000009,0.016787193427502026,0.0,0.12938750818510708,9.994169440846968e-06,1.0311393252192538,0.005000000000015776,0.9961213696995582,0.12938750818510708
1.0955000000000008,0.01678941564972425,0.0,0.1293826697436079,9.994169440846968e-06,1.0313060890122365,0.005000000000015787,0.9960797151630317,0.1293826697436079
1.0960000000000008,0.01679163787194647,0.0,0.12937780508394878,9.994169440846968e-06,1.031472853124328,0.005000000000015799,0.9960378380648579,0.12937780508394878
1.0965000000000007,0.01679386009416869,0.0,0.12937291420393365,9.994169440846968e-06,1.0316396175555724,0.00500000000001581,0.9959957384037484,0.12937291420393365
1.0970000000000009,0.016796082316390914,0.0,0.12936799710150346,9.994169440846968e-06,1.0318063823060135,0.005000000000015822,0.9959534161784148,0.12936799710150346
1.0975000000000008,0.016798304538613137,0.0,0.1293630537744679,9.994169440846968e-06,1.0319731473756957,0.005000000000015834,0.9959108713875682,0.1293630537744679
1.0980000000000008,0.01680052676083536,0.0,0.12935808422070955,9.994169440846968e-06,1.0321399127646629,0.005000000000015845,0.9958681040299194,0.12935808422070955
1.0985000000000007,0.01680274898305758,0.0,0.1293530884381191,9.994169440846968e-06,1.0323066784729589,0.005000000000015856,0.9958251141041794,0.1293530884381191
1.0990000000000009,0.016804971205279802,0.0,0.1293480664246064,9.994169440846968e-06,1.032473444500628,0.0050000000000158685,0.9957819016090586,0.1293480664246064
1.0995000000000008,0.016807193427502025,0.0,0.12934301817806806,9.994169440846968e-06,1.0326402108477142,0.00500000000001588,0.995738466543267,0.12934301817806806
1.1000000000000008,0.016809415649724248,0.0,0.12933794369641985,9.994169440846968e-06,1.0328069775142614,0.005000000000015892,0.995694808905515,0.12933794369641985
1.1005000000000007,0.01681163787194647,0.0,0.1293328429775644,9.994169440846968e-06,1.032973744500314,0.005000000000015903,0.9956509286945121,0.1293328429775644
1.1010000000000009,0.016813860094168694,0.0,0.1293277160194233,9.994169440846968e-06,1.0331405118059158,0.0050000000000159145,0.9956068259089678,0.1293277160194233
1.1015000000000008,0.016816082316390916,0.0,0.12932256281996948,9.994169440846968e-06,1.0333072794311107,0.005000000000015927,0.9955625005475917,0.12932256281996948
1.1020000000000008,0.016818304538613136,0.0,0.12931738337709836,9.994169440846968e-06,1.033474047375943,0.005000000000015938,0.9955179526090925,0.12931738337709836
1.1025000000000007,0.01682052676083536,0.0,0.1293121776887995,9.994169440846968e-06,1.0336408156404566,0.00500000000001595,0.9954731820921793,0.1293121776887995
1.1030000000000009,0.01682274898305758,0.0,0.1293069457530172,9.994169440846968e-06,1.0338075842246957,0.005000000000015961,0.9954281889955604,0.1293069457530172
1.1035000000000008,0.016824971205279805,0.0,0.129301687567747,9.994169440846968e-06,1.033974353128704,0.0050000000000159734,0.9953829733179445,0.129301687567747
1.1040000000000008,0.016827193427502024,0.0,0.12929640313091767,9.994169440846968e-06,1.0341411223525259,0.005000000000015985,0.9953375350580395,0.12929640313091767
1.1045000000000007,0.016829415649724247,0.0,0.12929109244056297,9.994169440846968e-06,1.0343078918962052,0.005000000000015997,0.9952918742145532,0.12929109244056297
1.1050000000000009,0.01683163787194647,0.0,0.12928575549466056,9.994169440846968e-06,1.0344746617597862,0.005000000000016008,0.9952459907861934,0.12928575549466056
1.1055000000000008,0.016833860094168693,0.0,0.12928039229119653,9.994169440846968e-06,1.0346414319433128,0.00500000000001602,0.9951998847716673,0.12928039229119653
1.1060000000000008,0.016836082316390916,0.0,0.12927500282820822,9.994169440846968e-06,1.034808202446829,0.0050000000000160316,0.9951535561696823,0.12927500282820822
1.1065000000000007,0.01683830453861314,0.0,0.12926958710369843,9.994169440846968e-06,1.034974973270379,0.005000000000016044,0.9951070049789451,0.12926958710369843
1.1070000000000009,0.01684052676083536,0.0,0.1292641451157105,9.994169440846968e-06,1.0351417444140065,0.005000000000016055,0.9950602311981626,0.1292641451157105
1.1075000000000008,0.01684274898305758,0.0,0.12925867686223186,9.994169440846968e-06,1.035308515877756,0.005000000000016067,0.995013234826041,0.12925867686223186
1.1080000000000008,0.016844971205279804,0.0,0.12925318234136546,9.994169440846968e-06,1.0354752876616713,0.005000000000016078,0.9949660158612866,0.12925318234136546
1.1085000000000007,0.016847193427502023,0.0,0.12924766155113696,9.994169440846968e-06,1.0356420597657963,0.0050000000000160905,0.9949185743026057,0.12924766155113696
1.1090000000000009,0.016849415649724246,0.0,0.12924211448962325,9.994169440846968e-06,1.0358088321901753,0.005000000000016103,0.9948709101487034,0.12924211448962325
1.1095000000000008,0.01685163787194647,0.0,0.1292365411548881,9.994169440846968e-06,1.0359756049348523,0.005000000000016114,0.9948230233982858,0.1292365411548881
1.1100000000000008,0.016853860094168692,0.0,0.1292309415450253,9.994169440846968e-06,1.036142377999871,0.005000000000016126,0.9947749140500577,0.1292309415450253
1.1105000000000007,0.016856082316390915,0.0,0.1292253156580832,9.994169440846968e-06,1.036309151385276,0.005000000000016137,0.9947265821027245,0.1292253156580832
1.1110000000000009,0.016858304538613138,0.0,0.12921966349216166,9.994169440846968e-06,1.0364759250911113,0.0050000000000161495,0.9946780275549906,0.12921966349216166
1.1115000000000008,0.01686052676083536,0.0,0.1292139850454224,9.994169440846968e-06,1.0366426991174202,0.005000000000016162,0.9946292504055608,0.1292139850454224
1.1120000000000008,0.01686274898305758,0.0,0.12920828031587478,9.994169440846968e-06,1.0368094734642477,0.005000000000016173,0.9945802506531394,0.12920828031587478
1.1125000000000007,0.016864971205279803,0.0,0.12920254930174033,9.994169440846968e-06,1.0369762481316371,0.005000000000016185,0.9945310282964304,0.12920254930174033
1.1130000000000009,0.016867193427502026,0.0,0.12919679200108808,9.994169440846968e-06,1.037143023119633,0.005000000000016197,0.9944815833341376,0.12919679200108808
1.1135000000000008,0.01686941564972425,0.0,0.1291910084120814,9.994169440846968e-06,1.037309798428279,0.0050000000000162085,0.9944319157649647,0.1291910084120814
1.1140000000000008,0.016871637871946468,0.0,0.1291851985328383,9.994169440846968e-06,1.0374765740576195,0.005000000000016221,0.994382025587615,0.1291851985328383
1.1145000000000007,0.01687386009416869,0.0,0.1291793623615497,9.994169440846968e-06,1.0376433500076983,0.005000000000016233,0.9943319128007917,0.1291793623615497
1.1150000000000009,0.016876082316390914,0.0,0.12917349989636123,9.994169440846968e-06,1.0378101262785595,0.005000000000016244,0.9942815774031976,0.12917349989636123
1.1155000000000008,0.016878304538613137,0.0,0.1291676111354378,9.994169440846968e-06,1.0379769028702472,0.005000000000016256,0.9942310193935352,0.1291676111354378
1.1160000000000008,0.01688052676083536,0.0,0.12916169607697406,9.994169440846968e-06,1.0381436797828054,0.005000000000016268,0.9941802387705072,0.12916169607697406
1.1165000000000007,0.016882748983057583,0.0,0.1291557547191518,9.994169440846968e-06,1.038310457016278,0.00500000000001628,0.9941292355328156,0.1291557547191518
1.1170000000000009,0.016884971205279806,0.0,0.12914978706013977,9.994169440846968e-06,1.0384772345707094,0.005000000000016292,0.9940780096791624,0.12914978706013977
1.1175000000000008,0.016887193427502025,0.0,0.12914379309815802,9.994169440846968e-06,1.0386440124461433,0.005000000000016304,0.9940265612082493,0.12914379309815802
1.1180000000000008,0.016889415649724248,0.0,0.12913777283143507,9.994169440846968e-06,1.038810790642624,0.005000000000016316,0.9939748901187776,0.12913777283143507
1.1185000000000007,0.01689163787194647,0.0,0.12913172625818647,9.994169440846968e-06,1.0389775691601955,0.005000000000016328,0.9939229964094487,0.12913172625818647
1.1190000000000009,0.016893860094168694,0.0,0.12912565337665768,9.994169440846968e-06,1.0391443479989015,0.0050000000000163395,0.9938708800789636,0.12912565337665768
1.1195000000000008,0.016896082316390913,0.0,0.1291195541850276,9.994169440846968e-06,1.0393111271587865,0.005000000000016352,0.9938185411260229,0.1291195541850276
1.1200000000000008,0.016898304538613136,0.0,0.1291134286816015,9.994169440846968e-06,1.0394779066398945,0.005000000000016364,0.9937659795493271,0.1291134286816015
1.1205000000000007,0.01690052676083536,0.0,0.12910727686463946,9.994169440846968e-06,1.039644686442269,0.005000000000016376,0.9937131953475766,0.12910727686463946
1.1210000000000009,0.016902748983057582,0.0,0.12910109873236733,9.994169440846968e-06,1.0398114665659548,0.005000000000016388,0.9936601885194715,0.12910109873236733
1.1215000000000008,0.016904971205279805,0.0,0.12909489428307286,9.994169440846968e-06,1.0399782470109955,0.005000000000016399,0.9936069590637113,0.12909489428307286
1.1220000000000008,0.016907193427502028,0.0,0.12908866351505238,9.994169440846968e-06,1.0401450277774351,0.0050000000000164115,0.9935535069789958,0.12908866351505238
1.1225000000000007,0.016909415649724247,0.0,0.12908240642654642,9.994169440846968e-06,1.0403118088653178,0.005000000000016424,0.9934998322640244,0.12908240642654642
1.1230000000000009,0.01691163787194647,0.0,0.12907612301590038,9.994169440846968e-06,1.0404785902746878,0.005000000000016436,0.9934459349174958,0.12907612301590038
1.1235000000000008,0.016913860094168693,0.0,0.12906981328142533,9.994169440846968e-06,1.0406453720055888,0.005000000000016448,0.9933918149381092,0.12906981328142533
1.1240000000000008,0.016916082316390912,0.0,0.12906347722138728,9.994169440846968e-06,1.040812154058065,0.00500000000001646,0.993337472324563,0.12906347722138728
1.1245000000000007,0.016918304538613135,0.0,0.1290571148341679,9.994169440846968e-06,1.0409789364321604,0.005000000000016472,0.9932829070755558,0.1290571148341679
1.1250000000000009,0.016920526760835358,0.0,0.1290507261180609,9.994169440846968e-06,1.0411457191279192,0.0050000000000164834,0.9932281191897855,0.1290507261180609
1.1255000000000008,0.01692274898305758,0.0,0.12904431107142206,9.994169440846968e-06,1.0413125021453853,0.005000000000016496,0.9931731086659501,0.12904431107142206
1.1260000000000008,0.016924971205279804,0.0,0.12903786969260506,9.994169440846968e-06,1.0414792854846027,0.005000000000016508,0.9931178755027473,0.12903786969260506
1.1265000000000007,0.016927193427502027,0.0,0.12903140197995053,9.994169440846968e-06,1.0416460691456155,0.00500000000001652,0.9930624196988744,0.12903140197995053
1.127000000000001,0.01692941564972425,0.0,0.12902490793180774,9.994169440846968e-06,1.041812853128468,0.005000000000016532,0.9930067412530287,0.12902490793180774
1.1275000000000008,0.01693163787194647,0.0,0.129018387546588,9.994169440846968e-06,1.0419796374332038,0.005000000000016544,0.992950840163907,0.129018387546588
1.1280000000000008,0.016933860094168692,0.0,0.12901184082267902,9.994169440846968e-06,1.042146422059867,0.005000000000016556,0.9928947164302062,0.12901184082267902
1.1285000000000007,0.016936082316390915,0.0,0.12900526775842353,9.994169440846968e-06,1.0423132070085022,0.0050000000000165684,0.9928383700506226,0.12900526775842353
1.129000000000001,0.016938304538613138,0.0,0.1289986683522798,9.994169440846968e-06,1.0424799922791528,0.005000000000016581,0.9927818010238525,0.1289986683522798
1.1295000000000008,0.016940526760835357,0.0,0.1289920426025862,9.994169440846968e-06,1.042646777871863,0.005000000000016593,0.9927250093485919,0.1289920426025862
1.1300000000000008,0.01694274898305758,0.0,0.1289853905078396,9.994169440846968e-06,1.0428135637866771,0.005000000000016605,0.9926679950235365,0.1289853905078396
1.1305000000000007,0.016944971205279803,0.0,0.1289787120664383,9.994169440846968e-06,1.0429803500236388,0.005000000000016617,0.992610758047382,0.1289787120664383
1.131000000000001,0.016947193427502026,0.0,0.12897200727677835,9.994169440846968e-06,1.0431471365827925,0.005000000000016629,0.9925532984188234,0.12897200727677835
1.1315000000000008,0.01694941564972425,0.0,0.12896527613736095,9.994169440846968e-06,1.0433139234641817,0.005000000000016641,0.992495616136556,0.12896527613736095
1.1320000000000008,0.016951637871946472,0.0,0.1289585186465778,9.994169440846968e-06,1.0434807106678512,0.0050000000000166534,0.9924377111992745,0.1289585186465778
1.1325000000000007,0.01695386009416869,0.0,0.12895173480291508,9.994169440846968e-06,1.0436474981938444,0.005000000000016666,0.9923795836056734,0.12895173480291508
1.133000000000001,0.016956082316390914,0.0,0.12894492460484594,9.994169440846968e-06,1.0438142860422057,0.005000000000016678,0.9923212333544471,0.12894492460484594
1.1335000000000008,0.016958304538613137,0.0,0.12893808805086293,9.994169440846968e-06,1.043981074212979,0.00500000000001669,0.9922626604442898,0.12893808805086293
1.1340000000000008,0.01696052676083536,0.0,0.12893122513944572,9.994169440846968e-06,1.0441478627062082,0.005000000000016703,0.9922038648738952,0.12893122513944572
1.1345000000000007,0.01696274898305758,0.0,0.12892433586905033,9.994169440846968e-06,1.0443146515219375,0.005000000000016715,0.992144846641957,0.12892433586905033
1.135000000000001,0.016964971205279802,0.0,0.1289174202382058,9.994169440846968e-06,1.0444814406602112,0.005000000000016727,0.9920856057471684,0.1289174202382058
1.1355000000000008,0.016967193427502025,0.0,0.12891047824544966,9.994169440846968e-06,1.0446482301210729,0.005000000000016739,0.9920261421882228,0.12891047824544966
1.1360000000000008,0.016969415649724248,0.0,0.128903509889253,9.994169440846968e-06,1.044815019904567,0.0050000000000167515,0.991966455963813,0.128903509889253
1.1365000000000007,0.01697163787194647,0.0,0.12889651516818132,9.994169440846968e-06,1.0449818100107373,0.005000000000016764,0.9919065470726317,0.12889651516818132
1.137000000000001,0.016973860094168694,0.0,0.12888949408074435,9.994169440846968e-06,1.045148600439628,0.005000000000016776,0.9918464155133713,0.12888949408074435
1.1375000000000008,0.016976082316390917,0.0,0.12888244662552475,9.994169440846968e-06,1.045315391191283,0.005000000000016788,0.991786061284724,0.12888244662552475
1.1380000000000008,0.016978304538613136,0.0,0.12887537280101735,9.994169440846968e-06,1.0454821822657463,0.005000000000016801,0.9917254843853818,0.12887537280101735
1.1385000000000007,0.01698052676083536,0.0,0.12886827260585412,9.994169440846968e-06,1.045648973663062,0.005000000000016813,0.9916646848140362,0.12886827260585412
1.139000000000001,0.016982748983057582,0.0,0.12886114603855783,9.994169440846968e-06,1.0458157653832745,0.005000000000016825,0.991603662569379,0.12886114603855783
1.1395000000000008,0.0169849712052798,0.0,0.12885399309771348,9.994169440846968e-06,1.0459825574264274,0.005000000000016837,0.9915424176501012,0.12885399309771348
1.1400000000000008,0.016987193427502024,0.0,0.12884681378193596,9.994169440846968e-06,1.046149349792565,0.0050000000000168495,0.991480950054894,0.12884681378193596
1.1405000000000007,0.016989415649724247,0.0,0.12883960808982753,9.994169440846968e-06,1.0463161424817309,0.0050000000000168625,0.991419259782448,0.12883960808982753
1.141000000000001,0.01699163787194647,0.0,0.12883237601995615,9.994169440846968e-06,1.0464829354939698,0.005000000000016875,0.9913573468314538,0.12883237601995615
1.1415000000000008,0.016993860094168693,0.0,0.12882511757095194,9.994169440846968e-06,1.0466497288293253,0.005000000000016887,0.9912952112006017,0.12882511757095194
1.1420000000000008,0.016996082316390916,0.0,0.12881783274146444,9.994169440846968e-06,1.0468165224878414,0.005000000000016899,0.9912328528885818,0.12881783274146444
1.1425000000000007,0.016998304538613136,0.0,0.1288105215300554,9.994169440846968e-06,1.0469833164695626,0.005000000000016912,0.9911702718940837,0.1288105215300554
1.143000000000001,0.01700052676083536,0.0,0.12880318393543444,9.994169440846968e-06,1.0471501107745325,0.005000000000016924,0.9911074682157973,0.12880318393543444
1.1435000000000008,0.01700274898305758,0.0,0.12879581995623413,9.994169440846968e-06,1.0473169054027953,0.005000000000016936,0.9910444418524117,0.12879581995623413
1.1440000000000008,0.017004971205279804,0.0,0.12878842959112785,9.994169440846968e-06,1.0474837003543949,0.005000000000016948,0.9909811928026162,0.12878842959112785
1.1445000000000007,0.017007193427502024,0.0,0.12878101283872265,9.994169440846968e-06,1.0476504956293755,0.005000000000016961,0.9909177210650995,0.12878101283872265
1.145000000000001,0.017009415649724247,0.0,0.12877356969775208,9.994169440846968e-06,1.0478172912277812,0.0050000000000169735,0.9908540266385503,0.12877356969775208
1.1455000000000009,0.01701163787194647,0.0,0.1287661001668833,9.994169440846968e-06,1.047984087149656,0.005000000000016986,0.9907901095216569,0.1287661001668833
1.1460000000000008,0.017013860094168692,0.0,0.12875860424480295,9.994169440846968e-06,1.048150883395044,0.005000000000016999,0.9907259697131076,0.12875860424480295
1.1465000000000007,0.017016082316390915,0.0,0.12875108193022766,9.994169440846968e-06,1.0483176799639888,0.005000000000017011,0.9906616072115902,0.12875108193022766
1.147000000000001,0.017018304538613138,0.0,0.12874353322183998,9.994169440846968e-06,1.0484844768565351,0.005000000000017023,0.9905970220157925,0.12874353322183998
1.1475000000000009,0.01702052676083536,0.0,0.1287359581183739,9.994169440846968e-06,1.0486512740727265,0.005000000000017036,0.9905322141244018,0.1287359581183739
1.1480000000000008,0.01702274898305758,0.0,0.12872835661854,9.994169440846968e-06,1.0488180716126072,0.005000000000017048,0.9904671835361054,0.12872835661854
1.1485000000000007,0.017024971205279803,0.0,0.12872072872112184,9.994169440846968e-06,1.0489848694762212,0.005000000000017061,0.9904019302495903,0.12872072872112184
1.149000000000001,0.017027193427502026,0.0,0.12871307442482588,9.994169440846968e-06,1.0491516676636126,0.005000000000017073,0.9903364542635431,0.12871307442482588
1.1495000000000009,0.01702941564972425,0.0,0.1287053937283995,9.994169440846968e-06,1.0493184661748254,0.005000000000017085,0.9902707555766505,0.1287053937283995
1.1500000000000008,0.01703163787194647,0.0,0.12869768663060946,9.994169440846968e-06,1.0494852650099036,0.005000000000017098,0.9902048341875984,0.12869768663060946
1.1505000000000007,0.01703386009416869,0.0,0.1286899531302526,9.994169440846968e-06,1.0496520641688913,0.0050000000000171105,0.9901386900950732,0.1286899531302526
1.151000000000001,0.017036082316390914,0.0,0.128682193226081,9.994169440846968e-06,1.0498188636518326,0.0050000000000171236,0.9900723232977604,0.128682193226081
1.1515000000000009,0.017038304538613137,0.0,0.12867440691690887,9.994169440846968e-06,1.0499856634587714,0.005000000000017136,0.9900057337943458,0.12867440691690887
1.1520000000000008,0.01704052676083536,0.0,0.12866659420150567,9.994169440846968e-06,1.050152463589752,0.005000000000017149,0.9899389215835145,0.12866659420150567
1.1525000000000007,0.017042748983057583,0.0,0.12865875507868174,9.994169440846968e-06,1.050319264044818,0.005000000000017161,0.9898718866639515,0.12865875507868174
1.153000000000001,0.017044971205279806,0.0,0.128650889547256,9.994169440846968e-06,1.050486064824014,0.005000000000017174,0.9898046290343419,0.128650889547256
1.1535000000000009,0.017047193427502026,0.0,0.12864299760604553,9.994169440846968e-06,1.0506528659273835,0.005000000000017186,0.98973714869337,0.12864299760604553
1.1540000000000008,0.01704941564972425,0.0,0.12863507925388673,9.994169440846968e-06,1.050819667354971,0.005000000000017199,0.9896694456397204,0.12863507925388673
1.1545000000000007,0.017051637871946468,0.0,0.12862713448963548,9.994169440846968e-06,1.05098646910682,0.005000000000017211,0.9896015198720771,0.12862713448963548
1.155000000000001,0.017053860094168694,0.0,0.12861916331212428,9.994169440846968e-06,1.0511532711829754,0.005000000000017224,0.9895333713891239,0.12861916331212428
1.1555000000000009,0.017056082316390914,0.0,0.12861116572021578,9.994169440846968e-06,1.0513200735834802,0.005000000000017236,0.9894650001895448,0.12861116572021578
1.1560000000000008,0.017058304538613137,0.0,0.12860314171277068,9.994169440846968e-06,1.0514868763083793,0.005000000000017249,0.9893964062720226,0.12860314171277068
1.1565000000000007,0.01706052676083536,0.0,0.12859509128867974,9.994169440846968e-06,1.0516536793577163,0.0050000000000172615,0.9893275896352409,0.12859509128867974
1.157000000000001,0.017062748983057582,0.0,0.1285870144468105,9.994169440846968e-06,1.0518204827315354,0.0050000000000172745,0.9892585502778826,0.1285870144468105
1.1575000000000009,0.017064971205279805,0.0,0.12858254760887722,9.994169440846968e-06,1.0519872421856478,0.0050000000000172875,0.9891893065997233,0.12858254760887722
1.1580000000000008,0.017067193427502025,0.0,0.1285783597471493,9.994169440846968e-06,1.0521539982463768,0.0050000000000173,0.9891198418676677,0.1285783597471493
1.1585000000000008,0.017069415649724248,0.0,0.1285739905516067,9.994169440846968e-06,1.0523207565142754,0.005000000000017313,0.9890501537510956,0.1285739905516067
1.159000000000001,0.01707163787194647,0.0,0.12856944155601613,9.994169440846968e-06,1.0524875169707935,0.005000000000017325,0.9889802422489626,0.12856944155601613
1.1595000000000009,0.017073860094168693,0.0,0.12856471429446942,9.994169440846968e-06,1.0526542795973808,0.005000000000017338,0.9889101073603234,0.12856471429446942
1.1600000000000008,0.017076082316390913,0.0,0.12855981030125538,9.994169440846968e-06,1.052821044375488,0.005000000000017351,0.9888397490843309,0.12855981030125538
1.1605000000000008,0.017078304538613136,0.0,0.12855473111100965,9.994169440846968e-06,1.0529878112865645,0.005000000000017363,0.9887691674202377,0.12855473111100965
1.161000000000001,0.01708052676083536,0.0,0.1285494782584904,9.994169440846968e-06,1.053154580312061,0.005000000000017376,0.9886983623673946,0.1285494782584904
1.1615000000000009,0.01708274898305758,0.0,0.12854405327880322,9.994169440846968e-06,1.053321351433427,0.005000000000017389,0.9886273339252519,0.12854405327880322
1.1620000000000008,0.017084971205279804,0.0,0.128538457707177,9.994169440846968e-06,1.0534881246321128,0.005000000000017401,0.9885560820933582,0.128538457707177
1.1625000000000008,0.017087193427502027,0.0,0.12853269307911425,9.994169440846968e-06,1.0536548998895685,0.005000000000017414,0.9884846068713615,0.12853269307911425
1.163000000000001,0.01708941564972425,0.0,0.12852676093025248,9.994169440846968e-06,1.0538216771872442,0.005000000000017427,0.9884129082590083,0.12852676093025248
1.1635000000000009,0.01709163787194647,0.0,0.12852066279647206,9.994169440846968e-06,1.0539884565065898,0.005000000000017439,0.9883409862561443,0.12852066279647206
1.1640000000000008,0.017093860094168693,0.0,0.12851440021385416,9.994169440846968e-06,1.0541552378290553,0.005000000000017452,0.9882688408627138,0.12851440021385416
1.1645000000000008,0.017096082316390915,0.0,0.12850797471859615,9.994169440846968e-06,1.0543220211360909,0.005000000000017465,0.9881964720787604,0.12850797471859615
1.165000000000001,0.01709830453861314,0.0,0.12850138784705517,9.994169440846968e-06,1.0544888064091467,0.005000000000017478,0.9881238799044262,0.12850138784705517
1.1655000000000009,0.017100526760835358,0.0,0.12849464113573875,9.994169440846968e-06,1.0546555936296726,0.0050000000000174905,0.9880510643399524,0.12849464113573875
1.1660000000000008,0.01710274898305758,0.0,0.12848773612138062,9.994169440846968e-06,1.0548223827791188,0.0050000000000175035,0.9879780253856791,0.12848773612138062
1.1665000000000008,0.017104971205279804,0.0,0.12848067434072827,9.994169440846968e-06,1.0549891738389352,0.0050000000000175165,0.9879047630420454,0.12848067434072827
1.167000000000001,0.017107193427502027,0.0,0.1284734573306938,9.994169440846968e-06,1.055155966790572,0.0050000000000175295,0.9878312773095892,0.1284734573306938
1.1675000000000009,0.01710941564972425,0.0,0.1284660866283341,9.994169440846968e-06,1.0553227616154794,0.005000000000017542,0.9877575681889473,0.1284660866283341
1.1680000000000008,0.017111637871946472,0.0,0.12845856377077752,9.994169440846968e-06,1.0554895582951072,0.005000000000017555,0.9876836356808556,0.12845856377077752
1.1685000000000008,0.017113860094168692,0.0,0.12845089029522544,9.994169440846968e-06,1.0556563568109054,0.005000000000017568,0.9876094797861488,0.12845089029522544
1.169000000000001,0.017116082316390915,0.0,0.12844306773906083,9.994169440846968e-06,1.0558231571443242,0.005000000000017581,0.9875351005057603,0.12844306773906083
1.1695000000000009,0.017118304538613138,0.0,0.12843509763961497,9.994169440846968e-06,1.0559899592768136,0.005000000000017594,0.987460497840723,0.12843509763961497
1.1700000000000008,0.017120526760835357,0.0,0.12842698153434026,9.994169440846968e-06,1.0561567631898239,0.005000000000017607,0.9873856717921682,0.12842698153434026
1.1705000000000008,0.01712274898305758,0.0,0.12841872096081225,9.994169440846968e-06,1.0563235688648047,0.005000000000017619,0.9873106223613264,0.12841872096081225
1.171000000000001,0.017124971205279803,0.0,0.12841031745656062,9.994169440846968e-06,1.0564903762832065,0.005000000000017632,0.987235349549527,0.12841031745656062
1.1715000000000009,0.017127193427502026,0.0,0.12840177255921037,9.994169440846968e-06,1.056657185426479,0.005000000000017645,0.9871598533581983,0.12840177255921037
1.1720000000000008,0.01712941564972425,0.0,0.12839308780638775,9.994169440846968e-06,1.0568239962760726,0.005000000000017658,0.9870841337888675,0.12839308780638775
1.1725000000000008,0.01713163787194647,0.0,0.12838426473578682,9.994169440846968e-06,1.056990808813437,0.005000000000017671,0.987008190843161,0.12838426473578682
1.173000000000001,0.017133860094168694,0.0,0.12837530488506488,9.994169440846968e-06,1.0571576230200226,0.005000000000017684,0.9869320245228039,0.12837530488506488
1.1735000000000009,0.017136082316390914,0.0,0.12836620979191993,9.994169440846968e-06,1.0573244388772791,0.005000000000017697,0.9868556348296204,0.12836620979191993
1.1740000000000008,0.017138304538613137,0.0,0.1283569809940825,9.994169440846968e-06,1.0574912563666568,0.00500000000001771,0.9867790217655334,0.1283569809940825
1.1745000000000008,0.01714052676083536,0.0,0.12834762002919,9.994169440846968e-06,1.0576580754696059,0.005000000000017723,0.9867021853325649,0.12834762002919
1.175000000000001,0.017142748983057583,0.0,0.12833812843495004,9.994169440846968e-06,1.057824896167576,0.005000000000017736,0.9866251255328362,0.12833812843495004
1.1755000000000009,0.017144971205279802,0.0,0.12832850774898277,9.994169440846968e-06,1.0579917184420176,0.005000000000017749,0.9865478423685671,0.12832850774898277
1.1760000000000008,0.017147193427502025,0.0,0.12831875950894156,9.994169440846968e-06,1.0581585422743804,0.005000000000017762,0.9864703358420764,0.12831875950894156
1.1765000000000008,0.017149415649724248,0.0,0.128308885252377,9.994169440846968e-06,1.0583253676461148,0.005000000000017775,0.9863926059557822,0.128308885252377
1.177000000000001,0.01715163787194647,0.0,0.1282988865168255,9.994169440846968e-06,1.0584921945386707,0.005000000000017788,0.9863146527122012,0.1282988865168255
1.1775000000000009,0.017153860094168694,0.0,0.12828876483979143,9.994169440846968e-06,1.058659022933498,0.005000000000017801,0.9862364761139494,0.12828876483979143
1.1780000000000008,0.017156082316390917,0.0,0.12827852175866458,9.994169440846968e-06,1.0588258528120469,0.005000000000017814,0.9861580761637416,0.12827852175866458
1.1785000000000008,0.017158304538613136,0.0,0.12826815881077727,9.994169440846968e-06,1.0589926841557675,0.005000000000017827,0.9860794528643915,0.12826815881077727
1.179000000000001,0.01716052676083536,0.0,0.1282576775334504,9.994169440846968e-06,1.0591595169461099,0.00500000000001784,0.9860006062188118,0.1282576775334504
1.1795000000000009,0.017162748983057582,0.0,0.128247079463869,9.994169440846968e-06,1.059326351164524,0.005000000000017853,0.9859215362300143,0.128247079463869
1.1800000000000008,0.017164971205279805,0.0,0.1282363661390965,9.994169440846968e-06,1.05949318679246,0.005000000000017866,0.9858422429011099,0.1282363661390965
1.1805000000000008,0.017167193427502024,0.0,0.12822553909616394,9.994169440846968e-06,1.0596600238113676,0.005000000000017879,0.9857627262353083,0.12822553909616394
1.181000000000001,0.017169415649724247,0.0,0.12821459987198844,9.994169440846968e-06,1.0598268622026974,0.005000000000017892,0.9856829862359179,0.12821459987198844
1.1815000000000009,0.01717163787194647,0.0,0.12820355000334502,9.994169440846968e-06,1.059993701947899,0.005000000000017905,0.9856030229063466,0.12820355000334502
1.1820000000000008,0.017173860094168693,0.0,0.1281923910269135,9.994169440846968e-06,1.0601605430284229,0.005000000000017918,0.9855228362501011,0.1281923910269135
1.1825000000000008,0.017176082316390916,0.0,0.12818112447923974,9.994169440846968e-06,1.060327385425719,0.005000000000017931,0.985442426270787,0.12818112447923974
1.183000000000001,0.01717830453861314,0.0,0.12816975189676133,9.994169440846968e-06,1.060494229121237,0.005000000000017945,0.9853617929721091,0.12816975189676133
1.1835000000000009,0.01718052676083536,0.0,0.12815827481574782,9.994169440846968e-06,1.0606610740964273,0.005000000000017958,0.9852809363578711,0.12815827481574782
1.1840000000000008,0.01718274898305758,0.0,0.12814669477234775,9.994169440846968e-06,1.0608279203327398,0.005000000000017971,0.9851998564319755,0.12814669477234775
1.1845000000000008,0.017184971205279804,0.0,0.12813501330257185,9.994169440846968e-06,1.0609947678116247,0.005000000000017984,0.985118553198424,0.12813501330257185
1.185000000000001,0.017187193427502027,0.0,0.12812323194224426,9.994169440846968e-06,1.0611616165145321,0.005000000000017997,0.9850370266613172,0.12812323194224426
1.1855000000000009,0.01718941564972425,0.0,0.1281113522270605,9.994169440846968e-06,1.061328466422912,0.005000000000018011,0.9849552768248551,0.1281113522270605
1.1860000000000008,0.01719163787194647,0.0,0.12809937569252816,9.994169440846968e-06,1.061495317518214,0.005000000000018024,0.9848733036933361,0.12809937569252816
1.1865000000000008,0.017193860094168692,0.0,0.12808730387399328,9.994169440846968e-06,1.0616621697818889,0.005000000000018037,0.984791107271158,0.12808730387399328
1.187000000000001,0.017196082316390915,0.0,0.128075138306613,9.994169440846968e-06,1.0618290231953864,0.00500000000001805,0.9847086875628175,0.128075138306613
1.1875000000000009,0.017198304538613138,0.0,0.12806288052538206,9.994169440846968e-06,1.0619958777401566,0.005000000000018063,0.9846260445729103,0.12806288052538206
1.1880000000000008,0.01720052676083536,0.0,0.12805053206508468,9.994169440846968e-06,1.0621627333976493,0.005000000000018077,0.9845431783061311,0.12805053206508468
1.1885000000000008,0.01720274898305758,0.0,0.1280380944602995,9.994169440846968e-06,1.0623295901493148,0.00500000000001809,0.9844600887672738,0.1280380944602995
1.189000000000001,0.017204971205279803,0.0,0.12802556924542643,9.994169440846968e-06,1.0624964479766035,0.005000000000018103,0.9843767759612307,0.12802556924542643
1.189500000000001,0.017207193427502026,0.0,0.12801295795469195,9.994169440846968e-06,1.0626633068609648,0.005000000000018117,0.9842932398929942,0.12801295795469195
1.1900000000000008,0.01720941564972425,0.0,0.12800026212204782,9.994169440846968e-06,1.0628301667838491,0.00500000000001813,0.9842094805676548,0.12800026212204782
1.1905000000000008,0.01721163787194647,0.0,0.12798748328123014,9.994169440846968e-06,1.0629970277267065,0.005000000000018143,0.9841254979904023,0.12798748328123014
1.191000000000001,0.01721386009416869,0.0,0.12797462296583959,9.994169440846968e-06,1.063163889670987,0.005000000000018156,0.9840412921665256,0.12797462296583959
1.191500000000001,0.017216082316390914,0.0,0.12796168270916583,9.994169440846968e-06,1.0633307525981406,0.00500000000001817,0.9839568631014124,0.12796168270916583
1.1920000000000008,0.017218304538613137,0.0,0.12794866404430003,9.994169440846968e-06,1.0634976164896173,0.005000000000018183,0.98387221080055,0.12794866404430003
1.1925000000000008,0.01722052676083536,0.0,0.1279355685040874,9.994169440846968e-06,1.0636644813268674,0.005000000000018196,0.9837873352695238,0.1279355685040874
1.193000000000001,0.017222748983057583,0.0,0.1279223976211439,9.994169440846968e-06,1.0638313470913408,0.0050000000000182095,0.9837022365140191,0.1279223976211439
1.193500000000001,0.017224971205279806,0.0,0.12790915292785174,9.994169440846968e-06,1.0639982137644874,0.0050000000000182225,0.9836169145398199,0.12790915292785174
1.1940000000000008,0.017227193427502025,0.0,0.1278958359562908,9.994169440846968e-06,1.0641650813277574,0.005000000000018236,0.983531369352809,0.1278958359562908
1.1945000000000008,0.017229415649724248,0.0,0.12788244823838368,9.994169440846968e-06,1.064331949762601,0.005000000000018249,0.9834456009589687,0.12788244823838368
1.195000000000001,0.01723163787194647,0.0,0.12786899130568866,9.994169440846968e-06,1.064498819050468,0.005000000000018262,0.9833596093643799,0.12786899130568866
1.195500000000001,0.017233860094168694,0.0,0.12785546668958753,9.994169440846968e-06,1.0646656891728086,0.005000000000018276,0.9832733945752228,0.12785546668958753
1.1960000000000008,0.017236082316390913,0.0,0.12784187592111085,9.994169440846968e-06,1.0648325601110729,0.005000000000018289,0.9831869565977766,0.12784187592111085
1.1965000000000008,0.017238304538613136,0.0,0.12782822053112586,9.994169440846968e-06,1.0649994318467109,0.005000000000018303,0.9831002954384191,0.12782822053112586
1.197000000000001,0.01724052676083536,0.0,0.1278145020501299,9.994169440846968e-06,1.0651663043611728,0.005000000000018316,0.9830134111036279,0.1278145020501299
1.197500000000001,0.017242748983057582,0.0,0.12780072200840664,9.994169440846968e-06,1.0653331776359083,0.00500000000001833,0.9829263035999795,0.12780072200840664
1.1980000000000008,0.017244971205279805,0.0,0.1277868819359369,9.994169440846968e-06,1.0655000516523676,0.005000000000018343,0.9828389729341487,0.1277868819359369
1.1985000000000008,0.017247193427502028,0.0,0.12777298336238438,9.994169440846968e-06,1.065666926392001,0.005000000000018357,0.9827514191129102,0.12777298336238438
1.199000000000001,0.01724941564972425,0.0,0.12775902781715612,9.994169440846968e-06,1.0658338018362583,0.00500000000001837,0.9826636421431371,0.12775902781715612
1.199500000000001,0.01725163787194647,0.0,0.1277450168293669,9.994169440846968e-06,1.0660006779665896,0.005000000000018384,0.9825756420318021,0.1277450168293669
1.2000000000000008,0.017253860094168693,0.0,0.12773095192784664,9.994169440846968e-06,1.0661675547644451,0.005000000000018397,0.9824874187859766,0.12773095192784664
1.2005000000000008,0.017256082316390912,0.0,0.12771683464110506,9.994169440846968e-06,1.0663344322112747,0.005000000000018411,0.9823989724128313,0.12771683464110506
1.2010000000000007,0.017258304538613135,0.0,0.12770266649736045,9.994169440846968e-06,1.0665013102885283,0.005000000000018424,0.9823103029196355,0.12770266649736045
1.201500000000001,0.017260526760835358,0.0,0.12768844902450463,9.994169440846968e-06,1.0666681889776566,0.005000000000018438,0.9822214103137579,0.12768844902450463
1.2020000000000008,0.01726274898305758,0.0,0.12767418375017447,9.994169440846968e-06,1.0668350682601089,0.005000000000018451,0.9821322946026664,0.12767418375017447
1.2025000000000008,0.017264971205279804,0.0,0.12765987220163172,9.994169440846968e-06,1.0670019481173356,0.0050000000000184645,0.9820429557939274,0.12765987220163172
1.203000000000001,0.017267193427502027,0.0,0.12764551590583478,9.994169440846968e-06,1.067168828530787,0.005000000000018478,0.981953393895207,0.12764551590583478
1.203500000000001,0.01726941564972425,0.0,0.1276311163894787,9.994169440846968e-06,1.0673357094819127,0.005000000000018491,0.9818636089142698,0.1276311163894787
1.2040000000000008,0.01727163787194647,0.0,0.1276166751788856,9.994169440846968e-06,1.0675025909521627,0.005000000000018505,0.98177360085898,0.1276166751788856
1.2045000000000008,0.017273860094168692,0.0,0.12760219380007717,9.994169440846968e-06,1.0676694729229876,0.005000000000018518,0.9816833697373002,0.12760219380007717
1.2050000000000007,0.017276082316390915,0.0,0.12758767377877173,9.994169440846968e-06,1.067836355375837,0.005000000000018532,0.9815929155572926,0.12758767377877173
1.205500000000001,0.017278304538613138,0.0,0.12757311664027557,9.994169440846968e-06,1.0680032382921614,0.005000000000018546,0.981502238327118,0.12757311664027557
1.2060000000000008,0.017280526760835357,0.0,0.12755852390966171,9.994169440846968e-06,1.0681701216534103,0.005000000000018559,0.981411338055037,0.12755852390966171
1.2065000000000008,0.01728274898305758,0.0,0.12754389711165043,9.994169440846968e-06,1.0683370054410342,0.005000000000018573,0.9813202147494082,0.12754389711165043
1.207000000000001,0.017284971205279803,0.0,0.12752923777059658,9.994169440846968e-06,1.068503889636483,0.005000000000018587,0.9812288684186903,0.12752923777059658
1.207500000000001,0.017287193427502026,0.0,0.12751454741055135,9.994169440846968e-06,1.0686707742212065,0.0050000000000186,0.9811372990714403,0.12751454741055135
1.2080000000000009,0.01728941564972425,0.0,0.12749982755519657,9.994169440846968e-06,1.068837659176655,0.005000000000018614,0.9810455067163147,0.12749982755519657
1.2085000000000008,0.017291637871946472,0.0,0.12748507972789597,9.994169440846968e-06,1.0690045444842788,0.0050000000000186276,0.9809534913620688,0.12748507972789597
1.2090000000000007,0.01729386009416869,0.0,0.12747030545166155,9.994169440846968e-06,1.0691714301255275,0.0050000000000186414,0.9808612530175571,0.12747030545166155
1.209500000000001,0.017296082316390914,0.0,0.12745550624919452,9.994169440846968e-06,1.0693383160818515,0.0050000000000186545,0.980768791691733,0.12745550624919452
1.2100000000000009,0.017298304538613137,0.0,0.12744068364279845,9.994169440846968e-06,1.0695052023347007,0.005000000000018668,0.9806761073936493,0.12744068364279845
1.2105000000000008,0.01730052676083536,0.0,0.1274258391544843,9.994169440846968e-06,1.0696720888655251,0.005000000000018682,0.9805832001324575,0.1274258391544843
1.211000000000001,0.017302748983057583,0.0,0.12741097430586257,9.994169440846968e-06,1.0698389756557751,0.005000000000018696,0.9804900699174082,0.12741097430586257
1.211500000000001,0.017304971205279802,0.0,0.12739609061823784,9.994169440846968e-06,1.0700058626869002,0.005000000000018709,0.9803967167578514,0.12739609061823784
1.2120000000000009,0.017307193427502025,0.0,0.12738118961254355,9.994169440846968e-06,1.070172749940351,0.005000000000018723,0.9803031406632359,0.12738118961254355
1.2125000000000008,0.017309415649724248,0.0,0.12736627280940485,9.994169440846968e-06,1.070339637397577,0.005000000000018737,0.9802093416431095,0.12736627280940485
1.2130000000000007,0.01731163787194647,0.0,0.12735134172903112,9.994169440846968e-06,1.0705065250400287,0.005000000000018751,0.9801153197071192,0.12735134172903112
1.213500000000001,0.017313860094168694,0.0,0.1273363978913001,9.994169440846968e-06,1.0706734128491562,0.005000000000018765,0.9800210748650109,0.1273363978913001
1.2140000000000009,0.017316082316390917,0.0,0.1273214428157358,9.994169440846968e-06,1.0708403008064094,0.0050000000000187785,0.9799266071266297,0.1273214428157358
1.2145000000000008,0.017318304538613136,0.0,0.127306478021529,9.994169440846968e-06,1.071007188893238,0.0050000000000187915,0.97983191650192,0.127306478021529
1.215000000000001,0.01732052676083536,0.0,0.1272915050275047,9.994169440846968e-06,1.0711740770910927,0.005000000000018805,0.9797370030009248,0.1272915050275047
1.215500000000001,0.017322748983057582,0.0,0.1272765253521214,9.994169440846968e-06,1.0713409653814232,0.005000000000018819,0.9796418666337863,0.1272765253521214
1.2160000000000009,0.017324971205279805,0.0,0.12726154051351332,9.994169440846968e-06,1.0715078537456795,0.005000000000018833,0.979546507410746,0.12726154051351332
1.2165000000000008,0.017327193427502025,0.0,0.1272465520293835,9.994169440846968e-06,1.0716747421653117,0.005000000000018847,0.9794509253421444,0.1272465520293835
1.2170000000000007,0.017329415649724247,0.0,0.12723156141717382,9.994169440846968e-06,1.07184163062177,0.005000000000018861,0.9793551204384207,0.12723156141717382
1.217500000000001,0.01733163787194647,0.0,0.1272165701938837,9.994169440846968e-06,1.0720085190965045,0.005000000000018875,0.9792590927101134,0.1272165701938837
1.2180000000000009,0.017333860094168693,0.0,0.12720157987625105,9.994169440846968e-06,1.0721754075709649,0.005000000000018889,0.9791628421678604,0.12720157987625105
1.2185000000000008,0.017336082316390916,0.0,0.12718659198053933,9.994169440846968e-06,1.0723422960266016,0.0050000000000189025,0.9790663688223982,0.12718659198053933
1.219000000000001,0.01733830453861314,0.0,0.1271716080227292,9.994169440846968e-06,1.0725091844448646,0.005000000000018916,0.9789696726845624,0.1271716080227292
1.219500000000001,0.01734052676083536,0.0,0.12715662951843335,9.994169440846968e-06,1.0726760728072038,0.00500000000001893,0.978872753765288,0.12715662951843335
1.2200000000000009,0.01734274898305758,0.0,0.12714165798292887,9.994169440846968e-06,1.0728429610950694,0.005000000000018944,0.9787756120756088,0.12714165798292887
1.2205000000000008,0.017344971205279804,0.0,0.12712669493108297,9.994169440846968e-06,1.0730098492899114,0.005000000000018958,0.9786782476266577,0.12712669493108297
1.2210000000000008,0.017347193427502024,0.0,0.12711174187741722,9.994169440846968e-06,1.07317673737318,0.005000000000018972,0.9785806604296666,0.12711174187741722
1.221500000000001,0.017349415649724247,0.0,0.12709680033616128,9.994169440846968e-06,1.073343625326325,0.005000000000018986,0.9784828504959666,0.12709680033616128
1.2220000000000009,0.01735163787194647,0.0,0.12708187182113642,9.994169440846968e-06,1.0735105131307967,0.005000000000019,0.9783848178369878,0.12708187182113642
1.2225000000000008,0.017353860094168692,0.0,0.1270669578457882,9.994169440846968e-06,1.073677400768045,0.0050000000000190135,0.9782865624642596,0.1270669578457882
1.223000000000001,0.017356082316390915,0.0,0.12705205992327223,9.994169440846968e-06,1.0738442882195198,0.005000000000019027,0.97818808438941,0.12705205992327223
1.223500000000001,0.017358304538613138,0.0,0.12703717956630628,9.994169440846968e-06,1.0740111754666717,0.005000000000019041,0.9780893836241662,0.12703717956630628
1.2240000000000009,0.01736052676083536,0.0,0.1270223182873624,9.994169440846968e-06,1.07417806249095,0.005000000000019055,0.9779904601803548,0.1270223182873624
1.2245000000000008,0.01736274898305758,0.0,0.1270074775984343,9.994169440846968e-06,1.0743449492738055,0.005000000000019069,0.9778913140699012,0.1270074775984343
1.2250000000000008,0.017364971205279803,0.0,0.12699265901130416,9.994169440846968e-06,1.0745118357966879,0.005000000000019083,0.9777919453048297,0.12699265901130416
1.225500000000001,0.017367193427502026,0.0,0.12697786403730987,9.994169440846968e-06,1.0746787220410472,0.005000000000019097,0.977692353897264,0.12697786403730987
1.2260000000000009,0.01736941564972425,0.0,0.12696309418747412,9.994169440846968e-06,1.0748456079883335,0.0050000000000191116,0.9775925398594268,0.12696309418747412
1.2265000000000008,0.01737163787194647,0.0,0.12694835097244186,9.994169440846968e-06,1.075012493619997,0.005000000000019125,0.9774925032036397,0.12694835097244186
1.227000000000001,0.01737386009416869,0.0,0.12693363590260937,9.994169440846968e-06,1.0751793789174875,0.005000000000019139,0.9773922439423234,0.12693363590260937
1.227500000000001,0.017376082316390914,0.0,0.1269189504879027,9.994169440846968e-06,1.0753462638622553,0.005000000000019153,0.9772917620879976,0.1269189504879027
1.2280000000000009,0.017378304538613137,0.0,0.1269042962380025,9.994169440846968e-06,1.0755131484357503,0.005000000000019167,0.9771910576532814,0.1269042962380025
1.2285000000000008,0.01738052676083536,0.0,0.12688967466218637,9.994169440846968e-06,1.0756800326194227,0.005000000000019181,0.9770901306508925,0.12688967466218637
1.2290000000000008,0.017382748983057583,0.0,0.12687508726943703,9.994169440846968e-06,1.0758469163947224,0.005000000000019196,0.976988981093648,0.12687508726943703
1.229500000000001,0.017384971205279806,0.0,0.12686053556835905,9.994169440846968e-06,1.0760137997430999,0.0050000000000192096,0.9768876089944637,0.12686053556835905
1.2300000000000009,0.017387193427502026,0.0,0.12684602106727685,9.994169440846968e-06,1.0761806826460045,0.0050000000000192234,0.9767860143663549,0.12684602106727685
1.2305000000000008,0.01738941564972425,0.0,0.12683154527419407,9.994169440846968e-06,1.0763475650848866,0.005000000000019237,0.976684197222436,0.12683154527419407
1.231000000000001,0.01739163787194647,0.0,0.1268171096967003,9.994169440846968e-06,1.0765144470411965,0.005000000000019251,0.9765821575759197,0.1268171096967003
1.231500000000001,0.017393860094168694,0.0,0.1268027158421219,9.994169440846968e-06,1.076681328496384,0.005000000000019266,0.9764798954401185,0.1268027158421219
1.2320000000000009,0.017396082316390914,0.0,0.12678836521743983,9.994169440846968e-06,1.0768482094318992,0.00500000000001928,0.9763774108284439,0.12678836521743983
1.2325000000000008,0.017398304538613137,0.0,0.1267740593293129,9.994169440846968e-06,1.0770150898291924,0.005000000000019294,0.9762747037544057,0.1267740593293129
1.2330000000000008,0.01740052676083536,0.0,0.12675979968413387,9.994169440846968e-06,1.0771819696697131,0.0050000000000193084,0.9761717742316139,0.12675979968413387
1.233500000000001,0.017402748983057582,0.0,0.12674558778788306,9.994169440846968e-06,1.077348848934912,0.005000000000019322,0.9760686222737767,0.12674558778788306
1.2340000000000009,0.017404971205279805,0.0,0.12673142514630137,9.994169440846968e-06,1.0775157276062386,0.005000000000019336,0.9759652478947016,0.12673142514630137
1.2345000000000008,0.017407193427502025,0.0,0.1267173132647654,9.994169440846968e-06,1.0776826056651432,0.005000000000019351,0.9758616511082955,0.1267173132647654
1.235000000000001,0.017409415649724248,0.0,0.12670325364839682,9.994169440846968e-06,1.077849483093076,0.005000000000019365,0.9757578319285635,0.12670325364839682
1.235500000000001,0.01741163787194647,0.0,0.12668924780201218,9.994169440846968e-06,1.0780163598714867,0.005000000000019379,0.9756537903696108,0.12668924780201218
1.2360000000000009,0.017413860094168693,0.0,0.12667529723004103,9.994169440846968e-06,1.0781832359818257,0.0050000000000193934,0.9755495264456406,0.12667529723004103
1.2365000000000008,0.017416082316390913,0.0,0.12666140343669918,9.994169440846968e-06,1.078350111405543,0.005000000000019407,0.975445040170956,0.12666140343669918
1.2370000000000008,0.017418304538613136,0.0,0.12664756792590692,9.994169440846968e-06,1.0785169861240884,0.005000000000019421,0.9753403315599588,0.12664756792590692
1.237500000000001,0.01742052676083536,0.0,0.12663379220123938,9.994169440846968e-06,1.0786838601189124,0.005000000000019436,0.9752354006271498,0.12663379220123938
1.2380000000000009,0.01742274898305758,0.0,0.12662007776601497,9.994169440846968e-06,1.0788507333714648,0.00500000000001945,0.9751302473871287,0.12662007776601497
1.2385000000000008,0.017424971205279804,0.0,0.12660642612326706,9.994169440846968e-06,1.0790176058631955,0.005000000000019465,0.9750248718545947,0.12660642612326706
1.239000000000001,0.017427193427502027,0.0,0.1265928387757476,9.994169440846968e-06,1.0791844775755548,0.0050000000000194784,0.9749192740443459,0.1265928387757476
1.239500000000001,0.01742941564972425,0.0,0.12657931722593102,9.994169440846968e-06,1.0793513484899926,0.005000000000019493,0.974813453971279,0.12657931722593102
1.2400000000000009,0.01743163787194647,0.0,0.1265658629759967,9.994169440846968e-06,1.0795182185879588,0.005000000000019507,0.9747074116503904,0.1265658629759967
1.2405000000000008,0.017433860094168693,0.0,0.12655247752787543,9.994169440846968e-06,1.0796850878509041,0.005000000000019521,0.9746011470967748,0.12655247752787543
1.2410000000000008,0.017436082316390916,0.0,0.1265391623832746,9.994169440846968e-06,1.0798519562602777,0.005000000000019536,0.9744946603256268,0.1265391623832746
1.241500000000001,0.01743830453861314,0.0,0.12652591904351262,9.994169440846968e-06,1.0800188237975306,0.00500000000001955,0.974387951352239,0.12652591904351262
1.2420000000000009,0.017440526760835358,0.0,0.1265127490097671,9.994169440846968e-06,1.080185690444112,0.005000000000019564,0.9742810201920041,0.1265127490097671
1.2425000000000008,0.01744274898305758,0.0,0.12649965378296243,9.994169440846968e-06,1.0803525561814724,0.005000000000019578,0.9741738668604133,0.12649965378296243
1.243000000000001,0.017444971205279804,0.0,0.12648663486369993,9.994169440846968e-06,1.0805194209910618,0.005000000000019593,0.9740664913730567,0.12648663486369993
1.243500000000001,0.017447193427502027,0.0,0.12647369375237905,9.994169440846968e-06,1.0806862848543302,0.005000000000019608,0.9739588937456236,0.12647369375237905
1.2440000000000009,0.01744941564972425,0.0,0.12646083194917004,9.994169440846968e-06,1.0808531477527277,0.0050000000000196216,0.9738510739939024,0.12646083194917004
1.2445000000000008,0.017451637871946472,0.0,0.1264480509539762,9.994169440846968e-06,1.0810200096677043,0.005000000000019636,0.9737430321337804,0.1264480509539762
1.2450000000000008,0.017453860094168692,0.0,0.12643535226648114,9.994169440846968e-06,1.0811868705807102,0.00500000000001965,0.9736347681812441,0.12643535226648114
1.245500000000001,0.017456082316390915,0.0,0.12642273738617468,9.994169440846968e-06,1.0813537304731953,0.005000000000019665,0.9735262821523788,0.12642273738617468
1.2460000000000009,0.017458304538613138,0.0,0.12641020781231546,9.994169440846968e-06,1.0815205893266095,0.005000000000019679,0.973417574063369,0.12641020781231546
1.2465000000000008,0.01746052676083536,0.0,0.12639776504390407,9.994169440846968e-06,1.0816874471224032,0.0050000000000196936,0.9733086439304983,0.12639776504390407
1.247000000000001,0.017462748983057583,0.0,0.12638541057973074,9.994169440846968e-06,1.0818543038420265,0.005000000000019708,0.9731994917701489,0.12638541057973074
1.247500000000001,0.017464971205279803,0.0,0.1263731459184439,9.994169440846968e-06,1.0820211594669291,0.005000000000019722,0.9730901175988024,0.1263731459184439
1.2480000000000009,0.017467193427502026,0.0,0.1263609725584921,9.994169440846968e-06,1.0821880139785611,0.005000000000019737,0.9729805214330394,0.1263609725584921
1.2485000000000008,0.01746941564972425,0.0,0.12634889199802316,9.994169440846968e-06,1.082354867358373,0.005000000000019752,0.9728707032895392,0.12634889199802316
1.2490000000000008,0.01747163787194647,0.0,0.1263369057351125,9.994169440846968e-06,1.0825217195878143,0.0050000000000197655,0.9727606631850806,0.1263369057351125
1.249500000000001,0.017473860094168694,0.0,0.12632501526759882,9.994169440846968e-06,1.0826885706483353,0.00500000000001978,0.972650401136541,0.12632501526759882
1.2500000000000009,0.017476082316390914,0.0,0.12631322209311116,9.994169440846968e-06,1.082855420521386,0.005000000000019795,0.9725399171608972,0.12631322209311116
1.2505000000000008,0.017478304538613137,0.0,0.12630152770919117,9.994169440846968e-06,1.0830222691884168,0.005000000000019809,0.9724292112752242,0.12630152770919117
1.251000000000001,0.01748052676083536,0.0,0.12628993361316115,9.994169440846968e-06,1.0831891166308774,0.005000000000019824,0.9723182834966971,0.12628993361316115
1.251500000000001,0.017482748983057583,0.0,0.12627844130217233,9.994169440846968e-06,1.0833559628302178,0.005000000000019838,0.9722071338425894,0.12627844130217233
1.252000000000001,0.017484971205279802,0.0,0.12626705227324275,9.994169440846968e-06,1.0835228077678882,0.005000000000019853,0.9720957623302735,0.12626705227324275
1.2525000000000008,0.017487193427502025,0.0,0.1262557680232527,9.994169440846968e-06,1.0836896514253387,0.005000000000019867,0.9719841689772212,0.1262557680232527
1.2530000000000008,0.017489415649724248,0.0,0.12624459004892974,9.994169440846968e-06,1.0838564937840192,0.005000000000019882,0.971872353801003,0.12624459004892974
1.253500000000001,0.01749163787194647,0.0,0.12623351984682324,9.994169440846968e-06,1.08402333482538,0.0050000000000198965,0.9717603168192883,0.12623351984682324
1.254000000000001,0.017493860094168694,0.0,0.1262225589134484,9.994169440846968e-06,1.0841901745308709,0.005000000000019911,0.971648058049846,0.1262225589134484
1.2545000000000008,0.017496082316390917,0.0,0.12621170874508097,9.994169440846968e-06,1.0843570128819422,0.005000000000019926,0.9715355775105433,0.12621170874508097
1.255000000000001,0.01749830453861314,0.0,0.12620097083797546,9.994169440846968e-06,1.0845238498600438,0.00500000000001994,0.9714228752193471,0.12620097083797546
1.255500000000001,0.01750052676083536,0.0,0.12619034668823428,9.994169440846968e-06,1.0846906854466256,0.005000000000019955,0.9713099511943228,0.12619034668823428
1.256000000000001,0.017502748983057582,0.0,0.1261798377918674,9.994169440846968e-06,1.084857519623138,0.005000000000019969,0.971196805453635,0.1261798377918674
1.2565000000000008,0.017504971205279805,0.0,0.12616944564478844,9.994169440846968e-06,1.0850243523710308,0.005000000000019984,0.9710834380155472,0.12616944564478844
1.2570000000000008,0.017507193427502024,0.0,0.12615917174277935,9.994169440846968e-06,1.0851911836717543,0.005000000000019999,0.9709698488984218,0.12615917174277935
1.257500000000001,0.017509415649724247,0.0,0.12614901758164576,9.994169440846968e-06,1.0853580135067582,0.005000000000020014,0.9708560381207203,0.12614901758164576
1.258000000000001,0.01751163787194647,0.0,0.12613898465700146,9.994169440846968e-06,1.085524841857493,0.005000000000020028,0.9707420057010032,0.12613898465700146
1.2585000000000008,0.017513860094168693,0.0,0.12612907446446642,9.994169440846968e-06,1.0856916687054083,0.005000000000020043,0.9706277516579301,0.12612907446446642
1.259000000000001,0.017516082316390916,0.0,0.126119288499568,9.994169440846968e-06,1.0858584940319544,0.005000000000020058,0.9705132760102594,0.126119288499568
1.259500000000001,0.01751830453861314,0.0,0.1261096282577696,9.994169440846968e-06,1.0860253178185815,0.005000000000020072,0.9703985787768482,0.1261096282577696
1.260000000000001,0.01752052676083536,0.0,0.1261000952345205,9.994169440846968e-06,1.0861921400467394,0.0050000000000200865,0.9702836599766531,0.1261000952345205
1.2605000000000008,0.01752274898305758,0.0,0.12609069092518918,9.994169440846968e-06,1.0863589606978783,0.005000000000020101,0.9701685196287293,0.12609069092518918
1.2610000000000008,0.017524971205279804,0.0,0.1260814168252087,9.994169440846968e-06,1.086525779753448,0.005000000000020116,0.9700531577522312,0.1260814168252087
1.261500000000001,0.017527193427502027,0.0,0.12607227442985144,9.994169440846968e-06,1.086692597194899,0.005000000000020131,0.9699375743664119,0.12607227442985144
1.262000000000001,0.01752941564972425,0.0,0.12606326523450168,9.994169440846968e-06,1.086859413003681,0.0050000000000201454,0.9698217694906238,0.12606326523450168
1.2625000000000008,0.01753163787194647,0.0,0.12605439073440924,9.994169440846968e-06,1.0870262271612443,0.00500000000002016,0.969705743144318,0.12605439073440924
1.263000000000001,0.017533860094168692,0.0,0.12604565242497304,9.994169440846968e-06,1.0871930396490388,0.005000000000020175,0.9695894953470446,0.12604565242497304
1.263500000000001,0.017536082316390915,0.0,0.12603705180149483,9.994169440846968e-06,1.0873598504485145,0.00500000000002019,0.9694730261184528,0.12603705180149483
1.264000000000001,0.017538304538613138,0.0,0.12602859035930394,9.994169440846968e-06,1.0875266595411215,0.005000000000020204,0.9693563354782905,0.12602859035930394
1.2645000000000008,0.01754052676083536,0.0,0.12602026959379733,9.994169440846968e-06,1.0876934669083098,0.005000000000020219,0.9692394234464047,0.12602026959379733
1.2650000000000008,0.01754274898305758,0.0,0.12601209100033145,9.994169440846968e-06,1.0878602725315298,0.005000000000020235,0.9691222900427412,0.12601209100033145
1.265500000000001,0.017544971205279803,0.0,0.1260040560744107,9.994169440846968e-06,1.0880270763922313,0.0050000000000202495,0.9690049352873451,0.1260040560744107
1.266000000000001,0.017547193427502026,0.0,0.125996166311516,9.994169440846968e-06,1.0881938784718643,0.005000000000020264,0.9688873592003601,0.125996166311516
1.2665000000000008,0.01754941564972425,0.0,0.12598842320719808,9.994169440846968e-06,1.088360678751879,0.005000000000020279,0.968769561802029,0.12598842320719808
1.267000000000001,0.017551637871946472,0.0,0.12598082825707568,9.994169440846968e-06,1.0885274772137254,0.005000000000020294,0.9686515431126933,0.12598082825707568
1.267500000000001,0.01755386009416869,0.0,0.12597338295685487,9.994169440846968e-06,1.0886942738388534,0.0050000000000203085,0.968533303152794,0.12597338295685487
1.268000000000001,0.017556082316390914,0.0,0.12596608880234864,9.994169440846968e-06,1.0888610686087132,0.005000000000020323,0.9684148419428702,0.12596608880234864
1.2685000000000008,0.017558304538613137,0.0,0.12595894728943283,9.994169440846968e-06,1.0890278615047548,0.005000000000020338,0.9682961595035607,0.12595877933120275
1.2690000000000008,0.01756052676083536,0.0,0.12595195991405536,9.994169440846968e-06,1.0891946525084286,0.005000000000020354,0.9681772558556027,0.12595127979548706
1.269500000000001,0.017562748983057583,0.0,0.12594512817235115,9.994169440846968e-06,1.0893614416011843,0.005000000000020368,0.9680581310198325,0.12594359167772987
1.270000000000001,0.017564971205279806,0.0,0.12593845356053507,9.994169440846968e-06,1.0895282287644719,0.005000000000020383,0.9679387850171856,0.1259357164861299
1.2705000000000009,0.017567193427502025,0.0,0.12593193757495347,9.994169440846968e-06,1.0896950139797414,0.005000000000020398,0.967819217868696,0.12592765572917045
1.271000000000001,0.017569415649724248,0.0,0.12592558171209375,9.994169440846968e-06,1.0898617972284435,0.005000000000020413,0.9676994295954965,0.12591941091562886
1.271500000000001,0.01757163787194647,0.0,0.12591938746863623,9.994169440846968e-06,1.0900285784920274,0.005000000000020428,0.9675794202188195,0.12591098355462835
1.272000000000001,0.017573860094168694,0.0,0.12591335634135786,9.994169440846968e-06,1.0901953577519437,0.005000000000020443,0.9674591897599956,0.12590237515554176
1.2725000000000009,0.017576082316390913,0.0,0.12590748982722674,9.994169440846968e-06,1.0903621349896422,0.005000000000020458,0.9673387382404547,0.12589358722808605
1.2730000000000008,0.017578304538613136,0.0,0.12590178942341174,9.994169440846968e-06,1.0905289101865732,0.0050000000000204724,0.9672180656817255,0.1258846212823319
1.273500000000001,0.01758052676083536,0.0,0.12589625662723966,9.994169440846968e-06,1.0906956833241868,0.005000000000020488,0.9670971721054353,0.12587547882866099
1.274000000000001,0.017582748983057582,0.0,0.12589089293630035,9.994169440846968e-06,1.0908624543839325,0.005000000000020503,0.9669760575333112,0.12586616137787085
1.2745000000000009,0.017584971205279805,0.0,0.12588569984829817,9.994169440846968e-06,1.091029223347261,0.0050000000000205175,0.9668547219871779,0.1258566704410266
1.275000000000001,0.017587193427502028,0.0,0.1258806788612313,9.994169440846968e-06,1.0911959901956219,0.005000000000020533,0.9667331654889602,0.12584700752964012
1.275500000000001,0.01758941564972425,0.0,0.1258758314732858,9.994169440846968e-06,1.0913627549104656,0.005000000000020548,0.9666113880606807,0.12583717415556406
1.276000000000001,0.01759163787194647,0.0,0.12587115918290925,9.994169440846968e-06,1.0915295174732418,0.005000000000020563,0.9664893897244621,0.1258271718310656
1.2765000000000009,0.017593860094168693,0.0,0.12586666348881081,9.994169440846968e-06,1.091696277865401,0.005000000000020578,0.9663671705025247,0.12581700206882637
1.2770000000000008,0.017596082316390916,0.0,0.12586234588995043,9.994169440846968e-06,1.0918630360683927,0.005000000000020593,0.9662447304171887,0.12580666638193178
1.277500000000001,0.01759830453861314,0.0,0.1258582078855284,9.994169440846968e-06,1.0920297920636677,0.005000000000020608,0.9661220694908723,0.12579616628386045
1.278000000000001,0.01760052676083536,0.0,0.12585425097504888,9.994169440846968e-06,1.0921965458326754,0.005000000000020623,0.9659991877460935,0.1257855032885479
1.2785000000000009,0.01760274898305758,0.0,0.12585047665838375,9.994169440846968e-06,1.092363297356866,0.005000000000020638,0.9658760852054686,0.1257746789104502
1.279000000000001,0.017604971205279804,0.0,0.12584688643557176,9.994169440846968e-06,1.09253004661769,0.005000000000020654,0.9657527618917126,0.12576369466434317
1.279500000000001,0.017607193427502027,0.0,0.12584348180707292,9.994169440846968e-06,1.0926967935965968,0.0050000000000206685,0.9656292178276398,0.1257525520655769
1.280000000000001,0.01760941564972425,0.0,0.12584026427364198,9.994169440846968e-06,1.0928635382750367,0.005000000000020683,0.9655054530361632,0.12574125262994906
1.2805000000000009,0.01761163787194647,0.0,0.1258372353363291,9.994169440846968e-06,1.0930302806344598,0.005000000000020699,0.9653814675402946,0.12572979787370564
1.2810000000000008,0.017613860094168692,0.0,0.1258343964966074,9.994169440846968e-06,1.0931970206563164,0.005000000000020714,0.9652572613631445,0.12571818931366852
1.281500000000001,0.017616082316390915,0.0,0.12583174925625745,9.994169440846968e-06,1.0933637583220563,0.005000000000020729,0.9651328345279226,0.12570642846711977
1.282000000000001,0.017618304538613138,0.0,0.1258292951174632,9.994169440846968e-06,1.0935304936131296,0.005000000000020744,0.9650081870579373,0.12569451685189797
1.2825000000000009,0.017620526760835357,0.0,0.12582703558276018,9.994169440846968e-06,1.093697226510986,0.0050000000000207595,0.9648833189765958,0.12568245598634592
1.283000000000001,0.01762274898305758,0.0,0.12582497215512103,9.994169440846968e-06,1.0938639569970763,0.005000000000020774,0.964758230307404,0.12567024738939653
1.283500000000001,0.017624971205279803,0.0,0.12582310633787208,9.994169440846968e-06,1.09403068505285,0.00500000000002079,0.9646329210739669,0.12565789258048923
1.284000000000001,0.017627193427502026,0.0,0.12582143963481096,9.994169440846968e-06,1.0941974106597574,0.005000000000020805,0.9645073912999881,0.1256453930796876
1.2845000000000009,0.01762941564972425,0.0,0.12581997355014438,9.994169440846968e-06,1.0943641337992482,0.00500000000002082,0.9643816410092703,0.12563275040761723
1.2850000000000008,0.017631637871946472,0.0,0.12581870958848948,9.994169440846968e-06,1.094530854452773,0.005000000000020836,0.9642556702257146,0.12561996608546686
1.285500000000001,0.017633860094168695,0.0,0.12581764925494954,9.994169440846968e-06,1.0946975726017816,0.005000000000020851,0.9641294789733212,0.12560704163506425
1.286000000000001,0.017636082316390914,0.0,0.12581679405509422,9.994169440846968e-06,1.0948642882277237,0.005000000000020866,0.9640030672761895,0.12559397857885649
1.2865000000000009,0.017638304538613137,0.0,0.12581614549497191,9.994169440846968e-06,1.0950310013120501,0.005000000000020881,0.9638764351585165,0.12558077843992205
1.287000000000001,0.01764052676083536,0.0,0.12581570508114323,9.994169440846968e-06,1.0951977118362102,0.005000000000020897,0.9637495826445995,0.12556744274200463
1.287500000000001,0.017642748983057583,0.0,0.1258154743206193,9.994169440846968e-06,1.0953644197816543,0.005000000000020912,0.9636225097588337,0.12555397300945112
1.288000000000001,0.017644971205279802,0.0,0.1258154547209379,9.994169440846968e-06,1.0955311251298325,0.005000000000020927,0.9634952165257131,0.12554037076728797
1.2885000000000009,0.017647193427502025,0.0,0.1258156477902183,9.994169440846968e-06,1.095697827862195,0.0050000000000209426,0.9633677029698309,0.12552663754127585
1.2890000000000008,0.017649415649724248,0.0,0.12581605503707874,9.994169440846968e-06,1.0958645279601915,0.005000000000020958,0.9632399691158786,0.12551277485782725
1.289500000000001,0.01765163787194647,0.0,0.12581667797069157,9.994169440846968e-06,1.0960312254052722,0.005000000000020973,0.9631120149886472,0.12549878424406158
1.290000000000001,0.017653860094168694,0.0,0.12581751810079606,9.994169440846968e-06,1.0961979201788874,0.0050000000000209885,0.9629838406130257,0.1254846672278179
1.2905000000000009,0.017656082316390917,0.0,0.12581857693773268,9.994169440846968e-06,1.0963646122624868,0.005000000000021004,0.9628554460140023,0.12547042533768935
1.291000000000001,0.01765830453861314,0.0,0.1258198559924031,9.994169440846968e-06,1.0965313016375207,0.005000000000021019,0.962726831216664,0.1254560601029829
1.291500000000001,0.01766052676083536,0.0,0.12582135677633643,9.994169440846968e-06,1.0966979882854389,0.0050000000000210345,0.9625979962461966,0.1254415730537859
1.292000000000001,0.017662748983057582,0.0,0.12582308080171284,9.994169440846968e-06,1.0968646721876916,0.00500000000002105,0.9624689411278842,0.1254269657209894
1.2925000000000009,0.017664971205279805,0.0,0.12582502958126057,9.994169440846968e-06,1.097031353325729,0.005000000000021066,0.9623396658871102,0.12541223963618534
1.2930000000000008,0.017667193427502025,0.0,0.12582720462840702,9.994169440846968e-06,1.097198031681001,0.0050000000000210805,0.9622101705493564,0.1253973963318175
1.293500000000001,0.017669415649724247,0.0,0.12582960745727098,9.994169440846968e-06,1.0973647072349577,0.005000000000021096,0.9620804551402039,0.1253824373411739
1.294000000000001,0.01767163787194647,0.0,0.12583223958260217,9.994169440846968e-06,1.0975313799690491,0.005000000000021112,0.9619505196853319,0.1253673641983262
1.2945000000000009,0.017673860094168693,0.0,0.1258351025198268,9.994169440846968e-06,1.0976980498647253,0.005000000000021127,0.9618203642105186,0.12535217843817523
1.295000000000001,0.017676082316390916,0.0,0.12583819778508232,9.994169440846968e-06,1.0978647169034366,0.005000000000021143,0.9616899887416409,0.1253368815964858
1.295500000000001,0.01767830453861314,0.0,0.1258415268952527,9.994169440846968e-06,1.0980313810666325,0.005000000000021158,0.9615593933046748,0.12532147520992196
1.296000000000001,0.01768052676083536,0.0,0.12584509136789743,9.994169440846968e-06,1.0981980423357633,0.005000000000021173,0.9614285779256945,0.12530596081597611
1.2965000000000009,0.01768274898305758,0.0,0.12584889272137176,9.994169440846968e-06,1.0983647006922794,0.005000000000021189,0.9612975426308731,0.12529033995308891
1.2970000000000008,0.017684971205279804,0.0,0.12585293247475596,9.994169440846968e-06,1.0985313561176304,0.0050000000000212045,0.9611662874464828,0.1252746141605789
1.297500000000001,0.017687193427502027,0.0,0.12585721214790124,9.994169440846968e-06,1.0986980085932667,0.00500000000002122,0.9610348123988938,0.12525878497868817
1.298000000000001,0.017689415649724247,0.0,0.12586173326144437,9.994169440846968e-06,1.098864658100638,0.005000000000021236,0.9609031175145758,0.12524285394859713
1.2985000000000009,0.01769163787194647,0.0,0.12586649733685354,9.994169440846968e-06,1.0990313046211948,0.005000000000021251,0.9607712028200965,0.12522682261247023
1.299000000000001,0.017693860094168692,0.0,0.12587150589635837,9.994169440846968e-06,1.099197948136387,0.005000000000021267,0.9606390683421228,0.12521069251338598
1.299500000000001,0.017696082316390915,0.0,0.12587676046308088,9.994169440846968e-06,1.0993645886276642,0.0050000000000212826,0.9605067141074203,0.12519446519546812
1.300000000000001,0.017698304538613138,0.0,0.1258822625609338,9.994169440846968e-06,1.099531226076477,0.005000000000021297,0.9603741401428529,0.1251781422037836
1.3005000000000009,0.01770052676083536,0.0,0.12588801371468822,9.994169440846968e-06,1.099697860464275,0.005000000000021313,0.9602413464753837,0.12516172508441042
1.3010000000000008,0.01770274898305758,0.0,0.12589401545000958,9.994169440846968e-06,1.099864491772509,0.0050000000000213285,0.960108333132074,0.12514521538447365
1.301500000000001,0.017704971205279803,0.0,0.12590026929346224,9.994169440846968e-06,1.1000311199826283,0.005000000000021344,0.9599751001400841,0.12512861465214978
1.302000000000001,0.017707193427502026,0.0,0.12590677677250314,9.994169440846968e-06,1.1001977450760834,0.00500000000002136,0.9598416475266729,0.12511192443666067
1.3025000000000009,0.01770941564972425,0.0,0.12591353941548647,9.994169440846968e-06,1.1003643670343242,0.005000000000021375,0.9597079753191978,0.1250951462882779
1.303000000000001,0.017711637871946472,0.0,0.12592055875174243,9.994169440846968e-06,1.1005309858388006,0.005000000000021391,0.9595740835451155,0.1250782817584018
1.303500000000001,0.01771386009416869,0.0,0.125927836311476,9.994169440846968e-06,1.100697601470963,0.0050000000000214075,0.9594399722319804,0.12506133239946005
1.304000000000001,0.017716082316390915,0.0,0.12593537362597304,9.994169440846968e-06,1.100864213912261,0.005000000000021423,0.9593056414074466,0.12504429976511378
1.3045000000000009,0.017718304538613137,0.0,0.1259431722273934,9.994169440846968e-06,1.1010308231441452,0.005000000000021439,0.9591710910992658,0.12502718541005076
1.3050000000000008,0.01772052676083536,0.0,0.12595123364892413,9.994169440846968e-06,1.1011974291480655,0.005000000000021454,0.959036321335289,0.12500999089013845
1.305500000000001,0.017722748983057583,0.0,0.12595955942479523,9.994169440846968e-06,1.1013640319054716,0.00500000000002147,0.9589013321434662,0.12499271776243996
1.306000000000001,0.017724971205279806,0.0,0.12596815109021064,9.994169440846968e-06,1.101530631397814,0.0050000000000214855,0.958766123551845,0.12497536758514484
1.3065000000000009,0.017727193427502026,0.0,0.12597701018144888,9.994169440846968e-06,1.1016972276065424,0.005000000000021501,0.9586306955885724,0.12495794191766983
1.307000000000001,0.01772941564972425,0.0,0.12598613823587895,9.994169440846968e-06,1.101863820513107,0.005000000000021517,0.958495048281894,0.12494044232067467
1.307500000000001,0.01773163787194647,0.0,0.12599553679188114,9.994169440846968e-06,1.102030410098958,0.005000000000021532,0.9583591816601538,0.12492287035598293
1.308000000000001,0.017733860094168694,0.0,0.126005207388969,9.994169440846968e-06,1.1021969963455451,0.005000000000021548,0.9582230957517945,0.12490522758670405
1.3085000000000009,0.017736082316390914,0.0,0.12601515156771026,9.994169440846968e-06,1.1023635792343187,0.0050000000000215645,0.9580867905853574,0.1248875155771541
1.3090000000000008,0.017738304538613137,0.0,0.12602537086987028,9.994169440846968e-06,1.1025301587467289,0.00500000000002158,0.9579502661894823,0.12486973589299934
1.309500000000001,0.01774052676083536,0.0,0.1260358668383119,9.994169440846968e-06,1.1026967348642256,0.005000000000021596,0.9578135225929079,0.12485189010115604
1.310000000000001,0.017742748983057582,0.0,0.12604664101707552,9.994169440846968e-06,1.1028633075682586,0.005000000000021611,0.9576765598244714,0.12483397976987061
1.3105000000000009,0.017744971205279805,0.0,0.12605769495133215,9.994169440846968e-06,1.1030298768402784,0.005000000000021627,0.9575393779131083,0.1248160064686724
1.311000000000001,0.017747193427502028,0.0,0.12606903018748478,9.994169440846968e-06,1.1031964426617349,0.005000000000021643,0.957401976887853,0.1247979717684754
1.311500000000001,0.017749415649724248,0.0,0.12608064827311105,9.994169440846968e-06,1.1033630050140781,0.005000000000021659,0.9572643567778386,0.12477987724152068
1.312000000000001,0.01775163787194647,0.0,0.12609255075707537,9.994169440846968e-06,1.103529563878758,0.005000000000021675,0.9571265176122967,0.12476172446148856
1.3125000000000009,0.017753860094168693,0.0,0.12610473918938708,9.994169440846968e-06,1.1036961192372248,0.00500000000002169,0.9569884594205571,0.12474351500335669
1.3130000000000008,0.017756082316390913,0.0,0.1261172151213657,9.994169440846968e-06,1.1038626710709285,0.005000000000021707,0.9568501822320484,0.1247252504435655
1.313500000000001,0.017758304538613136,0.0,0.12612998010564752,9.994169440846968e-06,1.104029219361319,0.005000000000021722,0.9567116860762983,0.1247069323600246
1.314000000000001,0.01776052676083536,0.0,0.12614303569607566,9.994169440846968e-06,1.1041957640898468,0.005000000000021738,0.956572970982932,0.12468856233200279
1.314500000000001,0.01776274898305758,0.0,0.1261563834478446,9.994169440846968e-06,1.1043623052379614,0.005000000000021754,0.9564340369816743,0.12467014194027277
1.315000000000001,0.017764971205279805,0.0,0.12617002491747503,9.994169440846968e-06,1.1045288427871134,0.00500000000002177,0.9562948841023478,0.12465167276708586
1.315500000000001,0.017767193427502027,0.0,0.12618396166285267,9.994169440846968e-06,1.1046953767187522,0.005000000000021786,0.9561555123748743,0.12463315639621085
1.316000000000001,0.01776941564972425,0.0,0.12619819524313997,9.994169440846968e-06,1.1048619070143286,0.005000000000021802,0.9560159218292732,0.12461459441284554
1.316500000000001,0.01777163787194647,0.0,0.1262127272189842,9.994169440846968e-06,1.105028433655292,0.005000000000021818,0.9558761124956637,0.12459598840382521
1.3170000000000008,0.017773860094168693,0.0,0.12622755915236605,9.994169440846968e-06,1.105194956623093,0.005000000000021833,0.9557360844042624,0.12457733995747071
1.317500000000001,0.017776082316390916,0.0,0.12624269260672316,9.994169440846968e-06,1.1053614758991812,0.00500000000002185,0.955595837585385,0.12455865066371238
1.318000000000001,0.01777830453861314,0.0,0.12625812914688345,9.994169440846968e-06,1.105527991465007,0.005000000000021865,0.9554553720694458,0.12453992211402318
1.318500000000001,0.017780526760835358,0.0,0.1262738703391043,9.994169440846968e-06,1.1056945033020202,0.005000000000021882,0.955314687886957,0.12452115590145786
1.319000000000001,0.01778274898305758,0.0,0.12628991775121784,9.994169440846968e-06,1.1058610113916711,0.0050000000000218975,0.9551737850685299,0.12450235362079833
1.319500000000001,0.017784971205279804,0.0,0.1263062729524584,9.994169440846968e-06,1.1060275157154096,0.005000000000021914,0.9550326636448743,0.1244835168683811
1.320000000000001,0.017787193427502027,0.0,0.1263229375135444,9.994169440846968e-06,1.106194016254686,0.00500000000002193,0.954891323646798,0.124464647242179
1.320500000000001,0.01778941564972425,0.0,0.12633991300680272,9.994169440846968e-06,1.1063605129909497,0.005000000000021946,0.954749765105208,0.12444574634192579
1.3210000000000008,0.017791637871946472,0.0,0.12635720100602832,9.994169440846968e-06,1.1065270059056516,0.005000000000021962,0.9546079880511091,0.12442681576897552
1.321500000000001,0.017793860094168695,0.0,0.12637480308661922,9.994169440846968e-06,1.1066934949802412,0.005000000000021978,0.954465992515605,0.12440785712643772
1.322000000000001,0.017796082316390915,0.0,0.12639272082549985,9.994169440846968e-06,1.1068599801961687,0.005000000000021994,0.9543237785298977,0.12438887201910055
1.322500000000001,0.017798304538613138,0.0,0.1264109558012989,9.994169440846968e-06,1.1070264615348842,0.00500000000002201,0.9541813461252878,0.12436986205360888
1.323000000000001,0.01780052676083536,0.0,0.12642950959415605,9.994169440846968e-06,1.1071929389778377,0.005000000000022026,0.9540386953331743,0.12435082883827066
1.323500000000001,0.017802748983057583,0.0,0.1264483837858999,9.994169440846968e-06,1.1073594125064792,0.005000000000022042,0.9538958261850545,0.12433177398323524
1.324000000000001,0.017804971205279803,0.0,0.12646757995996108,9.994169440846968e-06,1.1075258821022589,0.005000000000022058,0.9537527387125245,0.12431269910040613
1.324500000000001,0.017807193427502026,0.0,0.12648709970151856,9.994169440846968e-06,1.107692347746627,0.0050000000000220745,0.9536094329472783,0.12429360580358748
1.3250000000000008,0.01780941564972425,0.0,0.12650694459742337,9.994169440846968e-06,1.107858809421033,0.00500000000002209,0.953465908921109,0.12427449570840791
1.325500000000001,0.01781163787194647,0.0,0.12652711623618615,9.994169440846968e-06,1.1080252671069277,0.0050000000000221066,0.9533221666659076,0.12425537043230765
1.326000000000001,0.017813860094168694,0.0,0.12654761620811325,9.994169440846968e-06,1.1081917207857606,0.005000000000022123,0.9531782062136641,0.12423623159467509
1.326500000000001,0.017816082316390914,0.0,0.12656844610521994,9.994169440846968e-06,1.1083581704389818,0.005000000000022139,0.9530340275964663,0.1242170808167597
1.327000000000001,0.017818304538613137,0.0,0.12658960752132453,9.994169440846968e-06,1.1085246160480415,0.005000000000022155,0.9528896308465007,0.12419791972176611
1.327500000000001,0.01782052676083536,0.0,0.12661110205201473,9.994169440846968e-06,1.10869105759439,0.005000000000022172,0.952745015996052,0.1241787499348207
1.328000000000001,0.017822748983057583,0.0,0.12663293129469932,9.994169440846968e-06,1.108857495059477,0.005000000000022187,0.9526001830775038,0.1241595730830231
1.328500000000001,0.017824971205279802,0.0,0.12665509684859627,9.994169440846968e-06,1.1090239284247525,0.005000000000022204,0.9524551321233378,0.1241403907954343
1.3290000000000008,0.017827193427502025,0.0,0.12667760031484798,9.994169440846968e-06,1.1091903576716666,0.00500000000002222,0.9523098631661341,0.12412120470319198
1.329500000000001,0.017829415649724248,0.0,0.12670044329635044,9.994169440846968e-06,1.1093567827816697,0.005000000000022236,0.9521643762385709,0.12410201643933935
1.330000000000001,0.01783163787194647,0.0,0.12672362739795362,9.994169440846968e-06,1.1095232037362117,0.005000000000022252,0.952018671373425,0.12408282763902598
1.330500000000001,0.017833860094168694,0.0,0.12674715422645003,9.994169440846968e-06,1.1096896205167424,0.005000000000022269,0.9518727486035722,0.12406363993949616
1.331000000000001,0.017836082316390917,0.0,0.12677102539048865,9.994169440846968e-06,1.1098560331047123,0.005000000000022285,0.9517266079619855,0.12404445498000265
1.331500000000001,0.01783830453861314,0.0,0.12679524250074406,9.994169440846968e-06,1.110022441481571,0.005000000000022301,0.9515802494817373,0.1240252744019761
1.332000000000001,0.01784052676083536,0.0,0.12681980716979893,9.994169440846968e-06,1.1101888456287685,0.005000000000022317,0.9514336731959977,0.12400609984890727
1.332500000000001,0.017842748983057582,0.0,0.12684472101226,9.994169440846968e-06,1.1103552455277554,0.005000000000022334,0.9512868791380352,0.12398693296646303
1.3330000000000009,0.017844971205279805,0.0,0.12686998564476823,9.994169440846968e-06,1.1105216411599814,0.00500000000002235,0.9511398673412172,0.12396777540249684
1.333500000000001,0.017847193427502028,0.0,0.12689560268595587,9.994169440846968e-06,1.1106880325068966,0.005000000000022367,0.9509926378390088,0.12394862880700531
1.334000000000001,0.017849415649724247,0.0,0.12692157375649896,9.994169440846968e-06,1.1108544195499512,0.005000000000022382,0.9508451906649735,0.123929494832181
1.334500000000001,0.01785163787194647,0.0,0.12694790047923407,9.994169440846968e-06,1.111020802270595,0.005000000000022399,0.9506975258527738,0.12391037513252917
1.335000000000001,0.017853860094168693,0.0,0.1269745844789986,9.994169440846968e-06,1.1111871806502782,0.005000000000022415,0.9505496434361695,0.12389127136470779
1.335500000000001,0.017856082316390916,0.0,0.1270016273828007,9.994169440846968e-06,1.111353554670451,0.005000000000022432,0.9504015434490196,0.12387218518769784
1.336000000000001,0.01785830453861314,0.0,0.12702903081976605,9.994169440846968e-06,1.111519924312563,0.005000000000022448,0.9502532259252808,0.12385311826274971
1.336500000000001,0.01786052676083536,0.0,0.12705679642119094,9.994169440846968e-06,1.1116862895580648,0.005000000000022465,0.9501046908990084,0.12383407225343658
1.3370000000000009,0.01786274898305758,0.0,0.1270849258205426,9.994169440846968e-06,1.111852650388406,0.005000000000022481,0.949955938404356,0.12381504882565456
1.337500000000001,0.017864971205279804,0.0,0.12711342065349104,9.994169440846968e-06,1.1120190067850373,0.005000000000022498,0.9498069684755751,0.12379604964765438
1.338000000000001,0.017867193427502027,0.0,0.12714228255797347,9.994169440846968e-06,1.112185358729408,0.005000000000022514,0.9496577811470163,0.12377707639010632
1.338500000000001,0.01786941564972425,0.0,0.1271715131741199,9.994169440846968e-06,1.1123517062029684,0.005000000000022531,0.9495083764531275,0.1237581307260252
1.339000000000001,0.017871637871946473,0.0,0.12720111414431762,9.994169440846968e-06,1.112518049187169,0.005000000000022547,0.9493587544284554,0.12373921433083511
1.339500000000001,0.017873860094168692,0.0,0.12723108711328618,9.994169440846968e-06,1.1126843876634591,0.005000000000022564,0.949208915107645,0.12372032888244454
1.340000000000001,0.017876082316390915,0.0,0.12726143372806734,9.994169440846968e-06,1.1128507216132895,0.00500000000002258,0.9490588585254394,0.12370147606123603
1.340500000000001,0.017878304538613138,0.0,0.127292155637994,9.994169440846968e-06,1.1130170510181097,0.005000000000022597,0.94890858471668,0.12368265755003527
1.3410000000000009,0.01788052676083536,0.0,0.12732325449478668,9.994169440846968e-06,1.1131833758593699,0.005000000000022613,0.9487580937163065,0.1236638750342075
1.341500000000001,0.017882748983057584,0.0,0.12735473195249059,9.994169440846968e-06,1.1133496961185205,0.00500000000002263,0.9486073855593562,0.12364513020159448
1.342000000000001,0.017884971205279803,0.0,0.12738658966760436,9.994169440846968e-06,1.113516011777011,0.005000000000022646,0.9484564602809659,0.12362642474264357
1.342500000000001,0.017887193427502026,0.0,0.12741882929907053,9.994169440846968e-06,1.113682322816292,0.0050000000000226625,0.9483053179163695,0.12360776035039778
1.343000000000001,0.01788941564972425,0.0,0.1274514525082128,9.994169440846968e-06,1.1138486292178131,0.005000000000022679,0.9481539585008996,0.12358913872043314
1.343500000000001,0.017891637871946472,0.0,0.12748446095885435,9.994169440846968e-06,1.1140149309630247,0.0050000000000226955,0.9480023820699868,0.12357056155097718
1.344000000000001,0.01789386009416869,0.0,0.127517856317298,9.994169440846968e-06,1.1141812280333765,0.005000000000022712,0.9478505886591603,0.12355203054288895
1.344500000000001,0.017896082316390914,0.0,0.12755164025235952,9.994169440846968e-06,1.114347520410319,0.0050000000000227285,0.9476985783040467,0.12353354739969205
1.3450000000000009,0.017898304538613137,0.0,0.12758581443544376,9.994169440846968e-06,1.1145138080753019,0.005000000000022745,0.9475463510403717,0.12351511382765155
1.345500000000001,0.01790052676083536,0.0,0.12762038054041835,9.994169440846968e-06,1.1146800910097754,0.005000000000022761,0.9473939069039585,0.12349673153564664
1.346000000000001,0.017902748983057583,0.0,0.12765534024379663,9.994169440846968e-06,1.1148463691951895,0.005000000000022779,0.9472412459307289,0.1234784022353543
1.346500000000001,0.017904971205279806,0.0,0.12769069522469667,9.994169440846968e-06,1.1150126426129943,0.005000000000022795,0.9470883681567026,0.12346012764120812
1.347000000000001,0.01790719342750203,0.0,0.12772644716481132,9.994169440846968e-06,1.11517891124464,0.005000000000022812,0.9469352736179973,0.12344190947036802
1.347500000000001,0.017909415649724248,0.0,0.12776259774854865,9.994169440846968e-06,1.1153451750715764,0.005000000000022828,0.9467819623508296,0.12342374944286133
1.348000000000001,0.01791163787194647,0.0,0.12779914866298067,9.994169440846968e-06,1.1155114340752537,0.005000000000022845,0.9466284343915133,0.12340564928153083
1.348500000000001,0.017913860094168694,0.0,0.12783610159785622,9.994169440846968e-06,1.1156776882371218,0.005000000000022861,0.9464746897764611,0.12338761071204803
1.3490000000000009,0.017916082316390913,0.0,0.12787345824562438,9.994169440846968e-06,1.1158439375386309,0.0050000000000228785,0.9463207285421832,0.12336963546293639
1.349500000000001,0.017918304538613136,0.0,0.1279112203015436,9.994169440846968e-06,1.1160101819612311,0.005000000000022895,0.9461665507252882,0.12335172526568054
1.350000000000001,0.01792052676083536,0.0,0.12794938946359855,9.994169440846968e-06,1.1161764214863723,0.0050000000000229115,0.946012156362483,0.12333388185464315
1.350500000000001,0.017922748983057582,0.0,0.1279879674325669,9.994169440846968e-06,1.1163426560955048,0.005000000000022929,0.9458575454905724,0.12331610696713152
1.351000000000001,0.017924971205279805,0.0,0.12802695591203228,9.994169440846968e-06,1.1165088857700785,0.005000000000022945,0.9457027181464592,0.12329840234341059
1.351500000000001,0.017927193427502028,0.0,0.12806635660847238,9.994169440846968e-06,1.1166751104915433,0.005000000000022962,0.9455476743671446,0.12328076972679135
1.352000000000001,0.01792941564972425,0.0,0.12810617123118714,9.994169440846968e-06,1.1168413302413494,0.005000000000022978,0.9453924141897277,0.12326321086355854
1.352500000000001,0.01793163787194647,0.0,0.12814640149232273,9.994169440846968e-06,1.117007545000947,0.005000000000022996,0.9452369376514056,0.12324572750299471
1.3530000000000009,0.017933860094168693,0.0,0.1281870491070454,9.994169440846968e-06,1.117173754751786,0.005000000000023012,0.9450812447894733,0.12322832139755442
1.353500000000001,0.017936082316390916,0.0,0.12822811579338425,9.994169440846968e-06,1.1173399594753164,0.0050000000000230286,0.9449253356413244,0.12321099430270664
1.354000000000001,0.01793830453861314,0.0,0.12826960327235193,9.994169440846968e-06,1.1175061591529885,0.005000000000023046,0.9447692102444502,0.12319374797705558
1.354500000000001,0.01794052676083536,0.0,0.12831151326791554,9.994169440846968e-06,1.117672353766252,0.005000000000023062,0.9446128686364401,0.12317658418231152
1.355000000000001,0.01794274898305758,0.0,0.12835384750711767,9.994169440846968e-06,1.1178385432965574,0.00500000000002308,0.9444563108549815,0.12315950468341183
1.355500000000001,0.017944971205279804,0.0,0.12839660771999414,9.994169440846968e-06,1.1180047277253544,0.005000000000023096,0.9442995369378598,0.12314251124843886
1.356000000000001,0.017947193427502027,0.0,0.12843979563965216,9.994169440846968e-06,1.118170907034093,0.005000000000023113,0.944142546922959,0.1231256056486979
1.356500000000001,0.01794941564972425,0.0,0.12848341300225274,9.994169440846968e-06,1.1183370812042237,0.00500000000002313,0.9439853408482599,0.12310878965869954
1.3570000000000009,0.01795163787194647,0.0,0.1285274615471102,9.994169440846968e-06,1.118503250217196,0.0050000000000231465,0.9438279187518425,0.12309206505625948
1.357500000000001,0.017953860094168692,0.0,0.12857194301666403,9.994169440846968e-06,1.1186694140544606,0.005000000000023164,0.943670280671884,0.1230754336224699
1.358000000000001,0.017956082316390915,0.0,0.1286168591565254,9.994169440846968e-06,1.118835572697467,0.00500000000002318,0.9435124266466601,0.12305889714174659
1.358500000000001,0.017958304538613138,0.0,0.12866221171547024,9.994169440846968e-06,1.1190017261276655,0.005000000000023198,0.9433543567145444,0.12304245740182133
1.359000000000001,0.01796052676083536,0.0,0.12870800244548614,9.994169440846968e-06,1.1191678743265059,0.005000000000023214,0.9431960709140084,0.12302611619378925
1.359500000000001,0.01796274898305758,0.0,0.12875423310177622,9.994169440846968e-06,1.1193340172754387,0.0050000000000232315,0.9430375692836213,0.12300987531211248
1.360000000000001,0.017964971205279803,0.0,0.12880090544288114,9.994169440846968e-06,1.1195001549559136,0.005000000000023248,0.9428788518620506,0.12299373655474224
1.360500000000001,0.017967193427502026,0.0,0.12884802123057626,9.994169440846968e-06,1.1196662873493808,0.005000000000023265,0.9427199186880617,0.12297770172301604
1.3610000000000009,0.01796941564972425,0.0,0.12889558222992933,9.994169440846968e-06,1.1198324144372904,0.005000000000023282,0.9425607698005178,0.12296177262171507
1.361500000000001,0.017971637871946472,0.0,0.12894359020941218,9.994169440846968e-06,1.1199985362010922,0.005000000000023299,0.9424014052383807,0.12294595105917636
1.362000000000001,0.017973860094168695,0.0,0.12899204694078717,9.994169440846968e-06,1.1201646526222366,0.0050000000000233165,0.9422418250407087,0.12293023884717862
1.362500000000001,0.017976082316390914,0.0,0.12904095419926187,9.994169440846968e-06,1.1203307636821735,0.005000000000023333,0.9420820292466596,0.12291463780109756
1.363000000000001,0.017978304538613137,0.0,0.12909031376345084,9.994169440846968e-06,1.1204968693623532,0.00500000000002335,0.941922017895488,0.122899149739867
1.363500000000001,0.01798052676083536,0.0,0.12914012741543388,9.994169440846968e-06,1.1206629696442252,0.005000000000023367,0.9417617910265472,0.1228837764860378
1.364000000000001,0.017982748983057583,0.0,0.12919039694069656,9.994169440846968e-06,1.12082906450924,0.005000000000023384,0.9416013486792877,0.12286851986571765
1.364500000000001,0.017984971205279802,0.0,0.1292411241282746,9.994169440846968e-06,1.1209951539388474,0.0050000000000234015,0.9414406908932584,0.12285338170871611
1.3650000000000009,0.017987193427502025,0.0,0.1292923107707158,9.994169440846968e-06,1.1211612379144977,0.005000000000023418,0.9412798177081059,0.12283836384850588
1.365500000000001,0.01798941564972425,0.0,0.1293439586641067,9.994169440846968e-06,1.121327316417641,0.005000000000023435,0.9411187291635745,0.12282346812225009
1.366000000000001,0.01799163787194647,0.0,0.12939606960813133,9.994169440846968e-06,1.121493389429727,0.005000000000023453,0.9409574252995068,0.12280869637086064
1.366500000000001,0.017993860094168694,0.0,0.1294486454060443,9.994169440846968e-06,1.121659456932206,0.00500000000002347,0.9407959061558429,0.12279405043897128
1.367000000000001,0.017996082316390917,0.0,0.12950168786476196,9.994169440846968e-06,1.121825518906528,0.0050000000000234865,0.9406341717726208,0.12277953217502896
1.367500000000001,0.01799830453861314,0.0,0.12955519879484645,9.994169440846968e-06,1.121991575334143,0.005000000000023504,0.9404722221899765,0.12276514343127774
1.368000000000001,0.01800052676083536,0.0,0.12960738914714165,9.994169440846968e-06,1.122157647899328,0.005000000000023521,0.9403100362388152,0.1227490862593214
1.368500000000001,0.018002748983057582,0.0,0.12965739593204587,9.994169440846968e-06,1.1223237470485985,0.005000000000023539,0.9401476036319619,0.12273049324487441
1.3690000000000009,0.018004971205279805,0.0,0.12970766328667452,9.994169440846968e-06,1.1224898431581698,0.005000000000023555,0.9399849532923479,0.12271182068724638
1.369500000000001,0.018007193427502028,0.0,0.12975819253342702,9.994169440846968e-06,1.1226559362137922,0.005000000000023572,0.9398220852460726,0.12269306993353692
1.370000000000001,0.018009415649724247,0.0,0.12980898499640578,9.994169440846968e-06,1.1228220262012152,0.00500000000002359,0.9396589995193121,0.1226742423326658
1.370500000000001,0.01801163787194647,0.0,0.12986004200139514,9.994169440846968e-06,1.122988113106189,0.005000000000023607,0.9394956961383171,0.12265533923535128
1.371000000000001,0.018013860094168693,0.0,0.12991136487579788,9.994169440846968e-06,1.1231541969144634,0.0050000000000236244,0.9393321751294144,0.12263636199404694
1.371500000000001,0.018016082316390916,0.0,0.1299629549487434,9.994169440846968e-06,1.123320277611788,0.005000000000023641,0.9391684365190061,0.12261731196304984
1.372000000000001,0.01801830453861314,0.0,0.1300148135509704,9.994169440846968e-06,1.1234863551839136,0.005000000000023658,0.9390044803335693,0.12259819049838269
1.372500000000001,0.01802052676083536,0.0,0.13006694201502114,9.994169440846968e-06,1.1236524296165895,0.005000000000023676,0.9388403065996576,0.12257899895798918
1.3730000000000009,0.01802274898305758,0.0,0.13011934167514605,9.994169440846968e-06,1.1238185008955657,0.005000000000023693,0.9386759153438992,0.12255973870163747
1.373500000000001,0.018024971205279804,0.0,0.13017201386728275,9.994169440846968e-06,1.1239845690065922,0.00500000000002371,0.9385113065929983,0.12254041109089986
1.374000000000001,0.018027193427502027,0.0,0.1302249599291113,9.994169440846968e-06,1.124150633935419,0.005000000000023728,0.9383464803737344,0.1225210174892077
1.374500000000001,0.018029415649724247,0.0,0.13027818120009804,9.994169440846968e-06,1.124316695667796,0.005000000000023745,0.9381814367129625,0.12250155926189565
1.375000000000001,0.01803163787194647,0.0,0.1303316790214971,9.994169440846968e-06,1.1244827541894729,0.005000000000023762,0.9380161756376131,0.1224820377762027
1.375500000000001,0.018033860094168692,0.0,0.13038545473626523,9.994169440846968e-06,1.1246488094862,0.00500000000002378,0.9378506971746922,0.12246245440118714
1.376000000000001,0.018036082316390915,0.0,0.130439509689214,9.994169440846968e-06,1.1248148615437268,0.005000000000023797,0.9376850013512813,0.122442810507879
1.376500000000001,0.018038304538613138,0.0,0.1304938452269141,9.994169440846968e-06,1.1249809103478037,0.005000000000023814,0.937519088194537,0.122423107469184
1.377000000000001,0.01804052676083536,0.0,0.13054846269779366,9.994169440846968e-06,1.1251469558841802,0.005000000000023832,0.9373529577316921,0.12240334665998222
1.377500000000001,0.018042748983057584,0.0,0.13060336345206439,9.994169440846968e-06,1.1253129981386065,0.005000000000023849,0.9371866099900544,0.12238352945705377
1.378000000000001,0.018044971205279804,0.0,0.13065854884176598,9.994169440846968e-06,1.1254790370968326,0.005000000000023866,0.9370200449970069,0.12236365723912358
1.378500000000001,0.018047193427502026,0.0,0.13071402022087558,9.994169440846968e-06,1.1256450727446083,0.005000000000023884,0.9368532627800084,0.12234373138697083
1.3790000000000011,0.01804941564972425,0.0,0.13076977894516914,9.994169440846968e-06,1.1258111050676836,0.005000000000023901,0.9366862633665931,0.12232375328329015
1.379500000000001,0.018051637871946472,0.0,0.13082582637229861,9.994169440846968e-06,1.125977134051808,0.0050000000000239185,0.9365190467843711,0.12230372431276886
1.380000000000001,0.01805386009416869,0.0,0.13088216386177196,9.994169440846968e-06,1.1261431596827323,0.005000000000023936,0.9363516130610269,0.1222836458620668
1.380500000000001,0.018056082316390915,0.0,0.13093879277512754,9.994169440846968e-06,1.1263091819462054,0.005000000000023953,0.9361839622243214,0.12226351931999135
1.381000000000001,0.018058304538613137,0.0,0.1309957144756554,9.994169440846968e-06,1.1264752008279781,0.0050000000000239705,0.9360160943020904,0.12224334607721762
1.381500000000001,0.01806052676083536,0.0,0.13105293032867968,9.994169440846968e-06,1.1266412163138,0.005000000000023989,0.9358480093222453,0.12222312752657208
1.382000000000001,0.018062748983057583,0.0,0.13111044170139854,9.994169440846968e-06,1.126807228389421,0.005000000000024006,0.9356797073127728,0.1222028650628714
1.382500000000001,0.018064971205279806,0.0,0.13116824996303736,9.994169440846968e-06,1.126973237040591,0.005000000000024023,0.9355111883017356,0.12218256008307661
1.3830000000000011,0.01806719342750203,0.0,0.13122635648469944,9.994169440846968e-06,1.12713924225306,0.005000000000024041,0.935342452317271,0.12216221398614285
1.383500000000001,0.01806941564972425,0.0,0.13128476263951933,9.994169440846968e-06,1.1273052440125777,0.005000000000024058,0.9351734993875922,0.12214182817317355
1.384000000000001,0.01807163787194647,0.0,0.13134346980261086,9.994169440846968e-06,1.1274712423048945,0.005000000000024076,0.9350043295409876,0.12212140404736764
1.384500000000001,0.018073860094168694,0.0,0.1314024793511126,9.994169440846968e-06,1.12763723711576,0.005000000000024094,0.9348349428058211,0.12210094301406592
1.385000000000001,0.018076082316390914,0.0,0.13146179266408184,9.994169440846968e-06,1.1278032284309243,0.005000000000024111,0.934665339210532,0.12208044648064398
1.385500000000001,0.018078304538613137,0.0,0.131521411122778,9.994169440846968e-06,1.127969216236137,0.005000000000024128,0.9344955187836352,0.12205991585679675
1.386000000000001,0.01808052676083536,0.0,0.1315813361103297,9.994169440846968e-06,1.1281352005171486,0.005000000000024147,0.9343254815537205,0.12203935255420446
1.386500000000001,0.018082748983057582,0.0,0.1316415690120509,9.994169440846968e-06,1.1283011812597084,0.005000000000024164,0.9341552275494538,0.12201875798684976
1.3870000000000011,0.018084971205279805,0.0,0.13170211121521577,9.994169440846968e-06,1.1284671584495667,0.005000000000024181,0.9339847567995757,0.12199813357079162
1.387500000000001,0.018087193427502028,0.0,0.1317629641092671,9.994169440846968e-06,1.1286331320724734,0.005000000000024199,0.9338140693329025,0.12197748072437464
1.388000000000001,0.018089415649724248,0.0,0.1318241290856671,9.994169440846968e-06,1.1287991021141783,0.005000000000024217,0.9336431651783259,0.12195680086807917
1.388500000000001,0.01809163787194647,0.0,0.13188560753807313,9.994169440846968e-06,1.1289650685604316,0.005000000000024234,0.9334720443648128,0.12193609542469742
1.389000000000001,0.018093860094168693,0.0,0.13194740086221057,9.994169440846968e-06,1.129131031396983,0.0050000000000242515,0.9333007069214057,0.12191536581920623
1.389500000000001,0.018096082316390916,0.0,0.13200951045592935,9.994169440846968e-06,1.1292969906095824,0.00500000000002427,0.9331291528772222,0.12189461347882338
1.390000000000001,0.018098304538613136,0.0,0.13207193771926104,9.994169440846968e-06,1.1294629461839798,0.005000000000024287,0.9329573822614559,0.1218738398330652
1.390500000000001,0.01810052676083536,0.0,0.13213468405438897,9.994169440846968e-06,1.1296288981059253,0.005000000000024305,0.9327853951033745,0.12185304631371585
1.3910000000000011,0.01810274898305758,0.0,0.13219775086566193,9.994169440846968e-06,1.1297948463611687,0.005000000000024323,0.9326131914323225,0.12183223435484188
1.391500000000001,0.018104971205279805,0.0,0.1322611395596513,9.994169440846968e-06,1.1299607909354596,0.00500000000002434,0.932440771277719,0.12181140539284897
1.392000000000001,0.018107193427502027,0.0,0.13232485154508872,9.994169440846968e-06,1.1301267318145485,0.005000000000024358,0.9322681346690583,0.1217905608664194
1.392500000000001,0.01810941564972425,0.0,0.1323888882329343,9.994169440846968e-06,1.130292668984185,0.005000000000024376,0.9320952816359104,0.12176970221658051
1.393000000000001,0.01811163787194647,0.0,0.13245325103639038,9.994169440846968e-06,1.130458602430119,0.005000000000024394,0.9319222122079205,0.12174883088671856
1.393500000000001,0.018113860094168693,0.0,0.13251794137091544,9.994169440846968e-06,1.1306245321381008,0.005000000000024411,0.9317489264148091,0.12172794832259216
1.394000000000001,0.018116082316390916,0.0,0.13258296065423816,9.994169440846968e-06,1.1307904580938797,0.005000000000024429,0.9315754242863724,0.12170705597234714
1.394500000000001,0.01811830453861314,0.0,0.13264831030629537,9.994169440846968e-06,1.130956380283206,0.005000000000024447,0.9314017058524813,0.12168615528645335
1.3950000000000011,0.01812052676083536,0.0,0.13271399174934378,9.994169440846968e-06,1.1311222986918301,0.005000000000024465,0.931227771143082,0.12166524771781734
1.395500000000001,0.01812274898305758,0.0,0.13278000640797427,9.994169440846968e-06,1.1312882133055011,0.005000000000024482,0.9310536201881969,0.12164433472179656
1.396000000000001,0.018124971205279804,0.0,0.13284635570909337,9.994169440846968e-06,1.1314541241099694,0.0050000000000245005,0.9308792530179231,0.12162341775618027
1.396500000000001,0.018127193427502027,0.0,0.13291304108187232,9.994169440846968e-06,1.1316200310909847,0.005000000000024519,0.9307046696624328,0.1216024982811389
1.397000000000001,0.01812941564972425,0.0,0.13298006395790266,9.994169440846968e-06,1.131785934234297,0.005000000000024536,0.9305298701519741,0.12158157775937993
1.397500000000001,0.018131637871946472,0.0,0.13304742577108006,9.994169440846968e-06,1.1319518335256564,0.005000000000024554,0.9303548545168698,0.12156065765603119
1.398000000000001,0.018133860094168695,0.0,0.13311512795767313,9.994169440846968e-06,1.1321177289508129,0.005000000000024572,0.9301796227875182,0.12153973943870987
1.398500000000001,0.018136082316390915,0.0,0.13318317195638144,9.994169440846968e-06,1.132283620495516,0.00500000000002459,0.9300041749943933,0.12151882457758094
1.3990000000000011,0.018138304538613138,0.0,0.13325155920828452,9.994169440846968e-06,1.132449508145516,0.005000000000024608,0.9298285111680437,0.12149791454530531
1.399500000000001,0.01814052676083536,0.0,0.13332029115688937,9.994169440846968e-06,1.1326153918865625,0.005000000000024625,0.9296526313390938,0.12147701081708824
1.400000000000001,0.018142748983057583,0.0,0.1333893692481013,9.994169440846968e-06,1.1327812717044057,0.005000000000024644,0.9294765355382432,0.12145611487064938
1.400500000000001,0.018144971205279803,0.0,0.13345879420463813,9.994169440846968e-06,1.1329471475934614,0.005000000000024662,0.9293002237870496,0.12143522745591034
1.401000000000001,0.018147193427502026,0.0,0.1335284747664688,9.994169440846968e-06,1.133113020646387,0.005000000000024679,0.9291236949375781,0.12141425673876206
1.401500000000001,0.01814941564972425,0.0,0.13359838094634027,9.994169440846968e-06,1.133278891223339,0.005000000000024697,0.9289469486171096,0.12139317255147689
1.402000000000001,0.01815163787194647,0.0,0.13366855399389485,9.994169440846968e-06,1.1334447588340215,0.005000000000024716,0.9287699853589193,0.1213720164294097
1.402500000000001,0.018153860094168695,0.0,0.13373902345219071,9.994169440846968e-06,1.1336106231283207,0.005000000000024734,0.9285928055490473,0.12135081812773826
1.4030000000000011,0.018156082316390917,0.0,0.1338097950387941,9.994169440846968e-06,1.133776484040665,0.005000000000024751,0.9284154092708709,0.12132958342088929
1.403500000000001,0.018158304538613137,0.0,0.13388087189105122,9.994169440846968e-06,1.133942341536328,0.005000000000024769,0.9282377965750628,0.12130831548640182
1.404000000000001,0.01816052676083536,0.0,0.133952257150435,9.994169440846968e-06,1.1341081955805825,0.005000000000024788,0.9280599675124809,0.12128701750622653
1.404500000000001,0.018162748983057583,0.0,0.1340239539623688,9.994169440846968e-06,1.1342740461387022,0.005000000000024806,0.9278819221341666,0.12126569266654914
1.405000000000001,0.018164971205279802,0.0,0.13409596474973587,9.994169440846968e-06,1.134439893184617,0.005000000000024824,0.9277036604820352,0.12124434342641766
1.405500000000001,0.018167193427502025,0.0,0.13416828846523998,9.994169440846968e-06,1.1346057367336304,0.005000000000024841,0.9275251825535863,0.12122296875149663
1.406000000000001,0.018169415649724248,0.0,0.13424092572307578,9.994169440846968e-06,1.1347715767812558,0.0050000000000248596,0.9273464883675763,0.12120156928005744
1.406500000000001,0.01817163787194647,0.0,0.13431387649020915,9.994169440846968e-06,1.134937413330728,0.005000000000024878,0.9271675779344491,0.12118014499877697
1.4070000000000011,0.018173860094168694,0.0,0.13438714073415547,9.994169440846968e-06,1.1351032463852828,0.005000000000024896,0.9269884512646303,0.12115869589485377
1.407500000000001,0.018176082316390917,0.0,0.134460718423217,9.994169440846968e-06,1.1352690759481554,0.005000000000024914,0.9268091083685287,0.12113722195624707
1.408000000000001,0.01817830453861314,0.0,0.13453460952631605,9.994169440846968e-06,1.135434902022581,0.005000000000024932,0.9266295492565356,0.12111572317150886
1.408500000000001,0.01818052676083536,0.0,0.13460881401297004,9.994169440846968e-06,1.135600724611795,0.005000000000024951,0.9264497739390246,0.12109419952975893
1.409000000000001,0.018182748983057582,0.0,0.13468333185346354,9.994169440846968e-06,1.135766543719033,0.005000000000024969,0.9262697824263516,0.1210726510208575
1.409500000000001,0.018184971205279805,0.0,0.13475816301867038,9.994169440846968e-06,1.1359323593475301,0.005000000000024987,0.9260895747288558,0.12105107763522707
1.410000000000001,0.018187193427502028,0.0,0.13483330748013814,9.994169440846968e-06,1.1360981715005218,0.005000000000025005,0.9259091508568582,0.12102947936393685
1.410500000000001,0.018189415649724247,0.0,0.13490876521001943,9.994169440846968e-06,1.1362639801812435,0.0050000000000250235,0.9257285108206627,0.121007856198634
1.4110000000000011,0.01819163787194647,0.0,0.1349845361812116,9.994169440846968e-06,1.1364297853929304,0.005000000000025042,0.9255476546305559,0.12098620813168355
1.411500000000001,0.018193860094168693,0.0,0.1350606203671343,9.994169440846968e-06,1.136595587138818,0.00500000000002506,0.9253665822968062,0.12096453515594553
1.412000000000001,0.018196082316390916,0.0,0.13513701774195697,9.994169440846968e-06,1.1367613854221414,0.005000000000025078,0.9251852938296659,0.12094283726500336
1.412500000000001,0.01819830453861314,0.0,0.1352137282803875,9.994169440846968e-06,1.1369271802461365,0.005000000000025096,0.9250037892393682,0.1209211144529512
1.413000000000001,0.01820052676083536,0.0,0.1352907519578447,9.994169440846968e-06,1.137092971614038,0.0050000000000251146,0.9248220685361301,0.12089936671456769
1.413500000000001,0.018202748983057584,0.0,0.13536808875033482,9.994169440846968e-06,1.1372587595290817,0.005000000000025133,0.9246401317301509,0.12087759404519159
1.414000000000001,0.018204971205279804,0.0,0.1354457386344813,9.994169440846968e-06,1.137424543994503,0.005000000000025151,0.9244579788316116,0.12085579644075198
1.414500000000001,0.018207193427502027,0.0,0.1355237015876319,9.994169440846968e-06,1.1375903250135369,0.005000000000025169,0.9242756098506771,0.12083397389787545
1.4150000000000011,0.01820941564972425,0.0,0.1356019775876141,9.994169440846968e-06,1.137756102589419,0.005000000000025187,0.9240930247974939,0.12081212641364081
1.415500000000001,0.018211637871946473,0.0,0.13568056661297362,9.994169440846968e-06,1.1379218767253847,0.005000000000025206,0.9239102236821911,0.12079025398581865
1.416000000000001,0.018213860094168692,0.0,0.1357594686428289,9.994169440846968e-06,1.138087647424669,0.005000000000025224,0.9237272065148812,0.12076835661272518
1.416500000000001,0.018216082316390915,0.0,0.13583868365694504,9.994169440846968e-06,1.138253414690508,0.005000000000025243,0.9235439733056579,0.12074643429329601
1.417000000000001,0.018218304538613138,0.0,0.13591821163567597,9.994169440846968e-06,1.1384191785261362,0.005000000000025261,0.9233605240645986,0.1207244870270289
1.417500000000001,0.01822052676083536,0.0,0.13599805255997235,9.994169440846968e-06,1.1385849389347895,0.005000000000025279,0.9231768588017626,0.12070251481399118
1.418000000000001,0.018222748983057584,0.0,0.1360782064114338,9.994169440846968e-06,1.138750695919703,0.005000000000025298,0.9229929775271926,0.12068051765487242
1.418500000000001,0.018224971205279803,0.0,0.136158673172174,9.994169440846968e-06,1.1389164494841122,0.005000000000025316,0.9228088802509125,0.1206584955508488
1.4190000000000011,0.01822719342750203,0.0,0.13623945282503772,9.994169440846968e-06,1.1390821996312526,0.005000000000025335,0.9226245669829296,0.12063644850380097
1.419500000000001,0.01822941564972425,0.0,0.13632054535331184,9.994169440846968e-06,1.1392479463643592,0.005000000000025353,0.9224400377332341,0.12061437651602468
1.420000000000001,0.018231637871946472,0.0,0.13640195074104172,9.994169440846968e-06,1.1394136896866676,0.005000000000025371,0.9222552925117983,0.12059227959054729
1.420500000000001,0.01823386009416869,0.0,0.13648366897270892,9.994169440846968e-06,1.139579429601413,0.0050000000000253895,0.9220703313285767,0.12057015773080502
1.421000000000001,0.018236082316390914,0.0,0.13656570003349267,9.994169440846968e-06,1.139745166111831,0.005000000000025409,0.9218851541935071,0.12054801094090503
1.421500000000001,0.018238304538613137,0.0,0.13664804390910168,9.994169440846968e-06,1.1399108992211568,0.005000000000025427,0.9216997611165092,0.12052583922545698
1.422000000000001,0.01824052676083536,0.0,0.13673070058587053,9.994169440846968e-06,1.1400766289326256,0.005000000000025445,0.921514152107486,0.12050364258966965
1.422500000000001,0.018242748983057583,0.0,0.1368136700506244,9.994169440846968e-06,1.1402423552494731,0.005000000000025464,0.9213283271763223,0.12048142103921478
1.4230000000000012,0.018244971205279806,0.0,0.13689695229086357,9.994169440846968e-06,1.1404080781749346,0.005000000000025482,0.9211422863328858,0.120459174580413
1.423500000000001,0.01824719342750203,0.0,0.1369805472946174,9.994169440846968e-06,1.1405737977122452,0.0050000000000255005,0.920956029587027,0.12043690322008668
1.424000000000001,0.018249415649724248,0.0,0.13706445505044115,9.994169440846968e-06,1.1407395138646406,0.00500000000002552,0.9207695569485785,0.12041460696555704
1.424500000000001,0.01825163787194647,0.0,0.13714867554758994,9.994169440846968e-06,1.1409052266353557,0.005000000000025538,0.9205828684273563,0.1203922858248186
1.425000000000001,0.018253860094168694,0.0,0.13723320877573975,9.994169440846968e-06,1.1410709360276263,0.005000000000025557,0.9203959640331575,0.12036993980625926
1.425500000000001,0.018256082316390917,0.0,0.13731805472520534,9.994169440846968e-06,1.1412366420446876,0.005000000000025575,0.9202088437757632,0.12034756891887916
1.426000000000001,0.018258304538613136,0.0,0.137403213386805,9.994169440846968e-06,1.141402344689775,0.005000000000025593,0.9200215076649363,0.12032517317215471
1.426500000000001,0.01826052676083536,0.0,0.13748868475202333,9.994169440846968e-06,1.1415680439661235,0.005000000000025612,0.9198339557104228,0.12030275257620207
1.4270000000000012,0.018262748983057582,0.0,0.1375744688127652,9.994169440846968e-06,1.1417337398769691,0.005000000000025631,0.9196461879219506,0.12028030714153015
1.427500000000001,0.018264971205279805,0.0,0.1376605655615519,9.994169440846968e-06,1.141899432425547,0.00500000000002565,0.9194582043092305,0.12025783687923773
1.428000000000001,0.018267193427502028,0.0,0.1377469749914852,9.994169440846968e-06,1.1420651216150919,0.005000000000025668,0.9192700048819566,0.12023534180097731
1.428500000000001,0.01826941564972425,0.0,0.13783369709612264,9.994169440846968e-06,1.1422308074488399,0.005000000000025687,0.9190815896498041,0.12021282191882957
1.429000000000001,0.01827163787194647,0.0,0.13792073186959655,9.994169440846968e-06,1.142396489930026,0.005000000000025705,0.9188929586224319,0.12019027724542342
1.429500000000001,0.018273860094168693,0.0,0.13800807930664424,9.994169440846968e-06,1.142562169061886,0.005000000000025724,0.9187041118094811,0.12016770779396585
1.430000000000001,0.018276082316390916,0.0,0.1380957394024726,9.994169440846968e-06,1.1427278448476546,0.005000000000025743,0.9185150492205754,0.12014511357810642
1.430500000000001,0.01827830453861314,0.0,0.1381837121528213,9.994169440846968e-06,1.1428935172905674,0.005000000000025762,0.9183257708653212,0.12012249461200039
1.4310000000000012,0.018280526760835362,0.0,0.13827199755397127,9.994169440846968e-06,1.1430591863938602,0.005000000000025781,0.9181362767533071,0.12009985091031744
1.431500000000001,0.01828274898305758,0.0,0.1383605956027419,9.994169440846968e-06,1.1432248521607677,0.005000000000025799,0.9179465668941049,0.120077182488239
1.432000000000001,0.018284971205279804,0.0,0.13844950629649908,9.994169440846968e-06,1.1433905145945256,0.005000000000025818,0.9177566412972686,0.12005448936146569
1.432500000000001,0.018287193427502027,0.0,0.13853872963306388,9.994169440846968e-06,1.1435561736983693,0.005000000000025837,0.9175664999723345,0.12003177154612643
1.433000000000001,0.01828941564972425,0.0,0.13862826561080943,9.994169440846968e-06,1.143721829475534,0.005000000000025855,0.9173761429288221,0.12000902905887527
1.433500000000001,0.018291637871946473,0.0,0.13871811422864697,9.994169440846968e-06,1.1438874819292553,0.005000000000025874,0.9171855701762329,0.11998626191687767
1.434000000000001,0.018293860094168692,0.0,0.13880827548594535,9.994169440846968e-06,1.1440531310627684,0.0050000000000258935,0.9169947817240515,0.11996347013772947
1.434500000000001,0.018296082316390915,0.0,0.13889874938269492,9.994169440846968e-06,1.1442187768793084,0.005000000000025912,0.916803777581745,0.11994065373962144
1.4350000000000012,0.018298304538613138,0.0,0.13898953378994242,9.994169440846968e-06,1.1443844194070294,0.005000000000025931,0.9166125577299802,0.1199178105946542
1.435500000000001,0.01830052676083536,0.0,0.1390806209970751,9.994169440846968e-06,1.1445500587393573,0.00500000000002595,0.9164211220737933,0.119894932948062
1.436000000000001,0.01830274898305758,0.0,0.13917202136224496,9.994169440846968e-06,1.1447156947582933,0.005000000000025969,0.9162294707624979,0.11987203125919377
1.436500000000001,0.018304971205279803,0.0,0.13926373484478108,9.994169440846968e-06,1.144881327467577,0.005000000000025987,0.9160376038049307,0.11984910550515923
1.437000000000001,0.018307193427502026,0.0,0.1393557614042993,9.994169440846968e-06,1.1450469568709492,0.005000000000026006,0.915845521209908,0.11982615566332312
1.437500000000001,0.01830941564972425,0.0,0.13944810100092134,9.994169440846968e-06,1.1452125829721496,0.005000000000026025,0.9156532229862263,0.11980318171152526
1.438000000000001,0.018311637871946472,0.0,0.13954075359523818,9.994169440846968e-06,1.145378205774918,0.005000000000026044,0.9154607091426624,0.11978018362804405
1.438500000000001,0.018313860094168695,0.0,0.13963371914824027,9.994169440846968e-06,1.1455438252829946,0.0050000000000260635,0.9152679796879726,0.11975716139152594
1.4390000000000012,0.018316082316390918,0.0,0.13972699762130278,9.994169440846968e-06,1.1457094415001199,0.005000000000026082,0.9150750346308926,0.1197341149809707
1.4395000000000011,0.018318304538613137,0.0,0.13982058897624944,9.994169440846968e-06,1.1458750544300338,0.005000000000026101,0.9148818739801388,0.11971104437579597
1.440000000000001,0.01832052676083536,0.0,0.13991449317544957,9.994169440846968e-06,1.146040664076476,0.00500000000002612,0.9146884977444076,0.1196879495559344
1.440500000000001,0.018322748983057583,0.0,0.14000871018149164,9.994169440846968e-06,1.1462062704431872,0.005000000000026139,0.9144949059323744,0.11966483050150556
1.441000000000001,0.018324971205279802,0.0,0.14010323995750318,9.994169440846968e-06,1.146371873533907,0.005000000000026158,0.9143010985526957,0.11964168719313811
1.4415000000000011,0.018327193427502025,0.0,0.14019808246702503,9.994169440846968e-06,1.1465374733523759,0.005000000000026177,0.914107075614007,0.1196185196118424
1.442000000000001,0.01832941564972425,0.0,0.14029323767398605,9.994169440846968e-06,1.1467030699023335,0.005000000000026196,0.9139128371249242,0.11959532773898608
1.442500000000001,0.01833163787194647,0.0,0.14038870554269942,9.994169440846968e-06,1.1468686631875202,0.005000000000026215,0.913718383094043,0.11957211155628972
1.4430000000000012,0.018333860094168694,0.0,0.1404844860378932,9.994169440846968e-06,1.1470342532116762,0.005000000000026234,0.9135237135299388,0.11954887104585783
1.4435000000000011,0.018336082316390917,0.0,0.1405805791247071,9.994169440846968e-06,1.1471998399785415,0.005000000000026253,0.9133288284411671,0.11952560619017556
1.444000000000001,0.01833830453861314,0.0,0.14067698476871165,9.994169440846968e-06,1.1473654234918558,0.0050000000000262725,0.913133727836264,0.11950231697212822
1.444500000000001,0.01834052676083536,0.0,0.14077370293574845,9.994169440846968e-06,1.1475310037553599,0.005000000000026292,0.912938411723744,0.11947900337484016
1.445000000000001,0.018342748983057582,0.0,0.1408707335922513,9.994169440846968e-06,1.1476965807727932,0.005000000000026311,0.912742880112103,0.11945566538199813
1.4455000000000011,0.018344971205279805,0.0,0.14096807670486267,9.994169440846968e-06,1.1478621545478962,0.00500000000002633,0.9125471330098163,0.11943230297746549
1.446000000000001,0.018347193427502028,0.0,0.14106573224067662,9.994169440846968e-06,1.1480277250844089,0.005000000000026349,0.9123511704253386,0.1194089161455266
1.446500000000001,0.018349415649724247,0.0,0.14116370016715737,9.994169440846968e-06,1.1481932923860714,0.005000000000026368,0.9121549923671054,0.11938550487080499
1.4470000000000012,0.01835163787194647,0.0,0.14126198045219207,9.994169440846968e-06,1.1483588564566236,0.005000000000026387,0.9119585988435318,0.11936206913831585
1.4475000000000011,0.018353860094168693,0.0,0.14136057306397568,9.994169440846968e-06,1.148524417299806,0.005000000000026406,0.9117619898630125,0.11933860893335123
1.448000000000001,0.018356082316390916,0.0,0.14145947797113081,9.994169440846968e-06,1.1486899749193582,0.005000000000026425,0.9115651654339225,0.11931512424160005
1.448500000000001,0.01835830453861314,0.0,0.14155869514260397,9.994169440846968e-06,1.1488555293190206,0.005000000000026445,0.9113681255646169,0.11929161504904368
1.449000000000001,0.01836052676083536,0.0,0.14165822454771826,9.994169440846968e-06,1.1490210805025332,0.005000000000026464,0.9111708702634301,0.11926808134200936
1.4495000000000011,0.018362748983057585,0.0,0.14175806615619277,9.994169440846968e-06,1.1491866284736363,0.005000000000026483,0.9109733995386768,0.11924452310718885
1.450000000000001,0.018364971205279804,0.0,0.14185821993804956,9.994169440846968e-06,1.1493521732360696,0.005000000000026502,0.9107757133986522,0.11922094033154665
1.450500000000001,0.018367193427502027,0.0,0.1419586858637453,9.994169440846968e-06,1.1495177147935733,0.005000000000026521,0.9105778118516307,0.1191973330024502
1.4510000000000012,0.01836941564972425,0.0,0.1420594639040108,9.994169440846968e-06,1.1496832531498877,0.0050000000000265405,0.9103796949058665,0.11917370110751015
1.4515000000000011,0.01837163787194647,0.0,0.1421605540299379,9.994169440846968e-06,1.1498487883087527,0.0050000000000265605,0.9101813625695945,0.11915004463466723
1.452000000000001,0.018373860094168692,0.0,0.1422619562130098,9.994169440846968e-06,1.1500143202739086,0.0050000000000265795,0.9099828148510287,0.11912636357222235
1.452500000000001,0.018376082316390915,0.0,0.14236367042505316,9.994169440846968e-06,1.150179849049095,0.005000000000026599,0.9097840517583641,0.11910265790878945
1.453000000000001,0.01837830453861314,0.0,0.14246569663816736,9.994169440846968e-06,1.1503453746380528,0.005000000000026619,0.9095850732997742,0.11907892763322332
1.4535000000000011,0.01838052676083536,0.0,0.14256803482485653,9.994169440846968e-06,1.1505108970445213,0.005000000000026638,0.9093858794834141,0.11905517273475313
1.454000000000001,0.018382748983057584,0.0,0.14267068495792493,9.994169440846968e-06,1.150676416272241,0.005000000000026657,0.9091864703174175,0.11903139320287688
1.454500000000001,0.018384971205279804,0.0,0.14277364701047396,9.994169440846968e-06,1.150841932324952,0.005000000000026676,0.9089868458098985,0.11900758902735853
1.4550000000000012,0.018387193427502026,0.0,0.14287692095604526,9.994169440846968e-06,1.151007445206394,0.005000000000026696,0.9087870059689516,0.11898376019837173
1.4555000000000011,0.01838941564972425,0.0,0.14298050676841523,9.994169440846968e-06,1.1511729549203076,0.005000000000026715,0.9085869508026506,0.11895990670629361
1.456000000000001,0.018391637871946472,0.0,0.14308440442169287,9.994169440846968e-06,1.1513384614704325,0.005000000000026735,0.9083866803190497,0.11893602854180287
1.456500000000001,0.01839386009416869,0.0,0.14318861389029436,9.994169440846968e-06,1.151503964860509,0.005000000000026754,0.9081861945261827,0.1189121256958544
1.457000000000001,0.018396082316390915,0.0,0.1432931351490076,9.994169440846968e-06,1.1516694650942771,0.005000000000026773,0.9079854934320634,0.11888819815974376
1.4575000000000011,0.018398304538613137,0.0,0.14339796817287623,9.994169440846968e-06,1.151834962175477,0.005000000000026793,0.9077845770446857,0.11886424592499131
1.458000000000001,0.01840052676083536,0.0,0.14350311293728693,9.994169440846968e-06,1.1520004561078487,0.005000000000026812,0.9075834453720238,0.11884026898342959
1.458500000000001,0.018402748983057583,0.0,0.14360856941788716,9.994169440846968e-06,1.1521659468951324,0.005000000000026832,0.907382098422031,0.11881626732712045
1.4590000000000012,0.018404971205279806,0.0,0.14371433759069505,9.994169440846968e-06,1.152331434541068,0.005000000000026851,0.9071805362026413,0.11879224094846605
1.4595000000000011,0.01840719342750203,0.0,0.14382041743198343,9.994169440846968e-06,1.1524969190493957,0.005000000000026871,0.9069787587217683,0.11876818984009185
1.460000000000001,0.01840941564972425,0.0,0.14392680891828788,9.994169440846968e-06,1.1526624004238555,0.00500000000002689,0.9067767659873056,0.11874411399485493
1.460500000000001,0.01841163787194647,0.0,0.14403351202653944,9.994169440846968e-06,1.1528278786681876,0.00500000000002691,0.9065745580071269,0.11872001340597718
1.461000000000001,0.018413860094168694,0.0,0.14414052673388064,9.994169440846968e-06,1.152993353786132,0.005000000000026929,0.9063721347890856,0.11869588806686086
1.4615000000000011,0.018416082316390917,0.0,0.14424785301774132,9.994169440846968e-06,1.1531588257814291,0.005000000000026949,0.9061694963410154,0.1186717379711643
1.462000000000001,0.018418304538613137,0.0,0.14435549085588129,9.994169440846968e-06,1.1533242946578184,0.005000000000026968,0.9059666426707299,0.1186475631128455
1.462500000000001,0.01842052676083536,0.0,0.14446344022630753,9.994169440846968e-06,1.1534897604190404,0.005000000000026988,0.9057635737860223,0.11862336348607763
1.4630000000000012,0.018422748983057582,0.0,0.1445717011073055,9.994169440846968e-06,1.1536552230688353,0.005000000000027008,0.9055602896946658,0.11859913908528205
1.4635000000000011,0.018424971205279805,0.0,0.1446802734774812,9.994169440846968e-06,1.1538206826109427,0.005000000000027027,0.9053567904044145,0.11857488990516982
1.464000000000001,0.01842719342750203,0.0,0.14478915731562206,9.994169440846968e-06,1.1539861390491033,0.005000000000027047,0.9051530759230009,0.11855061594060164
1.464500000000001,0.018429415649724248,0.0,0.1448983526008528,9.994169440846968e-06,1.1541515923870567,0.005000000000027066,0.9049491462581389,0.1185263171867453
1.465000000000001,0.01843163787194647,0.0,0.14500785931259821,9.994169440846968e-06,1.154317042628543,0.005000000000027086,0.9047450014175218,0.11850199363903745
1.4655000000000011,0.018433860094168694,0.0,0.1451176774304327,9.994169440846968e-06,1.1544824897773027,0.005000000000027106,0.9045406414088222,0.11847764529303284
1.466000000000001,0.018436082316390916,0.0,0.14522780693431558,9.994169440846968e-06,1.1546479338370754,0.005000000000027125,0.9043360662396942,0.11845327214464121
1.466500000000001,0.018438304538613136,0.0,0.1453382478043381,9.994169440846968e-06,1.1548133748116016,0.005000000000027145,0.9041312759177702,0.11842887418987222
1.4670000000000012,0.01844052676083536,0.0,0.1454490000209592,9.994169440846968e-06,1.1549788127046212,0.005000000000027165,0.9039262704506638,0.1184044514250727
1.4675000000000011,0.01844274898305758,0.0,0.1455600635648432,9.994169440846968e-06,1.1551442475198743,0.005000000000027185,0.9037210498459679,0.11838000384676406
1.468000000000001,0.018444971205279805,0.0,0.14567143841686828,9.994169440846968e-06,1.155309679261101,0.005000000000027204,0.9035156141112557,0.11835553145165013
1.468500000000001,0.018447193427502027,0.0,0.1457831245582257,9.994169440846968e-06,1.1554751079320413,0.005000000000027224,0.9033099632540804,0.11833103423671743
1.469000000000001,0.01844941564972425,0.0,0.1458951219702802,9.994169440846968e-06,1.1556405335364355,0.005000000000027244,0.9031040972819748,0.11830651219909434
1.4695000000000011,0.018451637871946473,0.0,0.14600743063466964,9.994169440846968e-06,1.1558059560780236,0.005000000000027264,0.9028980162024519,0.11828196533615173
1.470000000000001,0.018453860094168693,0.0,0.14612005053326763,9.994169440846968e-06,1.1559713755605454,0.005000000000027284,0.9026917200230051,0.11825739364546548
1.470500000000001,0.018456082316390916,0.0,0.14623298164819204,9.994169440846968e-06,1.1561367919877414,0.005000000000027303,0.902485208751107,0.1182327971248242
1.4710000000000012,0.01845830453861314,0.0,0.14634622396177913,9.994169440846968e-06,1.1563022053633516,0.005000000000027323,0.9022784823942107,0.11820817577220444
1.4715000000000011,0.01846052676083536,0.0,0.1464597774565806,9.994169440846968e-06,1.1564676156911158,0.005000000000027343,0.9020715409597492,0.11818352958576694
1.472000000000001,0.01846274898305758,0.0,0.14657364211533763,9.994169440846968e-06,1.1566330229747745,0.005000000000027363,0.901864384455135,0.11815885856383088
1.472500000000001,0.018464971205279804,0.0,0.1466878179211265,9.994169440846968e-06,1.1567984272180676,0.005000000000027383,0.9016570128877615,0.11813416270501989
1.473000000000001,0.018467193427502027,0.0,0.1468023048571614,9.994169440846968e-06,1.156963828424735,0.005000000000027403,0.9014494262650015,0.11810944200806452
1.4735000000000011,0.01846941564972425,0.0,0.14691710290683702,9.994169440846968e-06,1.1571292265985171,0.005000000000027423,0.9012416245942074,0.11808469647184434
1.474000000000001,0.018471637871946472,0.0,0.14703221205382852,9.994169440846968e-06,1.157294621743154,0.0050000000000274426,0.9010336078827126,0.11805992609548904
1.474500000000001,0.018473860094168695,0.0,0.14714763228198566,9.994169440846968e-06,1.1574600138623854,0.0050000000000274625,0.9008253761378295,0.11803513087827161
1.4750000000000012,0.018476082316390918,0.0,0.1472633635753755,9.994169440846968e-06,1.1576254029599518,0.0050000000000274825,0.9006169293668513,0.11801031081965156
1.4755000000000011,0.018478304538613138,0.0,0.14737940591826817,9.994169440846968e-06,1.1577907890395929,0.005000000000027502,0.9004082675770508,0.11798546591926065
1.476000000000001,0.01848052676083536,0.0,0.14749575929514516,9.994169440846968e-06,1.157956172105049,0.005000000000027522,0.9001993907756805,0.11796059617691057
1.476500000000001,0.018482748983057583,0.0,0.14761242369065056,9.994169440846968e-06,1.1581215521600605,0.005000000000027542,0.8999902989699731,0.11793570159254492
1.477000000000001,0.018484971205279803,0.0,0.14772939908962265,9.994169440846968e-06,1.158286929208367,0.005000000000027562,0.8997809921671416,0.11791078216627061
1.4775000000000011,0.018487193427502026,0.0,0.147846685477148,9.994169440846968e-06,1.158452303253709,0.005000000000027582,0.8995714703743785,0.11788583789841171
1.478000000000001,0.01848941564972425,0.0,0.14796428283847846,9.994169440846968e-06,1.1586176742998262,0.005000000000027602,0.8993617335988571,0.11786086878942714
1.478500000000001,0.01849163787194647,0.0,0.1480821911590052,9.994169440846968e-06,1.1587830423504588,0.005000000000027622,0.8991517818477296,0.11783587483988348
1.4790000000000012,0.018493860094168695,0.0,0.1482004104243246,9.994169440846968e-06,1.1589484074093472,0.005000000000027642,0.8989416151281286,0.11781085605052177
1.4795000000000011,0.018496082316390917,0.0,0.14831894062025827,9.994169440846968e-06,1.159113769480231,0.005000000000027662,0.8987312334471678,0.11778581242227783
1.480000000000001,0.01849830453861314,0.0,0.14843778173272382,9.994169440846968e-06,1.1592791285668507,0.005000000000027683,0.8985206368119386,0.11776074395615174
1.480500000000001,0.01850052676083536,0.0,0.14855693374788115,9.994169440846968e-06,1.159444484672946,0.005000000000027703,0.8983098252295149,0.11773565065335584
1.481000000000001,0.018502748983057583,0.0,0.14867639665203783,9.994169440846968e-06,1.1596098378022572,0.005000000000027723,0.8980987987069485,0.11771053251521828
1.4815000000000011,0.018504971205279806,0.0,0.14879617043166893,9.994169440846968e-06,1.1597751879585245,0.005000000000027743,0.8978875572512727,0.11768538954320445
1.482000000000001,0.018507193427502025,0.0,0.14891625507335668,9.994169440846968e-06,1.1599405351454881,0.005000000000027763,0.8976761008694996,0.1176602217388554
1.482500000000001,0.018509415649724248,0.0,0.1490366505640062,9.994169440846968e-06,1.1601058793668875,0.0050000000000277834,0.8974644295686227,0.11763502910400504
1.4830000000000012,0.01851163787194647,0.0,0.14915735689048568,9.994169440846968e-06,1.1602712206264634,0.005000000000027803,0.897252543355614,0.11760981164041817
1.4835000000000012,0.018513860094168694,0.0,0.14927837403994598,9.994169440846968e-06,1.1604365589279555,0.005000000000027823,0.8970404422374266,0.11758456935011238
1.484000000000001,0.018516082316390917,0.0,0.14939970199963337,9.994169440846968e-06,1.1606018942751042,0.005000000000027843,0.8968281262209931,0.11755930223516908
1.484500000000001,0.01851830453861314,0.0,0.14952134075699022,9.994169440846968e-06,1.1607672266716493,0.005000000000027864,0.8966155953132261,0.11753401029783542
1.485000000000001,0.01852052676083536,0.0,0.14964329029954856,9.994169440846968e-06,1.160932556121331,0.005000000000027884,0.8964028495210186,0.11750869354041683
1.4855000000000012,0.018522748983057582,0.0,0.14976555061503086,9.994169440846968e-06,1.1610978826278897,0.005000000000027904,0.8961898888512427,0.11748335196537811
1.486000000000001,0.018524971205279805,0.0,0.14988812169131244,9.994169440846968e-06,1.161263206195065,0.005000000000027925,0.8959767133107519,0.11745798557530675
1.486500000000001,0.018527193427502028,0.0,0.15001100351637273,9.994169440846968e-06,1.161428526826597,0.005000000000027945,0.8957633229063787,0.11743259437286285
1.4870000000000012,0.01852941564972425,0.0,0.15013419607829198,9.994169440846968e-06,1.1615938445262262,0.005000000000027965,0.8955497176449354,0.11740717836077605
1.4875000000000012,0.01853163787194647,0.0,0.1502576993653525,9.994169440846968e-06,1.1617591592976924,0.0050000000000279855,0.8953358975332152,0.11738173754194807
1.488000000000001,0.018533860094168693,0.0,0.15038151336596664,9.994169440846968e-06,1.1619244711447356,0.0050000000000280055,0.8951218625779908,0.11735627191937907
1.488500000000001,0.018536082316390916,0.0,0.15050563806863893,9.994169440846968e-06,1.162089780071096,0.005000000000028026,0.8949076127860148,0.11733078149613077
1.489000000000001,0.01853830453861314,0.0,0.15063007346197496,9.994169440846968e-06,1.162255086080514,0.005000000000028046,0.8946931481640199,0.11730526627533464
1.4895000000000012,0.01854052676083536,0.0,0.15075481953474787,9.994169440846968e-06,1.1624203891767295,0.005000000000028067,0.8944784687187189,0.11727972626025912
1.490000000000001,0.018542748983057585,0.0,0.15087987627586075,9.994169440846968e-06,1.1625856893634823,0.005000000000028087,0.894263574456805,0.11725416145427198
1.490500000000001,0.018544971205279804,0.0,0.1510052436742628,9.994169440846968e-06,1.1627509866445127,0.005000000000028108,0.8940484653849505,0.11722857186075555
1.4910000000000012,0.018547193427502027,0.0,0.15113092171910847,9.994169440846968e-06,1.1629162810235607,0.005000000000028128,0.8938331415098087,0.11720295748326687
1.4915000000000012,0.01854941564972425,0.0,0.15125691039956948,9.994169440846968e-06,1.1630815725043666,0.005000000000028149,0.8936176028380121,0.117177318325349
1.492000000000001,0.018551637871946473,0.0,0.15138320970500566,9.994169440846968e-06,1.1632468610906703,0.0050000000000281685,0.8934018493761735,0.11715165439070281
1.492500000000001,0.018553860094168692,0.0,0.1515098196247881,9.994169440846968e-06,1.163412146786212,0.005000000000028189,0.893185881130886,0.11712596568300887
1.493000000000001,0.018556082316390915,0.0,0.15163674014851683,9.994169440846968e-06,1.1635774295947316,0.005000000000028209,0.8929696981087224,0.11710025220614631
1.4935000000000012,0.018558304538613138,0.0,0.15176397126575117,9.994169440846968e-06,1.1637427095199697,0.00500000000002823,0.8927533003162352,0.11707451396392196
1.494000000000001,0.01856052676083536,0.0,0.15189151296628534,9.994169440846968e-06,1.1639079865656656,0.005000000000028251,0.8925366877599583,0.11704875096034786
1.494500000000001,0.018562748983057584,0.0,0.15201936523987852,9.994169440846968e-06,1.16407326073556,0.005000000000028271,0.8923198604464039,0.11702296319936874
1.4950000000000012,0.018564971205279807,0.0,0.152147528076438,9.994169440846968e-06,1.1642385320333928,0.005000000000028292,0.8921028183820648,0.11699715068504715
1.4955000000000012,0.01856719342750203,0.0,0.15227600146596987,9.994169440846968e-06,1.164403800462904,0.005000000000028312,0.8918855615734145,0.1169713134215137
1.496000000000001,0.01856941564972425,0.0,0.15240478539852959,9.994169440846968e-06,1.1645690660278338,0.0050000000000283325,0.8916680900269058,0.11694545141291732
1.496500000000001,0.018571637871946472,0.0,0.15253387986431233,9.994169440846968e-06,1.1647343287319223,0.005000000000028353,0.8914504037489719,0.11691956466351561
1.497000000000001,0.01857386009416869,0.0,0.15266328485351044,9.994169440846968e-06,1.1648995885789095,0.005000000000028374,0.8912325027460255,0.11689365317753261
1.4975000000000012,0.018576082316390914,0.0,0.15279300035648544,9.994169440846968e-06,1.1650648455725356,0.005000000000028394,0.8910143870244598,0.11686771695933063
1.498000000000001,0.018578304538613137,0.0,0.1529230263635786,9.994169440846968e-06,1.1652300997165408,0.005000000000028415,0.890796056590648,0.11684175601322058
1.498500000000001,0.01858052676083536,0.0,0.15305336286530646,9.994169440846968e-06,1.1653953510146646,0.005000000000028436,0.8905775114509435,0.1168157703436586
1.4990000000000012,0.018582748983057583,0.0,0.15318400985210132,9.994169440846968e-06,1.165560599470648,0.0050000000000284565,0.8903587516116788,0.11678975995498411
1.4995000000000012,0.018584971205279806,0.0,0.15331496731462363,9.994169440846968e-06,1.1657258450882302,0.0050000000000284765,0.8901397770791677,0.11676372485173553
1.500000000000001,0.01858719342750203,0.0,0.15344623524351397,9.994169440846968e-06,1.1658910878711517,0.005000000000028497,0.8899205878597033,0.11673766503839964
1.500500000000001,0.018589415649724248,0.0,0.15357781362940193,9.994169440846968e-06,1.1660563278231528,0.005000000000028518,0.8897011839595584,0.11671158051942084
1.501000000000001,0.01859163787194647,0.0,0.15370970246317212,9.994169440846968e-06,1.1662215649479732,0.005000000000028539,0.8894815653849868,0.11668547129946902
1.5015000000000012,0.018593860094168694,0.0,0.15384190173556392,9.994169440846968e-06,1.1663867992493533,0.00500000000002856,0.8892617321422216,0.11665933738303663
1.5020000000000011,0.018596082316390917,0.0,0.15397441143749618,9.994169440846968e-06,1.1665520307310329,0.0050000000000285805,0.8890416842374763,0.11663317877476581
1.502500000000001,0.018598304538613136,0.0,0.15410723155980705,9.994169440846968e-06,1.1667172593967523,0.005000000000028601,0.888821421676944,0.11660699547918596
1.5030000000000012,0.01860052676083536,0.0,0.15424036209355532,9.994169440846968e-06,1.1668824852502515,0.005000000000028621,0.8886009444667984,0.11658078750101741
1.5035000000000012,0.018602748983057582,0.0,0.15437380302969028,9.994169440846968e-06,1.1670477082952706,0.005000000000028642,0.8883802526131928,0.11655455484483922
1.5040000000000011,0.018604971205279805,0.0,0.15450755435930622,9.994169440846968e-06,1.1672129285355495,0.005000000000028663,0.8881593461222609,0.11652829751534541
1.504500000000001,0.018607193427502028,0.0,0.15464161607340549,9.994169440846968e-06,1.1673781459748287,0.005000000000028684,0.8879382250001158,0.11650201551710587
1.505000000000001,0.01860941564972425,0.0,0.15477598816316526,9.994169440846968e-06,1.167543360616848,0.005000000000028705,0.8877168892528514,0.11647570885483591
1.5055000000000012,0.018611637871946474,0.0,0.15491067061968863,9.994169440846968e-06,1.1677085724653478,0.005000000000028725,0.8874953388865408,0.11644937753314473
1.5060000000000011,0.018613860094168693,0.0,0.1550456634341778,9.994169440846968e-06,1.1678737815240676,0.005000000000028746,0.8872735739072385,0.11642302155671082
1.506500000000001,0.018616082316390916,0.0,0.1551809665978492,9.994169440846968e-06,1.168038987796748,0.005000000000028767,0.8870515943209774,0.1163966409301951
1.5070000000000012,0.01861830453861314,0.0,0.15531658010190721,9.994169440846968e-06,1.168204191287129,0.005000000000028788,0.8868294001337717,0.11637023565821603
1.5075000000000012,0.018620526760835362,0.0,0.15545250393760024,9.994169440846968e-06,1.1683693919989506,0.005000000000028809,0.8866069913516148,0.11634380574540508
1.5080000000000011,0.01862274898305758,0.0,0.15558873809619442,9.994169440846968e-06,1.1685345899359527,0.00500000000002883,0.886384367980481,0.11631735119638098
1.508500000000001,0.018624971205279804,0.0,0.15572528256898263,9.994169440846968e-06,1.1686997851018757,0.005000000000028851,0.8861615300263239,0.11629087201575763
1.509000000000001,0.018627193427502027,0.0,0.15586213734723484,9.994169440846968e-06,1.1688649775004596,0.005000000000028872,0.8859384774950771,0.11626436820809556
1.5095000000000012,0.01862941564972425,0.0,0.15599930242224228,9.994169440846968e-06,1.1690301671354446,0.005000000000028893,0.8857152103926547,0.11623783977794555
1.5100000000000011,0.018631637871946473,0.0,0.15613677778533838,9.994169440846968e-06,1.1691953540105706,0.005000000000028914,0.8854917287249507,0.11621128672987009
1.510500000000001,0.018633860094168696,0.0,0.1562745634278254,9.994169440846968e-06,1.1693605381295777,0.005000000000028934,0.8852680324978394,0.11618470906836928
1.5110000000000012,0.01863608231639092,0.0,0.15641265934100704,9.994169440846968e-06,1.169525719496206,0.005000000000028955,0.8850441217171746,0.11615810679791383
1.5115000000000012,0.018638304538613138,0.0,0.15655106551618564,9.994169440846968e-06,1.1696908981141958,0.005000000000028977,0.8848199963887905,0.11613147992294243
1.5120000000000011,0.01864052676083536,0.0,0.15668978194471872,9.994169440846968e-06,1.1698560739872867,0.005000000000028998,0.8845956565185015,0.11610482844791796
1.512500000000001,0.01864274898305758,0.0,0.15682880861782714,9.994169440846968e-06,1.1700212471192195,0.0050000000000290186,0.8843711021121011,0.11607815237713544
1.513000000000001,0.018644971205279803,0.0,0.15696814552689964,9.994169440846968e-06,1.1701864175137335,0.005000000000029039,0.8841463331753647,0.1160514517150278
1.5135000000000012,0.018647193427502026,0.0,0.15710779266313563,9.994169440846968e-06,1.1703515851745696,0.005000000000029061,0.8839213497140455,0.11602472646580664
1.5140000000000011,0.01864941564972425,0.0,0.1572477500178498,9.994169440846968e-06,1.1705167501054672,0.005000000000029082,0.8836961517338786,0.11599797663376911
1.514500000000001,0.018651637871946472,0.0,0.15738801758224483,9.994169440846968e-06,1.1706819123101668,0.005000000000029103,0.8834707392405781,0.11597120222306849
1.5150000000000012,0.018653860094168695,0.0,0.1575285953475861,9.994169440846968e-06,1.1708470717924082,0.005000000000029124,0.8832451122398388,0.11594440323789082
1.5155000000000012,0.018656082316390918,0.0,0.1576694833050688,9.994169440846968e-06,1.1710122285559317,0.005000000000029145,0.8830192707373351,0.1159175796823206
1.5160000000000011,0.018658304538613137,0.0,0.15781068144583907,9.994169440846968e-06,1.1711773826044773,0.005000000000029166,0.8827932147387215,0.11589073156036235
1.516500000000001,0.01866052676083536,0.0,0.1579521897610741,9.994169440846968e-06,1.1713425339417853,0.005000000000029188,0.8825669442496326,0.1158638588760208
1.517000000000001,0.018662748983057583,0.0,0.15809400824193218,9.994169440846968e-06,1.1715076825715953,0.0050000000000292085,0.8823404592756836,0.11583696163325166
1.5175000000000012,0.018664971205279806,0.0,0.1582361368794314,9.994169440846968e-06,1.171672828497648,0.005000000000029229,0.8821137598224684,0.11581003983583837
1.5180000000000011,0.018667193427502025,0.0,0.1583785756646486,9.994169440846968e-06,1.171837971723683,0.005000000000029251,0.8818868458955628,0.11578309348759347
1.518500000000001,0.01866941564972425,0.0,0.15852132458862198,9.994169440846968e-06,1.1720031122534407,0.005000000000029272,0.8816597175005212,0.11575612259225919
1.5190000000000012,0.01867163787194647,0.0,0.158664383642277,9.994169440846968e-06,1.1721682500906612,0.0050000000000292935,0.8814323746428782,0.1157291271534343
1.5195000000000012,0.018673860094168694,0.0,0.15880775281659001,9.994169440846968e-06,1.172333385239084,0.005000000000029314,0.8812048173281498,0.1157021071747383
1.5200000000000011,0.018676082316390917,0.0,0.15895143210239576,9.994169440846968e-06,1.17249851770245,0.005000000000029336,0.8809770455618301,0.11567506265961727
1.520500000000001,0.01867830453861314,0.0,0.1590954214905508,9.994169440846968e-06,1.1726636474844987,0.005000000000029357,0.8807490593493951,0.11564799361150901
1.521000000000001,0.01868052676083536,0.0,0.15923972097181227,9.994169440846968e-06,1.1728287745889705,0.0050000000000293785,0.8805208586962993,0.11562090003372083
1.5215000000000012,0.018682748983057582,0.0,0.15938433053690643,9.994169440846968e-06,1.1729938990196056,0.005000000000029399,0.880292443607978,0.11559378192949776
1.5220000000000011,0.018684971205279805,0.0,0.15952925017652603,9.994169440846968e-06,1.1731590207801437,0.005000000000029421,0.8800638140898471,0.11556663930202163
1.522500000000001,0.018687193427502028,0.0,0.15967447988125644,9.994169440846968e-06,1.173324139874325,0.005000000000029443,0.8798349701473016,0.11553947215433517
1.5230000000000012,0.01868941564972425,0.0,0.15982001964162043,9.994169440846968e-06,1.17348925630589,0.0050000000000294635,0.8796059117857167,0.11551228048938772
1.5235000000000012,0.01869163787194647,0.0,0.1599658694481473,9.994169440846968e-06,1.1736543700785782,0.005000000000029485,0.8793766390104488,0.1154850643101054
1.5240000000000011,0.018693860094168693,0.0,0.16011202929122695,9.994169440846968e-06,1.17381948119613,0.005000000000029506,0.8791471518268328,0.11545782361924245
1.524500000000001,0.018696082316390916,0.0,0.16025849916120297,9.994169440846968e-06,1.1739845896622854,0.005000000000029528,0.8789174502401847,0.11543055841947711
1.525000000000001,0.01869830453861314,0.0,0.16040527904829802,9.994169440846968e-06,1.1741496954807846,0.005000000000029549,0.8786875342557999,0.115403268713335
1.5255000000000012,0.018700526760835362,0.0,0.16055236894275499,9.994169440846968e-06,1.1743147986553677,0.00500000000002957,0.8784574038789544,0.1153759545033323
1.5260000000000011,0.018702748983057585,0.0,0.1606997688347146,9.994169440846968e-06,1.1744798991897745,0.005000000000029592,0.8782270591149046,0.11534861579185182
1.526500000000001,0.018704971205279804,0.0,0.1608474787140934,9.994169440846968e-06,1.1746449970877455,0.005000000000029614,0.8779964999688854,0.11532125258102013
1.5270000000000012,0.018707193427502027,0.0,0.16099549857096385,9.994169440846968e-06,1.1748100923530205,0.005000000000029635,0.8777657264461138,0.11529386487309068
1.5275000000000012,0.01870941564972425,0.0,0.1611438283951449,9.994169440846968e-06,1.1749751849893397,0.005000000000029656,0.8775347385517853,0.11526645267003163
1.5280000000000011,0.01871163787194647,0.0,0.16129246817639106,9.994169440846968e-06,1.1751402750004432,0.005000000000029678,0.8773035362910766,0.11523901597371607
1.528500000000001,0.018713860094168693,0.0,0.16144141790443745,9.994169440846968e-06,1.1753053623900709,0.0050000000000296994,0.8770721196691437,0.11521155478596687
1.529000000000001,0.018716082316390915,0.0,0.16159067756885384,9.994169440846968e-06,1.175470447161963,0.005000000000029721,0.876840488691123,0.11518406910841082
1.5295000000000012,0.01871830453861314,0.0,0.16174024715908966,9.994169440846968e-06,1.17563552931986,0.005000000000029743,0.8766086433621305,0.11515655894252291
1.5300000000000011,0.01872052676083536,0.0,0.1618901266645914,9.994169440846968e-06,1.1758006088675013,0.005000000000029764,0.8763765836872633,0.11512902428974554
1.530500000000001,0.018722748983057584,0.0,0.16204031607465638,9.994169440846968e-06,1.1759656858086274,0.005000000000029785,0.8761443096715977,0.11510146515134057
1.5310000000000012,0.018724971205279807,0.0,0.16219081537845387,9.994169440846968e-06,1.1761307601469781,0.005000000000029807,0.8759118213201906,0.11507388152841067
1.5315000000000012,0.018727193427502026,0.0,0.16234162456502255,9.994169440846968e-06,1.176295831886294,0.005000000000029829,0.8756791186380783,0.11504627342189717
1.5320000000000011,0.01872941564972425,0.0,0.16249274362343638,9.994169440846968e-06,1.1764609010303146,0.00500000000002985,0.875446201630278,0.11501864083274671
1.532500000000001,0.018731637871946472,0.0,0.16264417254248933,9.994169440846968e-06,1.1766259675827806,0.005000000000029872,0.8752130703017862,0.11499098376159397
1.533000000000001,0.01873386009416869,0.0,0.1627959113109575,9.994169440846968e-06,1.1767910315474315,0.005000000000029894,0.8749797246575803,0.1149633022090261
1.5335000000000012,0.018736082316390915,0.0,0.1629479599174762,9.994169440846968e-06,1.1769560929280076,0.005000000000029915,0.8747461647026173,0.11493559617545755
1.5340000000000011,0.018738304538613137,0.0,0.16310031835053748,9.994169440846968e-06,1.1771211517282492,0.005000000000029937,0.8745123904418342,0.11490786566112922
1.534500000000001,0.01874052676083536,0.0,0.16325298659853563,9.994169440846968e-06,1.1772862079518962,0.005000000000029959,0.874278401880148,0.11488011066615347
1.5350000000000013,0.018742748983057583,0.0,0.16340596464976473,9.994169440846968e-06,1.1774512616026886,0.0050000000000299805,0.8740441990224567,0.11485233119051198
1.5355000000000012,0.018744971205279806,0.0,0.16355925249234388,9.994169440846968e-06,1.1776163126843666,0.005000000000030002,0.8738097818736372,0.11482452723398001
1.5360000000000011,0.01874719342750203,0.0,0.16371285011428693,9.994169440846968e-06,1.1777813612006705,0.005000000000030024,0.8735751504385469,0.11479669879619711
1.536500000000001,0.01874941564972425,0.0,0.16386675750345167,9.994169440846968e-06,1.17794640715534,0.0050000000000300455,0.8733403047220238,0.11476884587661591
1.537000000000001,0.01875163787194647,0.0,0.16402097464763393,9.994169440846968e-06,1.1781114505521153,0.005000000000030067,0.8731052447288855,0.11474096847459637
1.5375000000000012,0.018753860094168694,0.0,0.16417550153439608,9.994169440846968e-06,1.1782764913947368,0.005000000000030089,0.8728699704639293,0.11471306658923383
1.5380000000000011,0.018756082316390917,0.0,0.1643303381512335,9.994169440846968e-06,1.1784415296869442,0.0050000000000301114,0.8726344819319337,0.11468514021952647
1.538500000000001,0.018758304538613137,0.0,0.1644854844854512,9.994169440846968e-06,1.1786065654324775,0.005000000000030133,0.8723987791376564,0.114657189364251
1.5390000000000013,0.01876052676083536,0.0,0.16464094052423417,9.994169440846968e-06,1.1787715986350773,0.005000000000030155,0.8721628620858353,0.11462921402203272
1.5395000000000012,0.018762748983057582,0.0,0.1647967062546444,9.994169440846968e-06,1.1789366292984833,0.0050000000000301765,0.8719267307811887,0.11460121419134436
1.5400000000000011,0.018764971205279805,0.0,0.1649527816635705,9.994169440846968e-06,1.1791016574264357,0.005000000000030198,0.8716903852284147,0.11457318987045381
1.540500000000001,0.01876719342750203,0.0,0.16510916673770049,9.994169440846968e-06,1.1792666830226746,0.00500000000003022,0.8714538254321917,0.1145451410573971
1.541000000000001,0.01876941564972425,0.0,0.16526586146364083,9.994169440846968e-06,1.17943170609094,0.005000000000030242,0.871217051397178,0.1145170677500987
1.5415000000000012,0.018771637871946474,0.0,0.1654228658277924,9.994169440846968e-06,1.1795967266349723,0.005000000000030264,0.8709800631280121,0.11448896994624619
1.5420000000000011,0.018773860094168694,0.0,0.16558017981642112,9.994169440846968e-06,1.1797617446585114,0.005000000000030286,0.8707428606293126,0.11446084764336198
1.542500000000001,0.018776082316390916,0.0,0.16573780341567954,9.994169440846968e-06,1.179926760165297,0.005000000000030308,0.8705054439056789,0.11443270083882398
1.5430000000000013,0.01877830453861314,0.0,0.16589573661145873,9.994169440846968e-06,1.1800917731590697,0.00500000000003033,0.8702678129616888,0.11440452952971761
1.5435000000000012,0.01878052676083536,0.0,0.16605397938953165,9.994169440846968e-06,1.1802567836435693,0.005000000000030352,0.8700299678019017,0.11437633371297996
1.5440000000000011,0.01878274898305758,0.0,0.1662125317355018,9.994169440846968e-06,1.1804217916225361,0.005000000000030374,0.8697919084308566,0.114348113385347
1.544500000000001,0.018784971205279805,0.0,0.1663713936348254,9.994169440846968e-06,1.1805867970997102,0.005000000000030396,0.8695536348530725,0.11431986854337783
1.545000000000001,0.018787193427502027,0.0,0.16653056507271147,9.994169440846968e-06,1.1807518000788315,0.005000000000030418,0.8693151470730485,0.1142915991833524
1.5455000000000012,0.01878941564972425,0.0,0.1666900460342897,9.994169440846968e-06,1.1809168005636401,0.00500000000003044,0.8690764450952643,0.11426330530144166
1.5460000000000012,0.018791637871946473,0.0,0.16684983650441326,9.994169440846968e-06,1.1810817985578763,0.005000000000030462,0.8688375289241788,0.1142349868935082
1.546500000000001,0.018793860094168693,0.0,0.16700993646780263,9.994169440846968e-06,1.18124679406528,0.005000000000030484,0.8685983985642319,0.11420664395525192
1.5470000000000013,0.018796082316390916,0.0,0.167170345908994,9.994169440846968e-06,1.1814117870895915,0.005000000000030506,0.8683590540198429,0.11417827648215685
1.5475000000000012,0.01879830453861314,0.0,0.1673310648123862,9.994169440846968e-06,1.1815767776345505,0.005000000000030528,0.868119495295412,0.11414988446954033
1.5480000000000012,0.01880052676083536,0.0,0.1674920931620915,9.994169440846968e-06,1.1817417657038973,0.00500000000003055,0.8678797223953187,0.11412146791240094
1.548500000000001,0.01880274898305758,0.0,0.1676534309420551,9.994169440846968e-06,1.1819067513013721,0.005000000000030572,0.867639735323923,0.11409302680553993
1.549000000000001,0.018804971205279804,0.0,0.167815078136102,9.994169440846968e-06,1.182071734430715,0.0050000000000305946,0.8673995340855647,0.11406456114360762
1.5495000000000012,0.018807193427502027,0.0,0.16797703472778752,9.994169440846968e-06,1.1822367150956659,0.005000000000030617,0.8671591186845644,0.11403607092095391
1.5500000000000012,0.01880941564972425,0.0,0.16813930070049296,9.994169440846968e-06,1.1824016932999648,0.005000000000030639,0.8669184891252223,0.11400755613172386
1.550500000000001,0.018811637871946472,0.0,0.1683018760373741,9.994169440846968e-06,1.1825666690473522,0.005000000000030661,0.8666776454118184,0.11397901676980601
1.5510000000000013,0.018813860094168695,0.0,0.16846476072140767,9.994169440846968e-06,1.182731642341568,0.005000000000030683,0.8664365875486132,0.11395045282887935
1.5515000000000012,0.01881608231639092,0.0,0.16862795473541367,9.994169440846968e-06,1.182896613186352,0.005000000000030706,0.8661953155398476,0.11392186430243595
1.5520000000000012,0.018818304538613138,0.0,0.16879145806188142,9.994169440846968e-06,1.1830615815854446,0.005000000000030728,0.8659538293897424,0.1138932511836053
1.552500000000001,0.01882052676083536,0.0,0.1689552706832119,9.994169440846968e-06,1.1832265475425858,0.00500000000003075,0.8657121291024982,0.1138646134653983
1.553000000000001,0.018822748983057584,0.0,0.16911939258149516,9.994169440846968e-06,1.1833915110615159,0.005000000000030772,0.8654702146822957,0.113835951140484
1.5535000000000012,0.018824971205279806,0.0,0.16928382373870382,9.994169440846968e-06,1.1835564721459746,0.005000000000030795,0.8652280861332962,0.11380726420138404
1.5540000000000012,0.018827193427502026,0.0,0.1694485641364946,9.994169440846968e-06,1.1837214307997024,0.005000000000030817,0.8649857434596406,0.11377855264027252
1.554500000000001,0.01882941564972425,0.0,0.16961361375640202,9.994169440846968e-06,1.183886387026439,0.005000000000030839,0.8647431866654509,0.11374981644917095
1.5550000000000013,0.01883163787194647,0.0,0.16977897257963998,9.994169440846968e-06,1.1840513408299247,0.005000000000030862,0.8645004157548276,0.11372105561974909
1.5555000000000012,0.018833860094168695,0.0,0.1699446405872709,9.994169440846968e-06,1.1842162922138995,0.005000000000030884,0.8642574307318528,0.11369227014349512
1.5560000000000012,0.018836082316390917,0.0,0.1701106177600561,9.994169440846968e-06,1.1843812411821038,0.005000000000030906,0.8640142316005875,0.11366346001156441
1.556500000000001,0.01883830453861314,0.0,0.17027690407865015,9.994169440846968e-06,1.184546187738277,0.0050000000000309285,0.8637708183650744,0.1136346252149764
1.557000000000001,0.01884052676083536,0.0,0.17044349952330323,9.994169440846968e-06,1.1847111318861598,0.005000000000030951,0.8635271910293347,0.11360576574431355
1.5575000000000012,0.018842748983057583,0.0,0.170610404074228,9.994169440846968e-06,1.1848760736294923,0.005000000000030974,0.8632833495973702,0.11357688159009155
1.5580000000000012,0.018844971205279806,0.0,0.17077761771122785,9.994169440846968e-06,1.1850410129720144,0.005000000000030996,0.8630392940731633,0.11354797274238485
1.558500000000001,0.018847193427502025,0.0,0.17094514041396552,9.994169440846968e-06,1.1852059499174659,0.005000000000031018,0.8627950244606766,0.11351903919109779
1.5590000000000013,0.018849415649724248,0.0,0.17111297216181273,9.994169440846968e-06,1.1853708844695874,0.00500000000003104,0.8625505407638515,0.11349008092581131
1.5595000000000012,0.01885163787194647,0.0,0.17128111293397152,9.994169440846968e-06,1.1855358166321186,0.005000000000031063,0.8623058429866115,0.11346109793590786
1.5600000000000012,0.018853860094168694,0.0,0.1714495627092988,9.994169440846968e-06,1.1857007464087999,0.0050000000000310855,0.8620609311328584,0.11343209021039241
1.560500000000001,0.018856082316390917,0.0,0.17161832146645217,9.994169440846968e-06,1.1858656738033713,0.005000000000031108,0.8618158052064752,0.11340305773804057
1.561000000000001,0.01885830453861314,0.0,0.17178738918388783,9.994169440846968e-06,1.1860305988195725,0.005000000000031131,0.8615704652113251,0.11337400050739635
1.5615000000000012,0.018860526760835362,0.0,0.17195676583966027,9.994169440846968e-06,1.1861955214611444,0.005000000000031153,0.8613249111512501,0.11334491850656947
1.5620000000000012,0.018862748983057582,0.0,0.17212645141171665,9.994169440846968e-06,1.1863604417318263,0.005000000000031176,0.8610791430300743,0.11331581172353379
1.562500000000001,0.018864971205279805,0.0,0.17229644587772158,9.994169440846968e-06,1.1865253596353584,0.005000000000031198,0.8608331608516008,0.11328668014594862
1.5630000000000013,0.018867193427502028,0.0,0.172466749215005,9.994169440846968e-06,1.1866902751754815,0.005000000000031221,0.8605869646196119,0.11325752376110779
1.5635000000000012,0.01886941564972425,0.0,0.17263736140070857,9.994169440846968e-06,1.1868551883559348,0.005000000000031243,0.8603405543378725,0.1132283425560869
1.5640000000000012,0.01887163787194647,0.0,0.17280828241165938,9.994169440846968e-06,1.187020099180459,0.005000000000031266,0.8600939300101252,0.11319913651761578
1.5645000000000011,0.018873860094168693,0.0,0.17297951222449182,9.994169440846968e-06,1.1871850076527937,0.0050000000000312884,0.8598470916400943,0.11316990563220089
1.565000000000001,0.018876082316390916,0.0,0.17315105081544643,9.994169440846968e-06,1.1873499137766794,0.005000000000031312,0.8596000392314831,0.11314064988592348
1.5655000000000012,0.01887830453861314,0.0,0.17332289816059135,9.994169440846968e-06,1.187514817555856,0.005000000000031334,0.8593527727879761,0.11311136926466261
1.5660000000000012,0.01888052676083536,0.0,0.1734950542357204,9.994169440846968e-06,1.1876797189940638,0.005000000000031357,0.8591052923132371,0.11308206375399227
1.5665000000000011,0.018882748983057585,0.0,0.17366751901630129,9.994169440846968e-06,1.1878446180950424,0.0050000000000313795,0.8588575978109108,0.11305273333912902
1.5670000000000013,0.018884971205279807,0.0,0.17384029247752295,9.994169440846968e-06,1.1880095148625325,0.005000000000031402,0.8586096892846207,0.11302337800497983
1.5675000000000012,0.018887193427502027,0.0,0.17401337459434293,9.994169440846968e-06,1.1881744093002735,0.005000000000031425,0.8583615667379725,0.11299399773619065
1.5680000000000012,0.01888941564972425,0.0,0.17418676534141056,9.994169440846968e-06,1.1883393014120063,0.005000000000031448,0.8581132301745498,0.11296459251706706
1.5685000000000011,0.018891637871946473,0.0,0.17436046469308947,9.994169440846968e-06,1.1885041912014702,0.005000000000031471,0.8578646795979182,0.11293516233159927
1.569000000000001,0.018893860094168692,0.0,0.1745344726233807,9.994169440846968e-06,1.188669078672406,0.005000000000031493,0.857615915011622,0.1129057071633832
1.5695000000000012,0.018896082316390915,0.0,0.17470878910616933,9.994169440846968e-06,1.1888339638285532,0.005000000000031516,0.8573669364191866,0.11287622699586933
1.5700000000000012,0.018898304538613138,0.0,0.17488341411492356,9.994169440846968e-06,1.1889988466736523,0.005000000000031539,0.8571177438241171,0.11284672181205996
1.5705000000000011,0.01890052676083536,0.0,0.17505834762279165,9.994169440846968e-06,1.189163727211443,0.005000000000031562,0.8568683372298991,0.11281719159460601
1.5710000000000013,0.018902748983057584,0.0,0.1752335896027248,9.994169440846968e-06,1.1893286054456658,0.005000000000031584,0.8566187166399977,0.112787636325932
1.5715000000000012,0.018904971205279807,0.0,0.17540914002724997,9.994169440846968e-06,1.1894934813800606,0.005000000000031608,0.8563688820578585,0.11275805598800577
1.5720000000000012,0.01890719342750203,0.0,0.17558499886876738,9.994169440846968e-06,1.1896583550183673,0.00500000000003163,0.8561188334869079,0.11272845056264005
1.5725000000000011,0.01890941564972425,0.0,0.17576116609914866,9.994169440846968e-06,1.1898232263643262,0.005000000000031654,0.855868570930551,0.11269882003108565
1.573000000000001,0.018911637871946472,0.0,0.17593764169018417,9.994169440846968e-06,1.1899880954216775,0.005000000000031676,0.8556180943921743,0.11266916437448334
1.5735000000000012,0.018913860094168695,0.0,0.17611442561323107,9.994169440846968e-06,1.1901529621941611,0.005000000000031699,0.8553674038751438,0.11263948357350931
1.5740000000000012,0.018916082316390914,0.0,0.17629151783928582,9.994169440846968e-06,1.1903178266855172,0.005000000000031722,0.8551164993828058,0.11260977760844769
1.5745000000000011,0.018918304538613137,0.0,0.1764689183391822,9.994169440846968e-06,1.190482688899486,0.005000000000031745,0.8548653809184866,0.11258004645939022
1.5750000000000013,0.01892052676083536,0.0,0.17664662708336396,9.994169440846968e-06,1.1906475488398072,0.005000000000031768,0.8546140484854934,0.11255029010600787
1.5755000000000012,0.018922748983057583,0.0,0.17682464404193243,9.994169440846968e-06,1.190812406510221,0.005000000000031791,0.8543625020871126,0.11252050852759783
1.5760000000000012,0.018924971205279806,0.0,0.17700296918466937,9.994169440846968e-06,1.1909772619144678,0.005000000000031814,0.854110741726611,0.11249070170310704
1.5765000000000011,0.01892719342750203,0.0,0.17718160248111012,9.994169440846968e-06,1.1911421150562873,0.005000000000031837,0.8538587674072361,0.11246086961120626
1.577000000000001,0.018929415649724248,0.0,0.17736054390031536,9.994169440846968e-06,1.19130696593942,0.00500000000003186,0.8536065791322144,0.11243101223005926
1.5775000000000012,0.01893163787194647,0.0,0.17753979341119536,9.994169440846968e-06,1.1914718145676058,0.005000000000031883,0.8533541769047536,0.11240112953765001
1.5780000000000012,0.018933860094168694,0.0,0.1777193509822818,9.994169440846968e-06,1.1916366609445845,0.005000000000031906,0.8531015607280414,0.1123712215115535
1.5785000000000011,0.018936082316390917,0.0,0.17789921658170038,9.994169440846968e-06,1.1918015050740964,0.005000000000031929,0.8528487306052455,0.11234128812890672
1.5790000000000013,0.01893830453861314,0.0,0.17807939017726895,9.994169440846968e-06,1.191966346959882,0.005000000000031952,0.8525956865395128,0.11231132936650845
1.5795000000000012,0.01894052676083536,0.0,0.17825987173652072,9.994169440846968e-06,1.1921311866056807,0.005000000000031975,0.8523424285339724,0.11228134520084311
1.5800000000000012,0.018942748983057582,0.0,0.1784406612266265,9.994169440846968e-06,1.1922960240152332,0.005000000000031999,0.8520889565917315,0.1122513356080007
1.5805000000000011,0.018944971205279805,0.0,0.1786217586144428,9.994169440846968e-06,1.192460859192279,0.005000000000032021,0.8518352707158791,0.11222130056372755
1.581000000000001,0.018947193427502028,0.0,0.17880316386638376,9.994169440846968e-06,1.1926256921405587,0.005000000000032045,0.8515813709094828,0.11219124004329525
1.5815000000000012,0.01894941564972425,0.0,0.17898487694867085,9.994169440846968e-06,1.192790522863812,0.005000000000032068,0.8513272571755919,0.11216115402175403
1.5820000000000012,0.018951637871946474,0.0,0.17916689782702827,9.994169440846968e-06,1.1929553513657793,0.005000000000032092,0.8510729295172346,0.11213104247362414
1.5825000000000011,0.018953860094168693,0.0,0.1793492264669329,9.994169440846968e-06,1.1931201776502005,0.005000000000032114,0.85081838793742,0.1121009053731495
1.5830000000000013,0.018956082316390916,0.0,0.17953186283351127,9.994169440846968e-06,1.1932850017208159,0.005000000000032138,0.8505636324391368,0.11207074269419195
1.5835000000000012,0.01895830453861314,0.0,0.17971480689151215,9.994169440846968e-06,1.193449823581365,0.005000000000032161,0.8503086630253549,0.11204055441020559
1.5840000000000012,0.018960526760835362,0.0,0.1798980586052789,9.994169440846968e-06,1.1936146432355887,0.005000000000032184,0.8500534796990228,0.1120103404942074
1.5845000000000011,0.01896274898305758,0.0,0.18008161793884866,9.994169440846968e-06,1.1937794606872267,0.005000000000032208,0.8497980824630702,0.11198010091887843
1.585000000000001,0.018964971205279804,0.0,0.18026548485595006,9.994169440846968e-06,1.193944275940019,0.00500000000003223,0.8495424713204072,0.11194983565656019
1.5855000000000012,0.018967193427502027,0.0,0.18044967764561246,9.994169440846968e-06,1.1941090888094907,0.005000000000032254,0.849286646566197,0.11191956324997346
1.5860000000000012,0.01896941564972425,0.0,0.18063419533111458,9.994169440846968e-06,1.1942738993093167,0.005000000000032277,0.8490306081886139,0.11188928271914221
1.5865000000000011,0.018971637871946473,0.0,0.18081902045427867,9.994169440846968e-06,1.194438707622248,0.005000000000032301,0.8487743559127598,0.11185897638164666
1.5870000000000013,0.018973860094168696,0.0,0.18100415303844483,9.994169440846968e-06,1.1946035137513977,0.005000000000032324,0.8485178897424382,0.11182864427013325
1.5875000000000012,0.01897608231639092,0.0,0.1811895931066323,9.994169440846968e-06,1.194768317699879,0.0050000000000323475,0.8482612096814361,0.11179828641690094
1.5880000000000012,0.018978304538613138,0.0,0.18137534068163877,9.994169440846968e-06,1.1949331194708048,0.005000000000032371,0.8480043157335238,0.11176790285400233
1.5885000000000011,0.01898052676083536,0.0,0.1815613957861403,9.994169440846968e-06,1.1950979190672884,0.005000000000032394,0.8477472079024553,0.11173749361334344
1.589000000000001,0.01898274898305758,0.0,0.18174775844235957,9.994169440846968e-06,1.1952627164924425,0.005000000000032418,0.8474898861919681,0.11170705872634995
1.5895000000000012,0.018984971205279803,0.0,0.18193442867241952,9.994169440846968e-06,1.1954275117493809,0.005000000000032441,0.8472323506057824,0.11167659822432298
1.5900000000000012,0.018987193427502026,0.0,0.18212140649813832,9.994169440846968e-06,1.1955923048412163,0.005000000000032465,0.8469746011476029,0.11164611213823364
1.5905000000000011,0.01898941564972425,0.0,0.18230869194105317,9.994169440846968e-06,1.1957570957710617,0.005000000000032488,0.8467166378211175,0.11161560049874579
1.5910000000000013,0.018991637871946472,0.0,0.1824962850224437,9.994169440846968e-06,1.1959218845420305,0.005000000000032511,0.8464584606299971,0.11158506333624016
1.5915000000000012,0.018993860094168695,0.0,0.1826841857634068,9.994169440846968e-06,1.1960866711572353,0.005000000000032535,0.8462000695778971,0.11155450068089028
1.5920000000000012,0.018996082316390918,0.0,0.18287239418470197,9.994169440846968e-06,1.1962514556197898,0.005000000000032559,0.8459414646684547,0.11152391256250556
1.5925000000000011,0.018998304538613137,0.0,0.18306091030680044,9.994169440846968e-06,1.1964162379328067,0.0050000000000325825,0.8456826459052922,0.1114932990105817
1.593000000000001,0.01900052676083536,0.0,0.1832497341500621,9.994169440846968e-06,1.1965810180993992,0.005000000000032606,0.8454236132920148,0.11146266005447847
1.5935000000000012,0.019002748983057583,0.0,0.18343886573437637,9.994169440846968e-06,1.1967457961226804,0.005000000000032629,0.8451643668322107,0.1114319957230579
1.5940000000000012,0.019004971205279806,0.0,0.1836283050795179,9.994169440846968e-06,1.1969105720057636,0.005000000000032653,0.844904906529452,0.11140130604504342
1.5945000000000011,0.019007193427502025,0.0,0.18381805220491496,9.994169440846968e-06,1.1970753457517616,0.005000000000032677,0.8446452323872946,0.11137059104878577
1.5950000000000013,0.01900941564972425,0.0,0.18400810712977544,9.994169440846968e-06,1.1972401173637874,0.0050000000000327005,0.8443853444092775,0.11133985076238956
1.5955000000000013,0.01901163787194647,0.0,0.18419846987298283,9.994169440846968e-06,1.1974048868449545,0.005000000000032724,0.8441252425989229,0.1113090852136096
1.5960000000000012,0.019013860094168694,0.0,0.18438914045317134,9.994169440846968e-06,1.1975696541983758,0.005000000000032747,0.8438649269597368,0.11127829442992601
1.5965000000000011,0.019016082316390917,0.0,0.18458011888869832,9.994169440846968e-06,1.1977344194271644,0.005000000000032772,0.8436043974952089,0.11124747843851643
1.597000000000001,0.01901830453861314,0.0,0.18477140519764265,9.994169440846968e-06,1.1978991825344334,0.005000000000032795,0.8433436542088121,0.11121663726625443
1.5975000000000013,0.019020526760835363,0.0,0.18496299939777755,9.994169440846968e-06,1.198063943523296,0.0050000000000328185,0.8430826971040024,0.1111857709396821
1.5980000000000012,0.019022748983057582,0.0,0.1851549015066197,9.994169440846968e-06,1.1982287023968652,0.005000000000032843,0.8428215261842202,0.1111548794850601
1.5985000000000011,0.019024971205279805,0.0,0.1853471115414536,9.994169440846968e-06,1.198393459158254,0.005000000000032866,0.8425601414528889,0.11112396292839104
1.5990000000000013,0.019027193427502028,0.0,0.18553962951915004,9.994169440846968e-06,1.1985582138105757,0.0050000000000328905,0.8422985429134149,0.11109302129523747
1.5995000000000013,0.01902941564972425,0.0,0.18573245545644673,9.994169440846968e-06,1.1987229663569432,0.005000000000032914,0.8420367305691889,0.1110620546110052
1.6000000000000012,0.01903163787194647,0.0,0.18592558936963835,9.994169440846968e-06,1.1988877168004697,0.005000000000032937,0.8417747044235847,0.11103106290062958
1.6005000000000011,0.019033860094168693,0.0,0.18611903127485757,9.994169440846968e-06,1.1990524651442682,0.005000000000032962,0.8415124644799595,0.11100004618885921
1.601000000000001,0.019036082316390916,0.0,0.18631278118786773,9.994169440846968e-06,1.199217211391452,0.005000000000032985,0.841250010741654,0.11096900450004771
1.6015000000000013,0.01903830453861314,0.0,0.18650683912413793,9.994169440846968e-06,1.1993819555451342,0.005000000000033009,0.8409873432119925,0.11093793785822863
1.6020000000000012,0.019040526760835362,0.0,0.18670120509891908,9.994169440846968e-06,1.1995466976084277,0.005000000000033033,0.8407244618942828,0.11090684628719281
1.6025000000000011,0.019042748983057585,0.0,0.18689587912706143,9.994169440846968e-06,1.1997114375844458,0.005000000000033057,0.8404613667918162,0.11087572981030351
1.6030000000000013,0.019044971205279808,0.0,0.18709086122316768,9.994169440846968e-06,1.1998761754763014,0.005000000000033081,0.8401980579078671,0.11084458845065154
1.6035000000000013,0.019047193427502027,0.0,0.18728615140156557,9.994169440846968e-06,1.2000409112871078,0.005000000000033105,0.839934535245694,0.11081342223102797
1.6040000000000012,0.01904941564972425,0.0,0.18748174967622866,9.994169440846968e-06,1.2002056450199778,0.005000000000033129,0.8396707988085385,0.11078223117384234
1.6045000000000011,0.01905163787194647,0.0,0.18767765606085202,9.994169440846968e-06,1.200370376678025,0.005000000000033152,0.8394068485996256,0.11075101530120192
1.605000000000001,0.019053860094168693,0.0,0.18787387056885074,9.994169440846968e-06,1.2005351062643619,0.005000000000033177,0.8391426846221643,0.11071977463490745
1.6055000000000013,0.019056082316390915,0.0,0.18807039321328056,9.994169440846968e-06,1.200699833782102,0.005000000000033201,0.8388783068793465,0.11068850919637507
1.6060000000000012,0.01905830453861314,0.0,0.18826722400691367,9.994169440846968e-06,1.2008645592343583,0.005000000000033224,0.8386137153743478,0.1106572190067119
1.6065000000000011,0.01906052676083536,0.0,0.1884643629622114,9.994169440846968e-06,1.201029282624244,0.005000000000033249,0.8383489101103274,0.11062590408668854
1.6070000000000013,0.019062748983057584,0.0,0.18866181009132224,9.994169440846968e-06,1.2011940039548719,0.005000000000033273,0.838083891090428,0.11059456445673736
1.6075000000000013,0.019064971205279807,0.0,0.18885956540608037,9.994169440846968e-06,1.2013587232293552,0.005000000000033296,0.8378186583177757,0.1105632001369508
1.6080000000000012,0.019067193427502026,0.0,0.1890576289179261,9.994169440846968e-06,1.2015234404508073,0.005000000000033321,0.8375532117954797,0.11053181114700114
1.6085000000000012,0.01906941564972425,0.0,0.18925600063816345,9.994169440846968e-06,1.201688155622341,0.005000000000033345,0.8372875515266333,0.11050039750640035
1.609000000000001,0.019071637871946472,0.0,0.18945468057764744,9.994169440846968e-06,1.2018528687470695,0.005000000000033369,0.8370216775143133,0.11046895923418512
1.6095000000000013,0.019073860094168695,0.0,0.18965366874691195,9.994169440846968e-06,1.2020175798281059,0.0050000000000333935,0.8367555897615795,0.11043749634904507
1.6100000000000012,0.019076082316390915,0.0,0.18985296515616804,9.994169440846968e-06,1.2021822888685634,0.005000000000033417,0.8364892882714752,0.11040600886932185
1.6105000000000012,0.019078304538613138,0.0,0.19005256981540627,9.994169440846968e-06,1.2023469958715547,0.005000000000033441,0.8362227730470281,0.11037449681311148
1.6110000000000013,0.01908052676083536,0.0,0.19025248273410916,9.994169440846968e-06,1.2025117008401935,0.0050000000000334655,0.8359560440912478,0.11034296019797486
1.6115000000000013,0.019082748983057583,0.0,0.19045270392161343,9.994169440846968e-06,1.2026764037775923,0.00500000000003349,0.8356891014071295,0.11031139904130384
1.6120000000000012,0.019084971205279806,0.0,0.19065323338682236,9.994169440846968e-06,1.2028411046868646,0.005000000000033514,0.8354219449976499,0.11027981336002977
1.6125000000000012,0.01908719342750203,0.0,0.19085407113828207,9.994169440846968e-06,1.2030058035711235,0.005000000000033538,0.8351545748657696,0.11024820317070097
1.613000000000001,0.01908941564972425,0.0,0.19105521718431004,9.994169440846968e-06,1.2031705004334818,0.005000000000033563,0.8348869910144342,0.11021656848961346
1.6135000000000013,0.01909163787194647,0.0,0.19125667153283735,9.994169440846968e-06,1.2033351952770528,0.005000000000033587,0.8346191934465712,0.1101849093326494
1.6140000000000012,0.019093860094168694,0.0,0.19145843419143288,9.994169440846968e-06,1.2034998881049497,0.005000000000033611,0.8343511821650919,0.11015322571530406
1.6145000000000012,0.019096082316390917,0.0,0.19166050516737998,9.994169440846968e-06,1.2036645789202853,0.0050000000000336355,0.8340829571728915,0.11012151765276197
1.6150000000000013,0.01909830453861314,0.0,0.19186288446757044,9.994169440846968e-06,1.203829267726173,0.00500000000003366,0.8338145184728483,0.11008978515978983
1.6155000000000013,0.01910052676083536,0.0,0.19206557209855504,9.994169440846968e-06,1.2039939545257257,0.005000000000033684,0.8335458660678247,0.1100580282507882
1.6160000000000012,0.019102748983057583,0.0,0.19226856806659415,9.994169440846968e-06,1.2041586393220567,0.005000000000033708,0.8332769999606655,0.11002624693984128
1.6165000000000012,0.019104971205279805,0.0,0.19247187237757774,9.994169440846968e-06,1.2043233221182787,0.005000000000033733,0.8330079201542004,0.1099944412406382
1.617000000000001,0.01910719342750203,0.0,0.19267548503704984,9.994169440846968e-06,1.2044880029175054,0.005000000000033757,0.8327386266512413,0.10996261116649614
1.6175000000000013,0.01910941564972425,0.0,0.19287940605020704,9.994169440846968e-06,1.2046526817228493,0.005000000000033781,0.8324691194545846,0.10993075673035936
1.6180000000000012,0.019111637871946474,0.0,0.19308363542184412,9.994169440846968e-06,1.204817358537424,0.005000000000033806,0.8321993985670092,0.10989887794474405
1.6185000000000012,0.019113860094168694,0.0,0.19328817315651012,9.994169440846968e-06,1.2049820333643422,0.005000000000033831,0.8319294639912789,0.109866974821897
1.6190000000000013,0.019116082316390916,0.0,0.19349301925832274,9.994169440846968e-06,1.2051467062067174,0.005000000000033855,0.8316593157301392,0.10983504737360592
1.6195000000000013,0.01911830453861314,0.0,0.19369817373109832,9.994169440846968e-06,1.2053113770676622,0.005000000000033879,0.8313889537863208,0.10980309561133345
1.6200000000000012,0.01912052676083536,0.0,0.1939036365782186,9.994169440846968e-06,1.20547604595029,0.0050000000000339035,0.8311183781625372,0.10977111954608103
1.6205000000000012,0.01912274898305758,0.0,0.1941094078028131,9.994169440846968e-06,1.2056407128577138,0.005000000000033929,0.8308475888614852,0.10973911918857276
1.621000000000001,0.019124971205279805,0.0,0.19431548740754737,9.994169440846968e-06,1.2058053777930469,0.005000000000033953,0.830576585885845,0.10970709454904283
1.6215000000000013,0.019127193427502028,0.0,0.1945218753948052,9.994169440846968e-06,1.2059700407594023,0.005000000000033977,0.8303053692382807,0.10967504563741892
1.6220000000000012,0.01912941564972425,0.0,0.19472857176660832,9.994169440846968e-06,1.206134701759893,0.005000000000034002,0.8300339389214401,0.10964297246324116
1.6225000000000012,0.019131637871946473,0.0,0.1949355765245094,9.994169440846968e-06,1.2062993607976322,0.005000000000034027,0.8297622949379535,0.10961087503555357
1.6230000000000013,0.019133860094168696,0.0,0.19514288966982732,9.994169440846968e-06,1.2064640178757329,0.005000000000034051,0.8294904372904363,0.10957875336314273
1.6235000000000013,0.019136082316390916,0.0,0.19535051120338232,9.994169440846968e-06,1.2066286729973084,0.005000000000034076,0.8292183659814857,0.10954660745426961
1.6240000000000012,0.01913830453861314,0.0,0.19555844112586332,9.994169440846968e-06,1.2067933261654713,0.0050000000000341,0.8289460810136839,0.10951443731704061
1.6245000000000012,0.01914052676083536,0.0,0.19576667943727266,9.994169440846968e-06,1.2069579773833354,0.005000000000034125,0.8286735823895952,0.10948224295884658
1.625000000000001,0.01914274898305758,0.0,0.19597522613742546,9.994169440846968e-06,1.2071226266540134,0.00500000000003415,0.8284008701117688,0.10945002438686832
1.6255000000000013,0.019144971205279804,0.0,0.19618408122578998,9.994169440846968e-06,1.2072872739806184,0.005000000000034174,0.8281279441827362,0.10941778160791353
1.6260000000000012,0.019147193427502027,0.0,0.19639324470140673,9.994169440846968e-06,1.2074519193662634,0.005000000000034199,0.8278548046050134,0.109385514628337
1.6265000000000012,0.01914941564972425,0.0,0.19660271656288683,9.994169440846968e-06,1.2076165628140618,0.005000000000034224,0.8275814513810988,0.10935322345403746
1.6270000000000013,0.019151637871946472,0.0,0.19681249680851606,9.994169440846968e-06,1.2077812043271268,0.005000000000034249,0.8273078845134751,0.1093209080905636
1.6275000000000013,0.019153860094168695,0.0,0.19702258543622708,9.994169440846968e-06,1.2079458439085708,0.005000000000034273,0.8270341040046092,0.10928856854308584
1.6280000000000012,0.01915608231639092,0.0,0.19723298244354462,9.994169440846968e-06,1.2081104815615076,0.005000000000034298,0.8267601098569497,0.10925620481634078
1.6285000000000012,0.019158304538613138,0.0,0.19744368782753127,9.994169440846968e-06,1.20827511728905,0.0050000000000343225,0.8264859020729298,0.10922381691457662
1.6290000000000011,0.01916052676083536,0.0,0.1976547015850505,9.994169440846968e-06,1.2084397510943112,0.005000000000034348,0.8262114806549663,0.10919140484181843
1.6295000000000013,0.019162748983057584,0.0,0.19786602371242087,9.994169440846968e-06,1.2086043829804043,0.005000000000034373,0.8259368456054592,0.10915896860151977
1.6300000000000012,0.019164971205279806,0.0,0.1980776542055997,9.994169440846968e-06,1.2087690129504423,0.005000000000034397,0.8256619969267923,0.10912650819674742
1.6305000000000012,0.019167193427502026,0.0,0.19828959306020838,9.994169440846968e-06,1.2089336410075382,0.005000000000034422,0.8253869346213326,0.10909402363020793
1.6310000000000013,0.01916941564972425,0.0,0.1985018402714775,9.994169440846968e-06,1.2090982671548054,0.005000000000034447,0.8251116586914305,0.10906151490419028
1.6315000000000013,0.01917163787194647,0.0,0.19871439583416567,9.994169440846968e-06,1.2092628913953567,0.005000000000034472,0.8248361691394206,0.1090289820204861
1.6320000000000012,0.019173860094168695,0.0,0.1989272597427175,9.994169440846968e-06,1.2094275137323054,0.005000000000034497,0.8245604659676201,0.10899642498054819
1.6325000000000012,0.019176082316390917,0.0,0.19914043199112885,9.994169440846968e-06,1.2095921341687645,0.005000000000034522,0.8242845491783304,0.10896384378535441
1.6330000000000011,0.01917830453861314,0.0,0.19935391257305196,9.994169440846968e-06,1.2097567527078472,0.005000000000034547,0.8240084187738361,0.10893123843551422
1.6335000000000013,0.019180526760835363,0.0,0.19956770148166064,9.994169440846968e-06,1.2099213693526667,0.005000000000034571,0.8237320747564052,0.10889860893113198
1.6340000000000012,0.019182748983057583,0.0,0.19978179870980853,9.994169440846968e-06,1.2100859841063356,0.0050000000000345966,0.82345551712829,0.108865955271968
1.6345000000000012,0.019184971205279806,0.0,0.19999620424994766,9.994169440846968e-06,1.2102505969719677,0.005000000000034622,0.8231787458917248,0.10883327745735424
1.6350000000000013,0.01918719342750203,0.0,0.20021091809404695,9.994169440846968e-06,1.2104152079526755,0.005000000000034647,0.8229017610489292,0.10880057548611412
1.6355000000000013,0.01918941564972425,0.0,0.20042594023377738,9.994169440846968e-06,1.2105798170515725,0.005000000000034672,0.822624562602105,0.10876784935674873
1.6360000000000012,0.01919163787194647,0.0,0.20064127066029683,9.994169440846968e-06,1.2107444242717713,0.005000000000034697,0.8223471505534385,0.10873509906721943
1.6365000000000012,0.019193860094168694,0.0,0.20085690936443562,9.994169440846968e-06,1.2109090296163856,0.005000000000034722,0.8220695249050983,0.10870232461513456
1.6370000000000011,0.019196082316390917,0.0,0.20107285633656125,9.994169440846968e-06,1.2110736330885283,0.005000000000034747,0.8217916856592373,0.10866952599761444
1.6375000000000013,0.01919830453861314,0.0,0.2012891115666571,9.994169440846968e-06,1.2112382346913124,0.005000000000034772,0.8215136328179921,0.10863670321136988
1.6380000000000012,0.019200526760835362,0.0,0.20150567504434774,9.994169440846968e-06,1.211402834427851,0.005000000000034797,0.8212353663834826,0.10860385625272811
1.6385000000000012,0.019202748983057582,0.0,0.20172254675868323,9.994169440846968e-06,1.211567432301257,0.005000000000034822,0.820956886357812,0.10857098511741442
1.6390000000000013,0.019204971205279805,0.0,0.20193972669848562,9.994169440846968e-06,1.211732028314644,0.005000000000034847,0.8206781927430672,0.10853808980090215
1.6395000000000013,0.019207193427502028,0.0,0.20215721485207974,9.994169440846968e-06,1.2118966224711247,0.005000000000034872,0.8203992855413186,0.108505170298142
1.6400000000000012,0.01920941564972425,0.0,0.20237501120731824,9.994169440846968e-06,1.2120612147738123,0.0050000000000348975,0.8201201647546201,0.1084722266035857
1.6405000000000012,0.01921163787194647,0.0,0.20259311575168742,9.994169440846968e-06,1.2122258052258201,0.0050000000000349236,0.819840830385009,0.10843925871129444
1.6410000000000011,0.019213860094168693,0.0,0.20281152847230588,9.994169440846968e-06,1.212390393830261,0.005000000000034949,0.8195612824345067,0.10840626661493574
1.6415000000000013,0.019216082316390916,0.0,0.20303024935576167,9.994169440846968e-06,1.212554980590248,0.005000000000034974,0.8192815209051172,0.10837325030762072
1.6420000000000012,0.01921830453861314,0.0,0.20324927838829895,9.994169440846968e-06,1.2127195655088945,0.005000000000034999,0.8190015457988286,0.10834020978209197
1.6425000000000012,0.01922052676083536,0.0,0.20346861555568221,9.994169440846968e-06,1.2128841485893131,0.005000000000035024,0.818721357117613,0.10830714503058604
1.6430000000000013,0.019222748983057585,0.0,0.20368826084327515,9.994169440846968e-06,1.2130487298346175,0.005000000000035049,0.8184409548634246,0.10827405604491365
1.6435000000000013,0.019224971205279807,0.0,0.20390821423603944,9.994169440846968e-06,1.2132133092479205,0.0050000000000350745,0.8181603390382025,0.10824094281645841
1.6440000000000012,0.019227193427502027,0.0,0.20412847571842538,9.994169440846968e-06,1.213377886832335,0.0050000000000351005,0.8178795096438689,0.10820780533606625
1.6445000000000012,0.01922941564972425,0.0,0.20434904527455905,9.994169440846968e-06,1.2135424625909745,0.005000000000035126,0.8175984666823289,0.10817464359423382
1.6450000000000011,0.019231637871946473,0.0,0.2045699228880252,9.994169440846968e-06,1.213707036526952,0.005000000000035151,0.817317210155472,0.10814145758089055
1.6455000000000013,0.019233860094168696,0.0,0.20479110854202737,9.994169440846968e-06,1.2138716086433805,0.005000000000035176,0.8170357400651708,0.1081082472855596
1.6460000000000012,0.019236082316390915,0.0,0.20501260221938672,9.994169440846968e-06,1.214036178943373,0.005000000000035202,0.8167540564132818,0.1080750126973574
1.6465000000000012,0.019238304538613138,0.0,0.20523440390237843,9.994169440846968e-06,1.2142007474300427,0.005000000000035227,0.8164721592016442,0.10804175380482622
1.6470000000000014,0.01924052676083536,0.0,0.20545651357291916,9.994169440846968e-06,1.2143653141065027,0.005000000000035252,0.8161900484320816,0.10800847059612668
1.6475000000000013,0.019242748983057584,0.0,0.20567893121240352,9.994169440846968e-06,1.2145298789758663,0.005000000000035278,0.8159077241064007,0.10797516305887023
1.6480000000000012,0.019244971205279807,0.0,0.20590165680191896,9.994169440846968e-06,1.2146944420412462,0.0050000000000353035,0.8156251862263919,0.10794183118033773
1.6485000000000012,0.01924719342750203,0.0,0.2061246903219467,9.994169440846968e-06,1.2148590033057558,0.005000000000035329,0.8153424347938288,0.10790847494717594
1.6490000000000011,0.01924941564972425,0.0,0.20634803175263075,9.994169440846968e-06,1.2150235627725081,0.005000000000035355,0.8150594698104691,0.10787509434567095
1.6495000000000013,0.019251637871946472,0.0,0.2065716810736412,9.994169440846968e-06,1.2151881204446162,0.00500000000003538,0.8147762912780534,0.10784168936160778
1.6500000000000012,0.019253860094168695,0.0,0.20679563826417285,9.994169440846968e-06,1.2153526763251934,0.005000000000035406,0.8144928991983059,0.10780825998027152
1.6505000000000012,0.019256082316390914,0.0,0.2070199033030519,9.994169440846968e-06,1.2155172304173523,0.005000000000035431,0.8142092935729356,0.10777480618655443
1.6510000000000014,0.01925830453861314,0.0,0.20724447616857197,9.994169440846968e-06,1.2156817827242066,0.005000000000035457,0.8139254744036326,0.10774132796478786
1.6515000000000013,0.01926052676083536,0.0,0.2074693568385197,9.994169440846968e-06,1.215846333248869,0.005000000000035482,0.8136414416920729,0.1077078252987727
1.6520000000000012,0.019262748983057583,0.0,0.2076945452904175,9.994169440846968e-06,1.2160108819944526,0.005000000000035508,0.8133571954399147,0.10767429817202023
1.6525000000000012,0.019264971205279806,0.0,0.20792004150122373,9.994169440846968e-06,1.2161754289640705,0.005000000000035533,0.8130727356488004,0.10764074656745212
1.6530000000000011,0.01926719342750203,0.0,0.2081458454473308,9.994169440846968e-06,1.216339974160836,0.005000000000035559,0.8127880623203552,0.10760717046739661
1.6535000000000013,0.01926941564972425,0.0,0.20837195710486286,9.994169440846968e-06,1.2165045175878624,0.005000000000035585,0.812503175456188,0.10757356985389106
1.6540000000000012,0.01927163787194647,0.0,0.2085983764493209,9.994169440846968e-06,1.2166690592482623,0.0050000000000356105,0.812218075057892,0.10753994470832215
1.6545000000000012,0.019273860094168694,0.0,0.20882510345593505,9.994169440846968e-06,1.2168335991451489,0.0050000000000356365,0.8119327611270436,0.10750629501178195
1.6550000000000014,0.019276082316390917,0.0,0.20905213809928194,9.994169440846968e-06,1.2169981372816354,0.0050000000000356625,0.8116472336652021,0.10747262074468181
1.6555000000000013,0.01927830453861314,0.0,0.20927948035358282,9.994169440846968e-06,1.217162673660835,0.005000000000035688,0.8113614926739108,0.10743892188705349
1.6560000000000012,0.01928052676083536,0.0,0.20950713019251144,9.994169440846968e-06,1.2173272082858608,0.005000000000035714,0.8110755381546962,0.10740519841835501
1.6565000000000012,0.019282748983057582,0.0,0.20973508758943796,9.994169440846968e-06,1.2174917411598256,0.00500000000003574,0.8107893701090697,0.10737145031771653
1.6570000000000011,0.019284971205279805,0.0,0.20996335251704573,9.994169440846968e-06,1.2176562722858426,0.005000000000035766,0.8105029885385245,0.10733767756355388
1.6575000000000013,0.019287193427502028,0.0,0.2101919249476844,9.994169440846968e-06,1.2178208016670253,0.005000000000035791,0.8102163934445377,0.10730388013392536
1.6580000000000013,0.01928941564972425,0.0,0.21042080485323225,9.994169440846968e-06,1.2179853293064864,0.005000000000035817,0.8099295848285707,0.1072700580063925
1.6585000000000012,0.019291637871946474,0.0,0.21064999220503997,9.994169440846968e-06,1.218149855207339,0.005000000000035843,0.8096425626920679,0.10723621115796285
1.6590000000000014,0.019293860094168697,0.0,0.2108794869739839,9.994169440846968e-06,1.2183143793726965,0.005000000000035869,0.8093553270364574,0.10720233956514424
1.6595000000000013,0.019296082316390916,0.0,0.2111092891305193,9.994169440846968e-06,1.2184789018056714,0.005000000000035895,0.8090678778631512,0.10716844320399914
1.6600000000000013,0.01929830453861314,0.0,0.21133939864459697,9.994169440846968e-06,1.2186434225093774,0.005000000000035921,0.8087802151735435,0.10713452205005848
1.6605000000000012,0.019300526760835362,0.0,0.21156981548568912,9.994169440846968e-06,1.2188079414869275,0.005000000000035947,0.8084923389690133,0.10710057607835034
1.6610000000000011,0.01930274898305758,0.0,0.21180053962273307,9.994169440846968e-06,1.2189724587414346,0.005000000000035972,0.8082042492509229,0.10706660526334166
1.6615000000000013,0.019304971205279804,0.0,0.21203157102432196,9.994169440846968e-06,1.2191369742760119,0.005000000000035998,0.807915946020618,0.10703260957913055
1.6620000000000013,0.019307193427502027,0.0,0.2122629096584289,9.994169440846968e-06,1.2193014880937725,0.005000000000036024,0.8076274292794279,0.1069985889991688
1.6625000000000012,0.01930941564972425,0.0,0.21249455549259758,9.994169440846968e-06,1.2194660001978295,0.00500000000003605,0.8073386990286653,0.10696454349645375
1.6630000000000014,0.019311637871946473,0.0,0.21272650849388616,9.994169440846968e-06,1.219630510591296,0.005000000000036076,0.8070497552696266,0.10693047304347174
1.6635000000000013,0.019313860094168696,0.0,0.21295876862889332,9.994169440846968e-06,1.2197950192772848,0.005000000000036102,0.8067605980035919,0.1068963776122246
1.6640000000000013,0.01931608231639092,0.0,0.21319133586364666,9.994169440846968e-06,1.2199595262589096,0.005000000000036128,0.8064712272318243,0.10686225717411638
1.6645000000000012,0.019318304538613138,0.0,0.21342421016371155,9.994169440846968e-06,1.2201240315392832,0.005000000000036155,0.8061816429555707,0.1068281117000642
1.6650000000000011,0.01932052676083536,0.0,0.2136573914942998,9.994169440846968e-06,1.2202885351215185,0.005000000000036181,0.8058918451760622,0.10679394116060716
1.6655000000000013,0.019322748983057584,0.0,0.21389087981996555,9.994169440846968e-06,1.2204530370087288,0.005000000000036207,0.8056018338945123,0.10675974552559984
1.6660000000000013,0.019324971205279807,0.0,0.21412467510476857,9.994169440846968e-06,1.2206175372040273,0.005000000000036233,0.8053116091121184,0.10672552476437663
1.6665000000000012,0.019327193427502026,0.0,0.21435877731235625,9.994169440846968e-06,1.2207820357105268,0.005000000000036259,0.8050211708300627,0.10669127884583576
1.6670000000000014,0.01932941564972425,0.0,0.21459318640587915,9.994169440846968e-06,1.220946532531341,0.005000000000036285,0.8047305190495084,0.10665700773835193
1.6675000000000013,0.019331637871946472,0.0,0.2148279023479622,9.994169440846968e-06,1.221111027669582,0.005000000000036311,0.8044396537716053,0.10662271140974959
1.6680000000000013,0.019333860094168695,0.0,0.21506292510064773,9.994169440846968e-06,1.221275521128364,0.005000000000036338,0.8041485749974839,0.1065883898272434
1.6685000000000012,0.019336082316390918,0.0,0.2152982546256709,9.994169440846968e-06,1.2214400129107992,0.005000000000036364,0.8038572827282604,0.10655404295771846
1.6690000000000011,0.019338304538613137,0.0,0.21553389088404318,9.994169440846968e-06,1.2216045030200011,0.00500000000003639,0.8035657769650333,0.1065196707673077
1.6695000000000013,0.01934052676083536,0.0,0.21576983383649395,9.994169440846968e-06,1.2217689914590828,0.005000000000036417,0.803274057708885,0.10648527322183866
1.6700000000000013,0.019342748983057583,0.0,0.216006083443026,9.994169440846968e-06,1.2219334782311575,0.005000000000036443,0.8029821249608814,0.10645085028638467
1.6705000000000012,0.019344971205279806,0.0,0.21624263966330193,9.994169440846968e-06,1.222097963339338,0.005000000000036469,0.8026899787220722,0.1064164019256556
1.6710000000000014,0.01934719342750203,0.0,0.21647950245642134,9.994169440846968e-06,1.2222624467867378,0.005000000000036496,0.8023976189934903,0.10638192810377202
1.6715000000000013,0.01934941564972425,0.0,0.2167166717808914,9.994169440846968e-06,1.2224269285764697,0.005000000000036522,0.8021050457761522,0.10634742878423574
1.6720000000000013,0.01935163787194647,0.0,0.21695414759493092,9.994169440846968e-06,1.2225914087116467,0.005000000000036548,0.8018122590710586,0.10631290393023689
1.6725000000000012,0.019353860094168694,0.0,0.21719192985599703,9.994169440846968e-06,1.2227558871953823,0.005000000000036575,0.8015192588791924,0.10627835350417597
1.6730000000000012,0.019356082316390917,0.0,0.21743001852120042,9.994169440846968e-06,1.222920364030789,0.005000000000036601,0.8012260452015219,0.10624377746808367
1.6735000000000013,0.01935830453861314,0.0,0.21766841354699826,9.994169440846968e-06,1.2230848392209808,0.005000000000036628,0.8009326180389966,0.10620917578330961
1.6740000000000013,0.019360526760835363,0.0,0.21790711488952658,9.994169440846968e-06,1.2232493127690698,0.005000000000036654,0.8006389773925522,0.10617454841085984
1.6745000000000012,0.019362748983057582,0.0,0.21814612250415377,9.994169440846968e-06,1.2234137846781699,0.005000000000036681,0.8003451232631054,0.10613989531094385
1.6750000000000014,0.019364971205279805,0.0,0.21838543634598026,9.994169440846968e-06,1.2235782549513936,0.005000000000036707,0.8000510556515585,0.10610521644348034
1.6755000000000013,0.019367193427502028,0.0,0.21862505636944746,9.994169440846968e-06,1.2237427235918543,0.005000000000036734,0.7997567745587963,0.10607051176770266
1.6760000000000013,0.01936941564972425,0.0,0.21886498252844752,9.994169440846968e-06,1.2239071906026653,0.00500000000003676,0.7994622799856869,0.10603578124226863
1.6765000000000012,0.01937163787194647,0.0,0.21910521477646172,9.994169440846968e-06,1.2240716559869391,0.005000000000036787,0.7991675719330833,0.10600102482540193
1.6770000000000012,0.019373860094168693,0.0,0.21934575306639176,9.994169440846968e-06,1.2242361197477893,0.0050000000000368135,0.7988726504018203,0.10596624247471897
1.6775000000000013,0.019376082316390916,0.0,0.2195865973505581,9.994169440846968e-06,1.224400581888329,0.0050000000000368396,0.7985775153927174,0.10593143414723002
1.6780000000000013,0.01937830453861314,0.0,0.21982774758086662,9.994169440846968e-06,1.2245650424116712,0.0050000000000368664,0.7982821669065773,0.10589659979950661
1.6785000000000012,0.019380526760835362,0.0,0.2200692037085834,9.994169440846968e-06,1.2247295013209287,0.005000000000036893,0.7979866049441868,0.10586173938745322
1.6790000000000014,0.019382748983057585,0.0,0.22031096568455732,9.994169440846968e-06,1.224893958619215,0.005000000000036919,0.7976908295063154,0.1058268528665335
1.6795000000000013,0.019384971205279808,0.0,0.22055303345896685,9.994169440846968e-06,1.225058414309643,0.005000000000036946,0.7973948405937163,0.10579194019151306
1.6800000000000013,0.019387193427502027,0.0,0.22079540698159852,9.994169440846968e-06,1.225222868395326,0.005000000000036973,0.7970986382071268,0.1057570013167428
1.6805000000000012,0.01938941564972425,0.0,0.22103808620164994,9.994169440846968e-06,1.2253873208793766,0.005000000000037,0.7968022223472677,0.10572203619595698
1.6810000000000012,0.01939163787194647,0.0,0.22128107106772807,9.994169440846968e-06,1.2255517717649085,0.005000000000037026,0.7965055930148426,0.10568704478227472
1.6815000000000013,0.019393860094168696,0.0,0.22152436152804444,9.994169440846968e-06,1.2257162210550347,0.005000000000037053,0.7962087502105387,0.10565202702839428
1.6820000000000013,0.019396082316390915,0.0,0.22176795753010523,9.994169440846968e-06,1.2258806687528678,0.00500000000003708,0.7959116939350288,0.10561698288628352
1.6825000000000012,0.01939830453861314,0.0,0.2220118590210185,9.994169440846968e-06,1.2260451148615215,0.005000000000037107,0.7956144241889662,0.10558191230748594
1.6830000000000014,0.01940052676083536,0.0,0.22225606594724048,9.994169440846968e-06,1.2262095593841087,0.005000000000037134,0.7953169409729897,0.10554681524286774
1.6835000000000013,0.019402748983057584,0.0,0.22250057825479877,9.994169440846968e-06,1.2263740023237422,0.0050000000000371605,0.7950192442877215,0.10551169164284234
1.6840000000000013,0.019404971205279807,0.0,0.22274539588903816,9.994169440846968e-06,1.2265384436835356,0.005000000000037187,0.7947213341337662,0.10547654145711279
1.6845000000000012,0.019407193427502027,0.0,0.2229905187949005,9.994169440846968e-06,1.2267028834666016,0.005000000000037214,0.7944232105117138,0.10544136463495639
1.6850000000000012,0.01940941564972425,0.0,0.22323594691675494,9.994169440846968e-06,1.2268673216760533,0.005000000000037241,0.7941248734221367,0.10540616112505052
1.6855000000000013,0.019411637871946472,0.0,0.22348168019828338,9.994169440846968e-06,1.2270317583150043,0.005000000000037268,0.7938263228655899,0.10537093087535901
1.6860000000000013,0.019413860094168695,0.0,0.22372771858287416,9.994169440846968e-06,1.227196193386567,0.005000000000037295,0.7935275588426147,0.10533567383353028
1.6865000000000012,0.019416082316390915,0.0,0.22397406201308487,9.994169440846968e-06,1.227360626893855,0.005000000000037322,0.793228581353733,0.1053003899463525
1.6870000000000014,0.019418304538613138,0.0,0.22422071043114894,9.994169440846968e-06,1.2275250588399813,0.005000000000037349,0.7929293903994522,0.10526507916026659
1.6875000000000013,0.01942052676083536,0.0,0.2244676637786355,9.994169440846968e-06,1.2276894892280588,0.005000000000037376,0.7926299859802628,0.10522974142102316
1.6880000000000013,0.019422748983057583,0.0,0.22471492199658963,9.994169440846968e-06,1.227853918061201,0.0050000000000374025,0.7923303680966381,0.10519437667382345
1.6885000000000012,0.019424971205279806,0.0,0.22496248502550245,9.994169440846968e-06,1.2280183453425204,0.005000000000037429,0.7920305367490363,0.10515898486328927
1.6890000000000012,0.01942719342750203,0.0,0.22521035963997238,9.994169440846968e-06,1.2281827710122966,0.005000000000037456,0.7917304920525994,0.10512357287644365
1.6895000000000013,0.019429415649724252,0.0,0.2254585840807296,9.994169440846968e-06,1.228347194721821,0.005000000000037483,0.7914302346506992,0.10508817956570266
1.6900000000000013,0.01943163787194647,0.0,0.2257071150264999,9.994169440846968e-06,1.2285116168721604,0.00500000000003751,0.791129763817884,0.10505276092872365
1.6905000000000012,0.019433860094168694,0.0,0.22595595249908906,9.994169440846968e-06,1.22867603746569,0.005000000000037538,0.7908290795559614,0.10501731699272031
1.6910000000000014,0.019436082316390917,0.0,0.22620509651975376,9.994169440846968e-06,1.2288404565047857,0.005000000000037565,0.7905281818667251,0.10498184778433639
1.6915000000000013,0.01943830453861314,0.0,0.22645454710948423,9.994169440846968e-06,1.2290048739918222,0.0050000000000375916,0.7902270707519585,0.10494635332993116
1.6920000000000013,0.01944052676083536,0.0,0.2267043042888046,9.994169440846968e-06,1.2291692899291753,0.0050000000000376185,0.7899257462134304,0.10491083365537746
1.6925000000000012,0.019442748983057583,0.0,0.2269543680778854,9.994169440846968e-06,1.2293337043192205,0.005000000000037646,0.7896242082528974,0.10487528878617423
1.6930000000000012,0.019444971205279805,0.0,0.22720473849654277,9.994169440846968e-06,1.229498117164333,0.005000000000037673,0.7893224568721041,0.10483971874744834
1.6935000000000013,0.01944719342750203,0.0,0.22745541556418053,9.994169440846968e-06,1.2296625284668885,0.0050000000000377,0.7890204920727826,0.10480412356389408
1.6940000000000013,0.01944941564972425,0.0,0.22770639929981776,9.994169440846968e-06,1.2298269382292621,0.005000000000037728,0.7887183138566517,0.10476850325980158
1.6945000000000012,0.019451637871946474,0.0,0.22795768972208766,9.994169440846968e-06,1.2299913464538295,0.005000000000037755,0.7884159222254183,0.10473285785905564
1.6950000000000014,0.019453860094168697,0.0,0.22820928684920838,9.994169440846968e-06,1.230155753142966,0.005000000000037782,0.7881133171807762,0.10469718738510614
1.6955000000000013,0.019456082316390916,0.0,0.22846119069909557,9.994169440846968e-06,1.230320158299047,0.005000000000037809,0.7878104987244077,0.10466149186108288
1.6960000000000013,0.01945830453861314,0.0,0.22871340128924803,9.994169440846968e-06,1.230484561924448,0.005000000000037837,0.7875074668579812,0.10462577130967755
1.6965000000000012,0.019460526760835362,0.0,0.2289659186366893,9.994169440846968e-06,1.2306489640215443,0.005000000000037864,0.7872042215831534,0.10459002575308723
1.6970000000000012,0.01946274898305758,0.0,0.22921874275813792,9.994169440846968e-06,1.2308133645927113,0.005000000000037891,0.7869007629015685,0.10455425521318586
1.6975000000000013,0.019464971205279805,0.0,0.2294718736698924,9.994169440846968e-06,1.2309777636403247,0.0050000000000379186,0.7865970908148572,0.10451845971140618
1.6980000000000013,0.019467193427502028,0.0,0.2297253113879159,9.994169440846968e-06,1.2311421611667597,0.005000000000037946,0.7862932053246388,0.10448263926882836
1.6985000000000012,0.01946941564972425,0.0,0.22997905592766402,9.994169440846968e-06,1.2313065571743915,0.005000000000037973,0.7859891064325197,0.10444679390600345
1.6990000000000014,0.019471637871946473,0.0,0.23023310730425484,9.994169440846968e-06,1.2314709516655962,0.005000000000038001,0.785684794140093,0.10441092364312635
1.6995000000000013,0.019473860094168696,0.0,0.23048746553246868,9.994169440846968e-06,1.2316353446427486,0.005000000000038028,0.7853802684489404,0.1043750285000358
1.7000000000000013,0.019476082316390916,0.0,0.23074213062657492,9.994169440846968e-06,1.2317997361082242,0.005000000000038056,0.7850755293606304,0.1043391084960387
1.7005000000000012,0.01947830453861314,0.0,0.23099710260058903,9.994169440846968e-06,1.2319641260643985,0.005000000000038083,0.7847705768767193,0.10430316365016964
1.7010000000000012,0.01948052676083536,0.0,0.23125238146801375,9.994169440846968e-06,1.2321285145136471,0.00500000000003811,0.7844654109987501,0.10426719398093062
1.7015000000000013,0.019482748983057584,0.0,0.23150796724192396,9.994169440846968e-06,1.2322929014583455,0.005000000000038138,0.7841600317282535,0.10423119950637535
1.7020000000000013,0.019484971205279804,0.0,0.23176385993510928,9.994169440846968e-06,1.2324572869008685,0.005000000000038166,0.7838544390667492,0.10419518024425528
1.7025000000000012,0.019487193427502027,0.0,0.2320200595599298,9.994169440846968e-06,1.2326216708435922,0.0050000000000381935,0.7835486330157417,0.10415913621187098
1.7030000000000014,0.01948941564972425,0.0,0.23227656612831488,9.994169440846968e-06,1.2327860532888917,0.00500000000003822,0.7832426135767251,0.10412306742607386
1.7035000000000013,0.019491637871946473,0.0,0.23253337965176235,9.994169440846968e-06,1.2329504342391424,0.005000000000038248,0.78293638075118,0.10408697390326344
1.7040000000000013,0.019493860094168695,0.0,0.23279050014142383,9.994169440846968e-06,1.2331148136967198,0.005000000000038276,0.7826299345405744,0.10405085565947458
1.7045000000000012,0.01949608231639092,0.0,0.2330479276079886,9.994169440846968e-06,1.2332791916639994,0.005000000000038304,0.7823232749463642,0.10401471271025944
1.7050000000000012,0.019498304538613138,0.0,0.2333056620617979,9.994169440846968e-06,1.2334435681433564,0.005000000000038331,0.7820164019699924,0.10397854507080412
1.7055000000000013,0.01950052676083536,0.0,0.2335637035127865,9.994169440846968e-06,1.2336079431371665,0.005000000000038359,0.7817093156128896,0.10394235275586747
1.7060000000000013,0.019502748983057584,0.0,0.2338220519704817,9.994169440846968e-06,1.2337723166478047,0.005000000000038386,0.7814020158764741,0.1039061357797828
1.7065000000000012,0.019504971205279806,0.0,0.2340807074439159,9.994169440846968e-06,1.2339366886776468,0.005000000000038414,0.781094502762151,0.10386989415636735
1.7070000000000014,0.01950719342750203,0.0,0.23433966994174085,9.994169440846968e-06,1.2341010592290684,0.005000000000038442,0.7807867762713128,0.10383362789903866
1.7075000000000014,0.01950941564972425,0.0,0.23459893947234245,9.994169440846968e-06,1.2342654283044443,0.005000000000038469,0.7804788364053411,0.10379733702093188
1.7080000000000013,0.01951163787194647,0.0,0.23485851604349334,9.994169440846968e-06,1.2344297959061505,0.005000000000038497,0.7801706831656025,0.1037610215345448
1.7085000000000012,0.019513860094168695,0.0,0.2351183996627274,9.994169440846968e-06,1.234594162036562,0.005000000000038525,0.7798623165534533,0.1037246814521213
1.7090000000000012,0.019516082316390918,0.0,0.23537859033702088,9.994169440846968e-06,1.2347585266980545,0.005000000000038553,0.7795537365702353,0.10368831678532531
1.7095000000000014,0.01951830453861314,0.0,0.235639088072994,9.994169440846968e-06,1.2349228898930034,0.00500000000003858,0.7792449432172792,0.10365192754544639
1.7100000000000013,0.019520526760835363,0.0,0.23589989287691002,9.994169440846968e-06,1.2350872516237839,0.005000000000038609,0.778935936495903,0.10361551374339856
1.7105000000000012,0.019522748983057583,0.0,0.23616100475450053,9.994169440846968e-06,1.2352516118927717,0.005000000000038637,0.778626716407411,0.10357907538954345
1.7110000000000014,0.019524971205279806,0.0,0.23642242371122538,9.994169440846968e-06,1.235415970702342,0.0050000000000386645,0.7783172829530962,0.10354261249395244
1.7115000000000014,0.01952719342750203,0.0,0.2366841497519819,9.994169440846968e-06,1.2355803280548703,0.005000000000038692,0.7780076361342387,0.10350612506611404
1.7120000000000013,0.01952941564972425,0.0,0.23694618288133595,9.994169440846968e-06,1.235744683952732,0.00500000000003872,0.7776977759521061,0.10346961311516686
1.7125000000000012,0.01953163787194647,0.0,0.2372085231034049,9.994169440846968e-06,1.2359090383983025,0.005000000000038748,0.777387702407953,0.10343307664978157
1.7130000000000012,0.019533860094168694,0.0,0.23747117042188579,9.994169440846968e-06,1.2360733913939574,0.005000000000038776,0.7770774155030216,0.10339651567818772
1.7135000000000014,0.019536082316390917,0.0,0.23773412484008355,9.994169440846968e-06,1.236237742942072,0.005000000000038804,0.7767669152385422,0.1033599302082053
1.7140000000000013,0.01953830453861314,0.0,0.23799738636082288,9.994169440846968e-06,1.2364020930450217,0.005000000000038832,0.7764562016157317,0.10332332024715313
1.7145000000000012,0.019540526760835362,0.0,0.2382609549865635,9.994169440846968e-06,1.2365664417051818,0.00500000000003886,0.7761452746357953,0.10328668580196665
1.7150000000000014,0.019542748983057585,0.0,0.23852483071928307,9.994169440846968e-06,1.2367307889249282,0.005000000000038888,0.7758341342999244,0.10325002687907894
1.7155000000000014,0.019544971205279805,0.0,0.23878901356059268,9.994169440846968e-06,1.2368951347066357,0.005000000000038916,0.7755227806092997,0.10321334348453848
1.7160000000000013,0.019547193427502028,0.0,0.2390535035117068,9.994169440846968e-06,1.2370594790526799,0.005000000000038944,0.7752112135650882,0.10317663562397678
1.7165000000000012,0.01954941564972425,0.0,0.23931830057329673,9.994169440846968e-06,1.2372238219654366,0.005000000000038972,0.7748994331684435,0.10313990330246234
1.7170000000000012,0.01955163787194647,0.0,0.23958340474566456,9.994169440846968e-06,1.2373881634472808,0.005000000000039,0.7745874394205085,0.103103146524676
1.7175000000000014,0.019553860094168693,0.0,0.23984881602871308,9.994169440846968e-06,1.237552503500588,0.005000000000039029,0.7742752323224124,0.10306636529487889
1.7180000000000013,0.019556082316390916,0.0,0.24011453442191585,9.994169440846968e-06,1.2377168421277338,0.0050000000000390565,0.7739628118752724,0.10302955961688498
1.7185000000000012,0.01955830453861314,0.0,0.24038055992425789,9.994169440846968e-06,1.2378811793310935,0.005000000000039085,0.7736501780801924,0.10299272949399893
1.7190000000000014,0.01956052676083536,0.0,0.24064689253435143,9.994169440846968e-06,1.2380455151130425,0.005000000000039113,0.773337330938265,0.10295587492913408
1.7195000000000014,0.019562748983057585,0.0,0.24091353225028908,9.994169440846968e-06,1.2382098494759564,0.0050000000000391415,0.7730242704505689,0.10291899592466333
1.7200000000000013,0.019564971205279807,0.0,0.24118047906987686,9.994169440846968e-06,1.2383741824222103,0.005000000000039169,0.7727109966181712,0.10288209248265606
1.7205000000000013,0.019567193427502027,0.0,0.24144773299037003,9.994169440846968e-06,1.2385385139541798,0.005000000000039198,0.7723975094421263,0.10284516460461005
1.7210000000000012,0.01956941564972425,0.0,0.24171529400861846,9.994169440846968e-06,1.2387028440742403,0.005000000000039226,0.7720838089234758,0.10280821229159715
1.7215000000000014,0.019571637871946473,0.0,0.24198316212106577,9.994169440846968e-06,1.2388671727847673,0.005000000000039254,0.7717698950632484,0.10277123554426573
1.7220000000000013,0.019573860094168696,0.0,0.24225133732366066,9.994169440846968e-06,1.2390315000881362,0.005000000000039283,0.7714557678624613,0.10273423436274831
1.7225000000000013,0.019576082316390915,0.0,0.24251981961194383,9.994169440846968e-06,1.2391958259867224,0.005000000000039311,0.7711414273221184,0.10269720874675098
1.7230000000000014,0.019578304538613138,0.0,0.2427886089810765,9.994169440846968e-06,1.2393601504829013,0.005000000000039339,0.7708268734432114,0.1026601586955804
1.7235000000000014,0.01958052676083536,0.0,0.2430577054257223,9.994169440846968e-06,1.239524473579048,0.005000000000039368,0.7705121062267196,0.10262308420802688
1.7240000000000013,0.019582748983057584,0.0,0.24332710894004603,9.994169440846968e-06,1.2396887952775386,0.0050000000000393965,0.7701971256736088,0.1025859852823609
1.7245000000000013,0.019584971205279807,0.0,0.24359681951791887,9.994169440846968e-06,1.239853115580748,0.005000000000039424,0.7698819317848334,0.1025488619165425
1.7250000000000012,0.01958719342750203,0.0,0.2438668371525937,9.994169440846968e-06,1.240017434491052,0.005000000000039453,0.7695665245613343,0.10251171410789095
1.7255000000000014,0.019589415649724252,0.0,0.24413716183705764,9.994169440846968e-06,1.2401817520108256,0.0050000000000394815,0.7692509040040412,0.10247454185344348
1.7260000000000013,0.019591637871946472,0.0,0.24440779356370704,9.994169440846968e-06,1.2403460681424445,0.00500000000003951,0.7689350701138696,0.10243734514962502
1.7265000000000013,0.019593860094168695,0.0,0.24467873232464155,9.994169440846968e-06,1.240510382888284,0.005000000000039539,0.7686190228917242,0.10240012399254553
1.7270000000000014,0.019596082316390918,0.0,0.24494997811136812,9.994169440846968e-06,1.2406746962507196,0.005000000000039567,0.7683027623384955,0.10236287837770183
1.7275000000000014,0.01959830453861314,0.0,0.24522153091503635,9.994169440846968e-06,1.2408390082321268,0.005000000000039595,0.7679862884550623,0.102325608300215
1.7280000000000013,0.01960052676083536,0.0,0.24549339072628987,9.994169440846968e-06,1.2410033188348806,0.005000000000039624,0.7676696012422916,0.10228831375468025
1.7285000000000013,0.019602748983057583,0.0,0.24576555753538365,9.994169440846968e-06,1.241167628061357,0.005000000000039652,0.7673527007010358,0.10225099473528426
1.7290000000000012,0.019604971205279806,0.0,0.24603803133212424,9.994169440846968e-06,1.2413319359139312,0.005000000000039681,0.7670355868321368,0.10221365123574741
1.7295000000000014,0.01960719342750203,0.0,0.24631081210583922,9.994169440846968e-06,1.2414962423949785,0.00500000000003971,0.7667182596364233,0.10217628324929073
1.7300000000000013,0.01960941564972425,0.0,0.24658389984537624,9.994169440846968e-06,1.2416605475068743,0.005000000000039738,0.7664007191147111,0.10213889076863536
1.7305000000000013,0.01961163787194647,0.0,0.24685729453916133,9.994169440846968e-06,1.2418248512519943,0.005000000000039767,0.7660829652678034,0.10210147378606249
1.7310000000000014,0.019613860094168694,0.0,0.24713099617522793,9.994169440846968e-06,1.2419891536327137,0.0050000000000397955,0.7657649980964916,0.10206403229344088
1.7315000000000014,0.019616082316390917,0.0,0.24740500474109742,9.994169440846968e-06,1.2421534546514077,0.005000000000039825,0.7654468176015545,0.10202656628210824
1.7320000000000013,0.01961830453861314,0.0,0.24767932022380773,9.994169440846968e-06,1.2423177543104522,0.005000000000039854,0.7651284237837572,0.1019890757428985
1.7325000000000013,0.01962052676083536,0.0,0.24795394260994225,9.994169440846968e-06,1.2424820526122224,0.005000000000039882,0.7648098166438535,0.1019515606661722
1.7330000000000012,0.019622748983057582,0.0,0.2482288718857478,9.994169440846968e-06,1.2426463495590938,0.005000000000039911,0.7644909961825842,0.10191402104193434
1.7335000000000014,0.019624971205279805,0.0,0.24850410803689615,9.994169440846968e-06,1.2428106451534418,0.0050000000000399395,0.7641719624006775,0.10187645685959504
1.7340000000000013,0.019627193427502028,0.0,0.24877965104866154,9.994169440846968e-06,1.2429749393976415,0.005000000000039968,0.7638527152988498,0.10183886810814799
1.7345000000000013,0.01962941564972425,0.0,0.2490555009058007,9.994169440846968e-06,1.2431392322940686,0.005000000000039998,0.7635332548778038,0.10180125477604901
1.7350000000000014,0.019631637871946474,0.0,0.24933165759264134,9.994169440846968e-06,1.243303523845099,0.005000000000040026,0.7632135811382296,0.10176361685130597
1.7355000000000014,0.019633860094168697,0.0,0.24960812109311123,9.994169440846968e-06,1.243467814053107,0.005000000000040055,0.7628936940808069,0.1017259543215085
1.7360000000000013,0.019636082316390916,0.0,0.2498848913904989,9.994169440846968e-06,1.243632102920469,0.0050000000000400835,0.7625735937061998,0.101688267173585
1.7365000000000013,0.01963830453861314,0.0,0.25016196846789973,9.994169440846968e-06,1.2437963904495601,0.005000000000040113,0.7622532800150625,0.10165055539425435
1.7370000000000012,0.019640526760835362,0.0,0.2504393523077685,9.994169440846968e-06,1.2439606766427556,0.005000000000040142,0.7619327530080354,0.10161281896957411
1.7375000000000014,0.019642748983057585,0.0,0.25071704289209656,9.994169440846968e-06,1.244124961502431,0.00500000000004017,0.7616120126857463,0.10157505788511831
1.7380000000000013,0.019644971205279804,0.0,0.25099504020247154,9.994169440846968e-06,1.2442892450309617,0.0050000000000402,0.761291059048811,0.10153727212603947
1.7385000000000013,0.019647193427502027,0.0,0.2512733442199565,9.994169440846968e-06,1.2444535272307233,0.005000000000040228,0.7609698920978321,0.10149946167694371
1.7390000000000014,0.01964941564972425,0.0,0.25155195492523885,9.994169440846968e-06,1.244617808104091,0.005000000000040258,0.7606485118334003,0.10146162652204505
1.7395000000000014,0.019651637871946473,0.0,0.25183087229845,9.994169440846968e-06,1.2447820876534406,0.0050000000000402865,0.7603269182560933,0.10142376664498018
1.7400000000000013,0.019653860094168696,0.0,0.2521100963193142,9.994169440846968e-06,1.2449463658811468,0.005000000000040316,0.7600051113664774,0.10138588202896015
1.7405000000000013,0.01965608231639092,0.0,0.2523896269670277,9.994169440846968e-06,1.2451106427895855,0.005000000000040345,0.7596830911651049,0.10134797265664777
1.7410000000000012,0.019658304538613138,0.0,0.25266946422034814,9.994169440846968e-06,1.2452749183811322,0.005000000000040374,0.7593608576525157,0.10131003851024875
1.7415000000000014,0.01966052676083536,0.0,0.2529496080576235,9.994169440846968e-06,1.2454391926581623,0.005000000000040403,0.7590384108292381,0.10127207957153939
1.7420000000000013,0.019662748983057584,0.0,0.2532300584566714,9.994169440846968e-06,1.245603465623051,0.005000000000040432,0.7587157506957871,0.10123409582174656
1.7425000000000013,0.019664971205279807,0.0,0.2535108153948083,9.994169440846968e-06,1.2457677372781737,0.005000000000040462,0.7583928772526664,0.10119608724157575
1.7430000000000014,0.01966719342750203,0.0,0.2537918788489086,9.994169440846968e-06,1.2459320076259062,0.00500000000004049,0.7580697905003649,0.10115805381127146
1.7435000000000014,0.01966941564972425,0.0,0.2540732487954038,9.994169440846968e-06,1.2460962766686234,0.00500000000004052,0.7577464904393614,0.10111999551061698
1.7440000000000013,0.019671637871946472,0.0,0.25435492521019193,9.994169440846968e-06,1.2462605444087014,0.005000000000040549,0.7574229770701201,0.10108191231884003
1.7445000000000013,0.019673860094168695,0.0,0.25463690806884665,9.994169440846968e-06,1.2464248108485148,0.005000000000040578,0.7570992503930949,0.10104380421482889
1.7450000000000012,0.019676082316390918,0.0,0.2549191973461957,9.994169440846968e-06,1.2465890759904397,0.005000000000040607,0.7567753104087247,0.10100567117670137
1.7455000000000014,0.01967830453861314,0.0,0.25520179301686163,9.994169440846968e-06,1.246753339836851,0.005000000000040637,0.7564511571174379,0.10096751318235517
1.7460000000000013,0.01968052676083536,0.0,0.2554846950547792,9.994169440846968e-06,1.2469176023901247,0.005000000000040666,0.7561267905196492,0.10092933020897796
1.7465000000000013,0.019682748983057583,0.0,0.2557679034335864,9.994169440846968e-06,1.2470818636526357,0.005000000000040695,0.7558022106157614,0.10089112223344268
1.7470000000000014,0.019684971205279806,0.0,0.25605141812632193,9.994169440846968e-06,1.2472461236267598,0.0050000000000407245,0.755477417406164,0.10085288923200311
1.7475000000000014,0.01968719342750203,0.0,0.2563352391056057,9.994169440846968e-06,1.2474103823148721,0.005000000000040754,0.7551524108912353,0.10081463118047543
1.7480000000000013,0.01968941564972425,0.0,0.25661936634351706,9.994169440846968e-06,1.2475746397193481,0.0050000000000407835,0.7548271910713399,0.10077634805411534
1.7485000000000013,0.01969163787194647,0.0,0.25690379981168454,9.994169440846968e-06,1.2477388958425635,0.005000000000040813,0.7545017579468299,0.10073803982770729
1.7490000000000012,0.019693860094168694,0.0,0.2571885394813156,9.994169440846968e-06,1.2479031506868934,0.005000000000040842,0.7541761115180456,0.10069970647559787
1.7495000000000014,0.019696082316390917,0.0,0.2574735853230444,9.994169440846968e-06,1.2480674042547133,0.005000000000040872,0.7538502517853146,0.100661347971539
1.7500000000000013,0.01969830453861314,0.0,0.2577589373070821,9.994169440846968e-06,1.2482316565483986,0.005000000000040901,0.7535241787489515,0.10062296428884118
1.7505000000000013,0.019700526760835363,0.0,0.2580445954030652,9.994169440846968e-06,1.248395907570325,0.005000000000040931,0.7531978924092582,0.10058455540021935
1.7510000000000014,0.019702748983057586,0.0,0.2583305595802663,9.994169440846968e-06,1.2485601573228675,0.00500000000004096,0.7528713927665254,0.10054612127800736
1.7515000000000014,0.019704971205279805,0.0,0.2586168298074117,9.994169440846968e-06,1.2487244058084017,0.00500000000004099,0.75254467982103,0.10050766189397259
1.7520000000000013,0.019707193427502028,0.0,0.25890340605274126,9.994169440846968e-06,1.2488886530293033,0.005000000000041019,0.7522177535730363,0.10046917721937537
1.7525000000000013,0.01970941564972425,0.0,0.25919028828400753,9.994169440846968e-06,1.2490528989879472,0.005000000000041049,0.7518906140227974,0.10043066722497077
1.7530000000000012,0.01971163787194647,0.0,0.259477476468475,9.994169440846968e-06,1.2492171436867092,0.005000000000041078,0.7515632611705525,0.10039213188100637
1.7535000000000014,0.019713860094168693,0.0,0.2597649705729801,9.994169440846968e-06,1.2493813871279646,0.005000000000041108,0.7512356950165289,0.10035357115728183
1.7540000000000013,0.019716082316390916,0.0,0.26005277056374804,9.994169440846968e-06,1.2495456293140887,0.005000000000041137,0.7509079155609416,0.10031498502296585
1.7545000000000013,0.01971830453861314,0.0,0.2603408764066351,9.994169440846968e-06,1.2497098702474572,0.005000000000041168,0.7505799228039924,0.1002763734468402
1.7550000000000014,0.019720526760835362,0.0,0.26062928806688496,9.994169440846968e-06,1.2498741099304453,0.005000000000041197,0.7502517167458709,0.10023773639705266
1.7555000000000014,0.019722748983057585,0.0,0.2609180055094012,9.994169440846968e-06,1.2500383483654285,0.005000000000041227,0.7499232973867545,0.1001990738413942
1.7560000000000013,0.019724971205279808,0.0,0.2612070286984121,9.994169440846968e-06,1.2502025855547823,0.005000000000041256,0.7495946647268075,0.10016038574695799
1.7565000000000013,0.019727193427502027,0.0,0.2614963575977742,9.994169440846968e-06,1.2503668215008819,0.0050000000000412865,0.7492658187661823,0.10012167208044853
1.7570000000000012,0.01972941564972425,0.0,0.26178599217091053,9.994169440846968e-06,1.2505310562061027,0.005000000000041316,0.7489367595050185,0.10008293280811723
1.7575000000000014,0.019731637871946473,0.0,0.2620759323805663,9.994169440846968e-06,1.2506952896728205,0.0050000000000413455,0.7486074869434425,0.10004416789551646
1.7580000000000013,0.019733860094168696,0.0,0.26236617818914343,9.994169440846968e-06,1.2508595219034107,0.005000000000041376,0.7482780010815689,0.10000537730783815
1.7585000000000013,0.019736082316390915,0.0,0.26265672955842484,9.994169440846968e-06,1.2510237529002481,0.005000000000041405,0.7479483019195006,0.0999665610096343
1.7590000000000015,0.01973830453861314,0.0,0.2629475864498489,9.994169440846968e-06,1.2511879826657089,0.005000000000041435,0.7476183894573262,0.09992771896509406
1.7595000000000014,0.01974052676083536,0.0,0.26323874882423354,9.994169440846968e-06,1.2513522112021678,0.005000000000041465,0.7472882636951234,0.09988885113776616
1.7600000000000013,0.019742748983057584,0.0,0.26353021664192844,9.994169440846968e-06,1.2515164385120008,0.005000000000041495,0.7469579246329557,0.0998499574907118
1.7605000000000013,0.019744971205279807,0.0,0.2638219898627833,9.994169440846968e-06,1.251680664597583,0.005000000000041525,0.7466273722708756,0.09981103798647281
1.7610000000000012,0.019747193427502027,0.0,0.26411406844617824,9.994169440846968e-06,1.25184488946129,0.0050000000000415545,0.7462966066089227,0.09977209258710312
1.7615000000000014,0.01974941564972425,0.0,0.26440645235093063,9.994169440846968e-06,1.2520091131054971,0.005000000000041585,0.745965627647123,0.09973312125407191
1.7620000000000013,0.019751637871946472,0.0,0.2646991415354173,9.994169440846968e-06,1.25217333553258,0.005000000000041614,0.7456344353854915,0.09969412394839108
1.7625000000000013,0.019753860094168695,0.0,0.26499213595751225,9.994169440846968e-06,1.2523375567449135,0.005000000000041645,0.7453030298240302,0.09965510063054989
1.7630000000000015,0.019756082316390918,0.0,0.26528543557449397,9.994169440846968e-06,1.2525017767448736,0.005000000000041675,0.744971410962728,0.09961605126042106
1.7635000000000014,0.019758304538613138,0.0,0.2655790478076649,9.994169440846968e-06,1.2526659954716426,0.005000000000041705,0.7446395789292956,0.0995769833899672
1.7640000000000013,0.01976052676083536,0.0,0.26587297571473983,9.994169440846968e-06,1.252830212901459,0.005000000000041735,0.7443075337768117,0.09953790013287225
1.7645000000000013,0.019762748983057583,0.0,0.26616721012227934,9.994169440846968e-06,1.2529944291140487,0.005000000000041765,0.7439752753490264,0.0994987921616872
1.7650000000000012,0.019764971205279806,0.0,0.2664617510326799,9.994169440846968e-06,1.2531586441114093,0.005000000000041795,0.7436428036466912,0.09945965948216767
1.7655000000000014,0.01976719342750203,0.0,0.266756598447901,9.994169440846968e-06,1.2533228578955387,0.005000000000041825,0.7433101186705469,0.09942050209961556
1.7660000000000013,0.019769415649724252,0.0,0.2670517523694338,9.994169440846968e-06,1.2534870704684349,0.0050000000000418555,0.742977220421323,0.09938132001884692
1.7665000000000013,0.01977163787194647,0.0,0.26734721279842333,9.994169440846968e-06,1.2536512818320955,0.005000000000041886,0.7426441088997394,0.09934211324431708
1.7670000000000015,0.019773860094168694,0.0,0.2676429797356375,9.994169440846968e-06,1.2538154919885187,0.005000000000041915,0.7423107841065048,0.09930288178008692
1.7675000000000014,0.019776082316390917,0.0,0.2679390531814355,9.994169440846968e-06,1.253979700939702,0.005000000000041946,0.7419772460423182,0.09926362562979385
1.7680000000000013,0.01977830453861314,0.0,0.26823543313567455,9.994169440846968e-06,1.2541439086876436,0.005000000000041976,0.7416434947078667,0.09922434479655479
1.7685000000000013,0.01978052676083536,0.0,0.2685321195978325,9.994169440846968e-06,1.2543081152343412,0.005000000000042006,0.7413095301038282,0.0991850392830923
1.7690000000000012,0.019782748983057583,0.0,0.2688291125670694,9.994169440846968e-06,1.2544723205817925,0.005000000000042037,0.7409753522308697,0.09914570909179463
1.7695000000000014,0.019784971205279805,0.0,0.2691264120420722,9.994169440846968e-06,1.2546365247319955,0.005000000000042067,0.7406409610896474,0.09910635422456135
1.7700000000000014,0.01978719342750203,0.0,0.2694240180210541,9.994169440846968e-06,1.2548007276869482,0.0050000000000420975,0.7403063566808068,0.09906697468280018
1.7705000000000013,0.01978941564972425,0.0,0.26972193050193943,9.994169440846968e-06,1.254964929448648,0.005000000000042128,0.7399715390049837,0.09902757046761607
1.7710000000000015,0.019791637871946474,0.0,0.2700201494820846,9.994169440846968e-06,1.2551291300190934,0.005000000000042158,0.739636508062802,0.09898814157952682
1.7715000000000014,0.019793860094168697,0.0,0.270318674958587,9.994169440846968e-06,1.255293329400282,0.005000000000042189,0.7393012638548766,0.09894868801877788
1.7720000000000014,0.019796082316390917,0.0,0.27061750692806785,9.994169440846968e-06,1.2554575275942113,0.005000000000042219,0.7389658063818112,0.09890920978512138
1.7725000000000013,0.01979830453861314,0.0,0.27091664538667115,9.994169440846968e-06,1.2556217246028796,0.005000000000042249,0.7386301356441984,0.09886970687781355
1.7730000000000012,0.019800526760835362,0.0,0.2712160903302492,9.994169440846968e-06,1.2557859204282846,0.00500000000004228,0.738294251642621,0.09883017929580623
1.7735000000000014,0.019802748983057585,0.0,0.27151584175414517,9.994169440846968e-06,1.2559501150724242,0.00500000000004231,0.7379581543776513,0.09879062703752378
1.7740000000000014,0.019804971205279805,0.0,0.2718158996532852,9.994169440846968e-06,1.256114308537296,0.00500000000004234,0.7376218438498507,0.0987510501009577
1.7745000000000013,0.019807193427502028,0.0,0.27211626402223993,9.994169440846968e-06,1.2562785008248984,0.005000000000042372,0.7372853200597701,0.09871144848372723
1.7750000000000015,0.01980941564972425,0.0,0.2724169348551309,9.994169440846968e-06,1.256442691937229,0.005000000000042402,0.7369485830079501,0.09867182218298726
1.7755000000000014,0.019811637871946473,0.0,0.27271791214562985,9.994169440846968e-06,1.2566068818762852,0.005000000000042432,0.7366116326949208,0.09863217119542544
1.7760000000000014,0.019813860094168696,0.0,0.27301919588705115,9.994169440846968e-06,1.2567710706440653,0.005000000000042463,0.7362744691212015,0.09859249551735702
1.7765000000000013,0.019816082316390916,0.0,0.273320786072196,9.994169440846968e-06,1.2569352582425672,0.005000000000042494,0.7359370922873012,0.09855279514456664
1.7770000000000012,0.01981830453861314,0.0,0.2736226826935382,9.994169440846968e-06,1.2570994446737889,0.005000000000042524,0.7355995021937175,0.09851307007249513
1.7775000000000014,0.01982052676083536,0.0,0.27392488574309937,9.994169440846968e-06,1.257263629939728,0.005000000000042555,0.7352616988409388,0.09847332029611616
1.7780000000000014,0.019822748983057584,0.0,0.2742273952125105,9.994169440846968e-06,1.257427814042382,0.005000000000042586,0.7349236822294432,0.09843354580999625
1.7785000000000013,0.019824971205279804,0.0,0.27453021109282383,9.994169440846968e-06,1.2575919969837495,0.005000000000042616,0.734585452359696,0.0983937466081049
1.7790000000000015,0.019827193427502027,0.0,0.2748333333749186,9.994169440846968e-06,1.2577561787658278,0.0050000000000426465,0.7342470092321545,0.09835392268422499
1.7795000000000014,0.01982941564972425,0.0,0.2751367620490942,9.994169440846968e-06,1.257920359390615,0.005000000000042678,0.7339083528472641,0.09831407403154208
1.7800000000000014,0.019831637871946473,0.0,0.27544049710519425,9.994169440846968e-06,1.258084538860109,0.005000000000042708,0.7335694832054596,0.09827420064276868
1.7805000000000013,0.019833860094168695,0.0,0.2757445385327315,9.994169440846968e-06,1.2582487171763075,0.005000000000042739,0.7332304003071661,0.09823430251027185
1.7810000000000012,0.01983608231639092,0.0,0.27604888632079316,9.994169440846968e-06,1.2584128943412083,0.00500000000004277,0.7328911041527981,0.0981943796259766
1.7815000000000014,0.01983830453861314,0.0,0.27635354045794647,9.994169440846968e-06,1.2585770703568095,0.005000000000042801,0.7325515947427583,0.0981544319812703
1.7820000000000014,0.01984052676083536,0.0,0.2766585009323631,9.994169440846968e-06,1.258741245225109,0.005000000000042831,0.73221187207744,0.09811445956712944
1.7825000000000013,0.019842748983057584,0.0,0.27696376773191306,9.994169440846968e-06,1.2589054189481044,0.0050000000000428625,0.7318719361572262,0.09807446237421302
1.7830000000000015,0.019844971205279806,0.0,0.27726934084388155,9.994169440846968e-06,1.2590695915277936,0.005000000000042894,0.7315317869824887,0.09803444039257811
1.7835000000000014,0.01984719342750203,0.0,0.27757522025521936,9.994169440846968e-06,1.2592337629661745,0.005000000000042924,0.731191424553589,0.09799439361193188
1.7840000000000014,0.01984941564972425,0.0,0.2778814059523227,9.994169440846968e-06,1.2593979332652452,0.005000000000042955,0.7308508488708776,0.09795432202140922
1.7845000000000013,0.01985163787194647,0.0,0.27818789792137794,9.994169440846968e-06,1.259562102427003,0.0050000000000429866,0.7305100599346961,0.09791422560992102
1.7850000000000013,0.019853860094168695,0.0,0.27849469614792105,9.994169440846968e-06,1.2597262704534462,0.005000000000043017,0.7301690577453732,0.09787410436570926
1.7855000000000014,0.019856082316390918,0.0,0.27880180061715154,9.994169440846968e-06,1.2598904373465727,0.005000000000043048,0.7298278423032287,0.09783395827666427
1.7860000000000014,0.01985830453861314,0.0,0.2791092113138689,9.994169440846968e-06,1.2600546031083801,0.005000000000043079,0.7294864136085715,0.0977937873302607
1.7865000000000013,0.019860526760835363,0.0,0.2794169282224091,9.994169440846968e-06,1.2602187677408663,0.005000000000043111,0.7291447716617003,0.0977535915134928
1.7870000000000015,0.019862748983057586,0.0,0.2797249513266123,9.994169440846968e-06,1.2603829312460293,0.005000000000043142,0.7288029164629024,0.09771337081284168
1.7875000000000014,0.019864971205279806,0.0,0.2800332806099484,9.994169440846968e-06,1.260547093625867,0.005000000000043172,0.7284608480124549,0.09767312521440347
1.7880000000000014,0.01986719342750203,0.0,0.28034191605554826,9.994169440846968e-06,1.260711254882377,0.005000000000043203,0.7281185663106252,0.09763285470391903
1.7885000000000013,0.01986941564972425,0.0,0.28065085764591896,9.994169440846968e-06,1.2608754150175572,0.005000000000043235,0.7277760713576692,0.0975925592664875
1.7890000000000013,0.01987163787194647,0.0,0.280960105363227,9.994169440846968e-06,1.2610395740334057,0.005000000000043266,0.7274333631538323,0.09755223888685285
1.7895000000000014,0.019873860094168694,0.0,0.28126965918923513,9.994169440846968e-06,1.2612037319319203,0.005000000000043297,0.7270904416993502,0.09751189354933787
1.7900000000000014,0.019876082316390917,0.0,0.2815795191052064,9.994169440846968e-06,1.2613678887150985,0.005000000000043328,0.7267473069944475,0.09747152323774996
1.7905000000000013,0.01987830453861314,0.0,0.2818896850920306,9.994169440846968e-06,1.2615320443849385,0.0050000000000433595,0.7264039590393383,0.09743112793550751
1.7910000000000015,0.019880526760835363,0.0,0.28220015713009683,9.994169440846968e-06,1.261696198943438,0.005000000000043391,0.7260603978342259,0.09739070762551086
1.7915000000000014,0.019882748983057585,0.0,0.28251093519935594,9.994169440846968e-06,1.2618603523925953,0.005000000000043422,0.7257166233793032,0.09735026229020574
1.7920000000000014,0.019884971205279805,0.0,0.2828220192793838,9.994169440846968e-06,1.2620245047344076,0.005000000000043453,0.7253726356747536,0.09730979191164837
1.7925000000000013,0.019887193427502028,0.0,0.28313340934931713,9.994169440846968e-06,1.262188655970873,0.005000000000043484,0.7250284347207487,0.09726929647143792
1.7930000000000013,0.01988941564972425,0.0,0.2834451053877261,9.994169440846968e-06,1.2623528061039897,0.005000000000043516,0.7246840205174496,0.09722877595059007
1.7935000000000014,0.019891637871946474,0.0,0.2837571073728992,9.994169440846968e-06,1.2625169551357551,0.005000000000043548,0.7243393930650077,0.09718823032982482
1.7940000000000014,0.019893860094168693,0.0,0.2840694187773753,9.994169440846968e-06,1.2626811030395595,0.005000000000043579,0.7239945524236813,0.09714766314562323
1.7945000000000013,0.019896082316390916,0.0,0.28438204045482285,9.994169440846968e-06,1.2628452498102793,0.00500000000004361,0.7236494986086874,0.09710707526955764
1.7950000000000015,0.01989830453861314,0.0,0.28469496775580855,9.994169440846968e-06,1.263009395487799,0.005000000000043641,0.7233042315405701,0.09706646197315363
1.7955000000000014,0.01990052676083536,0.0,0.2850082007012342,9.994169440846968e-06,1.2631735400737498,0.005000000000043673,0.7229587512202016,0.09702582328045611
1.7960000000000014,0.019902748983057585,0.0,0.2853217393117524,9.994169440846968e-06,1.2633376835697623,0.005000000000043705,0.7226130576484471,0.09698515921524914
1.7965000000000013,0.019904971205279808,0.0,0.28563558360751146,9.994169440846968e-06,1.2635018259774677,0.005000000000043736,0.7222671508261612,0.09694446980079638
1.7970000000000013,0.019907193427502027,0.0,0.28594973360840914,9.994169440846968e-06,1.263665967298497,0.005000000000043767,0.7219210307541919,0.09690375506009996
1.7975000000000014,0.01990941564972425,0.0,0.2862641893340611,9.994169440846968e-06,1.2638301075344807,0.005000000000043799,0.7215746974333774,0.09686301501586608
1.7980000000000014,0.019911637871946473,0.0,0.28657895080357676,9.994169440846968e-06,1.2639942466870502,0.0050000000000438305,0.7212281508645475,0.09682224969028011
1.7985000000000013,0.019913860094168696,0.0,0.286894018035878,9.994169440846968e-06,1.2641583847578362,0.005000000000043862,0.720881391048524,0.09678145910532904
1.7990000000000015,0.01991608231639092,0.0,0.28720939104941134,9.994169440846968e-06,1.2643225217484695,0.005000000000043894,0.7205344179861195,0.09674064328250884
1.7995000000000014,0.019918304538613138,0.0,0.2875250698622752,9.994169440846968e-06,1.2644866576605815,0.005000000000043925,0.7201872316781374,0.09669980224295469
1.8000000000000014,0.01992052676083536,0.0,0.2878410544924113,9.994169440846968e-06,1.2646507924958026,0.005000000000043957,0.7198398321253745,0.0966589360076334
1.8005000000000013,0.019922748983057584,0.0,0.2881573449571568,9.994169440846968e-06,1.2648149262557642,0.005000000000043988,0.7194922193286166,0.09661804459689113
1.8010000000000013,0.019924971205279807,0.0,0.2884739412736909,9.994169440846968e-06,1.2649790589420968,0.0050000000000440204,0.7191443932886431,0.09657712803090585
1.8015000000000014,0.01992719342750203,0.0,0.28879084345868333,9.994169440846968e-06,1.2651431905564319,0.005000000000044052,0.7187963540062225,0.0965361863293295
1.8020000000000014,0.019929415649724253,0.0,0.28910805152864527,9.994169440846968e-06,1.2653073211003998,0.005000000000044084,0.7184481014821175,0.09649521951164591
1.8025000000000013,0.019931637871946472,0.0,0.28942556549954507,9.994169440846968e-06,1.2654714505756317,0.005000000000044116,0.7180996357170797,0.09645422759677985
1.8030000000000015,0.019933860094168695,0.0,0.28974338538709576,9.994169440846968e-06,1.2656355789837588,0.005000000000044147,0.717750956711853,0.0964132106033875
1.8035000000000014,0.019936082316390918,0.0,0.2900615112067231,9.994169440846968e-06,1.2657997063264115,0.005000000000044179,0.7174020644671737,0.09637216854982722
1.8040000000000014,0.01993830453861314,0.0,0.2903799429733077,9.994169440846968e-06,1.2659638326052212,0.005000000000044211,0.7170529589837675,0.09633110145389515
1.8045000000000013,0.01994052676083536,0.0,0.2906986807015705,9.994169440846968e-06,1.2661279578218185,0.0050000000000442425,0.7167036402623534,0.09629000933321821
1.8050000000000013,0.019942748983057583,0.0,0.2910177244057828,9.994169440846968e-06,1.2662920819778347,0.005000000000044275,0.7163541083036407,0.09624889220495714
1.8055000000000014,0.019944971205279806,0.0,0.2913370740998946,9.994169440846968e-06,1.2664562050749004,0.005000000000044307,0.7160043631083304,0.09620775008594043
1.8060000000000014,0.01994719342750203,0.0,0.29165672979753404,9.994169440846968e-06,1.2666203271146466,0.005000000000044339,0.7156544046771154,0.09616658299266112
1.8065000000000013,0.01994941564972425,0.0,0.29197669151184596,9.994169440846968e-06,1.2667844480987043,0.005000000000044371,0.7153042330106791,0.09612539094111366
1.8070000000000015,0.019951637871946475,0.0,0.2922969592557171,9.994169440846968e-06,1.2669485680287045,0.005000000000044402,0.7149538481096965,0.09608417394702276
1.8075000000000014,0.019953860094168694,0.0,0.29261753304167837,9.994169440846968e-06,1.267112686906278,0.005000000000044434,0.7146032499748346,0.09604293202574454
1.8080000000000014,0.019956082316390917,0.0,0.29293841288193756,9.994169440846968e-06,1.2672768047330558,0.005000000000044466,0.7142524386067518,0.09600166519229758
1.8085000000000013,0.01995830453861314,0.0,0.2932595987883139,9.994169440846968e-06,1.2674409215106688,0.005000000000044498,0.7139014140060972,0.09596037346129976
1.8090000000000013,0.01996052676083536,0.0,0.2935810907721406,9.994169440846968e-06,1.267605037240748,0.0050000000000445305,0.7135501761735117,0.09591905684686736
1.8095000000000014,0.019962748983057582,0.0,0.2939028888446199,9.994169440846968e-06,1.2677691519249243,0.0050000000000445625,0.7131987251096271,0.09587771536297462
1.8100000000000014,0.019964971205279805,0.0,0.29422499301646704,9.994169440846968e-06,1.2679332655648285,0.005000000000044595,0.7128470608150683,0.09583634902309512
1.8105000000000013,0.019967193427502028,0.0,0.2945474032980393,9.994169440846968e-06,1.268097378162092,0.005000000000044627,0.7124951832904491,0.0957949578403304
1.8110000000000015,0.01996941564972425,0.0,0.29487011969940025,9.994169440846968e-06,1.2682614897183448,0.005000000000044659,0.7121430925363774,0.09575354182747622
1.8115000000000014,0.019971637871946474,0.0,0.29519314223015714,9.994169440846968e-06,1.2684256002352188,0.005000000000044691,0.71179078855345,0.09571210099685715
1.8120000000000014,0.019973860094168697,0.0,0.2955164708995904,9.994169440846968e-06,1.2685897097143446,0.005000000000044723,0.7114382713422565,0.09567063536045795
1.8125000000000013,0.019976082316390916,0.0,0.2958401057166852,9.994169440846968e-06,1.268753818157353,0.005000000000044756,0.7110855409033778,0.09562914492995683
1.8130000000000013,0.01997830453861314,0.0,0.2961640466900667,9.994169440846968e-06,1.268917925565875,0.005000000000044788,0.7107325972373862,0.0955876297166568
1.8135000000000014,0.019980526760835362,0.0,0.29648829382790187,9.994169440846968e-06,1.2690820319415415,0.00500000000004482,0.7103794403448451,0.0955460897313895
1.8140000000000014,0.019982748983057585,0.0,0.29681284713806155,9.994169440846968e-06,1.2692461372859836,0.005000000000044852,0.7100260702263091,0.09550452498467762
1.8145000000000013,0.019984971205279804,0.0,0.2971377066279896,9.994169440846968e-06,1.269410241600832,0.005000000000044884,0.7096724868823254,0.09546293548660312
1.8150000000000015,0.019987193427502027,0.0,0.29746287230489826,9.994169440846968e-06,1.269574344887718,0.005000000000044917,0.7093186903134309,0.0954213212470035
1.8155000000000014,0.01998941564972425,0.0,0.29778834417557204,9.994169440846968e-06,1.269738447148272,0.005000000000044949,0.7089646805201555,0.09537968227527599
1.8160000000000014,0.019991637871946473,0.0,0.2981141222463675,9.994169440846968e-06,1.2699025483841253,0.0050000000000449815,0.7086104575030197,0.09533801858037474
1.8165000000000013,0.019993860094168696,0.0,0.29844020652334285,9.994169440846968e-06,1.2700666485969088,0.0050000000000450144,0.7082560212625352,0.09529633017094341
1.8170000000000013,0.01999608231639092,0.0,0.29876659701219255,9.994169440846968e-06,1.2702307477882533,0.0050000000000450465,0.7079013717992058,0.09525461705524868
1.8175000000000014,0.01999830453861314,0.0,0.2990932937181815,9.994169440846968e-06,1.27039484595979,0.0050000000000450795,0.7075465091135258,0.09521287924111319
1.8180000000000014,0.02000052676083536,0.0,0.29942029664630765,9.994169440846968e-06,1.2705589431131497,0.005000000000045112,0.7071914332059819,0.09517111673608164
1.8185000000000013,0.020002748983057584,0.0,0.29974760580120413,9.994169440846968e-06,1.270723039249963,0.005000000000045144,0.7068361440770518,0.09512932954731901
1.8190000000000015,0.020004971205279807,0.0,0.30007522118704055,9.994169440846968e-06,1.2708871343718615,0.005000000000045177,0.7064806417272042,0.0950875176815133
1.8195000000000014,0.02000719342750203,0.0,0.3004031428077182,9.994169440846968e-06,1.2710512284804754,0.005000000000045209,0.7061249261569006,0.0950456811450722
1.8200000000000014,0.02000941564972425,0.0,0.30073137066660866,9.994169440846968e-06,1.2712153215774362,0.005000000000045242,0.7057689973665915,0.09500381994385804
1.8205000000000013,0.020011637871946472,0.0,0.301059904767011,9.994169440846968e-06,1.2713794136643746,0.005000000000045275,0.7054128553567212,0.0949619340836508
1.8210000000000013,0.020013860094168695,0.0,0.3013887451115953,9.994169440846968e-06,1.2715435047429213,0.005000000000045307,0.7050565001277243,0.09492002356958537
1.8215000000000015,0.020016082316390918,0.0,0.3017178917026965,9.994169440846968e-06,1.2717075948147079,0.00500000000004534,0.7046999316800262,0.09487808840644807
1.8220000000000014,0.02001830453861314,0.0,0.30204734454244514,9.994169440846968e-06,1.2718716838813646,0.005000000000045373,0.7043431500140453,0.09483612859881063
1.8225000000000013,0.02002052676083536,0.0,0.3023771036323739,9.994169440846968e-06,1.2720357719445228,0.005000000000045405,0.7039861551301904,0.09479414415063006
1.8230000000000015,0.020022748983057583,0.0,0.30270716897384287,9.994169440846968e-06,1.2721998590058134,0.005000000000045438,0.7036289470288611,0.09475213506567914
1.8235000000000015,0.020024971205279806,0.0,0.3030375405677774,9.994169440846968e-06,1.2723639450668671,0.005000000000045471,0.7032715257104504,0.09471010134728336
1.8240000000000014,0.02002719342750203,0.0,0.30336821841469996,9.994169440846968e-06,1.272528030129315,0.005000000000045503,0.7029138911753409,0.09466804299835088
1.8245000000000013,0.02002941564972425,0.0,0.30369920251472987,9.994169440846968e-06,1.272692114194788,0.005000000000045536,0.7025560434239069,0.09462596002137333
1.8250000000000013,0.02003163787194647,0.0,0.304030492867813,9.994169440846968e-06,1.2728561972649168,0.005000000000045569,0.7021979824565152,0.09458385241865735
1.8255000000000015,0.020033860094168694,0.0,0.30436208947319504,9.994169440846968e-06,1.273020279341333,0.005000000000045602,0.7018397082735219,0.09454172019179216
1.8260000000000014,0.020036082316390917,0.0,0.3046939923301121,9.994169440846968e-06,1.2731843604256667,0.005000000000045635,0.7014812208752776,0.09449956334234988
1.8265000000000013,0.02003830453861314,0.0,0.30502620143713205,9.994169440846968e-06,1.2733484405195494,0.005000000000045668,0.7011225202621214,0.09445738187121583
1.8270000000000015,0.020040526760835363,0.0,0.30535871679258186,9.994169440846968e-06,1.273512519624612,0.0050000000000457005,0.700763606434385,0.0944151757790235
1.8275000000000015,0.020042748983057586,0.0,0.3056915383944817,9.994169440846968e-06,1.273676597742485,0.005000000000045733,0.700404479392392,0.09437294506608751
1.8280000000000014,0.020044971205279805,0.0,0.3060246662403136,9.994169440846968e-06,1.2738406748747997,0.005000000000045766,0.700045139136457,0.09433068973216868
1.8285000000000013,0.020047193427502028,0.0,0.3063581003273178,9.994169440846968e-06,1.274004751023187,0.0050000000000457985,0.699685585666885,0.0942884097767733
1.8290000000000013,0.02004941564972425,0.0,0.3066918406522942,9.994169440846968e-06,1.2741688261892778,0.005000000000045832,0.6993258189839742,0.09424610519895474
1.8295000000000015,0.020051637871946474,0.0,0.30702588721170154,9.994169440846968e-06,1.2743329003747033,0.005000000000045865,0.6989658390880125,0.09420377599741186
1.8300000000000014,0.020053860094168693,0.0,0.30736024000162315,9.994169440846968e-06,1.2744969735810938,0.005000000000045898,0.6986056459792811,0.0941614221704554
1.8305000000000013,0.020056082316390916,0.0,0.30769489901776736,9.994169440846968e-06,1.2746610458100807,0.005000000000045931,0.6982452396580511,0.09411904371600607
1.8310000000000015,0.02005830453861314,0.0,0.3080298642554003,9.994169440846968e-06,1.274825117063295,0.005000000000045964,0.697884620124585,0.09407664063152973
1.8315000000000015,0.020060526760835362,0.0,0.3083651357095442,9.994169440846968e-06,1.274989187342367,0.005000000000045997,0.6975237873791381,0.0940342129142368
1.8320000000000014,0.020062748983057585,0.0,0.3087007133746793,9.994169440846968e-06,1.2751532566489285,0.00500000000004603,0.6971627414219554,0.09399176056077943
1.8325000000000014,0.020064971205279808,0.0,0.30903659724507415,9.994169440846968e-06,1.27531732498461,0.005000000000046063,0.6968014822532748,0.09394928356758786
1.8330000000000013,0.020067193427502027,0.0,0.3093727873144543,9.994169440846968e-06,1.2754813923510424,0.005000000000046097,0.6964400098733241,0.09390678193053356
1.8335000000000015,0.02006941564972425,0.0,0.3097092835763329,9.994169440846968e-06,1.2756454587498567,0.00500000000004613,0.6960783242823243,0.09386425564526366
1.8340000000000014,0.020071637871946473,0.0,0.3100460860237789,9.994169440846968e-06,1.2758095241826837,0.005000000000046163,0.6957164254804865,0.09382170470696827
1.8345000000000014,0.020073860094168696,0.0,0.3103831946493826,9.994169440846968e-06,1.2759735886511547,0.005000000000046197,0.6953543134680129,0.09377912911034314
1.8350000000000015,0.02007608231639092,0.0,0.31072060944552116,9.994169440846968e-06,1.2761376521569003,0.00500000000004623,0.6949919882450988,0.09373652884986086
1.8355000000000015,0.02007830453861314,0.0,0.31105833040409264,9.994169440846968e-06,1.2763017147015514,0.005000000000046263,0.69462944981193,0.0936939039195002
1.8360000000000014,0.02008052676083536,0.0,0.31139635751661515,9.994169440846968e-06,1.2764657762867393,0.005000000000046296,0.6942666981686825,0.0936512543128449
1.8365000000000014,0.020082748983057584,0.0,0.3117346907742929,9.994169440846968e-06,1.2766298369140945,0.005000000000046329,0.693903733315526,0.09360858002315472
1.8370000000000013,0.020084971205279807,0.0,0.3120733301678827,9.994169440846968e-06,1.2767938965852481,0.005000000000046363,0.6935405552526199,0.09356588104322672
1.8375000000000015,0.02008719342750203,0.0,0.3124122756877269,9.994169440846968e-06,1.2769579553018313,0.005000000000046396,0.6931771639801152,0.09352315736542977
1.8380000000000014,0.02008941564972425,0.0,0.31275152732388617,9.994169440846968e-06,1.2771220130654746,0.00500000000004643,0.6928135594981557,0.09348040898184012
1.8385000000000014,0.020091637871946472,0.0,0.31309108506603905,9.994169440846968e-06,1.2772860698778092,0.005000000000046463,0.6924497418068748,0.09343763588413684
1.8390000000000015,0.020093860094168695,0.0,0.3134309489033819,9.994169440846968e-06,1.277450125740466,0.005000000000046497,0.6920857109063984,0.09339483806350349
1.8395000000000015,0.020096082316390918,0.0,0.31377111882479475,9.994169440846968e-06,1.277614180655076,0.005000000000046531,0.6917214667968432,0.0933520155107947
1.8400000000000014,0.020098304538613138,0.0,0.3141115948187409,9.994169440846968e-06,1.2777782346232698,0.0050000000000465636,0.6913570094783188,0.093309168216435
1.8405000000000014,0.02010052676083536,0.0,0.31445237687340044,9.994169440846968e-06,1.2779422876466786,0.005000000000046597,0.6909923389509238,0.09326629617055257
1.8410000000000013,0.020102748983057583,0.0,0.3147934649764022,9.994169440846968e-06,1.2781063397269334,0.00500000000004663,0.69062745521475,0.09322339936270974
1.8415000000000015,0.020104971205279806,0.0,0.3151348591150909,9.994169440846968e-06,1.2782703908656652,0.005000000000046664,0.6902623582698797,0.09318047778217267
1.8420000000000014,0.02010719342750203,0.0,0.3154765592764933,9.994169440846968e-06,1.2784344410645045,0.005000000000046698,0.6898970481163877,0.09313753141787753
1.8425000000000014,0.020109415649724252,0.0,0.315818565447117,9.994169440846968e-06,1.2785984903250824,0.005000000000046732,0.6895315247543398,0.0930945602582256
1.8430000000000015,0.020111637871946475,0.0,0.31616087761308387,9.994169440846968e-06,1.2787625386490302,0.005000000000046766,0.6891657881837917,0.09305156429121919
1.8435000000000015,0.020113860094168694,0.0,0.3165034957602302,9.994169440846968e-06,1.2789265860379786,0.005000000000046799,0.6887998384047924,0.09300854350456414
1.8440000000000014,0.020116082316390917,0.0,0.3168464198740395,9.994169440846968e-06,1.2790906324935583,0.0050000000000468324,0.6884336754173824,0.0929654978855991
1.8445000000000014,0.02011830453861314,0.0,0.3171896499394071,9.994169440846968e-06,1.2792546780174006,0.005000000000046866,0.6880672992215917,0.09292242742105936
1.8450000000000013,0.02012052676083536,0.0,0.31753318594100877,9.994169440846968e-06,1.279418722611136,0.0050000000000469,0.6877007098174441,0.09287933209745039
1.8455000000000015,0.020122748983057583,0.0,0.31787702786313277,9.994169440846968e-06,1.2795827662763959,0.005000000000046934,0.6873339072049527,0.09283621190087513
1.8460000000000014,0.020124971205279805,0.0,0.3182211756895782,9.994169440846968e-06,1.2797468090148112,0.005000000000046968,0.6869668913841229,0.09279306681693414
1.8465000000000014,0.02012719342750203,0.0,0.318565629403857,9.994169440846968e-06,1.2799108508280124,0.005000000000047002,0.6865996623549528,0.0927498968309286
1.8470000000000015,0.02012941564972425,0.0,0.318910388988991,9.994169440846968e-06,1.2800748917176308,0.005000000000047035,0.6862322201174296,0.09270670192765451
1.8475000000000015,0.020131637871946474,0.0,0.31925545442771375,9.994169440846968e-06,1.2802389316852971,0.005000000000047069,0.6858645646715336,0.0926634820916083
1.8480000000000014,0.020133860094168697,0.0,0.31960082570230197,9.994169440846968e-06,1.2804029707326425,0.005000000000047103,0.6854966960172353,0.09262023730681496
1.8485000000000014,0.020136082316390917,0.0,0.31994650279460846,9.994169440846968e-06,1.280567008861298,0.005000000000047137,0.6851286141544974,0.09257696755686226
1.8490000000000013,0.02013830453861314,0.0,0.3202924856862641,9.994169440846968e-06,1.280731046072894,0.005000000000047171,0.6847603190832747,0.09253367282510408
1.8495000000000015,0.020140526760835362,0.0,0.3206387743583407,9.994169440846968e-06,1.280895082369062,0.0050000000000472045,0.6843918108035116,0.09249035309432063
1.8500000000000014,0.020142748983057585,0.0,0.3209853687915858,9.994169440846968e-06,1.2810591177514326,0.005000000000047239,0.6840230893151455,0.0924470083469553
1.8505000000000014,0.020144971205279805,0.0,0.3213322689662881,9.994169440846968e-06,1.2812231522216369,0.005000000000047273,0.6836541546181043,0.09240363856497869
1.8510000000000015,0.020147193427502028,0.0,0.3216794748624794,9.994169440846968e-06,1.2813871857813057,0.005000000000047307,0.6832850067123077,0.09236024373009188
1.8515000000000015,0.02014941564972425,0.0,0.3220269864596975,9.994169440846968e-06,1.28155121843207,0.005000000000047341,0.682915645597667,0.09231682382348866
1.8520000000000014,0.020151637871946473,0.0,0.3223748037371217,9.994169440846968e-06,1.2817152501755606,0.005000000000047375,0.6825460712740852,0.09227337882599099
1.8525000000000014,0.020153860094168696,0.0,0.3227229266734699,9.994169440846968e-06,1.281879281013409,0.005000000000047409,0.6821762837414544,0.09222990871794506
1.8530000000000013,0.020156082316390916,0.0,0.3230713552471344,9.994169440846968e-06,1.2820433109472453,0.005000000000047443,0.681806282999662,0.09218641347935985
1.8535000000000015,0.02015830453861314,0.0,0.32342008943614725,9.994169440846968e-06,1.282207339978701,0.005000000000047478,0.6814360690485833,0.09214289308986987
1.8540000000000014,0.02016052676083536,0.0,0.3237691292181128,9.994169440846968e-06,1.2823713681094069,0.005000000000047512,0.6810656418880874,0.09209934752866952
1.8545000000000014,0.020162748983057584,0.0,0.3241184745701381,9.994169440846968e-06,1.282535395340994,0.005000000000047546,0.6806950015180331,0.09205577677444049
1.8550000000000015,0.020164971205279807,0.0,0.3244681254691055,9.994169440846968e-06,1.2826994216750929,0.00500000000004758,0.6803241479382721,0.09201218080562937
1.8555000000000015,0.020167193427502027,0.0,0.32481808189136546,9.994169440846968e-06,1.2828634471133349,0.005000000000047615,0.6799530811486464,0.09196855960013592
1.8560000000000014,0.02016941564972425,0.0,0.32516834381300896,9.994169440846968e-06,1.2830274716573506,0.005000000000047649,0.6795818011489902,0.0919249131355876
1.8565000000000014,0.020171637871946473,0.0,0.32551891120959436,9.994169440846968e-06,1.2831914953087713,0.005000000000047683,0.6792103079391286,0.0918812413890654
1.8570000000000013,0.020173860094168695,0.0,0.3258697840563176,9.994169440846968e-06,1.2833555180692278,0.005000000000047717,0.6788386015188781,0.09183754433727467
1.8575000000000015,0.02017608231639092,0.0,0.3262209623280114,9.994169440846968e-06,1.2835195399403512,0.005000000000047752,0.6784666818880465,0.09179382195654487
1.8580000000000014,0.02017830453861314,0.0,0.3265724459991453,9.994169440846968e-06,1.283683560923772,0.0050000000000477865,0.6780945490464341,0.09175007422282969
1.8585000000000014,0.02018052676083536,0.0,0.32692423504368884,9.994169440846968e-06,1.2838475810211214,0.00500000000004782,0.6777222029938317,0.09170630111156816
1.8590000000000015,0.020182748983057584,0.0,0.32727632943534973,9.994169440846968e-06,1.2840116002340303,0.005000000000047855,0.6773496437300215,0.091662502597925
1.8595000000000015,0.020184971205279807,0.0,0.32762872914726643,9.994169440846968e-06,1.2841756185641298,0.00500000000004789,0.6769768712547769,0.09161867865648099
1.8600000000000014,0.02018719342750203,0.0,0.32798143415231523,9.994169440846968e-06,1.2843396360130503,0.005000000000047924,0.6766038855678642,0.09157482926154353
1.8605000000000014,0.02018941564972425,0.0,0.32833444442290466,9.994169440846968e-06,1.2845036525824234,0.005000000000047958,0.676230686669039,0.0915309543869382
1.8610000000000013,0.020191637871946472,0.0,0.3286877599310776,9.994169440846968e-06,1.2846676682738798,0.005000000000047993,0.6758572745580493,0.09148705400611057
1.8615000000000015,0.020193860094168695,0.0,0.3290413806484772,9.994169440846968e-06,1.2848316830890503,0.005000000000048028,0.6754836492346353,0.0914431280920949
1.8620000000000014,0.020196082316390918,0.0,0.329395306546346,9.994169440846968e-06,1.2849956970295657,0.005000000000048062,0.6751098106985279,0.0913991766175111
1.8625000000000014,0.02019830453861314,0.0,0.3297495375954915,9.994169440846968e-06,1.2851597100970573,0.005000000000048097,0.6747357589494489,0.09135519955453011
1.8630000000000015,0.020200526760835363,0.0,0.33010407376631995,9.994169440846968e-06,1.285323722293156,0.005000000000048132,0.6743614939871121,0.09131119687490832
1.8635000000000015,0.020202748983057586,0.0,0.3304589150289047,9.994169440846968e-06,1.2854877336194925,0.005000000000048166,0.6739870158112227,0.09126716855005718
1.8640000000000014,0.020204971205279806,0.0,0.33081406135281416,9.994169440846968e-06,1.2856517440776978,0.0050000000000482,0.6736123244214778,0.09122311455086882
1.8645000000000014,0.02020719342750203,0.0,0.33116951270728306,9.994169440846968e-06,1.285815753669403,0.005000000000048235,0.6732374198175646,0.09117903484788764
1.8650000000000013,0.02020941564972425,0.0,0.33152526906121227,9.994169440846968e-06,1.2859797623962388,0.0050000000000482705,0.6728623019991633,0.0911349294113141
1.8655000000000015,0.020211637871946474,0.0,0.33188133038292783,9.994169440846968e-06,1.2861437702598364,0.005000000000048305,0.6724869709659439,0.09109079821075677
1.8660000000000014,0.020213860094168694,0.0,0.3322376966404552,9.994169440846968e-06,1.2863077772618263,0.00500000000004834,0.6721114267175698,0.09104664121551298
1.8665000000000014,0.020216082316390917,0.0,0.33259436780145085,9.994169440846968e-06,1.28647178340384,0.005000000000048375,0.6717356692536937,0.09100245839449647
1.8670000000000015,0.02021830453861314,0.0,0.332951343833098,9.994169440846968e-06,1.286635788687508,0.005000000000048409,0.6713596985739612,0.09095824971613506
1.8675000000000015,0.020220526760835363,0.0,0.33330862470217537,9.994169440846968e-06,1.2867997931144615,0.005000000000048444,0.6709835146780084,0.09091401514843833
1.8680000000000014,0.020222748983057585,0.0,0.3336662170732726,9.994169440846968e-06,1.2869637966357406,0.005000000000048479,0.6706071176816053,0.09086976148122408
1.8685000000000014,0.020224971205279805,0.0,0.33402412502448087,9.994169440846968e-06,1.2871277992220156,0.005000000000048514,0.6702305076556876,0.09082549287005096
1.8690000000000013,0.020227193427502028,0.0,0.3343823384189264,9.994169440846968e-06,1.2872918009512704,0.005000000000048549,0.6698536844247025,0.09078119899226383
1.8695000000000015,0.02022941564972425,0.0,0.3347408572719285,9.994169440846968e-06,1.2874558018247657,0.005000000000048584,0.6694766479891241,0.09073687986530082
1.8700000000000014,0.020231637871946474,0.0,0.3350996815987473,9.994169440846968e-06,1.2876198018437615,0.005000000000048618,0.6690993983494216,0.09069253550653447
1.8705000000000014,0.020233860094168693,0.0,0.3354588114141702,9.994169440846968e-06,1.2877838010095175,0.005000000000048654,0.6687219355060577,0.09064816593285163
1.8710000000000016,0.020236082316390916,0.0,0.3358182467328563,9.994169440846968e-06,1.2879477993232944,0.005000000000048689,0.6683442594594871,0.09060377116100202
1.8715000000000015,0.02023830453861314,0.0,0.33617798756906,9.994169440846968e-06,1.2881117967863518,0.005000000000048724,0.6679663702101597,0.09055935120732034
1.8720000000000014,0.02024052676083536,0.0,0.33653803393669945,9.994169440846968e-06,1.28827579339995,0.005000000000048759,0.6675882677585173,0.09051490608779361
1.8725000000000014,0.020242748983057585,0.0,0.33689838584949516,9.994169440846968e-06,1.2884397891653492,0.005000000000048794,0.6672099521049957,0.09047043581820269
1.8730000000000013,0.020244971205279808,0.0,0.3372590433207617,9.994169440846968e-06,1.2886037840838094,0.005000000000048829,0.6668314232500238,0.09042594041391042
1.8735000000000015,0.02024719342750203,0.0,0.33762000636358064,9.994169440846968e-06,1.2887677781565907,0.005000000000048865,0.6664526811940241,0.09038141989003778
1.8740000000000014,0.02024941564972425,0.0,0.33798127499069636,9.994169440846968e-06,1.2889317713849533,0.005000000000048899,0.6660737259374123,0.09033687426135811
1.8745000000000014,0.020251637871946473,0.0,0.3383428492146198,9.994169440846968e-06,1.289095763770157,0.005000000000048935,0.6656945574805984,0.09029230354240056
1.8750000000000016,0.020253860094168696,0.0,0.33870472904745486,9.994169440846968e-06,1.2892597553134624,0.00500000000004897,0.6653151758239835,0.09024770774727683
1.8755000000000015,0.02025608231639092,0.0,0.3390669145010713,9.994169440846968e-06,1.2894237460161293,0.005000000000049005,0.6649355809679642,0.09020308688985507
1.8760000000000014,0.020258304538613138,0.0,0.33942940558703527,9.994169440846968e-06,1.2895877358794177,0.005000000000049041,0.6645557729129306,0.09015844098369002
1.8765000000000014,0.02026052676083536,0.0,0.33979220231653967,9.994169440846968e-06,1.289751724904588,0.005000000000049075,0.6641757516592639,0.09011377004194984
1.8770000000000013,0.020262748983057584,0.0,0.3401553047005772,9.994169440846968e-06,1.2899157130929,0.005000000000049111,0.6637955172073412,0.09006907407759601
1.8775000000000015,0.020264971205279807,0.0,0.34051871274973206,9.994169440846968e-06,1.2900797004456142,0.0050000000000491466,0.663415069557531,0.0900243531031687
1.8780000000000014,0.02026719342750203,0.0,0.3408824264743529,9.994169440846968e-06,1.2902436869639904,0.005000000000049182,0.6630344087101967,0.08997960713096365
1.8785000000000014,0.020269415649724253,0.0,0.3412464458844837,9.994169440846968e-06,1.2904076726492886,0.005000000000049217,0.6626535346656945,0.0899348361729615
1.8790000000000016,0.020271637871946475,0.0,0.34161077098982806,9.994169440846968e-06,1.2905716575027693,0.005000000000049252,0.6622724474243735,0.08989004024079178
1.8795000000000015,0.020273860094168695,0.0,0.3419754017997493,9.994169440846968e-06,1.2907356415256923,0.005000000000049288,0.6618911469865765,0.08984521934573336
1.8800000000000014,0.020276082316390918,0.0,0.34234033832344407,9.994169440846968e-06,1.2908996247193179,0.0050000000000493235,0.6615096333526402,0.08980037349888897
1.8805000000000014,0.02027830453861314,0.0,0.3427055805696987,9.994169440846968e-06,1.291063607084906,0.005000000000049359,0.6611279065228939,0.08975550271094063
1.8810000000000013,0.02028052676083536,0.0,0.34307112854692284,9.994169440846968e-06,1.2912275886237168,0.005000000000049395,0.6607459664976607,0.08971060699218225
1.8815000000000015,0.020282748983057583,0.0,0.34343698226335934,9.994169440846968e-06,1.2913915693370106,0.00500000000004943,0.6603638132772566,0.08966568635273126
1.8820000000000014,0.020284971205279806,0.0,0.34380314172694415,9.994169440846968e-06,1.291555549226047,0.005000000000049466,0.6599814468619921,0.08962074080238985
1.8825000000000014,0.02028719342750203,0.0,0.344169606945236,9.994169440846968e-06,1.2917195282920866,0.005000000000049501,0.65959886725217,0.0895757703505709
1.8830000000000016,0.02028941564972425,0.0,0.34453637792541625,9.994169440846968e-06,1.2918835065363894,0.005000000000049537,0.6592160744480862,0.08953077500629825
1.8835000000000015,0.020291637871946475,0.0,0.3449034546744983,9.994169440846968e-06,1.2920474839602154,0.005000000000049572,0.658833068450031,0.08948575477842025
1.8840000000000015,0.020293860094168694,0.0,0.3452708371991175,9.994169440846968e-06,1.2922114605648247,0.005000000000049608,0.6584498492582875,0.08944070967539625
1.8845000000000014,0.020296082316390917,0.0,0.34563852550563606,9.994169440846968e-06,1.2923754363514774,0.005000000000049644,0.6580664168731327,0.08939563970540076
1.8850000000000013,0.02029830453861314,0.0,0.34600651960010737,9.994169440846968e-06,1.292539411321434,0.00500000000004968,0.6576827712948357,0.08935054487629152
1.8855000000000015,0.020300526760835363,0.0,0.34637481948820614,9.994169440846968e-06,1.292703385475954,0.0050000000000497155,0.6572989125236604,0.08930542519553497
1.8860000000000015,0.020302748983057582,0.0,0.3467434251753327,9.994169440846968e-06,1.2928673588162978,0.005000000000049751,0.6569148405598635,0.0892602806703145
1.8865000000000014,0.020304971205279805,0.0,0.34711233666668345,9.994169440846968e-06,1.2930313313437254,0.0050000000000497875,0.6565305554036953,0.08921511130759924
1.8870000000000016,0.020307193427502028,0.0,0.34748155396703995,9.994169440846968e-06,1.293195303059497,0.005000000000049823,0.656146057055399,0.08916991711393318
1.8875000000000015,0.02030941564972425,0.0,0.34785107708080315,9.994169440846968e-06,1.2933592739648727,0.005000000000049859,0.655761345515211,0.08912469809546764
1.8880000000000015,0.020311637871946474,0.0,0.3482209060122047,9.994169440846968e-06,1.2935232440611126,0.005000000000049895,0.6553764207833621,0.08907945425817676
1.8885000000000014,0.020313860094168697,0.0,0.3485910407651305,9.994169440846968e-06,1.2936872133494768,0.005000000000049931,0.6549912828600757,0.08903418560767828
1.8890000000000013,0.020316082316390916,0.0,0.34896148134305005,9.994169440846968e-06,1.2938511818312255,0.005000000000049966,0.6546059317455681,0.08898889214916184
1.8895000000000015,0.02031830453861314,0.0,0.34933222774929806,9.994169440846968e-06,1.2940151495076186,0.005000000000050003,0.6542203674400506,0.08894357388767338
1.8900000000000015,0.020320526760835362,0.0,0.3497032799868274,9.994169440846968e-06,1.2941791163799163,0.005000000000050038,0.6538345899437266,0.0888982308278673
1.8905000000000014,0.020322748983057585,0.0,0.3500746380581385,9.994169440846968e-06,1.294343082449379,0.005000000000050075,0.6534485992567926,0.08885286297393219
1.8910000000000016,0.020324971205279808,0.0,0.35044630196566673,9.994169440846968e-06,1.2945070477172662,0.005000000000050111,0.6530623953794396,0.08880747032998598
1.8915000000000015,0.020327193427502027,0.0,0.35081827171132374,9.994169440846968e-06,1.2946710121848384,0.005000000000050147,0.6526759783118513,0.08876205289960903
1.8920000000000015,0.02032941564972425,0.0,0.35119054729684995,9.994169440846968e-06,1.2948349758533557,0.005000000000050183,0.6522893480542046,0.08871661068620124
1.8925000000000014,0.020331637871946473,0.0,0.3515631287236028,9.994169440846968e-06,1.2949989387240781,0.005000000000050219,0.6519025046066704,0.08867114369276963
1.8930000000000013,0.020333860094168696,0.0,0.35193601599266194,9.994169440846968e-06,1.2951629007982657,0.005000000000050255,0.6515154479694127,0.08862565192203342
1.8935000000000015,0.02033608231639092,0.0,0.35230920910465247,9.994169440846968e-06,1.295326862077179,0.0050000000000502915,0.6511281781425877,0.08858013537624432
1.8940000000000015,0.02033830453861314,0.0,0.35268270806020463,9.994169440846968e-06,1.2954908225620774,0.005000000000050327,0.6507406951263477,0.08853459405765474
1.8945000000000014,0.02034052676083536,0.0,0.35305651285924555,9.994169440846968e-06,1.2956547822542215,0.0050000000000503635,0.6503529989208355,0.08848902796779734
1.8950000000000016,0.020342748983057584,0.0,0.3534306235017425,9.994169440846968e-06,1.2958187411548712,0.0050000000000504,0.6499650895261893,0.0884434371082391
1.8955000000000015,0.020344971205279807,0.0,0.3538050399871007,9.994169440846968e-06,1.2959826992652868,0.005000000000050436,0.6495769669425393,0.08839782147997227
1.8960000000000015,0.02034719342750203,0.0,0.3541797623145173,9.994169440846968e-06,1.2961466565867281,0.005000000000050473,0.6491886311700101,0.0883521810837718
1.8965000000000014,0.02034941564972425,0.0,0.3545547904828037,9.994169440846968e-06,1.2963106131204556,0.005000000000050509,0.6488000822087188,0.08830651592001626
1.8970000000000014,0.020351637871946472,0.0,0.3549301244905981,9.994169440846968e-06,1.296474568867729,0.005000000000050546,0.6484113200587767,0.08826082598890139
1.8975000000000015,0.020353860094168695,0.0,0.3553057643360818,9.994169440846968e-06,1.296638523829809,0.005000000000050581,0.6480223447202873,0.08821511129015497
1.8980000000000015,0.020356082316390918,0.0,0.3556817100171915,9.994169440846968e-06,1.296802478007955,0.005000000000050618,0.6476331561933495,0.08816937182325074
1.8985000000000014,0.02035830453861314,0.0,0.3560579615315127,9.994169440846968e-06,1.2969664314034275,0.005000000000050654,0.6472437544780536,0.0881236075873002
1.8990000000000016,0.020360526760835364,0.0,0.3564345188763502,9.994169440846968e-06,1.2971303840174864,0.0050000000000506905,0.6468541395744843,0.08807781858112468
1.8995000000000015,0.020362748983057587,0.0,0.3568113820486217,9.994169440846968e-06,1.297294335851392,0.005000000000050728,0.646464311482719,0.08803200480314682
1.9000000000000015,0.020364971205279806,0.0,0.35718855104499925,9.994169440846968e-06,1.2974582869064044,0.005000000000050764,0.6460742702028288,0.08798616625153538
1.9005000000000014,0.02036719342750203,0.0,0.357566025861874,9.994169440846968e-06,1.2976222371837836,0.005000000000050801,0.6456840157348787,0.08794030292416644
1.9010000000000014,0.02036941564972425,0.0,0.3579438064951773,9.994169440846968e-06,1.2977861866847897,0.005000000000050837,0.6452935480789262,0.08789441481844629
1.9015000000000015,0.02037163787194647,0.0,0.35832189294066596,9.994169440846968e-06,1.297950135410683,0.0050000000000508735,0.6449028672350225,0.08784850193159627
1.9020000000000015,0.020373860094168694,0.0,0.3587002851937436,9.994169440846968e-06,1.2981140833627234,0.00500000000005091,0.6445119732032129,0.08780256426047567
1.9025000000000014,0.020376082316390917,0.0,0.3590789832494603,9.994169440846968e-06,1.298278030542171,0.005000000000050947,0.6441208659835347,0.08775660180157874
1.9030000000000016,0.02037830453861314,0.0,0.35945798710254806,9.994169440846968e-06,1.298441976950286,0.005000000000050984,0.6437295455760199,0.08771061455107121
1.9035000000000015,0.020380526760835363,0.0,0.35983729674742043,9.994169440846968e-06,1.2986059225883284,0.00500000000005102,0.6433380119806928,0.08766460250479025
1.9040000000000015,0.020382748983057586,0.0,0.36021691217820834,9.994169440846968e-06,1.2987698674575585,0.0050000000000510565,0.6429462651975717,0.08761856565828091
1.9045000000000014,0.020384971205279805,0.0,0.36059683338865206,9.994169440846968e-06,1.2989338115592364,0.005000000000051094,0.6425543052266678,0.08757250400668642
1.9050000000000014,0.020387193427502028,0.0,0.3609770603723163,9.994169440846968e-06,1.2990977548946219,0.00500000000005113,0.6421621320679868,0.0875264175449651
1.9055000000000015,0.02038941564972425,0.0,0.36135759312230287,9.994169440846968e-06,1.2992616974649753,0.0050000000000511675,0.6417697457215263,0.08748030626760134
1.9060000000000015,0.020391637871946474,0.0,0.3617384316314659,9.994169440846968e-06,1.2994256392715569,0.005000000000051204,0.641377146187278,0.08743417016882227
1.9065000000000014,0.020393860094168693,0.0,0.3621195758923037,9.994169440846968e-06,1.2995895803156263,0.005000000000051241,0.6409843334652275,0.08738800924248902
1.9070000000000016,0.020396082316390916,0.0,0.36250102589703037,9.994169440846968e-06,1.299753520598444,0.005000000000051278,0.6405913075553527,0.08734182348216685
1.9075000000000015,0.02039830453861314,0.0,0.36288278163750376,9.994169440846968e-06,1.2999174601212702,0.005000000000051315,0.6401980684576252,0.08729561288105597
1.9080000000000015,0.020400526760835362,0.0,0.363264843105261,9.994169440846968e-06,1.3000813988853648,0.005000000000051351,0.6398046161720103,0.08724937743202477
1.9085000000000014,0.020402748983057585,0.0,0.36364721029151864,9.994169440846968e-06,1.300245336891988,0.005000000000051389,0.6394109506984667,0.08720311712761097
1.9090000000000014,0.020404971205279808,0.0,0.3640298831872797,9.994169440846968e-06,1.3004092741423996,0.005000000000051425,0.6390170720369464,0.08715683196013052
1.9095000000000015,0.02040719342750203,0.0,0.36441286178304616,9.994169440846968e-06,1.30057321063786,0.005000000000051462,0.6386229801873945,0.08711052192138469
1.9100000000000015,0.02040941564972425,0.0,0.3647961460691062,9.994169440846968e-06,1.3007371463796293,0.0050000000000515,0.6382286751497496,0.08706418700295343
1.9105000000000014,0.020411637871946473,0.0,0.36517973603542647,9.994169440846968e-06,1.3009010813689676,0.005000000000051537,0.6378341569239436,0.0870178271960827
1.9110000000000016,0.020413860094168696,0.0,0.36556363167161504,9.994169440846968e-06,1.301065015607135,0.005000000000051573,0.6374394255099021,0.08697144249165129
1.9115000000000015,0.02041608231639092,0.0,0.365947832966958,9.994169440846968e-06,1.3012289490953917,0.005000000000051611,0.6370444809075437,0.08692503288020492
1.9120000000000015,0.02041830453861314,0.0,0.36633233991045466,9.994169440846968e-06,1.3013928818349974,0.005000000000051648,0.6366493231167814,0.08687859835199363
1.9125000000000014,0.02042052676083536,0.0,0.3667171524907816,9.994169440846968e-06,1.3015568138272127,0.005000000000051685,0.6362539521375192,0.08683213889693242
1.9130000000000014,0.020422748983057584,0.0,0.3671022706962562,9.994169440846968e-06,1.3017207450732973,0.005000000000051723,0.6358583679696574,0.08678565450456838
1.9135000000000015,0.020424971205279807,0.0,0.36748769451483637,9.994169440846968e-06,1.3018846755745117,0.00500000000005176,0.6354625706130872,0.08673914516407738
1.9140000000000015,0.02042719342750203,0.0,0.3678734239343009,9.994169440846968e-06,1.3020486053321156,0.005000000000051797,0.6350665600676954,0.08669261086444857
1.9145000000000014,0.02042941564972425,0.0,0.368259458941924,9.994169440846968e-06,1.3022125343473694,0.0050000000000518345,0.6346703363333603,0.08664605159415384
1.9150000000000016,0.020431637871946476,0.0,0.368645799524873,9.994169440846968e-06,1.302376462621533,0.005000000000051872,0.6342738994099545,0.08659946734154889
1.9155000000000015,0.020433860094168695,0.0,0.3690324456696649,9.994169440846968e-06,1.302540390155867,0.005000000000051909,0.6338772492973431,0.086552858094328
1.9160000000000015,0.020436082316390918,0.0,0.3694193973628544,9.994169440846968e-06,1.3027043169516308,0.005000000000051946,0.6334803859953866,0.0865062238402145
1.9165000000000014,0.020438304538613138,0.0,0.36980665459041767,9.994169440846968e-06,1.3028682430100849,0.005000000000051984,0.6330833095039368,0.0864595645663418
1.9170000000000014,0.02044052676083536,0.0,0.37019421733815094,9.994169440846968e-06,1.3030321683324892,0.005000000000052021,0.6326860198228397,0.08641288025965305
1.9175000000000015,0.020442748983057583,0.0,0.3705820855914525,9.994169440846968e-06,1.303196092920104,0.005000000000052058,0.6322885169519344,0.08636617090668408
1.9180000000000015,0.020444971205279806,0.0,0.3709702593354315,9.994169440846968e-06,1.3033600167741894,0.005000000000052096,0.631890800891054,0.08631943649367102
1.9185000000000014,0.02044719342750203,0.0,0.3713587385547622,9.994169440846968e-06,1.3035239398960057,0.005000000000052133,0.6314928716400237,0.08627267700640312
1.9190000000000016,0.020449415649724252,0.0,0.3717475232339745,9.994169440846968e-06,1.3036878622868124,0.005000000000052171,0.6310947291986642,0.08622589243051815
1.9195000000000015,0.020451637871946475,0.0,0.3721366133571267,9.994169440846968e-06,1.3038517839478703,0.005000000000052208,0.6306963735667871,0.08617908275116964
1.9200000000000015,0.020453860094168694,0.0,0.3725260089080233,9.994169440846968e-06,1.3040157048804388,0.005000000000052246,0.6302978047441996,0.08613224795324886
1.9205000000000014,0.020456082316390917,0.0,0.372915709870142,9.994169440846968e-06,1.3041796250857787,0.005000000000052284,0.6298990227307005,0.08608538802130805
1.9210000000000014,0.02045830453861314,0.0,0.37330571622663355,9.994169440846968e-06,1.3043435445651494,0.005000000000052321,0.6295000275260836,0.08603850293956444
1.9215000000000015,0.020460526760835363,0.0,0.37369602796021223,9.994169440846968e-06,1.3045074633198117,0.005000000000052358,0.6291008191301342,0.08599159269178558
1.9220000000000015,0.020462748983057583,0.0,0.3740866450533375,9.994169440846968e-06,1.3046713813510253,0.0050000000000523966,0.6287013975426323,0.08594465726147621
1.9225000000000014,0.020464971205279806,0.0,0.37447756748832356,9.994169440846968e-06,1.3048352986600504,0.005000000000052434,0.6283017627633514,0.08589769663198688
1.9230000000000016,0.02046719342750203,0.0,0.3748687952468283,9.994169440846968e-06,1.3049992152481473,0.005000000000052472,0.6279019147920573,0.08585071078599738
1.9235000000000015,0.02046941564972425,0.0,0.375260328310437,9.994169440846968e-06,1.3051631311165757,0.005000000000052509,0.6275018536285106,0.08580369970610896
1.9240000000000015,0.020471637871946474,0.0,0.3756521666602603,9.994169440846968e-06,1.305327046266596,0.0050000000000525475,0.6271015792724637,0.08575666337443494
1.9245000000000014,0.020473860094168697,0.0,0.37604431027715324,9.994169440846968e-06,1.3054909606994682,0.005000000000052586,0.6267010917236637,0.0857096017728246
1.9250000000000014,0.020476082316390917,0.0,0.3764367591416055,9.994169440846968e-06,1.3056548744164524,0.005000000000052623,0.6263003909818508,0.08566251488275112
1.9255000000000015,0.02047830453861314,0.0,0.3768295132337774,9.994169440846968e-06,1.305818787418809,0.005000000000052661,0.6258994770467573,0.0856154026853464
1.9260000000000015,0.020480526760835362,0.0,0.37722257253360986,9.994169440846968e-06,1.3059826997077975,0.005000000000052699,0.6254983499181114,0.08556826516151672
1.9265000000000014,0.020482748983057585,0.0,0.37761593702056767,9.994169440846968e-06,1.3061466112846785,0.0050000000000527366,0.625097009595632,0.08552110229167847
1.9270000000000016,0.020484971205279808,0.0,0.37800960667378575,9.994169440846968e-06,1.3063105221507119,0.005000000000052775,0.624695456079033,0.08547391405590793
1.9275000000000015,0.020487193427502028,0.0,0.37840358147214215,9.994169440846968e-06,1.306474432307158,0.005000000000052813,0.6242936893680209,0.08542670043401646
1.9280000000000015,0.02048941564972425,0.0,0.3787978613942213,9.994169440846968e-06,1.3066383417552765,0.005000000000052851,0.6238917094622971,0.08537946140551
1.9285000000000014,0.020491637871946473,0.0,0.37919244641820377,9.994169440846968e-06,1.306802250496328,0.005000000000052888,0.6234895163615538,0.08533219694948141
1.9290000000000014,0.020493860094168696,0.0,0.3795873365219025,9.994169440846968e-06,1.3069661585315722,0.0050000000000529265,0.6230871100654789,0.08528490704464387
1.9295000000000015,0.02049608231639092,0.0,0.37998253168290974,9.994169440846968e-06,1.3071300658622695,0.005000000000052965,0.6226844905737519,0.08523759166948186
1.9300000000000015,0.020498304538613142,0.0,0.38037803187837593,9.994169440846968e-06,1.30729397248968,0.005000000000053003,0.6222816578860473,0.08519025080202591
1.9305000000000014,0.02050052676083536,0.0,0.38077383708515705,9.994169440846968e-06,1.3074578784150637,0.005000000000053041,0.6218786120020316,0.085142884420003
1.9310000000000016,0.020502748983057584,0.0,0.38116994727992437,9.994169440846968e-06,1.3076217836396804,0.005000000000053079,0.6214753529213666,0.08509549250094606
1.9315000000000015,0.020504971205279807,0.0,0.3815663624387596,9.994169440846968e-06,1.307785688164791,0.005000000000053117,0.6210718806437043,0.08504807502178519
1.9320000000000015,0.020507193427502027,0.0,0.38196308253755956,9.994169440846968e-06,1.3079495919916546,0.0050000000000531555,0.6206681951686939,0.08500063195925844
1.9325000000000014,0.02050941564972425,0.0,0.38236010755192545,9.994169440846968e-06,1.308113495121532,0.005000000000053194,0.6202642964959746,0.08495316328979635
1.9330000000000014,0.020511637871946473,0.0,0.3827574374570153,9.994169440846968e-06,1.3082773975556832,0.005000000000053232,0.619860184625181,0.08490566898937613
1.9335000000000016,0.020513860094168695,0.0,0.38315507222772777,9.994169440846968e-06,1.3084412992953682,0.005000000000053271,0.6194558595559403,0.08485814903370614
1.9340000000000015,0.02051608231639092,0.0,0.3835530136044126,9.994169440846968e-06,1.3086052003294077,0.005000000000053309,0.6190513213185844,0.0848106051977583
1.9345000000000014,0.02051830453861314,0.0,0.38395126741873636,9.994169440846968e-06,1.308769100617839,0.005000000000053347,0.6186465700146032,0.08476304342623309
1.9350000000000016,0.020520526760835364,0.0,0.38434982671762136,9.994169440846968e-06,1.308933000210753,0.005000000000053385,0.6182416055231312,0.08471545663418784
1.9355000000000016,0.020522748983057584,0.0,0.38474869150575114,9.994169440846968e-06,1.3090968991091978,0.005000000000053424,0.6178364278443136,0.08466784482768086
1.9360000000000015,0.020524971205279807,0.0,0.38514786178768645,9.994169440846968e-06,1.3092607973142216,0.0050000000000534625,0.6174310369782877,0.08462020801263981
1.9365000000000014,0.02052719342750203,0.0,0.38554733756753173,9.994169440846968e-06,1.309424694826873,0.005000000000053501,0.6170254329251859,0.08457254619452614
1.9370000000000014,0.02052941564972425,0.0,0.38594711884915683,9.994169440846968e-06,1.3095885916482006,0.00500000000005354,0.6166196156851347,0.0845248593785588
1.9375000000000016,0.020531637871946472,0.0,0.3863472056363083,9.994169440846968e-06,1.3097524877792524,0.005000000000053578,0.6162135852582564,0.08447714756982572
1.9380000000000015,0.020533860094168695,0.0,0.3867475979322756,9.994169440846968e-06,1.3099163832210767,0.005000000000053616,0.6158073416446668,0.0844294107729478
1.9385000000000014,0.020536082316390918,0.0,0.3871482957401129,9.994169440846968e-06,1.3100802779747223,0.005000000000053655,0.6154008848444759,0.084381648992302
1.9390000000000016,0.02053830453861314,0.0,0.38754929906271374,9.994169440846968e-06,1.3102441720412372,0.005000000000053693,0.6149942148577888,0.08433386223209843
1.9395000000000016,0.020540526760835363,0.0,0.38795060790262503,9.994169440846968e-06,1.3104080654216697,0.005000000000053732,0.6145873316847058,0.08428605049619048
1.9400000000000015,0.020542748983057586,0.0,0.38835222226212107,9.994169440846968e-06,1.3105719581170683,0.005000000000053771,0.61418023532532,0.0842382137881505
1.9405000000000014,0.020544971205279806,0.0,0.38875414214309184,9.994169440846968e-06,1.3107358501284814,0.0050000000000538095,0.6137729257797199,0.08419035211115666
1.9410000000000014,0.02054719342750203,0.0,0.38915636754741445,9.994169440846968e-06,1.3108997414569572,0.0050000000000538485,0.6133654030479887,0.08414246546836829
1.9415000000000016,0.02054941564972425,0.0,0.3895588984764701,9.994169440846968e-06,1.3110636321035445,0.005000000000053887,0.6129576671302028,0.08409455386243847
1.9420000000000015,0.020551637871946474,0.0,0.38996173493147784,9.994169440846968e-06,1.3112275220692908,0.005000000000053926,0.6125497180264363,0.08404661729585094
1.9425000000000014,0.020553860094168694,0.0,0.39036487691327176,9.994169440846968e-06,1.3113914113552454,0.005000000000053965,0.6121415557367533,0.08399865577069437
1.9430000000000016,0.020556082316390917,0.0,0.3907683244225984,9.994169440846968e-06,1.311555299962456,0.005000000000054004,0.6117331802612163,0.083950669288963
1.9435000000000016,0.02055830453861314,0.0,0.39117207745974414,9.994169440846968e-06,1.3117191878919714,0.005000000000054042,0.6113245915998793,0.08390265785218082
1.9440000000000015,0.020560526760835363,0.0,0.39157613602483293,9.994169440846968e-06,1.3118830751448394,0.005000000000054081,0.6109157897527939,0.08385462146170236
1.9445000000000014,0.020562748983057585,0.0,0.3919805001176401,9.994169440846968e-06,1.3120469617221089,0.00500000000005412,0.6105067747200028,0.08380656011852367
1.9450000000000014,0.020564971205279805,0.0,0.3923851697377035,9.994169440846968e-06,1.312210847624828,0.005000000000054159,0.6100975465015458,0.08375847382339602
1.9455000000000016,0.02056719342750203,0.0,0.3927901448843613,9.994169440846968e-06,1.3123747328540454,0.005000000000054198,0.6096881050974552,0.08371036257686121
1.9460000000000015,0.02056941564972425,0.0,0.3931954255565274,9.994169440846968e-06,1.3125386174108087,0.005000000000054237,0.6092784505077606,0.08366222637903031
1.9465000000000015,0.020571637871946474,0.0,0.3936010117529152,9.994169440846968e-06,1.312702501296167,0.005000000000054276,0.6088685827324826,0.0836140652298018
1.9470000000000016,0.020573860094168697,0.0,0.3940069034720004,9.994169440846968e-06,1.3128663845111683,0.005000000000054315,0.6084585017716391,0.08356587912883162
1.9475000000000016,0.020576082316390916,0.0,0.39441310071190855,9.994169440846968e-06,1.3130302670568612,0.005000000000054354,0.6080482076252406,0.08351766807541561
1.9480000000000015,0.02057830453861314,0.0,0.39481960347060185,9.994169440846968e-06,1.3131941489342938,0.005000000000054393,0.6076377002932937,0.08346943206867746
1.9485000000000015,0.020580526760835362,0.0,0.395226411745617,9.994169440846968e-06,1.3133580301445145,0.005000000000054432,0.6072269797757983,0.08342117110730646
1.9490000000000014,0.020582748983057585,0.0,0.3956335255343271,9.994169440846968e-06,1.3135219106885716,0.005000000000054471,0.6068160460727493,0.083372885189821
1.9495000000000016,0.020584971205279808,0.0,0.39604094483375424,9.994169440846968e-06,1.313685790567514,0.00500000000005451,0.6064048991841353,0.08332457431437862
1.9500000000000015,0.02058719342750203,0.0,0.39644866964075653,9.994169440846968e-06,1.3138496697823892,0.00500000000005455,0.6059935391099411,0.08327623847896654
1.9505000000000015,0.02058941564972425,0.0,0.3968566999517282,9.994169440846968e-06,1.314013548334246,0.005000000000054589,0.6055819658501443,0.08322787768109652
1.9510000000000016,0.020591637871946473,0.0,0.39726503576304933,9.994169440846968e-06,1.3141774262241328,0.005000000000054628,0.6051701794047184,0.08317949191826085
1.9515000000000016,0.020593860094168696,0.0,0.3976736770705229,9.994169440846968e-06,1.314341303453098,0.005000000000054668,0.6047581797736294,0.08313108118736229
1.9520000000000015,0.02059608231639092,0.0,0.39808262386993787,9.994169440846968e-06,1.3145051800221899,0.005000000000054707,0.6043459669568398,0.08308264548528543
1.9525000000000015,0.020598304538613138,0.0,0.39849187615661785,9.994169440846968e-06,1.3146690559324565,0.005000000000054746,0.6039335409543062,0.08303418480843822
1.9530000000000014,0.02060052676083536,0.0,0.39890143392572197,9.994169440846968e-06,1.3148329311849467,0.005000000000054786,0.6035209017659784,0.08298569915305554
1.9535000000000016,0.020602748983057584,0.0,0.39931129717209407,9.994169440846968e-06,1.3149968057807087,0.005000000000054825,0.603108049391802,0.08293718851505005
1.9540000000000015,0.020604971205279807,0.0,0.39972146589030044,9.994169440846968e-06,1.3151606797207906,0.005000000000054865,0.6026949838317168,0.08288865289004732
1.9545000000000015,0.02060719342750203,0.0,0.4001319400746292,9.994169440846968e-06,1.315324553006241,0.005000000000054904,0.6022817050856573,0.08284009227338662
1.9550000000000016,0.020609415649724253,0.0,0.40054271971909045,9.994169440846968e-06,1.3154884256381083,0.005000000000054944,0.6018682131535512,0.08279150666012025
1.9555000000000016,0.020611637871946475,0.0,0.400953804817416,9.994169440846968e-06,1.3156522976174405,0.005000000000054983,0.6014545080353231,0.08274289604501406
1.9560000000000015,0.020613860094168695,0.0,0.40136519536302123,9.994169440846968e-06,1.3158161689452863,0.005000000000055023,0.6010405897308895,0.08269426042250877
1.9565000000000015,0.020616082316390918,0.0,0.4017768913491564,9.994169440846968e-06,1.315980039622694,0.005000000000055062,0.600626458240163,0.08264559978687153
1.9570000000000014,0.02061830453861314,0.0,0.40218889276867936,9.994169440846968e-06,1.316143909650712,0.005000000000055102,0.60021211356305,0.08259691413196846
1.9575000000000016,0.020620526760835364,0.0,0.4026011996141692,9.994169440846968e-06,1.3163077790303885,0.005000000000055142,0.5997975556994516,0.08254820345137776
1.9580000000000015,0.020622748983057583,0.0,0.4030138118780389,9.994169440846968e-06,1.3164716477627718,0.005000000000055182,0.5993827846492643,0.08249946773850608
1.9585000000000015,0.020624971205279806,0.0,0.40342672955227105,9.994169440846968e-06,1.3166355158489107,0.005000000000055221,0.5989678004123768,0.08245070698631557
1.9590000000000016,0.02062719342750203,0.0,0.4038399526287199,9.994169440846968e-06,1.316799383289853,0.005000000000055261,0.5985526029886752,0.08240192118763717
1.9595000000000016,0.020629415649724252,0.0,0.40425348109884646,9.994169440846968e-06,1.3169632500866475,0.0050000000000553005,0.5981371923780374,0.08235311033489684
1.9600000000000015,0.020631637871946475,0.0,0.40466731495390756,9.994169440846968e-06,1.3171271162403422,0.00500000000005534,0.597721568580338,0.08230427442030941
1.9605000000000015,0.020633860094168698,0.0,0.4050814541847661,9.994169440846968e-06,1.3172909817519856,0.00500000000005538,0.5973057315954446,0.08225541343568499
1.9610000000000014,0.020636082316390917,0.0,0.4054958987821187,9.994169440846968e-06,1.3174548466226261,0.00500000000005542,0.5968896814232196,0.08220652737266188
1.9615000000000016,0.02063830453861314,0.0,0.40591064873638133,9.994169440846968e-06,1.317618710853312,0.00500000000005546,0.5964734180635209,0.082157616222587
1.9620000000000015,0.020640526760835363,0.0,0.40632570403761353,9.994169440846968e-06,1.3177825744450917,0.0050000000000555,0.5960569415161989,0.082108679976443
1.9625000000000015,0.020642748983057582,0.0,0.406741064675556,9.994169440846968e-06,1.3179464373990137,0.00500000000005554,0.5956402517811001,0.08205971862488454
1.9630000000000016,0.020644971205279805,0.0,0.40715673063993446,9.994169440846968e-06,1.318110299716126,0.00500000000005558,0.5952233488580658,0.08201073215854565
1.9635000000000016,0.020647193427502028,0.0,0.40757270191988954,9.994169440846968e-06,1.3182741613974773,0.00500000000005562,0.5948062327469302,0.08196172056746309
1.9640000000000015,0.02064941564972425,0.0,0.4079889785043943,9.994169440846968e-06,1.3184380224441157,0.00500000000005566,0.5943889034475236,0.08191268384149913
1.9645000000000015,0.020651637871946474,0.0,0.40840556038214054,9.994169440846968e-06,1.3186018828570898,0.0050000000000556995,0.593971360959669,0.08186362197022601
1.9650000000000014,0.020653860094168697,0.0,0.4088224475415384,9.994169440846968e-06,1.3187657426374477,0.005000000000055739,0.5935536052831858,0.0818145349429259
1.9655000000000016,0.02065608231639092,0.0,0.409239639970754,9.994169440846968e-06,1.318929601786238,0.005000000000055779,0.5931356364178867,0.08176542274862925
1.9660000000000015,0.020658304538613143,0.0,0.4096571376576338,9.994169440846968e-06,1.3190934603045088,0.00500000000005582,0.5927174543635795,0.08171628537603753
1.9665000000000015,0.020660526760835362,0.0,0.41007494058962707,9.994169440846968e-06,1.3192573181933087,0.00500000000005586,0.5922990591200658,0.08166712281344513
1.9670000000000016,0.020662748983057585,0.0,0.4104930491762831,9.994169440846968e-06,1.3194211754508116,0.0050000000000559,0.5918804506944872,0.0816179354794409
1.9675000000000016,0.020664971205279808,0.0,0.41091146663731,9.994169440846968e-06,1.3195850320560676,0.005000000000055941,0.591461629142889,0.08156872665738168
1.9680000000000015,0.020667193427502027,0.0,0.41133018895415846,9.994169440846968e-06,1.3197488880374093,0.0050000000000559805,0.5910425943953612,0.08151949225174226
1.9685000000000015,0.02066941564972425,0.0,0.41174921618311794,9.994169440846968e-06,1.3199127433954065,0.005000000000056021,0.5906233464528992,0.08147023232097683
1.9690000000000014,0.020671637871946473,0.0,0.41216854838041445,9.994169440846968e-06,1.3200765981306288,0.005000000000056061,0.5902038853164957,0.08142094692347512
1.9695000000000016,0.020673860094168696,0.0,0.412588185602096,9.994169440846968e-06,1.3202404522436453,0.005000000000056101,0.5897842109871422,0.0813716361174428
1.9700000000000015,0.02067608231639092,0.0,0.4130081279040319,9.994169440846968e-06,1.3204043057350257,0.005000000000056142,0.5893643234658248,0.08132229996090151
1.9705000000000015,0.02067830453861314,0.0,0.41342837534198995,9.994169440846968e-06,1.3205681586053395,0.005000000000056183,0.5889442227535275,0.08127293851176726
1.9710000000000016,0.020680526760835365,0.0,0.4138489279715975,9.994169440846968e-06,1.3207320108551561,0.0050000000000562225,0.5885239088512321,0.08122355182781127
1.9715000000000016,0.020682748983057584,0.0,0.41426978584830304,9.994169440846968e-06,1.320895862485045,0.005000000000056263,0.5881033817599162,0.08117413996662093
1.9720000000000015,0.020684971205279807,0.0,0.4146909490275684,9.994169440846968e-06,1.321059713495576,0.005000000000056303,0.5876826414805547,0.0811247029857936
1.9725000000000015,0.020687193427502026,0.0,0.4151124175644077,9.994169440846968e-06,1.3212235638873182,0.005000000000056344,0.5872616880141199,0.0810752409424707
1.9730000000000014,0.02068941564972425,0.0,0.41553419151411675,9.994169440846968e-06,1.321387413660841,0.005000000000056385,0.5868405213615819,0.08102575389407635
1.9735000000000016,0.020691637871946472,0.0,0.41595627093142823,9.994169440846968e-06,1.3215512628167143,0.0050000000000564255,0.5864191415239053,0.08097624189746083
1.9740000000000015,0.020693860094168695,0.0,0.4163786558712029,9.994169440846968e-06,1.3217151113555075,0.005000000000056465,0.5859975485020538,0.0809267050096023
1.9745000000000015,0.020696082316390918,0.0,0.41680134638808364,9.994169440846968e-06,1.3218789592777898,0.005000000000056506,0.5855757422969878,0.08087714328725504
1.9750000000000016,0.02069830453861314,0.0,0.4172243425365726,9.994169440846968e-06,1.3220428065841308,0.005000000000056547,0.5851537229096646,0.08082755678702763
1.9755000000000016,0.020700526760835364,0.0,0.4176476441576793,9.994169440846968e-06,1.3222066532765402,0.005000000000056588,0.5847314903373256,0.08077794534787319
1.9760000000000015,0.020702748983057587,0.0,0.41807125098946823,9.994169440846968e-06,1.3223704993577183,0.005000000000056628,0.5843090445754213,0.08072830870378733
1.9765000000000015,0.020704971205279806,0.0,0.41849516311373247,9.994169440846968e-06,1.3225343448280427,0.005000000000056669,0.5838863856253811,0.08067864693919102
1.9770000000000014,0.02070719342750203,0.0,0.4189193805488196,9.994169440846968e-06,1.3226981896883174,0.00500000000005671,0.5834635134875308,0.08062896007381865
1.9775000000000016,0.020709415649724252,0.0,0.41934390331294236,9.994169440846968e-06,1.3228620339393462,0.005000000000056751,0.5830404281621938,0.08057924812726708
1.9780000000000015,0.02071163787194647,0.0,0.4197687314240623,9.994169440846968e-06,1.3230258775819326,0.0050000000000567915,0.5826171296496893,0.08052951111887457
1.9785000000000015,0.020713860094168694,0.0,0.42019386490000593,9.994169440846968e-06,1.323189720616881,0.005000000000056832,0.5821936179503295,0.08047974906783723
1.9790000000000016,0.020716082316390917,0.0,0.4206193037583099,9.994169440846968e-06,1.3233535630449946,0.005000000000056873,0.5817698930644267,0.0804299619930553
1.9795000000000016,0.02071830453861314,0.0,0.4210450480102206,9.994169440846968e-06,1.3235174048671186,0.005000000000056914,0.5813459549921796,0.08038014990701298
1.9800000000000015,0.020720526760835363,0.0,0.4214710976198197,9.994169440846968e-06,1.323681246084413,0.005000000000056955,0.5809218037329669,0.08033031277410624
1.9805000000000015,0.020722748983057586,0.0,0.42189745258151895,9.994169440846968e-06,1.3238450866978324,0.005000000000056996,0.5804974392866937,0.08028045058965044
1.9810000000000014,0.02072497120527981,0.0,0.4223241128966434,9.994169440846968e-06,1.324008926708283,0.005000000000057037,0.5800728616533858,0.08023056335600648
1.9815000000000016,0.02072719342750203,0.0,0.42275107856631294,9.994169440846968e-06,1.324172766116671,0.005000000000057078,0.5796480708330647,0.08018065107532352
1.9820000000000015,0.02072941564972425,0.0,0.42317834959128686,9.994169440846968e-06,1.3243366049239025,0.005000000000057119,0.5792230668257456,0.08013071374938124
1.9825000000000015,0.020731637871946474,0.0,0.42360592596905106,9.994169440846968e-06,1.3245004431309053,0.00500000000005716,0.5787978496313844,0.08008075137661702
1.9830000000000017,0.020733860094168697,0.0,0.4240338076969186,9.994169440846968e-06,1.3246642807386058,0.005000000000057201,0.5783724192499351,0.08003076395529196
1.9835000000000016,0.020736082316390916,1.0,0.4244910313051817,0.004693098911480982,1.324827923306786,0.005020296088047321,0.5779472809608033,0.08001035573891357
1.9840000000000015,0.02073830453861314,1.0,0.42954981815391735,0.016598287792102484,1.324960853504057,0.006155881808026702,0.5776017747596595,0.08468090860283628
1.9845000000000015,0.020740526760835362,1.0,0.45012301054434023,0.028361074818334053,1.3249922093054523,0.01138677185898246,0.5775202555630445,0.10516249182902376
1.9850000000000014,0.020742748983057585,1.0,0.48856910995286834,0.03998316334943665,1.3249140266656356,0.023920951035740923,0.5777235011036905,0.143836987124495
1.9855000000000016,0.020744971205279808,1.0,0.5564633665201348,0.05146623631364285,1.3246707326932101,0.04642443949030052,0.5783556613298164,0.21244149740753276
1.9860000000000015,0.02074719342750203,1.0,0.6767437446750807,0.06281195648822449,1.324168354343837,0.0804110509490661,0.5796595121680342,0.3341861626293208
1.9865000000000015,0.02074941564972425,1.0,0.8874254602202944,0.07402196683555075,1.3232933134128122,0.12579109355308554,0.5819257340102607,0.5474109114848508
1.9870000000000017,0.020751637871946473,1.0,1.2083851867975577,0.08509789062256556,1.3220880495628289,0.1809010958436706,0.5850371533152507,0.8718578487877522
1.9875000000000016,0.020753860094168696,1.0,1.6103740458123084,0.09604133169155842,1.3207736598169402,0.24303852949513974,0.5884170366705838,1.2776291646817557
1.9880000000000015,0.020756082316390916,1.0,2.056484572923258,0.10685387469339215,1.3195002782561776,0.3090154113954913,0.5916782887769005,1.72738375117945
1.9885000000000015,0.02075830453861314,1.0,2.528472268786132,0.11753708538276972,1.3183051440304043,0.3756823727611889,0.5947273411351341,2.2027733320708336
1.9890000000000014,0.02076052676083536,1.0,3.0172513049166954,0.12809250618235518,1.3171899860871272,0.44039487087829166,0.5975620509041921,2.6947106656008524
1.9895000000000016,0.020762748983057584,1.0,3.515159001068019,0.13852167539582028,1.3161538357908555,0.5012518549843394,0.6001870084589149,3.195539106444956
1.9900000000000015,0.020764971205279807,1.0,4.014839714886915,0.14882610472750749,1.3151964024106915,0.5571070799685246,0.6026049116294299,3.697906865346443
1.9905000000000015,0.02076719342750203,1.0,4.509791217932339,0.15900727203444165,1.3143167181256206,0.6074468794343285,0.6048200028269568,4.195317211481628
1.9910000000000017,0.020769415649724253,1.0,4.994098035248419,0.16906665517364733,1.3135138151146286,0.6522221855431738,0.606836350929082,4.681859899104904
1.9915000000000016,0.020771637871946476,1.0,5.4628657878024285,0.17900571542559116,1.3127858781128305,0.6916847357769919,0.6086599778127421,5.152647867305972
1.9920000000000015,0.020773860094168695,1.0,5.9125099637901135,0.1888258998567735,1.3121298553641494,0.726255610475635,0.6102998135614207,5.604107060964938
1.9925000000000015,0.020776082316390918,1.0,6.340671328241478,0.19852861666107274,1.3115417557715703,0.7564316070135638,0.611766937643069,6.033890993413159
1.9930000000000014,0.020778304538613138,1.0,6.745682058528758,0.20811527184714268,1.3110175938618058,0.7827249361781392,0.6130722252336511,6.440344280526391
1.9935000000000016,0.02078052676083536,1.0,7.126651263475962,0.2175872611539927,1.3105531363019227,0.8056264868498249,0.6142269981321576,6.822588887892417
1.9940000000000015,0.020782748983057583,1.0,7.483375165899688,0.22694595924217173,1.3101439715939713,0.8255867071351897,0.6152428675356716,7.180434146803621
1.9945000000000015,0.020784971205279806,1.0,7.816001511311324,0.23619270916852464,1.3097859530075238,0.8430078579227251,0.6161306532768811,7.514039978361569
1.9950000000000017,0.02078719342750203,1.0,8.125054883658287,0.24532884639014554,1.309475040231034,0.8582426043074758,0.6169007978959995,7.823942675554595
1.9955000000000016,0.020789415649724252,1.0,8.411429967335984,0.25435570078604725,1.3092072199584253,0.8715963784961196,0.6175635805023281,8.111048408732286
1.9960000000000016,0.020791637871946475,1.0,8.676401005505776,0.2632746101474241,1.30897841892869,0.883331615528481,0.6181293465453079,8.376642943695009
1.9965000000000015,0.020793860094168698,1.0,8.920786877258768,0.27208683731800687,1.3087856643706568,0.8936730976813253,0.6186056539166884,8.621553580677734
1.9970000000000014,0.020796082316390917,1.0,9.145626997613537,0.28079364514152627,1.3086259835131542,0.9028124538411703,0.6190000092021531,8.846828076487038
1.9975000000000016,0.02079830453861314,1.0,9.352154329818685,0.28939629646171683,1.3084964035850108,0.9109128469118115,0.6193198759004565,9.053707669516317
1.9980000000000016,0.020800526760835363,1.0,9.54173071181559,0.29789604980033946,1.3083940083211032,0.9181132017073739,0.6195725425265733,9.243562264333887
1.9985000000000015,0.020802748983057583,1.0,9.715594684545989,0.306294143903316,1.3083162571056266,0.9245319757521115,0.6197643424175086,9.41763740417186
1.9990000000000017,0.020804971205279806,1.0,9.874816890760709,0.31459179004396515,1.3082610042765799,0.9302703041795665,0.6199006129695777,9.57700962791316
1.9995000000000016,0.02080719342750203,1.0,10.020400808360309,0.3227901795591665,1.3082263243483465,0.9354146402801963,0.6199861319148317,9.722687686047983
2.0,0.020809415649724244,1.0,10.153425071753126,0.3308905036664439,1.3082102933672985,0.9400389965448674,0.6200256602497751,9.855755461373708
