Time [s],Lmtc [m],STIM [ ],Fsee [N],Gamma [ ],Lcerel [ ],q [ ],fisomrel [ ],fce [N]
0.0,0.020309415649724244,1.0,6.559916988459822,0.16121522041009617,1.2761570426534274,0.5777863447841555,0.6949491511716522,6.342887972268275
0.0005,0.020296688376996972,1.0,6.182029589797774,0.17124819748552428,1.2758555241805787,0.6236212648843877,0.6956149191162326,5.965698787139906
0.001,0.0202839611042697,1.0,5.957712726792739,0.18116116648896952,1.2752980058734622,0.6642078256316633,0.6968440318483806,5.7426699825570635
0.0015,0.020271233831542425,1.0,5.841950979732128,0.19095556380306108,1.2745511719662723,0.6999270316622268,0.6984866158877854,5.628627651023485
0.002,0.020258506558815153,1.0,5.802844490256002,0.20063280671269912,1.2736671143842748,0.7312504023310546,0.700425242018337,5.59154758320578
0.0025,0.02024577928608788,1.0,5.816955571396176,0.21019429723277422,1.272686807278087,0.7586737344333007,0.7025676205459337,5.6078944001011495
0.003,0.02023305201336061,1.0,5.867747346548326,0.21964141960597008,1.2716403624647963,0.7826757596841692,0.7048460539199763,5.66105962624555
0.0035,0.020220324740633334,1.0,5.943269703358676,0.22897554160189953,1.2705500094490212,0.8036983534173446,0.7072107695485381,5.7390406080981045
0.004,0.020207597467906062,1.0,6.034760795120994,0.23819801572173338,1.269432136120226,0.8221378890045326,0.7096252961027678,5.833037107781971
0.0045000000000000005,0.02019487019517879,1.0,6.136102880874382,0.24731017643712513,1.2682981374391837,0.8383429999652232,0.7120644377866595,5.936904943142331
0.005,0.020182142922451518,1.0,6.24273896342679,0.2563133434031684,1.2671563667311643,0.8526171407264235,0.7145099028600146,6.046068009918189
0.0055,0.020169415649724243,1.0,6.351379691881862,0.26520882135682294,1.26601271586441,0.8652222416123843,0.7169489399937625,6.157223713044579
0.006,0.02015668837699697,1.0,6.4598427587972855,0.27399789540665487,1.264870978618425,0.8763831673140612,0.7193734587428716,6.268181402980905
0.006500000000000001,0.0201439611042697,1.0,6.5663440511276265,0.28268184413280534,1.2637341443893222,0.8862928209303786,0.7217772043329287,6.377150579369385
0.007,0.020131233831542427,1.0,6.669937749731833,0.2912619195346301,1.262603692071388,0.8951160100886644,0.7241572036419027,6.483182450639767
0.0075,0.02011850655881515,1.0,6.769897181307288,0.2997393620118161,1.2614806919632595,0.9029938658904928,0.72651139092166,6.585548325230795
0.008,0.02010577928608788,1.0,6.865684748707969,0.3081154093278075,1.2603658746764688,0.9100472783362542,0.7288384452158294,6.683709366209708
0.0085,0.020093052013360608,1.0,6.957137989917149,0.3163912684031468,1.259259338221054,0.9163797526741614,0.7311383821807246,6.7775032435442535
0.009000000000000001,0.020080324740633336,1.0,7.0442113765781365,0.3245681324235453,1.2581609946324679,0.9220801784625261,0.7334116034014995,6.866884953292641
0.0095,0.02006759746790606,1.0,7.126894824218216,0.3326471815699614,1.2570707088972295,0.9272250592889052,0.7356586025083036,6.951845026030978
0.01,0.02005487019517879,1.0,7.205276559171129,0.3406296105441701,1.2559881977474585,0.9318803519773801,0.7378801704560323,7.032472600002841
0.0105,0.020042142922451517,1.0,7.27953031878282,0.34851656379050894,1.2549130536820259,0.9361030095724646,0.7400773402500184,7.1089425622442795
0.011,0.020029415649724245,1.0,7.3498531085906045,0.3563091705075988,1.2538448471932238,0.9399423670739365,0.7422511742137956,7.1814530891319075
0.0115,0.02001668837699697,1.0,7.416451007908186,0.36400855989406067,1.2527831487733445,0.9434412730081746,0.7444027187849327,7.250211406247665
0.012,0.020003961104269698,1.0,7.479496347875371,0.37161581115967807,1.2517275960171348,0.9466370241515006,0.7465328696137368,7.3153908315583145
0.0125,0.019991233831542426,1.0,7.539285188568786,0.37913209559014593,1.25067764094059,0.9495621697969987,0.7486428813298426,7.3772887631498865
0.013000000000000001,0.019978506558815154,1.0,7.596060537988842,0.38655852832571824,1.24963283239244,0.9522451820737697,0.7507337959669119,7.436149324680891
0.0135,0.019965779286087882,1.0,7.649994783437237,0.3938961461961811,1.2485928408438214,0.9547110260094488,0.752806397924794,7.492145754357012
0.014,0.019953052013360607,1.0,7.701265177900928,0.40114598603132046,1.2475573367658708,0.9569816502624008,0.754861460053557,7.545456138204976
0.0145,0.019940324740633335,1.0,7.750053437349496,0.4083090846609224,1.246525990629725,0.9590763972108931,0.7568997437761309,7.596263007559602
0.015,0.019927597467906063,1.0,7.796545366555924,0.41538647891477287,1.2454984729065213,0.9610123521500149,0.7589219992022642,7.644752965060849
0.0155,0.01991487019517879,1.0,7.840930513443747,0.42237920562265796,1.244474454067396,0.9628046412180209,0.7609289652337947,7.691116339163773
0.016,0.019902142922451516,1.0,7.883395289296508,0.42928829278302716,1.2434536147809792,0.9644666853773468,0.7629213498002985,7.735540284991008
0.0165,0.019889415649724244,1.0,7.924055945825725,0.43611469207489617,1.2424357492117526,0.9660104175697215,0.7648996300165448,7.7781415658847255
0.017,0.019876688376996972,1.0,7.963129820593138,0.4428595159274086,1.241420498476983,0.9674464888776252,0.7668645716605003,7.819138309231351
0.0175,0.0198639611042697,1.0,8.000706951276843,0.4495236976655769,1.2404077044749,0.9687843974236835,0.7688165425164366,7.858620947722962
0.018000000000000002,0.019851233831542425,1.0,8.036878836221844,0.4561081706144138,1.2393972091037335,0.9700326439589534,0.7707559050933732,7.896681366559226
0.0185,0.019838506558815153,1.0,8.07173833569479,0.46261386809893157,1.2383888542617123,0.9711988516399054,0.7726830166551524,7.933412804748663
0.019,0.01982577928608788,1.0,8.105379579701864,0.4690417234441429,1.2373824818470667,0.9722898698014525,0.7745982292485083,7.968909762969951
0.0195,0.01981305201336061,1.0,8.137897882376105,0.47539266997506036,1.2363779337580254,0.9733118640561377,0.7765018897291462,8.003267917999572
0.02,0.019800324740633334,1.0,8.169389662928522,0.4816676410166964,1.2353750518928186,0.974270394686344,0.7783943397858117,8.03658404370017
0.0205,0.01978759746790606,1.0,8.19994622353186,0.48786755345478755,1.2343736875191245,0.9751704833773809,0.7802758983947512,8.068949772068697
0.021,0.01977487019517879,1.0,8.2296217709152,0.4939932649483571,1.2333737497227846,0.9760166718445702,0.7821467717613084,8.100419528808933
0.021500000000000002,0.019762142922451518,1.0,8.258514697464909,0.500045782895416,1.2323750814176482,0.9768130930312253,0.7840072861445655,8.131092038210328
0.022,0.019749415649724242,1.0,8.286665199438872,0.5060259421679124,1.2313776150261804,0.9775634834052144,0.7858575970591867,8.161007662761609
0.0225,0.01973668837699697,1.0,8.314113894522132,0.5119345776377947,1.230381282970846,0.978271241865761,0.7876978578268279,8.190207182986704
0.023,0.0197239611042697,1.0,8.340901801090054,0.517772524177011,1.2293860176741103,0.9789394649994088,0.7895282195824511,8.218731776717672
0.0235,0.019711233831542427,1.0,8.36707031867278,0.5235406166575095,1.2283917515584377,0.9795709781963559,0.7913488312802754,8.246622999568359
0.024,0.01969850655881515,1.0,8.392661209618431,0.5292396899512384,1.2273984170462935,0.9801683631629654,0.7931598396993599,8.273922766606233
0.0245,0.01968577928608788,1.0,8.41771658195607,0.534870578930146,1.2264059465601427,0.9807339822909796,0.7949613894488232,8.300673335223435
0.025,0.019673052013360608,1.0,8.442278873458255,0.5404341184661803,1.2254142725224502,0.9812700002800314,0.7967536229726982,8.326917289206818
0.025500000000000002,0.019660324740633336,1.0,8.466374611767659,0.5459310576775579,1.224423351683861,0.9817783962729449,0.7985366368759282,8.352681258063814
0.026000000000000002,0.019647597467906064,1.0,8.490042635283876,0.5513622893507439,1.2234331226774302,0.9822610022734684,0.8003105587624497,8.37800421008388
0.0265,0.01963487019517879,1.0,8.513309860141975,0.556728618653353,1.2224435423650704,0.9827194960234077,0.8020754818403166,8.40291315813516
0.027,0.019622142922451517,1.0,8.536193521287725,0.5620307865317654,1.2214545823527414,0.9831554180004681,0.8038314718198916,8.427425407577484
0.0275,0.019609415649724245,1.0,8.558710986950546,0.567269533932361,1.2204662142464038,0.9835701892606193,0.8055785935034352,8.451558395649757
0.028,0.019596688376996973,1.0,8.580879754125107,0.5724456018015199,1.2194784096520175,0.983965122232538,0.8073169107864848,8.475329686953682
0.0285,0.019583961104269697,1.0,8.60271744426103,0.577559731085622,1.2184911401755427,0.984341430407669,0.8090464866591653,8.49875696914551
0.029,0.019571233831542426,1.0,8.624241799166823,0.5826126627310474,1.2175043774229397,0.9847002370513492,0.8107673832074376,8.52185804884189
0.029500000000000002,0.019558506558815154,1.0,8.6454706771235,0.587605137684176,1.2165180930001689,0.9850425830448655,0.8124796616142809,8.54465084773532
0.03,0.019545779286087882,1.0,8.666422049212073,0.5925378968913878,1.21553225851319,0.9853694339548167,0.8141833821608138,8.567153398923372
0.0305,0.019533052013360606,1.0,8.687109697599503,0.5974116282411239,1.2145468519304123,0.9856816827972708,0.8158785933069989,8.589379535301555
0.031,0.019520324740633335,1.0,8.707546338204146,0.6022270710583133,1.2135618529236551,0.9859801637273489,0.8175653399032603,8.611342019806852
0.0315,0.019507597467906063,1.0,8.727746013753755,0.6069849778318983,1.212577239320674,0.986265653727278,0.8192436692912036,8.633054944011123
0.032,0.01949487019517879,1.0,8.747716405263485,0.6116860037747108,1.211592998453937,0.986538870213824,0.8209136120210887,8.654526022253267
0.0325,0.019482142922451515,1.0,8.767465244181128,0.6163308040995825,1.2106091176559126,0.9868004822266785,0.8225751982407918,8.675763018682451
0.033,0.019469415649724243,1.0,8.787000311168597,0.6209200340193455,1.2096255842590689,0.987051114260253,0.824228457696176,8.696773746040162
0.0335,0.01945668837699697,1.0,8.806329434923112,0.6254543487468314,1.2086423855958741,0.9872913497505098,0.8258734197314503,8.71756606448195
0.034,0.0194439611042697,1.0,8.825460491044389,0.6299344034948721,1.2076595089987963,0.9875217342514677,0.8275101132895154,8.738147880445151
0.0345,0.019431233831542424,1.0,8.844401400939779,0.6343608534762993,1.2066769418003038,0.9877427783322198,0.8291385669122953,8.758527145554542
0.035,0.019418506558815152,1.0,8.86316013077559,0.6387343539039451,1.2056946713328651,0.9879549602219059,0.8307588087410585,8.77871185557415
0.035500000000000004,0.01940577928608788,1.0,8.881743815619112,0.6430555363154695,1.204712686209667,0.9881587269142783,0.8323708644192895,8.798709172713869
0.036000000000000004,0.01939305201336061,1.0,8.900157115313355,0.647325006239163,1.2037309787209722,0.9883544965196357,0.833974753237579,8.81852377817638
0.0365,0.019380324740633337,1.0,8.918407845779974,0.6515434706954362,1.202749536587188,0.9885426671107604,0.8355705016547219,8.838163515305318
0.037,0.01936759746790606,1.0,8.93649974850754,0.6557115090836446,1.2017683535337023,0.9887236060058543,0.8371581260491958,8.85763214402274
0.0375,0.01935487019517879,1.0,8.954436587777906,0.6598297008031436,1.2007874232859028,0.9888976587289239,0.8387376426008307,8.876933446736723
0.038,0.019342142922451518,1.0,8.97222215024329,0.6638986252532886,1.1998067395691778,0.9890651505402169,0.840309067290939,8.896071227918673
0.0385,0.019329415649724242,1.0,8.989860244514942,0.6679188618334351,1.1988262961089151,0.9892263878442303,0.84187241590244,8.915049313692158
0.039,0.01931668837699697,1.0,9.007354700763047,0.6718909899429386,1.197846086630503,0.9893816594862614,0.843427704019982,8.933871551433016
0.0395,0.0193039611042697,1.0,9.024709370324638,0.6758155889811543,1.1968661048593294,0.9895312379473821,0.844974947030062,8.952541809377454
0.04,0.019291233831542427,1.0,9.041928125324393,0.679693238347438,1.1958863445207821,0.9896753804467515,0.8465141601211418,8.971063976243013
0.0405,0.019278506558815155,1.0,9.059014858302852,0.683524517441145,1.1949067993402491,0.9898143299593245,0.8480453582837595,8.989441960856967
0.041,0.01926577928608788,1.0,9.075971355308086,0.687309917000215,1.1939274661227535,0.9899483121828626,0.8495685515328333,9.007677561244522
0.0415,0.019253052013360607,1.0,9.092802156174743,0.6910500987835503,1.1929483377061287,0.9900775482805297,0.8510837559057668,9.025775334170339
0.042,0.019240324740633336,1.0,9.109509280166213,0.6947455770661779,1.191969410603126,0.9902022410715633,0.8525909815707536,9.043737310790641
0.0425,0.019227597467906064,1.0,9.126094722463224,0.6983968642062155,1.190990681378729,0.9903225826050015,0.8540902385059553,9.061565497942496
0.043000000000000003,0.01921487019517879,1.0,9.142560490016741,0.7020044725617806,1.1900121465979212,0.9904387549198581,0.8555815365810004,9.079261914065347
0.043500000000000004,0.019202142922451516,1.0,9.15890860137277,0.7055689144909907,1.1890338028256862,0.9905509306689515,0.8570648855570384,9.09682858902588
0.044,0.019189415649724244,1.0,9.175141086495568,0.7090907023519631,1.1880556466270076,0.9906592736984454,0.8585402950867922,9.114267563941336
0.0445,0.019176688376996973,1.0,9.191259986599372,0.7125703485028158,1.1870776745668692,0.9907639395866278,0.8600077747146103,9.131580891011309
0.045,0.019163961104269697,1.0,9.207267353979615,0.7160083653016658,1.1860998832102545,0.9908650761451558,0.8614673338765185,9.148770633349045
0.0455,0.019151233831542425,1.0,9.223165251848686,0.7194052651066309,1.1851222691221472,0.9909628238857047,0.8629189819002692,9.165838864817276
0.046,0.019138506558815153,1.0,9.238954527609694,0.7227614471055562,1.1841448306280842,0.9910573120821141,0.8643627254118168,9.182786441226394
0.0465,0.01912577928608788,1.0,9.254637958012404,0.7260775382982659,1.1831675632958831,0.9911486725084305,0.8657985750249946,9.199616150869254
0.047,0.019113052013360606,1.0,9.270217035443423,0.7293540292879979,1.1821904645521473,0.9912370254628303,0.867226538505091,9.216329495313529
0.0475,0.019100324740633334,1.0,9.2856928184319,0.7325913655100956,1.1812135324565354,0.9913224838870335,0.8686466226184968,9.232927541420514
0.048,0.019087597467906062,1.0,9.301066372231647,0.7357899923999027,1.1802367650687062,0.991405155457862,0.870058834070272,9.249411362681302
0.0485,0.01907487019517879,1.0,9.316338768737053,0.7389503553927625,1.1792601604483184,0.9914851428837987,0.8714631795041726,9.265782039132747
0.049,0.019062142922451515,1.0,9.331511086398722,0.7420728999240188,1.1782837166550308,0.9915625441825572,0.8728596655026747,9.282040657273127
0.0495,0.019049415649724243,1.0,9.346584410142825,0.7451580714290149,1.1773074317485022,0.9916374529410356,0.874248298587001,9.298188309981557
0.05,0.01903668837699697,1.0,9.361559831287803,0.7482063153430946,1.1763313037883913,0.9917099585589165,0.8756290852171442,9.314226096434707
0.0505,0.0190239611042697,1.0,9.376438447464968,0.751218077101601,1.1753553308343567,0.9917801464770726,0.8770020317918932,9.33015512202746
0.051000000000000004,0.019011233831542428,1.0,9.391221362538277,0.7541938021398782,1.1743795109460573,0.9918480983918466,0.8783671446488556,9.345976498292707
0.051500000000000004,0.018998506558815152,1.0,9.405909686526364,0.7571339358932692,1.1734038421831516,0.9919138924561933,0.8797244300644825,9.361691342823434
0.052000000000000005,0.01898577928608788,1.0,9.420504399104487,0.7600389004988837,1.1724283227992145,0.9919776026946765,0.8810738939865995,9.377300642574173
0.0525,0.01897305201336061,1.0,9.435005966850692,0.7629090633998874,1.1714529517845298,0.9920392982038257,0.8824155412974868,9.392804870564218
0.053,0.018960324740633337,1.0,9.449415811036758,0.7657449678516617,1.1704777267799817,0.9920990508954834,0.8837493786877195,9.408205455819758
0.0535,0.01894759746790606,1.0,9.46373450990019,0.7685469965906252,1.16950264663165,0.9921569245221683,0.8850754111394639,9.423502983015473
0.054,0.01893487019517879,1.0,9.47796264580421,0.7713155323531963,1.1685277101856144,0.9922129802170022,0.8863936435983742,9.438698040895291
0.0545,0.018922142922451517,1.0,9.492100805193656,0.7740509578757937,1.1675529162879545,0.9922672766260718,0.8877040809736068,9.453791222228308
0.055,0.018909415649724245,1.0,9.50614957855178,0.776753655894836,1.16657826378475,0.9923198700332416,0.8890067281378331,9.46878312376559
0.0555,0.01889668837699697,1.0,9.520109560356575,0.7794240091467416,1.1656037515220805,0.9923708144779088,0.8903015899272521,9.483674346196546
0.056,0.018883961104269698,1.0,9.533981349039466,0.7820624003679293,1.164629378346026,0.99242016186615,0.8915886711416041,9.498465494107617
0.0565,0.018871233831542426,1.0,9.547765546941601,0.7846692122948175,1.163655143102666,0.9924679620756832,0.8928679765441836,9.513157175938597
0.057,0.018858506558815154,1.0,9.561462760272786,0.7872448276638249,1.1626810446380802,0.9925142630550329,0.8941395108618518,9.527750003941586
0.0575,0.01884577928608788,1.0,9.575073599068926,0.7897896292113699,1.1617070817983481,0.9925591109172621,0.8954032787850493,9.542244594138452
0.058,0.018833052013360607,1.0,9.588598677151941,0.7923039996738711,1.1607332534295498,0.9926025500286108,0.8966592849678084,9.556641566280765
0.0585,0.018820324740633335,1.0,9.602038364641285,0.7947882566113686,1.159759558726158,0.9926446211873907,0.8979075335824931,9.570941296055706
0.059000000000000004,0.018807597467906063,1.0,9.615393252242606,0.7972428113152377,1.1587859965765297,0.9926853663959567,0.8991480291647932,9.585144379962019
0.059500000000000004,0.018794870195178788,1.0,9.628663902860309,0.7996680589892233,1.1578125659131546,0.9927248256537513,0.9003807761596249,9.599251386605324
0.06,0.018782142922451516,1.0,9.641850658660815,0.802064328496242,1.1568392659835363,0.992763035617723,0.9016057785829823,9.613262663536224
0.0605,0.018769415649724244,1.0,9.654953864628233,0.8044319486992099,1.1558660960351772,0.9928000316233135,0.9028230404270117,9.627178561086119
0.061,0.018756688376996972,1.0,9.667973868538317,0.8067712484610433,1.1548930553155803,0.9928358477447699,0.9040325656600183,9.640999432341179
0.0615,0.0187439611042697,1.0,9.680911020932662,0.8090825566446587,1.1539201430722488,0.9928705168524001,0.9052343582264739,9.654725633116552
0.062,0.018731233831542425,1.0,9.693765675093882,0.8113662021129722,1.1529473585526853,0.9929040706669527,0.9064284220470253,9.668357521931556
0.0625,0.018718506558815153,1.0,9.706538187019923,0.8136225137289003,1.151974701004393,0.9929365398112785,0.9076147610185014,9.681895459983998
0.063,0.01870577928608788,1.0,9.719228915398508,0.8158518203553591,1.151002169674875,0.9929679538594365,0.9087933790139212,9.695339811124638
0.0635,0.018693052013360606,1.0,9.731838221582779,0.818054450855265,1.1500297638116337,0.992998341383385,0.9099642798825016,9.70869094183284
0.064,0.018680324740633334,1.0,9.7443664695664,0.8202307340915344,1.1490574826621724,0.9930277299973951,0.9111274674496647,9.721949221191682
0.0645,0.018667597467906062,1.0,9.756814025958024,0.8223809989270834,1.148085325473994,0.9930561464003116,0.912282945517045,9.735115020862446
0.065,0.01865487019517879,1.0,9.769181028887381,0.8245054833653467,1.1471132918171425,0.9930836140032006,0.9134307174828971,9.748188483758225
0.0655,0.01864214292245152,1.0,9.781467989302136,0.826604607884263,1.1461413807443575,0.993110160259911,0.914570787336531,9.761170125955436
0.066,0.018629415649724243,1.0,9.793675135361516,0.8286786616449798,1.1451695917066556,0.9931358083158952,0.9157031585748917,9.774060180418436
0.0665,0.01861668837699697,1.0,9.805802682537173,0.8307279272200782,1.1441979241757392,0.9931605804044614,0.9168278346536312,9.786858867382891
0.067,0.0186039611042697,1.0,9.817850848405355,0.8327526871821395,1.1432263776233105,0.9931844980538884,0.9179448190116195,9.799566409163099
0.0675,0.018591233831542427,1.0,9.829819852630632,0.8347532241037449,1.1422549515210718,0.9932075821169599,0.91905411507095,9.812183030135738
0.068,0.018578506558815152,1.0,9.84170991694887,0.8367298205574755,1.1412836453407256,0.9932298527991639,0.9201557262369443,9.824708956722837
0.0685,0.01856577928608788,1.0,9.853521265151498,0.8386827591159127,1.140312458553974,0.9932513296856292,0.9212496558981574,9.837144417376054
0.069,0.018553052013360608,1.0,9.865254123067377,0.8406123223516376,1.1393413906325192,0.9932720317668611,0.9223359074263828,9.849489642558556
0.0695,0.018540324740633336,1.0,9.876908718547236,0.8425187928372315,1.1383704410480637,0.9932919774633404,0.9234144841766573,9.861744864729458
0.07,0.01852759746790606,1.0,9.888485281446727,0.8444024531452756,1.13739960927231,0.9933111846490439,0.9244853894872662,9.873910318326892
0.07050000000000001,0.01851487019517879,1.0,9.899984043611441,0.8462635858483512,1.1364288947769599,0.9933296706739403,0.9255486266797489,9.885986239753025
0.07100000000000001,0.018502142922451517,1.0,9.911405191612188,0.8481024429799554,1.1354582970991898,0.993347451625887,0.9266041989879505,9.897972820071596
0.07150000000000001,0.018489415649724245,1.0,9.92274891573197,0.8499192916835423,1.134487815773595,0.9933645435000492,0.9276521096337904,9.909870254037257
0.07200000000000001,0.01847668837699697,1.0,9.934015471325218,0.8517144511789184,1.1335174502472407,0.993380963119816,0.9286923619179024,9.921678801501587
0.0725,0.018463961104269698,1.0,9.94520499996056,0.8534881642640999,1.1325472001273311,0.9933967249731795,0.929724958953621,9.933398608416754
0.073,0.018451233831542426,1.0,9.956317644897188,0.8552406737371029,1.1315770650210697,0.9934118431396579,0.9307499038417648,9.945029822406127
0.0735,0.018438506558815154,1.0,9.967353551073538,0.8569722223959436,1.1306070445356602,0.993426331306316,0.9317671996706403,9.956572592752963
0.074,0.01842577928608788,1.0,9.978312865095152,0.858683053038638,1.1296371382783064,0.9934402027831384,0.9327768495160451,9.968027070388283
0.0745,0.018413052013360607,1.0,9.989195735223724,0.8603734084632023,1.128667345856212,0.9934534705177801,0.9337788564412717,9.979393407879916
0.075,0.018400324740633335,1.0,10.000002311364014,0.8620435314676527,1.1276976668765806,0.9934661471097319,0.9347732234971114,9.99067175941942
0.0755,0.018387597467906063,1.0,10.010732745052787,0.8636936648500051,1.1267281009466164,0.9934782448239186,0.9357599537218568,10.001862280811029
0.076,0.01837487019517879,1.0,10.021387189447498,0.8653240514082758,1.1257586476735228,0.9934897756037661,0.936739050141307,10.012965129460339
0.0765,0.018362142922451516,1.0,10.031965799313896,0.866934933940481,1.1247893066645036,0.9935007510837556,0.93771051576877,10.023980464361925
0.077,0.018349415649724244,1.0,10.042468731015184,0.8685265552446367,1.1238200775267628,0.99351118260149,0.9386743536050658,10.034908446088494
0.0775,0.018336688376996972,1.0,10.052896037663555,0.8700990670913118,1.1228509600117609,0.9935210790582515,0.9396305664967549,10.045749131881776
0.078,0.018323961104269697,1.0,10.063247965222178,0.8716527980005836,1.1218819536075957,0.9935304532726609,0.9405791575391835,10.056502771929685
0.0785,0.018311233831542425,1.0,10.073524653619534,0.873187994562145,1.1209130579505167,0.9935393158500228,0.94152012966822,10.067169510301687
0.079,0.018298506558815153,1.0,10.08372619563311,0.8747048615572399,1.1199442727436268,0.9935476761627261,0.9424534857440098,10.077749443872639
0.0795,0.01828577928608788,1.0,10.0938526854413,0.8762036037671121,1.1189755976900289,0.9935555433504585,0.9433792286172016,10.088242670903622
0.08,0.01827305201336061,1.0,10.103904218614137,0.8776844259730057,1.1180070324928253,0.9935629263288538,0.9442973611289491,10.09864929103266
0.0805,0.018260324740633334,1.0,10.113880892104902,0.8791475329561641,1.117038576855119,0.9935698337978313,0.9452078861109137,10.108969405266354
0.081,0.018247597467906062,1.0,10.123782804242046,0.8805931294978315,1.1160702304800125,0.9935762742496338,0.9461108063852671,10.11920311597179
0.0815,0.01823487019517879,1.0,10.133610054719423,0.8820214203792516,1.115101993070609,0.9935822559765839,0.9470061247646939,10.129350526866785
0.082,0.018222142922451518,1.0,10.143362744588824,0.8834326103816682,1.114133864330011,0.9935877870785662,0.9478938440523946,10.139411743012428
0.0825,0.018209415649724243,1.0,10.15304097625149,0.8848269042863253,1.1131658439613208,0.9935928754702502,0.9487739670420879,10.149386870804582
0.083,0.01819668837699697,1.0,10.162644853449073,0.8862045068744666,1.1121979316676418,0.9935975288880624,0.9496464965180127,10.159276017964869
0.0835,0.0181839611042697,1.0,10.172174481255688,0.887565622927336,1.1112301271520764,0.99360175489692,0.9505114352549316,10.169079293532711
0.084,0.018171233831542427,1.0,10.18162996606909,0.8889104572261773,1.1102624301177273,0.9936055608967355,0.9513687860181332,10.178796807856521
0.0845,0.018158506558815152,1.0,10.191011415602212,0.8902392145522344,1.1092948402676974,0.9936089541287009,0.952218551563434,10.188428672585234
0.085,0.01814577928608788,1.0,10.200318906022826,0.8915520437754598,1.1083273573499681,0.9936119404087385,0.9530607345982892,10.197974967797172
0.0855,0.018133052013360608,1.0,10.20955255389238,0.892849166518115,1.1073599810590573,0.993614527068462,0.9538953378679954,10.207435813964079
0.08600000000000001,0.018120324740633336,1.0,10.218712463359937,0.8941308193098915,1.1063927111082017,0.993616721633976,0.9547223640921869,10.2168113191262
0.08650000000000001,0.01810759746790606,1.0,10.22779869724776,0.8953971726505061,1.1054255472687475,0.9936185299956637,0.9555418159323403,10.226101549970926
0.08700000000000001,0.01809487019517879,1.0,10.236811319565343,0.8966483970396758,1.1044584893120408,0.9936199579185859,0.956353696042585,10.23530657436151
0.08750000000000001,0.018082142922451517,1.0,10.245750395501108,0.8978846629771174,1.1034915370094283,0.9936210110470143,0.9571580070697046,10.244426461328779
0.088,0.018069415649724245,1.0,10.254615991417898,0.8991061409625476,1.102524690132256,0.9936216949088243,0.9579547516531395,10.253461281066611
0.0885,0.01805668837699697,1.0,10.263408174845939,0.9003130014956834,1.1015579484518703,0.9936220149197545,0.958743932424989,10.262411104924926
0.089,0.018043961104269698,1.0,10.27212701447663,0.9015054150762414,1.1005913117396173,0.9936219763875346,0.9595255520100126,10.271276005403456
0.0895,0.018031233831542426,1.0,10.28077258015556,0.9026835522039386,1.0996247797668437,0.9936215845158898,0.9602996130256316,10.280056056144774
0.09,0.018018506558815154,1.0,10.289344942877253,0.9038475833784918,1.0986583523048956,0.9936208444084254,0.9610661180819324,10.288751331929046
0.0905,0.018005779286087882,1.0,10.297844174778318,0.9049976790996178,1.0976920291251193,0.9936197610723955,0.9618250697816674,10.297361908667174
0.091,0.017993052013360607,1.0,10.30627034913108,0.9061340098670334,1.096725809998861,0.9936183394223616,0.9625764707202569,10.305887863394442
0.0915,0.017980324740633335,1.0,10.314623540338088,0.9072567461804555,1.0957596946974673,0.9936165842837451,0.9633203234857914,10.314329274265017
0.092,0.017967597467906063,1.0,10.322903823924634,0.9083660585396007,1.0947936829922842,0.9936145003962763,0.9640566306590334,10.322686220544474
0.0925,0.01795487019517879,1.0,10.331110000766135,0.9094620907602211,1.0938277763863404,0.9936120918695999,0.9647853935135796,10.330957506730803
0.093,0.017942142922451516,1.0,10.339242038998472,0.9105449850674263,1.0928619747976713,0.9936093626565189,0.9655066145467066,10.339143104732337
0.0935,0.017929415649724244,1.0,10.347303705598437,0.9116149672445321,1.091896272993242,0.9936063183553843,0.9662203000398062,10.347246785487313
0.094,0.017916688376996972,1.0,10.355294168112387,0.9126721792486476,1.0909306719850842,0.9936029627937124,0.9669264515693641,10.355267720093263
0.0945,0.0179039611042697,1.0,10.363212593729592,0.9137167630368827,1.0899651727852298,0.9935992997306964,0.967625070742895,10.363205079338622
0.095,0.017891233831542425,1.0,10.371058149309183,0.9147488605663463,1.0889997764057107,0.9935953328597401,0.968316159198934,10.371058033729662
0.0955,0.017878506558815153,1.0,10.378830001407806,0.9157686137941481,1.0880344838585592,0.993591065810924,0.9689997186070284,10.378830001407806
0.096,0.01786577928608788,1.0,10.386527316307017,0.9167761646773974,1.0870692961558066,0.9935865021534094,0.9696757506677298,10.386527316307017
0.0965,0.01785305201336061,1.0,10.394149260040235,0.9177716551732037,1.0861042143094854,0.9935816453977792,0.9703442571125848,10.394149260040235
0.097,0.017840324740633334,1.0,10.401694998421437,0.9187552272386764,1.0851392393316275,0.99357649899832,0.9710052397041274,10.401694998421437
0.0975,0.01782759746790606,1.0,10.409163697073993,0.9197270228309249,1.0841743722342645,0.993571066355247,0.97165870023587,10.409163697073993
0.098,0.01781487019517879,1.0,10.416554521457975,0.9206871839070585,1.0832096140294285,0.9935653508168737,0.9723046405322942,10.416554521457975
0.0985,0.017802142922451518,1.0,10.423866636899541,0.9216358524241867,1.0822449657291515,0.9935593556817277,0.9729430624488428,10.423866636899541
0.099,0.017789415649724243,1.0,10.431099208619923,0.9225731703394189,1.0812804283454653,0.9935530842006157,0.9735739678719108,10.431099208619923
0.0995,0.01777668837699697,1.0,10.438251401765543,0.9234992796098646,1.080316002890402,0.993546539578638,0.9741973587188357,10.438251401765543
0.1,0.0177639611042697,1.0,10.445322432085092,0.9244143177336657,1.0793516903076212,0.9935397248761489,0.9748132369812935,10.445322432085092
0.1005,0.017751233831542427,1.0,10.452312642291949,0.9253183642754068,1.0783874900200454,0.9935326417812846,0.9754216056334292,10.452312642291949
0.101,0.017738506558815155,1.0,10.459221124650396,0.9262116336605086,1.0774234031396028,0.9935252949863042,0.9760224665851301,10.459221124650396
0.1015,0.01772577928608788,1.0,10.466047795992928,0.9270942440816654,1.076459429666109,0.993517686975449,0.9766158224605334,10.466047795992928
0.10200000000000001,0.017713052013360608,1.0,10.472792574166508,0.9279663137315715,1.0754955695993793,0.9935098201959778,0.9772016758834611,10.472792574166508
0.10250000000000001,0.017700324740633336,1.0,10.4794553780314,0.9288279608029212,1.0745318229392289,0.9935016970596406,0.9777800294774217,10.4794553780314
0.10300000000000001,0.01768759746790606,1.0,10.486036127460968,0.9296793034884088,1.0735681896854736,0.9934933199441242,0.9783508858656087,10.486036127460968
0.10350000000000001,0.01767487019517879,1.0,10.49253474334352,0.9305204599807286,1.0726046698379283,0.9934846911944647,0.9789142476709016,10.49253474334352
0.10400000000000001,0.017662142922451517,1.0,10.498951147579675,0.9313515484725751,1.071641263396409,0.993475813124431,0.9794701175158654,10.498951147579675
0.1045,0.017649415649724245,1.0,10.505285263084879,0.9321726871566424,1.0706779703607305,0.9934666880178803,0.9800184980227508,10.505285263084879
0.105,0.017636688376996973,1.0,10.511537013787377,0.9329839942256248,1.0697147907307085,0.9934573181300865,0.980559391813494,10.511537013787377
0.1055,0.017623961104269698,1.0,10.517706324629355,0.9337855878722169,1.0687517245061584,0.9934477056890387,0.9810928015097172,10.517706324629355
0.106,0.017611233831542426,1.0,10.523793121566841,0.9345775862891127,1.0677887716868957,0.9934378528967178,0.9816187297327277,10.523793121566841
0.1065,0.017598506558815154,1.0,10.52979733156961,0.9353601076690067,1.0668259322727354,0.993427761930346,0.9821371791035192,10.52979733156961
0.107,0.017585779286087882,1.0,10.535718882620584,0.9361332702045931,1.0658632062634932,0.9934174349436123,0.9826481522427702,10.535718882620584
0.1075,0.017573052013360606,1.0,10.541557703716428,0.9368971920885664,1.0649005936589844,0.9934068740678741,0.9831516517708456,10.541557703716428
0.108,0.017560324740633335,1.0,10.547314161690093,0.9376519406732857,1.0639380938722056,0.9933960802580861,0.983647680607956,10.547314161690093
0.1085,0.017547597467906063,1.0,10.552988087105756,0.9383976818088153,1.0629757070383652,0.9933850566733451,0.984136241292072,10.552988087105756
0.109,0.01753487019517879,1.0,10.55857942816146,0.939134526212447,1.0620134331359319,0.9933738052163071,0.9846173364427813,10.55857942816146
0.1095,0.017522142922451515,1.0,10.564088206350137,0.9398625722907561,1.0610512720463618,0.9933623274920276,0.9850909687260845,10.564088206350137
0.11,0.017509415649724244,1.0,10.56951444426076,0.940581918450318,1.0600892236511115,0.9933506250870816,0.9855571408040268,10.56951444426076
0.1105,0.01749668837699697,1.0,10.57485816557405,0.9412926630977081,1.059127287831637,0.9933386995704595,0.986015855334699,10.57485816557405
0.111,0.0174839611042697,1.0,10.580119395060027,0.9419949046395019,1.058165464469394,0.993326552494445,0.9864671149722386,10.580119395060027
0.1115,0.017471233831542428,1.0,10.585298158573263,0.9426887414822746,1.0572037534458396,0.993314185395484,0.9869109223668304,10.585298158573263
0.112,0.017458506558815153,1.0,10.590394483050426,0.9433742720326017,1.0562421546424292,0.9933015997950335,0.9873472801647083,10.590394483050426
0.1125,0.01744577928608788,1.0,10.595408396506713,0.9440515946970586,1.0552806679406195,0.9932887972004013,0.9877761910081558,10.595408396506713
0.113,0.01743305201336061,1.0,10.600339928031557,0.9447208078822207,1.0543192932218661,0.9932757791055715,0.9881976575355077,10.600339928031557
0.1135,0.017420324740633333,1.0,10.605189107785446,0.9453820099946634,1.053358030367626,0.9932625469920161,0.98861168238115,10.605189107785446
0.114,0.01740759746790606,1.0,10.6099559669975,0.946035299440962,1.0523968792593548,0.9932491023294967,0.9890182681755224,10.6099559669975
0.1145,0.01739487019517879,1.0,10.614640537960428,0.946680774627692,1.0514358397785086,0.9932354465768519,0.9894174175451184,10.614640537960428
0.115,0.017382142922451518,1.0,10.619242854027744,0.9473185339614287,1.0504749118065442,0.9932215811827747,0.9898091331124863,10.619242854027744
0.1155,0.017369415649724246,1.0,10.623762966126405,0.9479486150051947,1.0495140952028101,0.9932075062001691,0.9901934175049882,10.623762966126405
0.116,0.01735668837699697,1.0,10.628200946756218,0.9485711583214425,1.048553389799214,0.9931932240138068,0.9905702733560223,10.628200946756218
0.1165,0.0173439611042697,1.0,10.63255682115854,0.9491862912359977,1.0475927954923405,0.9931787367054755,0.990939703268897,10.63255682115854
0.117,0.017331233831542427,1.0,10.63683061422253,0.9497940934556977,1.0466323121806316,0.9931640452644175,0.9913017098427525,10.63683061422253
0.11750000000000001,0.01731850655881515,1.0,10.64102235186953,0.9503946446873792,1.0456719397625291,0.9931491506708893,0.9916562956733116,10.64102235186953
0.11800000000000001,0.01730577928608788,1.0,10.645132061051354,0.9509880246378796,1.044711678136475,0.9931340538967295,0.992003463352881,10.645132061051354
0.11850000000000001,0.017293052013360607,1.0,10.649159769745513,0.9515743130140357,1.043751527200911,0.9931187559059157,0.9923432154703518,10.649159769745513
0.11900000000000001,0.017280324740633336,1.0,10.653105506953487,0.9521535895226848,1.0427914868542794,0.993103257655117,0.9926755546112002,10.653105506953487
0.11950000000000001,0.017267597467906064,1.0,10.656969302696936,0.9527259338706638,1.041831556995022,0.9930875600942393,0.9930004833574889,10.656969302696936
0.12,0.01725487019517879,1.0,10.660751188015787,0.9532914257648101,1.0408717375215808,0.9930716641669648,0.993318004287868,10.660751188015787
0.1205,0.017242142922451516,1.0,10.66445119496464,0.9538501449119604,1.0399120283323977,0.993055570811285,0.9936281199775755,10.66445119496464
0.121,0.017229415649724245,1.0,10.668069356609793,0.954402171018952,1.0389524293259145,0.9930392809600289,0.9939308329984385,10.668069356609793
0.1215,0.017216688376996973,1.0,10.67160570702623,0.954947583792622,1.0379929404005734,0.9930227955413848,0.9942261459188739,10.67160570702623
0.122,0.0172039611042697,1.0,10.675060281295046,0.9554864629398073,1.0370335614548163,0.9930061154794164,0.9945140613038894,10.675060281295046
0.1225,0.017191233831542425,1.0,10.678433115500056,0.9560188881673453,1.0360742923870851,0.9929892416945745,0.9947945817150844,10.678433115500056
0.123,0.017178506558815154,1.0,10.681724246726006,0.9565449391820727,1.0351151330958217,0.9929721751042028,0.995067709710651,10.681724246726006
0.1235,0.01716577928608788,1.0,10.684933713053901,0.9570646956908269,1.034156083479468,0.9929549166230398,0.9953334478453745,10.684933713053901
0.124,0.017153052013360606,1.0,10.68806155355895,0.9575782374004448,1.0331971434364662,0.992937467163714,0.9955917986706347,10.68806155355895
0.1245,0.017140324740633334,1.0,10.691107808308134,0.9580856440177635,1.0322383128652581,0.9929198276372371,0.9958427647344069,10.691107808308134
0.125,0.017127597467906062,1.0,10.6940725210155,0.9585869550489994,1.0312795916607385,0.992901998007512,0.9960863485821498,10.6940725210155
0.1255,0.01711487019517879,1.0,10.696955747203116,0.9590822581046801,1.0303209797033668,0.9928839793638679,0.996322552759312,10.696955747203116
0.126,0.01710214292245152,1.0,10.699757513883311,0.9595716662255852,1.0293624769129481,0.992865773398777,0.9965513797981463,10.699757513883311
0.1265,0.017089415649724243,1.0,10.702477843539372,0.9600552427354017,1.0284040832166226,0.9928473806346761,0.9967728322264927,10.702477843539372
0.127,0.01707668837699697,1.0,10.705116759621854,0.9605330509578167,1.0274457985415293,0.9928288015915664,0.9969869125696712,10.705116759621854
0.1275,0.0170639611042697,1.0,10.707674286544124,0.9610051542165176,1.0264876228148079,0.9928100367873655,0.9971936233504819,10.707674286544124
0.128,0.017051233831542424,1.0,10.71015044968226,0.9614716158351911,1.0255295559635975,0.9927910867382567,0.9973929670892062,10.71015044968226
0.1285,0.017038506558815152,1.0,10.712545275371863,0.9619324991375245,1.024571597915038,0.9927719519590386,0.9975849463036068,10.712545275371863
0.129,0.01702577928608788,1.0,10.714858790906575,0.9623878674472051,1.0236137485962684,0.9927526329634682,0.997769563508929,10.714858790906575
0.1295,0.01701305201336061,1.0,10.717091024535318,0.9628377840879196,1.0226560079344282,0.9927331302646054,0.9979468212179005,10.717091024535318
0.13,0.017000324740633337,1.0,10.719242005460584,0.9632823123833555,1.0216983758566571,0.9927134443751532,0.998116721940733,10.719242005460584
0.1305,0.01698759746790606,1.0,10.721311763836479,0.9637215156571998,1.0207408522900945,0.9926935758077977,0.9982792681851219,10.721311763836479
0.131,0.01697487019517879,1.0,10.723300330766921,0.9641554572331393,1.0197834371618797,0.9926735250755448,0.9984344624562478,10.723300330766921
0.1315,0.016962142922451517,1.0,10.725207738302693,0.9645842004348616,1.0188261303991522,0.9926532926920549,0.9985823072567764,10.725207738302693
0.132,0.016949415649724246,1.0,10.727034019440048,0.9650078085860535,1.0178689319290513,0.9926328791719765,0.9987228050868597,10.727034019440048
0.1325,0.01693668837699697,1.0,10.728779208118242,0.9654263450104023,1.0169118416787164,0.9926122850312787,0.9988559584441361,10.728779208118242
0.133,0.0169239611042697,1.0,10.730443339217965,0.9658398730315949,1.0159548595752874,0.99259151078758,0.9989817698237314,10.730443339217965
0.1335,0.016911233831542426,1.0,10.732026448558958,0.9662484559733185,1.0149979855459033,0.9925705569604775,0.9991002417182595,10.732026448558958
0.134,0.016898506558815155,1.0,10.733528572897567,0.9666521571592602,1.0140412195177035,0.9925494240718732,0.9992113766178227,10.733528572897567
0.1345,0.01688577928608788,1.0,10.73494813744366,0.9670510156489337,1.0130845635649908,0.9925281121206841,0.9993151767852548,10.73494813744366
0.135,0.016873052013360607,1.0,10.736285484165313,0.9674450847123469,1.012128017210599,0.9925066213700896,0.9994116447941577,10.736285484165313
0.1355,0.016860324740633335,1.0,10.737543929650332,0.967834464394756,1.011171576018252,0.992484953107891,0.9995007835570736,10.737543929650332
0.136,0.016847597467906063,1.0,10.738723133039183,0.968219205004133,1.0102152404232676,0.9924631075629237,0.9995825954523794,10.738723133039183
0.1365,0.016834870195178788,1.0,10.739822754277425,0.9685993568484504,1.0092590108609627,0.9924410849649059,0.9996570828715063,10.739822754277425
0.137,0.016822142922451516,1.0,10.740842454127426,0.9689749702356804,1.0083028877666549,0.9924188855446772,0.9997242482189374,10.740842454127426
0.1375,0.016809415649724244,1.0,10.74178189417953,0.9693460954737951,1.0073468715756617,0.9923965095344379,0.9997840939122029,10.74178189417953
0.138,0.016796688376996972,1.0,10.742640736865832,0.969712782870767,1.0063909627233003,0.992373957167986,0.9998366223818775,10.742640736865832
0.1385,0.016783961104269697,1.0,10.743418645471046,0.9700750827345682,1.0054351616448882,0.9923512286809554,0.9998818360715758,10.743418645471046
0.139,0.016771233831542425,1.0,10.744115284145689,0.970433045373171,1.004479468775743,0.9923283243110524,0.9999197374379486,10.744115284145689
0.1395,0.016758506558815153,1.0,10.744730317918332,0.9707867210945477,1.0035238845511818,0.9923052442982926,0.9999503289506798,10.744730317918332
0.14,0.01674577928608788,1.0,10.745263412707414,0.9711361602066706,1.0025684094065221,0.9922819888852359,0.999973613092482,10.745263412707414
0.1405,0.01673305201336061,1.0,10.74571423533398,0.9714814130175118,1.0016130437770816,0.9922585583172236,0.9999895923590929,10.74571423533398
0.14100000000000001,0.016720324740633334,1.0,10.74608245353486,0.9718225298350438,1.000657788098177,0.9922349528426128,0.9999982692592716,10.74608245353486
0.14150000000000001,0.016707597467906062,1.0,10.746367735974257,0.9721595609672387,0.9997026428051264,0.992211172713011,0.9999996463147947,10.746367735974257
0.14200000000000002,0.01669487019517879,1.0,10.746569752256711,0.9724925567220688,0.9987476083332469,0.9921872181835113,0.9999937260604522,10.746569752256711
0.14250000000000002,0.016682142922451515,1.0,10.74668817293957,0.9728215674075064,0.997792685117856,0.9921630895129268,0.9999805110440443,10.74668817293957
0.14300000000000002,0.016669415649724243,1.0,10.746722669546749,0.9731466433315237,0.9968378735942709,0.9921387869640239,0.9999600038263767,10.746722669546749
0.14350000000000002,0.01665668837699697,1.0,10.74667291457944,0.9734678348020931,0.9958831741978093,0.9921143108037564,0.9999322069812576,10.74667291457944
0.14400000000000002,0.0166439611042697,1.0,10.746539463969118,0.9737851791270923,0.994928586189377,0.9920896609277696,0.9998971230478457,10.746539463969118
0.1445,0.016631233831542427,1.0,10.746318865268165,0.9740987051382262,0.9939741141658575,0.9920648371972304,0.9998547547996556,10.746318865268165
0.145,0.016618506558815152,1.0,10.74600497085907,0.974408500784606,0.9930197663127093,0.9920398411312987,0.9998051053506832,10.74600497085907
0.1455,0.01660577928608788,1.0,10.74559754778929,0.9747146060337728,0.9920655429454169,0.9920146727470174,0.9997481775649959,10.74559754778929
0.146,0.016593052013360608,1.0,10.745096364342725,0.975017060853268,0.991111444379465,0.9919893320637373,0.9996839743159226,10.745096364342725
0.1465,0.016580324740633336,1.0,10.744501190051123,0.9753159052106327,0.990157470930338,0.9919638191032868,0.9996124984860514,10.744501190051123
0.147,0.016567597467906064,1.0,10.74381179570375,0.9756111790734081,0.9892036229135205,0.991938133890141,0.9995337529672261,10.74381179570375
0.1475,0.01655487019517879,1.0,10.743027953358055,0.9759029224091356,0.9882499006444971,0.9919122764515916,0.9994477406605432,10.743027953358055
0.148,0.016542142922451517,1.0,10.742149436350688,0.976191175185356,0.9872963044387525,0.9918862468179162,0.9993544644763486,10.742149436350688
0.1485,0.016529415649724245,1.0,10.741176019306636,0.9764759773696108,0.986342834611771,0.9918600450225484,0.9992539273342342,10.741176019306636
0.149,0.01651668837699697,1.0,10.74010747815058,0.9767573689294411,0.9853894914790372,0.9918336711022485,0.9991461321630355,10.74010747815058
0.1495,0.016503961104269698,1.0,10.738943590117483,0.977035389832388,0.9844362753560358,0.9918071250972725,0.9990310819008275,10.738943590117483
0.15,0.016491233831542426,1.0,10.737684133762395,0.977310080045993,0.9834831865582513,0.9917804070515445,0.9989087794949219,10.737684133762395
0.1505,0.016478506558815154,1.0,10.736328888971604,0.977581479537797,0.9825302254011682,0.991753517012826,0.998779227901864,10.736328888971604
0.151,0.016465779286087882,1.0,10.734877636972994,0.9778496282753412,0.9815773922002711,0.9917264550328881,0.9986424300874295,10.734877636972994
0.1515,0.016453052013360607,1.0,10.733330160346242,0.978114566226167,0.9806246872710446,0.9916992211676827,0.9984983890266207,10.733330160346242
0.152,0.016440324740633335,1.0,10.731686243034709,0.9783763333578155,0.9796721109289732,0.9916718154775134,0.9983471077036641,10.731686243034709
0.1525,0.016427597467906063,1.0,10.729945670354327,0.9786349696378278,0.9787196634895415,0.9916442380272086,0.9981885891120066,10.729945670354327
0.153,0.01641487019517879,1.0,10.72810822900573,0.9788905150337454,0.9777673452682341,0.9916164888862924,0.9980228362543123,10.72810822900573
0.1535,0.016402142922451516,1.0,10.726173733494381,0.9791430027279693,0.976815156545353,0.9915885679429024,0.997849852135934,10.726173733494381
0.154,0.016389415649724244,1.0,10.724142525852082,0.979392436384941,0.9758630969002584,0.9915604742550559,0.9976696396350148,10.724142525852082
0.1545,0.016376688376996972,1.0,10.722014662573482,0.9796389062833146,0.9749111662943508,0.9915322092631546,0.9974822016931612,10.722014662573482
0.155,0.0163639611042697,1.0,10.719790163875187,0.9798824437554412,0.9739593647391065,0.9915037728097496,0.9972875412608364,10.719790163875187
0.1555,0.016351233831542425,1.0,10.71746905128902,0.9801230801336713,0.9730076922460019,0.9914751647398878,0.9970856612884538,10.71746905128902
0.156,0.016338506558815153,1.0,10.715051347663897,0.9803608467503561,0.9720561488265137,0.9914463849012314,0.9968765647263762,10.715051347663897
0.1565,0.01632577928608788,1.0,10.712537077164733,0.9805957749378462,0.9711047344921181,0.9914174331441798,0.996660254524916,10.712537077164733
0.157,0.01631305201336061,1.0,10.709926265274014,0.9808278960284926,0.9701534492542915,0.991388309321994,0.9964367336343354,10.709926265274014
0.1575,0.016300324740633337,1.0,10.7072189387912,0.9810572413546462,0.9692022931245105,0.9913590132909161,0.9962060050048457,10.7072189387912
0.158,0.016287597467906062,1.0,10.70441512583391,0.9812838422486577,0.9682512661142515,0.9913295449102955,0.9959680715866077,10.70441512583391
0.1585,0.01627487019517879,1.0,10.7015148558382,0.9815077300428782,0.9673003682349909,0.9912999040427104,0.9957229363297312,10.7015148558382
0.159,0.016262142922451518,1.0,10.698518159558567,0.9817289360696583,0.9663495994982051,0.9912700905540925,0.9954706021842752,10.698518159558567
0.1595,0.016249415649724243,1.0,10.695425069068143,0.981947491661349,0.9653989599153705,0.9912401043138522,0.9952110721002474,10.695425069068143
0.16,0.01623668837699697,1.0,10.692235617760351,0.9821634281503011,0.9644484494979637,0.9912099451950027,0.9949443490276046,10.692235617760351
0.1605,0.0162239611042697,1.0,10.688949840347544,0.9823767768688656,0.9634980682574611,0.9911796130742863,0.9946704359162521,10.688949840347544
0.161,0.016211233831542427,1.0,10.685567772862848,0.9825875691493933,0.962547816205339,0.9911491078322996,0.9943893357160437,10.685567772862848
0.1615,0.016198506558815155,1.0,10.682089452659683,0.9827958363242348,0.961597693353074,0.9911184293536205,0.9941010513767818,10.682089452659683
0.162,0.01618577928608788,1.0,10.678514918412246,0.9830016097257415,0.9606476997121424,0.9910875775269352,0.9938055858482171,10.678514918412246
0.1625,0.016173052013360608,1.0,10.674844210116873,0.9832049206862638,0.9596978352940206,0.9910565522451658,0.9935029420800484,10.674844210116873
0.163,0.016160324740633336,1.0,10.671077369090874,0.9834058005381526,0.9587481001101853,0.991025353405597,0.9931931230219229,10.671077369090874
0.1635,0.01614759746790606,1.0,10.667214437973799,0.983604280613759,0.9577984941721127,0.9909939809100061,0.9928761316234351,10.667214437973799
0.164,0.01613487019517879,1.0,10.663255438475728,0.9838003840046753,0.95684901752101,0.990962434425882,0.9925519708443916,10.663255438475728
0.1645,0.016122142922451517,1.0,10.659200300887601,0.9839940901339511,0.9558996703220387,0.9909307123508535,0.9922206436891805,10.659200300887601
0.165,0.016109415649724245,1.0,10.655049289726884,0.9841855023382109,0.9549504522955314,0.9908988166836395,0.9918821530064913,10.655049289726884
0.1655,0.016096688376996973,1.0,10.650802436397537,0.9843746441839353,0.9540013634749988,0.9908667471209482,0.9915365017513633,10.650802436397537
0.166,0.016083961104269698,1.0,10.646459773638762,0.9845615392376053,0.9530524038939511,0.9908345033616606,0.9911836928794532,10.646459773638762
0.1665,0.016071233831542426,1.0,10.642021335526907,0.9847462110657017,0.9521035735858986,0.9908020851069159,0.9908237293470342,10.642021335526907
0.167,0.016058506558815154,1.0,10.637487157475068,0.9849286832347053,0.9511548725843518,0.9907694920601999,0.9904566141109964,10.637487157475068
0.1675,0.01604577928608788,1.0,10.632857276235274,0.9851089793110971,0.9502063009228213,0.9907367239274314,0.9900823501288455,10.632857276235274
0.168,0.016033052013360607,1.0,10.628131729900135,0.9852871228613578,0.9492578586348172,0.9907037804170511,0.9897009403587032,10.628131729900135
0.1685,0.016020324740633335,1.0,10.623310557902405,0.9854631374519682,0.9483095457538501,0.9906706612401097,0.9893123877593067,10.623310557902405
0.169,0.016007597467906063,1.0,10.618393801017396,0.9856370466494094,0.9473613623134303,0.9906373661103579,0.9889166952900081,10.618393801017396
0.1695,0.01599487019517879,1.0,10.613381501363726,0.985808874020162,0.9464133083470682,0.990603894744335,0.9885138659107744,10.613381501363726
0.17,0.015982142922451516,1.0,10.60827370240426,0.985978643130707,0.9454653838882742,0.9905702468614592,0.9881039025821867,10.60827370240426
0.1705,0.015969415649724244,1.0,10.603070448947939,0.9861463775475253,0.9445175889705587,0.990536422184119,0.9876868082654405,10.603070448947939
0.171,0.015956688376996972,1.0,10.597771787149938,0.9863121008370976,0.9435699236274322,0.9905024204377637,0.9872625859223446,10.597771787149938
0.1715,0.015943961104269697,1.0,10.592377764513206,0.9864758365659048,0.9426223878924049,0.9904682413509954,0.9868312385153214,10.592377764513206
0.17200000000000001,0.015931233831542425,1.0,10.586888429890468,0.9866376083004278,0.9416749817989875,0.9904338846556613,0.9863927690074062,10.586888429890468
0.17250000000000001,0.015918506558815153,1.0,10.58130383348373,0.9867974396071474,0.9407277053806902,0.9903993500869461,0.9859471803622469,10.58130383348373
0.17300000000000001,0.01590577928608788,1.0,10.575624026846766,0.9869553540525444,0.9397805586710233,0.9903646373834653,0.9854944755441037,10.575624026846766
0.17350000000000002,0.01589305201336061,1.0,10.569849062885588,0.9871113752030998,0.9388335417034974,0.990329746287359,0.9850346575178488,10.569849062885588
0.17400000000000002,0.015880324740633334,1.0,10.563978995859685,0.9872655266252943,0.9378866545116228,0.9902946765443874,0.984567729248966,10.563978995859685
0.17450000000000002,0.015867597467906062,1.0,10.55801388138374,0.9874178318856088,0.9369398971289099,0.9902594279040229,0.9840936937035502,10.55801388138374
0.17500000000000002,0.01585487019517879,1.0,10.551953776427817,0.9875683145505243,0.9359932695888692,0.9902240001195483,0.9836125538483073,10.551953776427817
0.17550000000000002,0.015842142922451518,1.0,10.545798739319162,0.9877169981865214,0.935046771925011,0.9901883929481515,0.9831243126505538,10.545798739319162
0.176,0.015829415649724246,1.0,10.539548829743174,0.9878639063600811,0.9341004041708457,0.9901526061510214,0.9826289730782164,10.539548829743174
0.1765,0.01581668837699697,1.0,10.53320410874424,0.9880090626376843,0.9331541663598837,0.9901166394934454,0.9821265380998315,10.53320410874424
0.177,0.0158039611042697,1.0,10.526764513778557,0.9881524610431952,0.9322080586936536,0.9900804918124984,0.9816170107756675,10.526764513778557
0.1775,0.015791233831542427,1.0,10.520230140946154,0.9882941348223494,0.9312620811623302,0.9900441631792838,0.9811003940554637,10.520230140946154
0.178,0.01577850655881515,1.0,10.513601141094318,0.9884341296978669,0.9303162336842078,0.9900076540699785,0.9805766908481842,10.513601141094318
0.1785,0.015765779286087883,1.0,10.506877547980752,0.9885724629942649,0.9293705163368711,0.9899709640692312,0.9800459041499192,10.506877547980752
0.179,0.015753052013360608,1.0,10.50005939676971,0.9887091520360605,0.9284249291979052,0.9899340927635099,0.9795080369587005,10.50005939676971
0.1795,0.015740324740633336,1.0,10.493146724037066,0.9888442141477709,0.927479472344895,0.9898970397411635,0.9789630922745006,10.493146724037066
0.18,0.015727597467906064,1.0,10.486139567771122,0.9889776666539133,0.9265341458554255,0.989859804592488,0.9784110730992324,10.486139567771122
0.1805,0.01571487019517879,1.0,10.479037967375568,0.9891095268790047,0.9255889498070816,0.9898223869097895,0.977851982436748,10.479037967375568
0.181,0.015702142922451517,1.0,10.471841963673189,0.9892398121475624,0.9246438842774483,0.9897847862874504,0.9772858232928375,10.471841963673189
0.1815,0.015689415649724245,1.0,10.464551598907093,0.9893685397841034,0.9236989493441105,0.9897470023219943,0.9767125986752295,10.464551598907093
0.182,0.015676688376996973,1.0,10.457166916744313,0.9894957271131452,0.922754145084653,0.9897090346121519,0.9761323115935887,10.457166916744313
0.1825,0.0156639611042697,1.0,10.449687962278206,0.9896213914592045,0.921809471576661,0.9896708827589281,0.975544965059516,10.449687962278206
0.183,0.015651233831542426,1.0,10.442114782030808,0.9897455501467987,0.9208649288977193,0.9896325463656688,0.974950562086548,10.442114782030808
0.1835,0.015638506558815154,1.0,10.434447423956378,0.989868220500445,0.9199205171254129,0.9895940250381272,0.9743491056901549,10.434447423956378
0.184,0.015625779286087882,1.0,10.426685937443088,0.9899894198446604,0.9189762363373267,0.9895553183845337,0.9737405988877411,10.426685937443088
0.1845,0.015613052013360608,1.0,10.418830373315908,0.9901091655039621,0.9180320866110456,0.9895164260156624,0.9731250446986435,10.418830373315908
0.185,0.015600324740633335,1.0,10.410880783839831,0.9902274748028674,0.9170880680241547,0.9894773475449007,0.9725024461441312,10.410880783839831
0.1855,0.015587597467906063,1.0,10.402837222722171,0.9903443650658933,0.9161441806542387,0.9894380825883184,0.9718728062474042,10.402837222722171
0.186,0.015574870195178791,1.0,10.39469974511485,0.9904598536175571,0.9152004245788828,0.9893986307647381,0.971236128033593,10.39469974511485
0.1865,0.015562142922451517,1.0,10.38646840761784,0.9905739577823757,0.9142567998756719,0.9893589916958044,0.9705924145297576,10.38646840761784
0.187,0.015549415649724244,1.0,10.378143268281173,0.9906866948848665,0.9133133066221908,0.9893191650060549,0.9699416687648867,10.378143268281173
0.1875,0.015536688376996972,1.0,10.36972438660828,0.9907980822495465,0.9123699448960244,0.9892791503229922,0.9692838937698968,10.36972438660828
0.188,0.0155239611042697,1.0,10.361211823557914,0.990908137200933,0.9114267147747579,0.9892389472771544,0.9686190925776317,10.361211823557914
0.1885,0.015511233831542426,1.0,10.352605641547404,0.991016877063543,0.910483616335976,0.9891985555021877,0.967947268222861,10.352605641547404
0.189,0.015498506558815153,1.0,10.34390590445495,0.9911243191618937,0.9095406496572638,0.9891579746349193,0.9672684237422804,10.34390590445495
0.1895,0.01548577928608788,1.0,10.33511267762279,0.9912304808205024,0.9085978148162062,0.9891172043154294,0.9665825621745099,10.33511267762279
0.19,0.015473052013360609,1.0,10.32622579345117,0.9913353415514302,0.907655112208641,0.9890762428833685,0.9658896867952053,10.32622579345117
0.1905,0.015460324740633335,1.0,10.31724555667568,0.9914389592699273,0.9067125415913931,0.9890350913770011,0.9651898004146497,10.31724555667568
0.191,0.015447597467906062,1.0,10.308172011225942,0.9915413482376702,0.9057701030771348,0.9889937493416734,0.9644829061036247,10.308172011225942
0.1915,0.01543487019517879,1.0,10.299005193304492,0.9916425211904971,0.9048277967911098,0.9889522162715575,0.9637690069454629,10.299005193304492
0.192,0.015422142922451518,1.0,10.289745140654704,0.9917424908642468,0.9038856228585621,0.9889104916621348,0.9630481060268538,10.289745140654704
0.1925,0.015409415649724244,1.0,10.28039189256524,0.9918412699947576,0.9029435814047354,0.988868575010242,0.9623202064378431,10.28039189256524
0.193,0.01539668837699697,1.0,10.270945489874777,0.9919388713178683,0.9020016725548734,0.9888264658141211,0.961585311271831,10.270945489874777
0.1935,0.015383961104269699,1.0,10.26140597497562,0.9920353075694173,0.9010598964342201,0.9887841635734687,0.960843423625571,10.26140597497562
0.194,0.015371233831542427,1.0,10.251773391818439,0.992130591485243,0.9001182531680193,0.988741667789484,0.9600945465991685,10.251773391818439
0.1945,0.015358506558815153,1.0,10.242047785916727,0.992224735801184,0.8991767428815147,0.9886989779649203,0.9593386832960792,10.242047785916727
0.195,0.01534577928608788,1.0,10.23222920435119,0.9923177532530788,0.8982353656999502,0.9886560936041343,0.9585758368231085,10.23222920435119
0.1955,0.015333052013360608,1.0,10.222317695774109,0.9924096565767659,0.8972941217485695,0.9886130142131365,0.9578060102904093,10.222317695774109
0.196,0.015320324740633336,1.0,10.21231331041306,0.9925004585080841,0.8963530111526166,0.9885697392996428,0.9570292068114815,10.21231331041306
0.1965,0.015307597467906062,1.0,10.202216100076537,0.9925901717828716,0.895412034037335,0.9885262683731255,0.9562454295031697,10.202216100076537
0.197,0.01529487019517879,1.0,10.192026118157488,0.9926788091369669,0.8944711905279688,0.9884826009448652,0.9554546814856629,10.192026118157488
0.1975,0.015282142922451517,1.0,10.181743419637316,0.9927663833062088,0.8935304807497617,0.9884387365280033,0.9546569658824926,10.181743419637316
0.198,0.015269415649724245,1.0,10.171368061091911,0.9928529070264356,0.8925899048279575,0.9883946746375937,0.9538522858205312,10.171368061091911
0.1985,0.015256688376996973,1.0,10.16090010069423,0.9929383930334859,0.8916494628878,0.9883504147906569,0.953040644429991,10.16090010069423
0.199,0.015243961104269699,1.0,10.15033959821947,0.9930228540631982,0.8907091550545331,0.9883059565062325,0.9522220448444236,10.15033959821947
0.1995,0.015231233831542425,1.0,10.13968661504986,0.9931063028514111,0.8897689814534004,0.9882612993054335,0.9513964902007169,10.13968661504986
0.2,0.015218506558815154,1.0,10.128941214178592,0.993188752133963,0.888828942209646,0.9882164427114998,0.9505639836390951,10.128941214178592
0.2005,0.015205779286087882,1.0,10.118103460214158,0.9932702146466924,0.8878890374485136,0.9881713862498539,0.9497245283031168,10.118103460214158
0.201,0.015193052013360608,1.0,10.107173419384946,0.993350703125438,0.8869492672952468,0.9881261294481544,0.9488781273396738,10.107173419384946
0.2015,0.015180324740633334,1.0,10.09615115954396,0.9934302303060383,0.8860096318750896,0.9880806718363527,0.9480247838989897,10.09615115954396
0.202,0.015167597467906063,1.0,10.085036750172685,0.9935088089243316,0.8850701313132859,0.9880350129467481,0.9471645011346187,10.085036750172685
0.2025,0.01515487019517879,1.0,10.07383006176406,0.9935864291948492,0.8841307660108522,0.9879891514676289,0.9462972824590724,10.07383006176406
0.203,0.015142142922451517,1.0,10.062531123034496,0.9936630987512918,0.8831915361540617,0.9879430867342003,0.9454231310958084,10.062531123034496
0.20350000000000001,0.015129415649724243,1.0,10.051140310028797,0.993738865047477,0.8822524414536218,0.9878968195895542,0.944542049825469,10.051140310028797
0.20400000000000001,0.015116688376996971,1.0,10.039657654770721,0.9938137370274486,0.8813134820952606,0.987850349435493,0.9436540418705919,10.039657654770721
0.20450000000000002,0.0151039611042697,1.0,10.028083191034472,0.9938877236352508,0.8803746582647064,0.9878036756743468,0.9427591104588569,10.028083191034472
0.20500000000000002,0.015091233831542426,1.0,10.016416954351792,0.9939608338149274,0.8794359701476869,0.9877567977090075,0.9418572588230822,10.016416954351792
0.20550000000000002,0.015078506558815152,1.0,10.00465898201799,0.9940330765105225,0.8784974179299304,0.9877097149429644,0.9409484902012241,10.00465898201799
0.20600000000000002,0.01506577928608788,1.0,9.992809313099343,0.9941044606660802,0.8775590017971648,0.9876624267803387,0.9400328078363732,9.992809313099343
0.20650000000000002,0.015053052013360609,1.0,9.980867988438769,0.9941749952256441,0.8766207219351183,0.9876149326259189,0.9391102149767544,9.980867988438769
0.20700000000000002,0.015040324740633335,1.0,9.968835050662864,0.9942446891332586,0.8756825785295189,0.9875672318851966,0.9381807148757231,9.968835050662864
0.20750000000000002,0.015027597467906061,1.0,9.956710544189301,0.9943135513329674,0.8747445717660945,0.9875193239644026,0.9372443107917638,9.956710544189301
0.20800000000000002,0.01501487019517879,1.0,9.944494515232263,0.9943815907688146,0.8738067018305734,0.9874712082705439,0.9363010059884888,9.944494515232263
0.2085,0.015002142922451518,1.0,9.93218701180988,0.9944488163848443,0.8728689689086835,0.9874228842114389,0.9353508037346349,9.93218701180988
0.209,0.014989415649724246,1.0,9.919788083750706,0.9945152371251003,0.8719313731861529,0.9873743511957558,0.9343937073040622,9.919788083750706
0.2095,0.014976688376996972,1.0,9.907297782700136,0.9945808619336265,0.8709939148487096,0.9873256086330487,0.933429719975752,9.907297782700136
0.21,0.014963961104269698,1.0,9.894716162128043,0.9946456997544671,0.8700565940820816,0.987276655933796,0.9324588450338044,9.894716162128043
0.2105,0.014951233831542426,1.0,9.882043277334166,0.9947097595316661,0.8691194110719971,0.9872274925094385,0.9314810857674365,9.882043277334166
0.211,0.014938506558815155,1.0,9.86927918545586,0.9947730502092673,0.8681823660041841,0.987178117772416,0.9304964454709804,9.86927918545586
0.2115,0.014925779286087881,1.0,9.856423945474164,0.9948355807313148,0.8672454590643707,0.9871285311362086,0.9295049274438812,9.856423945474164
0.212,0.014913052013360607,1.0,9.843477618221106,0.9948973600418527,0.8663086904382848,0.9870787320153727,0.9285065349906946,9.843477618221106
0.2125,0.014900324740633335,1.0,9.830440266386155,0.9949583970849247,0.8653720603116546,0.9870287198255815,0.927501271421085,9.830440266386155
0.213,0.014887597467906064,1.0,9.817311954522692,0.995018700804575,0.8644355688702081,0.9869784939836649,0.9264891400498236,9.817311954522692
0.2135,0.01487487019517879,1.0,9.80409274905525,0.9950782801448474,0.8634992162996733,0.9869280539076485,0.9254701441967865,9.80409274905525
0.214,0.014862142922451516,1.0,9.790782718285998,0.995137144049786,0.8625630027857784,0.9868773990167938,0.9244442871869522,9.790782718285998
0.2145,0.014849415649724244,1.0,9.777381932401795,0.9951953014634349,0.8616269285142513,0.9868265287316396,0.9234115723503995,9.777381932401795
0.215,0.014836688376996972,1.0,9.763890463480804,0.995252761329838,0.86069099367082,0.9867754424740409,0.9223720030223059,9.763890463480804
0.2155,0.014823961104269699,1.0,9.750308385498814,0.9953095325930391,0.8597551984412128,0.9867241396672116,0.9213255825429456,9.750308385498814
0.216,0.014811233831542425,1.0,9.736635774337078,0.9953656241970824,0.8588195430111576,0.9866726197357653,0.9202723142576865,9.736635774337078
0.2165,0.014798506558815153,1.0,9.722872707788374,0.9954210450860118,0.8578840275663825,0.9866208821057567,0.919212201516989,9.722872707788374
0.217,0.014785779286087881,1.0,9.709019265563942,0.9954758042038714,0.8569486522926155,0.9865689262047248,0.9181452476764039,9.709019265563942
0.2175,0.014773052013360608,1.0,9.695075529300484,0.995529910494705,0.8560134173755847,0.9865167514617333,0.9170714560965697,9.695075529300484
0.218,0.014760324740633334,1.0,9.681041582566923,0.9955833729025566,0.855078323001018,0.9864643573074156,0.9159908301432109,9.681041582566923
0.2185,0.014747597467906062,1.0,9.666917344704993,0.9956361901802795,0.8541433695878117,0.9864117427486747,0.9149033734592092,9.666917344704993
0.219,0.01473487019517879,1.0,9.652702625884213,0.9956883550052573,0.8532085577115864,0.9863589065341597,0.9138090898835494,9.652702625884213
0.2195,0.014722142922451519,1.0,9.63839797501315,0.9957399054287654,0.8522738869137243,0.9863058493121918,0.9127079820496835,9.63839797501315
0.22,0.014709415649724245,1.0,9.624003426245753,0.9957908475263477,0.8513393574603793,0.9862525704011262,0.9116000534388284,9.624003426245753
0.2205,0.014696688376996971,1.0,9.609519015874474,0.995841187373548,0.8504049696177056,0.9861990691192958,0.9104853075396817,9.609519015874474
0.221,0.0146839611042697,1.0,9.594944782339967,0.9958909310459101,0.8494707236518574,0.9861453447850371,0.909363747848418,9.594944782339967
0.2215,0.014671233831542427,1.0,9.580280766240827,0.9959400846189778,0.8485366198289888,0.9860913967167163,0.9082353778686869,9.580280766240827
0.222,0.014658506558815154,1.0,9.565527010343601,0.9959886541682951,0.847602658415254,0.986037224232755,0.9071002011116089,9.565527010343601
0.2225,0.01464577928608788,1.0,9.5506835595932,0.9960366457694058,0.846668839676807,0.985982826651656,0.9059582210957731,9.5506835595932
0.223,0.014633052013360608,1.0,9.535750461122396,0.9960840654978537,0.845735163879802,0.9859282032920317,0.9048094413472337,9.535750461122396
0.2235,0.014620324740633336,1.0,9.520727764261633,0.9961309194291826,0.8448016312903931,0.985873353472629,0.9036538653995076,9.520727764261633
0.224,0.014607597467906063,1.0,9.505615520549302,0.9961772136389366,0.8438682421747346,0.9858182765123583,0.9024914967935707,9.505615520549302
0.2245,0.01459487019517879,1.0,9.490413783742216,0.9962229542026593,0.8429349967989804,0.9857629717303188,0.9013223390778549,9.490413783742216
0.225,0.014582142922451517,1.0,9.475122609824929,0.9962681471958946,0.8420018954292848,0.9857074384458281,0.9001463958082454,9.475122609824929
0.2255,0.014569415649724245,1.0,9.459742057019962,0.9963127986941865,0.8410689383318019,0.9856516759784484,0.8989636705480776,9.459742057019962
0.226,0.014556688376996972,1.0,9.4442721857978,0.9963569147730788,0.8401361257726858,0.9855956836480162,0.8977741668681338,9.4442721857978
0.2265,0.014543961104269698,1.0,9.428713058887903,0.9964005015081151,0.8392034580180906,0.9855394607746684,0.8965778883466402,9.428713058887903
0.227,0.014531233831542426,1.0,9.413064741287252,0.9964435649748395,0.8382709353341706,0.9854830066788735,0.8953748385692639,9.413064741287252
0.2275,0.014518506558815154,1.0,9.397327300271973,0.9964861112487958,0.8373385579870798,0.9854263206814584,0.8941650211291096,9.397327300271973
0.228,0.01450577928608788,1.0,9.381500805406173,0.9965281464055279,0.8364063262429724,0.9853694021036383,0.8929484396267169,9.381500805406173
0.2285,0.014493052013360607,1.0,9.365585328553328,0.9965696765205795,0.8354742403680024,0.9853122502670458,0.8917250976700566,9.365585328553328
0.229,0.014480324740633335,1.0,9.349580943885817,0.9966107076694947,0.8345423006283241,0.9852548644937609,0.8904949988745285,9.349580943885817
0.2295,0.014467597467906063,1.0,9.333487727895047,0.9966512459278171,0.8336105072900917,0.9851972441063401,0.8892581468629575,9.333487727895047
0.23,0.01445487019517879,1.0,9.317305759401757,0.9966912973710905,0.8326788606194591,0.9851393884278469,0.8880145452655903,9.317305759401757
0.2305,0.014442142922451516,1.0,9.301035119566741,0.9967308680748591,0.8317473608825805,0.9850812967818822,0.8867641977200936,9.301035119566741
0.231,0.014429415649724244,1.0,9.284675891900536,0.9967699641146665,0.8308160083456101,0.9850229684926144,0.8855071078715493,9.284675891900536
0.2315,0.014416688376996972,1.0,9.268228162273914,0.9968085915660565,0.829884803274702,0.9849644028848107,0.8842432793724527,9.268228162273914
0.232,0.014403961104269699,1.0,9.251692018927892,0.9968467565045732,0.8289537459360105,0.9849055992838679,0.8829727158827085,9.251692018927892
0.2325,0.014391233831542425,1.0,9.235067552484875,0.9968844650057602,0.8280228365956894,0.9848465570158438,0.8816954210696283,9.235067552484875
0.233,0.014378506558815153,1.0,9.218354855958083,0.9969217231451615,0.8270920755198932,0.9847872754074887,0.8804113986079267,9.218354855958083
0.2335,0.014365779286087881,1.0,9.201554024762368,0.9969585369983208,0.8261614629747757,0.984727753786277,0.8791206521797188,9.201554024762368
0.234,0.014353052013360608,1.0,9.184665156724398,0.9969949126407822,0.8252309992264912,0.9846679914804399,0.8778231854745172,9.184665156724398
0.23450000000000001,0.014340324740633334,1.0,9.167688346491381,0.9970308560198552,0.8243006845492657,0.9846079878132964,0.8765190022005735,9.167688346491381
0.23500000000000001,0.014327597467906062,1.0,9.150623564518586,0.9970663704642888,0.8233705193999817,0.9845477419932335,0.8752081063318711,9.150623564518586
0.23550000000000001,0.01431487019517879,1.0,9.13347085180992,0.9971014605906685,0.8224405041379192,0.9844872532842217,0.8738905017168149,9.13347085180992
0.23600000000000002,0.014302142922451517,1.0,9.116230274810057,0.997136131231177,0.8215106390895014,0.9844265209585097,0.8725661921670471,9.116230274810057
0.23650000000000002,0.014289415649724243,1.0,9.0989019025934,0.9971703872179963,0.8205809245811512,0.9843655442883766,0.8712351815033818,9.0989019025934
0.23700000000000002,0.014276688376996971,1.0,9.08148580687686,0.9972042333833094,0.8196513609392915,0.9843043225461582,0.8698974735558012,9.08148580687686
0.23750000000000002,0.014263961104269699,1.0,9.063982062032697,0.9972376745592986,0.8187219484903455,0.9842428550042704,0.8685530721634522,9.063982062032697
0.23800000000000002,0.014251233831542427,1.0,9.046390745101569,0.9972707155781463,0.8177926875607363,0.9841811409352369,0.8672019811746422,9.046390745101569
0.23850000000000002,0.014238506558815154,1.0,9.028711935805406,0.9973033612720349,0.8168635784768868,0.9841191796117124,0.8658442044468344,9.028711935805406
0.23900000000000002,0.01422577928608788,1.0,9.010945716560702,0.9973356164731472,0.8159346215652201,0.9840569703065094,0.8644797458466451,9.010945716560702
0.23950000000000002,0.014213052013360608,0.0,8.993085258944426,0.995257296723358,0.8150058272102771,0.9838874153658979,0.8631086241353847,8.993085258944426
0.24,0.014200324740633336,0.0,8.97424962600836,0.973283408212926,0.8140784788335675,0.9826454889958821,0.8617327518686393,8.97424962600836
0.2405,0.014187597467906063,0.0,8.953908540292463,0.9517946038604753,0.8131533541345377,0.9813098398400479,0.860353323715306,8.953908540292463
0.241,0.01417487019517879,0.0,8.932138433240482,0.9307802970070923,0.8122303491209765,0.9798736988378243,0.8589702328350785,8.932138433240482
0.2415,0.014162142922451517,0.0,8.909004373908308,0.9102300688828705,0.8113093764365946,0.9783298524007705,0.857583394317013,8.909004373908308
0.242,0.014149415649724245,0.0,8.884570114320674,0.89013342221675,0.8103903506892021,0.9766705982144823,0.856192723552945,8.884570114320674
0.2425,0.014136688376996973,0.0,8.85886289634436,0.8704803965776612,0.8094732399848439,0.974887773038119,0.8547982148725084,8.85886289634436
0.243,0.0141239611042697,0.0,8.8318893737326,0.8512613916887306,0.8085580428978837,0.9729727259653882,0.8533999082436459,8.8318893737326
0.2435,0.014111233831542426,0.0,8.80365648303198,0.832466807273085,0.8076447580026846,0.9709162644258167,0.8519978435046169,8.80365648303198
0.244,0.014098506558815154,0.0,8.774162070902076,0.8140872313221472,0.8067333976773846,0.9687086505146814,0.8505920817066881,8.774162070902076
0.2445,0.014085779286087882,0.0,8.743398262569551,0.7961132576863509,0.8058239832540449,0.9663395590888747,0.8491826980826983,8.743398262569551
0.245,0.014073052013360609,0.0,8.711328363680735,0.7785361198774534,0.8049165792534249,0.963798146875101,0.8477698357992589,8.711328363680735
0.2455,0.014060324740633335,0.0,8.677910989910187,0.7613471744144334,0.8040112580795756,0.961072983648947,0.8463536521617971,8.677910989910187
0.246,0.014047597467906063,0.0,8.643105467172482,0.74453777781627,0.8031080921365478,0.9581520187327219,0.8449343064715593,8.643105467172482
0.2465,0.014034870195178791,0.0,8.606860226486711,0.7280995456645776,0.8022071711466222,0.9550226150016423,0.8435119874167136,8.606860226486711
0.247,0.014022142922451518,0.0,8.569123175600163,0.7120240659869468,0.8013085869449761,0.9516714940303139,0.8420868895127915,8.569123175600163
0.2475,0.014009415649724244,0.0,8.529816912483106,0.6963035560841421,0.8004124706113275,0.9480848789770722,0.8406592724501032,8.529816912483106
0.248,0.013996688376996972,0.0,8.488865279301113,0.680930233913505,0.7995189532657946,0.944248390492374,0.8392293996014294,8.488865279301113
0.2485,0.0139839611042697,0.0,8.446190475204656,0.6658963863323912,0.7986281705346485,0.9401470717532958,0.8377975451911096,8.446190475204656
0.249,0.013971233831542426,0.0,8.4017120229909,0.6511943775433381,0.7977402643033533,0.9357654106158532,0.8363639972636905,8.4017120229909
0.2495,0.013958506558815153,0.0,8.355336108977331,0.6368168822729381,0.7968553990437512,0.931087447430535,0.8349290844093058,8.355336108977331
0.25,0.013945779286087881,0.0,8.30695691463192,0.6227568940630532,0.7959737602927994,0.9260968499504663,0.8334931740437597,8.30695691463192
0.2505,0.013933052013360609,0.0,8.256470836856488,0.6090074064555456,0.7950955335874552,0.9207768762362815,0.8320566385767613,8.256470836856488
0.251,0.013920324740633335,0.0,8.203771350525354,0.5955615293234836,0.7942209125365887,0.9151104818481554,0.8306198686509029,8.203771350525354
0.2515,0.013907597467906062,0.0,8.148752198632621,0.5824123863399614,0.7933500943423686,0.9090803596900248,0.8291832659667682,8.148752198632621
0.252,0.01389487019517879,0.0,8.09128957745297,0.569553537355016,0.7924833074766483,0.9026692417287803,0.8277472892966748,8.09128957745297
0.2525,0.013882142922451518,0.0,8.03125721538232,0.5569786741976709,0.7916207893612767,0.895859914132982,0.8263124182943303,8.03125721538232
0.253,0.013869415649724244,0.0,7.968532526300348,0.5446814886969492,0.7907627774181023,0.8886352839650249,0.8248791387448536,7.968532526300348
0.2535,0.01385668837699697,0.0,7.902987370875254,0.5326559218759959,0.7899095238315161,0.8809786761182815,0.8234479672931989,7.902987370875254
0.254,0.013843961104269699,0.0,7.834503235547432,0.5208956180599732,0.7890612726603292,0.8728736628832435,0.8220194132332801,7.834503235547432
0.2545,0.013831233831542427,0.0,7.762941934598781,0.5093949300687598,0.788218306034507,0.8643049121917515,0.8205940564044252,7.762941934598781
0.255,0.013818506558815153,0.0,7.688169198189929,0.4981482571991349,0.7873809084800879,0.8552580234892877,0.819172487684989,7.688169198189929
0.2555,0.01380577928608788,0.0,7.6100566282708115,0.4871499987478773,0.7865493645231098,0.8457197053870067,0.8177553048580469,7.6100566282708115
0.256,0.013793052013360608,0.0,7.528482393320503,0.4763945932897974,0.785723958263667,0.8356780266188687,0.8163431117512372,7.528482393320503
0.2565,0.013780324740633336,0.0,7.4433247941049,0.4658766399348827,0.7849049843696427,0.8251227782145555,0.8149365370039054,7.4433247941049
0.257,0.013767597467906062,0.0,7.354462578473436,0.4555907404003122,0.7840927486424278,0.8140455922042745,0.8135362352448726,7.354462578473436
0.2575,0.013754870195178789,0.0,7.261787910207473,0.44553195573198223,0.7832875481989003,0.8024406819250632,0.8121428529374242,7.261787910207473
0.258,0.013742142922451517,0.0,7.16520141528643,0.4356953469757891,0.7824896801559384,0.7903046958358764,0.8107570430453361,7.16520141528643
0.2585,0.013729415649724245,0.0,7.064612742565471,0.42607597517762913,0.7816994416304204,0.7776369489496614,0.8093794648621191,7.064612742565471
0.259,0.013716688376996971,0.0,6.9599513504670245,0.41666903419628143,0.7809171128664038,0.764439807706378,0.8080107542608317,6.9599513504670245
0.2595,0.0137039611042697,0.0,6.851133290035087,0.4074696494423474,0.7801430129463575,0.7507186870953142,0.8066516209747778,6.851133290035087
0.26,0.013691233831542426,0.0,6.738122070463672,0.3984733119354243,0.7793774001096478,0.736482782731408,0.8053026736704864,6.738122070463672
0.2605,0.013678506558815154,0.0,6.62090664533597,0.3896756578712551,0.7786205075879072,0.7217450238986788,0.8039644813574567,6.62090664533597
0.261,0.013665779286087882,0.0,6.499486704539683,0.3810723234455828,0.777872568612768,0.7065219990510929,0.8026376169012421,6.499486704539683
0.2615,0.013653052013360608,0.0,6.373875519775891,0.3726589549824757,0.7771338124341349,0.690834014329113,0.8013226497594266,6.373875519775891
0.262,0.013640324740633335,0.0,6.244125764886104,0.3644313719253366,0.7764044200032516,0.6747053560359992,0.8000200664236707,6.244125764886104
0.2625,0.013627597467906063,0.0,6.110270138273167,0.3563852940217457,0.7756846271301905,0.65816384412062,0.7987304539771133,6.110270138273167
0.263,0.013614870195178791,0.0,5.972453444576583,0.3485168656400868,0.7749744926370961,0.6412415281899502,0.7974540841442707,5.972453444576583
0.2635,0.013602142922451517,0.0,5.830829321864995,0.3408222311487439,0.7742740753461123,0.6239739098256495,0.7961912277565896,5.830829321864995
0.264,0.013589415649724244,0.0,5.685560391326477,0.3332975349161006,0.7735834340793835,0.6063996748681765,0.7949421547068605,5.685560391326477
0.2645,0.013576688376996972,0.0,5.53684747246937,0.3259390103290966,0.7729025737695867,0.5885605154321122,0.793707035998088,5.53684747246937
0.265,0.0135639611042697,0.0,5.384880792011386,0.3187428590796694,0.7722315337011775,0.5705005709061791,0.7924861030395286,5.384880792011386
0.2655,0.013551233831542426,0.0,5.229946257204678,0.3117055279569626,0.7715701873172573,0.5522664566013966,0.7912792827109084,5.229946257204678
0.266,0.013538506558815153,0.0,5.072382550013528,0.3048236103244076,0.7709183127399725,0.5339066811089436,0.7900863222483958,5.072382550013528
0.2665,0.01352577928608788,0.0,4.912528472671444,0.29809369954543585,0.7702756880914687,0.5154708802705075,0.7889069620726074,4.912528472671444
0.267,0.013513052013360609,0.0,4.750722402099038,0.2915123889834789,0.7696420914938921,0.4970092627543345,0.7877409359547665,4.750722402099038
0.2675,0.013500324740633335,0.0,4.587354556187202,0.2850764302568088,0.7690171935181358,0.4785723689667869,0.7865877724390467,4.587354556187202
0.268,0.013487597467906062,0.0,4.422788738585245,0.2787824368223185,0.7684007085336516,0.4602098746028632,0.7854470727691416,4.422788738585245
0.2685,0.01347487019517879,0.0,4.257491805731335,0.2726273949315545,0.7677921236089028,0.441971185276635,0.7843180085677477,4.257491805731335
0.269,0.013462142922451518,0.0,4.091919962216626,0.2666083012208976,0.7671909196277261,0.4239041778932724,0.7831997283848645,4.091919962216626
0.2695,0.013449415649724244,0.0,3.9265146291624227,0.26072215232672863,0.7665965774739579,0.4060546815424604,0.7820913694125196,3.9265146291624227
0.27,0.01343668837699697,0.0,3.7616981191566525,0.25496598885118316,0.7660085855760655,0.3884661668086676,0.7809920719035462,3.7616981191566525
0.2705,0.013423961104269699,0.0,3.5979184985932253,0.24933688741800006,0.7654263354979307,0.37117922716149104,0.7799007836882825,3.5979184985932253
0.271,0.013411233831542427,0.0,3.4356209717623774,0.24383197113737226,0.7648491760550832,0.3542313445927335,0.778816359992107,3.4356209717623774
0.2715,0.013398506558815153,0.0,3.27519662021085,0.23844860350935576,0.7642765296238759,0.33765732063321374,0.7777377820553463,3.27519662021085
0.272,0.01338577928608788,0.0,3.1170150844949407,0.2331841480340065,0.7637078185806622,0.32148827850832484,0.7766640200003629,3.1170150844949407
0.2725,0.013373052013360608,0.0,2.9614239232384416,0.22803596821138042,0.7631424653017949,0.3057515202772912,0.7755940330267542,2.9614239232384416
0.273,0.013360324740633336,0.0,2.8087428752233143,0.22300143880065607,0.7625799056604058,0.29047049851710166,0.7745267952151127,2.8087428752233143
0.2735,0.013347597467906062,0.0,2.6592381653715074,0.21807803812640625,0.7620196583932556,0.27566513234361906,0.773461428034949,2.6592381653715074
0.274,0.013334870195178788,0.0,2.5131033402393466,0.21326334343855427,0.7614613886881016,0.2613518693097386,0.7723973236535643,2.5131033402393466
0.2745,0.013322142922451517,0.0,2.370498769374918,0.20855495815275152,0.7609048171999935,0.2475434660583436,0.7713339742473259,2.370498769374918
0.275,0.013309415649724245,0.0,2.2281840412128338,0.2039505249704248,0.7603595671051182,0.23425677838181597,0.7702898516878146,2.2281840412128338
0.2755,0.0133249712052798,0.0,2.760093449397813,0.19944775251347974,0.7600549783000186,0.22166749313241793,0.7697055462455817,2.760093449397813
0.276,0.013340526760835357,0.0,3.1970406320211757,0.19504439603045692,0.7601165937527207,0.2098461425049829,0.769823805628811,3.1970406320211757
0.2765,0.013356082316390912,0.0,3.498163487593774,0.19073826061041604,0.7605653104191683,0.19877435555146802,0.7706841177013231,3.498163487593774
0.277,0.013371637871946467,0.0,3.530432132122941,0.18652719971018436,0.7616571473990673,0.18858443823563142,0.7727707384562004,3.530432132122941
0.2775,0.013387193427502022,0.0,3.4091135752262103,0.18240911420564013,0.763108243540926,0.1790404180534868,0.7755291828869391,3.4091135752262103
0.278,0.013402748983057579,0.0,3.262763416640155,0.17838195133997164,0.7646247866306242,0.16993126141409765,0.7783940357252832,3.262763416640155
0.2785,0.013418304538613134,0.0,3.118313727965076,0.17444370399774228,0.7661445663272539,0.1612100380558456,0.7812465445669274,3.118313727965076
0.279,0.013433860094168689,0.0,2.979125432040345,0.17059240726598304,0.767659312432492,0.15286505159435235,0.7840712196026305,2.979125432040345
0.2795,0.013449415649724244,0.0,2.8454248612349082,0.1668261544073583,0.7691680826934161,0.14488840287144697,0.7868665038102656,2.8454248612349082
0.28,0.013464971205279801,0.0,2.7170962369957268,0.1631430420781878,0.7706707574771193,0.13727178096396062,0.7896323940955271,2.7170962369957268
0.2805,0.013480526760835356,0.0,2.593952492619488,0.1595412365011598,0.7721674066567261,0.13000633485911237,0.7923692376419136,2.593952492619488
0.281,0.013496082316390911,0.0,2.4758106271318723,0.15601897114000995,0.773658103539189,0.12308266933230771,0.795077383626094,2.4758106271318723
0.28150000000000003,0.013511637871946466,0.0,2.362494546215978,0.15257449368262016,0.7751429168962157,0.11649083354231374,0.7977571687122313,2.362494546215978
0.28200000000000003,0.013527193427502023,0.0,2.2538357405652363,0.14920611944866718,0.7766219081216669,0.11022053886333776,0.8004089122751799,2.2538357405652363
0.28250000000000003,0.013542748983057578,0.0,2.14966340738995,0.1459119996509628,0.7780951594290416,0.10426080410876873,0.8030329669247102,2.14966340738995
0.28300000000000003,0.013558304538613133,0.0,2.0498514131709644,0.14269058298098317,0.7795626329636023,0.09860092600068168,0.805629468856242,2.0498514131709644
0.28350000000000003,0.013573860094168689,0.0,1.9542750482507676,0.13954031813020448,0.7810242908706112,0.09322998963324512,0.8081985552451252,1.9542750482507676
0.28400000000000003,0.013589415649724245,0.0,1.8628110844742385,0.13645965379010286,0.7824800952953305,0.08813695141493372,0.8107403642290859,1.8628110844742385
0.28450000000000003,0.0136049712052798,0.0,1.775337833205911,0.13344703865215451,0.7839300083830225,0.0833107142416484,0.8132550348905572,1.775337833205911
0.28500000000000003,0.013620526760835356,0.0,1.691736290688861,0.1305009479852513,0.7853739886329255,0.07874023839315104,0.8157427009786417,1.691736290688861
0.28550000000000003,0.013636082316390912,0.0,1.611912911832084,0.12761991899301672,0.7868119123947827,0.07441462951248509,0.8182033572129207,1.611912911832084
0.28600000000000003,0.013651637871946468,0.0,1.5357620409422459,0.12480239829161108,0.7882436962985839,0.07032297526948364,0.8206370713708546,1.5357620409422459
0.28650000000000003,0.013667193427502023,0.0,1.4631715589032397,0.12204706087945827,0.7896692825372558,0.06645489117922448,0.823043957166429,1.4631715589032397
0.28700000000000003,0.013682748983057578,0.0,1.3940307837990609,0.1193525817549822,0.7910886133037249,0.06280015890625357,0.8254241300345577,1.3940307837990609
0.28750000000000003,0.013698304538613135,0.0,1.3282305654636835,0.11671763591660678,0.7925016307909177,0.059348762023439326,0.8277777071022855,1.3282305654636835
0.28800000000000003,0.01371386009416869,0.0,1.2656633809079745,0.11414089836275593,0.7939082771917609,0.05609091633617236,0.8301048071597278,1.2656633809079745
0.28850000000000003,0.013729415649724245,0.0,1.206223430625145,0.11162104409185353,0.795308494699181,0.053017095158269995,0.8324055506307391,1.206223430625145
0.28900000000000003,0.0137449712052798,0.0,1.1497887000243343,0.10915687364773327,0.796702298888807,0.05011822235112023,0.834680178891616,1.1497887000243343
0.28950000000000004,0.013760526760835357,0.0,1.096246949263756,0.10674701054389195,0.7980896796807452,0.04738526990930188,0.8369288901943037,1.096246949263756
0.29000000000000004,0.013776082316390912,0.0,1.0454792234666945,0.1043903248251129,0.7994706685103828,0.044809821128537444,0.8391519488493089,1.0454792234666945
0.29050000000000004,0.013791637871946467,0.0,0.9973704594013191,0.1020856872532813,0.8008452970126755,0.04238373954110579,0.8413496171121222,0.9973704594013191
0.29100000000000004,0.013807193427502022,0.0,0.9518094827337108,0.09983196859028233,0.8022135968225788,0.040099176777386523,0.8435221548725542,0.9518094827337108
0.29150000000000004,0.013822748983057579,0.0,0.908688955305418,0.09762803959800118,0.8035755995750484,0.037948578599255184,0.8456698196707931,0.908688955305418
0.29200000000000004,0.013838304538613134,0.0,0.8679053226741023,0.095472771038323,0.80493133690504,0.03592468842860611,0.8477928667133801,0.8679053226741023
0.29250000000000004,0.01385386009416869,0.0,0.8293484076669347,0.09336512832043542,0.8062808900517746,0.03402064619847296,0.8498916257634694,0.8293484076669347
0.29300000000000004,0.013869415649724244,0.0,0.7929110629344267,0.09130394257638859,0.8076243479437407,0.032229750778436775,0.8519664339837163,0.7929110629344267
0.29350000000000004,0.013884971205279801,0.0,0.7584908986328235,0.08928822860757098,0.808961798749716,0.03054576577469675,0.8540176226522239,0.7584908986328235
0.29400000000000004,0.013900526760835356,0.0,0.7259891098365443,0.08731702599144658,0.8102933350750561,0.028962747691068484,0.8560455251322202,0.7259891098365443
0.29450000000000004,0.013916082316390911,0.0,0.6953112788959623,0.08538937430547947,0.8116190495251164,0.02747501763044885,0.8580504699927178,0.6953112788959623
0.29500000000000004,0.013931637871946467,0.0,0.6663672326898455,0.0835043131271336,0.8129390347052524,0.026077157320777273,0.860032781051989,0.6663672326898455
0.29550000000000004,0.013947193427502023,0.0,0.6390709021303387,0.08166088203387303,0.8142533832208194,0.024764004167330225,0.8619927774203529,0.6390709021303387
0.29600000000000004,0.013962748983057579,0.0,0.6133381058095779,0.07985817944663016,0.815562199253976,0.02353068929705679,0.8639307906238798,0.6133381058095779
0.29650000000000004,0.013978304538613134,0.0,0.5890838807837162,0.07809523844296375,0.8168656141427093,0.02237253651336681,0.8658471868666919,0.5890838807837162
0.29700000000000004,0.01399386009416869,0.0,0.5662299198508676,0.07637116734672085,0.818163745102985,0.021285156040181587,0.8677423056201111,0.5662299198508676
0.29750000000000004,0.014009415649724246,0.0,0.5447013277082976,0.07468515373758458,0.8194567119342779,0.02026443088402645,0.8696164845376708,0.5447013277082976
0.29800000000000004,0.0140249712052798,0.0,0.5244269299421088,0.07303638519523804,0.8207446344360633,0.01930645026242183,0.8714700556661577,0.5244269299421088
0.29850000000000004,0.014040526760835356,0.0,0.5053391124014694,0.07142404929936433,0.8220276324078162,0.018407503096299047,0.8733033454945304,0.5053391124014694
0.29900000000000004,0.014056082316390913,0.0,0.4873736643432248,0.06984733362964657,0.8233058256490116,0.017564071256969245,0.87511667500169,0.4873736643432248
0.29950000000000004,0.014071637871946468,0.0,0.4704696253461045,0.06830542576576783,0.8245793339591247,0.0167728226392779,0.8769103597031028,0.4704696253461045
0.30000000000000004,0.014087193427502023,0.0,0.4545676163899657,0.06679760531726979,0.8258482869709797,0.016030652693497065,0.878684723396231,0.4545676163899657
0.30050000000000004,0.014102748983057578,0.0,0.43961015004218923,0.06532300359419572,0.8271128219812481,0.015334546741861025,0.8804400947068496,0.43961015004218923
0.30100000000000005,0.014118304538613135,0.0,0.42554437129093664,0.06388092464810036,0.8283730652251612,0.014681742356052355,0.8821767810391729,0.42554437129093664
0.30150000000000005,0.01413386009416869,0.0,0.4123201542352277,0.06247068611487746,0.8296291428625865,0.014069631937364751,0.8838950841530522,0.4123201542352277
0.30200000000000005,0.014149415649724245,0.0,0.3998899500987004,0.06109160563042085,0.8308811810533914,0.013495749349390407,0.8855953003124168,0.3998899500987004
0.30250000000000005,0.0141649712052798,0.0,0.38820865127232906,0.059743000830624324,0.8321293059574437,0.012957763984911354,0.8872777203266818,0.38820865127232906
0.30300000000000005,0.014180526760835357,0.0,0.3772334595381656,0.05842418935138169,0.833373643734611,0.012453474894555783,0.8889426295908787,0.3772334595381656
0.30350000000000005,0.014196082316390912,0.0,0.3669237584739994,0.05713448882858675,0.8346143205447608,0.01198080500150592,0.8905903081245155,0.3669237584739994
0.30400000000000005,0.014211637871946467,0.0,0.35724141777569784,0.05587330945419362,0.8358514594255231,0.011537829766778793,0.8922210265090772,0.35724141777569784
0.30450000000000005,0.014227193427502022,0.0,0.34814846086457746,0.05463990446464781,0.8370851964541619,0.011122675941660751,0.893835067142484,0.34814846086457746
0.30500000000000005,0.01424274898305758,0.0,0.33961119290931896,0.05343369883835006,0.838315649816322,0.010733639831586319,0.8954326836227271,0.33961119290931896
0.30550000000000005,0.014258304538613134,0.0,0.3315976434456871,0.052254123847408254,0.8395429372041265,0.0103691157245662,0.8970141239956845,0.3315976434456871
0.30600000000000005,0.01427386009416869,0.0,0.32407739815858366,0.051100610763930264,0.8407671763096984,0.010027589006618435,0.8985796314384533,0.32407739815858366
0.30650000000000005,0.014289415649724246,0.0,0.3170215028234237,0.04997259086002398,0.8419884848251609,0.009707631822866582,0.9001294442886063,0.3170215028234237
0.30700000000000005,0.014304971205279801,0.0,0.31040237088601536,0.04886949540779725,0.8432069804426368,0.009407898862909832,0.9016637960723373,0.31040237088601536
0.30750000000000005,0.014320526760835357,0.0,0.3041936946810755,0.047790755679357984,0.8444227808542494,0.009127123276249632,0.9031829155315003,0.3041936946810755
0.30800000000000005,0.014336082316390912,0.0,0.29837181632289134,0.04673587640405863,0.8456359921225618,0.008864131887614996,0.9046870122880568,0.29837181632289134
0.30850000000000005,0.014351637871946469,0.0,0.2929124036015601,0.04570424388290658,0.8468467342804888,0.008617789314984508,0.9061763087977952,0.2929124036015601
0.30900000000000005,0.014367193427502024,0.0,0.28779399633242275,0.04469533582365652,0.8480551125339686,0.008387051189960422,0.9076510046917402,0.28779399633242275
0.30950000000000005,0.014382748983057579,0.0,0.28299706012398285,0.04370868552326626,0.8492612237732265,0.008170947593543382,0.9091112853666189,0.28299706012398285
0.31000000000000005,0.014398304538613134,0.0,0.2785028762013271,0.0427438262786936,0.8504651648884883,0.007968564942174305,0.9105573323526921,0.2785028762013271
0.31050000000000005,0.01441386009416869,0.0,0.2742934849409402,0.041800291386896345,0.8516670327699791,0.007779043129996862,0.9119893233309502,0.2742934849409402
0.31100000000000005,0.014429415649724246,0.0,0.2703516318709628,0.04087761414483229,0.8528669243079245,0.007601572777764475,0.91340743214956,0.2703516318709628
0.31150000000000005,0.014444971205279801,0.0,0.2666607161380426,0.039975327849459265,0.85406493639255,0.007435392588257031,0.9148118288395581,0.2666607161380426
0.31200000000000006,0.014460526760835358,0.0,0.26320474143969386,0.039092965797735045,0.855261165914081,0.00727978680758789,0.9162026796297952,0.26320474143969386
0.31250000000000006,0.014476082316390913,0.0,0.25996992942944014,0.038230129317461704,0.8564556955584641,0.007134094786443128,0.9175801306495827,0.25996992942944014
0.31300000000000006,0.014491637871946468,0.0,0.2569427371476673,0.03738634597535109,0.8576486100741043,0.006997682048398094,0.9189443271446625,0.2569427371476673
0.31350000000000006,0.014507193427502023,0.0,0.25410921679470816,0.03656110879217473,0.8588400015584698,0.0068699474049980815,0.9202954193599489,0.25410921679470816
0.31400000000000006,0.014522748983057578,0.0,0.2514586843775627,0.03575404723929594,0.8600299374281287,0.006750348480527692,0.9216335263345058,0.2514586843775627
0.31450000000000006,0.014538304538613135,0.0,0.2489807910745476,0.03496479078807805,0.8612184850996489,0.006638374801280021,0.9229587644878545,0.2489807910745476
0.31500000000000006,0.01455386009416869,0.0,0.2466654980546771,0.03419296890988439,0.8624057119895985,0.006533546118978387,0.9242712476276427,0.2466654980546771
0.31550000000000006,0.014569415649724245,0.0,0.24450305249089943,0.033438211076078264,0.8635916855145452,0.006435410805084226,0.9255710869569491,0.24450305249089943
0.31600000000000006,0.014584971205279802,0.0,0.24248396476718867,0.03270014675802301,0.8647764730910573,0.006343544314528477,0.9268583910812258,0.24248396476718867
0.31650000000000006,0.014600526760835357,0.0,0.2405989868795235,0.031978405427081955,0.8659601421357027,0.0062575477172825055,0.9281332660148759,0.2405989868795235
0.31700000000000006,0.014616082316390912,0.0,0.2388390920307954,0.03127261655461841,0.8671427600650492,0.0061770462960834575,0.9293958151874676,0.2388390920307954
0.31750000000000006,0.014631637871946468,0.0,0.23719545541955886,0.030582409611995712,0.868324394295665,0.006101688208547213,0.930646139449586,0.23719545541955886
0.31800000000000006,0.014647193427502024,0.0,0.23566046417053754,0.029907441976582898,0.8695051030056825,0.006031146246102974,0.9318843274337699,0.23566046417053754
0.31850000000000006,0.01466274898305758,0.0,0.2342293453699201,0.029247379805035383,0.8706849201656558,0.005965113892292651,0.9331104405097488,0.2342293453699201
0.31900000000000006,0.014678304538613135,0.0,0.23289470706233953,0.028601842063024574,0.8718639044200095,0.005903298597018318,0.9343245640380622,0.23289470706233953
0.31950000000000006,0.01469386009416869,0.0,0.23165118792359604,0.027970534301647334,0.8730420971987102,0.005845434504796728,0.9355267636651929,0.23165118792359604
0.32000000000000006,0.014709415649724247,0.0,0.230493526766586,0.027353162072000538,0.8742195399317247,0.005791271660341504,0.9367171034600521,0.230493526766586
0.32050000000000006,0.014724971205279802,0.0,0.22941655415328718,0.026749430925181044,0.8753962740490198,0.005740575143574855,0.9378956459165321,0.22941655415328718
0.32100000000000006,0.014740526760835357,0.0,0.22841518445752051,0.02615904641228573,0.8765723409805617,0.0056931242446404615,0.9390624519559251,0.22841518445752051
0.32150000000000006,0.014756082316390914,0.0,0.22748440837854733,0.025581714084411462,0.8777477821563175,0.005648711677644955,0.9402175809292033,0.22748440837854733
0.32200000000000006,0.014771637871946469,0.0,0.2266192859056866,0.025017139492655105,0.8789226390062537,0.005607142831849634,0.9413610906191602,0.2266192859056866
0.32250000000000006,0.014787193427502024,0.0,0.22581493973366734,0.024465028188113528,0.8800969529603367,0.005568235059034071,0.9424930372424172,0.22581493973366734
0.32300000000000006,0.014802748983057579,0.0,0.22506829360080852,0.023925167631880694,0.8812707494058176,0.005531822782284422,0.9436134602133753,0.22506829360080852
0.32350000000000007,0.014818304538613134,0.0,0.22437538906397958,0.02339720670065041,0.8824440622247212,0.005497740662705194,0.944722405975099,0.22437538906397958
0.32400000000000007,0.014833860094168691,0.0,0.22373233181605615,0.022880837663039607,0.883616925095134,0.005465836945772892,0.9458199195027535,0.22373233181605615
0.32450000000000007,0.014849415649724246,0.0,0.22313649394359467,0.022375831868829642,0.8847893603473856,0.005435974401146189,0.9469060340433417,0.22313649394359467
0.32500000000000007,0.014864971205279801,0.0,0.2225852753614112,0.02188196066780187,0.8859613903118058,0.005408024005315887,0.9479807820015348,0.2225852753614112
0.32550000000000007,0.014880526760835358,0.0,0.22207610136975203,0.02139899540973764,0.887133037318724,0.005381864492945945,0.9490441949404138,0.22207610136975203
0.32600000000000007,0.014896082316390913,0.0,0.22160642034240643,0.02092670744441831,0.8883043236984699,0.005357381929422595,0.9500963035821752,0.22160642034240643
0.32650000000000007,0.014911637871946468,0.0,0.2211737015460148,0.02046486812162523,0.889475271781373,0.005334469303859986,0.9511371378087945,0.2211737015460148
0.32700000000000007,0.014927193427502023,0.0,0.22077543309000988,0.020013248791139762,0.8906459038977631,0.005313026141820349,0.9521667266626509,0.22077543309000988
0.32750000000000007,0.01494274898305758,0.0,0.22040912000794977,0.019571620802743248,0.8918162423779696,0.0052929581370172365,0.9531850983471112,0.22040912000794977
0.32800000000000007,0.014958304538613135,0.0,0.22007228246937244,0.01913975550621705,0.8929863095523223,0.005274176801282479,0.9541922802270745,0.22007228246937244
0.32850000000000007,0.01497386009416869,0.0,0.21976245412315332,0.018717424251342513,0.8941561277511506,0.005256599132090299,0.955188298829477,0.21976245412315332
0.32900000000000007,0.014989415649724246,0.0,0.21947740676767297,0.01830441121156625,0.8953257171982869,0.005240147833036453,0.956173178079788,0.21947740676767297
0.32950000000000007,0.015004971205279802,0.0,0.21921731729080743,0.01790056728004693,0.896495075799693,0.00522475304469941,0.9571469226651548,0.21921731729080743
0.33000000000000007,0.015020526760835358,0.0,0.2189794416712333,0.017505579598036322,0.8976642287276304,0.00521034268637956,0.958109559672357,0.2189794416712333
0.33050000000000007,0.015036082316390913,0.0,0.2187626020656626,0.01711927508369764,0.8988331866336781,0.005196854721669917,0.9590611034932152,0.2187626020656626
0.33100000000000007,0.01505163787194647,0.0,0.21856562600326684,0.016741480655194083,0.9000019601694149,0.0051842308294757335,0.9600015681201629,0.21856562600326684
0.3315000000000001,0.015067193427502025,0.0,0.2183873458549682,0.01637202323068886,0.9011705599864196,0.005172416199871438,0.9609309671464085,0.2183873458549682
0.3320000000000001,0.01508274898305758,0.0,0.21822659833247773,0.016010729728345174,0.902338996736271,0.00516135933976304,0.9618493137660877,0.21822659833247773
0.3325000000000001,0.015098304538613135,0.0,0.2180822240170947,0.01565742706632623,0.9035072810705482,0.005151011887986595,0.9627566207744073,0.2180822240170947
0.3330000000000001,0.01511386009416869,0.0,0.2179530669184064,0.01531194216279524,0.9046754236408299,0.005141328439481106,0.963652900567779,0.2179530669184064
0.3335000000000001,0.015129415649724247,0.0,0.21783797406270666,0.014974101935915404,0.9058434350986948,0.005132266378182113,0.9645381651439452,0.21783797406270666
0.3340000000000001,0.015144971205279802,0.0,0.21773579511120403,0.014643733303849927,0.907011326095722,0.005123785718290466,0.9654124261020954,0.21773579511120403
0.3345000000000001,0.015160526760835357,0.0,0.21764538200818537,0.014320663184762019,0.90817910728349,0.00511584895357899,0.9662756946429727,0.21764538200818537
0.3350000000000001,0.015176082316390914,0.0,0.217565588658732,0.014004718496814882,0.9093467893135782,0.005108420914408352,0.9671279815689728,0.217565588658732
0.3355000000000001,0.015191637871946469,0.0,0.21749614242008752,0.013695790742588343,0.9105143746820086,0.0051014701597112515,0.9679692914457922,0.21749614242008752
0.3360000000000001,0.015207193427502024,0.0,0.2174364189368735,0.013393665711255527,0.9116818691841343,0.005094964661273632,0.9687996310767666,0.2174364189368735
0.3365000000000001,0.01522274898305758,0.0,0.21738552728672936,0.013098168181814635,0.9128492811192195,0.0050888753670734685,0.9696190087942527,0.21738552728672936
0.3370000000000001,0.015238304538613136,0.0,0.21734295912378057,0.01280916863075053,0.9140166152155241,0.005083176022296766,0.970427430164019,0.21734295912378057
0.3375000000000001,0.015253860094168691,0.0,0.2173082067974583,0.012526537534548077,0.9151838762013084,0.005077841947622933,0.9712249005750601,0.2173082067974583
0.3380000000000001,0.015269415649724246,0.0,0.21728076325871667,0.01225014536969214,0.9163510688048326,0.005072849952295779,0.9720114252396246,0.21728076325871667
0.3385000000000001,0.015284971205279801,0.0,0.21726012197223304,0.011979862612667588,0.9175181977543568,0.005068178251411751,0.9727870091932425,0.21726012197223304
0.3390000000000001,0.015300526760835358,0.0,0.21724577683437019,0.011715559739959282,0.9186852677781413,0.005063806387261593,0.9735516572947497,0.21724577683437019
0.3395000000000001,0.015316082316390913,0.0,0.21723722209696916,0.011457107228052092,0.9198522836044462,0.005059715154565657,0.9743053742263115,0.21723722209696916
0.3400000000000001,0.015331637871946469,0.0,0.21723395229729298,0.01120437555343088,0.9210192499615316,0.005055886529447139,0.9750481644934439,0.21723395229729298
0.3405000000000001,0.015347193427502025,0.0,0.21723546219349524,0.010957235192580513,0.9221861715776578,0.005052303601991598,0.9757800324250332,0.21723546219349524
0.3410000000000001,0.01536274898305758,0.0,0.21724124670608647,0.010715556621985856,0.9233530531810851,0.0050489505122452115,0.9765009821733537,0.21724124670608647
0.3415000000000001,0.015378304538613136,0.0,0.21725080086549586,0.010479210318131774,0.9245198995000734,0.005045812389508298,0.9772110177140839,0.21725080086549586
0.3420000000000001,0.01539386009416869,0.0,0.21726379732493648,0.010248089468526816,0.9256867136009199,0.00504287559855124,0.9779101418582732,0.21726379732493648
0.3425000000000001,0.015409415649724246,0.0,0.2172803458902162,0.010022089693699264,0.9268534944587704,0.005040127359553718,0.9785983549084275,0.2172803458902162
0.3430000000000001,0.015424971205279803,0.0,0.21729989687661685,0.009801042852649997,0.9280202472220495,0.0050375548855702895,0.9792756607601005,0.21729989687661685
0.3435000000000001,0.015440526760835358,0.0,0.21732223579992607,0.009584852812246754,0.9291869739018533,0.005035147098929552,0.9799420613392928,0.21732223579992607
0.3440000000000001,0.015456082316390913,0.0,0.21734714818825715,0.009373423439357272,0.9303536765092784,0.005032893585980239,0.980597558496903,0.21734714818825715
0.3445000000000001,0.01547163787194647,0.0,0.21737441956877285,0.009166658600849292,0.931520357055421,0.005030784560482152,0.9812421540087319,0.21737441956877285
0.3450000000000001,0.015487193427502025,0.0,0.21740383545545824,0.008964462163590552,0.9326870175513776,0.0050288108287743615,0.9818758495754858,0.21740383545545824
0.3455000000000001,0.01550274898305758,0.0,0.21743518133810852,0.00876673799444879,0.9338536600082445,0.0050269637566511104,0.9824986468227803,0.21743518133810852
0.3460000000000001,0.015518304538613135,0.0,0.21746824267214304,0.008573389960291748,0.9350202864371181,0.005025235237877639,0.9831105473011433,0.21746824267214304
0.3465000000000001,0.01553386009416869,0.0,0.2175028048697043,0.008384321927987161,0.9361868988490947,0.005023617664279949,0.9837115524860173,0.2175028048697043
0.3470000000000001,0.015549415649724247,0.0,0.21753865329165217,0.00819943776440277,0.9373534992552706,0.0050221038973443394,0.9843016637777624,0.21753865329165217
0.3475000000000001,0.015564971205279802,0.0,0.2175755732407044,0.008018641336406312,0.9385200896667422,0.005020687241264313,0.9848808825016583,0.2175755732407044
0.3480000000000001,0.015580526760835357,0.0,0.21761334995565318,0.007841836510865528,0.939686672094606,0.005019361417374252,0.9854492099079056,0.21761334995565318
0.3485000000000001,0.015596082316390914,0.0,0.2176517686066719,0.007668927154648158,0.9408532485499581,0.005018120539911042,0.9860066471716279,0.2176517686066719
0.3490000000000001,0.01561163787194647,0.0,0.21769093745535972,0.0074998683563730646,0.9420198180220436,0.005016959463506395,0.9865531939912122,0.21769093745535972
0.3495000000000001,0.015627193427502024,0.0,0.217730622842744,0.007334515516934783,0.9431863826974524,0.005015872637099619,0.9870888515559987,0.217730622842744
0.3500000000000001,0.01564274898305758,0.0,0.21777071706486745,0.007172792630957447,0.9443529435844326,0.005014855353598482,0.9876136204491306,0.21777071706486745
0.3505000000000001,0.015658304538613135,0.0,0.21781113018806053,0.007014628347851868,0.9455195015247522,0.005013903220692087,0.9881275011435541,0.21781113018806053
0.3510000000000001,0.01567386009416869,0.0,0.2178517722461406,0.006859951317028862,0.9466860573601792,0.005013012110278263,0.9886304940807916,0.2178517722461406
0.3515000000000001,0.01568941564972425,0.0,0.21789255323972792,0.006708690187899242,0.9478526119324817,0.0050121781438224365,0.9891225996709426,0.21789255323972792
0.3520000000000001,0.0157049712052798,0.0,0.21793338313591504,0.006560773609873821,0.9490191660834275,0.005011397678433014,0.9896038182926834,0.21793338313591504
0.3525000000000001,0.01572052676083536,0.0,0.21797417186819218,0.006416130232363414,0.9501857206547848,0.0050106672936248015,0.9900741502932675,0.21797417186819218
0.3530000000000001,0.015736082316390912,0.0,0.21801482933622413,0.006274688704778834,0.9513522764883215,0.005009983778742822,0.9905335959885252,0.21801482933622413
0.3535000000000001,0.01575163787194647,0.0,0.21805526540628692,0.006136377676530894,0.9525188344258056,0.005009344121019582,0.9909821556628637,0.21805526540628692
0.3540000000000001,0.015767193427502026,0.0,0.21809538991141741,0.00600112579703041,0.9536853953090051,0.0050087454942396486,0.9914198295692674,0.21809538991141741
0.3545000000000001,0.01578274898305758,0.0,0.21813511265205476,0.005868861715688193,0.9548519599796881,0.005008185247986131,0.9918466179292973,0.21813511265205476
0.3550000000000001,0.015798304538613136,0.0,0.2181743433969384,0.005739514081915058,0.9560185292796224,0.005007660897444422,0.9922625209330903,0.2181743433969384
0.3555000000000001,0.015813860094168693,0.0,0.21821308362183592,0.0056130567945008045,0.9571851031937759,0.00500717029870132,0.9926675384458895,0.21821308362183592
0.3560000000000001,0.015829415649724246,0.0,0.21825129146070119,0.005489390839099678,0.958351682111899,0.005006711137580716,0.9930616704683668,0.21825129146070119
0.3565000000000001,0.015844971205279803,0.0,0.2182888765396298,0.005368424683763077,0.9595182668765908,0.005006281286703758,0.9934449171333003,0.2182888765396298
0.3570000000000001,0.01586052676083536,0.0,0.21832580502632976,0.005250107609339366,0.9606848578022408,0.005005878908543947,0.9938172783758799,0.21832580502632976
0.3575000000000001,0.015876082316390913,0.0,0.21836204308001023,0.005134388896676914,0.9618514552032382,0.005005502274845969,0.9941787541195578,0.21836204308001023
0.3580000000000001,0.01589163787194647,0.0,0.21839755685198708,0.0050212178266240875,0.9630180593939728,0.005005149760663495,0.9945293442760491,0.21839755685198708
0.3585000000000001,0.015907193427502027,0.0,0.21843231248604933,0.004910543680029251,0.9641846706888337,0.005004819838682558,0.9948690487453309,0.21843231248604933
0.3590000000000001,0.01592274898305758,0.0,0.21846627611915836,0.004802315737740772,0.9653512894022105,0.0050045110738194945,0.9951978674156425,0.21846627611915836
0.3595000000000001,0.015938304538613137,0.0,0.21849941388210328,0.004696483280607016,0.9665179158484924,0.005004222118082715,0.9955158001634855,0.21849941388210328
0.3600000000000001,0.01595386009416869,0.0,0.21853169189988964,0.004592995589476352,0.9676845503420691,0.005003951705687835,0.995822846853623,0.21853169189988964
0.3605000000000001,0.015969415649724247,0.0,0.2185630762927117,0.004491801945197144,0.9688511931973298,0.005003698648416019,0.9961190073390798,0.2185630762927117
0.3610000000000001,0.015984971205279804,0.0,0.21859353317633712,0.004392851628617759,0.9700178447286641,0.00500346183120561,0.996404281461142,0.21859353317633712
0.3615000000000001,0.016000526760835358,0.0,0.2186230286629499,0.0042960939205865635,0.9711845052504613,0.005003240207967466,0.9966786690493572,0.2186230286629499
0.3620000000000001,0.016016082316390914,0.0,0.2186515288619637,0.004201478101951924,0.9723511750771108,0.00500303279761465,0.9969421699215337,0.2186515288619637
0.3625000000000001,0.016031637871946468,0.0,0.2186789998805261,0.004108953453562207,0.9735178545230021,0.005002838680297412,0.9971947838837405,0.2186789998805261
0.3630000000000001,0.016047193427502025,0.0,0.21870540782462086,0.004018469256265779,0.9746845439025246,0.005002656993834685,0.9974365107303071,0.21870540782462086
0.3635000000000001,0.01606274898305758,0.0,0.21873071879958247,0.003929974790911006,0.9758512435300677,0.005002486930333574,0.9976673502438236,0.21873071879958247
0.3640000000000001,0.016078304538613135,0.0,0.21875499139389776,0.003843480372520971,0.9770179528573357,0.005002327851283241,0.9978873020365294,0.21875499139389776
0.3645000000000001,0.01609386009416869,0.0,0.2187781690072642,0.003758873786637709,0.9781846724106574,0.005002178918624438,0.9980963659286787,0.2187781690072642
0.3650000000000001,0.01610941564972425,0.0,0.2188002310301603,0.0036761116089402525,0.9793514023806348,0.005002039482514785,0.9982945416654142,0.2188002310301603
0.3655000000000001,0.016124971205279802,0.0,0.21882116634216098,0.0035951595974985564,0.9805181428694082,0.00500190894892666,0.9984818289709728,0.21882116634216098
0.3660000000000001,0.01614052676083536,0.0,0.21884096382952045,0.0035159835103825776,0.9816848939791182,0.005001786759043788,0.9986582275657754,0.21884096382952045
0.3665000000000001,0.016156082316390916,0.0,0.2188596123852185,0.0034385491056622723,0.982851655811905,0.0050016723873480195,0.9988237371664265,0.2188596123852185
0.3670000000000001,0.01617163787194647,0.0,0.21887710090942825,0.0033628221414075967,0.9840184284699094,0.005001565339797234,0.9989783574857144,0.21887710090942825
0.3675000000000001,0.016187193427502026,0.0,0.2188934183097912,0.0032887683756885073,0.9851852120552714,0.005001465152090894,0.999122088232611,0.2188934183097912
0.3680000000000001,0.016202748983057583,0.0,0.2189085535016115,0.0032163535665749605,0.9863520066701317,0.005001371388019818,0.9992549291122714,0.2189085535016115
0.3685000000000001,0.016218304538613136,0.0,0.2189224954081923,0.0031455434721369122,0.9875188124166305,0.005001283637896884,0.999376879826035,0.2189224954081923
0.3690000000000001,0.016233860094168693,0.0,0.2189352329612307,0.003076303850444319,0.9886856293969085,0.005001201517065422,0.9994879400714236,0.2189352329612307
0.3695000000000001,0.016249415649724246,0.0,0.2189467551008946,0.003008600459567137,0.989852457713106,0.005001124664482163,0.9995881095421428,0.2189467551008946
0.3700000000000001,0.016264971205279803,0.0,0.21895705077644625,0.002942399057575323,0.9910192974673634,0.005001052741371696,0.9996773879280811,0.21895705077644625
0.3705000000000001,0.01628052676083536,0.0,0.21896610894622712,0.0028776654025388323,0.9921861487618212,0.005000985429949471,0.9997557749153104,0.21896610894622712
0.3710000000000001,0.016296082316390913,0.0,0.21897391857810533,0.002814365252527622,0.9933530116986198,0.005000922432210459,0.9998232701860853,0.21897391857810533
0.3715000000000001,0.01631163787194647,0.0,0.21898046864989862,0.002752464365611648,0.9945198863798995,0.005000863468780702,0.9998798734188431,0.21898046864989862
0.3720000000000001,0.016327193427502024,0.0,0.2189857481494646,0.0026919284998608672,0.9956867729078008,0.005000808277829024,0.9999255842882044,0.2189857481494646
0.3725000000000001,0.01634274898305758,0.0,0.21898974607519872,0.0026327234133452357,0.9968536713844643,0.0050007566140362935,0.9999604024649722,0.21898974607519872
0.3730000000000001,0.016358304538613137,0.0,0.21899248076741673,0.0025748447235476564,0.9980205816385759,0.005000708273905061,0.9999843276118018,0.21899248076741673
0.3735000000000001,0.01637386009416869,0.0,0.2189939449257293,0.0025182422540718044,0.9991875037379758,0.005000663025459228,0.9999973593992968,0.2189939449257293
0.3740000000000001,0.016389415649724248,0.0,0.21899411948693662,0.0024628725840894535,1.0003544378602713,0.005000620658501832,0.9999994974952128,0.21899411948693662
0.3745000000000001,0.016404971205279804,0.0,0.21899300064406604,0.002408712937357831,1.0015213840409403,0.005000580993075808,0.9999907415623999,0.21899300064406604
0.3750000000000001,0.016420526760835358,0.0,0.21899058460159182,0.0023557405376341658,1.0026883423154607,0.00500054385987099,0.9999710912623796,0.21899058460159182
0.3755000000000001,0.016436082316390915,0.0,0.21898686757563166,0.002303932608675686,1.0038553127193106,0.005000509099646878,0.9999405462553453,0.21898686757563166
0.3760000000000001,0.01645163787194647,0.0,0.21898184579396168,0.00225326637423962,1.005022295287968,0.0050004765626828354,0.9998991062001619,0.21898184579396168
0.3765000000000001,0.016467193427502025,0.0,0.21897551549619954,0.0022037190580831965,1.0061892900569105,0.005000446108254656,0.9998467707543657,0.21897551549619954
0.3770000000000001,0.01648274898305758,0.0,0.21896787293388992,0.0021552678839636434,1.0073562970616163,0.005000417604136475,0.999783539574165,0.21896787293388992
0.3775000000000001,0.01649830453861314,0.0,0.21895891437061862,0.0021078900756381887,1.0085233163375633,0.005000390926127051,0.9997094123144393,0.21895891437061862
0.3780000000000001,0.016513860094168692,0.0,0.21894863608207066,0.0020615628568640618,1.0096903479202295,0.005000365957599425,0.9996243886287396,0.21894863608207066
0.3785000000000001,0.01652941564972425,0.0,0.21893703435627057,0.00201626345139849,1.010857391845093,0.0050003425890730304,0.9995284681692884,0.21893703435627057
0.3790000000000001,0.016544971205279802,0.0,0.21892410549361344,0.001971969082998702,1.0120244481476313,0.005000320717807343,0.9994216505869797,0.21892410549361344
0.3795000000000001,0.01656052676083536,0.0,0.21890984580699419,0.0019286569754219268,1.0131915168633225,0.005000300247416164,0.9993039355313788,0.21890984580699419
0.3800000000000001,0.016576082316390916,0.0,0.21889425162189496,0.0018863043524253915,1.0143585980276448,0.005000281087501694,0.9991753226507221,0.21889425162189496
0.3805000000000001,0.01659163787194647,0.0,0.2188773192765291,0.0018448884377663252,1.015525691676076,0.005000263153307539,0.9990358115919177,0.2188773192765291
0.3810000000000001,0.016607193427502026,0.0,0.218859045122013,0.0018043864552019563,1.016692797844094,0.0050002463653898545,0.9988854020005449,0.218859045122013
0.3815000000000001,0.01662274898305758,0.0,0.21883942552232918,0.0017647756284895127,1.017859916567177,0.005000230649305829,0.9987240935208539,0.21883942552232918
0.3820000000000001,0.016638304538613136,0.0,0.21881846271327937,0.0017260578046740412,1.0190270478261612,0.005000215945177627,0.9985518858040839,0.21881846271327937
0.3825000000000001,0.016653860094168693,0.0,0.21879616347449557,0.0016882192416650505,1.0201941915596129,0.005000202189893639,0.9983687785090146,0.21879616347449557
0.3830000000000001,0.016669415649724247,0.0,0.21877251848480886,0.001651195104247128,1.0213613478563839,0.005000189305275138,0.9981747712710343,0.21877251848480886
0.3835000000000001,0.016684971205279803,0.0,0.2187475267283609,0.0016149713031149893,1.0225285167279878,0.005000177237656026,0.997969863736147,0.2187475267283609
0.3840000000000001,0.01670052676083536,0.0,0.21872118720202882,0.0015795337489633498,1.0236956981859373,0.005000165936485227,0.9977540555499239,0.21872118720202882
0.3845000000000001,0.016716082316390914,0.0,0.21869349891537965,0.0015448683524869255,1.0248628922417458,0.005000155354162062,0.9975273463575014,0.21869349891537965
0.3850000000000001,0.01673163787194647,0.0,0.2186644608909454,0.0015109610243804314,1.0260300989069262,0.0050001454458791705,0.9972897358035826,0.2186644608909454
0.3855000000000001,0.016747193427502027,0.0,0.21863407216398228,0.0014777976753385833,1.0271973181929916,0.0050001361694727246,0.9970412235324366,0.21863407216398228
0.3860000000000001,0.01676274898305758,0.0,0.21860233178263438,0.0014453642160560968,1.0283645501114556,0.005000127485279635,0.9967818091878989,0.21860233178263438
0.3865000000000001,0.016778304538613138,0.0,0.2185692388080974,0.0014136465572276876,1.0295317946738307,0.005000119356001512,0.9965114924133708,0.2185692388080974
0.3870000000000001,0.016793860094168694,0.0,0.21853479231441966,0.001382630609548071,1.0306990518916301,0.005000111746575119,0.99623027285182,0.21853479231441966
0.3875000000000001,0.016809415649724248,0.0,0.21849899138861026,0.0013523022837119624,1.0318663217763675,0.005000104624049062,0.99593815014578,0.21849899138861026
0.3880000000000001,0.016824971205279805,0.0,0.21846183513088646,0.001322647490414078,1.0330336043395554,0.005000097957466482,0.9956351239373509,0.21846183513088646
0.3885000000000001,0.016840526760835358,0.0,0.2184233226543773,0.0012936521403491327,1.034200899592707,0.005000091717753503,0.9953211938681983,0.2184233226543773
0.3890000000000001,0.016856082316390915,0.0,0.218383453085427,0.0012653021442118424,1.0353682075473358,0.005000085877613225,0.9949963595795543,0.218383453085427
0.3895000000000001,0.01687163787194647,0.0,0.2183422255635217,0.0012375834126969226,1.0365355282149544,0.005000080411425006,0.9946606207122171,0.2183422255635217
0.3900000000000001,0.016887193427502025,0.0,0.21829963924125825,0.0012104818564990887,1.0377028616070765,0.00500007529514885,0.9943139769065505,0.21829963924125825
0.3905000000000001,0.016902748983057582,0.0,0.21825569328461966,0.0011839833863130564,1.0388702077352148,0.005000070506234669,0.993956427802485,0.21825569328461966
0.3910000000000001,0.016918304538613135,0.0,0.21821038687273472,0.0011580739128335413,1.0400375666108823,0.005000066023536213,0.9935879730395166,0.21821038687273472
0.3915000000000001,0.016933860094168692,0.0,0.218163719198084,0.0011327393467552588,1.0412049382455926,0.00500006182722948,0.9932086122567076,0.218163719198084
0.3920000000000001,0.01694941564972425,0.0,0.21811568946649634,0.0011079655987729247,1.0423723226508586,0.005000057898735413,0.9928183450926862,0.21811568946649634
0.3925000000000001,0.016964971205279802,0.0,0.2180662968971738,0.0010837385795812544,1.0435397198381933,0.005000054220646676,0.9924171711856465,0.2180662968971738
0.3930000000000001,0.01698052676083536,0.0,0.2180155407227997,0.0010600441998749638,1.0447071298191097,0.005000050776658358,0.992005090173349,0.2180155407227997
0.3935000000000001,0.016996082316390916,0.0,0.21796342018945206,0.001036868370348768,1.0458745526051214,0.005000047551502413,0.9915821016931198,0.21796342018945206
0.39400000000000013,0.01701163787194647,0.0,0.2179099359822239,0.001014213480232192,1.047041988194418,0.005000044533201283,0.991148205386865,0.2179099359822239
0.39450000000000013,0.017027193427502026,0.0,0.21785508990107924,0.0009920702956532142,1.0482094365748895,0.005000041708735673,0.9907034009005268,0.21785508990107924
0.39500000000000013,0.017042748983057583,0.0,0.21779888019531132,0.0009704038088012249,1.0493768977677327,0.005000039062540865,0.9902476878673395,0.21779888019531132
0.39550000000000013,0.017058304538613137,0.0,0.2177413065173979,0.0009492057665220887,1.050544371781157,0.005000036583649726,0.9897810659249927,0.2177413065173979
0.39600000000000013,0.017073860094168693,0.0,0.2176823685332424,0.0009284679156616701,1.051711858623372,0.005000034261730822,0.9893035347108655,0.2176823685332424
0.39650000000000013,0.01708941564972425,0.0,0.21762206592207622,0.0009081820030658338,1.0528793583025882,0.005000032087054853,0.988815093862026,0.21762206592207622
0.39700000000000013,0.017104971205279804,0.0,0.21756039837668123,0.0008883397755804444,1.0540468708270148,0.005000030050462621,0.988315743015232,0.21756039837668123
0.39750000000000013,0.01712052676083536,0.0,0.21749736560333396,0.0008689329800513662,1.055214396204862,0.005000028143334494,0.9878054818069302,0.21749736560333396
0.39800000000000013,0.017136082316390914,0.0,0.21743296732177775,0.0008499533633244641,1.0563819344443395,0.0050000263575612795,0.9872843098732568,0.21743296732177775
0.39850000000000013,0.01715163787194647,0.0,0.2173672032654174,0.0008313926722456024,1.057549485553657,0.005000024685516492,0.9867522268500377,0.2173672032654174
0.39900000000000013,0.017167193427502028,0.0,0.21730007318111022,0.0008132426536606458,1.0587170495410243,0.005000023120029931,0.9862092323727876,0.21730007318111022
0.39950000000000013,0.01718274898305758,0.0,0.2172315768293472,0.0007954950544154589,1.0598846264146515,0.005000021654362534,0.9856553260767105,0.2172315768293472
0.40000000000000013,0.017198304538613138,0.0,0.21716171398430825,0.0007781416213559062,1.0610522161827485,0.005000020282182457,0.9850905075966998,0.21716171398430825
0.40050000000000013,0.01721386009416869,0.0,0.21709048443377896,0.0007611741013278522,1.0622198188535248,0.005000018997542322,0.9845147765673382,0.21709048443377896
0.40100000000000013,0.017229415649724248,0.0,0.2170178879793173,0.0007445842411771615,1.0633874344351901,0.0050000177948576,0.9839281326228979,0.2170178879793173
0.40150000000000013,0.017244971205279805,0.0,0.21694392443607302,0.0007283637877496988,1.0645550629359548,0.005000016668886063,0.9833305753973397,0.21694392443607302
0.40200000000000014,0.017260526760835358,0.0,0.21686859363302402,0.0007125044878913286,1.065722704364028,0.0050000156147082956,0.9827221045243143,0.21686859363302402
0.40250000000000014,0.017276082316390915,0.0,0.21679189541289304,0.0006969980884479153,1.0668903587276204,0.005000014627709172,0.982102719637161,0.21679189541289304
0.40300000000000014,0.017291637871946472,0.0,0.21671382963225877,0.0006818363362653236,1.068058026034941,0.005000013703560313,0.9814724203689091,0.21671382963225877
0.40350000000000014,0.017307193427502025,0.0,0.21663439616140334,0.0006670109781894181,1.0692257062942,0.005000012838203435,0.9808312063522766,0.21663439616140334
0.40400000000000014,0.017322748983057582,0.0,0.21655359488463183,0.0006525137610660633,1.0703933995136072,0.0050000120278345895,0.9801790772196707,0.21655359488463183
0.40450000000000014,0.01733830453861314,0.0,0.21647142569999478,0.0006383364317411237,1.0715611057013725,0.005000011268889214,0.979516032603188,0.21647142569999478
0.40500000000000014,0.017353860094168692,0.0,0.21638788851948257,0.0006244707370604641,1.0727288248657056,0.005000010558028007,0.978842072134614,0.21638788851948257
0.40550000000000014,0.01736941564972425,0.0,0.2163029832690953,0.0006109084238699489,1.0738965570148165,0.005000009892123545,0.9781571954454239,0.2163029832690953
0.40600000000000014,0.017384971205279806,0.0,0.21622125294502126,0.0005976625111092437,1.0750642595312225,0.005000009269301716,0.977461427764117,0.21622125294502126
0.40650000000000014,0.01740052676083536,0.0,0.21613980375031958,0.0005847239930216835,1.0762319595543495,0.005000008686653535,0.976754753370016,0.21613980375031958
0.40700000000000014,0.017416082316390916,0.0,0.2160524352486502,0.0005720595053280927,1.0773997152810202,0.005000008140354924,0.9760371362976681,0.2160524352486502
0.40750000000000014,0.01743163787194647,0.0,0.2159602132199248,0.000559664628924056,1.0785675167392357,0.005000007628209758,0.9753085812537197,0.2159602132199248
0.40800000000000014,0.017447193427502027,0.0,0.21586420272847065,0.000547534944705158,1.0797353539569967,0.005000007148146235,0.9745690933174098,0.21586420272847065
0.40850000000000014,0.01746274898305758,0.0,0.21576546801603574,0.0005356660335669835,1.0809032169623047,0.005000006698210497,0.973818677940601,0.21576546801603574
0.40900000000000014,0.017478304538613137,0.0,0.21566507242152552,0.000524053476405117,1.08207109578316,0.005000006276560543,0.9730573409478055,0.21566507242152552
0.40950000000000014,0.017493860094168694,0.0,0.21556407832612573,0.0005126928541151431,1.0832389804475644,0.005000005881460408,0.9722850885362,0.21556407832612573
0.41000000000000014,0.017509415649724247,0.0,0.21546354712523988,0.0005015797475926469,1.084406860983518,0.005000005511274604,0.9715019272756362,0.21546354712523988
0.41050000000000014,0.017524971205279804,0.0,0.21536453922613202,0.0004907097377332126,1.0855747274190224,0.005000005164462817,0.9707078641086401,0.21536453922613202
0.41100000000000014,0.01754052676083536,0.0,0.21526811407177396,0.00048007840543242515,1.0867425697820783,0.005000004839574842,0.9699029063504051,0.21526811407177396
0.41150000000000014,0.017556082316390914,0.0,0.21517533019082768,0.0004696813315858691,1.0879103781006867,0.00500000453524576,0.9690870616887772,0.21517533019082768
0.41200000000000014,0.01757163787194647,0.0,0.215087245273915,0.0004595140970891292,1.0890781424028486,0.00500000425019134,0.9682603381842313,0.2150869591636457
0.41250000000000014,0.017587193427502028,0.0,0.2150049162756625,0.00044957228283779005,1.090245852716565,0.005000003983203649,0.9674227442698402,0.21499308690387917
0.41300000000000014,0.01760274898305758,0.0,0.214929399543103,0.0004398514697274364,1.091413499069837,0.005000003733146886,0.9665742887512356,0.21488915677359843
0.41350000000000015,0.017618304538613138,0.0,0.21486175097032276,0.0004303472386536529,1.0925810714906654,0.005000003498953407,0.9657149808065612,0.2147762278979805
0.41400000000000015,0.017633860094168695,0.0,0.21480302617888417,0.00042105517051202414,1.0937485600070511,0.00500000327961994,0.9648448299864173,0.21465535970576316
0.41450000000000015,0.017649415649724248,0.0,0.21475428072454925,0.0004119708461981349,1.094915954646995,0.005000003074204004,0.9639638462137983,0.21452761213587093
0.41500000000000015,0.017664971205279805,0.0,0.21471657033026315,0.00040308984660756983,1.0960832454384986,0.005000002881820482,0.963072039784021,0.21439404587028907
0.41550000000000015,0.017680526760835362,0.0,0.2146909511449681,0.0003944077526359136,1.0972504224095625,0.005000002701638384,0.9621694213646467,0.21425572259275538
0.41600000000000015,0.017696082316390915,0.0,0.21467848002878767,0.0003859201451787508,1.0984174755881877,0.005000002532877762,0.961256001995394,0.2141137052738102
0.41650000000000015,0.017711637871946472,0.0,0.21468021486426309,0.0003776226051316662,1.0995843950023751,0.0050000023748067906,0.9603317930880437,0.21396905848188635
0.41700000000000015,0.017727193427502026,0.0,0.21469721489354507,0.0003695107133902445,1.1007511706801256,0.005000002226738992,0.9593968064263367,0.2138228487203417
0.41750000000000015,0.017742748983057582,0.0,0.2147305410819555,0.00036158005085007027,1.1019177926494406,0.005000002088030607,0.9584510541658625,0.21367614479084984
0.41800000000000015,0.017758304538613136,0.0,0.2147812565075185,0.00035382619840672823,1.1030842509383207,0.005000001958078105,0.9574945488339413,0.21353001818274772
0.41850000000000015,0.017773860094168693,0.0,0.21485042677672317,0.000346244736955803,1.1042505355747672,0.005000001836315824,0.9565273033294969,0.21338554348860236
0.41900000000000015,0.01778941564972425,0.0,0.21493912046625574,0.00033883124739287945,1.1054166365867806,0.00500000172221374,0.9555493309229225,0.2132437988457352
0.41950000000000015,0.017804971205279803,0.0,0.21504840959089422,0.00033158131061354195,1.1065825440023622,0.005000001615275348,0.9545606452559381,0.21310586640389587
0.42000000000000015,0.01782052676083536,0.0,0.21517937009777324,0.0003244905075133755,1.1077482478495129,0.005000001515035669,0.9535612603414397,0.21297283281929477
0.42050000000000015,0.017836082316390917,0.0,0.21533308238630014,0.0003175544189879645,1.1089137381562337,0.005000001421059365,0.9525511905633415,0.21284578977427382
0.42100000000000015,0.01785163787194647,0.0,0.21551063185459313,0.00031076862593289374,1.1100790049505256,0.005000001332938943,0.9515304506764086,0.21272583452348737
0.42150000000000015,0.017867193427502027,0.0,0.2157039140550495,0.0003041389521154425,1.1112441246393596,0.00500000125042833,0.9504989789328905,0.21260485112774885
0.42200000000000015,0.017882748983057584,0.0,0.21589732936115807,0.0002976692125680299,1.1124092438918476,0.005000001173258606,0.9494566475506525,0.21246720359052615
0.42250000000000015,0.017898304538613137,0.0,0.21610568940161093,0.0002913353734748714,1.113574223698143,0.005000001100829838,0.9484035828454567,0.21232774606434834
0.42300000000000015,0.017913860094168694,0.0,0.2163289991375841,0.00028513530824699135,1.1147390642133261,0.00500000103286011,0.9473397885738009,0.21218648949114463
0.42350000000000015,0.01792941564972425,0.0,0.2165672650261856,0.00027906689029541423,1.1159037655924768,0.005000000969083189,0.9462652684859367,0.21204344629911462
0.42400000000000015,0.017944971205279804,0.0,0.21682049501481176,0.0002731279930311643,1.1170683279906752,0.005000000909247734,0.9451800263258707,0.21189863039708726
0.42450000000000015,0.01796052676083536,0.0,0.21708869853551047,0.0002673164898652661,1.1182327515630013,0.005000000853116547,0.9440840658313665,0.21175205716888643
0.42500000000000016,0.017976082316390918,0.0,0.2173718864993087,0.0002616302542087439,1.1193970364645347,0.005000000800465848,0.9429773907339463,0.21160374346766186
0.42550000000000016,0.01799163787194647,0.0,0.21767007129043522,0.00025606715947262213,1.1205611828503559,0.005000000751084588,0.9418600047588922,0.21145370761011364
0.42600000000000016,0.018007193427502028,0.0,0.2179832667609669,0.00025062507906792515,1.1217251908755443,0.005000000704773786,0.9407319116252492,0.2113019693711419
0.42650000000000016,0.01802274898305758,0.0,0.21831148822481353,0.00024530188640567744,1.1228890606951805,0.005000000661345909,0.939593115045825,0.2111485499778337
0.42700000000000016,0.018038304538613138,0.0,0.2186547524524744,0.00024009545489690328,1.124052792464344,0.005000000620624258,0.9384436187271936,0.2109934721042229
0.42750000000000016,0.01805386009416869,0.0,0.21901307766502143,0.00023500365795262713,1.125216386338115,0.005000000582442405,0.9372834263696956,0.21083675986527525
0.42800000000000016,0.01806941564972425,0.0,0.21938648352886883,0.0002300243689838733,1.1263798424715734,0.005000000546643644,0.9361125416674412,0.21067843881166137
0.42850000000000016,0.018084971205279805,0.0,0.21977499114979637,0.00022515546140166627,1.1275431610197992,0.005000000513080464,0.9349309683083102,0.21051853592378197
0.42900000000000016,0.01810052676083536,0.0,0.22017862306756444,0.00022039480861703038,1.1287063421378725,0.005000000481614058,0.9337387099739557,0.2103570796063862
0.42950000000000016,0.018116082316390916,0.0,0.22059740325034083,0.00021574028404099007,1.129869385980873,0.005000000452113847,0.9325357703398041,0.21019409968300073
0.43000000000000016,0.018131637871946472,0.0,0.22103135708889549,0.00021118976108456963,1.131032292703881,0.005000000424457031,0.9313221530750578,0.21002962739012704
0.43050000000000016,0.018147193427502026,0.0,0.22148051139116534,0.00020674111315879357,1.1321950624619763,0.0050000003985281585,0.9300978618426967,0.20986369537180916
0.43100000000000016,0.018162748983057583,0.0,0.22194489437678416,0.0002023922136746862,1.1333576954102387,0.005000000374218715,0.92886290029948,0.2096963376741663
0.43150000000000016,0.01817830453861314,0.0,0.22242453567112724,0.00019814093604327192,1.1345201917037486,0.0050000003514267454,0.9276172720959469,0.2095275897394391
0.43200000000000016,0.018193860094168693,0.0,0.22291946630014842,0.00019398515367557512,1.1356825514975857,0.005000000330056475,0.92636098087642,0.209357488400831
0.43250000000000016,0.01820941564972425,0.0,0.22342971868464812,0.00018992273998262018,1.13684477494683,0.0050000003100179645,0.9250940302790058,0.20918607187677743
0.43300000000000016,0.018224971205279807,0.0,0.22395532663463133,0.00018595156837543153,1.1380068622065616,0.005000000291226777,0.9238164239355965,0.20901337976530704
0.43350000000000016,0.01824052676083536,0.0,0.22449632534386918,0.00018206951226503354,1.13916881343186,0.005000000273603664,0.9225281654718726,0.2088394530386059
0.43400000000000016,0.018256082316390917,0.0,0.2250527513843541,0.00017827444506245057,1.140330628777806,0.005000000257074264,0.9212292585073023,0.20866433403747486
0.43450000000000016,0.018271637871946474,0.0,0.2256246427007619,0.00017456424017870707,1.141492308399479,0.005000000241568821,0.9199197066551469,0.20848806646579518
0.43500000000000016,0.018287193427502027,0.0,0.22621203860474934,0.00017093677102482732,1.1426538524519592,0.005000000227021914,0.9185995135224587,0.20831069538482727
0.43550000000000016,0.018302748983057584,0.0,0.2268149797697827,0.00016738991101183584,1.1438152610903263,0.005000000213372209,0.9172686827100851,0.20813226720804345
0.43600000000000017,0.018318304538613137,0.0,0.22743350822516448,0.00016392153355075694,1.1449765344696607,0.0050000002005622084,0.9159272178126691,0.20795282969515558
0.43650000000000017,0.018333860094168694,0.0,0.22806766735101713,0.00016052951205261504,1.146137672745042,0.0050000001885380325,0.9145751224186519,0.2077724319471033
0.43700000000000017,0.018349415649724247,0.0,0.22871750187229306,0.00015721171992843448,1.1472986760715504,0.005000000177249201,0.9132124001102738,0.20759112440006477
0.43750000000000017,0.018364971205279804,0.0,0.22938305785367238,0.00015396603058923973,1.1484595446042658,0.005000000166648429,0.911839054463576,0.2074089588203583
0.43800000000000017,0.01838052676083536,0.0,0.23006438269376964,0.0001507903174460551,1.1496202784982683,0.005000000156691436,0.9104550890484026,0.20722598829865085
0.43850000000000017,0.018396082316390915,0.0,0.23076106207704314,0.0001476862608369932,1.1507808821140626,0.005000000147348923,0.9090605023556206,0.20704180097987024
0.43900000000000017,0.01841163787194647,0.0,0.2314718716852587,0.000144658595745104,1.15194136714351,0.005000000138601681,0.9076552838022445,0.20685516903290468
0.43950000000000017,0.01842719342750203,0.0,0.23219796960931535,0.00014169440408557158,1.1531017236470318,0.005000000130377772,0.9062394488652317,0.20666726355786325
0.44000000000000017,0.01844274898305758,0.0,0.232939345019834,0.00013879269912276686,1.1542619523248954,0.005000000122646701,0.9048130002596468,0.20647807869478937
0.44050000000000017,0.01845830453861314,0.0,0.2336959878863991,0.00013595249412106088,1.1554220538773676,0.00500000011537964,0.9033759406741625,0.20628760934186852
0.44100000000000017,0.018473860094168695,0.0,0.23446788895380774,0.00013317280234482456,1.156582029004716,0.0050000001085493476,0.9019282727710651,0.20609585113168724
0.44150000000000017,0.01848941564972425,0.0,0.23525503971896522,0.0001304526370584289,1.1577418784072075,0.0050000001021300875,0.900469999186263,0.20590280040814082
0.44200000000000017,0.018504971205279806,0.0,0.2360574324077666,0.00012779101152624484,1.1589016027851096,0.005000000096097556,0.8990011225292931,0.2057084542033256
0.44250000000000017,0.018520526760835362,0.0,0.2368750599518033,0.00012518693901264336,1.160061202838689,0.005000000090428809,0.8975216453833282,0.205512810214256
0.44300000000000017,0.018536082316390916,0.0,0.23770791596551558,0.00012263943278199542,1.1612206792682134,0.0050000000851021876,0.8960315703051835,0.20531586678002783
0.44350000000000017,0.018551637871946473,0.0,0.2385559947235918,0.000120147506098672,1.1623800327739495,0.005000000080097259,0.8945308998253243,0.2051176228592292
0.4440000000000002,0.01856719342750203,0.0,0.23941929113792892,0.00011771017222704408,1.1635392640561648,0.00500000007539475,0.893019636447872,0.20491807800691014
0.4445000000000002,0.018582748983057583,0.0,0.2402978007353033,0.00011532644443148258,1.1646983738151266,0.0050000000709764835,0.8914977826506112,0.20471723235226508
0.4450000000000002,0.01859830453861314,0.0,0.24119151963508437,0.00011299533597635852,1.1658573627511017,0.005000000066825327,0.8899653408849978,0.20451508657635753
0.4455000000000002,0.018613860094168693,0.0,0.2421004445265944,0.00011071586012604284,1.1670162315643575,0.005000000062925133,0.8884223135761636,0.2043116418894891
0.4460000000000002,0.01862941564972425,0.0,0.2430245726472403,0.00010848703014490654,1.1681749809551611,0.0050000000592606885,0.8868687031229248,0.20410690000934217
0.4465000000000002,0.018644971205279803,0.0,0.24396390176033533,0.00010630785929732055,1.1693336116237798,0.005000000055817662,0.8853045118977876,0.2039008631388128
0.4470000000000002,0.01866052676083536,0.0,0.24491843013329892,0.00010417736084765585,1.1704921242704807,0.0050000000525825625,0.8837297422469559,0.20369353394421968
0.4475000000000002,0.018676082316390917,0.0,0.24588815651573517,0.00010209454806028342,1.171650519595531,0.005000000049542684,0.882144396490337,0.20348491553339343
0.4480000000000002,0.01869163787194647,0.0,0.24687308011792017,0.00010005843419957423,1.1728087982991977,0.005000000046686074,0.8805484769215488,0.20327501143417445
0.4485000000000002,0.018707193427502027,0.0,0.2478732005892855,9.806803252989922e-05,1.1739669610817483,0.005000000044001484,0.8789419858079259,0.20306382557290592
0.4490000000000002,0.018722748983057584,0.0,0.2488885179969269,9.612235631562937e-05,1.1751250086434497,0.00500000004147833,0.8773249253905266,0.20285136225295297
0.4495000000000002,0.018738304538613137,0.0,0.24991903280440447,9.422041882113568e-05,1.1762829416845693,0.005000000039106663,0.875697297884139,0.20263762613351288
0.4500000000000002,0.018753860094168694,0.0,0.2509647458506422,9.236123331078908e-05,1.177440760905374,0.005000000036877127,0.8740591054772875,0.2024226222085238
0.4505000000000002,0.01876941564972425,0.0,0.25202565832886714,9.054381304896054e-05,1.1785984670061316,0.005000000034780927,0.8724103503322389,0.20220635578561502
0.4510000000000002,0.018784971205279805,0.0,0.25310177176582654,8.876717130002107e-05,1.1797560606871085,0.005000000032809799,0.8707510345850102,0.201988832465334
0.4515000000000002,0.01880052676083536,0.0,0.2541930880008945,8.703032132834159e-05,1.1809135426485724,0.005000000030955977,0.8690811603453727,0.20177005812026044
0.4520000000000002,0.01881608231639092,0.0,0.2552996091656369,8.533227639829309e-05,1.1820709135907903,0.0050000000292121675,0.8674007296968599,0.20155003887458425
0.4525000000000002,0.01883163787194647,0.0,0.2564213376631146,8.367204977424653e-05,1.1832281742140294,0.00500000002757152,0.8657097446967732,0.20132878108341587
0.4530000000000002,0.01884719342750203,0.0,0.2575582761478583,8.20486547205729e-05,1.1843853252185568,0.005000000026027603,0.8640082073761882,0.20110629131277263
0.4535000000000002,0.018862748983057585,0.0,0.2587104275051871,8.046110450164313e-05,1.1855423673046397,0.005000000024574378,0.8622961197399607,0.20088257631890444
0.4540000000000002,0.01887830453861314,0.0,0.25987779483147067,7.890841238182823e-05,1.1866993011725455,0.005000000023206179,0.8605734837667326,0.20065764302856806
0.4545000000000002,0.018893860094168696,0.0,0.26106038141406906,7.738959162549913e-05,1.187856127522541,0.005000000021917687,0.8588403014089393,0.20043149851897446
0.4550000000000002,0.01890941564972425,0.0,0.2622581907113683,7.590365549702682e-05,1.1890128470548937,0.005000000020703914,0.8570965745928134,0.20020414999783473
0.4555000000000002,0.018924971205279806,0.0,0.2634712263332805,7.444961726078227e-05,1.1901694604698707,0.00500000001956018,0.8553423052183932,0.19997560478386917
0.4560000000000002,0.01894052676083536,0.0,0.2646993994815011,7.303406352345847e-05,1.1913259692524734,0.005000000018488231,0.8535774939584064,0.19974577675215027
0.4565000000000002,0.018956082316390916,0.0,0.2659426526119373,7.165243628207463e-05,1.1924823746168944,0.005000000017480494,0.851802141847366,0.1995146112937679
0.4570000000000002,0.018971637871946473,0.0,0.2672010241715469,7.02990653907495e-05,1.1936386769629763,0.005000000016529272,0.8500162511361125,0.19928215077674316
0.4575000000000002,0.018987193427502026,0.0,0.2684745146803189,6.89735452764851e-05,1.1947948770132095,0.005000000015631466,0.8482198235576344,0.19904839919593154
0.4580000000000002,0.019002748983057583,0.0,0.2697631246717933,6.767547036628354e-05,1.195950975490085,0.0050000000147841315,0.8464128608179364,0.19881336051800308
0.4585000000000002,0.01901830453861314,0.0,0.27106685467377784,6.640443508714684e-05,1.1971069731160935,0.005000000013984482,0.8445953645960464,0.19857703866217072
0.4590000000000002,0.019033860094168693,0.0,0.27238570518892224,6.516003386607706e-05,1.198262870613726,0.005000000013229873,0.8427673365440198,0.1983394374807705
0.4595000000000002,0.01904941564972425,0.0,0.2737196766759568,6.394186113007628e-05,1.1994186687054733,0.0050000000125178,0.8409287782869467,0.19810056074051113
0.4600000000000002,0.019064971205279807,0.0,0.27506876953060394,6.274951130614654e-05,1.2005743681138261,0.00500000001184589,0.8390796914229575,0.1978604121033951
0.4605000000000002,0.01908052676083536,0.0,0.27643298406659234,6.158257882128992e-05,1.2017299695612753,0.005000000011211895,0.8372200775232277,0.19761899510773845
0.4610000000000002,0.019096082316390917,0.0,0.27781232049743515,6.044065810250846e-05,1.2028854737703119,0.005000000010613689,0.8353499381319844,0.19737631314996162
0.4615000000000002,0.019111637871946474,0.0,0.27920677891750023,5.932334357680423e-05,1.2040408814634262,0.005000000010049255,0.8334692747665121,0.1971323694656659
0.4620000000000002,0.019127193427502028,0.0,0.2806163592837487,5.8230229671179275e-05,1.20519619336311,0.005000000009516688,0.8315780889171569,0.19688716711138102
0.4625000000000002,0.019142748983057584,0.0,0.28204106139770757,5.716091081263567e-05,1.206351410191853,0.0050000000090141845,0.8296763820473343,0.196640708946548
0.4630000000000002,0.01915830453861314,0.0,0.28348088488694795,5.6114981428175455e-05,1.207506532672147,0.005000000008540039,0.8277641555935327,0.19639299761500292
0.4635000000000002,0.019173860094168695,0.0,0.2849358291874577,5.5092035944800705e-05,1.2086615615264824,0.005000000008092637,0.82584141096532,0.19614403552736148
0.4640000000000002,0.01918941564972425,0.0,0.28640589352567797,5.4091668789513476e-05,1.2098164974773502,0.005000000007670455,0.8239081495453484,0.19589382484306095
0.4645000000000002,0.019204971205279805,0.0,0.2878910769007392,5.3113474389315825e-05,1.210971341247241,0.00500000000727205,0.8219643726893608,0.19564236745260655
0.4650000000000002,0.01922052676083536,0.0,0.28939137806702525,5.2157047171209805e-05,1.2121260935586458,0.005000000006896062,0.8200100817261946,0.19538966496014243
0.4655000000000002,0.019236082316390915,0.0,0.2909067955166842,5.1221981562197485e-05,1.2132807551340552,0.005000000006541202,0.8180452779577887,0.1951357186659728
0.4660000000000002,0.019251637871946472,0.0,0.29243732746224244,5.030787198928092e-05,1.2144353266959604,0.005000000006206255,0.8160699626591869,0.1948805295491799
0.4665000000000002,0.01926719342750203,0.0,0.29398297181971034,4.9414312879462164e-05,1.215589808966852,0.005000000005890073,0.8140841370785451,0.19462409825074378
0.4670000000000002,0.019282748983057582,0.0,0.2955437261912131,4.854089865974328e-05,1.216744202669221,0.005000000005591573,0.8120878024371346,0.19436642505617557
0.4675000000000002,0.01929830453861314,0.0,0.29711958784846865,4.768722375712633e-05,1.2178985085255583,0.005000000005309731,0.8100809599293488,0.1941075098790064
0.4680000000000002,0.019313860094168696,0.0,0.2987105537158529,4.685288259861337e-05,1.2190527272583542,0.005000000005043581,0.8080636107227083,0.1938473522438608
0.4685000000000002,0.01932941564972425,0.0,0.30031662035369905,4.6037469611206455e-05,1.2202068595901003,0.005000000004792213,0.8060357559578634,0.19358595126976091
0.4690000000000002,0.019344971205279806,0.0,0.3019377839421892,4.5240579221907634e-05,1.2213609062432869,0.005000000004554766,0.803997396748603,0.19332330565402978
0.4695000000000002,0.019360526760835363,0.0,0.3035740402646017,4.4461805857718995e-05,1.222514867940405,0.00500000000433043,0.8019485341818565,0.19305941365554302
0.4700000000000002,0.019376082316390916,0.0,0.30522538469138016,4.3700743945642576e-05,1.2236687454039454,0.005000000004118441,0.7998891693177002,0.1927942730788077
0.4705000000000002,0.019391637871946473,0.0,0.30689181216407924,4.295698791268044e-05,1.224822539356399,0.005000000003918077,0.7978193031893618,0.1925278812579144
0.4710000000000002,0.01940719342750203,0.0,0.3085733171792493,4.2230132185834646e-05,1.2259762505202567,0.005000000003728657,0.7957389368032247,0.1922602350404294
0.4715000000000002,0.019422748983057583,0.0,0.3102698937728531,4.151977119210726e-05,1.2271298796180092,0.005000000003549542,0.7936480711388345,0.19199133077182007
0.4720000000000002,0.01943830453861314,0.0,0.3119815355046567,4.0825499358500327e-05,1.2282834273721472,0.005000000003380126,0.7915467071489023,0.19172116427985236
0.4725000000000002,0.019453860094168697,0.0,0.31370823544245735,4.0146911112015916e-05,1.2294368945051621,0.005000000003219842,0.7894348457593083,0.19144973085882494
0.4730000000000002,0.01946941564972425,0.0,0.31544998614694614,3.948360087965608e-05,1.230590281739544,0.005000000003068151,0.7873124878691109,0.19117702525444094
0.4735000000000002,0.019484971205279807,0.0,0.3172067796564435,3.8835163088422877e-05,1.2317435897977844,0.005000000002924548,0.7851796343505449,0.19090304164854896
0.4740000000000002,0.01950052676083536,0.0,0.318978607471737,3.820119216531837e-05,1.2328968194023737,0.005000000002788558,0.7830362860490325,0.19062777364399008
0.4745000000000002,0.019516082316390918,0.0,0.3207654605411908,3.758128253734461e-05,1.2340499712758028,0.00500000000265973,0.7808824437831834,0.1903512142497117
0.4750000000000002,0.01953163787194647,0.0,0.3225673292457899,3.697502863150368e-05,1.2352030461405628,0.005000000002537644,0.7787181083448013,0.19007335586582053
0.4755000000000002,0.019547193427502028,0.0,0.32438420338469254,3.638202487479761e-05,1.2363560447191442,0.0050000000024219,0.7765432804988877,0.18979419026914157
0.4760000000000002,0.019562748983057585,0.0,0.3262160721604814,3.5801865694228466e-05,1.237508967734038,0.005000000002312123,0.7743579609836466,0.18951370859847647
0.4765000000000002,0.019578304538613138,0.0,0.3280629241648217,3.523414551679833e-05,1.238661815907735,0.00500000000220796,0.7721621505104898,0.18923190134026824
0.4770000000000002,0.019593860094168695,0.0,0.3299247473641542,3.467845876950923e-05,1.2398145899627262,0.0050000000021090795,0.769955849764038,0.18894875831429864
0.4775000000000002,0.01960941564972425,0.0,0.3318015290856975,3.4134399879363226e-05,1.2409672906215021,0.005000000002015167,0.7677390594021302,0.18866426865970218
0.4780000000000002,0.019624971205279805,0.0,0.33369341961003857,3.360200087023166e-05,1.2421199173708972,0.005000000001926009,0.7655117824492397,0.18837858677080532
0.4785000000000002,0.019640526760835362,0.0,0.3356005031966966,3.308141357719921e-05,1.2432724702039955,0.00500000000184142,0.7632740209633846,0.18809180008268953
0.4790000000000002,0.01965608231639092,0.0,0.3375226167348179,3.257207591161352e-05,1.244424950974853,0.005000000001761097,0.7610257733637626,0.1878037450781101
0.4795000000000002,0.019671637871946472,0.0,0.33945976206562795,3.2073789347023674e-05,1.2455773602843665,0.005000000001684816,0.7587670404630498,0.18751442551599623
0.4800000000000002,0.01968719342750203,0.0,0.3414119405179872,3.158635535697873e-05,1.2467296987334324,0.005000000001612366,0.7564978230516387,0.18722384460844738
0.4805000000000002,0.019702748983057586,0.0,0.3433791528969857,3.110957541502777e-05,1.247881966922947,0.005000000001543547,0.7542181218976439,0.18693200500933363
0.4810000000000002,0.01971830453861314,0.0,0.3453613994728047,3.064325099471987e-05,1.249034165453807,0.0050000000014781675,0.7519279377469034,0.18663890880316097
0.4815000000000002,0.019733860094168696,0.0,0.3473586799699188,3.0187183569604102e-05,1.250186294926909,0.005000000001416047,0.749627271322983,0.18634455749428064
0.4820000000000002,0.019749415649724253,0.0,0.34937099355586876,2.974117461322954e-05,1.2513383559431488,0.005000000001357014,0.7473161233271801,0.1860489519956662
0.4825000000000002,0.019764971205279806,0.0,0.3513983388304423,2.930502559914526e-05,1.2524903491034236,0.005000000001300907,0.7449944944385252,0.18575209261809847
0.4830000000000002,0.019780526760835363,0.0,0.3534407138151635,2.8878538000900327e-05,1.2536422750086296,0.005000000001247571,0.7426623853137869,0.18545397905966174
0.4835000000000002,0.019796082316390917,0.0,0.3554981159422759,2.8461513292043825e-05,1.2547941342596634,0.005000000001196859,0.7403197965874746,0.18515461039473072
0.4840000000000002,0.019811637871946473,0.0,0.3575705420445288,2.8053752946124826e-05,1.255945927457421,0.0050000000011486325,0.7379667288718424,0.18485398506376263
0.4845000000000002,0.019827193427502027,0.0,0.35965798834431234,2.76550584366924e-05,1.2570976552027995,0.005000000001102761,0.7356031827568897,0.18455210086243568
0.4850000000000002,0.019842748983057584,0.0,0.3617604504437064,2.726523123729563e-05,1.258249318096695,0.005000000001059119,0.7332291588103683,0.1842489549317051
0.4855000000000002,0.01985830453861314,0.0,0.36387792331384,2.688407282148358e-05,1.259400916740004,0.005000000001017588,0.730844657577782,0.18394454374716548
0.4860000000000002,0.019873860094168694,0.0,0.3660104012848806,2.651138466280533e-05,1.260552451733623,0.005000000000978056,0.728449679582392,0.18363886310904645
0.4865000000000002,0.01988941564972425,0.0,0.36815787803597677,2.614696823480995e-05,1.2617039236784486,0.005000000000940417,0.726044225325219,0.18333190813215838
0.4870000000000002,0.019904971205279808,0.0,0.3703203465850782,2.5790625011046518e-05,1.2628553331753771,0.005000000000904571,0.7236282952850459,0.18302367323571822
0.4875000000000002,0.01992052676083536,0.0,0.37249779927913895,2.5442156465064102e-05,1.2640066808253052,0.00500000000087042,0.7212018899184217,0.18271415213355716
0.4880000000000002,0.019936082316390918,0.0,0.3746902277844541,2.5101364070411784e-05,1.265157967229129,0.005000000000837876,0.7187650096596644,0.18240333782446227
0.4885000000000002,0.019951637871946475,0.0,0.37689762307661706,2.4768049300638635e-05,1.2663091929877455,0.005000000000806852,0.716317654920863,0.1820912225821372
0.4890000000000002,0.019967193427502028,0.0,0.37911998658143387,2.444201847641731e-05,1.2674603586230437,0.005000000000777267,0.7138598262609314,0.18177780927072212
0.4895000000000002,0.019982748983057585,0.0,0.3813573788948956,2.412315662907554e-05,1.2686114642347979,0.005000000000749054,0.7113915251265517,0.18146316083351977
0.4900000000000002,0.01999830453861314,0.0,0.3836097827783057,2.3811330367744567e-05,1.2697625104718908,0.005000000000722142,0.708912751775612,0.18114726114420493
0.4905000000000002,0.020013860094168695,0.0,0.38587718990564995,2.3506389658182814e-05,1.270913497914964,0.005000000000696469,0.7064235065899149,0.18083010310575667
0.4910000000000002,0.020029415649724252,0.0,0.38815959125223454,2.32081844661487e-05,1.2720644271446597,0.0050000000006719695,0.7039237899297925,0.1805116788892671
0.4915000000000002,0.02004497120527981,0.0,0.3904569770856897,2.2916564757400658e-05,1.2732152987416188,0.005000000000648586,0.7014136021341121,0.18019197992495198
0.4920000000000002,0.020060526760835362,0.0,0.39276934245761885,2.263138207421401e-05,1.2743661132481903,0.005000000000626262,0.698892943604325,0.17987100248169471
0.4925000000000002,0.02007608231639092,0.0,0.39509669401254033,2.235249566780843e-05,1.2755168711216756,0.005000000000604943,0.6963618149092881,0.17954875458670586
0.4930000000000002,0.020091637871946472,1.0,0.3976880055901479,0.00730571340211849,1.276665850117935,0.0050677212365365055,0.6938240295140811,0.17947821470067116
0.4935000000000002,0.02010719342750203,1.0,0.4108880332023308,0.019179651935950396,1.2777422096648798,0.006491716511236711,0.6914370598818798,0.1901698099081787
0.4940000000000002,0.020122748983057583,1.0,0.4689354368829883,0.030911562476173958,1.2785271070721582,0.011858149524362427,0.6896906025040581,0.24637898897373237
0.4945000000000002,0.02013830453861314,1.0,0.6081412958554059,0.04250314375984445,1.278864704048565,0.023801097241489967,0.688937907343625,0.3847918535113154
0.4950000000000002,0.020153860094168696,1.0,0.8164422327517142,0.05395607441147273,1.2789519411310546,0.044505813397695354,0.6887432581568667,0.5928876465989221
0.4955000000000002,0.02016941564972425,1.0,1.0731313786246632,0.06527201280074053,1.2789640426776872,0.0753196878751869,0.6887162515716861,0.8495483274415672
0.4960000000000002,0.020184971205279807,1.0,1.3938993245991702,0.07645259763446302,1.2788682424633475,0.11640651290976399,0.6889300133816145,1.1705415632693954
0.4965000000000002,0.020200526760835363,1.0,1.8083487614081724,0.08749944786832643,1.2786031736253525,0.1666466042867901,0.6895210865835268,1.5856137609458643
0.4970000000000002,0.020216082316390917,1.0,2.322953491252827,0.09841416311777511,1.2782049348559419,0.2239147000655674,0.6904080568872045,2.1011524908951884
0.4975000000000002,0.020231637871946474,1.0,2.9202105876858493,0.10919832392539287,1.277759897844759,0.2855514397735699,0.691397756597076,2.699451022748644
0.4980000000000002,0.02024719342750203,1.0,3.5802323480214024,0.11985349188014661,1.277327519183476,0.348816964481911,0.6923577884141547,3.360482249432202
0.4985000000000002,0.020262748983057584,1.0,4.287225625606583,0.13038120992916857,1.2769376900658744,0.41127145493564793,0.6932220632839107,4.068383670728278
0.4990000000000002,0.02027830453861314,1.0,5.027598996306425,0.14078300250019132,1.2766066925654032,0.47101467379715767,0.6939549505121141,4.8095266552017595
0.4995000000000002,0.020293860094168698,1.0,5.7888815854159485,0.15106037594972455,1.2763445449633792,0.526759961197646,0.6945347698759314,5.5714178107923935
0.5,0.020309415649724244,1.0,6.559837113483612,0.1612148182159838,1.2761571787142614,0.577784549315094,0.694948850578318,6.342807781967835
