Time [s],Lmtc [m],STIM [ ],Fsee [N],Gamma [ ],Lcerel [ ],q [ ],fisomrel [ ],fce [N]
0.0,0.021309415649724245,1.0,2.304468627021586,0.049429127280212995,1.3602768667064244,0.047509840346747656,0.48080231726480505,1.8487108616041132
0.0005,0.021297573544461088,1.0,1.1422486549246276,0.06079921399301048,1.3633088497617611,0.08525471631826852,0.47202671873914426,0.6762514076069547
0.001,0.02128573143919793,1.0,1.034186088514063,0.072033299410482,1.362872573626605,0.13527954064187492,0.4732939812384166,0.5696692203498922
0.0015,0.021273889333934773,1.0,1.133343241082722,0.08313301026913432,1.3615685487265088,0.19562024851909676,0.47707273828722496,0.6732371706122132
0.002,0.021262047228671612,1.0,1.3484711686604405,0.09409995391316432,1.3598368387462194,0.26277432469930373,0.4820697979245091,0.8941899944449181
0.0025,0.021250205123408455,1.0,1.6087302892878932,0.1049357183784303,1.3580137755743402,0.3329511792809449,0.4873045459960238,1.1605411986522687
0.003,0.021238363018145297,1.0,1.8881440708796113,0.11564187275905236,1.3562027554156388,0.40262685868621445,0.49247838813722633,1.4459661018026333
0.0035,0.02122652091288214,1.0,2.176843717296825,0.12621996726632856,1.3544303439422964,0.46904830352172455,0.4975165251717818,1.7405094254811984
0.004,0.021214678807618983,1.0,2.4685531886593344,0.13667153387359637,1.3527064960489457,0.5304195017280078,0.5023925105795003,2.037865170650418
0.0045000000000000005,0.021202836702355825,1.0,2.758097839634684,0.14699808561141223,1.3510364050294825,0.5858202881861774,0.5070937693759083,2.3328449524346726
0.005,0.021190994597092665,1.0,3.041128962947031,0.1572011191017588,1.3494226652468473,0.6350008664237332,0.5116152040471589,2.6210950318326804
0.0055,0.021179152491829507,1.0,3.314357903420295,0.16728210834610802,1.3478654383477022,0.6781569716186228,0.515958547212644,2.8993296112783224
0.006,0.02116731038656635,1.0,3.575191728750531,0.17724251891930823,1.3463638340434603,0.7157418887518712,0.5201283778668573,3.164961861935558
0.006500000000000001,0.021155468281303193,1.0,3.8221154499317564,0.18708378817813645,1.344915234369888,0.7483280299128506,0.5241339243982608,3.416488189858841
0.007,0.021143626176040035,1.0,4.0541961829752555,0.19680733941347311,1.3435165898911285,0.7765185838435242,0.5279854098782808,3.6529881701790403
0.0075,0.021131784070776878,1.0,4.271090635808983,0.20641459090245165,1.3421643842284638,0.8008947727950161,0.5316941366622246,3.8741321258533565
0.008,0.021119941965513717,1.0,4.472902154721534,0.21590692508426546,1.3408549021205052,0.8219887477152943,0.5352717428016833,4.080037318741292
0.0085,0.02110809986025056,1.0,4.660046639291339,0.2252857148246996,1.33958443716526,0.8402726856069783,0.5387296401406141,4.271133223854924
0.009000000000000001,0.021096257754987403,1.0,4.833179226382142,0.23455232314912286,1.3383493573687852,0.8561571396128481,0.5420788494725202,4.4480880304646355
0.0095,0.021084415649724245,1.0,4.993099076291545,0.24370809304478666,1.3371462143898631,0.8699944739590169,0.5453297204903378,4.611713115211787
0.01,0.021072573544461088,1.0,5.140637978662661,0.2527543448794414,1.3359718829651062,0.8820846810855731,0.548491575427524,4.762851250141915
0.0105,0.02106073143919793,1.0,5.276735077840499,0.26169239228413177,1.3348233460034675,0.8926818301173444,0.5515733078841691,4.902452017971491
0.011,0.02104888933393477,1.0,5.402301685567956,0.27052353029720727,1.3336979000175253,0.9020006038262287,0.5545828460955747,5.031436020498819
0.0115,0.021037047228671613,1.0,5.518197785077726,0.27924903377352067,1.3325931464131489,0.9102222270932466,0.5575271958360069,5.150671439478217
0.012,0.021025205123408455,1.0,5.625311082984132,0.28787017066335746,1.3315068030604398,0.917499668281646,0.5604129580985872,5.261053682024762
0.0125,0.021013363018145298,1.0,5.724426472130353,0.2963881871531251,1.3304369148546287,0.9239622439046865,0.5632457812054195,5.3633742275578165
0.013000000000000001,0.02100152091288214,1.0,5.816252534114377,0.3048043074832144,1.3293817740402574,0.9297194430155719,0.5660305877203713,5.458347393687497
0.0135,0.020989678807618983,1.0,5.901583436959825,0.3131197691329422,1.3283396061947055,0.9348641088152172,0.5687724120156229,5.546773184080137
0.014,0.020977836702355823,1.0,5.981050715495627,0.321335777775084,1.3273090041419304,0.9394752489144387,0.5714752632304712,5.629287787276455
0.0145,0.020965994597092665,1.0,6.055150298081166,0.32945350576574883,1.326288858719438,0.9436202633665414,0.5741423227022667,5.706390832659756
0.015,0.020954152491829508,1.0,6.124402729575473,0.337474125461046,1.3252780607647345,0.9473567657457672,0.5767767327405346,5.7786065057480585
0.0155,0.02094231038656635,1.0,6.189326394794638,0.34539880091633707,1.3242755430131898,0.9507341540121416,0.5793814888140034,5.84645665096508
0.016,0.020930468281303193,1.0,6.250390956890979,0.35322868954487,1.3232803558538597,0.9537949239949688,0.5819592460760072,5.9104139940679286
0.0165,0.020918626176040036,1.0,6.3080221262244045,0.36096494527561307,1.3222916525736024,0.9565757416451952,0.5845123627255056,5.970906961860526
0.017,0.020906784070776875,1.0,6.362497455915942,0.36860866413050997,1.3213088644187658,0.9591083485632316,0.5870424545836926,6.028214981296129
0.0175,0.020894941965513718,1.0,6.414103084499576,0.3761609421315045,1.3203314226356988,0.9614202790087942,0.5895511186887572,6.082626035688995
0.018000000000000002,0.02088309986025056,1.0,6.463132894680539,0.38362287530054046,1.3193587584707493,0.963535486725001,0.5920399335520863,6.134435823868942
0.0185,0.020871257754987403,1.0,6.50986054487862,0.3909955412689469,1.3183903497018077,0.9654748715291886,0.5945103408670425,6.183919659926394
0.019,0.020859415649724246,1.0,6.554539324141225,0.3982800281282542,1.3174257189463265,0.9672567268954572,0.5969636518056308,6.231332336004147
0.0195,0.02084757354446109,1.0,6.597390399712337,0.40547741508791224,1.3164644519626096,0.9688971060179069,0.5994010025760206,6.27689632124997
0.02,0.020835731439197928,1.0,6.638549824018637,0.4125887157172876,1.3155062856478916,0.9704101320769762,0.601823134866684,6.320748525972155
0.0205,0.02082388933393477,1.0,6.678156381515217,0.4196149435857468,1.3145509568994072,0.9718082590071322,0.6042307820546693,6.363028579652
0.021,0.020812047228671613,1.0,6.7163513834812285,0.4265571122626563,1.3135982026143909,0.973102496193888,0.6066246692680939,6.403878625836118
0.021500000000000002,0.020800205123408456,1.0,6.753278481002212,0.43341623531738266,1.3126477596900774,0.9743025996303005,0.6090055134431025,6.443443135206859
0.022,0.0207883630181453,1.0,6.789059582029351,0.440193289904464,1.3116994050660173,0.9754172328380727,0.6113739235259634,6.481844712311863
0.0225,0.02077652091288214,1.0,6.823815093262499,0.44688929473939454,1.3107529211544542,0.9764541165647865,0.6137304879758942,6.5192044347774
0.023,0.02076467880761898,1.0,6.857649610379275,0.45350525500649097,1.3098081194202078,0.9774201399355006,0.6160757165652571,6.555627479446612
0.0235,0.020752836702355823,1.0,6.890621665529866,0.4600420942402374,1.3088648901454238,0.9783214580090953,0.618409918541821,6.591172736145738
0.024,0.020740994597092666,1.0,6.922790627617644,0.466500735975118,1.3079231236122482,0.9791635865658306,0.6207333997795046,6.625899926235813
0.0245,0.02072915249182951,1.0,6.954216658562808,0.47288210374561696,1.3069827101028266,0.9799514784619888,0.6230464627916956,6.659869558896919
0.025,0.02071731038656635,1.0,6.984960672724276,0.47918712108621847,1.3060435398993053,0.9806895897732172,0.6253494067436092,6.693142890569183
0.025500000000000002,0.020705468281303194,1.0,7.015084299486733,0.4854167115314067,1.30510550328383,0.9813819372262949,0.6276425274636834,6.725781887557458
0.026000000000000002,0.020693626176040033,1.0,7.044645928934059,0.4915717823161979,1.3041684969822394,0.98203214680747,0.6299261017742618,6.757845254554053
0.0265,0.020681784070776876,1.0,7.073678947680564,0.49765318230105443,1.3032324597485476,0.9826434957465002,0.6322003014193818,6.789366576468302
0.027,0.02066994196551372,1.0,7.102245875373105,0.5036619214127358,1.302297283272018,0.9832189680303864,0.634465410105429,6.820408692665086
0.0275,0.02065809986025056,1.0,7.130369755288696,0.5095988276003656,1.3013629247149507,0.9837612579950843,0.6367215504290038,6.8509947889405085
0.028,0.020646257754987404,1.0,7.158073892343381,0.5154647288130672,1.3004293412396453,0.9842728160733587,0.6389688436892511,6.881148310722905
0.0285,0.020634415649724246,1.0,7.185381844129789,0.521260452999964,1.299496490008401,0.98475587438278,0.6412074098905911,6.910892954114626
0.029,0.020622573544461086,1.0,7.212317412434818,0.5269868281101796,1.2985643281835177,0.985212469287156,0.6434373677452989,6.940252657413712
0.029500000000000002,0.020610731439197928,1.0,7.23890463524383,0.5326446820928376,1.297632812927295,0.9856444613273563,0.6456588346759434,6.969251593121858
0.03,0.02059888933393477,1.0,7.265167779220644,0.5382348428970611,1.2967019014020325,0.9860535528610344,0.6478719268176745,6.997914160427949
0.0305,0.020587047228671614,1.0,7.291131332675176,0.5437581384719739,1.2957715507700298,0.9864413037029612,0.6500767590203667,7.026264978179007
0.031,0.020575205123408456,1.0,7.316812624490743,0.549215326476532,1.294841730087996,0.9868091403652749,0.6522734167948694,7.054321473495046
0.0315,0.0205633630181453,1.0,7.342229962110729,0.5546072590650007,1.2939124070911412,0.98715838059662,0.6544619878315652,7.082102053974189
0.032,0.020551520912882138,1.0,7.367400574575441,0.5599347669498775,1.2929835515040307,0.9874902350992654,0.6566425541923401,7.109624042293225
0.0325,0.02053967880761898,1.0,7.392333685389322,0.5651985837828202,1.2920551461328413,0.987805813086161,0.6588151664692987,7.136896721302411
0.033,0.020527836702355824,1.0,7.417038606785008,0.570399443215487,1.2911271737837502,0.9881061378307486,0.6609798747387445,7.163929461782393
0.0335,0.020515994597092666,1.0,7.441524737729236,0.5755380788995358,1.2901996172629344,0.988392154442542,0.6631367285617855,7.190731720451061
0.034,0.02050415249182951,1.0,7.465801562006092,0.5806152244866248,1.2892724593765708,0.9886647368450465,0.6652857769849209,7.217313038047699
0.0345,0.02049231038656635,1.0,7.489878646377426,0.585631613628412,1.2883456829308362,0.9889246940470491,0.6674270685405987,7.2436830374942645
0.035,0.02048046828130319,1.0,7.513765638821734,0.5905879799765553,1.2874192707319077,0.9891727757869253,0.6695606512477534,7.269851422135104
0.035500000000000004,0.020468626176040033,1.0,7.5374722668494,0.595485057182713,1.2864932055859624,0.9894096776197605,0.671686572612318,7.295827974052979
0.036000000000000004,0.020456784070776876,1.0,7.561007484252445,0.6003235580183073,1.2855674716504375,0.989636044427734,0.6738048765407063,7.321621697530667
0.0365,0.02044494196551372,1.0,7.584375911355775,0.6051041442333838,1.2846420600605455,0.9898524733719805,0.6759155905779552,7.3472372457499695
0.037,0.02043309986025056,1.0,7.607587018087133,0.6098276230029023,1.2837169543482594,0.9900595274932549,0.6780187592613908,7.37268413941748
0.0375,0.020421257754987404,1.0,7.630644838228457,0.6144946421297229,1.2827921467438383,0.9902577234539286,0.6801144069600455,7.397966441463738
0.038,0.020409415649724243,1.0,7.653553442441123,0.6191058494167062,1.2818676294775408,0.9904475431405789,0.682202557810847,7.423088251339718
0.0385,0.020397573544461086,1.0,7.676316937666269,0.6236618926667126,1.2809433947796256,0.990629436416194,0.6842832357187978,7.448053704417432
0.039,0.02038573143919793,1.0,7.698939466538833,0.6281634196826024,1.2800194348803517,0.9908038236245295,0.6863564643571538,7.472866971404252
0.0395,0.02037388933393477,1.0,7.721425206819428,0.632611078267236,1.2790957420099778,0.9909710978715414,0.6884222671675997,7.4975322577750445
0.04,0.020362047228671614,1.0,7.743778370841916,0.6370055162234738,1.2781723083987624,0.9911316271060748,0.6904806673604154,7.52205380322001
0.0405,0.020350205123408457,1.0,7.766003204975174,0.6413473813541761,1.2772491262769645,0.9912857560195496,0.6925316879146391,7.5464358811067
0.041,0.020338363018145296,1.0,7.78810398910305,0.6456373214622037,1.276326187874843,0.99143380778225,0.6945753515782277,7.5706827979602185
0.0415,0.02032652091288214,1.0,7.810082935954023,0.6498758979584841,1.2754034887013113,0.9915760821985327,0.6966116736445869,7.594796785225335
0.042,0.02031467880761898,1.0,7.831944389670009,0.6540638284032927,1.2744810209748705,0.9917128670662986,0.6986406764983708,7.618782213110369
0.0425,0.020302836702355824,1.0,7.853690799986245,0.6582017103386474,1.2735587799133696,0.9918444281599369,0.7006623757292344,7.642641550205013
0.043000000000000003,0.020290994597092667,1.0,7.875324157768378,0.6622901157642721,1.2726367614808947,0.9919710145382111,0.702676785156839,7.666376804312239
0.043500000000000004,0.02027915249182951,1.0,7.896846472107365,0.666329616679891,1.2717149616415315,0.9920928606899039,0.7046839184805642,7.689990001274279
0.044,0.02026731038656635,1.0,7.91825977008625,0.670320785085228,1.2707933763593655,0.9922101875442672,0.7066837892795801,7.713483184739528
0.0445,0.02025546828130319,1.0,7.939566096550402,0.6742641929800073,1.2698720015984823,0.9923232034015715,0.7086764110129149,7.736858415932876
0.045,0.020243626176040034,1.0,7.960767513881678,0.6781604123639529,1.2689508333229678,0.9924321047908343,0.7106617970195248,7.76011777342999
0.0455,0.020231784070776877,1.0,7.98186610177755,0.6820100152367886,1.2680298674969077,0.9925370772611188,0.7126399605183604,7.783263352936531
0.046,0.02021994196551372,1.0,8.002863957035173,0.6858135735982388,1.2671091000843875,0.992638296112174,0.7146109146084347,7.806297267072338
0.0465,0.020208099860250562,1.0,8.023762638882728,0.6895716126991477,1.2661885279034721,0.9927359255320971,0.7165746704503297,7.829221088829081
0.047,0.0201962577549874,1.0,8.044563855096989,0.6932847119070282,1.2652681475649619,0.9928301226433831,0.7185312395498145,7.852036540053028
0.0475,0.020184415649724244,1.0,8.065269361392774,0.696953446415713,1.2643479556280375,0.9929210360359181,0.7204806334211085,7.8747453904848035
0.048,0.020172573544461087,1.0,8.08588022558185,0.7005783212919504,1.2634279497293195,0.993008804259353,0.7224228612056285,7.897348719476646
0.0485,0.02016073143919793,1.0,8.106397526084667,0.704159841602489,1.2625081275054284,0.993093558661994,0.7243579319743749,7.919847616880565
0.049,0.020148889333934772,1.0,8.126822351815774,0.7076985124140771,1.2615884865929845,0.9931754238384388,0.7262858547279678,7.942243182933811
0.0495,0.020137047228671615,1.0,8.147155802069841,0.711194838793463,1.2606690246286085,0.9932545180454868,0.7282066383966795,7.964536528144946
0.05,0.020125205123408454,1.0,8.167398986409832,0.7146493258073953,1.259749739248921,0.9933309535888533,0.7301202918404702,7.986728773182073
0.0505,0.020113363018145296,1.0,8.187553024557666,0.7180624785226222,1.2588306280905426,0.9934048371829923,0.7320268238490208,8.00882104876355
0.051000000000000004,0.02010152091288214,1.0,8.207619046284636,0.7214348020058922,1.2579116887900934,0.9934762702861302,0.733926243141768,8.03081449554846
0.051500000000000004,0.020089678807618982,1.0,8.227598063875892,0.7247667796456023,1.2569929191780138,0.9935453488040178,0.7358185579694514,8.05271013619792
0.052000000000000005,0.020077836702355824,1.0,8.247490549009408,0.7280588261818932,1.2560743179200302,0.9936121621334512,0.7377037748071651,8.074508450937905
0.0525,0.020065994597092667,1.0,8.26729818876568,0.7313115803899538,1.2551558818475077,0.9936768015419404,0.7395819038344827,8.09621113910969
0.053,0.020054152491829506,1.0,8.287021556335759,0.7345254809551329,1.2542376094984435,0.9937393485752749,0.7414529516660677,8.117818782527747
0.0535,0.02004231038656635,1.0,8.306661231631002,0.737700966562779,1.2533194994108348,0.9937998809891339,0.7433169248729763,8.139331969659422
0.054,0.020030468281303192,1.0,8.326217801219281,0.7408384758982406,1.2524015501226784,0.9938584729619094,0.7451738299826762,8.160751295561143
0.0545,0.020018626176040034,1.0,8.345691858263633,0.7439384476468662,1.2514837601719722,0.9939151952939327,0.747023673479064,8.182077361817123
0.055,0.020006784070776877,1.0,8.365084002460607,0.7470013204940047,1.2505661280967126,0.9939701155940857,0.7488664618024872,8.203310776477723
0.0555,0.01999494196551372,1.0,8.384394839979365,0.7500275331250044,1.2496486524348975,0.9940232984546962,0.750702201349759,8.22445215399858
0.056,0.01998309986025056,1.0,8.403624983401325,0.753017524225214,1.2487313317245237,0.9940748056155518,0.7525308984741799,8.245502115180292
0.0565,0.0199712577549874,1.0,8.422775051660548,0.755971732479982,1.2478141645035883,0.9941246961177898,0.7543525594855539,8.266461287108813
0.057,0.019959415649724244,1.0,8.441845669983987,0.758890596574657,1.2468971493100887,0.9941730264483752,0.7561671906502072,8.28733030309575
0.0575,0.019947573544461087,1.0,8.460837469833352,0.7617745551945876,1.245980284682022,0.9942198506758121,0.7579747981910055,8.308109802620244
0.058,0.01993573143919793,1.0,8.479750826882748,0.7646239813273519,1.2450635695498684,0.9942652190196369,0.7597753875179072,8.328800168548055
0.0585,0.019923889333934772,1.0,8.498586260114687,0.7674393266581101,1.244147002637053,0.9943091814505708,0.7615689644133715,8.349401927401832
0.059000000000000004,0.01991204722867161,1.0,8.517344405557347,0.7702210598322826,1.2432305825002854,0.9943517862558569,0.7633555349462875,8.369915723009601
0.059500000000000004,0.019900205123408454,1.0,8.536025585899463,0.7729695575737061,1.242314308173087,0.994393077627875,0.7651351042183929,8.390341884888322
0.06,0.019888363018145297,1.0,8.554630128345995,0.7756851966062173,1.2413981786889792,0.9944330979663774,0.7669076773025747,8.41068074702656
0.0605,0.01987652091288214,1.0,8.573158364582987,0.778368353653653,1.2404821930814827,0.9944718879681147,0.768673259242882,8.430932647849358
0.061,0.019864678807618982,1.0,8.591610630740048,0.7810194054398498,1.239566350384119,0.9945094867114036,0.7704318550545342,8.45109793018073
0.0615,0.019852836702355825,1.0,8.609987267353935,0.7836387286886446,1.2386506496304093,0.9945459317359608,0.7721834697239345,8.47117694120727
0.062,0.019840994597092668,1.0,8.628288619332928,0.7862267001238741,1.2377350898538746,0.9945812591183048,0.7739281082086806,8.491170032442543
0.0625,0.019829152491829507,1.0,8.646515035920219,0.788783696469375,1.236819670088036,0.9946155035430018,0.7756657754375751,8.511077559690484
0.063,0.01981731038656635,1.0,8.664666870659113,0.7913100944489839,1.235904389366415,0.9946486983700176,0.7773964763106355,8.530899883010623
0.0635,0.019805468281303192,1.0,8.68274448135638,0.7938062707865378,1.2349892467225325,0.9946808756984168,0.7791202156991069,8.550637366681448
0.064,0.019793626176040035,1.0,8.700748230048134,0.7962726022058733,1.23407424118991,0.9947120664266341,0.7808369984454715,8.570290379166305
0.0645,0.019781784070776878,1.0,8.718678226503659,0.7987093727144845,1.2331593721810044,0.9947422983752588,0.7825468286566396,8.589859035940655
0.065,0.019769941965513717,1.0,8.736534957238167,0.8011170420589486,1.2322446385567676,0.9947716019802333,0.7842497114465455,8.609343830177053
0.0655,0.01975809986025056,1.0,8.754318674298915,0.8034959587149832,1.2313300395306817,0.9948000042940578,0.785945651242933,8.628745019906383
0.066,0.019746257754987402,1.0,8.772029573316248,0.8058464461965824,1.2304155744046386,0.9948275308899804,0.7876346522871219,8.648062806551485
0.0665,0.019734415649724245,1.0,8.789667853254052,0.8081688280177398,1.2295012424805296,0.9948542064309757,0.7893167187995727,8.66729739483648
0.067,0.019722573544461088,1.0,8.807233716383163,0.8104634276924494,1.2285870430602466,0.9948800547108744,0.7909918549798919,8.68644899276018
0.0675,0.01971073143919793,1.0,8.824727368258397,0.812730568734705,1.2276729754456814,0.9949050986934292,0.7926600650068405,8.705517811573138
0.068,0.01969888933393477,1.0,8.842149017694332,0.8149705746585004,1.2267590389387257,0.9949293605494363,0.7943213530383418,8.72450406575344
0.0685,0.019687047228671612,1.0,8.859498876740485,0.8171837689778295,1.2258452328412712,0.9949528616920191,0.7959757232114879,8.743407972981885
0.069,0.019675205123408455,1.0,8.87677716065805,0.8193704752066863,1.2249315564552095,0.9949756228101831,0.7976231796425477,8.762229754118746
0.0695,0.019663363018145297,1.0,8.893984087895324,0.8215310168590644,1.2240180090824322,0.9949976639007357,0.7992637264269733,8.780969633179206
0.07,0.01965152091288214,1.0,8.911119880064183,0.8236657174489578,1.2231045900248312,0.9950190042986621,0.800897367639408,8.799627837309828
0.07050000000000001,0.019639678807618983,1.0,8.92818473168947,0.8257748826174032,1.2221912986284345,0.9950396623651171,0.8025241072552395,8.818204566465168
0.07100000000000001,0.019627836702355822,1.0,8.945178749833984,0.827858780275897,1.221278134371231,0.9950596551506314,0.8041439489967499,8.836699932891346
0.07150000000000001,0.019615994597092665,1.0,8.962102242470412,0.8299178047111287,1.2203650964422583,0.9950790015331891,0.8057568970799768,8.855114250190349
0.07200000000000001,0.019604152491829507,1.0,8.978955333501368,0.8319522337428007,1.219452184303457,0.9950977176221816,0.8073629552177664,8.873447647415878
0.0725,0.01959231038656635,1.0,8.995738149467517,0.8339623451906154,1.2185393974167678,0.9951158190174977,0.8089621271068641,8.891700256234774
0.073,0.019580468281303193,1.0,9.012450819530372,0.8359484168742753,1.2176267352441317,0.9951333208307355,0.8105544164279225,8.90987221090984
0.0735,0.019568626176040035,1.0,9.029093475454795,0.8379107266134829,1.216714197247489,0.99515023770546,0.8121398268455056,8.927963648282343
0.074,0.019556784070776878,1.0,9.045666251590713,0.8398495522279404,1.215801782888781,0.9951665838365517,0.8137183620080937,8.945974707753736
0.0745,0.019544941965513717,1.0,9.062169284855765,0.8417651715373504,1.2148894916299482,0.995182372988696,0.8152900255480897,8.963905531268319
0.075,0.01953309986025056,1.0,9.078602714718775,0.8436578623614153,1.2139773229329314,0.9951976185140556,0.8168548210818241,8.981756263296717
0.0755,0.019521257754987403,1.0,9.094966683180587,0.8455279025198374,1.2130652762596714,0.9952123333691697,0.8184127522095596,8.999527050816722
0.076,0.019509415649724245,1.0,9.111261334758948,0.8473755698323193,1.212153351072109,0.9952265301311152,0.8199638225154979,9.017218043298188
0.0765,0.019497573544461088,1.0,9.127486816469844,0.8492011421185635,1.2112415468321847,0.9952402210129742,0.8215080355677837,9.03482939268437
0.077,0.019485731439197927,1.0,9.143643222975069,0.8510048525150404,1.2103298630809562,0.9952534170864578,0.8230453947853849,9.052361198420597
0.0775,0.01947388933393477,1.0,9.159730704496711,0.8527869933988742,1.2094182992826643,0.9952661301491652,0.8245759037022258,9.069813615605828
0.078,0.019462047228671613,1.0,9.175749406529084,0.8545478568138872,1.2085068549118774,0.9952783716661445,0.8260995658190293,9.087186794571245
0.0785,0.019450205123408455,1.0,9.191699413620514,0.8562876813395183,1.2075955295343237,0.9952901518542332,0.827616384469455,9.10448082454389
0.079,0.019438363018145298,1.0,9.20758081248548,0.8580067055552061,1.2066843227157313,0.9953014806461283,0.8291263629741576,9.121695796896836
0.0795,0.01942652091288214,1.0,9.223393691991415,0.8597051680403893,1.2057732340218286,0.9953123677014241,0.8306295046407911,9.138831805136004
0.08,0.019414678807618983,1.0,9.239138143145407,0.8613833073745065,1.2048622630183434,0.9953228224172,0.8321258127640123,9.155888944886865
0.0805,0.019402836702355823,1.0,9.254814259079092,0.8630413621369964,1.2039514092710044,0.9953328539381887,0.833615290625485,9.172867313879346
0.081,0.019390994597092665,1.0,9.270422135038537,0.8646795709072979,1.2030406723455391,0.9953424711665388,0.8350979414938857,9.18976701193771
0.0815,0.019379152491829508,1.0,9.285961868367071,0.8662981722648493,1.2021300518076763,0.9953516827711937,0.8365737686249044,9.206588140963403
0.082,0.01936731038656635,1.0,9.30143355849489,0.8678974047890895,1.2012195472231437,0.9953604971969021,0.8380427752612521,9.22333080492466
0.0825,0.019355468281303193,1.0,9.31683730692417,0.8694775070594571,1.2003091581576697,0.9953689226728812,0.8395049646326627,9.23999510984162
0.083,0.019343626176040032,1.0,9.332173217216582,0.8710387176553909,1.1993988841769823,0.9953769672211422,0.8409603399558976,9.256581163773864
0.0835,0.019331784070776875,1.0,9.347441295912482,0.8725811710708085,1.198488724988179,0.9953846369135765,0.8424089042102682,9.273088977547824
0.084,0.019319941965513718,1.0,9.36264174857591,0.8741052200801327,1.197578680017021,0.9953919413138542,0.8438506608109266,9.28951876137839
0.0845,0.01930809986025056,1.0,9.377774649855038,0.875611087177648,1.1966687488791168,0.9953988875987528,0.8452856128572916,9.305870594284992
0.085,0.019296257754987403,1.0,9.392840055735823,0.8770989734439636,1.195758931219339,0.9954054824148412,0.8467137633914483,9.322144536568338
0.0855,0.019284415649724246,1.0,9.407838024022066,0.8785690799596884,1.1948492266825599,0.9954117322461319,0.8481351154448336,9.338340650330512
0.08600000000000001,0.01927257354446109,1.0,9.42276861432375,0.8800216078054317,1.1939396349136517,0.995417643420058,0.8495496720382378,9.354458999463313
0.08650000000000001,0.019260731439197928,1.0,9.437631888047232,0.8814567580618026,1.1930301555574876,0.995423222113234,0.8509574361818086,9.37049964963845
0.08700000000000001,0.01924888933393477,1.0,9.452427908385843,0.8828747318094102,1.1921207882589393,0.9954284743570151,0.8523584108750553,9.386462668298156
0.08750000000000001,0.019237047228671613,1.0,9.46715674030721,0.8842757301288637,1.1912115326628796,0.9954334060428587,0.8537525991068501,9.402348124642504
0.088,0.019225205123408456,1.0,9.48181845054412,0.8856599541007723,1.190302388414181,0.9954380229274986,0.8551400038554328,9.418156089620284
0.0885,0.0192133630181453,1.0,9.496413107584274,0.8870276048057449,1.189393355157716,0.9954423306379405,0.8565206280884129,9.433886635918757
0.089,0.01920152091288214,1.0,9.510940781659395,0.888378883324391,1.1884844325383568,0.9954463346762853,0.8578944747627746,9.44953983795277
0.0895,0.01918967880761898,1.0,9.52540154473468,0.8897139907373194,1.1875756202009762,0.9954500404243865,0.8592615468248765,9.465115771854212
0.09,0.019177836702355823,1.0,9.539795470499433,0.8910331281251395,1.1866669177904465,0.9954534531483512,0.8606218472104588,9.480614515462655
0.0905,0.019165994597092666,1.0,9.554122634356423,0.8923364965684603,1.1857583249516401,0.9954565780028896,0.8619753788446435,9.49603614831471
0.091,0.01915415249182951,1.0,9.568383079514485,0.8936242354474285,1.1848498413772377,0.9954594190377053,0.8633221445712402,9.511380717679858
0.0915,0.01914231038656635,1.0,9.58257689700741,0.8948965752846302,1.1839414666947607,0.9954619816784191,0.8646621473207209,9.52664831871493
0.092,0.019130468281303194,1.0,9.596704157901225,0.8961537403294652,1.1830332005622748,0.995464271146792,0.8659953899677204,9.541839026556215
0.0925,0.019118626176040033,1.0,9.610764901043222,0.8973958978647061,1.1821250426855023,0.9954662916502831,0.8673218753072158,9.556952884050457
0.093,0.019106784070776876,1.0,9.624759166819091,0.8986232151731258,1.1812169927701652,0.9954680473083821,0.8686416061253515,9.571989935569144
0.0935,0.01909494196551372,1.0,9.638686997142894,0.8998358595374972,1.1803090505219858,0.9954695421557505,0.8699545851994399,9.586950226998468
0.094,0.01908309986025056,1.0,9.65254843544873,0.9010339982405928,1.1794012156466864,0.9954707801452637,0.8712608152979644,9.601833805731006
0.0945,0.019071257754987404,1.0,9.666343526683914,0.9022177985651856,1.178493487849989,0.9954717651509596,0.8725602991805832,9.616640720658898
0.095,0.019059415649724243,1.0,9.680072317298816,0.9033874277940482,1.1775858668376165,0.9954725009708998,0.8738530395981294,9.631371022163695
0.0955,0.019047573544461086,1.0,9.693734855240843,0.9045430532099534,1.1766783523152904,0.9954729913299412,0.8751390392926165,9.646024762110336
0.096,0.019035731439197928,1.0,9.707331189943398,0.905684842095674,1.1757709439887332,0.9954732398824266,0.8764183009972385,9.66060199383612
0.0965,0.01902388933393477,1.0,9.72086137232026,0.9068129617339827,1.1748636415636673,0.9954732502147966,0.8776908274363732,9.675102772145083
0.097,0.019012047228671614,1.0,9.734325454755533,0.9079275794076523,1.1739564447458148,0.9954730258481211,0.878956621325585,9.689527153297957
0.0975,0.019000205123408456,1.0,9.747723491096776,0.9090288623994556,1.1730493532408979,0.9954725702405605,0.8802156853716278,9.703875195005299
0.098,0.0189883630181453,1.0,9.761055536645998,0.9101169779921653,1.172142366754639,0.9954718867897538,0.8814680222724456,9.71814695641849
0.0985,0.018976520912882138,1.0,9.774321640448347,0.9111920676262267,1.1712354850035098,0.9954709784261404,0.882713634702451,9.732342490407476
0.099,0.01896467880761898,1.0,9.787521857256426,0.9122542690011066,1.1703287076980016,0.9954698479664104,0.883952525335715,9.746461855542547
0.0995,0.018952836702355823,1.0,9.800656248258335,0.9133038054850162,1.1694220345416162,0.9954684995289572,0.8851846968471176,9.760505116823067
0.1,0.018940994597092666,1.0,9.813724841960196,0.9143408162436674,1.168515465285359,0.9954669358484258,0.8864101518386357,9.774472306505885
0.1005,0.01892915249182951,1.0,9.826727668197185,0.9153654404427716,1.1676089996802348,0.9954651596112123,0.8876288929047642,9.788363458165335
0.101,0.018917310386566348,1.0,9.839664758125252,0.9163778172480406,1.1667026374772487,0.9954631734572066,0.888840922632516,9.802178606684954
0.1015,0.01890546828130319,1.0,9.852536144216128,0.9173780858251858,1.1657963784274057,0.9954609799814907,0.8900462436014259,9.81591778825249
0.10200000000000001,0.018893626176040033,1.0,9.865341860248787,0.9183663853399189,1.1648902222817108,0.9954585817359916,0.891244858383552,9.829581040351371
0.10250000000000001,0.018881784070776876,1.0,9.878081941304023,0.9193428549579515,1.1639841687911692,0.9954559812310929,0.8924367695434774,9.843168401755285
0.10300000000000001,0.01886994196551372,1.0,9.89075642375707,0.9203076338449954,1.1630782177067858,0.9954531809372038,0.8936219796383127,9.856679912520802
0.10350000000000001,0.01885809986025056,1.0,9.903365345271366,0.921260861166762,1.1621723687795655,0.9954501832862885,0.8948004912176983,9.870115613981138
0.10400000000000001,0.018846257754987404,1.0,9.915908744791013,0.9222026760889629,1.1612666217605137,0.9954469906733588,0.8959723068238057,9.883475548738623
0.1045,0.018834415649724247,1.0,9.928386662535049,0.9231332177773098,1.1603609764006353,0.9954436054579271,0.8971374289913395,9.896759760658979
0.105,0.018822573544461086,1.0,9.940799139990503,0.9240526253975143,1.1594554324509352,0.9954400299654264,0.898295860247541,9.909968294864365
0.1055,0.01881073143919793,1.0,9.95314621990567,0.9249610381152881,1.1585499896624185,0.9954362664885934,0.899447603112188,9.923101197726673
0.106,0.01879888933393477,1.0,9.9654279462831,0.9258585950963426,1.1576446477860904,0.9954323172888198,0.900592660097598,9.9361585168605
0.1065,0.018787047228671614,1.0,9.97764435574551,0.9267453650693536,1.1567394065848733,0.9954281834907494,0.9017310336936871,9.949140292479075
0.107,0.018775205123408457,1.0,9.989795505230832,0.9276215632740291,1.1558342657953313,0.9954238684922808,0.9028627264161201,9.962046585121684
0.1075,0.018763363018145296,1.0,10.00188141711149,0.928487307236692,1.1549292252034518,0.9954193741290142,0.9039877407114325,9.974877420709516
0.108,0.01875152091288214,1.0,10.013902114540416,0.9293427127319376,1.1540242845957553,0.9954147021826784,0.905106079019063,9.987632825933892
0.1085,0.01873967880761898,1.0,10.025857621830564,0.9301878955343607,1.1531194437587633,0.995409854409671,0.9062177437720277,10.000312828636208
0.109,0.018727836702355824,1.0,10.037747964450347,0.9310229714185565,1.1522147024789968,0.9954048325420575,0.9073227373969219,10.012917457803399
0.1095,0.018715994597092667,1.0,10.049573169018037,0.9318480561591204,1.1513100605429767,0.9953996382885442,0.908421062313923,10.025446743562325
0.11,0.01870415249182951,1.0,10.06133326329535,0.9326632655306472,1.1504055177372243,0.9953942733354375,0.90951272093679,10.037900717173367
0.1105,0.01869231038656635,1.0,10.073028276183006,0.9334687153077322,1.1495010738482603,0.9953887393475759,0.9105977156728681,10.050279411025986
0.111,0.01868046828130319,1.0,10.084658237714333,0.9342645212649705,1.148596728662606,0.9953830379692475,0.9116760489230874,10.06258285863233
0.1115,0.018668626176040034,1.0,10.096223179050003,0.9350507991769573,1.1476924819667824,0.9953771708250864,0.9127477230819666,10.07481109462198
0.112,0.018656784070776877,1.0,10.107723132472511,0.9358276648182876,1.1467883335473108,0.9953711395209514,0.9138127405376137,10.086964154736412
0.1125,0.01864494196551372,1.0,10.119158131380837,0.9365952339635566,1.1458842831907117,0.9953649456447865,0.914871103671729,10.099042075823688
0.113,0.018633099860250562,1.0,10.130528210284572,0.9373536223873594,1.1449803306835065,0.9953585907674657,0.9159228148596045,10.111044895832562
0.1135,0.0186212577549874,1.0,10.141833404798227,0.9381029458642912,1.1440764758122164,0.9953520764436201,0.9169678764701273,10.122972653806807
0.114,0.018609415649724244,1.0,10.153073723542654,0.9388432486871044,1.1431727184018297,0.995345403084342,0.9180062908217216,10.134825361760777
0.1145,0.018597573544461087,1.0,10.164249238308123,0.9395747069333859,1.1422690581923016,0.9953385731639373,0.919038060324302,10.14660309492626
0.115,0.01858573143919793,1.0,10.175359983406311,0.940297453718003,1.1413654949764398,0.995331588466951,0.9200631873202647,10.158305891010126
0.1155,0.018573889333934772,1.0,10.186405975446355,0.9410115832884675,1.1404620285727178,0.9953244501510109,0.921081674116948,10.16993376999071
0.116,0.018562047228671615,1.0,10.197387232064333,0.9417171898922909,1.1395586587996103,0.9953171593603449,0.9220935230162158,10.181486752864817
0.1165,0.018550205123408454,1.0,10.208303771919788,0.942414367776985,1.1386553854755908,0.9953097172263831,0.9230987363144614,10.192964861644256
0.117,0.018538363018145296,1.0,10.21915561469056,0.9431032111900614,1.1377522084191338,0.9953021248683502,0.924097316302606,10.204368119350672
0.11750000000000001,0.01852652091288214,1.0,10.22994278106809,0.9437838143790316,1.1368491274487134,0.9952943833938478,0.9250892652661032,10.215696550010849
0.11800000000000001,0.018514678807618982,1.0,10.240665292753313,0.9444562715914074,1.1359461423828034,0.9952864938994256,0.9260745854849382,10.22695017865261
0.11850000000000001,0.018502836702355824,1.0,10.251323172451514,0.9451206770747004,1.1350432530398784,0.9952784574711453,0.9270532792336295,10.238129031299671
0.11900000000000001,0.018490994597092664,1.0,10.261916443867934,0.9457771250764222,1.1341404592384121,0.995270275185134,0.9280253487812316,10.249233134967257
0.11950000000000001,0.018479152491829506,1.0,10.272445131704089,0.9464257098440844,1.1332377607968787,0.9952619481081303,0.928990796391335,10.260262517658413
0.12,0.01846731038656635,1.0,10.282909261651488,0.9470665256251987,1.1323351575337524,0.9952534772980189,0.9299496243220677,10.271217208357728
0.1205,0.01845546828130319,1.0,10.293308860388523,0.9476996666672766,1.1314326492675073,0.9952448638043614,0.9309018348260977,10.282097237028228
0.121,0.018443626176040034,1.0,10.303643955575462,0.9483252272178299,1.1305302358166174,0.9952361086689147,0.931847430150633,10.292902634606376
0.1215,0.018431784070776877,1.0,10.313914575849823,0.9489433015243701,1.129627916999557,0.9952272129261436,0.932786412537424,10.303633432997437
0.122,0.01841994196551372,1.0,10.32412075082196,0.9495539838344089,1.1287256926348,0.9952181776037269,0.9337187842227641,10.31428966507107
0.1225,0.018408099860250562,1.0,10.334262511070548,0.9501573683954581,1.1278235625408206,0.9952090037230541,0.9346445474374917,10.324871364656829
0.123,0.0183962577549874,1.0,10.344339888278814,0.9507535202812627,1.126921526535902,0.9951996918305791,0.9355637044071853,10.335378566680461
0.1235,0.018384415649724244,1.0,10.354352924657416,0.9513425142463107,1.1260195844253553,0.995190242620537,0.9364762573650429,10.345811316592675
0.124,0.018372573544461087,1.0,10.364301642143664,0.9519244964300513,1.1251177360432847,0.9951806579321403,0.9373822085096117,10.356169639548893
0.1245,0.01836073143919793,1.0,10.37418605435705,0.9524995423964651,1.1242159812363186,0.9951709384654652,0.9382815600219941,10.366453552373509
0.125,0.018348889333934772,1.0,10.384006175823194,0.9530677277095325,1.123314319851086,0.9951610849149706,0.9391743140786563,10.37666307278987
0.1255,0.01833704722867161,1.0,10.39376202197065,0.953629127933234,1.1224127517342155,0.995151097969857,0.9400604728514292,10.386798219417098
0.126,0.018325205123408454,1.0,10.40345360912762,0.95418381863155,1.121511276732336,0.9951409783144214,0.9409400385075105,10.39685901176679
0.1265,0.018313363018145297,1.0,10.413080954517158,0.954731875368461,1.1206098946920762,0.9951307266284076,0.9418130132094652,10.406845470238224
0.127,0.01830152091288214,1.0,10.422644076253883,0.9552733737079474,1.1197086054600647,0.9951203435873525,0.9426793991152262,10.41675761611509
0.1275,0.018289678807618982,1.0,10.432142993340351,0.9558083892139896,1.11880740888293,0.9951098298629275,0.9435391983780971,10.426595471561846
0.128,0.018277836702355825,1.0,10.441577725663011,0.9563369974505681,1.1179063048073015,0.995099186123279,0.9443924131467509,10.436359059619686
0.1285,0.018265994597092668,1.0,10.45094829398927,0.9568592739816634,1.1170052930798071,0.9950884130333614,0.9452390455652337,10.446048404203603
0.129,0.018254152491829507,1.0,10.460254719962204,0.9573752943712559,1.1161043735470761,0.995077511255269,0.9460790977729641,10.455663530097102
0.1295,0.01824231038656635,1.0,10.469497026098786,0.9578851341833259,1.1152035460557372,0.9950664814485645,0.9469125719047345,10.465204462950428
0.13,0.018230468281303192,1.0,10.47867523578481,0.958388868981854,1.1143028104524189,0.9950553242706021,0.9477394700907136,10.474671229275499
0.1305,0.018218626176040035,1.0,10.487789373271196,0.9588865743308207,1.1134021665837501,0.9950440403768496,0.9485597944564456,10.484063856442205
0.131,0.018206784070776878,1.0,10.496839463671552,0.9593783257942063,1.1125016142963593,0.995032630421206,0.9493735471228528,10.493382372675974
0.1315,0.018194941965513717,1.0,10.50582553295643,0.9598641989359914,1.1116011534368755,0.9950210950563159,0.950180730206236,10.502626807052028
0.132,0.01818309986025056,1.0,10.514747607952179,0.9603442693201563,1.1107007838519272,0.9950094349338819,0.9509813458182756,10.511797189494246
0.1325,0.018171257754987402,1.0,10.523605731827836,0.9608185481524325,1.1098005053673068,0.9949976496375523,0.9517753960843361,10.520893566267441
0.133,0.018159415649724245,1.0,10.532399923196055,0.9612871806839045,1.1089003178429926,0.9949857409698227,0.9525628830947808,10.529915959063503
0.1335,0.018147573544461088,1.0,10.541130193536771,0.9617502301619388,1.1080002211496585,0.9949737093773867,0.9533438089264995,10.538864382432521
0.134,0.01813573143919793,1.0,10.549796555409765,0.9622077571707888,1.1071002151576161,0.994961555261242,0.9541181756527694,10.547738851998444
0.1345,0.01812388933393477,1.0,10.558399022182112,0.9626598222947081,1.1062002997371774,0.9949492790209954,0.9548859853429348,10.556539384186433
0.135,0.018112047228671612,1.0,10.566937608025949,0.9631064861179504,1.1053004747586541,0.9949368810550894,0.9556472400624082,10.565265996220626
0.1355,0.018100205123408455,1.0,10.575412327914348,0.963547809224769,1.104400740092358,0.9949243617610265,0.9564019418726717,10.573918706120022
0.136,0.018088363018145297,1.0,10.583823197619,0.9639838521994176,1.1035010956086004,0.9949117215355934,0.9571500928312774,10.582497532696157
0.1365,0.01807652091288214,1.0,10.592170233706366,0.9644146756261497,1.102601541177694,0.9948989607750813,0.9578916949918479,10.591002495549262
0.137,0.018064678807618983,1.0,10.60045345353567,0.9648403400892188,1.1017020766699497,0.9948860798755081,0.9586267504040787,10.599433615066252
0.1375,0.018052836702355822,1.0,10.608672875254678,0.9652609061728785,1.1008027019556799,0.9948730792328362,0.9593552611137375,10.607790912416515
0.138,0.018040994597092665,1.0,10.616828517798186,0.9656764344613823,1.0999034169051958,0.9948599592431896,0.9600772291626666,10.616074409550393
0.1385,0.018029152491829507,1.0,10.62492040088273,0.9660869855389838,1.0990042213888098,0.9948467203030714,0.9607926565887821,10.624284129193896
0.139,0.01801731038656635,1.0,10.632948545005862,0.9664926199899365,1.0981051152768333,0.9948333628095771,0.961501545426077,10.632420094847983
0.1395,0.018005468281303193,1.0,10.64091297144126,0.966893398398494,1.0972060984395782,0.9948198871606098,0.9622038977046201,10.640482330783673
0.14,0.017993626176040035,1.0,10.64881370223704,0.9672893813489097,1.096307170747356,0.9948062937550907,0.9628997154505585,10.648470862040348
0.1405,0.017981784070776875,1.0,10.65665076021156,0.9676806294254373,1.0954083320704788,0.9947925829931725,0.963589000686117,10.656385714421573
0.14100000000000001,0.017969941965513717,1.0,10.664424168951738,0.9680672032123303,1.0945095822792583,0.9947787552764477,0.9642717554296004,10.664226914493407
0.14150000000000001,0.01795809986025056,1.0,10.67213171708183,0.9684491297195814,1.0936109242298242,0.9947648104985998,0.9649479794593524,10.671992253677775
0.14200000000000002,0.017946257754987403,1.0,10.67977602611434,0.968826488425062,1.0927123543230257,0.9947507493077108,0.965617677423527,10.67968435671904
0.14250000000000002,0.017934415649724245,1.0,10.687358436383079,0.9691993533256125,1.0918138706755007,0.9947365723006583,0.9662808526063297,10.687304566959863
0.14300000000000002,0.017922573544461085,1.0,10.694878278433398,0.9695677729953255,1.0909154740885736,0.9947222796995793,0.9669375062849996,10.69485221780223
0.14350000000000002,0.017910731439197927,1.0,10.702334882560168,0.9699317960082934,1.0900171653635689,0.9947078717273612,0.9675876397596316,10.702326642432997
0.14400000000000002,0.01789888933393477,1.0,10.709727578824907,0.9702914709386088,1.0891189453018109,0.9946933486078016,0.9682312543531714,10.709727173841014
0.1445,0.017887047228671613,1.0,10.717055697075256,0.9706468463603642,1.088220814704624,0.9946787105657628,0.9688683514114096,10.717055697075256
0.145,0.017875205123408455,1.0,10.724318566962927,0.9709979708476523,1.087322774373333,0.9946639578273313,0.969498932302976,10.724318566962927
0.1455,0.017863363018145298,1.0,10.731515517964,0.9713448929745653,1.0864248251092616,0.9946490906199732,0.9701229984193341,10.731515517964
0.146,0.01785152091288214,1.0,10.738645879396145,0.9716876613151959,1.0855269677137351,0.99463410917269,0.9707405511747749,10.738645879396145
0.1465,0.017839678807618983,1.0,10.745708980439538,0.9720263244436367,1.0846292029880775,0.994619013716175,0.9713515920064111,10.745708980439538
0.147,0.017827836702355822,1.0,10.752704150155207,0.97236093093398,1.0837315317336131,0.9946038044829678,0.9719561223741717,10.752704150155207
0.1475,0.017815994597092665,1.0,10.759630717505406,0.9726915293603186,1.0828339547516668,0.9945884817076093,0.9725541437607953,10.759630717505406
0.148,0.017804152491829508,1.0,10.76648801137269,0.9730181682967447,1.0819364728435625,0.9945730456267965,0.9731456576718246,10.76648801137269
0.1485,0.01779231038656635,1.0,10.773275360580232,0.9733408963173511,1.081039086810625,0.9945574964795361,0.9737306656356,10.773275360580232
0.149,0.017780468281303193,1.0,10.779992093911632,0.9736597619962303,1.0801417974541787,0.9945418345072985,0.9743091692032536,10.779992093911632
0.1495,0.017768626176040032,1.0,10.786637540131663,0.9739748139074746,1.0792446055755478,0.9945260599541713,0.9748811699487034,10.786637540131663
0.15,0.017756784070776875,1.0,10.79321102800632,0.9742861006251767,1.078347511976057,0.9945101730670117,0.9754466694686463,10.79321102800632
0.1505,0.017744941965513718,1.0,10.79971215041318,0.974593656237928,1.0774505171064277,0.9944941738267258,0.9760056695997879,10.79971215041318
0.151,0.01773309986025056,1.0,10.806141505469416,0.9748975071895253,1.0765536200837056,0.9944780620445409,0.9765581730083187,10.806141505469416
0.1515,0.017721257754987403,1.0,10.812498504371232,0.97519774483602,1.075656821601807,0.9944618387415591,0.9771041813804494,10.812498504371232
0.152,0.017709415649724246,1.0,10.818783108400718,0.9754944076740838,1.0747601216251979,0.994445503974701,0.9776436968583425,10.818783108400718
0.1525,0.01769757354446109,1.0,10.824995279636331,0.9757875342003886,1.0738635201183437,0.9944290578022572,0.9781767215829081,10.824995279636331
0.153,0.017685731439197928,1.0,10.831134980951093,0.9760771629116057,1.0729670170457102,0.9944125002839973,0.9787032576938042,10.831134980951093
0.1535,0.01767388933393477,1.0,10.837202176012854,0.9763633323044072,1.0720706123717632,0.994395831481276,0.9792233073294362,10.837202176012854
0.154,0.017662047228671613,1.0,10.843196829281986,0.9766460808754645,1.0711743060609682,0.9943790514571421,0.9797368726269585,10.843196829281986
0.1545,0.017650205123408456,1.0,10.849118906011372,0.9769254471214492,1.0702780980777913,0.994362160276445,0.9802439557222734,10.849118906011372
0.155,0.0176383630181453,1.0,10.854968372245649,0.9772014695390331,1.0693819883866975,0.9943451580059431,0.9807445587500326,10.854968372245649
0.1555,0.017626520912882138,1.0,10.860745194819156,0.9774741866248879,1.068485976952153,0.994328044714411,0.9812386838436367,10.860745194819156
0.156,0.01761467880761898,1.0,10.866449341356644,0.9777436368756852,1.0675900637386235,0.9943108204727479,0.9817263331352353,10.866449341356644
0.1565,0.017602836702355823,1.0,10.872080780271016,0.9780098587880967,1.0666942487105746,0.9942934853540846,0.982207508755728,10.872080780271016
0.157,0.017590994597092666,1.0,10.877639480762976,0.9782728908587939,1.0657985318324719,0.9942760394338921,0.9826822128347648,10.877639480762976
0.1575,0.01757915249182951,1.0,10.883125412819936,0.9785327715844487,1.064902913068781,0.9942584827900895,0.983150447500745,10.883125412819936
0.158,0.01756731038656635,1.0,10.88853854721518,0.9787895394617326,1.064007392383968,0.9942408155031518,0.9836122148808191,10.88853854721518
0.1585,0.017555468281303194,1.0,10.893878855507262,0.9790432329873174,1.063111969742498,0.9942230376562174,0.984067517100888,10.893878855507262
0.159,0.017543626176040033,1.0,10.89914631003829,0.9792938906578748,1.062216645108837,0.9942051493351981,0.9845163562856041,10.89914631003829
0.1595,0.017531784070776876,1.0,10.904340883934095,0.9795415509700762,1.0613214184474509,0.9941871506288853,0.9849587345583706,10.904340883934095
0.16,0.01751994196551372,1.0,10.90946255110224,0.9797862524205935,1.0604262897228052,0.9941690416290602,0.9853946540413424,10.90946255110224
0.1605,0.01750809986025056,1.0,10.914511278137308,0.9800280138910811,1.059531258910055,0.994150822058407,0.985824116850336,10.914511278137308
0.161,0.017496257754987404,1.0,10.919487128801661,0.9802668430509305,1.0586363258570866,0.9941324914217671,0.9862471251599263,10.919487128801661
0.1615,0.017484415649724243,1.0,10.924390193955832,0.9805028404793711,1.0577414903771503,0.9941140509939689,0.9866636811561018,10.924390193955832
0.162,0.017472573544461086,1.0,10.929220483255065,0.980736035544508,1.0568467523918228,0.9940955007056752,0.9870737869700111,10.929220483255065
0.1625,0.017460731439197928,1.0,10.93397800715581,0.9809664576144462,1.0559521118226811,0.9940768404890603,0.9874774447303287,10.93397800715581
0.163,0.01744888933393477,1.0,10.938662776915375,0.9811941360572907,1.0550575685913017,0.9940580702778853,0.9878746565632565,10.938662776915375
0.1635,0.017437047228671614,1.0,10.943274804588162,0.9814191002411466,1.0541631226192616,0.9940391900075727,0.9882654245925233,10.943274804588162
0.164,0.017425205123408456,1.0,10.94781410302503,0.9816413795341189,1.0532687738281374,0.9940201996152803,0.988649750939387,10.94781410302503
0.1645,0.0174133630181453,1.0,10.952280685870699,0.9818610033043126,1.0523745221395062,0.9940010990399766,0.9890276377226335,10.952280685870699
0.165,0.017401520912882138,1.0,10.956674567561869,0.9820780009198328,1.0514803674749444,0.9939818882225153,0.9893990870585787,10.956674567561869
0.1655,0.01738967880761898,1.0,10.960995763325194,0.9822924017487844,1.0505863097560293,0.993962567105711,0.9897641010610683,10.960995763325194
0.166,0.017377836702355823,1.0,10.965244289175295,0.9825042351592727,1.0496923489043373,0.9939431356344148,0.9901226818414784,10.965244289175295
0.1665,0.017365994597092666,1.0,10.969420161912675,0.9827135305194024,1.0487984848414456,0.9939235937555897,0.9904748315087168,10.969420161912675
0.167,0.01735415249182951,1.0,10.973523399122097,0.9829203171972787,1.0479047174889304,0.9939039414183864,0.990820552169223,10.973523399122097
0.1675,0.017342310386566348,1.0,10.977554019169824,0.9831246245610067,1.0470110467683689,0.9938841785742212,0.9911598459269689,10.977554019169824
0.168,0.01733046828130319,1.0,10.981512041202794,0.9833264819786912,1.0461174726013378,0.9938643051768498,0.9914927148834595,10.981512041202794
0.1685,0.017318626176040033,1.0,10.985397485145363,0.9835259188184375,1.045223994909414,0.993844321182446,0.9918191611377332,10.985397485145363
0.169,0.017306784070776876,1.0,10.989210371697892,0.9837229644483505,1.0443306136141743,0.9938242265496787,0.9921391867863631,10.989210371697892
0.1695,0.01729494196551372,1.0,10.99295072233527,0.9839176482365353,1.0434373286371954,0.9938040212397876,0.9924527939234571,10.99295072233527
0.17,0.01728309986025056,1.0,10.996618559303927,0.9841099995510968,1.0425441399000541,0.9937837052166629,0.9927599846406585,10.996618559303927
0.1705,0.017271257754987404,1.0,11.000213905620756,0.9843000477601402,1.0416510473243272,0.9937632784469212,0.9930607610271466,11.000213905620756
0.171,0.017259415649724243,1.0,11.003736785070126,0.9844878222317704,1.0407580508315915,0.9937427408999842,0.9933551251696376,11.003736785070126
0.1715,0.017247573544461086,1.0,11.007187222203399,0.9846733523340925,1.0398651503434237,0.9937220925481571,0.9936430791523849,11.007187222203399
0.17200000000000001,0.01723573143919793,1.0,11.010565242335257,0.9848566674352115,1.038972345781401,0.993701333366707,0.9939246250571796,11.010565242335257
0.17250000000000001,0.01722388933393477,1.0,11.013870871542826,0.9850377969032323,1.0380796370671,0.993680463333942,0.9941997649633518,11.013870871542826
0.17300000000000001,0.017212047228671614,1.0,11.017104031258102,0.9852167142911131,1.037187024260645,0.993659481292844,0.9944685009065528,11.017104031258102
0.17350000000000002,0.017200205123408453,1.0,11.020264863438763,0.9853935094799287,1.0362945071332537,0.9936383884554862,0.9947308350078168,11.020264863438763
0.17400000000000002,0.017188363018145296,1.0,11.023353383107185,0.9855682061322785,1.0354020856240254,0.9936171846936057,0.9949867693338768,11.023353383107185
0.17450000000000002,0.01717652091288214,1.0,11.026369602733885,0.9857408261787065,1.0345097596763921,0.9935958698451779,0.9952363059483106,11.026369602733885
0.17500000000000002,0.01716467880761898,1.0,11.029313535533259,0.985911391549757,1.0336175292337864,0.9935744437496863,0.995479446912862,11.029313535533259
0.17550000000000002,0.017152836702355824,1.0,11.032185195461864,0.9860799241759742,1.0327253942396397,0.9935529062481755,0.9957161942874406,11.032185195461864
0.176,0.017140994597092667,1.0,11.03498459721681,0.9862464459879022,1.0318333546373843,0.9935312571833042,0.9959465501301221,11.03498459721681
0.1765,0.01712915249182951,1.0,11.037711756234431,0.9864109789160852,1.0309414103704524,0.9935094963993979,0.996170516497149,11.037711756234431
0.177,0.017117310386566352,1.0,11.040366688688975,0.9865735448910673,1.0300495613822758,0.9934876237425033,0.9963880954429314,11.040366688688975
0.1775,0.01710546828130319,1.0,11.04294941149058,0.9867341658433927,1.0291578076162866,0.9934656390604416,0.9965992890200465,11.04294941149058
0.178,0.017093626176040034,1.0,11.045459942285264,0.9868928637036054,1.028266149015917,0.9934435422028625,0.9968040992792399,11.045459942285264
0.1785,0.017081784070776877,1.0,11.04789829945221,0.9870496604022498,1.0273745855245988,0.993421333021298,0.9970025282694257,11.04789829945221
0.179,0.01706994196551372,1.0,11.050264502102161,0.9872045778698699,1.0264831170857645,0.9933990113692185,0.9971945780376867,11.050264502102161
0.1795,0.017058099860250562,1.0,11.052558570077583,0.98735763803701,1.0255917436428454,0.9933765771020867,0.9973802506292755,11.052558570077583
0.18,0.0170462577549874,1.0,11.054780523949283,0.9875088628342141,1.0247004651392742,0.9933540300774125,0.997559548087614,11.054780523949283
0.1805,0.017034415649724244,1.0,11.056930385016969,0.9876582741920263,1.0238092815184827,0.9933313701548093,0.9977324724542945,11.056930385016969
0.181,0.017022573544461087,1.0,11.059008175306365,0.9878058940409911,1.0229181927239028,0.9933085971960495,0.9978990257690802,11.059008175306365
0.1815,0.01701073143919793,1.0,11.06101391756779,0.9879517443116522,1.022027198698967,0.9932857110651201,0.998059210069905,11.06101391756779
0.182,0.016998889333934772,1.0,11.062947635276439,0.9880958469345541,1.021136299387107,0.9932627116282795,0.9982130273928743,11.062947635276439
0.1825,0.016987047228671615,1.0,11.064809352628599,0.9882382238402408,1.0202454947317547,0.9932395987541138,0.9983604797722659,11.064809352628599
0.183,0.016975205123408457,1.0,11.066599094542218,0.9883788969592566,1.0193547846763424,0.9932163723135947,0.9985015692405297,11.066599094542218
0.1835,0.016963363018145296,1.0,11.06831688665392,0.9885178882221455,1.0184641691643024,0.9931930321801347,0.9986362978282881,11.06831688665392
0.184,0.01695152091288214,1.0,11.069962755319782,0.9886552195594517,1.017573648139066,0.9931695782296462,0.9987646675643372,11.069962755319782
0.1845,0.016939678807618982,1.0,11.07153672761104,0.9887909129017193,1.016683221544066,0.9931460103405996,0.9988866804756464,11.07153672761104
0.185,0.016927836702355824,1.0,11.073036082934122,0.9889249593203647,1.0157928929261446,0.99312232781998,0.9990023381320934,11.073036082934122
0.1855,0.016915994597092664,1.0,11.074463836096966,0.9890574035500245,1.0149026583129326,0.9930985309338533,0.9991116431008319,11.074463836096966
0.186,0.016904152491829506,1.0,11.075821203967108,0.9891882763129449,1.0140125160910136,0.993074619715442,0.9992145975711964,11.075821203967108
0.1865,0.01689231038656635,1.0,11.077107986824336,0.9893175939856943,1.0131224665052092,0.9930505939387099,0.9993112034912787,11.077107986824336
0.187,0.01688046828130319,1.0,11.078323985580404,0.9894453729448403,1.012232509800341,0.9930264533789461,0.9994014628159382,11.078323985580404
0.1875,0.016868626176040034,1.0,11.079469001784915,0.9895716295669509,1.0113426462212305,0.993002197812806,0.9994853775068,11.079469001784915
0.188,0.016856784070776877,1.0,11.080542837630885,0.989696380228594,1.0104528760126992,0.9929778270183514,0.9995629495322526,11.080542837630885
0.1885,0.01684494196551372,1.0,11.081545295961151,0.9898196413063376,1.0095631994195684,0.9929533407750902,0.9996341808674463,11.081545295961151
0.189,0.016833099860250562,1.0,11.082476180273975,0.9899414291767495,1.0086736166866597,0.9929287388640182,0.9996990734942915,11.082476180273975
0.1895,0.0168212577549874,1.0,11.083335294729185,0.9900617602163979,1.0077841280587947,0.9929040210676598,0.9997576294014572,11.083335294729185
0.19,0.016809415649724244,1.0,11.084122444154705,0.9901806508018505,1.006894733780795,0.9928791871701087,0.9998098505843679,11.084122444154705
0.1905,0.016797573544461087,1.0,11.08483743405212,0.9902981173096753,1.0060054340974818,0.99285423695707,0.9998557390452032,11.08483743405212
0.191,0.01678573143919793,1.0,11.085480070602364,0.9904141761164402,1.0051162292536768,0.9928291702159022,0.9998952967928952,11.085480070602364
0.1915,0.01677388933393477,1.0,11.086050160672782,0.9905288435987132,1.0042271194942014,0.9928039867356585,0.999928525843127,11.086050160672782
0.192,0.01676204722867161,1.0,11.086547511822769,0.9906421361330621,1.0033381050638774,0.9927786863071301,0.9999554282183301,11.086547511822769
0.1925,0.016750205123408454,1.0,11.086971932309671,0.9907540700960549,1.002449186207526,0.9927532687228876,0.9999760059476834,11.086971932309671
0.193,0.016738363018145297,1.0,11.087323231095231,0.9908646618642595,1.0015603631699688,0.9927277337773251,0.9999902610671112,11.087323231095231
0.1935,0.01672652091288214,1.0,11.087601217851653,0.990973927814244,1.0006716361960273,0.9927020812667025,0.9999981956192807,11.087601217851653
0.194,0.016714678807618982,1.0,11.087805702967547,0.991081884322576,0.999783005530523,0.9926763109891893,0.9999998116536009,11.087805702967547
0.1945,0.016702836702355825,1.0,11.08793649755464,0.9911885477658238,0.9988944714182775,0.9926504227449083,0.99999511122622,11.08793649755464
0.195,0.016690994597092668,1.0,11.087993413453468,0.991293934520555,0.9980060341041121,0.992624416335979,0.9999840964000242,11.087993413453468
0.1955,0.016679152491829507,1.0,11.087976263239787,0.9913980609633378,0.9971176938328485,0.992598291566562,0.9999667692446352,11.087976263239787
0.196,0.01666731038656635,1.0,11.087884860231114,0.9915009434707399,0.9962294508493081,0.9925720482429043,0.9999431318364088,11.087884860231114
0.1965,0.016655468281303192,1.0,11.087719018492376,0.9916025984193294,0.9953413053983126,0.9925456861733832,0.9999131862584328,11.087719018492376
0.197,0.016643626176040035,1.0,11.087480580111825,0.9917030153749684,0.9944532550684557,0.9925192044396145,0.9998769344826576,11.087480580111825
0.1975,0.016631784070776874,1.0,11.087163937304759,0.9918022110084174,0.9935653072105035,0.9924926030862645,0.9998343789148192,11.087163937304759
0.198,0.016619941965513717,1.0,11.086764011394122,0.9919002357609032,0.9926774684833914,0.9924658829555838,0.999785522128753,11.086764011394122
0.1985,0.01660809986025056,1.0,11.086280724782123,0.991997101371249,0.9917897389947022,0.992439043753734,0.9997303664568995,11.086280724782123
0.199,0.016596257754987402,1.0,11.085714000818182,0.9920928195782772,0.9909021188520184,0.9924120851876761,0.9996689142344688,11.085714000818182
0.1995,0.016584415649724245,1.0,11.085063763801834,0.992187402120811,0.9900146081629224,0.9923850069651982,0.9996011677994401,11.085063763801834
0.2,0.016572573544461087,1.0,11.0843299389854,0.9922808607376733,0.9891272070349969,0.9923578087949433,0.9995271294925607,11.0843299389854
0.2005,0.01656073143919793,1.0,11.083512452577704,0.9923732071676867,0.9882399155758244,0.9923304903864381,0.999446801657345,11.083512452577704
0.201,0.016548889333934773,1.0,11.082611231746851,0.9924644531496744,0.9873527338929872,0.9923030514501209,0.9993601866400736,11.082611231746851
0.2015,0.016537047228671612,1.0,11.081626204622847,0.9925546104224591,0.986465662094068,0.9922754916973704,0.9992672867897923,11.081626204622847
0.202,0.016525205123408455,1.0,11.080557300302079,0.9926436907248636,0.9855787002866495,0.9922478108405351,0.9991681044583108,11.080557300302079
0.2025,0.016513363018145297,1.0,11.079404448848752,0.9927317057957109,0.984691848578314,0.9922200085929609,0.9990626420002029,11.079404448848752
0.203,0.01650152091288214,1.0,11.078167581299265,0.9928186673738238,0.9838051070766441,0.9921920846690224,0.9989509017728041,11.078167581299265
0.20350000000000001,0.01648967880761898,1.0,11.076846629664157,0.9929045871980253,0.9829184758892224,0.9921640387841505,0.9988328861362117,11.076846629664157
0.20400000000000001,0.016477836702355822,1.0,11.075441526932892,0.9929894770071381,0.9820319551236314,0.9921358706548631,0.9987085974532832,11.075441526932892
0.20450000000000002,0.016465994597092665,1.0,11.073952207075404,0.9930733485399852,0.9811455448874535,0.9921075799987951,0.9985780380896359,11.073952207075404
0.20500000000000002,0.016454152491829507,1.0,11.072378605045808,0.9931562135353894,0.9802592452882715,0.9920791665347282,0.9984412104136454,11.072378605045808
0.20550000000000002,0.01644231038656635,1.0,11.070720656785616,0.9932380837321737,0.9793730564336677,0.9920506299826211,0.9982981167964453,11.070720656785616
0.20600000000000002,0.016430468281303193,1.0,11.068978299226783,0.9933189708691608,0.9784869784312247,0.9920219700636411,0.9981487596119256,11.068978299226783
0.20650000000000002,0.016418626176040035,1.0,11.067151470294728,0.9933988866851736,0.9776010113885251,0.9919931865001931,0.9979931412367321,11.067151470294728
0.20700000000000002,0.016406784070776875,1.0,11.065240108911668,0.9934778429190352,0.9767151554131512,0.9919642790159526,0.9978312640502652,11.065240108911668
0.20750000000000002,0.016394941965513717,1.0,11.063244154999852,0.9935558513095681,0.9758294106126859,0.9919352473358953,0.9976631304346795,11.063244154999852
0.20800000000000002,0.01638309986025056,1.0,11.06116354948412,0.9936329235955955,0.9749437770947115,0.9919060911863298,0.997488742774882,11.06116354948412
0.2085,0.016371257754987403,1.0,11.058998234295718,0.9937090715159401,0.9740582549668105,0.991876810294928,0.9973081034585319,11.058998234295718
0.209,0.016359415649724245,1.0,11.056748152374967,0.9937843068094249,0.9731728443365656,0.9918474043907585,0.9971212148760394,11.056748152374967
0.2095,0.016347573544461088,1.0,11.0544132476747,0.9938586412148726,0.9722875453115593,0.9918178732043171,0.9969280794205645,11.0544132476747
0.21,0.016335731439197927,1.0,11.051993465163225,0.9939320864711062,0.9714023579993739,0.9917882164675608,0.9967286994880161,11.051993465163225
0.2105,0.01632388933393477,1.0,11.049488750827862,0.9940046543169485,0.9705172825075922,0.9917584339139387,0.9965230774770515,11.049488750827862
0.211,0.016312047228671613,1.0,11.046899051677531,0.9940763564912225,0.9696323189437966,0.991728525278426,0.9963112157890748,11.046899051677531
0.2115,0.016300205123408455,1.0,11.044224315746382,0.9941472047327509,0.9687474674155697,0.9916984902975561,0.9960931168282365,11.044224315746382
0.212,0.016288363018145298,1.0,11.041464491870796,0.9942171974477161,0.9678627280307902,0.9916683283548828,0.9958687830015082,11.041464491870796
0.2125,0.01627652091288214,1.0,11.038619962530579,0.9942863329648007,0.9669781003292551,0.9916380388078317,0.995638216568541,11.038619962530579
0.213,0.016264678807618983,1.0,11.035690962383383,0.9943546526206855,0.9660935840459561,0.9916076221691263,0.9954014198286054,11.035690962383383
0.2135,0.016252836702355822,1.0,11.032677511931453,0.9944221645841355,0.9652091791983237,0.9915770780829982,0.9951583951517826,11.032677511931453
0.214,0.016240994597092665,1.0,11.029579632663669,0.9944888770239159,0.9643248858037884,0.9915464061940028,0.994909144908349,11.029579632663669
0.2145,0.016229152491829508,1.0,11.026397347054345,0.994554798108792,0.9634407038797808,0.9915156061470365,0.9946536714687765,11.026397347054345
0.215,0.01621731038656635,1.0,11.023130678564764,0.9946199360075288,0.9625566334437312,0.9914846775873585,0.9943919772037315,11.023130678564764
0.2155,0.016205468281303193,1.0,11.019779651643466,0.9946842988888918,0.9616726745130704,0.9914536201606091,0.9941240644840759,11.019779651643466
0.216,0.016193626176040032,1.0,11.016344291726762,0.994747894921646,0.9607888271052287,0.9914224335128295,0.9938499356808654,11.016344291726762
0.2165,0.016181784070776875,1.0,11.012824625239551,0.9948107322745566,0.9599050912376368,0.9913911172904818,0.9935695931653511,11.012824625239551
0.217,0.016169941965513718,1.0,11.009220679595131,0.9948728191163889,0.959021466927725,0.9913596711404694,0.9932830393089779,11.009220679595131
0.2175,0.01615809986025056,1.0,11.005532483196205,0.994934163615908,0.9581379541929241,0.991328094710157,0.9929902764833851,11.005532483196205
0.218,0.016146257754987403,1.0,11.001760065435393,0.9949947739418792,0.9572545530506644,0.9912963876473913,0.9926913070604062,11.001760065435393
0.2185,0.016134415649724246,1.0,10.997903456695544,0.9950546582630676,0.9563712635183765,0.9912645496005204,0.9923861334120683,10.997903456695544
0.219,0.01612257354446109,1.0,10.993962688350445,0.9951138247482384,0.955488085613491,0.9912325802184168,0.9920747579105924,10.993962688350445
0.2195,0.016110731439197928,1.0,10.98993779276494,0.9951722815661569,0.9546050193534382,0.9912004791504957,0.9917571829283931,10.98993779276494
0.22,0.01609888933393477,1.0,10.985828803296322,0.9952300368855882,0.9537220647556488,0.9911682460467385,0.9914334108380786,10.985828803296322
0.2205,0.016087047228671613,1.0,10.981635754293768,0.9952870988752976,0.9528392218375533,0.9911358805577117,0.99110344401245,10.981635754293768
0.221,0.016075205123408456,1.0,10.977358681099433,0.9953434757040502,0.9519564906165822,0.9911033823345908,0.9907672848245017,10.977358681099433
0.2215,0.0160633630181453,1.0,10.972997620049075,0.9953991755406113,0.9510738711101658,0.9910707510291793,0.9904249356474213,10.972997620049075
0.222,0.016051520912882138,1.0,10.968552608471754,0.9954542065537461,0.9501913633357351,0.9910379862939329,0.990076398854589,10.968552608471754
0.2225,0.01603967880761898,1.0,10.964023684691945,0.9955085769122196,0.9493089673107201,0.9910050877819796,0.9897216768195775,10.964023684691945
0.223,0.016027836702355823,1.0,10.959410888028257,0.9955622947847972,0.9484266830525516,0.9909720551471427,0.9893607719161521,10.959410888028257
0.2235,0.016015994597092666,1.0,10.954714258795045,0.9956153683402441,0.9475445105786602,0.9909388880439624,0.9889936865182708,10.954714258795045
0.224,0.01600415249182951,1.0,10.949933838302412,0.9956678057473254,0.9466624499064762,0.9909055861277191,0.9886204230000833,10.949933838302412
0.2245,0.01599231038656635,1.0,10.94506966885723,0.9957196151748063,0.9457805010534303,0.9908721490544554,0.9882409837359317,10.94506966885723
0.225,0.015980468281303194,1.0,10.940121793762945,0.9957708047914522,0.9448986640369529,0.9908385764809987,0.9878553711003496,10.940121793762945
0.2255,0.015968626176040033,1.0,10.935090257320898,0.995821382766028,0.9440169388744745,0.990804868064985,0.9874635874680627,10.935090257320898
0.226,0.015956784070776876,1.0,10.929975104830424,0.9958713572672991,0.9431353255834257,0.9907710234648809,0.987065635213988,10.929975104830424
0.2265,0.015944941965513718,1.0,10.924776382589076,0.9959207364640307,0.9422538241812369,0.9907370423400076,0.986661516713234,10.924776382589076
0.227,0.01593309986025056,1.0,10.919494091592236,0.9959695231898837,0.94137243474647,0.9907029241951397,0.9862512343697724,10.919494091592236
0.2275,0.015921257754987404,1.0,10.914128127379538,0.9960177079506417,0.9404911574983329,0.9906686681732572,0.9858347906564471,10.914128127379538
0.228,0.015909415649724243,1.0,10.908678755988936,0.9960653242263301,0.9396099921681501,0.9906342746719702,0.9854121878162765,10.908678755988936
0.2285,0.015897573544461086,1.0,10.90314600162216,0.9961123777013966,0.9387289388078177,0.9905997432820383,0.9849834282415354,10.90314600162216
0.229,0.015885731439197928,1.0,10.897529889507892,0.9961588740602889,0.937847997469232,0.9905650735941497,0.9845485143256616,10.897529889507892
0.2295,0.01587388933393477,1.0,10.89183044590388,0.9962048189874548,0.9369671682042892,0.9905302651989343,0.9841074484632545,10.89183044590388
0.23,0.015862047228671614,1.0,10.886047698098665,0.996250218167342,0.9360864510648853,0.9904953176869763,0.9836602330500748,10.886047698098665
0.2305,0.015850205123408456,1.0,10.880181674412821,0.9962950772843983,0.9352058461029169,0.9904602306488303,0.9832068704830444,10.880181674412821
0.231,0.0158383630181453,1.0,10.874232404200571,0.9963394020230713,0.9343253533702799,0.9904250036750332,0.9827473631602456,10.874232404200571
0.2315,0.015826520912882138,1.0,10.868199917851225,0.9963831980678086,0.9334449729188706,0.9903896363561205,0.9822817134809205,10.868199917851225
0.232,0.01581467880761898,1.0,10.862084246791298,0.9964264711030582,0.9325647048005853,0.9903541282826389,0.9818099238454712,10.862084246791298
0.2325,0.015802836702355823,1.0,10.85588542348506,0.9964692268132677,0.93168454906732,0.9903184790451617,0.9813319966554583,10.85588542348506
0.233,0.015790994597092666,1.0,10.849603481436555,0.9965114708828847,0.9308045057709711,0.9902826882343034,0.9808479343136017,10.849603481436555
0.2335,0.015779152491829505,1.0,10.843238455191036,0.996553208996357,0.9299245749634347,0.9902467554407339,0.9803577392237789,10.843238455191036
0.234,0.015767310386566348,1.0,10.836790380337396,0.9965944468381325,0.929044756696607,0.9902106802551935,0.9798614137910252,10.836790380337396
0.23450000000000001,0.01575546828130319,1.0,10.830259293508005,0.9966351900926586,0.9281650510223843,0.9901744622685085,0.9793589604215334,10.830259293508005
0.23500000000000001,0.015743626176040033,1.0,10.823645232381644,0.9966754444443833,0.9272854579926627,0.9901381010716057,0.9788503815226527,10.823645232381644
0.23550000000000001,0.015731784070776876,1.0,10.81694823568404,0.9967152155777541,0.9264059776593385,0.9901015962555272,0.9783356795028889,10.81694823568404
0.23600000000000002,0.01571994196551372,1.0,10.810168343190602,0.9967545091772188,0.9255266100743078,0.9900649474114467,0.9778148567719033,10.810168343190602
0.23650000000000002,0.01570809986025056,1.0,10.803305595726657,0.9967933309272251,0.924647355289467,0.9900281541306847,0.9772879157405127,10.803305595726657
0.23700000000000002,0.015696257754987404,1.0,10.796360035169986,0.9968316865122209,0.923768213356712,0.9899912160047236,0.9767548588206889,10.796360035169986
0.23750000000000002,0.015684415649724243,1.0,10.789331704451273,0.9968695816166536,0.9228891843279393,0.9899541326252246,0.976215688425558,10.789331704451273
0.23800000000000002,0.015672573544461086,1.0,10.782220647557615,0.9969070219249712,0.922010268255045,0.989916903584042,0.9756704069693998,10.782220647557615
0.23850000000000002,0.01566073143919793,1.0,10.775026909531698,0.9969440131216213,0.9211314651899252,0.9898795284732403,0.975119016867648,10.775026909531698
0.23900000000000002,0.01564888933393477,1.0,10.767750536474717,0.9969805608910516,0.9202527751844762,0.9898420068851107,0.9745615205368893,10.767750536474717
0.23950000000000002,0.01563704722867161,1.0,10.760391575547418,0.9970166709177097,0.9193741982905943,0.9898043384121856,0.9739979203948623,10.760391575547418
0.24,0.015625205123408453,1.0,10.752950074972443,0.9970523488860437,0.9184957345601756,0.9897665226472573,0.9734282188604586,10.752950074972443
0.2405,0.015613363018145298,1.0,10.745426084034863,0.9970876004805008,0.9176173840451164,0.9897285591833923,0.9728524183537206,10.745426084034863
0.241,0.015601520912882139,1.0,10.737819653083946,0.9971224313855291,0.9167391467973127,0.9896904476139506,0.9722705212958422,10.737819653083946
0.2415,0.015589678807618981,1.0,10.730130833535267,0.9971568472855763,0.9158610228686609,0.9896521875325995,0.9716825301091679,10.730130833535267
0.242,0.015577836702355824,1.0,10.722359652705029,0.997190851947178,0.9149830123445886,0.9896137784715817,0.9710884472399984,10.722359652705029
0.2425,0.015565994597092667,1.0,10.714505667498697,0.9972244131002863,0.914105115938988,0.9895752187980186,0.9704882755685812,10.714505667498697
0.243,0.015554152491829508,1.0,10.706569527025223,0.9972575821081725,0.913227332911869,0.989536509574289,0.9698820169856496,10.706569527025223
0.2435,0.01554231038656635,1.0,10.698551252002567,0.9972903626797017,0.9123496633616819,0.9894976503337111,0.9692696739487581,10.698551252002567
0.244,0.015530468281303191,1.0,10.690450864272897,0.9973227585237396,0.9114721073868773,0.9894586406090857,0.9686512489179177,10.690450864272897
0.2445,0.015518626176040034,1.0,10.68226838680669,0.9973547733491515,0.9105946650859059,0.9894194799327048,0.9680267443555947,10.68226838680669
0.245,0.015506784070776877,1.0,10.674003843704911,0.9973864108648027,0.9097173365572181,0.9893801678363595,0.9673961627267095,10.674003843704911
0.2455,0.01549494196551372,1.0,10.665657260201733,0.9974176747795587,0.9088401218992647,0.989340703851349,0.9667595064986363,10.665657260201733
0.246,0.01548309986025056,1.0,10.65722866266828,0.9974485688022847,0.907963021210496,0.9893010875084901,0.9661167781412016,10.65722866266828
0.2465,0.015471257754987403,1.0,10.648718078615266,0.9974790966418463,0.9070860345893628,0.9892613183381268,0.9654679801266837,10.648718078615266
0.247,0.015459415649724244,1.0,10.640125536695471,0.9975092620071089,0.9062091621343156,0.9892213958701379,0.9648131149298116,10.640125536695471
0.2475,0.015447573544461086,1.0,10.63145106670746,0.9975390686069376,0.905332403943805,0.9891813196339474,0.9641521850277643,10.63145106670746
0.248,0.01543573143919793,1.0,10.622694699597957,0.9975685201501981,0.9044557601162815,0.9891410891585336,0.9634851929001698,10.622694699597957
0.2485,0.015423889333934772,1.0,10.613856467465096,0.9975976203457557,0.9035792307501956,0.9891007039724382,0.962812141029104,10.613856467465096
0.249,0.015412047228671613,1.0,10.604936403560984,0.9976263729024757,0.9027028159439981,0.9890601636037764,0.9621330318990899,10.604936403560984
0.2495,0.015400205123408455,1.0,10.59593454229535,0.9976547815292236,0.9018265157961395,0.9890194675802462,0.9614478679970974,10.59593454229535
0.25,0.015388363018145296,1.0,10.586850919237817,0.9976828499348647,0.9009503304050703,0.9889786154291381,0.9607566518125411,10.586850919237817
0.2505,0.015376520912882139,1.0,10.577685571121473,0.9977105818282644,0.9000742598692412,0.9889376066773444,0.9600593858372802,10.577685571121473
0.251,0.015364678807618982,1.0,10.568438535845333,0.9977379809182882,0.8991983042871026,0.9888964408513709,0.9593560725656177,10.568438535845333
0.2515,0.015352836702355824,1.0,10.55910985247741,0.9977650509138014,0.8983224637571051,0.9888551174773442,0.9586467144942992,10.55910985247741
0.252,0.015340994597092665,1.0,10.549699561257906,0.9977917955236694,0.8974467383776994,0.9888136360810245,0.9579313141225119,10.549699561257906
0.2525,0.015329152491829508,1.0,10.54020770360225,0.9978182184567576,0.8965711282473361,0.9887719961878134,0.957209873951884,10.54020770360225
0.253,0.015317310386566349,1.0,10.530634322103623,0.9978443234219313,0.8956956334644656,0.988730197322766,0.9564823964864836,10.530634322103623
0.2535,0.015305468281303192,1.0,10.520979460536406,0.9978701141280559,0.8948202541275385,0.9886882390106007,0.9557488842328177,10.520979460536406
0.254,0.015293626176040034,1.0,10.511243163858882,0.997895594283997,0.8939449903350055,0.9886461207757086,0.9550093396998317,10.511243163858882
0.2545,0.015281784070776877,1.0,10.501425478216325,0.9979207675986198,0.8930698421853172,0.9886038421421662,0.9542637653989081,10.501425478216325
0.255,0.015269941965513718,1.0,10.491526450943965,0.9979456377807897,0.8921948097769239,0.9885614026337445,0.9535121638438655,10.491526450943965
0.2555,0.01525809986025056,1.0,10.481546130570111,0.9979702085393721,0.8913198932082764,0.9885188017739196,0.9527545375509583,10.481546130570111
0.256,0.015246257754987402,1.0,10.471484566818827,0.9979944835832325,0.8904450925778253,0.988476039085885,0.951990889038875,10.471484566818827
0.2565,0.015234415649724244,1.0,10.461341810613526,0.9980184666212362,0.8895704079840211,0.9884331140925614,0.9512212208287378,10.461341810613526
0.257,0.015222573544461087,1.0,10.451117914078992,0.9980421613622484,0.8886958395253144,0.9883900263166073,0.9504455354441017,10.451117914078992
0.2575,0.01521073143919793,1.0,10.440812930545555,0.9980655715151349,0.8878213873001557,0.9883467752804325,0.9496638354109533,10.440812930545555
0.258,0.01519888933393477,1.0,10.430426914551015,0.9980887007887607,0.8869470514069956,0.9883033605062057,0.94887612325771,10.430426914551015
0.2585,0.015187047228671613,1.0,10.419959921844438,0.9981115528919914,0.8860728319442848,0.98825978151587,0.9480824015152193,10.419959921844438
0.259,0.015175205123408454,1.0,10.409412009388868,0.9981341315336923,0.8851987290104737,0.9882160378311512,0.9472826727167574,10.409412009388868
0.2595,0.015163363018145297,1.0,10.398783235364245,0.9981564404227289,0.884324742704013,0.9881721289735708,0.9464769393980288,10.398783235364245
0.26,0.01515152091288214,1.0,10.388073659170516,0.9981784832679664,0.8834508731233531,0.9881280544644567,0.945665204097165,10.388073659170516
0.2605,0.015139678807618982,1.0,10.377283341430651,0.9982002637782704,0.8825771203669449,0.9880838138249564,0.9448474693547242,10.377283341430651
0.261,0.015127836702355823,1.0,10.366412343993666,0.9982217856625062,0.8817034845332387,0.9880394065760473,0.9440237377136892,10.366412343993666
0.2615,0.015115994597092664,1.0,10.35546072993774,0.9982430526295392,0.8808299657206851,0.9879948322385506,0.9431940117194676,10.35546072993774
0.262,0.015104152491829507,1.0,10.344428137735946,0.9982640521996861,0.879956564605379,0.9879500897455037,0.9423582944746298,10.344428137735946
0.2625,0.01509231038656635,1.0,10.333314785395077,0.9982847948013003,0.879083281079779,0.9879051788575752,0.941516588342273,10.333314785395077
0.263,0.015080468281303192,1.0,10.322121005139746,0.9983052947359717,0.8782101148824893,0.9878600994796793,0.9406688955322542,10.322121005139746
0.2635,0.015068626176040035,1.0,10.31084682020538,0.9983255543107373,0.8773370661728475,0.9878148510816996,0.9398152186596624,10.31084682020538
0.264,0.015056784070776876,1.0,10.299492255169898,0.998345575832634,0.8764641351101906,0.9877694331326816,0.9389555603437071,10.299492255169898
0.2645,0.015044941965513717,1.0,10.28805733596018,0.9983653616086986,0.875591321853856,0.9877238451008401,0.9380899232077167,10.28805733596018
0.265,0.01503309986025056,1.0,10.276542089855447,0.9983849139459683,0.874718626563181,0.9876780864535637,0.9372183098791372,10.276542089855447
0.2655,0.015021257754987402,1.0,10.264946545493064,0.9984042351514798,0.8738460493975029,0.9876321566574213,0.9363407229895309,10.264946545493064
0.266,0.015009415649724245,1.0,10.253270732873487,0.9984233275322703,0.8729735905161587,0.9875860551781674,0.935457165174574,10.253270732873487
0.2665,0.014997573544461087,1.0,10.241514683364812,0.9984421933953765,0.8721012500784859,0.9875397814807491,0.934567639074056,10.241514683364812
0.267,0.014985731439197928,1.0,10.229678429707649,0.9984608350478356,0.8712290282438219,0.987493335029311,0.9336721473318783,10.229678429707649
0.2675,0.01497388933393477,1.0,10.217762006020935,0.9984792547966843,0.8703569251715036,0.9874467152872017,0.9327706925960516,10.217762006020935
0.268,0.014962047228671612,1.0,10.20576544780623,0.9984974549489597,0.8694849410208686,0.9873999217169811,0.9318632775186955,10.20576544780623
0.2685,0.014950205123408455,1.0,10.193688791952418,0.9985154378116987,0.8686130759512539,0.9873529537804243,0.9309499047560361,10.193688791952418
0.269,0.014938363018145297,1.0,10.18153207674124,0.9985332056919384,0.8677413301219971,0.9873058109385305,0.9300305769684057,10.18153207674124
0.2695,0.01492652091288214,1.0,10.169295341852305,0.9985507608967155,0.8668697036924352,0.9872584926515278,0.92910529682024,10.169295341852305
0.27,0.014914678807618981,1.0,10.156978628367392,0.998568105733067,0.8659981968219056,0.9872109983788797,0.928174066980077,10.156978628367392
0.2705,0.014902836702355822,1.0,10.144581978776523,0.9985852425080299,0.8651268096697455,0.9871633275792926,0.9272368901205558,10.144581978776523
0.271,0.014890994597092665,1.0,10.13210543698219,0.9986021735286412,0.8642555423952922,0.9871154797107219,0.9262937689184148,10.13210543698219
0.2715,0.014879152491829507,1.0,10.119549048304474,0.9986189011019379,0.863384395157883,0.987067454230378,0.9253447060544902,10.119549048304474
0.272,0.01486731038656635,1.0,10.106912859486064,0.9986354275349567,0.8625133681168551,0.9870192505947345,0.9243897042137144,10.106912859486064
0.2725,0.014855468281303193,1.0,10.094196918697467,0.9986517551347347,0.8616424614315459,0.9869708682595333,0.9234287660851149,10.094196918697467
0.273,0.014843626176040034,1.0,10.08140127554197,0.9986678862083089,0.8607716752612925,0.9869223066797935,0.922461894361812,10.08140127554197
0.2735,0.014831784070776875,1.0,10.06852598106074,0.9986838230627162,0.8599010097654324,0.9868735653098164,0.9214890917410181,10.06852598106074
0.274,0.014819941965513717,1.0,10.055571087737908,0.9986995680049936,0.8590304651033026,0.9868246436031939,0.9205103609240353,10.055571087737908
0.2745,0.01480809986025056,1.0,10.042536649505216,0.9987151233421778,0.8581600414342405,0.9867755410128146,0.9195257046162545,10.042536649505216
0.275,0.014796257754987403,1.0,10.029422721747379,0.9987304913813061,0.8572897389175835,0.9867262569908729,0.9185351255271541,10.029422721747379
0.2755,0.014784415649724245,1.0,10.016229361307525,0.9987456744294152,0.8564195577126686,0.9866767909888732,0.9175386263702973,10.016229361307525
0.276,0.014772573544461086,1.0,10.002956626491319,0.9987606747935422,0.8555494979788334,0.9866271424576399,0.9165362098633317,10.002956626491319
0.2765,0.014760731439197927,1.0,9.989604577073095,0.9987754947807239,0.8546795598754149,0.986577310847324,0.9155278787279875,9.989604577073095
0.277,0.01474888933393477,1.0,9.976173274300367,0.9987901366979974,0.8538097435617504,0.9865272956074098,0.9145136356900754,9.976173274300367
0.2775,0.014737047228671613,1.0,9.962662780898924,0.9988046028523996,0.8529400491971774,0.986477096186724,0.9134934834794856,9.962662780898924
0.278,0.014725205123408455,1.0,9.949073161077935,0.9988188955509674,0.8520704769410329,0.9864267120334415,0.9124674248301861,9.949073161077935
0.2785,0.014713363018145298,1.0,9.935404480535338,0.9988330171007377,0.8512010269526543,0.9863761425950949,0.9114354624802212,9.935404480535338
0.279,0.014701520912882139,1.0,9.921656806462765,0.9988469698087475,0.8503316993913788,0.9863253873185812,0.9103975991717096,9.921656806462765
0.2795,0.01468967880761898,1.0,9.907830207550472,0.9988607559820339,0.8494624944165438,0.9862744456501696,0.9093538376508435,9.907830207550472
0.28,0.014677836702355822,1.0,9.893924753992945,0.9988743779276337,0.8485934121874864,0.9862233170355106,0.9083041806678864,9.893924753992945
0.2805,0.014665994597092665,1.0,9.879940517493457,0.9988878379525837,0.847724452863544,0.9861720009196421,0.9072486309771719,9.879940517493457
0.281,0.014654152491829508,1.0,9.865877571269598,0.9989011383639211,0.846855616604054,0.9861204967469996,0.9061871913371019,9.865877571269598
0.28150000000000003,0.01464231038656635,1.0,9.851735759576927,0.9989142770495439,0.8459869038887219,0.986068803786254,0.9051198649048728,9.851735759576927
0.28200000000000003,0.014630468281303191,1.0,9.83751402997848,0.9989272345214742,0.8451183164476006,0.9860169206110869,0.9040466563998977,9.83751402997848
0.28250000000000003,0.014618626176040032,1.0,9.82321398641518,0.9989400424187976,0.8442498523197386,0.9859648478242966,0.902967565990307,9.82321398641518
0.28300000000000003,0.014606784070776875,1.0,9.80883564402861,0.9989527020790269,0.8433815117534105,0.985912584831586,0.9018825965574115,9.80883564402861
0.28350000000000003,0.014594941965513718,1.0,9.79437901968439,0.9989652148396746,0.8425132949968905,0.9858601310375534,0.9007917509890543,9.79437901968439
0.28400000000000003,0.01458309986025056,1.0,9.779844131980052,0.9989775820382536,0.8416452022984532,0.9858074858456988,0.8996950321796088,9.779844131980052
0.28450000000000003,0.014571257754987401,1.0,9.765231001252856,0.9989898050122765,0.8407772339063728,0.9857546486584243,0.8985924430299763,9.765231001252856
0.28500000000000003,0.014559415649724244,1.0,9.750539649588612,0.9990018850992562,0.839909390068924,0.9857016188770407,0.8974839864475842,9.750539649588612
0.28550000000000003,0.014547573544461085,1.0,9.735770100828788,0.9990138236367053,0.8390416710343809,0.9856483959017697,0.8963696653463822,9.735770100828788
0.28600000000000003,0.014535731439197928,1.0,9.720922380579848,0.9990256219621367,0.8381740770510181,0.9855949791317482,0.8952494826468407,9.720922380579848
0.28650000000000003,0.01452388933393477,1.0,9.705996516220274,0.9990372814130629,0.83730660836711,0.9855413679650333,0.8941234412759483,9.705996516220274
0.28700000000000003,0.014512047228671613,1.0,9.69099253690912,0.9990488033269967,0.8364392652309312,0.9854875617986044,0.8929915441672093,9.69099253690912
0.28750000000000003,0.014500205123408454,1.0,9.675910473594724,0.999060189041451,0.8355720478907557,0.9854335600283691,0.8918537942606403,9.675910473594724
0.28800000000000003,0.014488363018145297,1.0,9.660750359022096,0.9990714398939383,0.8347049565948582,0.9853793620491658,0.8907101945027691,9.660750359022096
0.2885,0.014476520912882141,1.0,9.645512227741662,0.9990825572219716,0.8338379915915132,0.985324967254769,0.8895607478466319,9.645512227741662
0.289,0.014464678807618982,1.0,9.630196116117045,0.9990935423630632,0.8329711531289948,0.9852703750378927,0.8884054572517692,9.630196116117045
0.2895,0.014452836702355823,1.0,9.614802062334043,0.9991043966547263,0.8321044414555777,0.985215584790196,0.8872443256842258,9.614802062334043
0.29,0.014440994597092666,1.0,9.599330106408063,0.9991151214344733,0.8312378568195362,0.9851605959022852,0.8860773561165466,9.599330106408063
0.2905,0.014429152491829508,1.0,9.583780290193035,0.9991257180398172,0.8303713994691447,0.9851054077637205,0.8849045515277741,9.583780290193035
0.291,0.014417310386566351,1.0,9.568152657389069,0.9991361878082705,0.8295050696526777,0.9850500197630191,0.8837259149034469,9.568152657389069
0.2915,0.014405468281303194,1.0,9.552447253551497,0.999146532077346,0.8286388676184094,0.9849944312876601,0.882541449235596,9.552447253551497
0.292,0.014393626176040035,1.0,9.536664126098465,0.9991567521845566,0.8277727936146145,0.9849386417240892,0.8813511575227434,9.536664126098465
0.2925,0.014381784070776876,1.0,9.52080332431991,0.9991668494674147,0.8269068478895674,0.984882650457723,0.8801550427698985,9.52080332431991
0.293,0.014369941965513718,1.0,9.504864899385659,0.9991768252634333,0.8260410306915423,0.9848264568729539,0.8789531079885563,9.504864899385659
0.2935,0.014358099860250561,1.0,9.488848904353778,0.999186680910125,0.8251753422688138,0.9847700603531547,0.8777453561966945,9.488848904353778
0.294,0.014346257754987404,1.0,9.472755394178991,0.9991964177450026,0.8243097828696562,0.9847134602806835,0.8765317904187706,9.472755394178991
0.2945,0.014334415649724246,1.0,9.456584425720603,0.9992060371055788,0.8234443527423441,0.9846566560368883,0.8753124136857207,9.456584425720603
0.295,0.014322573544461087,1.0,9.440336057752134,0.9992155403293663,0.8225790521351516,0.984599647002113,0.874087229034955,9.440336057752134
0.2955,0.014310731439197928,1.0,9.424010350968457,0.9992249287538779,0.8217138812963534,0.9845424325557004,0.8728562395103568,9.424010350968457
0.296,0.01429888933393477,1.0,9.407607367995274,0.9992342037166264,0.8208488404742238,0.9844850120759993,0.8716194481622795,9.407607367995274
0.2965,0.014287047228671614,1.0,9.39112717339667,0.9992433665551242,0.8199839299170373,0.9844273849403676,0.8703768580475434,9.39112717339667
0.297,0.014275205123408456,1.0,9.374569833684326,0.9992524186068845,0.8191191498730682,0.9843695505251792,0.8691284722294338,9.374569833684326
0.2975,0.014263363018145297,1.0,9.35793541732566,0.9992613612094197,0.818254500590591,0.9843115082058284,0.8678742937776981,9.35793541732566
0.298,0.01425152091288214,1.0,9.341223994752532,0.9992701957002426,0.8173899823178801,0.9842532573567351,0.8666143257685434,9.341223994752532
0.2985,0.01423967880761898,1.0,9.3244356383695,0.999278923416866,0.8165255953032099,0.9841947973513505,0.8653485712846339,9.3244356383695
0.299,0.014227836702355823,1.0,9.307570422562842,0.9992875456968024,0.8156613397948548,0.9841361275621617,0.864077033415088,9.307570422562842
0.2995,0.014215994597092666,1.0,9.290628423708554,0.999296063877565,0.8147972160410892,0.9840772473606983,0.862799715255476,9.290628423708554
0.3,0.014204152491829509,1.0,9.273609720181417,0.9993044792966661,0.8139332242901877,0.9840181561175372,0.8615166199078176,9.273609720181417
0.3005,0.01419231038656635,1.0,9.256514392363211,0.9993127932916186,0.8130693647904245,0.9839588532023079,0.8602277504805784,9.256514392363211
0.301,0.014180468281303192,1.0,9.239342522651713,0.9993210071999351,0.812205637790074,0.9838993379836993,0.8589331100886686,9.239342522651713
0.3015,0.014168626176040033,1.0,9.222094195469044,0.9993291223591286,0.8113420435374109,0.9838396098294636,0.8576327018534393,9.222094195469044
0.302,0.014156784070776876,1.0,9.204769497270595,0.9993371401067116,0.8104785822807093,0.9837796681064241,0.8563265289026806,9.204769497270595
0.3025,0.014144941965513719,1.0,9.187368516553159,0.9993450617801969,0.8096152542682439,0.9837195121804793,0.8550145943706182,9.187368516553159
0.303,0.014133099860250561,1.0,9.169891343864224,0.9993528887170973,0.8087520597482889,0.9836591414166096,0.8536969013979118,9.169891343864224
0.3035,0.014121257754987402,1.0,9.152338071810336,0.9993606222549253,0.8078889989691187,0.9835985551788832,0.8523734531316509,9.152338071810336
0.304,0.014109415649724245,1.0,9.134708795065972,0.9993682637311939,0.8070260721790079,0.9835377528304624,0.8510442527253541,9.134708795065972
0.3045,0.014097573544461086,1.0,9.117003610382012,0.9993758144834157,0.8061632796262308,0.9834767337336088,0.8497093033389649,9.117003610382012
0.305,0.014085731439197929,1.0,9.099222616594933,0.9993832758491035,0.8053006215590618,0.9834154972496898,0.8483686081388493,9.099222616594933
0.3055,0.014073889333934771,1.0,9.081365914635201,0.9993906491657699,0.8044380982257753,0.9833540427391856,0.8470221702977939,9.081365914635201
0.306,0.014062047228671614,1.0,9.063433607535803,0.9993979357709278,0.8035757098746459,0.9832923695616944,0.8456699929950029,9.063433607535803
0.3065,0.014050205123408455,1.0,9.04542572690549,0.9994051367525141,0.8027134568606216,0.9832304770704807,0.8443120795844568,9.04542572690549
0.307,0.014038363018145298,1.0,9.027342014281647,0.9994122519339391,0.8018513399633633,0.983168364581697,0.8429484341027416,9.027342014281647
0.3075,0.014026520912882139,1.0,9.009182525322384,0.9994192821684971,0.8009893595111836,0.9831060314319046,0.8415790598889242,9.009182525322384
0.308,0.014014678807618981,1.0,8.99094732339247,0.9994262284084515,0.8001275158246374,0.9830434769612311,0.8402039602782776,8.99094732339247
0.3085,0.014002836702355824,1.0,8.97263647422133,0.9994330916060662,0.7992658092242797,0.9829807005087282,0.8388231386144669,8.97263647422133
0.309,0.013990994597092667,1.0,8.954250045915117,0.9994398727136047,0.7984042400306656,0.9829177014123759,0.837436598249546,8.954250045915117
0.3095,0.013979152491829508,1.0,8.935788108967547,0.9994465726833307,0.79754280856435,0.9828544790090886,0.8360443425439543,8.935788108967547
0.31,0.01396731038656635,1.0,8.917250736272647,0.9994531924675081,0.7966815151458879,0.9827910326347179,0.8346463748665127,8.917250736272647
0.3105,0.013955468281303191,1.0,8.898638003134854,0.9994597330184003,0.7958203600958345,0.9827273616240593,0.8332426985944211,8.898638003134854
0.311,0.013943626176040034,1.0,8.879949987282247,0.9994661952882711,0.7949593437347445,0.9826634653108561,0.8318333171132534,8.879949987282247
0.3115,0.013931784070776877,1.0,8.861186768876705,0.999472580229384,0.7940984663831732,0.9825993430278053,0.8304182338169549,8.861186768876705
0.312,0.01391994196551372,1.0,8.842348430526664,0.9994788887940029,0.7932377283616754,0.9825349941065619,0.8289974521078387,8.842348430526664
0.3125,0.01390809986025056,1.0,8.823435057298484,0.9994851219343915,0.7923771299908061,0.9824704178777439,0.8275709753965815,8.823435057298484
0.313,0.013896257754987403,1.0,8.80444671552756,0.9994912805217908,0.7915166716222927,0.9824056136688188,0.8261388071542122,8.80444671552756
0.3135,0.013884415649724244,1.0,8.78538348244568,0.9994973654881801,0.7906563535956107,0.9823405808086382,0.8247009508404561,8.78538348244568
0.314,0.013872573544461086,1.0,8.766245425377422,0.9995033776884182,0.7897961762685931,0.9822753186221403,0.8232574099547825,8.766245425377422
0.3145,0.01386073143919793,1.0,8.747032613046828,0.9995093179714366,0.788936140000868,0.9822098264330171,0.8218081880090672,8.747032613046828
0.315,0.013848889333934772,1.0,8.727745116814127,0.9995151871861667,0.7880762451520633,0.9821441035639095,0.8203532885246065,8.727745116814127
0.3155,0.013837047228671613,1.0,8.708383010688545,0.9995209861815398,0.787216492081807,0.9820781493364125,0.8188927150321131,8.708383010688545
0.316,0.013825205123408455,1.0,8.688946371341938,0.9995267158064877,0.786356881149727,0.9820119630710815,0.8174264710717125,8.688946371341938
0.3165,0.013813363018145296,1.0,8.669435277505336,0.999532376907685,0.7854974127163645,0.9819455440873792,0.8159545601945054,8.669435277505336
0.317,0.013801520912882139,1.0,8.649849801895549,0.9995379702993359,0.7846380871551767,0.9818788917028971,0.8144769859832749,8.649849801895549
0.3175,0.013789678807618982,1.0,8.630190017979807,0.9995434967865455,0.7837789048425825,0.9818120052339003,0.812993752035708,8.630190017979807
0.318,0.013777836702355824,1.0,8.610456000875313,0.9995489571696089,0.7829198661566641,0.9817448839954735,0.8115048619622375,8.610456000875313
0.3185,0.013765994597092665,0.0,8.590258274248416,0.9842478202772538,0.7820615513448301,0.9807678807510027,0.8100113303911115,8.590258274248416
0.319,0.013754152491829506,0.0,8.568496611319269,0.962516960084722,0.7812056027439499,0.9792969435500147,0.8085160469174469,8.568496611319269
0.3195,0.013742310386566349,0.0,8.545189128076075,0.9412659177766018,0.7803520023370768,0.9777163000745333,0.807019028490674,8.545189128076075
0.32,0.013730468281303192,0.0,8.520410457967337,0.9204842237301061,0.7795006481876563,0.97601819091451,0.8055201434013451,8.520410457967337
0.3205,0.013718626176040034,0.0,8.494247355193199,0.9001610936137854,0.7786514202352083,0.9741943228795983,0.8040192249444386,8.494247355193199
0.321,0.013706784070776877,0.0,8.466724760357895,0.8802866574412624,0.7778042909159321,0.972235958951277,0.802516267458513,8.466724760357895
0.3215,0.013694941965513718,0.0,8.43786029891972,0.8608511650298512,0.7769592439994926,0.9701338366743139,0.8010112846508884,8.43786029891972
0.322,0.013683099860250559,0.0,8.407671865977875,0.8418448661968656,0.7761162632555549,0.9678781323014884,0.7995042896853761,8.407671865977875
0.3225,0.013671257754987402,0.0,8.37616503123071,0.8232582418591284,0.7752753514270477,0.9654584669485494,0.7979953292950523,8.37616503123071
0.323,0.013659415649724244,0.0,8.343338255163358,0.8050817706208829,0.7744365225245557,0.9628638604305244,0.796484470516739,8.343338255163358
0.3235,0.013647573544461087,0.0,8.309158383015525,0.7873066124271375,0.7735998390348452,0.9600828194011484,0.7949718684598079,8.309158383015525
0.324,0.01363573143919793,0.0,8.273588501622061,0.7699240255422812,0.7727653701996613,0.9571032587801247,0.7934576920780121,8.273588501622061
0.3245,0.01362388933393477,0.0,8.236592468499696,0.7529252682307032,0.7719331852607488,0.9539124747584778,0.7919421120587684,8.236592468499696
0.325,0.013612047228671612,0.0,8.198122839412884,0.7363018620084206,0.7711033719175265,0.9504971897461506,0.7904253346098953,8.198122839412884
0.3255,0.013600205123408454,0.0,8.158131973959087,0.720045280385035,0.7702760196538068,0.9468434950398639,0.7889075714156073,8.158131973959087
0.326,0.013588363018145297,0.0,8.116545470984887,0.7041476577535143,0.7694512605264147,0.9429370252166018,0.7873891149085634,8.116545470984887
0.3265,0.01357652091288214,0.0,8.073289792238798,0.6886011413705927,0.7686292274090681,0.9387628515836025,0.7858702623627012,8.073289792238798
0.327,0.013564678807618982,0.0,8.028291128606126,0.6733979205362516,0.7678100558915913,0.9343055084370832,0.7843513194197362,8.028291128606126
0.3275,0.013552836702355823,0.0,7.981470463083175,0.658530325591432,0.7669938920943946,0.9295490544016377,0.7828326147147255,7.981470463083175
0.328,0.013540994597092664,0.0,7.9327416566016815,0.6439908538057564,0.7661808959566178,0.924477132881484,0.7813145063374,7.9327416566016815
0.3285,0.013529152491829507,0.0,7.882001758374046,0.6297724510220706,0.7653712566995577,0.919073150527244,0.7797974112690207,7.882001758374046
0.329,0.01351731038656635,0.0,7.829150238380095,0.6158680630832207,0.7645651635445115,0.9133202127150112,0.7782817511327096,7.829150238380095
0.3295,0.013505468281303192,0.0,7.77408598536119,0.6022707140035979,0.7637628106786153,0.9072012333827688,0.7767679615261289,7.77408598536119
0.33,0.013493626176040033,0.0,7.716706846524419,0.5889734781501071,0.762964398354104,0.9006990215369622,0.7752564942094724,7.716706846524419
0.3305,0.013481784070776876,0.0,7.656899199858148,0.5759697522293437,0.7621701497562289,0.8937965402408574,0.7737478493321016,7.656899199858148
0.331,0.013469941965513718,0.0,7.594542433296596,0.5632531994579095,0.7613803047181958,0.8864770569212755,0.7722425640944757,7.594542433296596
0.3315,0.01345809986025056,0.0,7.529519891560565,0.5508174830524072,0.7605951030732105,0.878724168492628,0.7707411813098932,7.529519891560565
0.332,0.013446257754987402,0.0,7.461715908679585,0.5386563706732764,0.7598147898492006,0.8705220272746877,0.7692442592992653,7.461715908679585
0.3325,0.013434415649724245,0.0,7.391014831012369,0.5267636377134752,0.7590396174421581,0.8618554667406912,0.7677523761503139,7.391014831012369
0.333,0.013422573544461086,0.0,7.317294543530216,0.5151334480364962,0.7582698567625556,0.8527104883378739,0.7662661514016186,7.317294543530216
0.3335,0.013410731439197928,0.0,7.240434927163139,0.5037601092792471,0.7575057845788163,0.8430743591525129,0.7647862219490583,7.240434927163139
0.334,0.013398889333934771,0.0,7.160321946639103,0.4926379290786357,0.7567476776593631,0.8329357370879588,0.7633132307035476,7.160321946639103
0.3345,0.013387047228671612,0.0,7.076848992928488,0.48176142356529106,0.7559958112657336,0.8222850947640229,0.7618478235205299,7.076848992928488
0.335,0.013375205123408455,0.0,6.989903053092632,0.4711248425466762,0.7552504826605433,0.8111145394693544,0.760390695048412,6.989903053092632
0.3355,0.013363363018145297,0.0,6.899387626191534,0.4607230326786176,0.7545119745297665,0.7994188844170524,0.7589425174029039,6.899387626191534
0.336,0.013351520912882138,0.0,6.8052160812576155,0.4505509547830538,0.7537805664616808,0.7871955241779417,0.7575039621922768,6.8052160812576155
0.3365,0.013339678807618981,0.0,6.707310268558569,0.4406035696819236,0.7530565380445642,0.7744445597207884,0.7560757063898569,6.707310268558569
0.337,0.013327836702355824,0.0,6.6056010513115035,0.4308758381971657,0.7523401688666946,0.7611690066123098,0.7546584321720907,6.6056010513115035
0.3375,0.013315994597092665,0.0,6.500044553202706,0.4213629336865758,0.7516317116578869,0.7473752610633472,0.7532527733840358,6.500044553202706
0.338,0.013304152491829507,0.0,6.390574322153407,0.4120598778078339,0.7509314746903574,0.7330728583398168,0.7518594788003197,6.390574322153407
0.3385,0.01329231038656635,0.0,6.277191553235512,0.4029621879376631,0.7502396680946656,0.7182754378987171,0.7504791064261488,6.277191553235512
0.339,0.013280468281303191,0.0,6.159913067741754,0.39406543528040905,0.7495564918451063,0.7030003555513179,0.7491121968922788,6.159913067741754
0.3395,0.013268626176040034,0.0,6.038765778270385,0.38536519104041744,0.7488821459159741,0.687268651451091,0.7477592934409356,6.038765778270385
0.34,0.013256784070776876,0.0,5.913795153630006,0.3768570618792647,0.7482168159177632,0.6711050781853118,0.7464209128536419,5.913795153630006
0.3405,0.013244941965513717,0.0,5.7850715440698295,0.36853677434409043,0.7475606616799135,0.6545381841648786,0.7450975218740676,5.7850715440698295
0.341,0.01323309986025056,0.0,5.652668169198439,0.3604000431156698,0.7469138569575675,0.6375999868969439,0.7437896167996216,5.652668169198439
0.3415,0.013221257754987403,0.0,5.516759556228432,0.3524429682729201,0.7462764081567691,0.6203264181734005,0.7424973557686783,5.516759556228432
0.342,0.013209415649724244,0.0,5.377527296126453,0.3446616498947587,0.7456483216835623,0.6027565188968053,0.7412208949504456,5.377527296126453
0.3425,0.013197573544461086,0.0,5.235160059362951,0.3370521880601031,0.7450296039439909,0.5849320998241604,0.7399603885401673,5.235160059362951
0.343,0.013185731439197929,0.0,5.089884508642597,0.32961078424694856,0.7444202015947953,0.566897521580252,0.7387158665886197,5.089884508642597
0.3435,0.01317388933393477,0.0,4.941910321168643,0.32233358241307636,0.7438201050312615,0.5486990058011769,0.7374874456552245,4.941910321168643
0.34400000000000003,0.013162047228671613,0.0,4.791530740092831,0.3152169539461591,0.7432291511223629,0.5303846295865586,0.7362749246666305,4.791530740092831
0.34450000000000003,0.013150205123408455,0.0,4.639104345242873,0.30825747785368734,0.7426470475677743,0.512003852932873,0.7350778314976664,4.639104345242873
0.34500000000000003,0.013138363018145296,0.0,4.484986621192279,0.3014517331431517,0.7420735020671707,0.4936066278135125,0.7338956866564248,4.484986621192279
0.34550000000000003,0.013126520912882139,0.0,4.329529288935007,0.2947962988220429,0.7415082223202271,0.4752428381468274,0.7327280034878034,4.329529288935007
0.34600000000000003,0.013114678807618982,0.0,4.173101355981421,0.28828785153984166,0.7409508696904025,0.4569619615256927,0.7315741923433646,4.173101355981421
0.34650000000000003,0.013102836702355822,0.0,4.016082062919889,0.28192301313976365,0.7404010687166179,0.4388121394234841,0.7304335795061034,4.016082062919889
0.34700000000000003,0.013090994597092665,0.0,3.858891831139697,0.27569861080324065,0.7398583331328529,0.42084030975242237,0.729305252638329,3.858891831139697
0.34750000000000003,0.013079152491829508,0.0,3.7019710411480293,0.2696116564759282,0.7393221007157016,0.4030917513761517,0.7281881312989007,3.7019710411480293
0.34800000000000003,0.013067310386566349,0.0,3.5457428047275736,0.26365916210348217,0.7387918092417587,0.3856092294501862,0.7270811243232249,3.5457428047275736
0.34850000000000003,0.013055468281303191,0.0,3.390612046028539,0.257838139631558,0.7382668964876186,0.36843261280448697,0.7259831301031081,3.390612046028539
0.34900000000000003,0.013043626176040034,0.0,3.2369510175335137,0.25214566483950834,0.737746833325895,0.3515987706743315,0.7248931062776163,3.2369510175335137
0.34950000000000003,0.013031784070776875,0.0,3.0851719772078448,0.24657881794437322,0.7372309453557635,0.33514097347642857,0.723809695685497,3.0851719772078448
0.35000000000000003,0.013019941965513718,0.0,2.935642479715673,0.2411347917336851,0.736718608703499,0.31908921661040784,0.722731635987915,2.935642479715673
0.35050000000000003,0.01300809986025056,0.0,2.78864907858813,0.23581097558150627,0.736209349646991,0.30347041782912,0.7216579711453464,2.78864907858813
0.35100000000000003,0.012996257754987401,0.0,2.6444602862804403,0.23060475886189907,0.7357026944641287,0.2883076298006267,0.7205877371459133,2.6444602862804403
0.35150000000000003,0.012984415649724244,0.0,2.503326220676332,0.22551353094892587,0.7351981694328017,0.27362003278782643,0.7195199621130433,2.503326220676332
0.352,0.012972573544461087,0.0,2.365449591622047,0.22053475123193045,0.734695382297607,0.25942324759600144,0.7184538393031483,2.365449591622047
0.3525,0.01296073143919793,0.0,2.2310202107554264,0.21566585199376787,0.7341939328712918,0.24572908136647664,0.7173885387102745,2.2310202107554264
0.353,0.012948889333934772,0.0,2.1001545198945304,0.21090434554324494,0.7336935933910564,0.23254610885955468,0.7163235911961281,2.1001545198945304
0.3535,0.012937047228671613,0.0,1.9728725073389934,0.20624796507154797,0.7331944071923872,0.21988025832658814,0.7152591025863131,1.9728725073389934
0.354,0.012925205123408456,0.0,1.849196035692436,0.2016944437698632,0.7326964176107703,0.2077341729756819,0.7141951793675372,1.849196035692436
0.3545,0.012913363018145298,0.0,1.7291488552373038,0.19724151482937696,0.7321996679816922,0.19610744869801683,0.7131319286835365,1.7291488552373038
0.355,0.01290152091288214,0.0,1.612756617803424,0.19288691144127557,0.7317042016406393,0.18499689229664495,0.7120694583308531,1.612756617803424
0.3555,0.012889678807618982,0.0,1.5000670686592243,0.188628480655384,0.7312099900470226,0.17439702008767602,0.7110077221979132,1.5000670686592243
0.356,0.012877836702355825,0.0,1.3909940159187484,0.1844639733031818,0.7307174962021648,0.1643001534577369,0.7099477325934753,1.3909940159187484
0.3565,0.012865994597092666,0.0,1.2856152457925534,0.1803913820818663,0.730226626992548,0.15469683295094142,0.7088893088647288,1.2856152457925534
0.357,0.012854152491829508,0.0,1.1840234563785392,0.17640873755290376,0.7297372147891826,0.14557590210094076,0.7078321077203664,1.1840234563785392
0.3575,0.012842310386566351,0.0,1.0863044998335756,0.17251407027776036,0.7292490919630785,0.13692472414282394,0.70677578318873,1.0863044998335756
0.358,0.012830468281303192,0.0,0.9925373219075471,0.1687054108179023,0.7287620908852462,0.12872943224466948,0.7057199866362263,0.9925373219075471
0.3585,0.012818626176040035,0.0,0.9028263591777081,0.16498087284900764,0.7282758949250763,0.1209752641784251,0.7046640428849272,0.9028263591777081
0.359,0.012806784070776877,0.0,0.8172799096360479,0.16133849086607158,0.7277901045699118,0.1136464898330998,0.7036070913197617,0.8172799096360479
0.3595,0.012794941965513718,0.0,0.7360440075898522,0.15777648895073954,0.7273040425937861,0.10672706971220139,0.7025476592572335,0.7360440075898522
0.36,0.012783099860250561,0.0,0.6592505790658226,0.15429315144699315,0.7268169538008755,0.10020065104215034,0.7014840930774681,0.6592505790658226
0.3605,0.012771257754987404,0.0,0.5869997661734184,0.15088676269881413,0.726328082995356,0.09405064371072504,0.7004147273720129,0.5869997661734184
0.361,0.012759415649724245,0.0,0.5193602057070488,0.147555607050184,0.7258366749814038,0.08826036544978712,0.6993378848589904,0.5193602057070488
0.3615,0.012747573544461087,0.0,0.45635950682413917,0.14429801610325987,0.7253420388274627,0.08281326524981636,0.6982520174581801,0.45635950682413917
0.362,0.01273573143919793,0.0,0.3980396319971604,0.1411123043618587,0.7248431916294863,0.0776928101997247,0.6971549232294096,0.3980396319971604
0.3625,0.01272388933393477,0.0,0.34437824167886383,0.1379968856709948,0.7243393384218493,0.07288291821163889,0.696044798633185,0.34437824167886383
0.363,0.012712047228671614,0.0,0.2952981915369445,0.13495026287882395,0.7238298806900662,0.0683679792059335,0.6949202608013476,0.2952981915369445
0.3635,0.012700205123408456,0.0,0.2507008173430501,0.13197093883350192,0.7233142199196513,0.06413271427941884,0.6937799164053156,0.2507008173430501
0.364,0.012688363018145297,0.0,0.21046686315767363,0.12905741638318444,0.7227917575961194,0.060162235629732316,0.6926223613734054,0.21046686315767363
0.3645,0.01267652091288214,0.0,0.17445264479482936,0.12620820893924853,0.7222619459576735,0.05644211914871463,0.6914462933471268,0.17445264479482936
0.365,0.01266467880761898,0.0,0.14247957278673368,0.12342189286694684,0.7217244490041657,0.05295853082179612,0.6902508708718592,0.14247957278673368
0.3655,0.012652836702355823,0.0,0.11433497918812452,0.1206970983009992,0.7211792689369431,0.04969823985817318,0.6890359997178499,0.11433497918812452
0.366,0.012640994597092666,0.0,0.08980071909174615,0.11803247150319464,0.7206265565866359,0.046648534978705226,0.6878019164614393,0.08980071909174615
0.3665,0.012629152491829507,0.0,0.0686650927182756,0.11542667140668028,0.7200665194847365,0.04379721366655033,0.6865489859464424,0.0686650927182756
0.367,0.01261731038656635,0.0,0.05070712042152423,0.1128783958022895,0.7194997671144941,0.04113266965306567,0.6852784774047079,0.05070712042152423
0.3675,0.012605468281303192,0.0,0.035700167614230414,0.11038639279835377,0.7189276022082998,0.03864392564410111,0.6839932287984969,0.035700167614230414
0.368,0.012593626176040033,0.0,0.023462551163758873,0.10794941191430586,0.7183513575137991,0.036320464561864246,0.6826961687427207,0.023462551163758873
0.3685,0.012581784070776876,0.0,0.013841608059673553,0.10556623328369424,0.7177729712204748,0.03415233196533175,0.6813916169051242,0.013841608059673553
0.369,0.012569941965513719,0.0,0.006729025726595835,0.10323567471687947,0.7171954154780741,0.03213016315157215,0.6800862678935234,0.006729025726595835
0.3695,0.01255809986025056,0.0,0.0021101575404519476,0.10095656760536949,0.7166219997585545,0.030245044294065156,0.6787876359166372,0.0021101575404519476
0.37,0.012546257754987402,0.0,7.598962394350038e-05,0.09872778426405451,0.7160584009784923,0.02848872713307001,0.6775086733804373,7.598962394350038e-05
0.3705,0.012534415649724245,0.0,0.0,0.09654820952138643,0.7155103771952884,0.02685330900602343,0.6762626180657317,0.0
0.371,0.012522573544461086,0.0,0.0,0.09441675599100786,0.7149791688355358,0.025330847212186276,0.675052503209272,0.0
0.3715,0.012510731439197929,0.0,0.0,0.09233238040190121,0.7144633962108646,0.023913661381938935,0.6738753915862653,0.0
0.372,0.012498889333934771,0.0,0.0,0.0902940064398582,0.7139615074961531,0.02259452360545414,0.6727279232245068,0.0
0.3725,0.012487047228671612,0.0,0.0,0.08830061933847817,0.7134722904382845,0.021366734197172367,0.6716074866132689,0.0
0.373,0.012475205123408455,0.0,0.0,0.08635125385429397,0.7129947858165189,0.02022406700349893,0.6705120281259764,0.0
0.3735,0.012463363018145298,0.0,0.0,0.08444494474383847,0.7125280344101159,0.019160692431025726,0.669439475999554,0.0
0.374,0.012451520912882139,0.0,0.0,0.08258072759286475,0.7120710795430734,0.01817115698330334,0.6683877470580353,0.0
0.3745,0.012439678807618981,0.0,0.0,0.08075767768615948,0.711623117504735,0.01725038922242487,0.6673550945692484,0.0
0.375,0.012427836702355824,0.0,0.0,0.0789748466348291,0.7111833135501135,0.016393634466706383,0.6663396865124319,0.0
0.3755,0.012415994597092665,0.0,0.0,0.07723137916313806,0.7107511093500134,0.015596504383180734,0.6653403170310084,0.0
0.376,0.012404152491829508,0.0,0.0,0.07552641999535087,0.710325946575239,0.014854894374251065,0.6643557710898748,0.0
0.3765,0.01239231038656635,0.0,0.0,0.07385911385573198,0.7099072668965946,0.014164967684897303,0.6633848248023855,0.0
0.377,0.012380468281303191,0.0,0.0,0.07222865000111935,0.7094945993154568,0.013523159989062925,0.662426448692452,0.0
0.3775,0.012368626176040034,0.0,0.0,0.0706341469052345,0.709087374638127,0.012926112007027282,0.6614793776202501,0.0
0.378,0.012356784070776877,0.0,0.0,0.06907481500055358,0.7086851951980069,0.012370727048482924,0.6605427380127066,0.0
0.3785,0.012344941965513717,0.0,0.0,0.06754991264326558,0.7082877504556236,0.011854131044460257,0.659615853863038,0.0
0.379,0.01233309986025056,0.0,0.0,0.06605869818955942,0.707894729871505,0.01137363863642626,0.6586980446526359,0.0
0.3795,0.012321257754987403,0.0,0.0,0.0646004299956241,0.7075058229061784,0.010926742084366642,0.6577886254648324,0.0
0.38,0.012309415649724244,0.0,0.0,0.06317436641764854,0.7071207190201713,0.010511100668959845,0.6568869070909541,0.0
0.3805,0.012534415649724245,0.0,0.7211259704857633,0.061779773246358444,0.7078363136176793,0.010149138672483005,0.6585615214379719,0.7211259704857633
0.381,0.012759415649724245,0.0,1.496734102439836,0.06041596760930853,0.7214498790887064,0.010089556901784372,0.6896393205612148,1.496734102439836
0.3815,0.012984415649724246,0.0,1.5378529703242447,0.05908227323324541,0.7381831292112468,0.010099652772357668,0.7258077046815413,1.5378529703242447
0.382,0.013209415649724245,0.0,1.5479331995368628,0.0577780253169556,0.7550266155955035,0.010112229755854922,0.7599521637336273,1.5479331995368628
0.3825,0.013434415649724247,0.0,1.5565773834262127,0.056502573634892306,0.7718752376437656,0.010124953893690954,0.7918363711996463,1.5565773834262127
0.383,0.013659415649724248,0.0,1.5646306521066988,0.055255284835035196,0.7887260044857161,0.010137759790458497,0.8214531952777213,1.5646306521066988
0.3835,0.013884415649724247,0.0,1.5721186952265354,0.0540355291555569,0.805578810190558,0.010150643165541838,0.8488016038123237,1.5721186952265354
0.384,0.014109415649724249,0.0,1.5790391521608014,0.052842707045050494,0.8224336484021375,0.010163606849885005,0.8738807631208971,1.5790391521608014
0.3845,0.014334415649724248,0.0,1.5853904764767326,0.05167624458325558,0.8392905111291711,0.010176657792011611,0.8966898407475077,1.5853904764767326
0.385,0.01455941564972425,0.0,1.5911708010268213,0.05053559698125154,0.8561493926736833,0.010189808894172463,0.9172280110873994,1.5911708010268213
0.3855,0.014784415649724249,0.0,1.5963781345114723,0.04942004225595382,0.8730102889188995,0.010203010638707103,0.9354944531181545,1.5963781345114723
0.386,0.01500941564972425,0.0,1.6010093187240457,0.04832907301935085,0.8898732009028638,0.010216277954448719,0.951488352482476,1.6010093187240457
0.3865,0.015234415649724251,0.0,1.6050615138032718,0.0472621818834311,0.9067381296636206,0.010229623016494396,0.9652088941654414,1.6050615138032718
0.387,0.01545941564972425,0.0,1.6085321987833758,0.04621886146018302,0.9236050762392136,0.010243054901835198,0.9766552624943345,1.6085321987833758
0.3875,0.015684415649724254,0.0,1.6114191721441422,0.045198604361595056,0.9404740416676874,0.010256579221350183,0.9858266411384792,1.6114191721441422
0.388,0.015909415649724253,0.0,1.6137205523610376,0.044200903199655674,0.9573450269870861,0.010270197726743428,0.9927222131090704,1.6137205523610376
0.3885,0.016134415649724253,0.0,1.6154347784561465,0.04322525058635331,0.9742180332354538,0.010283907890980437,0.9973411607590074,1.6154347784561465
0.389,0.016359415649724252,0.0,1.6165606105488586,0.04227113913367644,0.9910930614508346,0.010297702460775217,0.9996826657827256,1.6165606105488586
0.3895,0.016584415649724255,0.0,1.6174680062071916,0.04133812762932313,1.0079688403236557,0.010311566547916939,0.9997459903355843,1.6174680062071916
0.39,0.016809415649724255,0.0,1.6172841857654094,0.04042569847160546,1.0248483630245029,0.010325549074402994,0.9975302354200101,1.6172841857654094
0.3905,0.017034415649724254,0.0,1.6157780059285922,0.03953334566194379,1.0417324235059693,0.01033964684317311,0.9930336193132737,1.6157780059285922
0.391,0.017259415649724254,0.0,1.613584982224123,0.038660662973005765,1.058618845169818,0.010353824746419611,0.9862553239638276,1.613584982224123
0.3915,0.017484415649724257,0.0,1.611339741959286,0.03780724417745902,1.0755054514178122,0.010368044313697613,0.9771957072247697,1.611339741959286
0.392,0.017709415649724256,0.0,1.609675296447113,0.036972683047971217,1.0923900656517154,0.010382263350343332,0.9658563030754869,1.6095983349175096
0.3925,0.017934415649724256,0.0,1.609223557708192,0.03615657335720998,1.1092705112732906,0.010396435554589634,0.9522398214642948,1.6066469618052324
0.393,0.01815941564972426,0.0,1.6106170996456752,0.03535850887784296,1.1261446116843012,0.010410510113211726,0.9363501477720674,1.6020179118346214
0.3935,0.018384415649724258,0.0,1.614492163695873,0.034578083382537796,1.1430101902865104,0.010424431275731252,0.9181923418968644,1.5963528593468652
0.394,0.018609415649724258,0.0,1.6214929089535972,0.033814890643962134,1.1598650704816813,0.01043813790744356,0.8977726369595482,1.590303210983097
0.3945,0.01883441564972426,0.0,1.6320176229295829,0.03306853058091291,1.176707961125609,0.010451587314138882,0.875097185899321,1.5842753513983545
0.395,0.01905941564972426,0.0,1.6451442878809097,0.03233863670067623,1.1935421136754851,0.010464857393724636,0.8501658009361024,1.5773505476029583
0.3955,0.01928441564972426,0.0,1.661002157830507,0.031624851679648805,1.2103671948652073,0.010477941908238801,0.8229825732981757,1.5696640151359997
0.396,0.019509415649724263,0.0,1.6796571057372516,0.03092682937386622,1.227183112437753,0.010490842451281606,0.7935513336923811,1.5612874505257333
0.3965,0.019734415649724262,0.0,1.701182188182464,0.030244223639364076,1.2439897741360988,0.010503556598445405,0.761875960468062,1.5522998076122336
0.397,0.01995941564972426,0.0,1.7256458493469247,0.02957668909465515,1.2607871276213098,0.01051607888996892,0.7279602962681067,1.5427754164999437
0.3975,0.020184415649724265,0.0,1.7529657342373877,0.028923890050659654,1.277575641350851,0.010528417475673985,0.691807053314655,1.5326366323310352
0.398,0.02040941564972426,0.0,1.783128116130662,0.028285504180792048,1.2943555658704058,0.010540578930461227,0.6534192033644528,1.521874600335196
0.3985,0.020634415649724264,0.0,1.816147694396341,0.027661213939501664,1.3111270704572646,0.010552566580805993,0.6127997841147212,1.5105089044659734
0.399,0.020859415649724267,0.0,1.852018475105626,0.02705070689928846,1.3278904027586758,0.01056438450406192,0.5699515351150135,1.498538060402048
0.3995,0.021084415649724263,1.0,2.0003454978180364,0.03792135512265558,1.3443029336851824,0.022417136275094812,0.5258219594231076,1.5966558813107763
0.4,0.021309415649724245,1.0,2.3044202322014575,0.049429090033208944,1.3602770057932505,0.04750976704689213,0.4808019163866005,1.8486619996749118
