Time [s],Lmtc [m],STIM [ ],Fsee [N],Gamma [ ],Lcerel [ ],q [ ],fisomrel [ ],fce [N]
0.0,0.020809415649724244,1.0,2.3089653130898427,0.08186472712975784,1.3227553004879375,0.16405421146547788,0.5833160640277646,1.9705096274661775
0.0005,0.020804709767371303,1.0,2.2028528333895294,0.09284684109853625,1.3227105299335948,0.22544495837872364,0.5834316554799135,1.8645267065810036
0.001,0.02080000388501836,1.0,2.290556906657423,0.10369759444738767,1.3221022150798591,0.2914658393167913,0.5850006521625926,1.9539886877003452
0.0015,0.02079529800266542,1.0,2.5040029338221363,0.11441855842208969,1.3211475941881488,0.35873375475699937,0.5874568909886565,2.1701841468054304
0.002,0.02079059212031248,1.0,2.7902998775420933,0.12501128545294832,1.320026579989128,0.424432208168673,0.5903319524018491,2.4596953610762586
0.0025,0.020785886237959537,1.0,3.118687211045206,0.13547730948756287,1.3188397169379071,0.48649796930794104,0.593364939611821,2.7914688261121063
0.003,0.020781180355606596,1.0,3.470103159128102,0.14581814591923756,1.317641690971879,0.5436481760959374,0.5964150246261011,3.146285076785626
0.0035,0.020776474473253655,1.0,3.8314375634106823,0.156035292162294,1.3164633522026956,0.5952709750989013,0.5994037868505305,3.5109465821679042
0.004,0.020771768590900713,1.0,4.193294386700096,0.16613022822936813,1.3153219830174192,0.641254786686874,0.6022881881038495,3.8760097404057854
0.0045000000000000005,0.020767062708547775,1.0,4.549055059367559,0.1761044145716841,1.3142264218188184,0.6818177594675506,0.6050470233237679,4.234832902097512
0.005,0.020762356826194834,1.0,4.893707130798156,0.18595929785405274,1.3131812671933794,0.7173691452197323,0.6076699755165965,4.582392715632746
0.0055,0.020757650943841893,1.0,5.224075576204962,0.19569630236071273,1.312187331699724,0.7484064864067165,0.6101562797048263,4.9155138664850595
0.006,0.02075294506148895,1.0,5.537898653264304,0.20531683988340746,1.3112440124770426,0.7754499890858195,0.6125086587887623,5.231938160995892
0.006500000000000001,0.02074823917913601,1.0,5.833922931616884,0.2148223041497309,1.3103493204464236,0.7990017452370822,0.6147331971937723,5.530419392552785
0.007,0.02074353329678307,1.0,6.11161459640509,0.22421406613697084,1.309500534339842,0.8195244789637947,0.616837676973409,5.810432790701044
0.0075,0.020738827414430127,1.0,6.370892605681081,0.2334934934575471,1.3086946940218136,0.8374324047120636,0.6188303435311155,6.071906811915207
0.008,0.020734121532077186,1.0,6.612105490190268,0.24266193171457792,1.3079286077891117,0.8530890778020672,0.6207198900202378,6.315199923280329
0.0085,0.020729415649724244,1.0,6.8358194176637,0.25172069748037895,1.3071991713165108,0.86680965664217,0.6225146765697963,6.540887809851322
0.009000000000000001,0.020724709767371303,1.0,7.042814809672198,0.260671104264179,1.3065033141539244,0.8788650647123456,0.6242228736506429,6.7497601544237
0.0095,0.02072000388501836,1.0,7.234051624554364,0.2695144574228533,1.3058380073617086,0.8894869682968793,0.6258524530120778,6.942785914838657
0.01,0.02071529800266542,1.0,7.410491869758782,0.2782520372801583,1.305200504055193,0.8988729434175017,0.6274106092978243,7.120935206224807
0.0105,0.02071059212031248,1.0,7.573047405871432,0.2868850983442351,1.3045883702765,0.9071912627919494,0.6289036987692229,7.285127044193484
0.011,0.020705886237959537,1.0,7.722735822975095,0.2954148930212128,1.3039991950759477,0.9145851273703814,0.6303379575727035,7.436386013368327
0.0115,0.020701180355606596,1.0,7.860588492069339,0.30384266420058265,1.3034307085509889,0.9211765115160163,0.6317192204329793,7.575750013495522
0.012,0.020696474473253658,1.0,7.987529932427362,0.3121696321942448,1.3028809411609072,0.9270694792327312,0.6330525419259322,7.704149216194906
0.0125,0.020691768590900717,1.0,8.104386606251065,0.3203969935795972,1.3023481814803255,0.9323529548337269,0.6343423086221607,7.822414986616292
0.013000000000000001,0.020687062708547775,1.0,8.212029466411666,0.32852594299220633,1.3018307367060153,0.937103033358479,0.6355928255180161,7.931423074882995
0.0135,0.020682356826194834,1.0,8.311282597028194,0.3365576635883778,1.3013270593673192,0.9413850077778093,0.6368080131721764,8.032001927553504
0.014,0.020677650943841892,1.0,8.402844087699163,0.3444933133349921,1.3008358527514428,0.9452550583566866,0.637991158797249,8.124853292784959
0.0145,0.02067294506148895,1.0,8.487353838185744,0.3523340308642875,1.3003559551750654,0.948761627452438,0.6391452007634963,8.210620337811404
0.015,0.02066823917913601,1.0,8.56549691458432,0.3600809639072424,1.2998861768168417,0.9519465751855672,0.6402731238167119,8.289991436992189
0.0155,0.020663533296783068,1.0,8.637927664202074,0.367735258716897,1.299425408096499,0.9548461870211731,0.6413776999449798,8.363624005052337
0.016,0.020658827414430127,1.0,8.705069231245421,0.3752979980856899,1.298972910173074,0.9574920309363864,0.642460795930572,8.431943261173366
0.0165,0.020654121532077185,1.0,8.767358208467325,0.38277026480606,1.2985279442056032,0.9599116034549868,0.643524266113505,8.495387853838714
0.017,0.020649415649724244,1.0,8.82524310367038,0.390153141670446,1.2980897713531234,0.9621289181449734,0.6445699528585704,8.554408328059191
0.0175,0.020644709767371303,1.0,8.879172056617485,0.39744770643402355,1.2976576687235726,0.9641650025523636,0.6455996490001916,8.60945480173343
0.018000000000000002,0.02064000388501836,1.0,8.929504691472069,0.4046550085394988,1.2972310560242544,0.9660383290365568,0.6466147973388263,8.660888492555346
0.0185,0.02063529800266542,1.0,8.976648149902585,0.4117761372420204,1.2968092940176998,0.9677651554989268,0.6476169719388585,8.70911827393804
0.019,0.02063059212031248,1.0,9.020833772919739,0.4188120945342983,1.2963920084859235,0.969359838595077,0.648607109222721,8.754376523793145
0.0195,0.020625886237959537,1.0,9.062297099192092,0.42576388240904234,1.2959788252109394,0.9708350736865885,0.6495861401070087,8.796899809174183
0.02,0.020621180355606596,1.0,9.101277443401482,0.43263250285896254,1.2955693699747624,0.9722021132830669,0.6505549901308882,8.836928464830608
0.0205,0.020616474473253658,1.0,9.138017511382857,0.43941895787676877,1.2951632685594066,0.9734709537085071,0.6515145795733106,8.874706208528924
0.021,0.020611768590900716,1.0,9.172725709144357,0.4461242174311361,1.29476020054025,0.9746504951559577,0.6524656967098862,8.91044231318668
0.021500000000000002,0.020607062708547775,1.0,9.205619209969894,0.45274929031007666,1.294359836428591,0.9757486846721101,0.6534091467909324,8.944354835285672
0.022,0.020602356826194834,1.0,9.236875031905843,0.45929515652841896,1.293961907630225,0.9767726289314506,0.6543455874495965,8.976621514706041
0.0225,0.020597650943841892,1.0,9.266606465159361,0.4657627336313538,1.2935662394243366,0.9777286944807146,0.6552754522810124,9.00735612018582
0.023,0.02059294506148895,1.0,9.294928007107073,0.47215293916407164,1.293172657090111,0.9786225969438782,0.6561991725388968,9.036673624011007
0.0235,0.02058823917913601,1.0,9.321955262551105,0.4784666906717632,1.292780985906734,0.9794594773932749,0.6571171771659232,9.064690102318576
0.024,0.020583533296783068,1.0,9.347804851998466,0.4847049056996191,1.2923910511533905,0.9802439687055434,0.6580298928216616,9.091522643419072
0.0245,0.020578827414430127,1.0,9.37259432795376,0.49086850179283,1.2920026781092657,0.980980253342086,0.6589377439080661,9.117289264128747
0.025,0.020574121532077185,1.0,9.396404545209077,0.49695832904601295,1.2916157455032673,0.981672110175562,0.6598410278982946,9.142071146000212
0.025500000000000002,0.020569415649724244,1.0,9.419350883180885,0.5029753571906384,1.2912300838463133,0.9823229725823202,0.6607401530514773,9.165984113545873
0.026000000000000002,0.020564709767371302,1.0,9.441504287359095,0.5089204609683671,1.2908455877629932,0.9829359501753037,0.6616353763151961,9.189099393813011
0.0265,0.02056000388501836,1.0,9.462914151432102,0.5147944681439144,1.2904621830997098,0.9835138668601345,0.6625268807558026,9.211466582104652
0.027,0.02055529800266542,1.0,9.483630204078889,0.5205982064819956,1.2900797957028671,0.9840592936851476,0.6634148484999315,9.233135607260941
0.0275,0.020550592120312478,1.0,9.50370248843097,0.526332503747326,1.2896983514188685,0.9845745750237519,0.6642994607407592,9.254156711130758
0.028,0.02054588623795954,1.0,9.523181342980973,0.5319981877046208,1.2893177760941172,0.9850618517048629,0.665180897743817,9.27458042948929
0.0285,0.0205411803556066,1.0,9.542117383932299,0.5375960861185953,1.2889379955750166,0.9855230814843153,0.6660593388523666,9.294457574396018
0.029,0.020536474473253657,1.0,9.56056148899676,0.5431270267539647,1.2885589357079703,0.9859600571951167,0.6669349624923337,9.313839217999966
0.029500000000000002,0.020531768590900716,1.0,9.57855092145303,0.5485917820937528,1.2881805418791943,0.98637441968591,0.6678079011288558,9.332762768414119
0.03,0.020527062708547775,1.0,9.59612668321362,0.5539912016412691,1.2878027544665431,0.9867676813930911,0.6686782980858827,9.351269383673753
0.0305,0.020522356826194833,1.0,9.613320756848138,0.559326082550314,1.2874255268011239,0.9871412296073478,0.6695462661723857,9.369391169516234
0.031,0.020517650943841892,1.0,9.6301544135338,0.5645971667789255,1.2870488274767495,0.9874963384516674,0.6704118825768931,9.38714948197423
0.0315,0.02051294506148895,1.0,9.646649025475623,0.5698051962851415,1.2866726250872327,0.9878341825528212,0.6712752241023797,9.404565777511872
0.032,0.02050823917913601,1.0,9.66282606167578,0.5749509130270001,1.286296888226386,0.9881558460858513,0.6721363671675527,9.421661608796084
0.0325,0.020503533296783068,1.0,9.678707083964634,0.5800350589625394,1.2859215854880228,0.9884623308880807,0.672995387808061,9.43845862072951
0.033,0.020498827414430126,1.0,9.694313743289005,0.5850583760497975,1.2855466854659554,0.9887545637489452,0.6738523616776269,9.454978546740511
0.0335,0.020494121532077185,1.0,9.709667776261218,0.5900216062468123,1.2851721567539969,0.9890334029686546,0.6747073640490953,9.471243205333849
0.034,0.020489415649724244,1.0,9.724783397833043,0.5949254100085043,1.284797978584446,0.9892996401203334,0.6755604455768536,9.487266866973716
0.0345,0.020484709767371302,1.0,9.739680431293491,0.5997705682337892,1.2844241224279376,0.9895540163553869,0.6764116743243903,9.503069428854
0.035,0.02048000388501836,1.0,9.754377716303884,0.6045578547410281,1.2840505612285105,0.9897972197605382,0.6772611146630729,9.51866980045034
0.035500000000000004,0.02047529800266542,1.0,9.768884112854321,0.6092879236653358,1.283677281952297,0.9900298845081599,0.6781087988166279,9.53407687726215
0.036000000000000004,0.020470592120312478,1.0,9.78320851513837,0.6139614291418273,1.2833042715654295,0.9902526011080237,0.6789547588511256,9.54929958874846
0.0365,0.02046588623795954,1.0,9.79735985060903,0.618579025305617,1.2829315170340398,0.9904659199263404,0.6797990266752673,9.564346897384326
0.037,0.0204611803556066,1.0,9.811347079080058,0.6231413662918202,1.2825590053242601,0.9906703543826445,0.6806416340406589,9.579227797762579
0.0375,0.020456474473253657,1.0,9.8251791918736,0.6276491062355511,1.2821867234022228,0.9908663838573974,0.6814826125420695,9.593951315741863
0.038,0.020451768590900716,1.0,9.838865211009644,0.6321028992719249,1.2818146582340602,0.9910544563394961,0.6823219936176794,9.60852650763646
0.0385,0.020447062708547774,1.0,9.85241418844291,0.6365033995360562,1.2814427967859041,0.9912349908396395,0.6831598085493131,9.622962459453548
0.039,0.020442356826194833,1.0,9.865835205342483,0.6408512611630597,1.2810711260238867,0.9914083795926604,0.6839960884626575,9.637268286173168
0.0395,0.02043765094384189,1.0,9.879136960721379,0.6451471273375161,1.2806996334842131,0.9915749896365268,0.6848308630473137,9.651452719024912
0.04,0.02043294506148895,1.0,9.892322226547034,0.6493915350965496,1.2803283149619362,0.991735161138792,0.685664143322406,9.66551854239604
0.0405,0.02042823917913601,1.0,9.905401524475735,0.6535852620394026,1.2799571555238514,0.9918892225671166,0.6864959642839764,9.679476315651685
0.041,0.020423533296783068,1.0,9.918378646777438,0.657728878350366,1.2795861496014678,0.9920374745454602,0.6873263398041027,9.693329846395027
0.0415,0.020418827414430126,1.0,9.931257398147553,0.6618229542137306,1.2792152916262949,0.9921801997075391,0.6881552836881724,9.707082954551547
0.042,0.020414121532077185,1.0,9.944041595485343,0.6658680598137872,1.2788445760298417,0.99231766396565,0.6889828096749513,9.720739472147535
0.0425,0.020409415649724243,1.0,9.956735067682525,0.6698647653348266,1.2784739972436179,0.9924501176775429,0.689808931436646,9.734303243098788
0.043000000000000003,0.020404709767371302,1.0,9.969341655418509,0.6738136409611396,1.2781035496991324,0.9925777967205078,0.6906336625789687,9.747778123005947
0.043500000000000004,0.02040000388501836,1.0,9.981865210964749,0.6777152568770172,1.2777332278278948,0.9927009234809293,0.6914570166411947,9.761167978958937
0.044,0.020395298002665423,1.0,9.994309597996255,0.6815701832667498,1.2773630260614144,0.9928197077667545,0.6922790070962206,9.774476689348575
0.0445,0.02039059212031248,1.0,10.006678691412414,0.6853789903146286,1.2769929388312005,0.9929343476495955,0.6930996473506194,9.787708143687462
0.045,0.02038588623795954,1.0,10.018976377165387,0.6891422482049442,1.2766229605687622,0.9930450302425446,0.6939189507446921,9.80086624243848
0.0455,0.0203811803556066,1.0,10.03120482423823,0.6928604429226687,1.276253088085745,0.9931519298451783,0.6947369252923585,9.813953163474123
0.046,0.020376474473253657,1.0,10.04336767106776,0.6965341984293975,1.275883316179847,0.9932552155797475,0.6955535834144422,9.826972558722403
0.0465,0.020371768590900716,1.0,10.055467679708748,0.7001640684821628,1.275513640868264,0.9933550453836003,0.6963689347820532,9.839927200817183
0.047,0.020367062708547774,1.0,10.067506674048726,0.7037505500885679,1.2751440594688124,0.993451567197031,0.6971829861560905,9.85281892115394
0.0475,0.020362356826194833,1.0,10.079486483350143,0.707294140256216,1.2747745692993093,0.9935449212573323,0.6979957442655162,9.86564955645367
0.048,0.02035765094384189,1.0,10.09140894218573,0.7107953359927098,1.2744051676775712,0.9936352405755402,0.6988072158073761,9.878420948698283
0.0485,0.02035294506148895,1.0,10.103275890374187,0.7142546343056527,1.2740358519214148,0.9937226513795078,0.6996174074468178,9.891134945066323
0.049,0.02034823917913601,1.0,10.115089172919717,0.7176725322026477,1.2736666193486572,0.9938072735259814,0.7004263258171086,9.90379339787253
0.0495,0.020343533296783067,1.0,10.126850639952275,0.7210495266912977,1.2732974672771147,0.9938892208841077,0.7012339775196577,9.916398164508117
0.05,0.020338827414430126,1.0,10.138562146669143,0.7243861147792061,1.2729283930246043,0.9939686016925968,0.7020403691240287,9.928951107382366
0.0505,0.020334121532077185,1.0,10.150225553280295,0.7276827934739758,1.2725593939089426,0.9940455188925724,0.7028455071679596,9.941454093868032
0.051000000000000004,0.020329415649724243,1.0,10.16184244802565,0.7309400308680034,1.2721904676269564,0.9941200697076659,0.7036493973320752,9.953908718458846
0.051500000000000004,0.020324709767371302,1.0,10.173413940967732,0.7341582801181269,1.271821612535394,0.9941923463532752,0.7044520438346324,9.966316095934909
0.052000000000000005,0.02032000388501836,1.0,10.18494202872506,0.7373380965930061,1.27145282578331,0.9942624391862872,0.7052534534970238,9.978678230330685
0.0525,0.020315298002665422,1.0,10.196427673533686,0.7404799135149545,1.2710841059400058,0.9943304313502896,0.706053630026831,9.99099608804365
0.053,0.02031059212031248,1.0,10.2078718403465,0.7435841641062855,1.2707154515747834,0.9943964021459782,0.7068525771146444,10.003270638161837
0.0535,0.02030588623795954,1.0,10.219275496809681,0.7466512815893124,1.2703468612569446,0.9944604272442858,0.7076502984340733,10.015502852440303
0.054,0.020301180355606598,1.0,10.230639613237223,0.7496816991863486,1.2699783335557917,0.9945225788860278,0.7084467976417508,10.027693705275663
0.0545,0.020296474473253657,1.0,10.241965162588272,0.7526758501197076,1.2696098670406262,0.9945829260690215,0.7092420783773434,10.039844173683443
0.055,0.020291768590900715,1.0,10.253253120442915,0.7556341676117027,1.26924146028075,0.994641534723564,0.7100361442635572,10.051955237273875
0.0555,0.020287062708547774,1.0,10.264504464979632,0.7585570848846471,1.2688731118454653,0.9946984678770815,0.7108289989061438,10.064027878229359
0.056,0.020282356826194833,1.0,10.27572017695408,0.7614450351608545,1.2685048203040736,0.9947537858087044,0.7116206458939085,10.076063081283264
0.0565,0.02027765094384189,1.0,10.28690123967609,0.7642984516626381,1.2681365842258772,0.9948075461944593,0.7124110887987163,10.088061833696933
0.057,0.02027294506148895,1.0,10.298048163838057,0.767117688847202,1.2677684028261655,0.9948598025778457,0.7132003297916973,10.100024648658033
0.0575,0.02026823917913601,1.0,10.309162083690719,0.7699032482285824,1.2674002744749535,0.9949106093300445,0.7139883728428781,10.111952664765528
0.058,0.020263533296783067,1.0,10.320243654199656,0.7726555283866658,1.2670321981969843,0.9949600164013112,0.7147752205043459,10.12384653985999
0.0585,0.020258827414430126,1.0,10.331293425073067,0.7753749069445947,1.26666417316226,0.9950080712479046,0.7155608750067526,10.13570682618716
0.059000000000000004,0.020254121532077184,1.0,10.3423119475367,0.7780617615255111,1.266296198540783,0.9950548193845834,0.7163453385709115,10.147534077495116
0.059500000000000004,0.020249415649724243,1.0,10.35329977432219,0.7807164697525576,1.2659282735025557,0.9951003044812622,0.7171286134077999,10.159328849022605
0.06,0.020244709767371305,1.0,10.364257459657129,0.7833394092488762,1.2655603972175804,0.995144568454196,0.7179107017185636,10.171091697489125
0.0605,0.020240003885018364,1.0,10.375185559254323,0.7859309576376095,1.2651925688558592,0.9951876515520344,0.7186916056945216,10.182823181084194
0.061,0.020235298002665422,1.0,10.386084630300324,0.7884914925418994,1.2648247875873944,0.995229592437075,0.7194713275171658,10.19452385945587
0.0615,0.02023059212031248,1.0,10.39695523144581,0.7910213915848886,1.2644570525821885,0.9952704282620175,0.7202498693581663,10.206194293701147
0.062,0.02022588623795954,1.0,10.407797922795432,0.793521032389719,1.2640893630102439,0.9953101947424984,0.7210272333793746,10.217835046355805
0.0625,0.020221180355606598,1.0,10.418613145788678,0.7959907560619491,1.2637217182039076,0.9953489255492703,0.7218034213903151,10.229446560924027
0.063,0.020216474473253657,1.0,10.429401375029954,0.7984309375678471,1.2633541174523246,0.9953866537019237,0.7225784352836289,10.24102931415596
0.0635,0.020211768590900715,1.0,10.44016314838694,0.8008419744620013,1.2629865599608971,0.9954234113881546,0.7233522771197338,10.252583846232445
0.064,0.020207062708547774,1.0,10.45089879886383,0.803224195903906,1.2626190452133426,0.9954592283683807,0.7241249483649294,10.264110491857945
0.0645,0.020202356826194832,1.0,10.46160866039574,0.8055779310530554,1.262251572693379,0.9954941333099867,0.7248964504793975,10.275609586658367
0.065,0.02019765094384189,1.0,10.472293067843323,0.8079035090689438,1.2618841418847242,0.9955281538369849,0.7256667849172066,10.28708146717571
0.0655,0.02019294506148895,1.0,10.482952356987472,0.8102012591110656,1.261516752271096,0.9955613165771194,0.7264359531263129,10.298526470862758
0.066,0.02018823917913601,1.0,10.493586864523111,0.812471510338915,1.261149403336212,0.9955936472065645,0.7272039565485617,10.309944936076867
0.0665,0.020183533296783067,1.0,10.504196928053652,0.8147145919119861,1.2607820945637904,0.9956251704923543,0.7279707966196891,10.32133720207444
0.067,0.020178827414430126,1.0,10.514782886086083,0.8169308329897735,1.260414825437549,0.9956559103326741,0.7287364747693237,10.332703609006007
0.0675,0.020174121532077184,1.0,10.525345078024985,0.8191205627317714,1.2600475954412051,0.9956858897951373,0.7295009924209892,10.344044497910247
0.068,0.020169415649724243,1.0,10.535883844167188,0.821284110297474,1.2596804040584768,0.9957151311531566,0.730264350992105,10.355360210708643
0.0685,0.020164709767371305,1.0,10.546399267133879,0.8234216779872218,1.2593132511204463,0.9957436538373171,0.7310265511733773,10.366650830904977
0.069,0.020160003885018363,1.0,10.556891937599362,0.825533750499671,1.2589461357764886,0.9957714812240132,0.7317875950656973,10.37791695148771
0.0695,0.020155298002665422,1.0,10.567362057559096,0.8276206103622263,1.2585790576994706,0.9957986326399343,0.7325474836770154,10.389158775651612
0.07,0.02015059212031248,1.0,10.577809827623694,0.8296825390731188,1.2582120165649118,0.9958251267566361,0.7333062180059269,10.400376505195046
0.07050000000000001,0.02014588623795954,1.0,10.58823544899011,0.8317198181305797,1.2578450120483318,0.995850981634189,0.7340637990471826,10.411570342496777
0.07100000000000001,0.020141180355606598,1.0,10.598639123438668,0.8337327290328405,1.2574780438252497,0.9958762147465182,0.7348202277916911,10.422740490512993
0.07150000000000001,0.020136474473253656,1.0,10.609021053329192,0.835721553278132,1.2571111115711855,0.9959008430055661,0.7355755052265176,10.43388715277344
0.07200000000000001,0.020131768590900715,1.0,10.619381441598323,0.8376865723646858,1.2567442149616581,0.9959248827843379,0.7363296323348876,10.445010533378738
0.0725,0.020127062708547774,1.0,10.629720491756641,0.8396280677907331,1.2563773536721874,0.9959483499388874,0.7370826100961846,10.45611083699751
0.073,0.020122356826194832,1.0,10.640038407885074,0.8415463210545051,1.2560105273782927,0.9959712598293002,0.7378344394859538,10.467188268862781
0.0735,0.02011765094384189,1.0,10.65033539463267,0.843441613654233,1.2556437357554935,0.9959936273397259,0.7385851214759016,10.478243034769768
0.074,0.02011294506148895,1.0,10.66061165721344,0.8453142270881482,1.2552769784793092,0.9960154668975046,0.7393346570338972,10.48927534107271
0.0745,0.020108239179136008,1.0,10.67086740140244,0.8471644428544818,1.2549102552252593,0.9960367924914416,0.7400830471239725,10.50028539468096
0.075,0.020103533296783067,1.0,10.681102833534608,0.8489925424514652,1.2545435656688633,0.9960576176892632,0.7408302927063244,10.511273403057816
0.0755,0.020098827414430125,1.0,10.691318053256818,0.8507987037269191,1.2541769096287354,0.996077954133603,0.7415763944463427,10.522239466679874
0.076,0.020094121532077187,1.0,10.701513330576962,0.8525833115995812,1.2538102866967513,0.9960978161394036,0.7423213534676516,10.533183856844195
0.0765,0.020089415649724246,1.0,10.711688800872592,0.854346617626671,1.2534436966451457,0.9961172156755008,0.7430651705233735,10.544106709842753
0.077,0.020084709767371305,1.0,10.721844586462634,0.8560888593875787,1.2530771392641002,0.9961361641632668,0.7438078463275968,10.555008148868255
0.0775,0.020080003885018363,1.0,10.731980810048286,0.857810274461695,1.2527106143437974,0.996154672696117,0.744549381591922,10.565888297491837
0.078,0.020075298002665422,1.0,10.74209759471201,0.85951110042841,1.2523441216744187,0.9961727520518783,0.7452897770254647,10.576747279662047
0.0785,0.02007059212031248,1.0,10.752195063915362,0.8611915748671141,1.2519776610461464,0.9961904127046437,0.7460290333348534,10.587585219702687
0.079,0.02006588623795954,1.0,10.762273341497604,0.8628519353571975,1.2516112322491626,0.9962076648361354,0.7467671512242318,10.598402242311419
0.0795,0.020061180355606598,1.0,10.772332551673752,0.8644924194780508,1.2512448350736491,0.996224518346599,0.7475041313952593,10.60919847255782
0.08,0.020056474473253656,1.0,10.782372819032444,0.8661132648090641,1.2508784693097883,0.9962409828652532,0.7482399745471104,10.619974035881238
0.0805,0.020051768590900715,1.0,10.792394268535164,0.8677147089296279,1.250512134747762,0.996257067760314,0.7489746813764767,10.630729058090036
0.081,0.020047062708547773,1.0,10.802397025513551,0.8692969894191325,1.250145831177752,0.9962727821486128,0.7497082525775663,10.641463665358884
0.0815,0.020042356826194832,1.0,10.812381215668273,0.8708603438569681,1.2497795583899407,0.9962881349048277,0.7504406888421048,10.652177984227645
0.082,0.02003765094384189,1.0,10.82234696506712,0.8724050098225252,1.2494133161745098,0.9963031346703461,0.7511719908593361,10.662872141599461
0.0825,0.02003294506148895,1.0,10.832294373550853,0.8739311458629163,1.2490471043568918,0.9963177888005761,0.7519021592457897,10.673546238076744
0.083,0.020028239179136008,1.0,10.84222358163854,0.8754390604437806,1.248680922709039,0.996332106460023,0.752631194722324,10.684200415042767
0.0835,0.020023533296783066,1.0,10.852134676756402,0.8769289773883153,1.2483147710737312,0.9963460954593827,0.7533590978664018,10.694834760644047
0.084,0.020018827414430125,1.0,10.862027737470285,0.8784010972092074,1.2479486493058594,0.9963597631041593,0.7540858692295999,10.70544935414001
0.0845,0.020014121532077187,1.0,10.871902842616098,0.879855620419144,1.2475825572603143,0.9963731165160686,0.7548115093617728,10.71604427505747
0.085,0.020009415649724246,1.0,10.881760071299055,0.8812927475308118,1.2472164947919864,0.9963861626394243,0.7555360188110551,10.726619603189896
0.0855,0.020004709767371304,1.0,10.891599502892158,0.8827126790568977,1.246850461755767,0.9963989082472883,0.7562593981238586,10.737175418595873
0.08600000000000001,0.020000003885018363,1.0,10.901421217035468,0.8841156155100888,1.2464844580065464,0.9964113599473907,0.7569816478448763,10.747711801598394
0.08650000000000001,0.01999529800266542,1.0,10.911225293634587,0.8855017574030719,1.2461184833992156,0.9964235241878304,0.7577027685170801,10.75822883278332
0.08700000000000001,0.01999059212031248,1.0,10.921011812859748,0.886871305248534,1.2457525377886656,0.9964354072625652,0.758422760681722,10.768726592998494
0.08750000000000001,0.01998588623795954,1.0,10.930780855145287,0.8882244595591618,1.2453866210297866,0.996447015316703,0.7591416248783356,10.779205163353199
0.088,0.019981180355606597,1.0,10.94053250118678,0.8895614208476427,1.24502073297747,0.9964583543515959,0.7598593616447332,10.789664625215295
0.0885,0.019976474473253656,1.0,10.950266831942502,0.8908823896266631,1.2446548734866063,0.9964694302297543,0.7605759715170106,10.800105060212687
0.089,0.019971768590900715,1.0,10.95998392862977,0.8921875664089103,1.2442890424120863,0.9964802486795797,0.7612914550295437,10.810526550229662
0.0895,0.019967062708547773,1.0,10.96968387499981,0.8934770922523534,1.2439232396058053,0.9964908145551912,0.7620058127208356,10.820929179687505
0.09,0.019962356826194832,1.0,10.97936675476448,0.8947512131309936,1.243557464920055,0.9965011339069265,0.7627190451268648,10.83131303296467
0.0905,0.01995765094384189,1.0,10.989032622958153,0.8960101280716706,1.2431917182452128,0.996511212071714,0.7634311527077642,10.84167816568668
0.091,0.01995294506148895,1.0,10.998681532305795,0.8972540063034472,1.2428259994749684,0.9965210539014733,0.7641421359159306,10.85202463116134
0.0915,0.019948239179136008,1.0,11.00831353573671,0.8984830170553866,1.2424603085030101,0.996530664141536,0.7648519952025006,10.862352482898833
0.092,0.01994353329678307,1.0,11.017928686382161,0.8996973295565517,1.2420946452230273,0.9965400474341071,0.7655607310173462,10.872661774609353
0.0925,0.01993882741443013,1.0,11.02752703757501,0.9008971130360055,1.2417290095287086,0.996549208321607,0.766268343809078,10.882952560202737
0.093,0.019934121532077187,1.0,11.037108642850313,0.9020825367228111,1.2413634013137427,0.9965581512499043,0.7669748340250448,10.893224893789066
0.0935,0.019929415649724246,1.0,11.046673555941993,0.9032537698460316,1.2409978204718188,0.9965668805714382,0.7676802021113319,10.903478829675334
0.094,0.019924709767371304,1.0,11.056221830784244,0.9044109816347298,1.2406322668966259,0.9965754005482376,0.768384448512764,10.913714422366855
0.0945,0.019920003885018363,1.0,11.065753521509778,0.9055543413179689,1.2402667404818526,0.9965837153548421,0.7690875736729044,10.923931726565513
0.095,0.01991529800266542,1.0,11.075268682449266,0.9066840181248117,1.2399012411211878,0.9965918290811241,0.7697895780340548,10.934130797169196
0.0955,0.01991059212031248,1.0,11.084767368130581,0.9078001812843215,1.2395357687083206,0.9965997457350202,0.7704904620372557,10.944311689271045
0.096,0.01990588623795954,1.0,11.094249633278043,0.908903000025561,1.2391703231369398,0.9966074692451716,0.7711902261222873,10.954474458158696
0.0965,0.019901180355606597,1.0,11.103715545417872,0.9099925996384446,1.2388049042842288,0.9966150029419301,0.7718888707592012,10.964619171950366
0.097,0.019896474473253656,1.0,11.11316516177224,0.9110691751063965,1.2384395120411402,0.9966223509126594,0.7725863963903318,10.974745888432482
0.0975,0.019891768590900714,1.0,11.122598514908962,0.912132903315924,1.2380741463311369,0.9966295169558145,0.7732828033948017,10.984854640675096
0.098,0.019887062708547773,1.0,11.13201564160332,0.9131839270932801,1.237708807072383,0.9966365043988209,0.7739780921608985,10.994945465964081
0.0985,0.01988235682619483,1.0,11.141416578791569,0.914222389264718,1.237343494183042,0.996643316505652,0.7746722630759374,11.005018401744769
0.099,0.01987765094384189,1.0,11.150801363570949,0.9152484326564906,1.2369782075812774,0.9966499564787813,0.77536531652626,11.015073485621976
0.0995,0.01987294506148895,1.0,11.160170033198922,0.9162622000948512,1.236612947185253,0.9966564274610755,0.7760572528972348,11.025110755359236
0.1,0.019868239179136007,1.0,11.169522625091421,0.9172638344060526,1.2362477129131326,0.9966627325376295,0.7767480725732563,11.035130248877048
0.1005,0.01986353329678307,1.0,11.178859176824863,0.9182534784163481,1.2358825046830797,0.9966688747375467,0.7774377759377475,11.045132004254889
0.101,0.019858827414430128,1.0,11.188179726132416,0.9192312749519908,1.2355173224132578,0.996674857035667,0.7781263633731582,11.055116059727482
0.1015,0.019854121532077187,1.0,11.197484310905626,0.9201973668392335,1.2351521660218312,0.9966806823542401,0.7788138352609646,11.065082453686424
0.10200000000000001,0.019849415649724245,1.0,11.20677296919365,0.9211518969043296,1.234787035426963,0.9966863535645513,0.7795001919816721,11.075031224679423
0.10250000000000001,0.019844709767371304,1.0,11.216045739201922,0.922095007973532,1.234421930546817,0.9966918734884987,0.7801854339148133,11.084962411408954
0.10300000000000001,0.019840003885018363,1.0,11.225302659291986,0.9230268428730939,1.234056851299557,0.9966972449001229,0.7808695614389485,11.094876052732104
0.10350000000000001,0.01983529800266542,1.0,11.234543769666551,0.9239474863982303,1.2336917976011523,0.996702469866425,0.7815525749357682,11.104772189349552
0.10400000000000001,0.01983059212031248,1.0,11.243769124244329,0.9248571084513809,1.2333267693499326,0.996707551382314,0.7822344748188934,11.114650875707968
0.1045,0.01982588623795954,1.0,11.252978753489362,0.9257558936844608,1.2329617664749641,0.9967124925634214,0.7829152614434571,11.124512142742686
0.105,0.019821180355606597,1.0,11.262172682400445,0.926643959848126,1.2325967889126017,0.9967172957226225,0.7835949351501864,11.13435601590953
0.1055,0.019816474473253656,1.0,11.271350936105904,0.9275214246930326,1.2322318365992004,0.9967219631346624,0.7842734962790491,11.144182520792677
0.106,0.019811768590900714,1.0,11.280513539863955,0.9283884059698367,1.231866909471116,0.9967264970372804,0.784950945169253,11.15399168310502
0.1065,0.019807062708547773,1.0,11.289660519063503,0.9292450214291946,1.2315020074647032,0.9967308996322987,0.78562728215925,11.163783528688967
0.107,0.01980235682619483,1.0,11.298791899221909,0.9300913888217622,1.2311371305163172,0.9967351730866841,0.7863025075867317,11.173558083514212
0.1075,0.01979765094384189,1.0,11.307907705985771,0.9309276258981957,1.2307722785623132,0.996739319533582,0.7869766217886325,11.183315373678514
0.108,0.019792945061488952,1.0,11.317007965130113,0.9317538504091512,1.2304074515390464,0.9967433410733184,0.7876496251011279,11.193055425406882
0.1085,0.01978823917913601,1.0,11.326092702556958,0.9325701801052848,1.2300426493828722,0.9967472397743796,0.7883215178596357,11.202778265050151
0.109,0.01978353329678307,1.0,11.33516194429772,0.9333767327372525,1.2296778720301453,0.9967510176743621,0.7889923003988167,11.212483919087383
0.1095,0.019778827414430128,1.0,11.344215716509586,0.9341736260557106,1.2293131194172213,0.9967546767808991,0.7896619730525728,11.22217241412223
0.11,0.019774121532077187,1.0,11.353254045477097,0.9349609778113153,1.228948391480455,0.9967582190725623,0.7903305361540491,11.231843776884535
0.1105,0.019769415649724245,1.0,11.362276957610746,0.9357389057547223,1.228583688156202,0.9967616464997389,0.7909979900356328,11.241498034228915
0.111,0.019764709767371304,1.0,11.371284479447752,0.9365075276365881,1.228219009380817,0.9967649609854858,0.7916643350289543,11.251135213135544
0.1115,0.019760003885018362,1.0,11.380276637649658,0.9372669612075685,1.2278543550906555,0.9967681644263623,0.7923295714648858,11.260755340707753
0.112,0.01975529800266542,1.0,11.389253466852201,0.9380173135230582,1.2274897252119268,0.9967712585756597,0.7929936996920082,11.270358452039293
0.1125,0.01975059212031248,1.0,11.398215060619037,0.9387586371257018,1.2271251195948663,0.9967742445639619,0.7936567201960708,11.27994464128046
0.113,0.019745886237959538,1.0,11.407161381742313,0.9394911329961109,1.2267605382589302,0.9967771251292386,0.794318633154081,11.289513871518574
0.1135,0.019741180355606597,1.0,11.416092447622782,0.9402148966339358,1.2263959811530911,0.9967799018265119,0.7949794388709168,11.299066160569842
0.114,0.019736474473253655,1.0,11.425008275769374,0.9409300235388268,1.226031448226321,0.9967825761897187,0.7956391376508478,11.308601526357698
0.1145,0.019731768590900714,1.0,11.433908883799061,0.9416366092104346,1.225666939427592,0.9967851497323161,0.796297729797534,11.318119986912688
0.115,0.019727062708547773,1.0,11.442794289435954,0.9423347491484094,1.2253024547058768,0.9967876239478752,0.7969552156140253,11.327621560371542
0.1155,0.01972235682619483,1.0,11.451664510512161,0.9430245388524019,1.224937994010147,0.9967900003106579,0.7976115954027643,11.337106264978054
0.116,0.01971765094384189,1.0,11.460519564965466,0.9437060738220624,1.224573557289375,0.99679228027618,0.7982668694655832,11.346574119080747
0.1165,0.019712945061488952,1.0,11.469359470841422,0.9443794495570415,1.2242091444925332,0.9967944652817636,0.7989210381037055,11.356025141134973
0.117,0.01970823917913601,1.0,11.478184246290812,0.9450447615569895,1.2238447555685934,0.9967965567470732,0.7995741016177467,11.365459349700371
0.11750000000000001,0.01970353329678307,1.0,11.486993909571146,0.9457021053215569,1.223480390466528,0.9967985560746409,0.8002260603077129,11.37487676344237
0.11800000000000001,0.019698827414430128,1.0,11.495788479044924,0.9463515763503941,1.2231160491353092,0.9968004646503789,0.800876914473001,11.38427740113044
0.11850000000000001,0.019694121532077186,1.0,11.504567973180327,0.9469932701431517,1.2227517315239091,0.9968022838440794,0.8015266644124012,11.393661281638797
0.11900000000000001,0.019689415649724245,1.0,11.513332410550504,0.94762728219948,1.2223874375813002,0.9968040150099042,0.8021753104240932,11.403028423945685
0.11950000000000001,0.019684709767371304,1.0,11.522081809832839,0.9482537080190296,1.2220231672564543,0.9968056594868615,0.80282285280565,11.412378847132635
0.12,0.019680003885018362,1.0,11.530816189809244,0.9488726431014509,1.221658920498344,0.996807218599272,0.8034692918540354,11.42171257038477
0.1205,0.01967529800266542,1.0,11.539535569366251,0.9494841829463944,1.2212946972559409,0.9968086936572242,0.804114627865606,11.431029612990894
0.121,0.01967059212031248,1.0,11.548240037240934,0.9500883708826021,1.220930497388672,0.9968100853969771,0.8047588612943758,11.44033006423574
0.1215,0.019665886237959538,1.0,11.556929583732453,0.9506853422255607,1.2205663208825641,0.9968113955297552,0.805401992369319,11.449613914757263
0.122,0.019661180355606597,1.0,11.565604194605198,0.9512752000417669,1.2202021677295367,0.9968126254074035,0.8060440213088519,11.458881150648796
0.1225,0.019656474473253655,1.0,11.574263882647593,0.9518580217845745,1.2198380378869216,0.9968137760949191,0.8066849483921137,11.468131785083592
0.123,0.019651768590900714,1.0,11.582908660740522,0.9524338849073374,1.2194739313120504,0.9968148486459079,0.8073247738977336,11.477365831326583
0.1235,0.019647062708547772,1.0,11.591538541857496,0.9530028668634095,1.2191098479622546,0.9968158441029187,0.8079634981038306,11.48658330273453
0.124,0.019642356826194834,1.0,11.600153539064365,0.9535650451061447,1.2187457877948664,0.9968167634977707,0.8086011212880131,11.495784212755751
0.1245,0.019637650943841893,1.0,11.608753665517856,0.9541204970888968,1.2183817507672172,0.9968176078518725,0.80923764372738,11.504968574928647
0.125,0.01963294506148895,1.0,11.617338934467542,0.9546693002650197,1.218017736836639,0.9968183781765372,0.8098730656985202,11.514136402883679
0.1255,0.01962823917913601,1.0,11.625909359253352,0.9552115320878674,1.2176537459604633,0.9968190754732886,0.8105073874775125,11.523287710340874
0.126,0.01962353329678307,1.0,11.634464953307338,0.9557472700107935,1.217289778096022,0.9968197007341615,0.8111406093399263,11.532422511111598
0.1265,0.019618827414430128,1.0,11.643005730151389,0.9562765914871523,1.2169258332006467,0.9968202549419976,0.8117727315608207,11.541540819096257
0.127,0.019614121532077186,1.0,11.651531703398799,0.9567995739702972,1.2165619112316692,0.9968207390707317,0.8124037544147464,11.550642648285883
0.1275,0.019609415649724245,1.0,11.660042886752802,0.9573162949135825,1.2161980121464213,0.996821154085676,0.8130336781757435,11.559728012760655
0.128,0.019604709767371303,1.0,11.668539294006905,0.9578268317703619,1.2158341359022344,0.9968215009437958,0.8136625031173432,11.568796926690236
0.1285,0.019600003885018362,1.0,11.677020939044247,0.9583312619939891,1.2154702824564407,0.9968217805939804,0.8142902295125666,11.577849404333138
0.129,0.01959529800266542,1.0,11.68548783583732,0.9588296630378184,1.2151064517663719,0.9968219939773086,0.8149168576339261,11.586885460036433
0.1295,0.01959059212031248,1.0,11.69394002435196,0.959322093495084,1.2147426437563111,0.9968221418275403,0.8155423878102002,11.595905134191229
0.13,0.019585886237959538,1.0,11.702377562653872,0.9598086136115989,1.2143788583276194,0.9968222248887004,0.816166820408586,11.604908485322719
0.1305,0.019581180355606596,1.0,11.710800404667827,0.9602893389583962,1.21401509551462,0.9968222444840089,0.8167901555674723,11.613895467607463
0.131,0.019576474473253655,1.0,11.719208560059005,0.9607643323526907,1.2136513552806008,0.9968222013714204,0.8174123935470501,11.622866091072718
0.1315,0.019571768590900714,1.0,11.727602038574558,0.9612336566116967,1.2132876375888486,0.9968220963026128,0.818033534607072,11.631820365827025
0.132,0.019567062708547772,1.0,11.735980850042566,0.9616973745526287,1.2129239424026512,0.996821930023182,0.8186535790068499,11.640758302059181
0.1325,0.019562356826194834,1.0,11.744345004372038,0.9621555489927014,1.2125602696852964,0.9968217032728351,0.8192725270052563,11.64967991003823
0.133,0.019557650943841893,1.0,11.7526945115531,0.9626082427491292,1.2121966194000713,0.9968214167855773,0.8198903788607251,11.658585200113656
0.1335,0.01955294506148895,1.0,11.761029381656975,0.9630555186391264,1.2118329915102635,0.9968210712898975,0.8205071348312506,11.66747418271535
0.134,0.01954823917913601,1.0,11.769349624834753,0.9634974394799077,1.2114693859791603,0.9968206675089498,0.8211227951743877,11.676346868352406
0.1345,0.01954353329678307,1.0,11.777655251318198,0.9639340680886875,1.2111058027700496,0.9968202061607306,0.8217373601472516,11.6852032676139
0.135,0.019538827414430127,1.0,11.785946271418908,0.9643654672826805,1.2107422418462186,0.9968196879582549,0.8223508300065197,11.694043391168071
0.1355,0.019534121532077186,1.0,11.794222695528322,0.964791699879101,1.2103787031709548,0.9968191136097273,0.8229632050084292,11.702867249762315
0.136,0.019529415649724245,1.0,11.802484534117692,0.9652128286951634,1.2100151867075457,0.9968184838187107,0.8235744854087789,11.711674854223164
0.1365,0.019524709767371303,1.0,11.810731797737473,0.9656289165480826,1.2096516924192788,0.9968177992842917,0.8241846714629284,11.720466215455673
0.137,0.01952000388501836,1.0,11.818964497017513,0.9660400262550727,1.2092882202694415,0.996817060701244,0.8247937634257989,11.729241344443613
0.1375,0.01951529800266542,1.0,11.827182642666015,0.9664462206333483,1.2089247702213215,0.9968162687601867,0.8254017615518721,11.738000252248431
0.138,0.01951059212031248,1.0,11.835386245470973,0.966847562500124,1.208561342238206,0.9968154241477425,0.8260086660951916,11.746742950010686
0.1385,0.019505886237959538,1.0,11.843575374243937,0.967244038202374,1.2081979362099227,0.996814526742252,0.8266144774317159,11.755469507002285
0.139,0.019501180355606596,1.0,11.851750003388862,0.96763579516049,1.2078345521461424,0.9968135781124755,0.8272191957368495,11.764179897909118
0.1395,0.019496474473253655,1.0,11.859910133747341,0.9680228936842347,1.2074711900230786,0.9968125789077265,0.8278228212416305,11.772874123903977
0.14,0.019491768590900713,1.0,11.868055772313532,0.9684053832957868,1.207107849809233,0.9968115296605251,0.8284253541895849,11.781552192323044
0.1405,0.019487062708547775,1.0,11.87618692615442,0.9687833135173257,1.206744531473107,0.9968104309001716,0.8290267948238621,11.790214110574757
0.14100000000000001,0.019482356826194834,1.0,11.884303602407387,0.9691567338710301,1.2063812349832026,0.996809283152859,0.8296271433872324,11.79885988613736
0.14150000000000001,0.019477650943841893,1.0,11.892405808282701,0.9695256938790787,1.2060179603080217,0.9968080869417844,0.8302264001220896,11.8074895265614
0.14200000000000002,0.01947294506148895,1.0,11.900493551061881,0.9698902430636508,1.2056547074160657,0.996806842787258,0.8308245652704496,11.816103039468087
0.14250000000000002,0.01946823917913601,1.0,11.908566838097334,0.9702504309469252,1.2052914762758367,0.9968055512068109,0.8314216390739504,11.824700432548946
0.14300000000000002,0.01946353329678307,1.0,11.916625676812773,0.9706063070510808,1.2049282668558363,0.9968042127153001,0.8320176217738525,11.833281713566214
0.14350000000000002,0.019458827414430127,1.0,11.92467007470284,0.9709579208982965,1.2045650791245663,0.9968028278250136,0.8326125136110396,11.841846890352475
0.14400000000000002,0.019454121532077186,1.0,11.932700039333135,0.9713053220107513,1.2042019130505286,0.9968013970457724,0.8332063148260175,11.850395970810691
0.1445,0.019449415649724244,1.0,11.940715578339617,0.971648559910624,1.2038387686022245,0.9967999208850319,0.8337990256589152,11.858928962913597
0.145,0.019444709767371303,1.0,11.948716699428221,0.9719876841200937,1.2034756457481564,0.9967983998479806,0.8343906463494831,11.867445874703318
0.1455,0.01944000388501836,1.0,11.956703410375924,0.9723227441613392,1.2031125444568256,0.9967968344376386,0.8349811771370962,11.875946714292443
0.146,0.01943529800266542,1.0,11.96467571902932,0.9726537895565396,1.202749464696734,0.9967952251549536,0.8355706182607512,11.884431489862589
0.1465,0.01943059212031248,1.0,11.97263363330485,0.9729808698278737,1.2023864064363834,0.9967935724988958,0.8361589699590681,11.892900209664644
0.147,0.019425886237959537,1.0,11.980577161188647,0.9733040344975203,1.2020233696442755,0.9967918769665516,0.8367462324702897,11.901352882018596
0.1475,0.019421180355606596,1.0,11.988506310736536,0.9736233330876587,1.201660354288912,0.9967901390532148,0.8373324060322821,11.90978951531355
0.148,0.019416474473253655,1.0,11.99642109007284,0.9739388151204674,1.2012973603387949,0.9967883592524783,0.8379174908825335,11.918210118006519
0.1485,0.019411768590900717,1.0,12.00432150739247,0.9742505301181257,1.2009343877624257,0.9967865380563218,0.8385014872581567,11.926614698624526
0.149,0.019407062708547775,1.0,12.012207637238358,0.9745584945116486,1.200571436444872,0.9967846756057499,0.8390843955297626,11.935003332157358
0.1495,0.019402356826194834,1.0,12.020079508539927,0.9748627610380237,1.200208506328798,0.9967827724229679,0.8396662159743666,11.943376047899855
0.15,0.019397650943841892,1.0,12.027937053836133,0.9751634115760788,1.199845597478245,0.996780829337431,0.8402469486742532,11.951732778588662
0.1505,0.01939294506148895,1.0,12.035780278569693,0.9754604843916274,1.199482709865533,0.9967788467170042,0.8408265938588144,11.960073529990865
0.151,0.01938823917913601,1.0,12.043609188248624,0.9757540177504828,1.1991198434629815,0.9967768249282153,0.841405151757111,11.968398307938335
0.1515,0.01938353329678307,1.0,12.05142378844464,0.9760440499184584,1.1987569982429103,0.9967747643363168,0.841982622597871,11.976707118326129
0.152,0.019378827414430127,1.0,12.05922408479259,0.9763306191613679,1.1983941741776394,0.9967726653053491,0.8425590066094899,11.98499996711192
0.1525,0.019374121532077185,1.0,12.067010082992988,0.9766137637450246,1.198031371239488,0.9967705281982003,0.8431343040200322,11.993276860318538
0.153,0.019369415649724244,1.0,12.074781788808139,0.9768935219352419,1.1976685894007764,0.996768353376668,0.8437085150572291,12.001537804030086
0.1535,0.019364709767371303,1.0,12.082539208064668,0.9771699319978335,1.197305828633824,0.9967661412015183,0.8442816399484803,12.009782804394476
0.154,0.01936000388501836,1.0,12.09028234665317,0.9774430321986126,1.1969430889109505,0.9967638920325452,0.8448536789208538,12.018011867623075
0.1545,0.01935529800266542,1.0,12.098011210525982,0.9777128608033927,1.1965803702044757,0.9967616062286287,0.8454246322010851,12.02622499998848
0.155,0.01935059212031248,1.0,12.105725805699514,0.9779794560779873,1.1962176724867195,0.996759284147792,0.845994500015578,12.034422207826848
0.1555,0.019345886237959537,1.0,12.113426138252851,0.9782428562882098,1.1958549957300013,0.9967569261472582,0.8465632825904047,12.042603497536495
0.156,0.0193411803556066,1.0,12.121112214328024,0.9785030996998738,1.195492339906641,0.9967545325835062,0.8471309801513053,12.050768875578171
0.1565,0.019336474473253658,1.0,12.12878404012881,0.9787602245787926,1.1951297049889584,0.9967521038123267,0.8476975929236882,12.058918348473862
0.157,0.019331768590900716,1.0,12.136441621922245,0.9790142691907797,1.1947670909492731,0.9967496401888752,0.8482631211326302,12.067051922808295
0.1575,0.019327062708547775,1.0,12.14408496603744,0.9792652718016486,1.1944044977599049,0.9967471420677279,0.8488275650028766,12.07516960522776
0.158,0.019322356826194834,1.0,12.151714078865625,0.9795132706772126,1.1940419253931733,0.9967446098029321,0.8493909247588406,12.08327140244016
0.1585,0.019317650943841892,1.0,12.159328966859796,0.9797583040832853,1.1936793738213984,0.9967420437480614,0.849953200624604,12.091357321214637
0.159,0.01931294506148895,1.0,12.16692963653519,0.9800004102856801,1.1933168430168997,0.9967394442562654,0.8505143928239175,12.099427368382079
0.1595,0.01930823917913601,1.0,12.174516099483682,0.9802396255961323,1.1929543329457255,0.996736811659482,0.8510745015898804,12.10748155585756
0.16,0.019303533296783068,1.0,12.182088507686085,0.980475940045956,1.1925918433985239,0.996734145795038,0.8516335274254339,12.115520036169608
0.1605,0.019298827414430127,1.0,12.18964672796355,0.9807094477368815,1.1922293745225823,0.9967314476102864,0.8521914702826272,12.123542676227158
0.161,0.019294121532077185,1.0,12.197190764757751,0.9809401782369229,1.1918669262931296,0.9967287173647916,0.8527483303793071,12.131549480781592
0.1615,0.019289415649724244,1.0,12.204720622567887,0.9811681611140944,1.191504498685395,0.996725955317723,0.853304107933022,12.139540454641361
0.162,0.019284709767371302,1.0,12.212236305950974,0.9813934259364098,1.1911420916746076,0.9967231617278915,0.8538588031610236,12.147515602672266
0.1625,0.01928000388501836,1.0,12.21973781952315,0.981616002271883,1.1907797052359959,0.9967203368537857,0.8544124162802662,12.155474929798778
0.163,0.01927529800266542,1.0,12.227225167956442,0.9818359196885281,1.1904173393447894,0.9967174809536073,0.8549649475074053,12.163418441000788
0.1635,0.01927059212031248,1.0,12.234698355982358,0.9820532077543591,1.1900549939762166,0.9967145942853076,0.8555163970588011,12.171346141317215
0.164,0.019265886237959537,1.0,12.242157388388435,0.9822678960373901,1.189692669105507,0.9967116771066212,0.8560667651505145,12.179258035842544
0.1645,0.0192611803556066,1.0,12.249602270020594,0.9824800141056347,1.1893303647078892,0.9967087296751017,0.8566160519983106,12.187154129729183
0.165,0.019256474473253658,1.0,12.257033005781146,0.9826895915271072,1.1889680807585923,0.9967057522481549,0.8571642578176566,12.195034428185478
0.1655,0.019251768590900716,1.0,12.264449600629897,0.9828966578698216,1.1886058172328453,0.9967027450830742,0.8577113828237222,12.202898936476798
0.166,0.019247062708547775,1.0,12.271852059583814,0.9831012427017918,1.1882435741058772,0.9966997084370728,0.8582574272313804,12.210747659925222
0.1665,0.019242356826194833,1.0,12.279240387716259,0.9833033755910318,1.187881351352917,0.9966966425673178,0.8588023912552071,12.21858060390876
0.167,0.019237650943841892,1.0,12.286614590157493,0.9835030861055555,1.1875191489491934,0.9966935477309624,0.8593462751094809,12.22639777386187
0.1675,0.01923294506148895,1.0,12.293974672094322,0.983700403813377,1.187156966869936,0.9966904241851787,0.8598890790081828,12.234199175275082
0.168,0.01922823917913601,1.0,12.301320638769766,0.9838953582825102,1.1867948050903732,0.9966872721871898,0.860430803164998,12.24198481369469
0.1685,0.019223533296783068,1.0,12.30865249548355,0.9840879790809691,1.1864326635857343,0.9966840919943017,0.8609714477933137,12.249754694723233
0.169,0.019218827414430126,1.0,12.315970247591345,0.9842782957767677,1.186070542331248,0.9966808838639349,0.8615110131062209,12.257508824018736
0.1695,0.019214121532077185,1.0,12.323273900504425,0.9844663379379202,1.1857084413021437,0.9966776480536546,0.862049499316513,12.265247207294362
0.17,0.019209415649724244,1.0,12.330563459691005,0.9846521351324402,1.1853463604736498,0.9966743848212026,0.8625869066366874,12.272969850319765
0.1705,0.019204709767371302,1.0,12.337838997258899,0.9848356733313147,1.1849842997382916,0.9966710939532757,0.8631232354013356,12.2806768256021
0.171,0.01920000388501836,1.0,12.345100506156033,0.9850170085903945,1.1846222590870552,0.9966677759929572,0.863658485798369,12.288368126370026
0.1715,0.01919529800266542,1.0,12.352347949024374,0.9851961953307479,1.1842602385485974,0.996664431467401,0.8641926579600558,12.296043715501604
0.17200000000000001,0.019190592120312478,1.0,12.359581329211423,0.9853732556864395,1.1838982381010652,0.9966610605552378,0.8647257520932957,12.303703596640318
0.17250000000000001,0.01918588623795954,1.0,12.366800650118597,0.9855482117915344,1.1835362577226047,0.9966576634351597,0.8652577684047265,12.311347773483167
0.17300000000000001,0.0191811803556066,1.0,12.374005915197548,0.9857210857800973,1.1831742973913635,0.9966542402859411,0.8657887071007213,12.318976249776973
0.17350000000000002,0.019176474473253657,1.0,12.381197127953824,0.9858918997861931,1.1828123570854876,0.9966507912864603,0.8663185683873926,12.326589029322054
0.17400000000000002,0.019171768590900716,1.0,12.388374291944231,0.9860606759438866,1.1824504367831241,0.9966473166157195,0.8668473524705889,12.334186115969576
0.17450000000000002,0.019167062708547775,1.0,12.395537410778195,0.9862274363872426,1.1820885364624196,0.9966438164528655,0.8673750595558963,12.341767513622917
0.17500000000000002,0.019162356826194833,1.0,12.402686488116172,0.9863922032503261,1.1817266561015212,0.9966402909772099,0.8679016898486378,12.349333226236082
0.17550000000000002,0.019157650943841892,1.0,12.409821527671216,0.9865549986672018,1.1813647956785753,0.9966367403682498,0.8684272435538745,12.356883257815266
0.176,0.01915294506148895,1.0,12.416942533207393,0.9867158447719345,1.1810029551717287,0.9966331648056874,0.8689517208764047,12.36441761241727
0.1765,0.01914823917913601,1.0,12.424049508540723,0.9868747636985892,1.1806411345591283,0.9966295644694498,0.8694751220207636,12.371936294150442
0.177,0.019143533296783068,1.0,12.431142457538627,0.9870317775812305,1.1802793338189208,0.996625939539709,0.8699974471912244,12.379439307174131
0.1775,0.019138827414430126,1.0,12.438221384119418,0.9871869085539234,1.1799175529292527,0.9966222901969009,0.8705186965917981,12.386926655698161
0.178,0.019134121532077185,1.0,12.445286292252803,0.9873401787507329,1.179555791868271,0.9966186166217446,0.8710388704262324,12.394398343983354
0.1785,0.019129415649724243,1.0,12.452337185959763,0.9874916103057235,1.1791940506141227,0.9966149189952628,0.8715579688980128,12.401854376341397
0.179,0.019124709767371302,1.0,12.459374069312036,0.9876412253529603,1.178832329144954,0.9966111974987991,0.8720759922103632,12.409294757134324
0.1795,0.01912000388501836,1.0,12.466396946432411,0.987789046026508,1.178470627438912,0.9966074523140382,0.8725929405662443,12.41671949077482
0.18,0.01911529800266542,1.0,12.473405821493989,0.9879350944604314,1.1781089454741434,0.9966036836230239,0.8731088141683545,12.424128581725473
0.1805,0.01911059212031248,1.0,12.480400698721118,0.9880793927887955,1.1777472832287947,0.9965998916081775,0.8736236132191305,12.431522034499714
0.181,0.01910588623795954,1.0,12.487381582387808,0.988221963145665,1.177385640681013,0.9965960764523167,0.8741373379207461,12.43889985366023
0.1815,0.0191011803556066,1.0,12.494348476819097,0.9883628276651049,1.177024017808945,0.9965922383386738,0.8746499884751132,12.446262043820328
0.182,0.019096474473253657,1.0,12.50130138639008,0.9885020084811799,1.1766624145907374,0.9965883774509131,0.8751615650838817,12.45360860964297
0.1825,0.019091768590900716,1.0,12.508240315526244,0.9886395277279548,1.1763008310045369,0.9965844939731493,0.8756720679484389,12.460939555841103
0.183,0.019087062708547774,1.0,12.515165268703113,0.9887754075394946,1.17593926702849,0.9965805880899651,0.8761814972699107,12.468254887177304
0.1835,0.019082356826194833,1.0,12.522076376434418,0.9889096351553608,1.1755777224854107,0.9965766595988417,0.8766898534673444,12.475554734618626
0.184,0.01907765094384189,1.0,12.528973591964627,0.9890422546718056,1.1752161974168431,0.9965727089278441,0.8771971366511274,12.482839051625955
0.1845,0.01907294506148895,1.0,12.535856852854009,0.9891733027488582,1.1748546918836484,0.9965687364245583,0.8777033469050974,12.490107775956151
0.185,0.01906823917913601,1.0,12.542726162026415,0.9893027955834776,1.174493205866137,0.9965647422099363,0.8782084844262317,12.497360910816086
0.1855,0.019063533296783067,1.0,12.549581522453446,0.989430749372623,1.1741317393446193,0.9965607264052131,0.8787125494112702,12.50459845946001
0.186,0.019058827414430126,1.0,12.556422937153936,0.9895571803132539,1.1737702922994055,0.996556689131919,0.8792155420567166,12.511820425189041
0.1865,0.019054121532077185,1.0,12.563250409194064,0.9896821046023293,1.1734088647108063,0.9965526305118914,0.8797174625588371,12.519026811351278
0.187,0.019049415649724243,1.0,12.570063941687668,0.9898055384368086,1.1730474565591313,0.9965485506672855,0.8802183111136622,12.526217621342111
0.1875,0.019044709767371302,1.0,12.576863537795093,0.9899274980136509,1.1726860678246915,0.9965444497205872,0.8807180879169841,12.53339285860307
0.188,0.019040003885018364,1.0,12.583649200723942,0.9900479995298155,1.172324698487797,0.9965403277946243,0.8812167931643593,12.540552526622578
0.1885,0.019035298002665423,1.0,12.590420933729169,0.9901670591822614,1.171963348528758,0.9965361850125776,0.8817144270511077,12.547696628936043
0.189,0.01903059212031248,1.0,12.59717874011194,0.9902846931679482,1.1716020179278848,0.9965320214979929,0.8822109897723116,12.554825169124717
0.1895,0.01902588623795954,1.0,12.603922623220372,0.9904009176838349,1.171240706665488,0.9965278373747921,0.8827064815228172,12.561938150816442
0.19,0.0190211803556066,1.0,12.610652586449747,0.9905157489268808,1.1708794147218775,0.9965236327672846,0.8832009024972344,12.56903557768585
0.1905,0.019016474473253657,1.0,12.617368633241044,0.990629203094045,1.170518142077364,0.9965194078001781,0.8836942528899355,12.576117453452913
0.191,0.019011768590900716,1.0,12.624070767082204,0.9907412963822868,1.1701568887122578,0.9965151625985906,0.8841865328950573,12.583183781884193
0.1915,0.019007062708547774,1.0,12.630758991507513,0.9908520449885655,1.1697956546068689,0.9965108972880609,0.8846777427064996,12.590234566792237
0.192,0.019002356826194833,1.0,12.63743331009728,0.9909614651098402,1.1694344397415077,0.9965066119945594,0.8851678825179256,12.597269812035245
0.1925,0.01899765094384189,1.0,12.644093726477964,0.9910695729430703,1.1690732440964848,0.9965023068444995,0.8856569525227618,12.604289521517199
0.193,0.01899294506148895,1.0,12.650740244322476,0.9911763846852149,1.16871206765211,0.9964979819647488,0.8861449529141993,12.611293699188172
0.1935,0.01898823917913601,1.0,12.657372867348826,0.991281916533233,1.1683509103886944,0.996493637482639,0.8866318838851911,12.61828234904297
0.194,0.018983533296783067,1.0,12.66399159932161,0.9913861846840843,1.1679897722865478,0.996489273525977,0.8871177456284554,12.625255475122616
0.1945,0.018978827414430126,1.0,12.670596444050954,0.9914892053347278,1.1676286533259805,0.9964848902230558,0.887602538336473,12.632213081513301
0.195,0.018974121532077184,1.0,12.677187405392733,0.9915909946821228,1.167267553487303,0.9964804877026648,0.888086262201489,12.639155172346598
0.1955,0.018969415649724243,1.0,12.683764487248048,0.9916915689232283,1.1669064727508254,0.9964760660941007,0.8885689174155119,12.646081751798938
0.196,0.0189647097673713,1.0,12.690327693563875,0.9917909442550037,1.166545411096858,0.9964716255271772,0.8890505041703142,12.652992824092268
0.1965,0.018960003885018364,1.0,12.696877158585343,0.9918891095767977,1.16618436834623,0.9964671658197145,0.8895310228694581,12.659888523898898
0.197,0.018955298002665422,1.0,12.703412817195856,0.9919861008372916,1.1658233445640245,0.9964626873274204,0.8900104735904033,12.666768786293606
0.1975,0.01895059212031248,1.0,12.70993461729797,0.9920819427379337,1.1654623397993602,0.996458190279301,0.8904888564324842,12.6736335593866
0.198,0.01894588623795954,1.0,12.716442561500278,0.9921766471311105,1.16510135403441,0.9964536747578814,0.8909661715840177,12.68048284605814
0.1985,0.018941180355606598,1.0,12.722936652455713,0.9922702258692084,1.1647403872513453,0.9964491408460227,0.8914424192331071,12.687316649232503
0.199,0.018936474473253657,1.0,12.72941689285987,0.9923626908046136,1.1643794394323388,0.9964445886269288,0.8919175995676403,12.694134971876286
0.1995,0.018931768590900715,1.0,12.73588328545175,0.9924540537897125,1.1640185105595624,0.9964400181841528,0.8923917127752908,12.700937816999167
0.2,0.018927062708547774,1.0,12.742335833013586,0.9925443266768915,1.1636576006151882,0.9964354296016048,0.8928647590435183,12.70772518765372
0.2005,0.018922356826194833,1.0,12.748774538370524,0.992633521318537,1.1632967095813882,0.9964308229635576,0.8933367385595671,12.714497086935104
0.201,0.01891765094384189,1.0,12.755199404390545,0.9927216495670352,1.1629358374403347,0.9964261983546556,0.8938076515104674,12.721253517980978
0.2015,0.01891294506148895,1.0,12.761610433984803,0.9928087232747727,1.1625749841741997,0.9964215558599194,0.8942774980830349,12.727994483971845
0.202,0.01890823917913601,1.0,12.768007630106991,0.9928947542941355,1.1622141497651552,0.9964168955647544,0.8947462784638711,12.734719988130415
0.2025,0.018903533296783067,1.0,12.774390995753274,0.9929797544775104,1.1618533341953736,0.9964122175549566,0.8952139928393628,12.741430033721535
0.203,0.018898827414430126,1.0,12.780760533963031,0.9930637356772835,1.1614925374470266,0.9964075219167198,0.8956806413956828,12.748124624052938
0.20350000000000001,0.018894121532077184,1.0,12.787116247817183,0.9931467097458411,1.1611317595022868,0.9964028087366423,0.8961462243187889,12.754803762473566
0.20400000000000001,0.018889415649724243,1.0,12.793458140440123,0.9932286885355696,1.1607710003433258,0.9963980781017341,0.8966107417944253,12.761467452375504
0.20450000000000002,0.018884709767371305,1.0,12.799786214997821,0.9933096838988555,1.1604102599523163,0.9963933300994219,0.8970741940081213,12.768115697192078
0.20500000000000002,0.018880003885018364,1.0,12.806100474698694,0.9933897076880851,1.1600495383114298,0.9963885648175578,0.8975365811451927,12.774748500398733
0.20550000000000002,0.018875298002665422,1.0,12.812400922793191,0.9934687717556446,1.1596888354028387,0.9963837823444255,0.8979979033907404,12.781365865512615
0.20600000000000002,0.01887059212031248,1.0,12.818687562574251,0.9935468879539207,1.159328151208715,0.9963789827687451,0.8984581609296514,12.787967796093026
0.20650000000000002,0.01886588623795954,1.0,12.824960397376136,0.9936240681352994,1.158967485711231,0.9963741661796822,0.8989173539465981,12.79455429574026
0.20700000000000002,0.018861180355606598,1.0,12.83121943057553,0.9937003241521671,1.1586068388925588,0.996369332666853,0.8993754826260396,12.801125368096706
0.20750000000000002,0.018856474473253657,1.0,12.837464665590801,0.9937756678569105,1.15824621073487,0.9963644823203304,0.8998325471522203,12.8076810168461
0.20800000000000002,0.018851768590900715,1.0,12.843696105881701,0.9938501111019156,1.1578856012203376,0.9963596152306521,0.9002885477091702,12.814221245713235
0.2085,0.018847062708547774,1.0,12.849913754949924,0.9939236657395689,1.157525010331133,0.9963547314888255,0.9007434844807058,12.820746058464513
0.209,0.018842356826194832,1.0,12.856117616338805,0.9939963436222568,1.1571644380494284,0.9963498311863345,0.9011973576504295,12.827255458907647
0.2095,0.01883765094384189,1.0,12.862307785424752,0.994068116163637,1.1568038842457313,0.9963449139392474,0.9016501675418052,12.833749542776966
0.21,0.01883294506148895,1.0,12.868484212509847,0.9941390298262477,1.156443348967147,0.996339980245537,0.9021019142557738,12.840228260582473
0.2105,0.018828239179136008,1.0,12.87464686984277,0.994209107929521,1.1560828322340833,0.9963350303332813,0.902552597927148,12.846691584803805
0.211,0.018823533296783067,1.0,12.880795759398698,0.9942783587470339,1.1557223340308247,0.9963300642540945,0.903002218735969,12.85313951767733
0.2115,0.018818827414430125,1.0,12.886930883192214,0.9943467905523634,1.1553618543416564,0.9963250820598846,0.9034507768620877,12.859572061478534
0.212,0.018814121532077184,1.0,12.893052243277245,0.9944144116190866,1.1550013931508631,0.9963200838028574,0.9038982724851662,12.865989218521946
0.2125,0.018809415649724246,1.0,12.89915984174741,0.9944812302207805,1.1546409504427295,0.9963150695355221,0.9043447057846771,12.8723909911615
0.213,0.018804709767371305,1.0,12.905253680734125,0.9945472546310221,1.154280526201541,0.9963100393106934,0.9047900769399025,12.87877738178863
0.2135,0.018800003885018363,1.0,12.91133376240974,0.9946124931233885,1.1539201204115817,0.9963049931814966,0.9052343861299368,12.885148392835413
0.214,0.018795298002665422,1.0,12.917400088984454,0.9946769539714567,1.1535597330571368,0.9962999312013718,0.9056776335336836,12.891504026771482
0.2145,0.01879059212031248,1.0,12.92345266270765,0.9947406454488039,1.1531993641224914,0.9962948534240775,0.9061198193298572,12.89784428610536
0.215,0.01878588623795954,1.0,12.929491485868125,0.9948035758290069,1.1528390135919298,0.9962897599036942,0.9065609436969837,12.904169173384695
0.2155,0.018781180355606598,1.0,12.935516560792625,0.9948657533856428,1.1524786814497372,0.9962846506946299,0.9070010068133982,12.910478691194783
0.216,0.018776474473253656,1.0,12.941527889847269,0.9949271863922887,1.1521183676801985,0.9962795258516223,0.9074400088572477,12.91677284216001
0.2165,0.018771768590900715,1.0,12.94752547543673,0.9949878831225216,1.1517580722675982,0.996274385429744,0.9078779500064897,12.923051628943014
0.217,0.018767062708547774,1.0,12.953509320004043,0.9950478518499185,1.1513977951962213,0.9962692294844064,0.9083148304388922,12.92931505424451
0.2175,0.018762356826194832,1.0,12.959479426030745,0.9951071008480565,1.151037536450353,0.9962640580713631,0.9087506503320333,12.935563120803417
0.218,0.01875765094384189,1.0,12.965435796037019,0.9951656383905126,1.1506772960142777,0.996258871246714,0.909185409863303,12.94179583139701
0.2185,0.01875294506148895,1.0,12.9713784325814,0.9952234727508639,1.1503170738722803,0.9962536690669095,0.9096191092099016,12.948013188840623
0.219,0.018748239179136008,1.0,12.977307338260587,0.9952806122026874,1.1499568700086458,0.9962484515887547,0.9100517485488404,12.95421519598746
0.2195,0.018743533296783067,1.0,12.983222515709384,0.9953370650195601,1.1495966844076588,0.9962432188694125,0.9104833280569413,12.96040185572854
0.22,0.01873882741443013,1.0,12.989123967601033,0.9953928394750591,1.1492365170536045,0.9962379709664081,0.9109138479108368,12.966573170993023
0.2205,0.018734121532077187,1.0,12.995011696646511,0.9954479438427613,1.1488763679307674,0.996232707937633,0.9113433082869711,12.972729144747516
0.221,0.018729415649724246,1.0,13.000885705594552,0.9955023863962439,1.1485162370234328,0.9962274298413484,0.9117717093615981,12.978869779996089
0.2215,0.018724709767371304,1.0,13.006745997232652,0.9955561754090838,1.1481561243158849,0.9962221367361892,0.9121990513107843,12.984995079781282
0.222,0.018720003885018363,1.0,13.012592574385163,0.9956093191548582,1.147796029792409,0.9962168286811686,0.9126253343104054,12.991105047182195
0.2225,0.01871529800266542,1.0,13.018425439915049,0.995661825907144,1.1474359534372898,0.9962115057356806,0.9130505585361492,12.997199685316252
0.223,0.01871059212031248,1.0,13.024244596722086,0.9957137039395183,1.1470758952348123,0.996206167959505,0.913474724163514,13.003278997337397
0.2235,0.01870588623795954,1.0,13.030050047744513,0.9957649615255582,1.1467158551692611,0.9962008154128108,0.9138978313678096,13.009342986437742
0.224,0.018701180355606598,1.0,13.035841795957557,0.9958156069388405,1.146355833224921,0.9961954481561601,0.9143198803241563,13.015391655846095
0.2245,0.018696474473253656,1.0,13.041619844373674,0.9958656484529426,1.1459958293860775,0.9961900662505117,0.9147408712074854,13.021425008828201
0.225,0.018691768590900715,1.0,13.047384196043565,0.9959150943414411,1.1456358436370144,0.9961846697572246,0.9151608041925403,13.02744304868776
0.2255,0.018687062708547773,1.0,13.053134858174552,0.995963952142364,1.1452758759570418,0.9961792587289838,0.9155796794596568,13.03344578288827
0.226,0.018682356826194832,1.0,13.058872047206446,0.9960121949646995,1.1449159260729111,0.9961738327929573,0.9159974974817222,13.039433428300512
0.2265,0.01867765094384189,1.0,13.064595552069905,0.996059870167445,1.1445559942276657,0.9961683924935716,0.9164142581314043,13.045405773925438
0.227,0.01867294506148895,1.0,13.07030537466274,0.9961069833307861,1.1441960804071627,0.9961629378609316,0.9168299615808443,13.051362821911558
0.2275,0.018668239179136008,1.0,13.076001516918174,0.9961535400349083,1.1438361845972593,0.9961574689253798,0.9172446080020126,13.05730457444254
0.228,0.018663533296783066,1.0,13.081683980805979,0.9961995458599973,1.1434763067838123,0.9961519857175012,0.9176581975667095,13.063231033738328
0.2285,0.018658827414430125,1.0,13.087352768331002,0.9962450063862386,1.143116446952679,0.9961464882681232,0.918070730446564,13.069142202053676
0.229,0.018654121532077187,1.0,13.093007881534723,0.9962899271938179,1.1427566050897162,0.9961409766083198,0.9184822068130353,13.075038081679715
0.2295,0.018649415649724246,1.0,13.098649322492692,0.9963343138629209,1.1423967811807811,0.9961354507694127,0.9188926268374109,13.080918674941376
0.23,0.018644709767371304,1.0,13.104277093317178,0.996378171973733,1.1420369752117308,0.9961299107829745,0.9193019906908088,13.086783984200046
0.2305,0.018640003885018363,1.0,13.109891196155681,0.99642150710644,1.141677187168422,0.9961243566808304,0.9197102985441757,13.092634011852082
0.231,0.01863529800266542,1.0,13.115491633190668,0.9964643248412273,1.141317417036712,0.9961187884950613,0.9201175505682881,13.098468760328542
0.2315,0.01863059212031248,1.0,13.12107840664035,0.9965066307582806,1.140957664802458,0.9961132062580051,0.9205237469337516,13.104288232095964
0.232,0.01862588623795954,1.0,13.126651518758313,0.9965484304377856,1.1405979304515166,0.9961076100022599,0.920928887811002,13.110092429655998
0.2325,0.018621180355606597,1.0,13.132210971832572,0.9965897294599279,1.1402382139697453,0.9961019997606855,0.9213329733703037,13.115881355544456
0.233,0.018616474473253656,1.0,13.137756768187236,0.9966305334048928,1.1398785153430009,0.9960963755664065,0.9217360037817515,13.121655012332988
0.2335,0.018611768590900715,1.0,13.143288910180935,0.9966708478528663,1.1395188345571403,0.9960907374528143,0.9221379792152693,13.127413402627496
0.234,0.018607062708547773,1.0,13.148807400207069,0.9967106783840338,1.139159171598021,0.9960850854535693,0.9225388998406102,13.133156529068389
0.23450000000000001,0.018602356826194832,1.0,13.154312240694724,0.996750030578581,1.1387995264514994,0.9960794196026036,0.9229387658273581,13.138884394331496
0.23500000000000001,0.01859765094384189,1.0,13.159803434106868,0.9967889100166935,1.1384398991034332,0.9960737399341225,0.9233375773449249,13.14459700112627
0.23550000000000001,0.01859294506148895,1.0,13.165280982942129,0.9968273222785567,1.138080289539679,0.9960680464826076,0.9237353345625535,13.150294352197557
0.23600000000000002,0.01858823917913601,1.0,13.17074488973364,0.9968652729443565,1.137720697746094,0.9960623392828188,0.924132037649316,13.155976450324445
0.23650000000000002,0.01858353329678307,1.0,13.176195157048769,0.9969027675942783,1.1373611237085353,0.9960566183697968,0.9245276867741139,13.161643298319994
0.23700000000000002,0.018578827414430128,1.0,13.181631787489689,0.9969398118085079,1.1370015674128597,0.9960508837788643,0.9249222821056786,13.167294899031805
0.23750000000000002,0.018574121532077187,1.0,13.187054783693533,0.9969764111672307,1.1366420288449244,0.9960451355456307,0.9253158238125714,13.172931255342176
0.23800000000000002,0.018569415649724245,1.0,13.192464148331142,0.9970125712506324,1.1362825079905865,0.9960393737059912,0.9257083120631829,13.178552370166848
0.23850000000000002,0.018564709767371304,1.0,13.19785988410851,0.9970482976388986,1.135923004835703,0.996033598296132,0.9260997470257338,13.184158246456455
0.23900000000000002,0.018560003885018363,1.0,13.203241993765316,0.9970835959122148,1.1355635193661309,0.9960278093525305,0.9264901288682746,13.189748887195051
0.23950000000000002,0.01855529800266542,1.0,13.208610480076036,0.997118471650767,1.1352040515677273,0.996022006911959,0.9268794577586853,13.195324295401223
0.24,0.01855059212031248,1.0,13.213965345849026,0.9971529304347403,1.1348446014263491,0.9960161910114858,0.9272677338646762,13.200884474127175
0.2405,0.01854588623795954,1.0,13.21930659392678,0.9971869778443205,1.1344851689278537,0.9960103616884782,0.9276549573537867,13.206429426458989
0.241,0.018541180355606597,1.0,13.224634227186069,0.9972206194596933,1.1341257540580976,0.9960045189806045,0.9280411283933869,13.211959155516755
0.2415,0.018536474473253656,1.0,13.229948248537346,0.9972538608610443,1.1337663568029384,0.9959986629258368,0.9284262471506759,13.217473664453985
0.242,0.018531768590900714,1.0,13.235248713273661,0.9972866948758505,1.133406977085455,0.9959927933980199,0.9288103138596836,13.222973008841128
0.2425,0.018527062708547773,1.0,13.240535703593551,0.9973191124794304,1.1330476147965571,0.9959869102460452,0.9291933287877878,13.228457271170326
0.243,0.01852235682619483,1.0,13.245809094620618,0.9973511511949689,1.1326882700755039,0.9959810139202709,0.9295752919374806,13.23392632672216
0.2435,0.01851765094384189,1.0,13.25106888790661,0.9973828146090385,1.132328942909945,0.9959751044345392,0.9299562034733461,13.239380177289362
0.244,0.01851294506148895,1.0,13.256315085035876,0.997414106308212,1.1319696332875306,0.9959691818028622,0.9303360635598188,13.244818824697036
0.2445,0.01850823917913601,1.0,13.261547687625608,0.9974450298790621,1.1316103411959104,0.9959632460394219,0.9307148723611842,13.250242270802898
0.245,0.01850353329678307,1.0,13.266766697324508,0.9974755889081613,1.1312510666227344,0.9959572971585716,0.931092630041578,13.255650517495939
0.2455,0.018498827414430128,1.0,13.271972115814444,0.9975057869820824,1.1308918095556524,0.9959513351748379,0.9314693367649873,13.261043566698088
0.246,0.018494121532077187,1.0,13.277163944809113,0.9975356276873977,1.1305325699823143,0.9959453601029212,0.9318449926952489,13.266421420362875
0.2465,0.018489415649724245,1.0,13.282342186054617,0.9975651146106801,1.13017334789037,0.9959393719576977,0.9322195979960509,13.271784080475996
0.247,0.018484709767371304,1.0,13.287506841328986,0.9975942513385021,1.1298141432674693,0.99593337075422,0.9325931528309318,13.277131549054854
0.2475,0.018480003885018362,1.0,13.292657912442435,0.9976230414574365,1.1294549561012621,0.9959273565077192,0.9329656573632812,13.282463828148796
0.248,0.01847529800266542,1.0,13.297795401237096,0.9976514885540558,1.1290957863793984,0.9959213292336059,0.9333371117563389,13.287780919838864
0.2485,0.01847059212031248,1.0,13.302919309587399,0.9976795962149326,1.128736634089528,0.9959152889474713,0.9337075161731959,13.29308282623816
0.249,0.01846588623795954,1.0,13.308029639399251,0.9977073680266397,1.1283774992193008,0.9959092356650888,0.9340768707767937,13.29836954949104
0.2495,0.018461180355606597,1.0,13.31312639261063,0.9977348075757496,1.1280183817563667,0.9959031694024155,0.9344451757299246,13.303641091773693
0.25,0.018456474473253656,1.0,13.318209571191534,0.997761918448835,1.1276592816883755,0.9958970901755926,0.9348124311952319,13.308897455294098
0.2505,0.018451768590900714,1.0,13.323279177143156,0.9977887042324685,1.1273001990029772,0.9958909980009482,0.9351786373352097,13.314138642291203
0.251,0.018447062708547773,1.0,13.328335212498812,0.9978151685132226,1.1269411336878217,0.9958848928949974,0.9355437943122024,13.319364655035843
0.2515,0.01844235682619483,1.0,13.333377679323451,0.9978413148776701,1.1265820857305586,0.9958787748744443,0.935907902288406,13.32457549583026
0.252,0.018437650943841893,1.0,13.338406579713483,0.9978671469123837,1.1262230551188381,0.9958726439561827,0.936270961425867,13.329771167007921
0.2525,0.018432945061488952,1.0,13.343421915796508,0.9978926682039359,1.12586404184031,0.995866500157298,0.9366329718864826,13.33495167093326
0.253,0.01842823917913601,1.0,13.348423689732137,0.9979178823388993,1.1255050458826241,0.9958603434950687,0.9369939338320017,13.340117010002482
0.2535,0.01842353329678307,1.0,13.353411903711162,0.9979427929038467,1.1251460672334304,0.9958541739869667,0.937353847424023,13.34526718664275
0.254,0.018418827414430128,1.0,13.358386559955619,0.9979674034853505,1.1247871058803787,0.9958479916506596,0.9377127128239966,13.350402203312237
0.2545,0.018414121532077186,1.0,13.36334766071916,0.9979917176699835,1.1244281618111187,0.9958417965040121,0.9380705301932243,13.355522062500503
0.255,0.018409415649724245,1.0,13.368295208286025,0.9980157390443183,1.1240692350133008,0.9958355885650861,0.9384272996928573,13.360626766727464
0.2555,0.018404709767371304,1.0,13.37322920497239,0.9980394711949275,1.1237103254745744,0.9958293678521435,0.9387830214838995,13.36571631854474
0.256,0.018400003885018362,1.0,13.378149653125124,0.9980629177083838,1.1233514331825896,0.9958231343836467,0.9391376957272046,13.370790720534421
0.2565,0.01839529800266542,1.0,13.383056555122277,0.9980860821712598,1.1229925581249962,0.9958168881782599,0.9394913225834777,13.375849975309535
0.257,0.01839059212031248,1.0,13.387949913373012,0.9981089681701282,1.122633700289444,0.9958106292548513,0.9398439022132753,13.380894085514006
0.2575,0.018385886237959538,1.0,13.392829730317018,0.9981315792915615,1.1222748596635832,0.9958043576324929,0.9401954347770042,13.385923053822046
0.258,0.018381180355606597,1.0,13.39769600842554,0.9981539191221324,1.1219160362350633,0.9957980733304631,0.9405459204349229,13.39093688293919
0.2585,0.018376474473253655,1.0,13.4025487501999,0.9981759912484134,1.1215572299915346,0.9957917763682477,0.9408953593471406,13.39593557560083
0.259,0.018371768590900714,1.0,13.407387958173084,0.9981977992569774,1.1211984409206466,0.9957854667655408,0.9412437516736182,13.400919134573783
0.2595,0.018367062708547773,1.0,13.41221363490827,0.9982193467343968,1.1208396690100493,0.9957791445422468,0.9415910975741669,13.40588756265483
0.26,0.01836235682619483,1.0,13.417025782999197,0.9982406372672444,1.1204809142473926,0.995772809718481,0.9419373972084497,13.410840862671082
0.2605,0.01835765094384189,1.0,13.421824405070563,0.9982616744420928,1.1201221766203264,0.9957664623145718,0.9422826507359804,13.41577903748038
0.261,0.018352945061488952,1.0,13.426609503777732,0.9982824618455145,1.1197634561165006,0.9957601023510609,0.9426268583161241,13.420702089971002
0.2615,0.01834823917913601,1.0,13.431381081805927,0.9983030030640823,1.119404752723565,0.9957537298487055,0.942970020108097,13.425610023060853
0.262,0.01834353329678307,1.0,13.436139281215494,0.9983232861042468,1.1190460662633175,0.9957473446139016,0.9433121364289193,13.430502979104673
0.2625,0.018338827414430128,1.0,13.44088406699765,0.99834332043991,1.1186873967684252,0.9957409467477638,0.9436532073933377,13.435380923307081
0.263,0.018334121532077186,1.0,13.445615337748785,0.998363120467863,1.1183287443505572,0.995734536420598,0.9439932330416819,13.44024375444963
0.2635,0.018329415649724245,1.0,13.450333095053105,0.9983826884120933,1.117970108998816,0.9957281136355478,0.9443322135312298,13.44509147434781
0.264,0.018324709767371303,1.0,13.455037340523335,0.9984020264965888,1.1176114907023056,0.9957216783958702,0.9446701490191259,13.44992408484542
0.2645,0.018320003885018362,1.0,13.459728075801968,0.9984211369453371,1.1172528894501286,0.995715230704934,0.9450070396623838,13.45474158781583
0.265,0.01831529800266542,1.0,13.464405302560573,0.9984400219823261,1.1168943052313884,0.9957087705662224,0.9453428856178839,13.459543985161275
0.2655,0.01831059212031248,1.0,13.469069022500396,0.9984586838315432,1.1165357380351881,0.9957022979833331,0.945677687042376,13.464331278813466
0.266,0.018305886237959538,1.0,13.473719237351444,0.9984771247169765,1.1161771878506308,0.9956958129599781,0.946011444092477,13.469103470732671
0.2665,0.018301180355606596,1.0,13.47835594887297,0.9984953468626134,1.1158186546668198,0.9956893154999867,0.9463441569246718,13.473860562908197
0.267,0.018296474473253655,1.0,13.482979158853217,0.998513352492442,1.1154601384728584,0.9956828056073043,0.9466758256953134,13.47860255735814
0.2675,0.018291768590900714,1.0,13.487588869109699,0.9985311438304497,1.1151016392578497,0.9956762832859936,0.9470064505606234,13.483329456129661
0.268,0.018287062708547776,1.0,13.492185081489245,0.9985487231006245,1.1147431570108965,0.9956697485402356,0.947336031676691,13.488041261299037
0.2685,0.018282356826194834,1.0,13.496767797866656,0.9985660925269539,1.1143846917211024,0.9956632013743311,0.9476645691994734,13.492737974970304
0.269,0.018277650943841893,1.0,13.501337020146295,0.9985832543334258,1.1140262433775707,0.995656641792699,0.947992063284796,13.49741959927686
0.2695,0.01827294506148895,1.0,13.505892750261479,0.9986002107440277,1.1136678119694041,0.9956500697998806,0.9483185140883528,13.502086136380859
0.27,0.01826823917913601,1.0,13.510434990174005,0.9986169639827477,1.1133093974857062,0.995643485400537,0.9486439217657049,13.506737588472722
0.2705,0.01826353329678307,1.0,13.514963741874642,0.9986335162735731,1.11295099991558,0.9956368885994521,0.9489682864722826,13.511373957771644
0.271,0.018258827414430127,1.0,13.51947900738254,0.998649869840492,1.1125926192481288,0.995630279401532,0.9492916083633836,13.515995246524994
0.2715,0.018254121532077186,1.0,13.523980788746279,0.998666026907492,1.1122342554724554,0.9956236578118073,0.9496138875941745,13.520601457009368
0.272,0.018249415649724245,1.0,13.528469088041943,0.9986819896985607,1.1118759085776635,0.9956170238354317,0.9499351243196891,13.525192591528663
0.2725,0.018244709767371303,1.0,13.532943907375065,0.998697760437686,1.111517578552856,0.9956103774776848,0.9502553186948304,13.529768652416019
0.273,0.018240003885018362,1.0,13.537405248879361,0.9987133413488556,1.111159265387136,0.9956037187439715,0.9505744708743691,13.534329642032557
0.2735,0.01823529800266542,1.0,13.541853114717005,0.9987287346560572,1.1108009690696068,0.9955970476398237,0.9508925810129442,13.538875562767652
0.274,0.01823059212031248,1.0,13.546287507078489,0.9987439425832785,1.1104426895893718,0.9955903641709004,0.9512096492650627,13.543406417038792
0.2745,0.018225886237959538,1.0,13.550708428183109,0.9987589673545072,1.1100844269355337,0.9955836683429891,0.9515256757851006,13.547922207292068
0.275,0.018221180355606596,1.0,13.555115880278043,0.9987738111937312,1.109726181097196,0.9955769601620053,0.9518406607273014,13.552422936001246
0.2755,0.018216474473253655,1.0,13.55950986563863,0.9987884763249381,1.1093679520634618,0.9955702396339949,0.9521546042457772,13.556908605668053
0.276,0.018211768590900713,1.0,13.563890386568874,0.9988029649721156,1.1090097398234344,0.995563506765134,0.9524675064945085,13.56137921882267
0.2765,0.018207062708547772,1.0,13.56825744540074,0.9988172793592516,1.1086515443662168,0.9955567615617299,0.952779367627344,13.565834778023046
0.277,0.01820235682619483,1.0,13.572611044494534,0.9988314217103337,1.1082933656809122,0.9955500040302218,0.9530901877980009,13.57027528585526
0.2775,0.018197650943841893,1.0,13.57695118623832,0.9988453942493496,1.107935203756624,0.9955432341771813,0.9533999671600644,13.574700744932946
0.278,0.01819294506148895,1.0,13.581277873048304,0.9988591992002871,1.107577058582455,0.9955364520093141,0.9537087058669882,13.579111157897676
0.2785,0.01818823917913601,1.0,13.58559110736845,0.9988728387871338,1.1072189301475086,0.9955296575334595,0.9540164040720946,13.583506527418582
0.279,0.01818353329678307,1.0,13.589890891671104,0.9988863152338777,1.1068608184408881,0.9955228507565921,0.9543230619285742,13.587886856192966
0.2795,0.018178827414430127,1.0,13.594177228456392,0.9988996307645064,1.1065027234516966,0.9955160316858226,0.9546286795894857,13.592252146945714
0.28,0.018174121532077186,1.0,13.598450120252167,0.9989127876030075,1.106144645169037,0.9955092003283974,0.9549332572077568,13.596602402429232
0.2805,0.018169415649724244,1.0,13.602709569614074,0.9989257879733688,1.1057865835820129,0.9955023566917012,0.9552367949361832,13.600937625423514
0.281,0.018164709767371303,1.0,13.606955579125403,0.9989386340995782,1.1054285386797273,0.9954955007832561,0.9555392929274289,13.605257818735994
0.28150000000000003,0.01816000388501836,1.0,13.61118815139757,0.9989513282056232,1.1050705104512832,0.9954886326107233,0.9558407513340271,13.609562985202036
0.28200000000000003,0.01815529800266542,1.0,13.61540727946697,0.9989638458262687,1.1047124988971373,0.9954817517975518,0.956141170298868,13.613853118079543
0.28250000000000003,0.01815059212031248,1.0,13.6196130104854,0.998976214629704,1.1043545039537972,0.9954748587160946,0.9564405500182277,13.618128264754086
0.28300000000000003,0.018145886237959537,1.0,13.623805347675264,0.9989884404649548,1.1039965256097606,0.995467953426726,0.9567388906443937,13.622388428670961
0.28350000000000003,0.018141180355606596,1.0,13.627984289844735,0.9990005246155667,1.1036385638587745,0.9954610359242981,0.9570361923251629,13.626633608860068
0.28400000000000003,0.018136474473253655,1.0,13.632149835827923,0.999012468365085,1.103280618694585,0.9954541062037254,0.957332455208255,13.630863804377123
0.28450000000000003,0.018131768590900717,1.0,13.636301984483197,0.9990242729970551,1.102922690110939,0.9954471642599834,0.9576276794413104,13.635079014301974
0.28500000000000003,0.018127062708547775,1.0,13.640440734693827,0.9990359397950225,1.102564778101583,0.9954402100881115,0.9579218651718922,13.639279237739254
0.28550000000000003,0.018122356826194834,1.0,13.644566085368382,0.9990474700425325,1.1022068826602636,0.9954332436832105,0.9582150125474844,13.64346447381877
0.28600000000000003,0.018117650943841893,1.0,13.648678035439941,0.9990588650231305,1.1018490037807271,0.9954262650404463,0.9585071217154937,13.647634721694724
0.28650000000000003,0.01811294506148895,1.0,13.652776583866286,0.9990701260203619,1.1014911414567206,0.9954192741550472,0.9587981928232477,13.651789980545892
0.28700000000000003,0.01810823917913601,1.0,13.656861729630316,0.9990812543177723,1.1011332956819901,0.9954122710223061,0.9590882260179966,13.655930249576056
0.28750000000000003,0.01810353329678307,1.0,13.660933471739574,0.9990922511989069,1.1007754664502827,0.9954052556375806,0.9593772214469118,13.660055528013508
0.28800000000000003,0.018098827414430127,1.0,13.664991809226333,0.9991031179473111,1.1004176537553445,0.9953982279962934,0.9596651792570869,13.664165815111165
0.2885,0.018094121532077186,1.0,13.669036741147243,0.9991138558465305,1.1000598575909226,0.9953911880939319,0.9599520995955372,13.668261110146187
0.289,0.018089415649724244,1.0,13.673068266584172,0.9991244661801102,1.0997020779507631,0.9953841359260502,0.9602379826091998,13.672341412420836
0.2895,0.018084709767371303,1.0,13.677086384643319,0.9991349502315958,1.0993443148286128,0.9953770714882677,0.9605228284449339,13.676406721261586
0.29,0.01808000388501836,1.0,13.681091094455827,0.9991453092845327,1.098986568218218,0.9953699947762713,0.9608066372495203,13.68045703601973
0.2905,0.01807529800266542,1.0,13.685082395176769,0.9991555446224664,1.0986288381133258,0.995362905785814,0.9610894091696615,13.684492356070374
0.291,0.01807059212031248,1.0,13.689060285986233,0.999165657528942,1.0982711245076824,0.995355804512717,0.9613711443519823,13.688512680813517
0.2915,0.018065886237959537,1.0,13.693024766088847,0.9991756492875051,1.0979134273950346,0.995348690952869,0.9616518429430292,13.692518009673572
0.292,0.018061180355606596,1.0,13.69697583471408,0.9991855211817012,1.0975557467691286,0.9953415651022267,0.9619315050892706,13.696508342099682
0.2925,0.018056474473253658,1.0,13.700913491115225,0.9991952744950756,1.0971980826237113,0.9953344269568162,0.9622101309370967,13.700483677564685
0.293,0.018051768590900717,1.0,13.704837734570257,0.9992049105111737,1.0968404349525291,0.9953272765127318,0.9624877206328198,13.704444015565985
0.2935,0.018047062708547775,1.0,13.708748564381583,0.9992144305135409,1.0964828037493288,0.9953201137661379,0.962764274322674,13.708389355625295
0.294,0.018042356826194834,1.0,13.712645979876124,0.9992238357857225,1.096125189007857,0.9953129387132685,0.9630397921528151,13.712319697288722
0.2945,0.018037650943841892,1.0,13.716529980405399,0.999233127611264,1.0957675907218598,0.9953057513504282,0.9633142742693214,13.716235040126849
0.295,0.01803294506148895,1.0,13.720400565344727,0.999242307273711,1.0954100088850842,0.9952985516739918,0.9635877208181926,13.720135383733938
0.2955,0.01802823917913601,1.0,13.724257734094413,0.9992513760566086,1.0950524434912765,0.9952913396804062,0.9638601319453507,13.72402072772912
0.296,0.018023533296783068,1.0,13.728101486078176,0.9992603352435023,1.0946948945341837,0.9952841153661885,0.9641315077966394,13.727891071754815
0.2965,0.018018827414430127,1.0,13.731931820744776,0.9992691861179377,1.094337362007552,0.9952768787279292,0.9644018485178243,13.731746415478367
0.297,0.018014121532077185,1.0,13.735748737567217,0.9992779299634599,1.093979845905128,0.9952696297622903,0.9646711542545936,13.735586758591241
0.2975,0.018009415649724244,1.0,13.739552236041948,0.9992865680636145,1.0936223462206585,0.995262368466007,0.9649394251525566,13.739412100808226
0.298,0.018004709767371303,1.0,13.743342315690485,0.9992951017019468,1.0932648629478898,0.9952550948358876,0.9652066613572453,13.743222441869056
0.2985,0.01800000388501836,1.0,13.74711897605785,0.9993035321620023,1.0929073960805689,0.9952478088688141,0.9654728630141132,13.747017781536856
0.299,0.01799529800266542,1.0,13.750882216713965,0.9993118607273263,1.0925499456124417,0.995240510561743,0.9657380302685363,13.750798119599525
0.2995,0.017990592120312482,1.0,13.754632037251984,0.9993200886814643,1.0921925115372555,0.9952331999117044,0.966002163265812,13.754563455868073
0.3,0.01798588623795954,1.0,13.758368437289466,0.9993282173079616,1.0918350938487564,0.9952258769158042,0.9662652621511604,13.758313790177802
0.3005,0.0179811803556066,1.0,13.762091416468364,0.9993362478903637,1.091477692540691,0.9952185415712234,0.9665273270697232,13.762049122388278
0.301,0.017976474473253658,1.0,13.765800974454319,0.999344181712216,1.0911203076068061,0.9952111938752188,0.9667883581665642,13.765769452382639
0.3015,0.017971768590900716,1.0,13.769497110936978,0.9993520200570638,1.0907629390408482,0.9952038338251231,0.9670483555866691,13.769474780067908
0.302,0.017967062708547775,1.0,13.773179825629956,0.9993597642084527,1.0904055868365639,0.9951964614183457,0.9673073194749461,13.773165105374956
0.3025,0.017962356826194834,1.0,13.776849118271041,0.9993674154499279,1.0900482509876996,0.995189076652374,0.9675652499762251,13.776840428258703
0.303,0.017957650943841892,1.0,13.780504988621717,0.9993749750650349,1.0896909314880021,0.9951816795247719,0.9678221472352581,13.78050074869765
0.3035,0.01795294506148895,1.0,13.784147436467467,0.9993824443373192,1.0893336283312178,0.995174270033181,0.9680780113967193,13.784146066694174
0.304,0.01794823917913601,1.0,13.787776461617764,0.999389824550326,1.0889763415110933,0.9951668481753224,0.9683328426052051,13.787776382274519
0.3045,0.017943533296783068,1.0,13.791392063905347,0.9993971169876008,1.0886190710213755,0.9951594139489953,0.9685866410052336,13.791392063905347
0.305,0.017938827414430127,1.0,13.794994243187672,0.999404322932689,1.0882618168558102,0.9951519673520779,0.9688394067412457,13.794994243187672
0.3055,0.017934121532077185,1.0,13.79858299934497,0.999411443669136,1.087904579008145,0.9951445083825282,0.9690911399576032,13.79858299934497
0.306,0.017929415649724244,1.0,13.802158332282236,0.9994184804804873,1.0875473574721255,0.995137037038385,0.9693418407985915,13.802158332282236
0.3065,0.017924709767371302,1.0,13.805720241927308,0.9994254346502881,1.087190152241499,0.9951295533177666,0.9695915094084169,13.805720241927308
0.307,0.01792000388501836,1.0,13.809269585033212,0.9994322966659842,1.0868329623040887,0.9951220570296346,0.9698401466299869,13.809269585033212
0.3075,0.01791529800266542,1.0,13.812804979386522,0.9994390728137564,1.0864757892765724,0.9951145482839058,0.9700877514759754,13.812804979386522
0.308,0.017910592120312478,1.0,13.816325648924607,0.999445770687503,1.0861186340633582,0.9951070271964317,0.9703343234682457,13.816325648924607
0.3085,0.01790588623795954,1.0,13.81983158952025,0.9994523909884344,1.0857614966624816,0.9950994937568415,0.9705798627608446,13.81983158952025
0.309,0.0179011803556066,1.0,13.823322797071421,0.9994589344177611,1.0854043770719777,0.9950919479547919,0.9708243695077898,13.823322797071421
0.3095,0.017896474473253658,1.0,13.826799267502489,0.9994654016766936,1.0850472752898819,0.995084389779969,0.9710678438630682,13.826799267502489
0.31,0.017891768590900716,1.0,13.830260996763435,0.9994717934664423,1.0846901913142295,0.9950768192220868,0.9713102859806368,13.830260996763435
0.3105,0.017887062708547775,1.0,13.833707980829852,0.9994781104882179,1.0843331251430561,0.9950692362708888,0.9715516960144225,13.833707980829852
0.311,0.017882356826194833,1.0,13.837140215703696,0.9994843534432307,1.083976076774397,0.9950616409161478,0.9717920741183224,13.837140215703696
0.3115,0.017877650943841892,1.0,13.840557697412182,0.9994905230326911,1.0836190462062874,0.9950540331476656,0.9720314204462032,13.840557697412182
0.312,0.01787294506148895,1.0,13.843960422008658,0.9994966199578098,1.0832620334367626,0.9950464129552742,0.9722697351519016,13.843960422008658
0.3125,0.01786823917913601,1.0,13.847348385572039,0.9995026449197972,1.0829050384638583,0.9950387803288345,0.9725070183892247,13.847348385572039
0.313,0.017863533296783068,1.0,13.850721584207351,0.9995085986198637,1.0825480612856095,0.9950311352582384,0.972743270311949,13.850721584207351
0.3135,0.017858827414430126,1.0,13.854080014044948,0.9995144817592199,1.0821911019000519,0.9950234777334078,0.9729784910738212,13.854080014044948
0.314,0.017854121532077185,1.0,13.857423671241175,0.999520295039076,1.0818341603052206,0.9950158077442948,0.9732126808285578,13.857423671241175
0.3145,0.017849415649724244,1.0,13.860752551978118,0.9995260391606429,1.0814772364991512,0.9950081252808824,0.9734458397298456,13.860752551978118
0.315,0.017844709767371302,1.0,13.864066652463956,0.9995317148251308,1.0811203304798787,0.9950004303331843,0.9736779679313411,13.864066652463956
0.3155,0.01784000388501836,1.0,13.867365968931923,0.9995373227337503,1.0807634422454386,0.9949927228912456,0.9739090655866708,13.867365968931923
0.316,0.017835298002665423,1.0,13.870650497641648,0.9995428635877117,1.0804065717938665,0.9949850029451422,0.9741391328494312,13.870650497641648
0.3165,0.01783059212031248,1.0,13.873920234877707,0.9995483380882257,1.0800497191231975,0.9949772704849825,0.9743681698731887,13.873920234877707
0.317,0.01782588623795954,1.0,13.877175176950926,0.9995537469365027,1.079692884231467,0.9949695255009056,0.9745961768114799,13.877175176950926
0.3175,0.0178211803556066,1.0,13.880415320197953,0.9995590908337532,1.0793360671167105,0.9949617679830832,0.9748231538178113,13.880415320197953
0.318,0.017816474473253657,1.0,13.88364066098056,0.9995643704811875,1.0789792677769634,0.994953997921719,0.9750491010456589,13.88364066098056
0.3185,0.017811768590900716,1.0,13.886851195686981,0.9995695865800164,1.0786224862102607,0.9949462153070491,0.9752740186484695,13.886851195686981
0.319,0.017807062708547775,1.0,13.890046920730454,0.9995747398314501,1.078265722414638,0.994938420129342,0.9754979067796594,13.890046920730454
0.3195,0.017802356826194833,1.0,13.893227832549988,0.9995798309366992,1.0779089763881307,0.9949306123788996,0.9757207655926148,13.893227832549988
0.32,0.01779765094384189,1.0,13.896393927610466,0.9995848605969742,1.077552248128774,0.9949227920460566,0.9759425952406923,13.896393927610466
0.3205,0.01779294506148895,1.0,13.899545202402196,0.9995898295134854,1.0771955376346036,0.9949149591211803,0.976163395877218,13.899545202402196
0.321,0.01778823917913601,1.0,13.90268165344167,0.9995947383874436,1.0768388449036543,0.9949071135946728,0.9763831676554886,13.90268165344167
0.3215,0.017783533296783068,1.0,13.905803277269897,0.999599587920059,1.0764821699339622,0.994899255456969,0.9766019107287701,13.905803277269897
0.322,0.017778827414430126,1.0,13.908910070454834,0.9996043788125422,1.0761255127235618,0.9948913846985374,0.9768196252502993,13.908910070454834
0.3225,0.017774121532077185,1.0,13.912002029588933,0.9996091117661037,1.075768873270489,0.994883501309882,0.9770363113732823,13.912002029588933
0.323,0.017769415649724243,1.0,13.91507915129069,0.9996137874819538,1.0754122515727793,0.9948756052815402,0.9772519692508954,13.91507915129069
0.3235,0.017764709767371302,1.0,13.9181414322043,0.9996184066613033,1.0750556476284678,0.9948676966040838,0.9774665990362851,13.9181414322043
0.324,0.01776000388501836,1.0,13.921188868999531,0.9996229700053624,1.0746990614355898,0.9948597752681199,0.9776802008825679,13.921188868999531
0.3245,0.01775529800266542,1.0,13.92422145837173,0.9996274782153417,1.0743424929921805,0.9948518412642908,0.9778927749428303,13.92422145837173
0.325,0.01775059212031248,1.0,13.927239197041462,0.9996319319924516,1.0739859422962759,0.9948438945832738,0.9781043213701286,13.927239197041462
0.3255,0.01774588623795954,1.0,13.930242081755075,0.9996363320379027,1.0736294093459107,0.9948359352157815,0.9783148403174893,13.930242081755075
0.326,0.0177411803556066,1.0,13.93323010928434,0.9996406790529053,1.0732728941391205,0.9948279631525625,0.978524331937909,13.93323010928434
0.3265,0.017736474473253657,1.0,13.936203276426902,0.9996449737386701,1.0729163966739408,0.9948199783844014,0.9787327963843541,13.936203276426902
0.327,0.017731768590900716,1.0,13.939161580005587,0.9996492167964075,1.0725599169484068,0.9948119809021188,0.9789402338097613,13.939161580005587
0.3275,0.017727062708547774,1.0,13.942105016868968,0.9996534089273279,1.072203454960554,0.9948039706965718,0.979146644367037,13.942105016868968
0.328,0.017722356826194833,1.0,13.945033583890675,0.9996575508326419,1.0718470107084177,0.994795947758654,0.9793520282090581,13.945033583890675
0.3285,0.01771765094384189,1.0,13.947947277970611,0.9996616432135598,1.071490584190033,0.9947879120792961,0.9795563854886712,13.947947277970611
0.329,0.01771294506148895,1.0,13.950846096033615,0.9996656867712922,1.0711341754034356,0.9947798636494654,0.9797597163586931,13.950846096033615
0.3295,0.01770823917913601,1.0,13.953730035029999,0.9996696822070497,1.0707777843466608,0.9947718024601668,0.9799620209719103,13.953730035029999
0.33,0.017703533296783067,1.0,13.95659909193577,0.9996736302220425,1.0704214110177437,0.994763728502443,0.98016329948108,13.95659909193577
0.3305,0.017698827414430126,1.0,13.959453263752282,0.9996775315174813,1.07006505541472,0.9947556417673743,0.9803635520389289,13.959453263752282
0.331,0.017694121532077185,1.0,13.962292547506006,0.9996813867945764,1.069708717535625,0.9947475422460785,0.9805627787981538,13.962292547506006
0.3315,0.017689415649724243,1.0,13.965116940249638,0.9996851967545385,1.069352397378494,0.9947394299297123,0.9807609799114219,13.965116940249638
0.332,0.017684709767371305,1.0,13.967926445470145,0.9996889573558263,1.0689960949338804,0.9947313047297256,0.9809581555354999,13.967926445470145
0.3325,0.017680003885018364,1.0,13.970721120718938,0.9996926669020166,1.0686398101292636,0.9947231665950715,0.9811543058616746,13.970721120718938
0.333,0.017675298002665422,1.0,13.973500981213354,0.9996963339292335,1.0682835429415904,0.9947150156478309,0.9813494310533759,13.973500981213354
0.3335,0.01767059212031248,1.0,13.976266028165973,0.9996999588068863,1.0679272933641892,0.9947068518736564,0.9815435312648615,13.976266028165973
0.334,0.01766588623795954,1.0,13.97901626281597,0.9997035419043843,1.0675710613903882,0.9946986752582043,0.9817366066503056,13.97901626281597
0.3345,0.0176611803556066,1.0,13.981751686428751,0.9997070835911365,1.067214847013516,0.994690485787136,0.9819286573637985,13.981751686428751
0.335,0.017656474473253657,1.0,13.984472300297035,0.9997105842365523,1.066858650226901,0.9946822834461179,0.9821196835593476,13.984472300297035
0.3355,0.017651768590900715,1.0,13.987178105739266,0.9997140442100411,1.066502471023872,0.9946740682208203,0.9823096853908763,13.987178105739266
0.336,0.017647062708547774,1.0,13.989869104101587,0.9997174638810119,1.0661463093977568,0.9946658400969196,0.9824986630122249,13.989869104101587
0.3365,0.017642356826194833,1.0,13.99254529675591,0.9997208436188739,1.065790165341884,0.9946575990600965,0.9826866165771503,13.99254529675591
0.337,0.01763765094384189,1.0,13.995206685100788,0.9997241837930366,1.0654340388495822,0.9946493450960371,0.9828735462393254,13.995206685100788
0.3375,0.01763294506148895,1.0,13.997853270561254,0.9997274847729091,1.06507792991418,0.9946410781904325,0.9830594521523404,13.997853270561254
0.338,0.01762823917913601,1.0,14.000485054589152,0.9997307469279005,1.0647218385290054,0.9946327983289797,0.9832443344697014,14.000485054589152
0.3385,0.017623533296783067,1.0,14.003102038662517,0.9997339706274203,1.064365764687387,0.9946245054973805,0.9834281933448317,14.003102038662517
0.339,0.017618827414430126,1.0,14.00570422428557,0.9997371562408776,1.0640097083826532,0.9946161996813423,0.9836110289310708,14.00570422428557
0.3395,0.017614121532077184,1.0,14.00829161298912,0.9997403041376816,1.0636536696081327,0.9946078808665787,0.9837928413816748,14.00829161298912
0.34,0.017609415649724243,1.0,14.010864206330316,0.9997434146872415,1.0632976483571537,0.9945995490388084,0.9839736308498165,14.010864206330316
0.3405,0.0176047097673713,1.0,14.013422005892837,0.9997464882589667,1.0629416446230444,0.9945912041837562,0.9841533974885855,14.013422005892837
0.341,0.01760000388501836,1.0,14.015965013285964,0.9997495252222665,1.0625856583991338,0.9945828462871529,0.9843321414509878,14.015965013285964
0.3415,0.017595298002665422,1.0,14.018493230146234,0.9997525259465498,1.0622296896787498,0.994574475334735,0.984509862889946,14.018493230146234
0.342,0.01759059212031248,1.0,14.021006658135168,0.9997554908012263,1.061873738455221,0.9945660913122457,0.9846865619582996,14.021006658135168
0.3425,0.01758588623795954,1.0,14.023505298941478,0.9997584201557048,1.061517804721876,0.9945576942054337,0.9848622388088045,14.023505298941478
0.343,0.017581180355606598,1.0,14.025989154279584,0.9997613143793947,1.061161888472043,0.9945492840000546,0.9850368935941335,14.025989154279584
0.3435,0.017576474473253657,1.0,14.028458225890134,0.9997641738417055,1.0608059896990507,0.9945408606818703,0.9852105264668758,14.028458225890134
0.34400000000000003,0.017571768590900715,1.0,14.030912515539988,0.999766998912046,1.0604501083962272,0.994532424236649,0.9853831375795375,14.030912515539988
0.34450000000000003,0.017567062708547774,1.0,14.033352025021617,0.9997697899598257,1.0600942445569013,0.9945239746501656,0.9855547270845414,14.033352025021617
0.34500000000000003,0.017562356826194832,1.0,14.035776756154194,0.9997725473544538,1.0597383981744009,0.9945155119082021,0.9857252951342269,14.035776756154194
0.34550000000000003,0.01755765094384189,1.0,14.038186710782332,0.9997752714653395,1.0593825692420549,0.994507035996547,0.9858948418808502,14.038186710782332
0.34600000000000003,0.01755294506148895,1.0,14.040581890776842,0.999777962661892,1.0590267577531915,0.9944985469009957,0.9860633674765842,14.040581890776842
0.34650000000000003,0.01754823917913601,1.0,14.042962298034471,0.9997806213135207,1.0586709637011393,0.9944900446073506,0.9862308720735183,14.042962298034471
0.34700000000000003,0.017543533296783067,1.0,14.045327934477877,0.9997832477896348,1.0583151870792267,0.9944815291014218,0.9863973558236592,14.045327934477877
0.34750000000000003,0.017538827414430126,1.0,14.047678802055593,0.9997858424596433,1.057959427880782,0.9944730003690259,0.9865628188789297,14.047678802055593
0.34800000000000003,0.017534121532077184,1.0,14.050014902741777,0.9997884056929558,1.0576036860991338,0.9944644583959873,0.9867272613911698,14.050014902741777
0.34850000000000003,0.017529415649724246,1.0,14.05233623853719,0.9997909378589813,1.0572479617276103,0.9944559031681376,0.9868906835121363,14.05233623853719
0.34900000000000003,0.017524709767371305,1.0,14.054642811467033,0.999793439327129,1.05689225475954,0.9944473346713162,0.9870530853935023,14.054642811467033
0.34950000000000003,0.017520003885018363,1.0,14.056934623583501,0.9997959104668084,1.0565365651882515,0.9944387528913703,0.9872144671868583,14.056934623583501
0.35000000000000003,0.017515298002665422,1.0,14.059211676963836,0.9997983516474286,1.056180893007073,0.9944301578141542,0.9873748290437112,14.059211676963836
0.35050000000000003,0.01751059212031248,1.0,14.061473973711422,0.9998007632383987,1.0558252382093332,0.9944215494255307,0.9875341711154848,14.061473973711422
0.35100000000000003,0.01750588623795954,1.0,14.063721515954866,0.9998031456091281,1.0554696007883602,0.9944129277113708,0.9876924935535198,14.063721515954866
0.35150000000000003,0.017501180355606598,1.0,14.06595430584852,0.9998054991290259,1.0551139807374827,0.9944042926575524,0.9878497965090736,14.06595430584852
0.352,0.017496474473253656,1.0,14.06817234557256,0.9998078241675016,1.0547583780500291,0.994395644249963,0.9880060801333204,14.06817234557256
0.3525,0.017491768590900715,1.0,14.07037563733285,0.9998101210939643,1.0544027927193276,0.9943869824744974,0.9881613445773515,14.07037563733285
0.353,0.017487062708547774,1.0,14.072564183360125,0.9998123902778231,1.054047224738707,0.9943783073170596,0.9883155899921748,14.072564183360125
0.3535,0.017482356826194832,1.0,14.074737985911192,0.9998146320884874,1.0536916741014954,0.9943696187635613,0.9884688165287152,14.074737985911192
0.354,0.01747765094384189,1.0,14.07689704726834,0.9998168468953663,1.0533361408010213,0.9943609167999232,0.9886210243378145,14.07689704726834
0.3545,0.01747294506148895,1.0,14.0790413697392,0.9998190350678693,1.0529806248306133,0.9943522014120753,0.9887722135702313,14.0790413697392
0.355,0.017468239179136008,1.0,14.081170955656594,0.9998211969754054,1.0526251261835997,0.9943434725859551,0.9889223843766408,14.081170955656594
0.3555,0.017463533296783067,1.0,14.083285807379081,0.9998233329873839,1.0522696448533089,0.9943347303075103,0.9890715369076358,14.083285807379081
0.356,0.017458827414430125,1.0,14.085385927290348,0.9998254434732141,1.0519141808330694,0.9943259745626972,0.9892196713137255,14.085385927290348
0.3565,0.017454121532077187,1.0,14.087471317799974,0.9998275288023052,1.0515587341162096,0.9943172053374811,0.989366787745336,14.087471317799974
0.357,0.017449415649724246,1.0,14.089541981341723,0.9998295893440664,1.0512033046960578,0.9943084226178368,0.9895128863528106,14.089541981341723
0.3575,0.017444709767371305,1.0,14.091597920375406,0.9998316254679069,1.0508478925659428,0.9942996263897484,0.9896579672864093,14.091597920375406
0.358,0.017440003885018363,1.0,14.093639137386079,0.9998336375432362,1.0504924977191927,0.9942908166392095,0.9898020306963092,14.093639137386079
0.3585,0.017435298002665422,1.0,14.095665634884114,0.9998356259394632,1.0501371201491358,0.9942819933522232,0.9899450767326045,14.095665634884114
0.359,0.01743059212031248,1.0,14.09767741540428,0.9998375910259973,1.049781759849101,0.9942731565148026,0.9900871055453058,14.09767741540428
0.3595,0.01742588623795954,1.0,14.099674481507394,0.9998395331722478,1.0494264168124166,0.9942643061129702,0.990228117284341,14.099674481507394
0.36,0.017421180355606598,1.0,14.101656764646252,0.9998414408525217,1.0490710911150534,0.9942554419173693,0.9903681120671125,14.101656764646252
0.3605,0.017416474473253656,1.0,14.103624322902954,0.9998433234221357,1.04871578268588,0.9942465640759612,0.9905070900692085,14.103624322902954
0.361,0.017411768590900715,1.0,14.105577182185645,0.999845185150353,1.0483604914911868,0.994237672645389,0.9906450514509234,14.105577182185645
0.3615,0.017407062708547773,1.0,14.107515343587552,0.9998470261985972,1.048005217526125,0.9942287676080224,0.9907819963610777,14.107515343587552
0.362,0.017402356826194832,1.0,14.10943880822712,0.9998488467282917,1.047649960785845,0.9942198489462187,0.9909179249484298,14.10943880822712
0.3625,0.01739765094384189,1.0,14.111347577247209,0.9998506469008595,1.0472947212654973,0.9942109166423234,0.9910528373616757,14.111347577247209
0.363,0.01739294506148895,1.0,14.113241651814727,0.9998524268777241,1.046939498960233,0.9942019706786684,0.9911867337494491,14.113241651814727
0.3635,0.01738823917913601,1.0,14.115121033121738,0.999854186820309,1.0465842938652026,0.9941930110375737,0.9913196142603218,14.115121033121738
0.364,0.01738353329678307,1.0,14.116985722384317,0.9998559268900373,1.0462291059755564,0.9941840377013469,0.9914514790428031,14.116985722384317
0.3645,0.01737882741443013,1.0,14.118835720842966,0.9998576472483326,1.0458739352864457,0.9941750506522831,0.99158232824534,14.118835720842966
0.365,0.017374121532077187,1.0,14.120671029762615,0.999859348056618,1.045518781793021,0.994166049872665,0.9917121620163174,14.120671029762615
0.3655,0.017369415649724246,1.0,14.122491650433133,0.999861029476317,1.0451636454904325,0.994157035344763,0.9918409805040581,14.122491650433133
0.366,0.017364709767371304,1.0,14.12429758416798,0.999862691668853,1.0448085263738314,0.9941480070508352,0.9919687838568226,14.12429758416798
0.3665,0.017360003885018363,1.0,14.126088832305415,0.9998643347956491,1.044453424438368,0.994138964973127,0.9920955722228092,14.126088832305415
0.367,0.01735529800266542,1.0,14.127865396207905,0.9998659590181288,1.0440983396791934,0.9941299090938727,0.9922213457501539,14.127865396207905
0.3675,0.01735059212031248,1.0,14.129627277262115,0.9998675644977154,1.0437432720914581,0.9941208393952926,0.9923461045869306,14.129627277262115
0.368,0.01734588623795954,1.0,14.131374476879328,0.9998691513958323,1.0433882216703125,0.9941117558595964,0.9924698488811513,14.131374476879328
0.3685,0.017341180355606597,1.0,14.13310699649464,0.9998707198739029,1.0430331884109076,0.9941026584689805,0.9925925787807653,14.13310699649464
0.369,0.017336474473253656,1.0,14.1348248375676,0.9998722700933503,1.0426781723083942,0.99409354720563,0.9927142944336601,14.1348248375676
0.3695,0.017331768590900715,1.0,14.136528001582212,0.9998738022155982,1.0423231733579226,0.9940844220517168,0.9928349959876609,14.136528001582212
0.37,0.017327062708547773,1.0,14.138216490046444,0.9998753164020696,1.0419681915546435,0.9940752829894017,0.992954683590531,14.138216490046444
0.3705,0.017322356826194832,1.0,14.139890304492212,0.999876812814188,1.0416132268937077,0.994066130000833,0.9930733573899712,14.139890304492212
0.371,0.01731765094384189,1.0,14.141549446476038,0.9998782916133767,1.0412582793702658,0.994056963068147,0.9931910175336204,14.141549446476038
0.3715,0.01731294506148895,1.0,14.143193917578005,0.9998797529610591,1.0409033489794688,0.9940477821734673,0.9933076641690551,14.143193917578005
0.372,0.017308239179136008,1.0,14.144823719402982,0.9998811970186586,1.040548435716467,0.994038587298907,0.9934232974437902,14.144823719402982
0.3725,0.01730353329678307,1.0,14.146438853579808,0.9998826239475984,1.040193539576411,0.9940293784265658,0.9935379175052779,14.146438853579808
0.373,0.01729882741443013,1.0,14.148039321760495,0.9998840339093019,1.0398386605544518,0.9940201555385321,0.9936515245009087,14.148039321760495
0.3735,0.017294121532077187,1.0,14.149625125622208,0.9998854270651926,1.03948379864574,0.994010918616882,0.9937641185780106,14.149625125622208
0.374,0.017289415649724246,1.0,14.151196266865588,0.9998868035766935,1.039128953845426,0.9940016676436805,0.99387569988385,14.151196266865588
0.3745,0.017284709767371304,1.0,14.152752747215368,0.9998881636052281,1.038774126148661,0.9939924026009799,0.9939862685656309,14.152752747215368
0.375,0.017280003885018363,1.0,14.154294568420385,0.9998895073122199,1.038419315550595,0.9939831234708207,0.9940958247704953,14.154294568420385
0.3755,0.01727529800266542,1.0,14.155821732252978,0.9998908348590921,1.0380645220463793,0.9939738302352324,0.9942043686455229,14.155821732252978
0.376,0.01727059212031248,1.0,14.157334240510195,0.9998921464072682,1.0377097456311641,0.9939645228762318,0.9943119003377315,14.157334240510195
0.3765,0.01726588623795954,1.0,14.15883209501234,0.9998934421181712,1.0373549863001004,0.9939552013758244,0.9944184199940772,14.15883209501234
0.377,0.017261180355606597,1.0,14.160315297603706,0.9998947221532248,1.0370002440483388,0.9939458657160042,0.9945239277614535,14.160315297603706
0.3775,0.017256474473253656,1.0,14.161783850152794,0.9998959866738522,1.03664551887103,0.9939365158787526,0.9946284237866919,14.161783850152794
0.378,0.017251768590900714,1.0,14.16323775455173,0.9998972358414766,1.0362908107633244,0.9939271518460404,0.9947319082165623,14.16323775455173
0.3785,0.017247062708547773,1.0,14.164677012716346,0.9998984698175216,1.035936119720373,0.993917773599826,0.9948343811977721,14.164677012716346
0.379,0.01724235682619483,1.0,14.166101626586396,0.9998996887634104,1.0355814457373262,0.993908381122057,0.9949358428769668,14.166101626586396
0.3795,0.01723765094384189,1.0,14.167511598125412,0.9999008928405664,1.035226788809335,0.9938989743946682,0.9950362934007301,14.167511598125412
0.38,0.017232945061488952,1.0,14.168906929321244,0.999902082210413,1.0348721489315496,0.9938895533995843,0.9951357329155833,14.168906929321244
0.3805,0.01722823917913601,1.0,14.170287622183796,0.9999032570343733,1.0345175260991213,0.9938801181187175,0.9952341615679859,14.170287622183796
0.381,0.01722353329678307,1.0,14.171653678748603,0.9999044174738709,1.0341629203072003,0.9938706685339685,0.9953315795043355,14.171653678748603
0.3815,0.017218827414430128,1.0,14.173005101074104,0.999905563690329,1.0338083315509372,0.9938612046272272,0.9954279868709676,14.173005101074104
0.382,0.017214121532077187,1.0,14.174341891241957,0.999906695845171,1.0334537598254832,0.9938517263803716,0.9955233838141555,14.174341891241957
0.3825,0.017209415649724245,1.0,14.175664051358265,0.9999078140998203,1.0330992051259886,0.9938422337752683,0.9956177704801109,14.175664051358265
0.383,0.017204709767371304,1.0,14.176971583552303,0.9999089186157002,1.0327446674476042,0.9938327267937725,0.9957111470149832,14.176971583552303
0.3835,0.017200003885018363,1.0,14.178264489977412,0.9999100095542339,1.0323901467854804,0.9938232054177286,0.9958035135648602,14.178264489977412
0.384,0.01719529800266542,1.0,14.179542772809723,0.999911087076845,1.0320356431347681,0.9938136696289689,0.9958948702757672,14.179542772809723
0.3845,0.01719059212031248,1.0,14.180806434249607,0.9999121513449566,1.031681156490618,0.9938041194093152,0.9959852172936678,14.180806434249607
0.385,0.01718588623795954,1.0,14.182055476520537,0.9999132025199922,1.031326686848181,0.9937945547405774,0.996074554764464,14.182055476520537
0.3855,0.017181180355606597,1.0,14.183289901870054,0.9999142407633751,1.0309722342026073,0.9937849756045546,0.9961628828339953,14.183289901870054
0.386,0.017176474473253656,1.0,14.184509712568763,0.9999152662365287,1.0306177985490477,0.9937753819830345,0.9962502016480398,14.184509712568763
0.3865,0.017171768590900714,1.0,14.185714910910734,0.9999162791008762,1.030263379882653,0.9937657738577937,0.9963365113523129,14.185714910910734
0.387,0.017167062708547773,1.0,14.18690549921373,0.999917279517841,1.029908978198574,0.9937561512105981,0.9964218120924689,14.18690549921373
0.3875,0.01716235682619483,1.0,14.188081479818706,0.9999182676488466,1.029554593491961,0.9937465140232016,0.9965061040140998,14.188081479818706
0.388,0.01715765094384189,1.0,14.189242855090164,0.9999192436553161,1.029200225757965,0.9937368622773483,0.9965893872627355,14.189242855090164
0.3885,0.01715294506148895,1.0,14.190389627416426,0.9999202076986731,1.0288458749917364,0.9937271959547698,0.9966716619838445,14.190389627416426
0.389,0.01714823917913601,1.0,14.191521799208411,0.9999211599403407,1.0284915411884261,0.993717515037188,0.9967529283228329,14.191521799208411
0.3895,0.01714353329678307,1.0,14.192639372900379,0.9999221005417424,1.0281372243431848,0.9937078195063132,0.9968331864250451,14.192639372900379
0.39,0.017138827414430128,1.0,14.193742350950702,0.9999230296643015,1.027782924451163,0.9936981093438447,0.9969124364357639,14.193742350950702
0.3905,0.017134121532077187,1.0,14.194830735840386,0.9999239474694412,1.0274286415075113,0.9936883845314715,0.9969906785002097,14.194830735840386
0.391,0.017129415649724245,1.0,14.195904530073944,0.9999248541185851,1.0270743755073808,0.9936786450508711,0.9970679127635413,14.195904530073944
0.3915,0.017124709767371304,1.0,14.19696373617937,0.9999257497731565,1.0267201264459218,0.9936688908837107,0.9971441393708558,14.19696373617937
0.392,0.017120003885018362,1.0,14.198008356707568,0.9999266345945785,1.026365894318285,0.9936591220116463,0.9972193584671881,14.198008356707568
0.3925,0.01711529800266542,1.0,14.199038394232653,0.9999275087442747,1.0260116791196212,0.9936493384163233,0.9972935701975114,14.199038394232653
0.393,0.01711059212031248,1.0,14.200053851352394,0.9999283723836684,1.025657480845081,0.9936395400793762,0.9973667747067372,14.200053851352394
0.3935,0.017105886237959538,1.0,14.20105473068694,0.9999292256741829,1.025303299489815,0.9936297269824292,0.9974389721397149,14.20105473068694
0.394,0.017101180355606597,1.0,14.202041034880498,0.9999300687772414,1.024949135048974,0.9936198991070956,0.9975101626412323,14.202041034880498
0.3945,0.017096474473253655,1.0,14.203012766599619,0.9999309018542676,1.0245949875177085,0.993610056434978,0.997580346356015,14.203012766599619
0.395,0.017091768590900714,1.0,14.203969928534303,0.9999317250666845,1.0242408568911696,0.9936001989476688,0.9976495234287274,14.203969928534303
0.3955,0.017087062708547773,1.0,14.204912523397747,0.9999325385759156,1.0238867431645076,0.9935903266267493,0.9977176940039714,14.204912523397747
0.396,0.017082356826194835,1.0,14.205840553926555,0.9999333425433842,1.023532646332873,0.9935804394537906,0.9977848582262877,14.205840553926555
0.3965,0.017077650943841893,1.0,14.206754022879139,0.9999341371305136,1.023178566391417,0.9935705374103531,0.9978510162401547,14.206754022879139
0.397,0.017072945061488952,1.0,14.20765293303795,0.9999349224987273,1.02282450333529,0.993560620477987,0.9979161681899893,14.20765293303795
0.3975,0.01706823917913601,1.0,14.208537287208665,0.9999356988094484,1.0224704571596426,0.993550688638232,0.9979803142201467,14.208537287208665
0.398,0.01706353329678307,1.0,14.209407088218931,0.9999364662241006,1.0221164278596255,0.9935407418726175,0.9980434544749199,14.209407088218931
0.3985,0.017058827414430128,1.0,14.210262338920026,0.999937224904107,1.0217624154303897,0.9935307801626625,0.9981055890985405,14.210262338920026
0.399,0.017054121532077186,1.0,14.211103042186396,0.9999379750108909,1.0214084198670854,0.9935208034898754,0.9981667182351783,14.211103042186396
0.3995,0.017049415649724245,1.0,14.2119286538539,0.999938715074129,1.0210544417979739,0.9935108118199975,0.9982268419223029,14.2119286538539
0.4,0.017044709767371304,1.0,14.212736916157553,0.9999394380374799,1.0207004838343543,0.9935008050594152,0.9982859598760946,14.212736916157553
0.4005,0.017040003885018362,1.0,14.213531052731582,0.9999401532773822,1.020346542244029,0.9934907832741363,0.9983440728748477,14.213531052731582
0.401,0.01703529800266542,1.0,14.214311050358143,0.9999408608483602,1.0199926170409215,0.9934807464439183,0.9984011810554202,14.214311050358143
0.4015,0.01703059212031248,1.0,14.215076895839113,0.9999415608049387,1.0196387082389553,0.9934706945484975,0.9984572845548207,14.215076895839113
0.402,0.017025886237959538,1.0,14.215828575996143,0.9999422532016421,1.019284815852054,0.9934606275675901,0.9985123835102094,14.215828575996143
0.4025,0.017021180355606597,1.0,14.216566077671066,0.999942938092995,1.0189309398941413,0.9934505454808918,0.9985664780588976,14.216566077671066
0.403,0.017016474473253655,1.0,14.217289387725828,0.9999436155335217,1.0185770803791403,0.9934404482680774,0.9986195683383479,14.217289387725828
0.4035,0.017011768590900714,1.0,14.217998493042113,0.9999442855777471,1.018223237320975,0.9934303359088016,0.9986716544861737,14.217998493042113
0.404,0.017007062708547772,1.0,14.218693380521733,0.9999449482801955,1.0178694107335688,0.993420208382698,0.9987227366401401,14.218693380521733
0.4045,0.01700235682619483,1.0,14.219374037087029,0.9999456036953915,1.0175156006308452,0.9934100656693806,0.998772814938163,14.219374037087029
0.405,0.01699765094384189,1.0,14.22004044968003,0.9999462518778597,1.017161807026728,0.9933999077484418,0.9988218895183094,14.22004044968003
0.4055,0.01699294506148895,1.0,14.220692605264198,0.9999468928821245,1.0168080299351405,0.9933897345994543,0.9988699605187977,14.220692605264198
0.406,0.01698823917913601,1.0,14.221330490821908,0.9999475267627104,1.0164542693700063,0.99337954620197,0.9989170280779971,14.221330490821908
0.40650000000000003,0.01698353329678307,1.0,14.221954093356752,0.999948153574142,1.016100525345249,0.9933693425355199,0.9989630923344279,14.221954093356752
0.40700000000000003,0.016978827414430128,1.0,14.222563399892925,0.999948773370944,1.0157467978747923,0.993359123579615,0.9990081534267617,14.222563399892925
0.40750000000000003,0.016974121532077186,1.0,14.223158397474952,0.9999493862076407,1.0153930869725594,0.9933488893137457,0.9990522114938208,14.223158397474952
0.40800000000000003,0.016969415649724245,1.0,14.22373907316786,0.9999499921387568,1.0150393926524741,0.993338639717381,0.9990952666745788,14.22373907316786
0.40850000000000003,0.016964709767371303,1.0,14.224305414057572,0.9999505912188167,1.01468571492846,0.9933283747699707,0.9991373191081601,14.224305414057572
0.40900000000000003,0.016960003885018362,1.0,14.22485740725063,0.9999511835023449,1.0143320538144407,0.9933180944509432,0.9991783689338399,14.22485740725063
0.40950000000000003,0.01695529800266542,1.0,14.225395039874376,0.9999517690438661,1.0139784093243396,0.9933077987397068,0.9992184162910449,14.225395039874376
0.41000000000000003,0.01695059212031248,1.0,14.22591829907735,0.9999523478979048,1.01362478147208,0.9932974876156483,0.9992574613193522,14.22591829907735
0.41050000000000003,0.016945886237959538,1.0,14.226427172028208,0.9999529201189854,1.013271170271586,0.9932871610581353,0.9992955041584903,14.226427172028208
0.41100000000000003,0.016941180355606596,1.0,14.226921645917159,0.9999534857616325,1.012917575736781,0.9932768190465139,0.9993325449483381,14.226921645917159
0.41150000000000003,0.016936474473253655,1.0,14.22740170795567,0.9999540448803707,1.0125639978815884,0.9932664615601102,0.9993685838289258,14.22740170795567
0.41200000000000003,0.016931768590900714,1.0,14.22786734537563,0.9999545975297245,1.0122104367199318,0.9932560885782293,0.9994036209404341,14.22786734537563
0.41250000000000003,0.016927062708547776,1.0,14.228318545431106,0.9999551437642183,1.0118568922657347,0.9932457000801558,0.999437656423195,14.228318545431106
0.41300000000000003,0.016922356826194834,1.0,14.228755295395922,0.9999556836383768,1.0115033645329208,0.993235296045154,0.999470690417691,14.228755295395922
0.41350000000000003,0.016917650943841893,1.0,14.2291775825662,0.9999562172067246,1.0111498535354138,0.9932248764524677,0.9995027230645552,14.2291775825662
0.41400000000000003,0.01691294506148895,1.0,14.229585394259516,0.999956744523786,1.0107963592871367,0.9932144412813197,0.9995337545045723,14.229585394259516
0.41450000000000004,0.01690823917913601,1.0,14.229978717814172,0.9999572656440857,1.0104428818020137,0.9932039905109127,0.9995637848786767,14.229978717814172
0.41500000000000004,0.01690353329678307,1.0,14.230357540590619,0.9999577806221481,1.010089421093968,0.9931935241204285,0.9995928143279543,14.230357540590619
0.41550000000000004,0.016898827414430127,1.0,14.230721849970271,0.9999582895124979,1.0097359771769232,0.9931830420890285,0.9996208429936417,14.230721849970271
0.41600000000000004,0.016894121532077186,1.0,14.231071633356692,0.9999587923696595,1.0093825500648028,0.9931725443958538,0.9996478710171258,14.231071633356692
0.4165,0.016889415649724245,1.0,14.231406878174312,0.9999592892481575,1.0090291397715307,0.9931620310200244,0.9996738985399446,14.231406878174312
0.417,0.016884709767371303,1.0,14.231727571870168,0.9999597802025164,1.00867574631103,0.99315150194064,0.9996989257037866,14.231727571870168
0.4175,0.016880003885018362,1.0,14.232033701912519,0.9999602652872607,1.0083223696972246,0.9931409571367797,0.9997229526504908,14.232033701912519
0.418,0.01687529800266542,1.0,14.232325255791668,0.9999607445569151,1.0079690099440377,0.9931303965875022,0.9997459795220474,14.232325255791668
0.4185,0.01687059212031248,1.0,14.232602221019494,0.9999612180660039,1.0076156670653933,0.9931198202718456,0.9997680064605964,14.232602221019494
0.419,0.016865886237959538,1.0,14.232864585130272,0.9999616858690518,1.0072623410752146,0.9931092281688271,0.999789033608429,14.232864585130272
0.4195,0.016861180355606596,1.0,14.23311233567997,0.9999621480205831,1.0069090319874254,0.9930986202574437,0.999809061107987,14.23311233567997
0.42,0.016856474473253655,1.0,14.233345460246964,0.9999626045751228,1.006555739815949,0.9930879965166717,0.9998280891018623,14.233345460246964
0.4205,0.016851768590900713,1.0,14.233563946431563,0.9999630555871949,1.0062024645747092,0.993077356925467,0.9998461177327979,14.233563946431563
0.421,0.016847062708547775,1.0,14.233767781856269,0.9999635011113244,1.0058492062776294,0.9930667014627647,0.999863147143687,14.233767781856269
0.4215,0.016842356826194834,1.0,14.23395695416575,0.9999639412020354,1.0054959649386332,0.9930560301074791,0.9998791774775733,14.23395695416575
0.422,0.016837650943841893,1.0,14.234131451026883,0.9999643759138527,1.0051427405716444,0.9930453428385049,0.999894208877651,14.234131451026883
0.4225,0.01683294506148895,1.0,14.234291260129954,0.9999648053013008,1.004789533190586,0.9930346396347152,0.9999082414872651,14.234291260129954
0.423,0.01682823917913601,1.0,14.234436369186241,0.9999652294189042,1.004436342809382,0.9930239204749631,0.9999212754499106,14.234436369186241
0.4235,0.01682353329678307,1.0,14.234566765930548,0.9999656483211875,1.004083169441956,0.9930131853380807,0.9999333109092331,14.234566765930548
0.424,0.016818827414430127,1.0,14.234682438120032,0.999966062062675,1.0037300131022313,0.9930024342028799,0.9999443480090288,14.234682438120032
0.4245,0.016814121532077186,1.0,14.234783373533933,0.9999664706978916,1.0033768738041318,0.9929916670481523,0.9999543868932439,14.234783373533933
0.425,0.016809415649724244,1.0,14.2348695599752,0.9999668742813616,1.0030237515615805,0.9929808838526683,0.9999634277059753,14.2348695599752
0.4255,0.016804709767371303,1.0,14.234940985268878,0.9999672728676094,1.0026706463885013,0.992970084595178,0.9999714705914703,14.234940985268878
0.426,0.01680000388501836,1.0,14.234997637262834,0.9999676665111599,1.002317558298818,0.9929592692544111,0.9999785156941263,14.234997637262834
0.4265,0.01679529800266542,1.0,14.235039503827942,0.9999680552665373,1.0019644873064537,0.9929484378090766,0.9999845631584912,14.235039503827942
0.427,0.016790592120312482,1.0,14.23506657285859,0.9999684391882664,1.001611433425332,0.9929375902378629,0.9999896131292629,14.23506657285859
0.4275,0.01678588623795954,1.0,14.235078832270833,0.9999688183308716,1.0012583966693769,0.9929267265194377,0.99999366575129,14.235078832270833
0.428,0.0167811803556066,1.0,14.235076270005152,0.9999691927488773,1.0009053770525114,0.9929158466324486,0.9999967211695712,14.235076270005152
0.4285,0.016776474473253658,1.0,14.235058874024265,0.9999695624968082,1.0005523745886595,0.9929049505555223,0.9999987795292552,14.235058874024265
0.429,0.016771768590900717,1.0,14.23502663231477,0.9999699276291889,1.0001993892917445,0.9928940382672651,0.9999998409756413,14.23502663231477
0.4295,0.016767062708547775,1.0,14.234979532885978,0.9999702882005438,0.9998464211756901,0.9928831097462623,0.9999999056541788,14.234979532885978
0.43,0.016762356826194834,1.0,14.234917563770965,0.9999706442653974,0.9994934702544198,0.9928721649710793,0.9999989737104674,14.234917563770965
0.4305,0.016757650943841892,1.0,14.23484071302598,0.9999709958782744,0.9991405365418571,0.9928612039202609,0.9999970452902565,14.23484071302598
0.431,0.01675294506148895,1.0,14.234748968730727,0.9999713430936992,0.9987876200519257,0.9928502265723307,0.999994120539446,14.234748968730727
0.4315,0.01674823917913601,1.0,14.234642318988428,0.9999716859661963,0.9984347207985489,0.9928392329057925,0.999990199604086,14.234642318988428
0.432,0.01674353329678307,1.0,14.23452075192588,0.9999720245502903,0.9980818387956505,0.9928282228991286,0.9999852826303766,14.23452075192588
0.4325,0.016738827414430127,1.0,14.234384255693532,0.9999723589005058,0.997728974057154,0.9928171965308021,0.9999793697646677,14.234384255693532
0.433,0.016734121532077186,1.0,14.234232818465644,0.9999726890713673,0.9973761265969829,0.9928061537792546,0.9999724611534597,14.234232818465644
0.4335,0.016729415649724244,1.0,14.234066428440254,0.9999730151173992,0.9970232964290608,0.9927950946229072,0.999964556943403,14.234066428440254
0.434,0.016724709767371303,1.0,14.23388507383889,0.9999733370931262,0.9966704835673114,0.9927840190401606,0.9999556572812979,14.23388507383889
0.4345,0.01672000388501836,1.0,14.233688742907423,0.9999736550530728,0.9963176880256579,0.9927729270093949,0.9999457623140945,14.233688742907423
0.435,0.01671529800266542,1.0,14.233477423915359,0.9999739690517634,0.9959649098180242,0.9927618185089705,0.9999348721888933,14.233477423915359
0.4355,0.01671059212031248,1.0,14.233251105156326,0.9999742791437226,0.9956121489583337,0.9927506935172256,0.9999229870529446,14.233251105156326
0.436,0.016705886237959537,1.0,14.233009774948382,0.9999745853834751,0.99525940546051,0.9927395520124793,0.9999101070536486,14.233009774948382
0.4365,0.016701180355606596,1.0,14.232753421633062,0.9999748878255452,0.9949066793384765,0.9927283939730297,0.9998962323385556,14.232753421633062
0.437,0.016696474473253658,1.0,14.232482033576899,0.9999751865244576,0.994553970606157,0.992717219377154,0.9998813630553656,14.232482033576899
0.4375,0.016691768590900716,1.0,14.232195599169687,0.9999754815347367,0.994201279277475,0.9927060282031095,0.9998654993519286,14.232195599169687
0.438,0.016687062708547775,1.0,14.231894106826584,0.9999757729109071,0.993848605366354,0.9926948204291326,0.9998486413762446,14.231894106826584
0.4385,0.016682356826194834,1.0,14.231577544986465,0.9999760607074933,0.9934959488867176,0.992683596033439,0.9998307892764632,14.231577544986465
0.439,0.016677650943841892,1.0,14.23124590211313,0.9999763449790199,0.9931433098524892,0.9926723549942245,0.9998119432008841,14.23124590211313
0.4395,0.01667294506148895,1.0,14.23089916669469,0.9999766257800115,0.9927906882775925,0.9926610972896639,0.9997921032979566,14.23089916669469
0.44,0.01666823917913601,1.0,14.230537327243725,0.9999769031649923,0.9924380841759511,0.9926498228979115,0.99977126971628,14.230537327243725
0.4405,0.016663533296783068,1.0,14.23016037229783,0.9999771771884872,0.9920854975614884,0.9926385317971014,0.9997494426046032,14.23016037229783
0.441,0.016658827414430127,1.0,14.229768290418857,0.9999774479050205,0.9917329284481282,0.9926272239653466,0.999726622111825,14.229768290418857
0.4415,0.016654121532077185,1.0,14.229361070194019,0.999977715369117,0.9913803768497939,0.9926158993807405,0.9997028083869938,14.229361070194019
0.442,0.016649415649724244,1.0,14.228938700234703,0.9999779796353009,0.991027842780409,0.9926045580213549,0.9996780015793078,14.228938700234703
0.4425,0.016644709767371303,1.0,14.228501169177774,0.9999782407580969,0.9906753262538972,0.9925931998652421,0.999652201838115,14.228501169177774
0.443,0.01664000388501836,1.0,14.22804846568496,0.9999784987920296,0.9903228272841819,0.9925818248904332,0.9996254093129129,14.22804846568496
0.4435,0.016635298002665423,1.0,14.227580578443039,0.9999787537916234,0.9899703458851867,0.9925704330749393,0.9995976241533489,14.227580578443039
0.444,0.016630592120312482,1.0,14.227097496163442,0.999979005811403,0.9896178820708353,0.9925590243967505,0.9995688465092196,14.227097496163442
0.4445,0.01662588623795954,1.0,14.226599207583229,0.9999792549058927,0.9892654358550512,0.9925475988338369,0.9995390765304719,14.226599207583229
0.445,0.0166211803556066,1.0,14.226085701464804,0.9999795011296172,0.9889130072517578,0.992536156364148,0.9995083143672017,14.226085701464804
0.4455,0.016616474473253658,1.0,14.22555696659531,0.9999797445371009,0.9885605962748789,0.9925246969656125,0.9994765601696547,14.22555696659531
0.446,0.016611768590900716,1.0,14.22501299178816,0.9999799851828686,0.9882082029383378,0.992513220616139,0.9994438140882262,14.22501299178816
0.4465,0.016607062708547775,1.0,14.224453765881178,0.9999802231214445,0.9878558272560582,0.9925017272936153,0.9994100762734612,14.224453765881178
0.447,0.016602356826194833,1.0,14.223879277738476,0.9999804584073534,0.9875034692419637,0.9924902169759092,0.9993753468760538,14.223879277738476
0.4475,0.016597650943841892,1.0,14.223289516249162,0.9999806910951196,0.9871511289099778,0.9924786896408674,0.999339626046848,14.223289516249162
0.448,0.01659294506148895,1.0,14.222684470328414,0.9999809212392679,0.986798806274024,0.9924671452663166,0.999302913936837,14.222684470328414
0.4485,0.01658823917913601,1.0,14.222064128916765,0.9999811488943225,0.986446501348026,0.9924555838300629,0.9992652106971638,14.222064128916765
0.449,0.016583533296783068,1.0,14.221428480980725,0.9999813741148083,0.9860942141459073,0.9924440053098919,0.9992265164791204,14.221428480980725
0.4495,0.016578827414430126,1.0,14.220777113170175,0.9999815961553981,0.9857419451470748,0.9924324096796853,0.9991868314872439,14.220777113170175
0.45,0.016574121532077185,1.0,14.220110144548222,0.9999818152949402,0.9853896942150281,0.9924207969176048,0.9991461558594784,14.220110144548222
0.4505,0.016569415649724244,1.0,14.219427780786873,0.9999820319575016,0.9850374611130778,0.9924091670019831,0.9991044897202294,14.219427780786873
0.451,0.016564709767371302,1.0,14.218730024491094,0.9999822461635457,0.9846852458394936,0.9923975199091706,0.999061833220013,14.218730024491094
0.4515,0.01656000388501836,1.0,14.218016878290754,0.9999824579335361,0.9843330483925448,0.9923858556154892,0.9990181865093186,14.218016878290754
0.452,0.01655529800266542,1.0,14.217288344840616,0.9999826672879366,0.983980868770501,0.9923741740972314,0.9989735497386083,14.217288344840616
0.4525,0.016550592120312478,1.0,14.216544426820331,0.9999828742472108,0.9836287069716315,0.9923624753306614,0.9989279230583171,14.216544426820331
0.453,0.016545886237959537,1.0,14.215785126934431,0.9999830788318222,0.9832765629942058,0.9923507592920147,0.998881306618853,14.215785126934431
0.4535,0.0165411803556066,1.0,14.215010447912652,0.9999832810622344,0.9829244368364936,0.992339025957498,0.9988337005705964,14.215010447912652
0.454,0.016536474473253657,1.0,14.214220392508691,0.9999834809589112,0.9825723284967641,0.9923272753032896,0.9987851050639012,14.214220392508691
0.4545,0.016531768590900716,1.0,14.213414963502006,0.9999836785423162,0.9822202379732868,0.9923155073055382,0.9987355202490938,14.213414963502006
0.455,0.016527062708547775,1.0,14.212594163696556,0.9999838738329129,0.9818681652643313,0.9923037219403645,0.9986849462764736,14.212594163696556
0.4555,0.016522356826194833,1.0,14.21175799592092,0.9999840668511648,0.981516110368167,0.9922919191838601,0.9986333832963129,14.21175799592092
0.456,0.016517650943841892,1.0,14.210906463029172,0.9999842576175358,0.9811640732830632,0.9922800990120874,0.9985808314588568,14.210906463029172
0.4565,0.01651294506148895,1.0,14.210039567899322,0.9999844461524895,0.9808120540072897,0.9922682614010802,0.9985272909143234,14.210039567899322
0.457,0.01650823917913601,1.0,14.209157313434973,0.9999846324764893,0.9804600525391156,0.9922564063268434,0.9984727618129036,14.209157313434973
0.4575,0.016503533296783068,1.0,14.208259702563968,0.9999848166099989,0.9801080688768106,0.9922445337653532,0.9984172443047612,14.208259702563968
0.458,0.016498827414430126,1.0,14.207346738239401,0.9999849985734821,0.9797561030186441,0.9922326436925561,0.998360738540033,14.207346738239401
0.4585,0.016494121532077185,1.0,14.206418423438711,0.9999851783874024,0.9794041549628856,0.9922207360843702,0.9983032446688287,14.206418423438711
0.459,0.016489415649724243,1.0,14.205474761164561,0.9999853560722234,0.9790522247078045,0.9922088109166846,0.9982447628412308,14.205474761164561
0.4595,0.016484709767371306,1.0,14.204515754444277,0.9999855316484086,0.9787003122516703,0.9921968681653591,0.9981852932072947,14.204515754444277
0.46,0.016480003885018364,1.0,14.203541406329386,0.9999857051364219,0.9783484175927526,0.9921849078062246,0.9981248359170487,14.203541406329386
0.4605,0.016475298002665423,1.0,14.202551719896965,0.9999858765567268,0.9779965407293205,0.9921729298150824,0.9980633911204942,14.202551719896965
0.461,0.01647059212031248,1.0,14.201546698248384,0.9999860459297868,0.9776446816596439,0.9921609341677057,0.9980009589676053,14.201546698248384
0.4615,0.01646588623795954,1.0,14.200526344509981,0.9999862132760656,0.9772928403819919,0.9921489208398375,0.9979375396083292,14.200526344509981
0.462,0.0164611803556066,1.0,14.199490661832606,0.9999863786160269,0.9769410168946343,0.9921368898071926,0.9978731331925859,14.199490661832606
0.4625,0.016456474473253657,1.0,14.19843965339205,0.9999865419701343,0.9765892111958403,0.9921248410454556,0.9978077398702682,14.19843965339205
0.463,0.016451768590900716,1.0,14.197373322388719,0.9999867033588513,0.9762374232838794,0.9921127745302828,0.9977413597912419,14.197373322388719
0.4635,0.016447062708547774,1.0,14.196291672047606,0.9999868628026416,0.9758856531570211,0.9921006902373005,0.9976739931053461,14.196291672047606
0.464,0.016442356826194833,1.0,14.195194705618745,0.999987020321969,0.975533900813535,0.992088588142106,0.9976056399623923,14.195194705618745
0.4645,0.01643765094384189,1.0,14.194082426376413,0.9999871759372967,0.9751821662516904,0.9920764682202678,0.997536300512165,14.194082426376413
0.465,0.01643294506148895,1.0,14.192954837620023,0.9999873296690888,0.9748304494697568,0.9920643304473242,0.9974659749044221,14.192954837620023
0.4655,0.01642823917913601,1.0,14.19181194267321,0.9999874815378085,0.9744787504660037,0.9920521747987848,0.997394663288894,14.19181194267321
0.466,0.016423533296783067,1.0,14.19065374488462,0.9999876315639197,0.9741270692387006,0.9920400012501298,0.997322365815284,14.19065374488462
0.4665,0.016418827414430126,1.0,14.189480247627666,0.9999877797678859,0.9737754057861169,0.9920278097768095,0.9972490826332687,14.189480247627666
0.467,0.016414121532077185,1.0,14.188291454299854,0.9999879261701707,0.973423760106522,0.992015600354245,0.9971748138924972,14.188291454299854
0.4675,0.016409415649724243,1.0,14.1870873683239,0.999988070791238,0.9730721321981854,0.9920033729578286,0.997099559742592,14.1870873683239
0.468,0.016404709767371302,1.0,14.185867993146806,0.999988213651551,0.9727205220593768,0.991991127562922,0.9970233203331482,14.185867993146806
0.4685,0.01640000388501836,1.0,14.18463333224044,0.9999883547715736,0.9723689296883653,0.9919788641448584,0.996946095813734,14.18463333224044
0.46900000000000003,0.01639529800266542,1.0,14.183383389101058,0.9999884941717693,0.9720173550834206,0.9919665826789406,0.9968678863338906,14.183383389101058
0.46950000000000003,0.016390592120312478,1.0,14.182118167249753,0.9999886318726017,0.9716657982428121,0.9919542831404429,0.9967886920431319,14.182118167249753
0.47000000000000003,0.01638588623795954,1.0,14.180837670232338,0.9999887678945345,0.9713142591648093,0.9919419655046089,0.9967085130909451,14.180837670232338
0.47050000000000003,0.0163811803556066,1.0,14.17954190161843,0.9999889022580314,0.9709627378476816,0.9919296297466531,0.9966273496267901,14.17954190161843
0.47100000000000003,0.016376474473253657,1.0,14.178230865003245,0.9999890349835558,0.9706112342896984,0.9919172758417609,0.9965452018001,14.178230865003245
0.47150000000000003,0.016371768590900716,1.0,14.176904564005909,0.9999891660915716,0.9702597484891294,0.9919049037650872,0.9964620697602806,14.176904564005909
0.47200000000000003,0.016367062708547774,1.0,14.175563002270563,0.9999892956025421,0.9699082804442439,0.9918925134917576,0.9963779536567109,14.175563002270563
0.47250000000000003,0.016362356826194833,1.0,14.174206183465577,0.9999894235369312,0.9695568301533114,0.9918801049968679,0.9962928536387426,14.174206183465577
0.47300000000000003,0.01635765094384189,1.0,14.172834111283988,0.9999895499152024,0.9692053976146012,0.9918676782554843,0.9962067698557008,14.172834111283988
0.47350000000000003,0.01635294506148895,1.0,14.17144678944338,0.9999896747578193,0.9688539828263831,0.9918552332426434,0.9961197024568831,14.17144678944338
0.47400000000000003,0.01634823917913601,1.0,14.170044221685876,0.9999897980852456,0.9685025857869264,0.9918427699333514,0.9960316515915603,14.170044221685876
0.47450000000000003,0.016343533296783067,1.0,14.168626411778241,0.9999899199179448,0.9681512064945005,0.9918302883025854,0.9959426174089762,14.168626411778241
0.47500000000000003,0.016338827414430126,1.0,14.167193363511652,0.9999900402763806,0.9677998449473748,0.991817788325292,0.9958526000583476,14.167193363511652
0.47550000000000003,0.016334121532077184,1.0,14.16574508070169,0.9999901591810166,0.9674485011438191,0.991805269976389,0.9957615996888642,14.16574508070169
0.47600000000000003,0.016329415649724247,1.0,14.16428156718889,0.9999902766523165,0.9670971750821025,0.9917927332307629,0.9956696164496888,14.16428156718889
0.47650000000000003,0.016324709767371305,1.0,14.162802826837384,0.9999903927107439,0.9667458667604947,0.9917801780632716,0.9955766504899569,14.162802826837384
0.47700000000000004,0.016320003885018364,1.0,14.1613088635367,0.9999905073767623,0.966394576177265,0.9917676044487421,0.9954827019587774,14.1613088635367
0.47750000000000004,0.016315298002665422,1.0,14.159799681200505,0.9999906206708354,0.9660433033306829,0.9917550123619723,0.9953877710052319,14.159799681200505
0.47800000000000004,0.01631059212031248,1.0,14.158275283766947,0.9999907326134269,0.965692048219018,0.9917424017777292,0.9952918577783753,14.158275283766947
0.47850000000000004,0.01630588623795954,1.0,14.156735675198632,0.9999908432250002,0.9653408108405397,0.9917297726707505,0.995194962427235,14.156735675198632
0.47900000000000004,0.016301180355606598,1.0,14.15518085948263,0.9999909525260191,0.9649895911935173,0.9917171250157436,0.9950970851008119,14.15518085948263
0.47950000000000004,0.016296474473253657,1.0,14.153610840630465,0.9999910605369473,0.9646383892762206,0.9917044587873858,0.9949982259480795,14.153610840630465
0.48,0.016291768590900715,1.0,14.152025622678094,0.9999911672782482,0.9642872050869188,0.9916917739603245,0.9948983851179848,14.152025622678094
0.4805,0.016287062708547774,1.0,14.150425209686023,0.9999912727703856,0.9639360386238813,0.9916790705091769,0.9947975627594473,14.150425209686023
0.481,0.016282356826194833,1.0,14.148809605738968,0.999991377033823,0.9635848898853778,0.9916663484085299,0.9946957590213598,14.148809605738968
0.4815,0.01627765094384189,1.0,14.147178814946164,0.999991480089024,0.9632337588696777,0.9916536076329405,0.994592974052588,14.147178814946164
0.482,0.01627294506148895,1.0,14.14553284144126,0.9999915819564524,0.9628826455750504,0.9916408481569355,0.9944892080019707,14.14553284144126
0.4825,0.01626823917913601,1.0,14.143871594855193,0.9999916820540677,0.9625315501094241,0.991628069942999,0.9943844610511896,14.143871594855193
0.483,0.016263533296783067,1.0,14.142195114488821,0.9999917807415567,0.9621804724303454,0.9916152729730826,0.9942787333376325,14.142195114488821
0.4835,0.016258827414430126,1.0,14.140503447685319,0.9999918783413686,0.9618294124860488,0.9916024572278214,0.9941720249953592,14.140503447685319
0.484,0.016254121532077184,1.0,14.13879659610542,0.9999919748618229,0.9614783702777899,0.9915896226814137,0.9940643361741798,14.13879659610542
0.4845,0.016249415649724243,1.0,14.137074561435242,0.999992070311239,0.9611273458068241,0.9915767693080271,0.993955667023911,14.137074561435242
0.485,0.016244709767371305,1.0,14.135337345385963,0.9999921646979366,0.9607763390744071,0.9915638970817966,0.9938460176943764,14.135337345385963
0.4855,0.016240003885018364,1.0,14.133584949693143,0.9999922580302351,0.9604253500817941,0.9915510059768259,0.9937353883354058,14.133584949693143
0.486,0.016235298002665422,1.0,14.131817376118086,0.999992350316454,0.9600743788302408,0.9915380959671873,0.9936237790968355,14.131817376118086
0.4865,0.01623059212031248,1.0,14.130034626447054,0.9999924415649126,0.9597234253210026,0.9915251670269212,0.9935111901285086,14.130034626447054
0.487,0.01622588623795954,1.0,14.12823670249128,0.9999925317839308,0.9593724895553352,0.991512219130036,0.9933976215802746,14.12823670249128
0.4875,0.016221180355606598,1.0,14.126423606086965,0.9999926209818278,0.9590215715344939,0.9914992522505088,0.9932830736019895,14.126423606086965
0.488,0.016216474473253657,1.0,14.12459533909585,0.9999927091669233,0.9586706712597342,0.9914862663622847,0.9931675463435161,14.12459533909585
0.4885,0.016211768590900715,1.0,14.12275190340432,0.9999927963475366,0.9583197887323115,0.9914732614392766,0.9930510399547234,14.12275190340432
0.489,0.016207062708547774,1.0,14.12089330092387,0.9999928825319874,0.9579689239534815,0.9914602374553664,0.9929335545854872,14.12089330092387
0.4895,0.016202356826194832,1.0,14.119019533591434,0.9999929677285949,0.9576180769244997,0.9914471943844032,0.9928150903856895,14.119019533591434
0.49,0.01619765094384189,1.0,14.117130603368839,0.999993051945679,0.9572672476466215,0.9914341322002046,0.9926956475052193,14.117130603368839
0.4905,0.01619294506148895,1.0,14.11522651224291,0.9999931351915589,0.9569164361211024,0.9914210508765564,0.9925752260939719,14.11522651224291
0.491,0.01618823917913601,1.0,14.113307262226282,0.9999932174745542,0.9565656423491979,0.9914079503872124,0.9924538263018489,14.113307262226282
0.4915,0.01618353329678307,1.0,14.111372855355372,0.9999932988029844,0.9562148663321636,0.9913948307058942,0.9923314482787587,14.111372855355372
0.492,0.01617882741443013,1.0,14.109423293693073,0.999993379185169,0.9558641080712549,0.9913816918062911,0.9922080921746165,14.109423293693073
0.4925,0.016174121532077188,1.0,14.10745857932676,0.9999934586294275,0.9555133675677272,0.9913685336620609,0.9920837581393435,14.10745857932676
0.493,0.016169415649724246,1.0,14.105478714369173,0.9999935371440793,0.9551626448228361,0.9913553562468294,0.9919584463228674,14.105478714369173
0.4935,0.016164709767371305,1.0,14.103483700957984,0.9999936147374441,0.9548119398378371,0.991342159534189,0.9918321568751229,14.103483700957984
0.494,0.016160003885018363,1.0,14.10147354125636,0.9999936914178412,0.9544612526139857,0.9913289434977018,0.9917048899460511,14.10147354125636
0.4945,0.016155298002665422,1.0,14.099448237452302,0.9999937671935903,0.9541105831525374,0.9913157081108964,0.9915766456855992,14.099448237452302
0.495,0.01615059212031248,1.0,14.097407791759204,0.9999938420730108,0.9537599314547477,0.9913024533472697,0.9914474242437215,14.097407791759204
0.4955,0.01614588623795954,1.0,14.095352206415535,0.9999939160644221,0.953409297521872,0.9912891791802863,0.9913172257703782,14.095352206415535
0.496,0.016141180355606598,1.0,14.093281483685045,0.9999939891761438,0.9530586813551659,0.9912758855833781,0.9911860504155366,14.093281483685045
0.4965,0.016136474473253656,1.0,14.091195625856349,0.9999940614164955,0.9527080829558849,0.9912625725299452,0.9910538983291701,14.091195625856349
0.497,0.016131768590900715,1.0,14.089094635243928,0.9999941327937965,0.9523575023252845,0.9912492399933557,0.9909207696612589,14.089094635243928
0.4975,0.016127062708547774,1.0,14.086978514186788,0.9999942033163663,0.95200693946462,0.9912358879469442,0.9907866645617894,14.086978514186788
0.498,0.016122356826194832,1.0,14.08484726504937,0.9999942729925246,0.9516563943751472,0.9912225163640136,0.9906515831807547,14.08484726504937
0.4985,0.01611765094384189,1.0,14.082700890221444,0.9999943418305909,0.9513058670581214,0.9912091252178347,0.9905155256681546,14.082700890221444
0.499,0.01611294506148895,1.0,14.080539392117878,0.9999944098388844,0.9509553575147981,0.9911957144816456,0.9903784921739949,14.080539392117878
0.4995,0.016108239179136008,1.0,14.078362773178883,0.999994477025725,0.9506048657464329,0.9911822841286511,0.9902404828482884,14.078362773178883
0.5,0.016103533296783067,1.0,14.076171035869677,0.9999945433994317,0.9502543917542813,0.9911688341320248,0.990101497841054,14.076171035869677
0.5005000000000001,0.016098827414430125,1.0,14.073964182681163,0.9999946089683245,0.9499039355395985,0.9911553644649069,0.9899615373023172,14.073964182681163
0.501,0.016094121532077184,1.0,14.071742216128813,0.9999946737407227,0.9495534971036405,0.991141875100405,0.9898206013821104,14.071742216128813
0.5015000000000001,0.016089415649724242,1.0,14.069505138753904,0.9999947377249457,0.9492030764476623,0.9911283660115949,0.9896786902304718,14.069505138753904
0.502,0.016084709767371305,1.0,14.067252953122974,0.9999948009293131,0.9488526735729198,0.9911148371715188,0.9895358039974468,14.067252953122974
0.5025000000000001,0.016080003885018363,1.0,14.06498566182726,0.9999948633621444,0.9485022884806682,0.9911012885531868,0.9893919428330867,14.06498566182726
0.503,0.01607529800266542,1.0,14.062703267483707,0.9999949250317591,0.9481519211721632,0.991087720129576,0.9892471068874497,14.062703267483707
0.5035000000000001,0.01607059212031248,1.0,14.060405772734654,0.9999949859464767,0.9478015716486601,0.9910741318736311,0.9891012963106002,14.060405772734654
0.504,0.01606588623795954,1.0,14.05809318024726,0.9999950461146166,0.9474512399114146,0.991060523758264,0.9889545112526091,14.05809318024726
0.5045000000000001,0.016061180355606598,1.0,14.05576549271442,0.9999951055444986,0.947100925961682,0.9910468957563532,0.9888067518635543,14.05576549271442
0.505,0.016056474473253656,1.0,14.053422712854095,0.9999951642444418,0.946750629800718,0.9910332478407454,0.9886580182935193,14.053422712854095
0.5055000000000001,0.016051768590900715,1.0,14.051064843409653,0.9999952222227659,0.9464003514297779,0.9910195799842535,0.9885083106925947,14.051064843409653
0.506,0.016047062708547773,1.0,14.048691887149316,0.9999952794877904,0.9460500908501174,0.9910058921596582,0.9883576292108777,14.048691887149316
0.5065000000000001,0.016042356826194832,1.0,14.046303846867506,0.9999953360478349,0.9456998480629918,0.990992184339707,0.9882059739984713,14.046303846867506
0.507,0.01603765094384189,1.0,14.043900725383176,0.9999953919112187,0.9453496230696566,0.9909784564971145,0.9880533452054856,14.043900725383176
0.5075000000000001,0.01603294506148895,1.0,14.041482525540825,0.9999954470862613,0.9449994158713675,0.9909647086045621,0.9878997429820369,14.041482525540825
0.508,0.01602823917913601,1.0,14.039049250210494,0.9999955015812824,0.9446492264693799,0.9909509406346989,0.987745167478248,14.039049250210494
0.5085000000000001,0.01602353329678307,1.0,14.036600902287113,0.9999955554046014,0.9442990548649491,0.9909371525601401,0.9875896188442482,14.036600902287113
0.509,0.01601882741443013,1.0,14.03413748469128,0.9999956085645377,0.9439489010593309,0.9909233443534687,0.9874330972301734,14.03413748469128
0.5095000000000001,0.016014121532077187,1.0,14.031659000368938,0.999995661069411,0.9435987650537806,0.9909095159872338,0.9872756027861654,14.031659000368938
0.51,0.016009415649724246,1.0,14.029165452291153,0.9999957129275405,0.9432486468495538,0.9908956674339517,0.9871171356623734,14.029165452291153
0.5105000000000001,0.016004709767371304,1.0,14.026656843454683,0.9999957641472461,0.9428985464479059,0.9908817986661059,0.9869576960089522,14.026656843454683
0.511,0.016000003885018363,1.0,14.024133176881307,0.999995814736847,0.9425484638500925,0.9908679096561465,0.9867972839760635,14.024133176881307
0.5115000000000001,0.01599529800266542,1.0,14.021594455618393,0.9999958647046627,0.942198399057369,0.99085400037649,0.9866358997138753,14.021594455618393
0.512,0.01599059212031248,1.0,14.019040682738687,0.9999959140590129,0.9418483520709909,0.9908400707995203,0.9864735433725623,14.019040682738687
0.5125,0.01598588623795954,1.0,14.016471861339971,0.9999959628082169,0.9414983228922138,0.9908261208975875,0.9863102151023053,14.016471861339971
0.513,0.015981180355606597,1.0,14.013887994545858,0.9999960109605943,0.9411483115222932,0.9908121506430086,0.9861459150532917,14.013887994545858
0.5135,0.015976474473253656,1.0,14.011289085505243,0.9999960585244647,0.9407983179624844,0.9907981600080675,0.9859806433757156,14.011289085505243
0.514,0.015971768590900715,1.0,14.0086751373923,0.9999961055081474,0.9404483422140429,0.9907841489650143,0.9858144002197771,14.0086751373923
0.5145,0.015967062708547773,1.0,14.00604615340638,0.9999961519199619,0.9400983842782246,0.9907701174860665,0.985647185735683,14.00604615340638
0.515,0.015962356826194832,1.0,14.003402136772696,0.9999961977682279,0.9397484441562846,0.990756065543407,0.9854790000736465,14.003402136772696
0.5155,0.01595765094384189,1.0,14.00074309074186,0.9999962430612648,0.9393985218494784,0.9907419931091863,0.9853098433838874,14.00074309074186
0.516,0.01595294506148895,1.0,13.998069018589359,0.999996287807392,0.9390486173590616,0.9907279001555208,0.9851397158166316,13.998069018589359
0.5165,0.01594823917913601,1.0,13.995379923616872,0.9999963320149291,0.9386987306862898,0.9907137866544938,0.984968617522112,13.995379923616872
0.517,0.015943533296783066,1.0,13.992675809150517,0.9999963756921957,0.9383488618324184,0.9906996525781546,0.9847965486505671,13.992675809150517
0.5175,0.01593882741443013,1.0,13.989956678543178,0.999996418847511,0.9379990107987028,0.9906854978985196,0.9846235093522425,13.989956678543178
0.518,0.015934121532077187,1.0,13.98722253517185,0.9999964614891947,0.9376491775863987,0.990671322587571,0.9844494997773902,13.98722253517185
0.5185,0.015929415649724245,1.0,13.984473382439637,0.9999965036255665,0.9372993621967615,0.9906571266172574,0.9842745200762684,13.984473382439637
0.519,0.015924709767371304,1.0,13.981709223775324,0.9999965452649455,0.9369495646310465,0.9906429099594943,0.9840985703991417,13.981709223775324
0.5195,0.015920003885018363,1.0,13.978930062632603,0.9999965864156514,0.9365997848905095,0.9906286725861628,0.9839216508962814,13.978930062632603
0.52,0.01591529800266542,1.0,13.976135902490954,0.9999966270860037,0.9362500229764059,0.9906144144691109,0.983743761717965,13.976135902490954
0.5205,0.01591059212031248,1.0,13.973326746855344,0.9999966672843219,0.935900278889991,0.9906001355801524,0.9835649030144763,13.973326746855344
0.521,0.01590588623795954,1.0,13.970502599255983,0.9999967070189254,0.9355505526325206,0.9905858358910674,0.983385074936106,13.970502599255983
0.5215,0.015901180355606597,1.0,13.96766346324879,0.9999967462981338,0.9352008442052501,0.9905715153736027,0.9832042776331509,13.96766346324879
0.522,0.015896474473253656,1.0,13.964809342415066,0.9999967851302667,0.9348511536094348,0.9905571739994704,0.9830225112559142,13.964809342415066
0.5225,0.015891768590900718,1.0,13.961940240361821,0.9999968235236434,0.9345014808463306,0.9905428117403493,0.9828397759547056,13.961940240361821
0.523,0.015887062708547773,1.0,13.95905616072091,0.9999968614865835,0.9341518259171925,0.9905284285678844,0.982656071879841,13.95905616072091
0.5235,0.015882356826194835,1.0,13.956157063191329,0.9999968989263602,0.9338021888746145,0.9905140244527646,0.9824713992088312,13.956157063191329
0.524,0.015877650943841894,1.0,13.953242944449311,0.9999969358443825,0.9334525697280515,0.9904995993666933,0.9822857580968006,13.953242944449311
0.5245,0.015872945061488952,1.0,13.9503138492061,0.999996972345639,0.9331029684308834,0.9904851532821454,0.9820991486689624,13.9503138492061
0.525,0.01586823917913601,1.0,13.947369779422162,0.9999970084335597,0.9327533849864419,0.9904706861705687,0.9819115710768732,13.947369779422162
0.5255,0.01586353329678307,1.0,13.94441073708384,0.999997044111574,0.9324038193980593,0.9904561980033765,0.9817230254721192,13.94441073708384
0.526,0.015858827414430128,1.0,13.94143672420403,0.999997079383112,0.9320542716690674,0.9904416887519477,0.9815335120063164,13.94143672420403
0.5265,0.015854121532077187,1.0,13.938447742821866,0.9999971142516034,0.9317047418027984,0.9904271583876272,0.9813430308311103,13.938447742821866
0.527,0.015849415649724245,1.0,13.93544379500307,0.999997148720478,0.9313552298025841,0.9904126068817245,0.9811515820981759,13.93544379500307
0.5275,0.015844709767371304,1.0,13.93242488283952,0.9999971827931655,0.9310057356717567,0.9903980342055153,0.980959165959218,13.93242488283952
0.528,0.015840003885018362,1.0,13.929391008449606,0.9999972164730957,0.9306562594136479,0.9903834403302404,0.9807657825659708,13.929391008449606
0.5285,0.01583529800266542,1.0,13.926342173977899,0.9999972497636984,0.9303068010315901,0.9903688252271058,0.9805714320701986,13.926342173977899
0.529,0.01583059212031248,1.0,13.923278381595734,0.9999972826684035,0.9299573605289151,0.9903541888672833,0.9803761146236945,13.923278381595734
0.5295,0.01582588623795954,1.0,13.920199633500667,0.9999973151906405,0.929607937908955,0.9903395312219099,0.9801798303782818,13.920199633500667
0.53,0.015821180355606597,1.0,13.917105931916938,0.9999973473338394,0.9292585331750416,0.9903248522620876,0.9799825794858132,13.917105931916938
0.5305,0.015816474473253656,1.0,13.913997279095028,0.9999973791014298,0.928909146330507,0.9903101519588839,0.979784362098171,13.913997279095028
0.531,0.015811768590900714,1.0,13.910873677311919,0.9999974104968417,0.9285597773786833,0.9902954302833319,0.9795851783672669,13.910873677311919
0.5315,0.015807062708547773,1.0,13.907735128871202,0.9999974415235047,0.9282104263229024,0.990280687206429,0.9793850284450423,13.907735128871202
0.532,0.01580235682619483,1.0,13.904581636102993,0.9999974721848487,0.9278610931664963,0.9902659226991385,0.9791839124834684,13.904581636102993
0.5325,0.015797650943841893,1.0,13.901413201363942,0.9999975024843033,0.9275117779127973,0.9902511367323887,0.9789818306345455,13.901413201363942
0.533,0.01579294506148895,1.0,13.89822982703692,0.9999975324252984,0.9271624805651368,0.9902363292770731,0.9787787830503037,13.89822982703692
0.5335,0.01578823917913601,1.0,13.895031515532137,0.9999975620112639,0.9268132011268474,0.9902215003040499,0.9785747698828028,13.895031515532137
0.534,0.01578353329678307,1.0,13.89181826928551,0.9999975912456294,0.9264639396012607,0.9902066497841424,0.9783697912841319,13.89181826928551
0.5345,0.015778827414430128,1.0,13.888590090760099,0.9999976201318246,0.9261146959917089,0.9901917776881397,0.9781638474064096,13.888590090760099
0.535,0.015774121532077186,1.0,13.885346982445363,0.9999976486732794,0.925765470301524,0.9901768839867945,0.9779569384017843,13.885346982445363
0.5355,0.015769415649724245,1.0,13.882088946857499,0.9999976768734238,0.9254162625340381,0.9901619686508258,0.9777490644224339,13.882088946857499
0.536,0.015764709767371304,1.0,13.878815986539468,0.9999977047356872,0.9250670726925828,0.9901470316509168,0.9775402256205653,13.878815986539468
0.5365,0.015760003885018362,1.0,13.875528104060551,0.9999977322634995,0.9247179007804905,0.9901320729577153,0.9773304221484157,13.875528104060551
0.537,0.01575529800266542,1.0,13.872225302016934,0.9999977594602905,0.9243687468010932,0.9901170925418351,0.9771196541582514,13.872225302016934
0.5375,0.01575059212031248,1.0,13.868907583031497,0.99999778632949,0.9240196107577227,0.9901020903738537,0.9769079218023681,13.868907583031497
0.538,0.015745886237959538,1.0,13.86557494975371,0.9999978128745278,0.923670492653711,0.9900870664243139,0.9766952252330913,13.86557494975371
0.5385,0.015741180355606597,1.0,13.862227404859894,0.9999978390988337,0.9233213924923903,0.9900720206637231,0.9764815646027758,13.862227404859894
0.539,0.015736474473253655,1.0,13.858864951053095,0.9999978650058372,0.9229723102770925,0.9900569530625536,0.976266940063806,13.858864951053095
0.5395,0.015731768590900717,1.0,13.855487591063232,0.9999978905989685,0.9226232460111495,0.9900418635912424,0.9760513517685957,13.855487591063232
0.54,0.015727062708547776,1.0,13.852095327646557,0.9999979158816571,0.9222741996978935,0.9900267522201907,0.9758347998695882,13.852095327646557
0.5405,0.015722356826194835,1.0,13.848688163586324,0.9999979408573328,0.9219251713406564,0.9900116189197652,0.9756172845192566,13.848688163586324
0.541,0.015717650943841893,1.0,13.845266101692923,0.9999979655294254,0.9215761609427703,0.9899964636602964,0.975398805870103,13.845266101692923
0.5415,0.015712945061488952,1.0,13.841829144803238,0.9999979899013648,0.921227168507567,0.9899812864120795,0.975179364074659,13.841829144803238
0.542,0.01570823917913601,1.0,13.838377295780983,0.9999980139765806,0.9208781940383787,0.9899660871453747,0.9749589592854861,13.838377295780983
0.5425,0.01570353329678307,1.0,13.834910557516942,0.9999980377585027,0.9205292375385373,0.9899508658304067,0.9747375916551752,13.834910557516942
0.543,0.015698827414430128,1.0,13.831428932928546,0.9999980612505608,0.9201802990113748,0.989935622437364,0.9745152613363458,13.831428932928546
0.5435,0.015694121532077186,1.0,13.827932424960105,0.9999980844561848,0.9198313784602232,0.9899203569364001,0.9742919684816481,13.827932424960105
0.544,0.015689415649724245,1.0,13.824421036583052,0.9999981073788042,0.9194824758884146,0.9899050692976327,0.9740677132437611,13.824421036583052
0.5445,0.015684709767371303,1.0,13.820894770795292,0.9999981300218491,0.919133591299281,0.9898897594911442,0.9738424957753931,13.820894770795292
0.545,0.015680003885018362,1.0,13.817353630622316,0.9999981523887491,0.9187847246961542,0.989874427486981,0.9736163162292821,13.817353630622316
0.5455,0.01567529800266542,1.0,13.813797619115903,0.999998174482934,0.9184358760823665,0.9898590732551539,0.9733891747581958,13.813797619115903
0.546,0.01567059212031248,1.0,13.810226739355231,0.9999981963078337,0.9180870454612498,0.9898436967656381,0.9731610715149306,13.810226739355231
0.5465,0.015665886237959538,1.0,13.806640994446235,0.9999982178668778,0.917738232836136,0.9898282979883727,0.9729320066523129,13.806640994446235
0.547,0.015661180355606596,1.0,13.803040387522062,0.9999982391634961,0.9173894382103571,0.9898128768932618,0.9727019803231984,13.803040387522062
0.5475,0.015656474473253655,1.0,13.799424921742537,0.9999982602011185,0.9170406615872452,0.9897974334501731,0.9724709926804721,13.799424921742537
0.548,0.015651768590900714,1.0,13.795794600294837,0.9999982809831747,0.9166919029701323,0.9897819676289382,0.9722390438770485,13.795794600294837
0.5485,0.015647062708547772,1.0,13.792149426392848,0.9999983015130943,0.9163431623623504,0.9897664793993537,0.9720061340658717,13.792149426392848
0.549,0.01564235682619483,1.0,13.788489403277845,0.9999983217943075,0.9159944397672314,0.9897509687311794,0.9717722633999147,13.788489403277845
0.5495,0.015637650943841893,1.0,13.784814534218173,0.9999983418302437,0.9156457351881074,0.9897354355941399,0.9715374320321805,13.784814534218173
0.55,0.01563294506148895,1.0,13.781124822508596,0.9999983616243329,0.9152970486283105,0.9897198799579232,0.9713016401157009,13.781124822508596
0.5505,0.01562823917913601,1.0,13.777420271471986,0.9999983811800046,0.9149483800911725,0.9897043017921822,0.9710648878035374,13.777420271471986
0.551,0.015623533296783069,1.0,13.773700884457655,0.9999984005006889,0.9145997295800256,0.9896887010665325,0.9708271752487809,13.773700884457655
0.5515,0.015618827414430127,1.0,13.76996666484217,0.9999984195898154,0.9142510970982016,0.9896730777505549,0.9705885026045518,13.76996666484217
0.552,0.015614121532077186,1.0,13.766217616029467,0.999998438450814,0.9139024826490326,0.9896574318137931,0.9703488700239995,13.766217616029467
0.5525,0.015609415649724245,1.0,13.762453741450313,0.9999984570871143,0.9135538862358508,0.9896417632257556,0.970108277660303,13.762453741450313
0.553,0.015604709767371303,1.0,13.758675044563104,0.9999984755021463,0.9132053078619878,0.9896260719559139,0.9698667256666708,13.758675044563104
0.5535,0.015600003885018362,1.0,13.754881528852875,0.9999984936993395,0.912856747530776,0.9896103579737039,0.9696242141963403,13.754881528852875
0.554,0.01559529800266542,1.0,13.751073197832538,0.9999985116821238,0.912508205245547,0.989594621248525,0.9693807434025786,13.751073197832538
0.5545,0.015590592120312479,1.0,13.74725005504146,0.9999985294539292,0.9121596810096332,0.9895788617497407,0.9691363134386825,13.74725005504146
0.555,0.015585886237959538,1.0,13.743412104046921,0.9999985470181851,0.9118111748263664,0.9895630794466777,0.9688909244579772,13.743412104046921
0.5555,0.015581180355606598,1.0,13.73955934844312,0.9999985643783216,0.9114626866990787,0.9895472743086268,0.968644576613818,13.73955934844312
0.556,0.015576474473253655,1.0,13.73569179185154,0.9999985815377682,0.9111142166311019,0.9895314463048419,0.9683972700595893,13.73569179185154
0.5565,0.015571768590900715,1.0,13.731809437921173,0.9999985984999549,0.9107657646257683,0.9895155954045416,0.9681490049487048,13.731809437921173
0.557,0.015567062708547774,1.0,13.727911667547138,0.9999986146052727,0.9104173314197461,0.989499721588296,0.9678997819601616,13.727911667547138
0.5575,0.015562356826194834,1.0,13.723999141514653,0.9999986305439665,0.9100689162428446,0.9894838248128525,0.967649600697054,13.723999141514653
0.558,0.015557650943841891,1.0,13.72007187238234,0.9999986463292561,0.9097205190879812,0.9894679050471649,0.9673984613050257,13.72007187238234
0.5585,0.015552945061488951,1.0,13.716129861029312,0.9999986619620124,0.9093721399618598,0.9894519622603691,0.9671463639396292,13.716129861029312
0.559,0.01554823917913601,1.0,13.712173108362235,0.9999986774431064,0.9090237788711844,0.9894359964215653,0.9668933087564834,13.712173108362235
0.5595,0.015543533296783069,1.0,13.708201615317343,0.9999986927734092,0.9086754358226586,0.9894200074998163,0.9666392959112746,13.708201615317343
0.56,0.015538827414430127,1.0,13.704215382859818,0.9999987079537918,0.9083271108229864,0.98940399546415,0.966384325559756,13.704215382859818
0.5605,0.015534121532077186,1.0,13.700214411983593,0.9999987229851249,0.9079788038788718,0.9893879602835571,0.9661283978577474,13.700214411983593
0.561,0.015529415649724244,1.0,13.696198703711827,0.9999987378682796,0.9076305149970183,0.9893719019269929,0.9658715129611357,13.696198703711827
0.5615,0.015524709767371303,1.0,13.6921682590965,0.999998752604127,0.9072822441841302,0.9893558203633752,0.9656136710258749,13.6921682590965
0.562,0.015520003885018362,1.0,13.688123079218984,0.9999987671935379,0.9069339914469109,0.9893397155615871,0.9653548722079854,13.688123079218984
0.5625,0.01551529800266542,1.0,13.6840631651891,0.9999987816373832,0.9065857567920648,0.989323587490474,0.9650951166635549,13.6840631651891
0.5630000000000001,0.015510592120312479,1.0,13.679988518146786,0.999998795936534,0.9062375402262952,0.9893074361188458,0.9648344045487376,13.679988518146786
0.5635,0.01550588623795954,1.0,13.675899139260377,0.9999988100918613,0.9058893417563063,0.9892912614154751,0.9645727360197548,13.675899139260377
0.5640000000000001,0.015501180355606596,1.0,13.671795029727521,0.9999988241042359,0.9055411613888019,0.9892750633490993,0.9643101112328946,13.671795029727521
0.5645,0.015496474473253656,1.0,13.667676190775303,0.9999988379745289,0.9051929991304859,0.9892588418884181,0.9640465303445118,13.667676190775303
0.5650000000000001,0.015491768590900715,1.0,13.663542623659966,0.9999988517036112,0.904844854988062,0.9892425970020957,0.9637819935110282,13.663542623659966
0.5655,0.015487062708547775,1.0,13.659394329667267,0.9999988652923538,0.9044967289682342,0.989226328658759,0.9635165008889324,13.659394329667267
0.5660000000000001,0.015482356826194832,1.0,13.655231310111398,0.9999988787416277,0.9041486210777063,0.9892100368269988,0.9632500526347795,13.655231310111398
0.5665,0.015477650943841893,1.0,13.65105356633735,0.9999988920523037,0.9038005313231823,0.9891937214753692,0.9629826489051918,13.65105356633735
0.5670000000000001,0.015472945061488951,1.0,13.646861099718395,0.999998905225253,0.9034524597113658,0.9891773825723877,0.9627142898568583,13.646861099718395
0.5675,0.01546823917913601,1.0,13.642653911657554,0.9999989182613463,0.9031044062489608,0.9891610200865353,0.9624449756465343,13.642653911657554
0.5680000000000001,0.015463533296783068,1.0,13.63843200358719,0.9999989311614549,0.9027563709426712,0.989144633986256,0.9621747064310426,13.63843200358719
0.5685,0.015458827414430127,1.0,13.634195376969487,0.9999989439264495,0.9024083537992009,0.9891282242399573,0.9619034823672722,13.634195376969487
0.5690000000000001,0.015454121532077186,1.0,13.629944033295917,0.9999989565572011,0.9020603548252536,0.9891117908160101,0.9616313036121791,13.629944033295917
0.5695,0.015449415649724244,1.0,13.625677974087283,0.9999989690545806,0.9017123740275333,0.9890953336827483,0.961358170322786,13.625677974087283
0.5700000000000001,0.015444709767371303,1.0,13.62139720089441,0.9999989814194592,0.9013644114127438,0.9890788528084687,0.9610840826561822,13.62139720089441
0.5705,0.015440003885018361,1.0,13.617101715297514,0.9999989936527077,0.901016466987589,0.9890623481614325,0.9608090407695238,13.617101715297514
0.5710000000000001,0.01543529800266542,1.0,13.61279151890634,0.9999990057551972,0.9006685407587727,0.9890458197098626,0.9605330448200335,13.61279151890634
0.5715,0.01543059212031248,1.0,13.608466613360537,0.9999990177277984,0.9003206327329988,0.9890292674219456,0.9602560949650012,13.608466613360537
0.5720000000000001,0.015425886237959537,1.0,13.604127000329239,0.9999990295713824,0.899972742916971,0.9890126912658318,0.9599781913617825,13.604127000329239
0.5725,0.015421180355606598,1.0,13.599772681511647,0.9999990412868203,0.8996248713173935,0.9889960912096336,0.9596993341678007,13.599772681511647
0.5730000000000001,0.015416474473253656,1.0,13.5954036586363,0.9999990528749829,0.8992770179409699,0.9889794672214268,0.9594195235405453,13.5954036586363
0.5735,0.015411768590900717,1.0,13.591019933461867,0.9999990643367412,0.8989291827944043,0.9889628192692504,0.9591387596375722,13.591019933461867
0.5740000000000001,0.015407062708547773,1.0,13.586621507776636,0.9999990756729662,0.8985813658844001,0.9889461473211061,0.9588570426165043,13.586621507776636
0.5745,0.015402356826194834,1.0,13.58220838339898,0.9999990868845288,0.8982335672176617,0.9889294513449587,0.9585743726350313,13.58220838339898
0.5750000000000001,0.015397650943841892,1.0,13.577780562177177,0.9999990979723,0.8978857868008925,0.9889127313087356,0.9582907498509089,13.577780562177177
0.5755,0.015392945061488951,1.0,13.573338045989106,0.9999991089371508,0.8975380246407967,0.9888959871803278,0.95800617442196,13.573338045989106
0.5760000000000001,0.01538823917913601,1.0,13.568880836742942,0.9999991197799522,0.897190280744078,0.9888792189275882,0.957720646506074,13.568880836742942
0.5765,0.015383533296783068,1.0,13.564408936376633,0.999999130501575,0.8968425551174404,0.9888624265183332,0.9574341662612067,13.564408936376633
0.577,0.015378827414430127,1.0,13.559922346858496,0.9999991411028902,0.8964948477675876,0.9888456099203419,0.9571467338453805,13.559922346858496
0.5775,0.015374121532077185,1.0,13.555421070186675,0.999999151584769,0.8961471587012234,0.9888287691013559,0.9568583494166845,13.555421070186675
0.578,0.015369415649724244,1.0,13.5509051083892,0.9999991619480821,0.8957994879250519,0.9888119040290797,0.9565690131332744,13.5509051083892
0.5785,0.015364709767371303,1.0,13.546374463524662,0.9999991721937006,0.8954518354457768,0.9887950146711804,0.9562787251533722,13.546374463524662
0.579,0.015360003885018363,1.0,13.541829137681702,0.9999991823224953,0.8951042012701019,0.988778100995288,0.9559874856352668,13.541829137681702
0.5795,0.015355298002665422,1.0,13.537269132978595,0.9999991923353374,0.8947565854047312,0.9887611629689951,0.9556952947373135,13.537269132978595
0.58,0.01535059212031248,1.0,13.532694451564621,0.9999992022330977,0.8944089878563687,0.9887442005598563,0.955402152617934,13.532694451564621
0.5805,0.015345886237959539,1.0,13.528105095618862,0.9999992120166472,0.8940614086317179,0.9887272137353901,0.9551080594356166,13.528105095618862
0.581,0.015341180355606599,1.0,13.52350106735102,0.999999221686857,0.8937138477374829,0.9887102024630763,0.954813015348916,13.52350106735102
0.5815,0.015336474473253658,1.0,13.518882369000686,0.9999992312445978,0.8933663051803674,0.9886931667103575,0.9545170205164538,13.518882369000686
0.582,0.015331768590900716,1.0,13.5142490028379,0.9999992406907406,0.8930187809670755,0.9886761064446392,0.9542200750969178,13.5142490028379
0.5825,0.015327062708547775,1.0,13.509600971163533,0.9999992500261566,0.8926712751043109,0.9886590216332889,0.953922179249062,13.509600971163533
0.583,0.015322356826194834,1.0,13.50493827630832,0.9999992592517167,0.8923237875987774,0.9886419122436372,0.9536233331317072,13.50493827630832
0.5835,0.015317650943841892,1.0,13.500260920633883,0.9999992683682918,0.891976318457179,0.9886247782429763,0.9533235369037407,13.500260920633883
0.584,0.01531294506148895,1.0,13.495568906531782,0.9999992773767528,0.8916288676862195,0.9886076195985612,0.9530227907241163,13.495568906531782
0.5845,0.01530823917913601,1.0,13.490862236424741,0.9999992862779706,0.8912814352926027,0.9885904362776093,0.9527210947518538,13.490862236424741
0.585,0.015303533296783068,1.0,13.486140912765483,0.9999992950728165,0.8909340212830327,0.9885732282473001,0.9524184491460401,13.486140912765483
0.5855,0.015298827414430127,1.0,13.481404938037754,0.9999993037621611,0.890586625664213,0.9885559954747756,0.9521148540658277,13.481404938037754
0.586,0.015294121532077185,1.0,13.47665431475546,0.9999993123468756,0.8902392484428477,0.98853873792714,0.9518103096704364,13.47665431475546
0.5865,0.015289415649724244,1.0,13.471889045463602,0.9999993208278308,0.8898918896256406,0.9885214555714592,0.9515048161191515,13.471889045463602
0.587,0.015284709767371304,1.0,13.467109132737514,0.9999993292058978,0.8895445492192956,0.9885041483747622,0.9511983735713255,13.467109132737514
0.5875,0.015280003885018363,1.0,13.462314579183468,0.9999993374819476,0.8891972272305164,0.9884868163040399,0.9508909821863768,13.462314579183468
0.588,0.015275298002665421,1.0,13.457505387438031,0.9999993456568509,0.8888499236660071,0.988469459326245,0.9505826421237902,13.457505387438031
0.5885,0.01527059212031248,1.0,13.4526815601692,0.999999353731479,0.8885026385324715,0.9884520774082921,0.9502733535431171,13.4526815601692
0.589,0.01526588623795954,1.0,13.44784310007556,0.9999993617067026,0.8881553718366133,0.9884346705170588,0.949963116603975,13.44784310007556
0.5895,0.015261180355606597,1.0,13.442990009885982,0.9999993695833927,0.8878081235851365,0.9884172386193839,0.949651931466048,13.442990009885982
0.59,0.015256474473253658,1.0,13.438122292360982,0.9999993773624204,0.887460893784745,0.9883997816820688,0.9493397982890862,13.438122292360982
0.5905,0.015251768590900716,1.0,13.433239950291641,0.9999993850446566,0.8871136824421425,0.9883822996718763,0.9490267172329062,13.433239950291641
0.591,0.015247062708547775,1.0,13.42834298649987,0.9999993926309723,0.886766489564033,0.9883647925555318,0.9487126884573911,13.42834298649987
0.5915,0.015242356826194833,1.0,13.42343140383876,0.9999994001222384,0.8864193151571202,0.9883472602997221,0.9483977121224897,13.42343140383876
0.592,0.015237650943841892,1.0,13.418505205192082,0.9999994075193258,0.8860721592281082,0.9883297028710961,0.9480817883882179,13.418505205192082
0.5925,0.01523294506148895,1.0,13.413564393475182,0.9999994148231056,0.8857250217837007,0.9883121202362647,0.9477649174146573,13.413564393475182
0.593,0.01522823917913601,1.0,13.408608971633923,0.9999994220344488,0.8853779028306017,0.9882945123618007,0.947447099361956,13.408608971633923
0.5935,0.015223533296783068,1.0,13.403638942645596,0.9999994291542262,0.8850308023755148,0.9882768792142381,0.9471283343903283,13.403638942645596
0.594,0.015218827414430126,1.0,13.398654309518404,0.9999994361833089,0.8846837204251441,0.9882592207600737,0.9468086226600547,13.398654309518404
0.5945,0.015214121532077185,1.0,13.393655075292143,0.9999994431225677,0.8843366569861932,0.9882415369657652,0.9464879643314819,13.393655075292143
0.595,0.015209415649724245,1.0,13.388641243037158,0.9999994499728737,0.8839896120653663,0.9882238277977322,0.9461663595650232,13.388641243037158
0.5955,0.015204709767371302,1.0,13.383612815855237,0.9999994567350979,0.883642585669367,0.9882060932223562,0.9458438085211577,13.383612815855237
0.596,0.015200003885018363,1.0,13.378569796879967,0.9999994634101111,0.8832955778048994,0.9881883332059803,0.9455203113604309,13.378569796879967
0.5965,0.015195298002665421,1.0,13.373512189275585,0.9999994699987845,0.8829485884786671,0.9881705477149095,0.9451958682434543,13.373512189275585
0.597,0.015190592120312481,1.0,13.368439996237866,0.9999994765019888,0.8826016176973741,0.9881527367154096,0.944870479330906,13.368439996237866
0.5975,0.015185886237959538,1.0,13.363353220993723,0.9999994829205953,0.8822546654677242,0.9881349001737091,0.9445441447835299,13.363353220993723
0.598,0.015181180355606599,1.0,13.358251866802227,0.9999994892554745,0.8819077317964213,0.9881170380559969,0.9442168647621362,13.358251866802227
0.5985,0.015176474473253657,1.0,13.353135936952889,0.9999994955074978,0.8815608166901693,0.9880991503284243,0.9438886394276013,13.353135936952889
0.599,0.015171768590900716,1.0,13.348005434767117,0.9999995016775359,0.8812139201556721,0.9880812369571036,0.9435594689408678,13.348005434767117
0.5995,0.015167062708547775,1.0,13.342860363598238,0.9999995077664598,0.8808670421996333,0.9880632979081088,0.9432293534629442,13.342860363598238
0.6,0.015162356826194833,1.0,13.337700726830121,0.9999995137751406,0.8805201828287571,0.9880453331474753,0.9428982931549055,13.337700726830121
0.6005,0.015157650943841892,1.0,13.332526527879066,0.9999995197044491,0.8801733420497471,0.9880273426412001,0.9425662881778923,13.332526527879066
0.601,0.01515294506148895,1.0,13.32733777019252,0.9999995255552565,0.8798265198693073,0.9880093263552406,0.942233338693112,13.32733777019252
0.6015,0.015148239179136009,1.0,13.322134457249879,0.9999995313284334,0.8794797162941415,0.9879912842555173,0.9418994448618375,13.322134457249879
0.602,0.015143533296783068,1.0,13.316916592561642,0.9999995370248511,0.8791329313309536,0.9879732163079101,0.9415646068454081,13.316916592561642
0.6025,0.015138827414430126,1.0,13.31168417967044,0.9999995426453804,0.8787861649864475,0.9879551224782618,0.9412288248052291,13.31168417967044
0.603,0.015134121532077187,1.0,13.306437222150826,0.9999995481908923,0.8784394172673269,0.9879370027323752,0.9408920989027717,13.306437222150826
0.6035,0.015129415649724243,1.0,13.301175723608354,0.9999995536622578,0.8780926881802957,0.9879188570360152,0.9405544292995736,13.301175723608354
0.604,0.015124709767371304,1.0,13.295899687681118,0.9999995590603478,0.877745977732058,0.9879006853549074,0.9402158161572381,13.295899687681118
0.6045,0.015120003885018362,1.0,13.290609118038486,0.9999995643860332,0.8773992859293174,0.987882487654739,0.9398762596374349,13.290609118038486
0.605,0.015115298002665423,1.0,13.285304018382,0.9999995696401851,0.8770526127787779,0.9878642639011579,0.9395357599018995,13.285304018382
0.6055,0.01511059212031248,1.0,13.27998439244487,0.9999995748236745,0.8767059582871432,0.9878460140597732,0.9391943171124333,13.27998439244487
0.606,0.01510588623795954,1.0,13.274650243992543,0.9999995799373722,0.8763593224611174,0.9878277380961555,0.9388519314309042,13.274650243992543
0.6065,0.015101180355606598,1.0,13.269301576822095,0.9999995849821492,0.876012705307404,0.9878094359758358,0.9385086030192454,13.269301576822095
0.607,0.015096474473253657,1.0,13.263938394762574,0.9999995899588767,0.8756661068327073,0.9877911076643068,0.9381643320394569,13.263938394762574
0.6075,0.015091768590900716,1.0,13.258560701675375,0.9999995948684254,0.8753195270437308,0.9877727531270216,0.9378191186536041,13.258560701675375
0.608,0.015087062708547774,1.0,13.253168501453501,0.9999995997116663,0.8749729659471787,0.9877543723293946,0.9374729630238186,13.253168501453501
0.6085,0.015082356826194833,1.0,13.247761798022474,0.9999996044894703,0.8746264235497545,0.9877359652368012,0.9371258653122978,13.247761798022474
0.609,0.015077650943841892,1.0,13.242340595339599,0.9999996092027086,0.8742798998581623,0.9877175318145773,0.9367778256813053,13.242340595339599
0.6095,0.01507294506148895,1.0,13.23690489739443,0.999999613852252,0.8739333948791059,0.9876990720280203,0.9364288442931703,13.23690489739443
0.61,0.015068239179136009,1.0,13.231454708208819,0.9999996184389716,0.8735869086192891,0.9876805858423878,0.9360789213102881,13.231454708208819
0.6105,0.015063533296783067,1.0,13.225990031836607,0.9999996229637381,0.8732404410854159,0.987662073222899,0.9357280568951203,13.225990031836607
0.611,0.015058827414430128,1.0,13.220510872364091,0.9999996274274227,0.87289399228419,0.9876435341347327,0.9353762512101937,13.220510872364091
0.6115,0.015054121532077185,1.0,13.215017233909533,0.9999996318308962,0.8725475622223153,0.9876249685430298,0.9350235044181017,13.215017233909533
0.612,0.015049415649724245,1.0,13.209509120624034,0.9999996361750297,0.8722011509064957,0.9876063764128912,0.934669816681503,13.209509120624034
0.6125,0.015044709767371304,1.0,13.203986536690504,0.9999996404606942,0.8718547583434351,0.9875877577093787,0.9343151881631223,13.203986536690504
0.613,0.015040003885018364,1.0,13.198449486324554,0.9999996446887606,0.8715083845398374,0.9875691123975143,0.9339596190257508,13.198449486324554
0.6135,0.01503529800266542,1.0,13.192897973773983,0.9999996488600997,0.8711620295024062,0.9875504404422817,0.9336031094322446,13.192897973773983
0.614,0.015030592120312481,1.0,13.187332003319256,0.9999996529755827,0.8708156932378456,0.9875317418086241,0.9332456595455263,13.187332003319256
0.6145,0.01502588623795954,1.0,13.181751579273199,0.9999996570360804,0.8704693757528593,0.9875130164614461,0.9328872695285843,13.181751579273199
0.615,0.015021180355606598,1.0,13.176156705981041,0.9999996610424638,0.8701230770541515,0.9874942643656122,0.9325279395444726,13.176156705981041
0.6155,0.015016474473253657,1.0,13.170547387820772,0.9999996649956041,0.8697767971484256,0.9874754854859481,0.9321676697563108,13.170547387820772
0.616,0.015011768590900715,1.0,13.16492362920284,0.9999996688963719,0.8694305360423857,0.9874566797872394,0.9318064603272851,13.16492362920284
0.6165,0.015007062708547774,1.0,13.159285434570421,0.9999996727456384,0.8690842937427357,0.9874378472342328,0.9314443114206468,13.159285434570421
0.617,0.015002356826194833,1.0,13.153632808398887,0.9999996765442745,0.8687380702561794,0.987418987791635,0.9310812231997132,13.153632808398887
0.6175,0.014997650943841891,1.0,13.147965755197053,0.9999996802931511,0.8683918655894206,0.987400101424113,0.9307171958278675,13.147965755197053
0.618,0.01499294506148895,1.0,13.142284279505565,0.9999996839931392,0.8680456797491634,0.9873811880962948,0.9303522294685586,13.142284279505565
0.6185,0.014988239179136009,1.0,13.13658838589868,0.9999996876451099,0.8676995127421112,0.9873622477727684,0.9299863242853008,13.13658838589868
0.619,0.014983533296783069,1.0,13.130878078982782,0.999999691249934,0.8673533645749683,0.9873432804180814,0.9296194804416749,13.130878078982782
0.6195,0.014978827414430126,1.0,13.125153363397166,0.9999996948084825,0.8670072352544383,0.9873242859967434,0.9292516981013268,13.125153363397166
0.62,0.014974121532077186,1.0,13.119414243814289,0.9999996983216264,0.8666611247872253,0.9873052644732229,0.9288829774279684,13.119414243814289
0.6205,0.014969415649724245,1.0,13.11366072493927,0.9999997017902367,0.8663150331800329,0.9872862158119489,0.9285133185853771,13.11366072493927
0.621,0.014964709767371305,1.0,13.107892811510135,0.9999997052151841,0.8659689604395652,0.987267139977311,0.9281427217373966,13.107892811510135
0.6215,0.014960003885018362,1.0,13.10211050829752,0.99999970859734,0.8656229065725258,0.9872480369336586,0.9277711870479355,13.10211050829752
0.622,0.014955298002665422,1.0,13.096313820105792,0.999999711937575,0.8652768715856188,0.9872289066453017,0.9273987146809687,13.096313820105792
0.6225,0.01495059212031248,1.0,13.090502751771675,0.9999997152367602,0.8649308554855479,0.9872097490765099,0.9270253048005362,13.090502751771675
0.623,0.01494588623795954,1.0,13.084677308165153,0.9999997184957666,0.8645848582790172,0.9871905641915134,0.9266509575707446,13.084677308165153
0.6235,0.014941180355606598,1.0,13.078837494189495,0.9999997217154651,0.8642388799727302,0.9871713519545022,0.926275673155765,13.078837494189495
0.624,0.014936474473253657,1.0,13.072983314780535,0.9999997248967268,0.8638929205733911,0.9871521123296264,0.9258994517198351,13.072983314780535
0.6245,0.014931768590900715,1.0,13.067114774907894,0.9999997280404225,0.8635469800877034,0.9871328452809961,0.9255222934272576,13.067114774907894
0.625,0.014927062708547774,1.0,13.061231879573825,0.9999997311474232,0.8632010585223713,0.9871135507726815,0.9251441984424013,13.061231879573825
0.6255000000000001,0.014922356826194833,1.0,13.055334633814223,0.9999997342185999,0.8628551558840984,0.9870942287687126,0.9247651669297002,13.055334633814223
0.626,0.014917650943841891,1.0,13.049423042697676,0.9999997372548235,0.8625092721795888,0.9870748792330798,0.9243851990536545,13.049423042697676
0.6265000000000001,0.01491294506148895,1.0,13.043497111326802,0.999999740256965,0.8621634074155462,0.9870555021297324,0.9240042949788292,13.043497111326802
0.627,0.014908239179136008,1.0,13.037556844836667,0.9999997432258955,0.8618175615986746,0.9870360974225805,0.9236224548698557,13.037556844836667
0.6275000000000001,0.014903533296783067,1.0,13.031602248396531,0.9999997461624858,0.8614717347356776,0.9870166650754939,0.9232396788914301,13.031602248396531
0.628,0.014898827414430127,1.0,13.025633327208274,0.9999997490676068,0.8611259268332594,0.9869972050523022,0.9228559672083151,13.025633327208274
0.6285000000000001,0.014894121532077186,1.0,13.019650086507722,0.9999997519421296,0.8607801378981236,0.9869777173167945,0.922471319985338,13.019650086507722
0.629,0.014889415649724244,1.0,13.0136525315636,0.9999997547869253,0.8604343679369743,0.9869582018327199,0.9220857373873925,13.0136525315636
0.6295000000000001,0.014884709767371303,1.0,13.007640667678865,0.9999997576028645,0.860088616956515,0.986938658563787,0.9216992195794368,13.007640667678865
0.63,0.014880003885018363,1.0,13.001614500189325,0.9999997603908184,0.8597428849634499,0.9869190874736649,0.9213117667264957,13.001614500189325
0.6305000000000001,0.014875298002665422,1.0,12.995574034464546,0.9999997631516581,0.8593971719644826,0.9868994885259811,0.920923378993659,12.995574034464546
0.631,0.01487059212031248,1.0,12.989519275907671,0.9999997658862542,0.8590514779663172,0.9868798616843241,0.9205340565460818,12.989519275907671
0.6315000000000001,0.01486588623795954,1.0,12.983450229955553,0.9999997685954779,0.8587058029756574,0.9868602069122409,0.920143799548985,12.983450229955553
0.632,0.014861180355606598,1.0,12.977366902078469,0.9999997712802001,0.8583601469992072,0.9868405241732389,0.9197526081676551,12.977366902078469
0.6325000000000001,0.014856474473253656,1.0,12.971269297780587,0.9999997739412918,0.8580145100436702,0.9868208134307844,0.919360482567444,12.971269297780587
0.633,0.014851768590900715,1.0,12.965157422599566,0.9999997765796239,0.8576688921157506,0.9868010746483041,0.9189674229137687,12.965157422599566
0.6335000000000001,0.014847062708547774,1.0,12.959031282107018,0.9999997791960675,0.857323293222152,0.9867813077891833,0.9185734293721118,12.959031282107018
0.634,0.014842356826194832,1.0,12.952890881908118,0.9999997817914934,0.8569777133695784,0.9867615128167675,0.9181785021080221,12.952890881908118
0.6345000000000001,0.014837650943841891,1.0,12.94673622764206,0.9999997843667727,0.8566321525647336,0.9867416896943615,0.9177826412871126,12.94673622764206
0.635,0.01483294506148895,1.0,12.940567324981663,0.9999997869227764,0.8562866108143216,0.9867218383852289,0.9173858470750629,12.940567324981663
0.6355000000000001,0.014828239179136008,1.0,12.934384179634051,0.9999997894603752,0.8559410881250459,0.9867019588525933,0.9169881196376168,12.934384179634051
0.636,0.014823533296783068,1.0,12.928183890897829,0.9999997918088858,0.8555955880302666,0.9866820512557795,0.916589463214702,12.928183890897829
0.6365000000000001,0.014818827414430127,1.0,12.921967782745828,0.9999997940386199,0.855250108939354,0.9866621154694803,0.9161898761517245,12.921967782745828
0.637,0.014814121532077186,1.0,12.915737596904654,0.9999997962506816,0.8549046487530491,0.9866421513397071,0.9157893561860957,12.915737596904654
0.6375000000000001,0.014809415649724244,1.0,12.909493332010339,0.9999997984451444,0.8545592074866882,0.9866221588299429,0.9153879034923992,12.909493332010339
0.638,0.014804709767371305,1.0,12.9032349867389,0.9999998006220819,0.8542137851556086,0.9866021379036329,0.9149855182453799,12.9032349867389
0.6385000000000001,0.014800003885018363,1.0,12.896962559806731,0.9999998027815679,0.853868381775147,0.9865820885241849,0.9145822006199432,12.896962559806731
0.639,0.014795298002665422,1.0,12.890676049971116,0.9999998049236758,0.8535229973606403,0.9865620106549675,0.914177950791156,12.890676049971116
0.6395000000000001,0.01479059212031248,1.0,12.884375456029868,0.9999998070484793,0.8531776319274252,0.9865419042593118,0.9137727689342455,12.884375456029868
0.64,0.014785886237959539,1.0,12.878060776821412,0.9999998091560521,0.8528322854908389,0.9865217693005104,0.9133666552246003,12.878060776821412
0.6405,0.014781180355606598,1.0,12.871732011225282,0.9999998112464679,0.8524869580662179,0.986501605741818,0.9129596098377689,12.871732011225282
0.641,0.014776474473253656,1.0,12.865389158161461,0.9999998133198001,0.8521416496688992,0.986481413546451,0.9125516329494618,12.865389158161461
0.6415,0.014771768590900715,1.0,12.859032216591194,0.9999998153761226,0.8517963603142196,0.9864611926775875,0.9121427247355495,12.859032216591194
0.642,0.014767062708547773,1.0,12.852661185516641,0.9999998174155088,0.851451090017516,0.9864409430983672,0.9117328853720634,12.852661185516641
0.6425,0.014762356826194834,1.0,12.84627606398096,0.9999998194380325,0.8511058387941253,0.9864206647718917,0.911322115035196,12.84627606398096
0.643,0.01475765094384189,1.0,12.83987685106859,0.9999998214437671,0.8507606066593842,0.9864003576612246,0.9109104139012999,12.83987685106859
0.6435,0.014752945061488951,1.0,12.83346354590522,0.9999998234327865,0.85041539362863,0.9863800217293907,0.9104977821468891,12.83346354590522
0.644,0.01474823917913601,1.0,12.82703614765798,0.9999998254051642,0.8500701997171989,0.9863596569393767,0.9100842199486374,12.82703614765798
0.6445,0.01474353329678307,1.0,12.82059465553519,0.9999998273609737,0.8497250249404282,0.9863392632541309,0.9096697274833804,12.82059465553519
0.645,0.014738827414430127,1.0,12.814139068786552,0.9999998293002889,0.8493798693136547,0.9863188406365634,0.9092543049281131,12.814139068786552
0.6455,0.014734121532077187,1.0,12.807669386703862,0.9999998312231833,0.8490347328522152,0.9862983890495457,0.9088379524599919,12.807669386703862
0.646,0.014729415649724246,1.0,12.801185608620123,0.9999998331297304,0.8486896155714465,0.9862779084559112,0.9084206702563334,12.801185608620123
0.6465,0.014724709767371304,1.0,12.79468773391006,0.999999835020004,0.8483445174866856,0.9862573988184546,0.9080024584946151,12.79468773391006
0.647,0.014720003885018363,1.0,12.788175761990402,0.9999998368940777,0.8479994386132692,0.9862368600999324,0.9075833173524748,12.788175761990402
0.6475,0.014715298002665422,1.0,12.781649692319426,0.999999838752025,0.8476543789665344,0.9862162922630626,0.9071632470077107,12.781649692319426
0.648,0.01471059212031248,1.0,12.775109524397683,0.9999998405939198,0.8473093385618178,0.9861956952705244,0.9067422476382816,12.775109524397683
0.6485,0.014705886237959539,1.0,12.768555257767847,0.9999998424198355,0.8469643174144563,0.9861750690849592,0.9063203194223068,12.768555257767847
0.649,0.014701180355606597,1.0,12.761986892014173,0.9999998442298458,0.8466193155397869,0.9861544136689693,0.9058974625380661,12.761986892014173
0.6495,0.014696474473253656,1.0,12.755404426763514,0.9999998460240243,0.8462743329531462,0.9861337289851186,0.9054736771639994,12.755404426763514
0.65,0.014691768590900715,1.0,12.748807861684877,0.9999998478024447,0.8459293696698714,0.9861130149959328,0.9050489634787074,12.748807861684877
0.6505,0.014687062708547775,1.0,12.74219719648961,0.9999998495651805,0.8455844257052991,0.9860922716638988,0.9046233216609508,12.74219719648961
0.651,0.014682356826194832,1.0,12.735572430931253,0.9999998513123054,0.8452395010747663,0.9860714989514651,0.904196751889651,12.735572430931253
0.6515,0.014677650943841892,1.0,12.728933564806484,0.999999853043893,0.8448945957936098,0.9860506968210411,0.9037692543438893,12.728933564806484
0.652,0.01467294506148895,1.0,12.722280597953588,0.9999998547600172,0.8445497098771665,0.9860298652349982,0.9033408292029076,12.722280597953588
0.6525,0.014668239179136011,1.0,12.715613530254457,0.9999998564607512,0.8442048433407732,0.986009004155669,0.9029114766461079,12.715613530254457
0.653,0.014663533296783068,1.0,12.708932361633073,0.9999998581461689,0.8438599961997666,0.9859881135453473,0.9024811968530524,12.708932361633073
0.6535,0.014658827414430128,1.0,12.702237092056318,0.9999998598163438,0.8435151684694839,0.9859671933662886,0.902049990003464,12.702237092056318
0.654,0.014654121532077187,1.0,12.695527721534292,0.9999998614713496,0.8431703601652617,0.9859462435807094,0.901617856277225,12.695527721534292
0.6545,0.014649415649724246,1.0,12.688804250119613,0.9999998631112599,0.8428255713024371,0.9859252641507876,0.9011847958543788,12.688804250119613
0.655,0.014644709767371304,1.0,12.682066677908372,0.9999998647361483,0.8424808018963466,0.9859042550386625,0.9007508089151279,12.682066677908372
0.6555,0.014640003885018363,1.0,12.675315005039245,0.9999998663460886,0.8421360519623274,0.9858832162064347,0.900315895639836,12.675315005039245
0.656,0.014635298002665421,1.0,12.668549231694735,0.9999998679411543,0.8417913215157161,0.9858621476161658,0.899880056209026,12.668549231694735
0.6565,0.01463059212031248,1.0,12.661769358100091,0.9999998695214188,0.8414466105718498,0.985841049229879,0.8994432908033814,12.661769358100091
0.657,0.014625886237959539,1.0,12.654975384524132,0.9999998710869562,0.8411019191460651,0.9858199210095584,0.8990055996037455,12.654975384524132
0.6575,0.014621180355606597,1.0,12.648167311279098,0.9999998726378397,0.8407572472536992,0.98579876291715,0.898566982791122,12.648167311279098
0.658,0.014616474473253656,1.0,12.641345138720743,0.9999998741741433,0.8404125949100886,0.9857775749145598,0.898127440546674,12.641345138720743
0.6585,0.014611768590900716,1.0,12.634508867248623,0.9999998756959403,0.8400679621305703,0.985756356963656,0.8976869730517253,12.634508867248623
0.659,0.014607062708547773,1.0,12.627658497305323,0.9999998772033045,0.8397233489304812,0.9857351090262678,0.8972455804877588,12.627658497305323
0.6595,0.014602356826194833,1.0,12.62079402937781,0.9999998786963096,0.8393787553251582,0.985713831064185,0.8968032630364183,12.62079402937781
0.66,0.014597650943841892,1.0,12.613915463996769,0.999999880175029,0.8390341813299379,0.9856925230391592,0.8963600208795067,12.613915463996769
0.6605,0.014592945061488952,1.0,12.607022801736472,0.9999998816395366,0.8386896269601575,0.9856711849129031,0.8959158541989873,12.607022801736472
0.661,0.01458823917913601,1.0,12.600116043215383,0.9999998830899057,0.8383450922311535,0.9856498166470898,0.8954707631769829,12.600116043215383
0.6615,0.01458353329678307,1.0,12.59319518909614,0.9999998845262102,0.8380005771582631,0.9856284182033545,0.8950247479957766,12.59319518909614
0.662,0.014578827414430128,1.0,12.5862602400853,0.9999998859485237,0.837656081756823,0.9856069895432922,0.8945778088378107,12.5862602400853
0.6625,0.014574121532077187,1.0,12.57931119693376,0.9999998873569198,0.8373116060421701,0.9855855306284604,0.8941299458856878,12.57931119693376
0.663,0.014569415649724245,1.0,12.572348060436703,0.999999888751472,0.8369671500296412,0.9855640414203765,0.8936811593221698,12.572348060436703
0.6635,0.014564709767371304,1.0,12.565370831433698,0.9999998901322541,0.8366227137345732,0.9855425218805194,0.8932314493301792,12.565370831433698
0.664,0.014560003885018363,1.0,12.558379510808772,0.9999998914993397,0.8362782971723028,0.9855209719703291,0.8927808160927969,12.558379510808772
0.6645,0.014555298002665421,1.0,12.551374099490484,0.9999998928528023,0.8359339003581672,0.9854993916512063,0.8923292597932647,12.551374099490484
0.665,0.01455059212031248,1.0,12.54435459845202,0.9999998941927156,0.8355895233075028,0.985477780884513,0.8918767806149833,12.54435459845202
0.6655,0.014545886237959538,1.0,12.537321008711043,0.9999998955191534,0.835245166035647,0.9854561396315719,0.8914233787415139,12.537321008711043
0.666,0.014541180355606597,1.0,12.530273331330633,0.999999896832189,0.8349008285579361,0.9854344678536667,0.890969054356576,12.530273331330633
0.6665,0.014536474473253656,1.0,12.523211567417768,0.9999998981318964,0.8345565108897075,0.985412765512042,0.8905138076440501,12.523211567417768
0.667,0.014531768590900714,1.0,12.516135718125316,0.9999998994183489,0.8342122130462976,0.9853910325679037,0.8900576387879751,12.516135718125316
0.6675,0.014527062708547775,1.0,12.509045784650532,0.9999999006916203,0.8338679350430436,0.9853692689824183,0.8896005479725504,12.509045784650532
0.668,0.014522356826194833,1.0,12.50194176823597,0.9999999019517841,0.833523676895282,0.9853474747167128,0.8891425353821341,12.50194176823597
0.6685,0.014517650943841892,1.0,12.494823670169257,0.9999999031989142,0.83317943861835,0.9853256497318756,0.8886836012012446,12.494823670169257
0.669,0.01451294506148895,1.0,12.487691491783597,0.999999904433084,0.8328352202275842,0.985303793988956,0.8882237456145589,12.487691491783597
0.6695,0.01450823917913601,1.0,12.4805452344571,0.999999905654367,0.8324910217383217,0.9852819074489638,0.8877629688069143,12.4805452344571
0.67,0.01450353329678307,1.0,12.473384899613615,0.9999999068628372,0.8321468431658992,0.9852599900728698,0.887301270963307,12.473384899613615
0.6705,0.014498827414430128,1.0,12.466210488722272,0.999999908058568,0.8318026845256535,0.9852380418216057,0.8868386522688927,12.466210488722272
0.671,0.014494121532077187,1.0,12.459022003297987,0.9999999092416331,0.8314585458329216,0.9852160626560638,0.8863751129089864,12.459022003297987
0.6715,0.014489415649724245,1.0,12.45181944490113,0.999999910412106,0.8311144271030403,0.9851940525370971,0.8859106530690628,12.45181944490113
0.672,0.014484709767371304,1.0,12.444602815137902,0.9999999115700605,0.8307703283513465,0.9851720114255198,0.8854452729347556,12.444602815137902
0.6725,0.014480003885018362,1.0,12.437372115660331,0.9999999127155701,0.830426249593177,0.9851499392821065,0.884978972691858,12.437372115660331
0.673,0.014475298002665421,1.0,12.430127348166337,0.9999999138487086,0.8300821908438687,0.9851278360675927,0.8845117525263222,12.430127348166337
0.6735,0.01447059212031248,1.0,12.42286851439993,0.9999999149695494,0.8297381521187583,0.9851057017426746,0.8840436126242597,12.42286851439993
0.674,0.014465886237959538,1.0,12.41559561615086,0.9999999160781663,0.8293941334331829,0.9850835362680088,0.8835745531719417,12.41559561615086
0.6745,0.014461180355606597,1.0,12.408308655255224,0.9999999171746328,0.8290501348024794,0.985061339604213,0.883104574355798,12.408308655255224
0.675,0.014456474473253655,1.0,12.401007633595556,0.9999999182590227,0.8287061562419843,0.9850391117118654,0.8826336763624181,12.401007633595556
0.6755,0.014451768590900716,1.0,12.393692553100374,0.9999999193314094,0.8283621977670347,0.9850168525515051,0.88216185937855,12.393692553100374
0.676,0.014447062708547774,1.0,12.386363415744473,0.9999999203918668,0.8280182593929675,0.9849945620836316,0.8816891235911015,12.386363415744473
0.6765,0.014442356826194833,1.0,12.379020223549427,0.9999999214404682,0.8276743411351194,0.984972240268705,0.8812154691871392,12.379020223549427
0.677,0.014437650943841892,1.0,12.371662978583354,0.9999999224772876,0.8273304430088273,0.984949887067146,0.8807408963538886,12.371662978583354
0.6775,0.014432945061488952,1.0,12.364291682960786,0.9999999235023984,0.8269865650294282,0.9849275024393362,0.880265405278735,12.364291682960786
0.678,0.014428239179136009,1.0,12.356906338843073,0.9999999245158743,0.8266427072122587,0.9849050863456178,0.8797889961492215,12.356906338843073
0.6785,0.01442353329678307,1.0,12.349506948438451,0.9999999255177888,0.826298869572656,0.984882638746293,0.8793116691530513,12.349506948438451
0.679,0.014418827414430128,1.0,12.342093514001608,0.9999999265082157,0.8259550521259567,0.9848601596016253,0.8788334244780861,12.342093514001608
0.6795,0.014414121532077186,1.0,12.334666037834602,0.9999999274872285,0.8256112548874978,0.9848376488718384,0.8783542623123469,12.334666037834602
0.68,0.014409415649724245,1.0,12.327224522286626,0.9999999284549009,0.8252674778726159,0.9848151065171165,0.8778741828440129,12.327224522286626
0.6805,0.014404709767371304,1.0,12.319768969753673,0.9999999294113067,0.8249237210966481,0.9847925324976045,0.877393186261423,12.319768969753673
0.681,0.014400003885018362,1.0,12.312299382678829,0.9999999303565191,0.8245799845749312,0.9847699267734072,0.8769112727530745,12.312299382678829
0.6815,0.01439529800266542,1.0,12.304815763552872,0.9999999312906122,0.8242362683228022,0.9847472893045913,0.876428442507624,12.304815763552872
0.682,0.01439059212031248,1.0,12.297318114913622,0.9999999322136592,0.8238925723555977,0.9847246200511826,0.8759446957138863,12.297318114913622
0.6825,0.014385886237959538,1.0,12.289806439346448,0.999999933125734,0.8235488966886546,0.9847019189731678,0.8754600325608357,12.289806439346448
0.683,0.014381180355606597,1.0,12.282280739484237,0.9999999340269102,0.8232052413373099,0.9846791860304945,0.8749744532376046,12.282280739484237
0.6835,0.014376474473253657,1.0,12.274741018007482,0.9999999349172614,0.8228616063169004,0.9846564211830701,0.8744879579334849,12.274741018007482
0.684,0.014371768590900714,1.0,12.26718727764415,0.9999999357968612,0.822517991642763,0.9846336243907627,0.8740005468379266,12.26718727764415
0.6845,0.014367062708547774,1.0,12.259619521170597,0.9999999366657832,0.8221743973302345,0.9846107956134011,0.8735122201405388,12.259619521170597
0.685,0.014362356826194833,1.0,12.252037751410311,0.9999999375241012,0.8218308233946515,0.984587934810774,0.8730229780310885,12.252037751410311
0.6855,0.014357650943841893,1.0,12.24444197123501,0.9999999383718886,0.8214872698513515,0.984565041942631,0.8725328206995031,12.24444197123501
0.686,0.01435294506148895,1.0,12.236832183564436,0.9999999392092191,0.8211437367156706,0.9845421169686814,0.8720417483358667,12.236832183564436
0.6865,0.01434823917913601,1.0,12.229208391366623,0.9999999400361665,0.8208002240029463,0.984519159848596,0.871549761130423,12.229208391366623
0.687,0.014343533296783069,1.0,12.221570597657168,0.9999999408528042,0.8204567317285151,0.9844961705420046,0.8710568592735743,12.221570597657168
0.6875,0.014338827414430128,1.0,12.21391880550055,0.999999941659206,0.820113259907714,0.9844731490084982,0.8705630429558814,12.21391880550055
0.6880000000000001,0.014334121532077186,1.0,12.206253018009585,0.9999999424554454,0.8197698085558797,0.984450095207628,0.8700683123680629,12.206253018009585
0.6885,0.014329415649724245,1.0,12.198573238344794,0.9999999432415961,0.8194263776883493,0.9844270090989055,0.8695726677009972,12.198573238344794
0.6890000000000001,0.014324709767371303,1.0,12.190879469716139,0.9999999440177317,0.8190829673204594,0.9844038906418024,0.8690761091457201,12.190879469716139
0.6895,0.014320003885018362,1.0,12.183171715381643,0.9999999447839258,0.818739577467547,0.9843807397957508,0.8685786368934264,12.183171715381643
0.6900000000000001,0.01431529800266542,1.0,12.175449978648015,0.9999999455402522,0.818396208144949,0.9843575565201429,0.8680802511354692,12.175449978648015
0.6905,0.01431059212031248,1.0,12.167714262870813,0.9999999462867842,0.8180528593680021,0.9843343407743317,0.86758095206336,12.167714262870813
0.6910000000000001,0.014305886237959538,1.0,12.159964571454545,0.9999999470235958,0.8177095311520433,0.9843110925176295,0.8670807398687684,12.159964571454545
0.6915,0.014301180355606598,1.0,12.152200907852526,0.9999999477507604,0.8173662235124094,0.9842878117093097,0.8665796147435232,12.152200907852526
0.6920000000000001,0.014296474473253655,1.0,12.14442327556677,0.9999999484683517,0.8170229364644372,0.9842644983086056,0.8660775768796105,12.14442327556677
0.6925,0.014291768590900715,1.0,12.1366316781491,0.9999999491764433,0.8166796700234638,0.984241152274711,0.8655746264691755,12.1366316781491
0.6930000000000001,0.014287062708547774,1.0,12.128826119199687,0.9999999498751089,0.8163364242048258,0.9842177735667792,0.8650707637045212,12.128826119199687
0.6935,0.014282356826194834,1.0,12.12100660236867,0.9999999505644219,0.8159931990238601,0.9841943621439248,0.864565988778109,12.12100660236867
0.6940000000000001,0.014277650943841891,1.0,12.113173131355008,0.9999999512444563,0.8156499944959036,0.9841709179652214,0.8640603018825584,12.113173131355008
0.6945,0.014272945061488952,1.0,12.105325709907394,0.9999999519152853,0.8153068106362932,0.9841474409897034,0.8635537032106477,12.105325709907394
0.6950000000000001,0.01426823917913601,1.0,12.09746434182381,0.999999952576983,0.8149636474603656,0.9841239311763657,0.8630461929553126,12.09746434182381
0.6955,0.014263533296783069,1.0,12.089589030952038,0.9999999532296227,0.8146205049834578,0.9841003884841627,0.8625377713096473,12.089589030952038
0.6960000000000001,0.014258827414430127,1.0,12.081699781189313,0.9999999538732781,0.8142773832209067,0.9840768128720091,0.8620284384669042,12.081699781189313
0.6965,0.014254121532077186,1.0,12.073796596482625,0.9999999545080228,0.8139342821880491,0.9840532042987801,0.8615181946204938,12.073796596482625
0.6970000000000001,0.014249415649724245,1.0,12.065879480829114,0.9999999551339306,0.8135912019002217,0.9840295627233103,0.8610070399639844,12.065879480829114
0.6975,0.014244709767371303,1.0,12.057948438275526,0.9999999557510749,0.8132481423727617,0.9840058881043954,0.8604949746911028,12.057948438275526
0.6980000000000001,0.014240003885018362,1.0,12.050003472918608,0.9999999563595294,0.8129051036210057,0.9839821804007902,0.8599819989957335,12.050003472918608
0.6985,0.01423529800266542,1.0,12.042044588905403,0.9999999569593678,0.8125620856602905,0.9839584395712101,0.859468113071919,12.042044588905403
0.6990000000000001,0.014230592120312479,1.0,12.034071790433016,0.9999999575506638,0.8122190885059531,0.9839346655743307,0.8589533171138598,12.034071790433016
0.6995,0.01422588623795954,1.0,12.026085081748816,0.9999999581334909,0.8118761121733304,0.9839108583687873,0.8584376113159146,12.026085081748816
0.7000000000000001,0.014221180355606596,1.0,12.018084467150292,0.9999999587079226,0.8115331566777592,0.9838870179131756,0.8579209958725997,12.018084467150292
0.7005,0.014216474473253657,1.0,12.010069950985875,0.9999999592740327,0.8111902220345762,0.9838631441660508,0.8574034709785896,12.010069950985875
0.7010000000000001,0.014211768590900715,1.0,12.002041537653989,0.9999999598318949,0.8108473082591185,0.9838392370859287,0.8568850368287163,12.002041537653989
0.7015,0.014207062708547775,1.0,11.993999231603848,0.9999999603815828,0.8105044153667229,0.9838152966312852,0.8563656936179701,11.993999231603848
0.7020000000000001,0.014202356826194832,1.0,11.98594303733514,0.9999999609231698,0.8101615433727262,0.983791322760555,0.8558454415414987,11.98594303733514
0.7025,0.014197650943841893,1.0,11.977872959398926,0.9999999614567298,0.8098186922924653,0.9837673154321349,0.855324280794608,11.977872959398926
0.7030000000000001,0.014192945061488951,1.0,11.96978900239649,0.9999999619823363,0.8094758621412769,0.9837432746043796,0.854802211572761,11.96978900239649
0.7035,0.01418823917913601,1.0,11.961691170980044,0.9999999625000628,0.8091330529344981,0.983719200235605,0.8542792340715796,11.961691170980044
0.704,0.014183533296783069,1.0,11.953579469853118,0.9999999630099833,0.8087902646874657,0.9836950922840868,0.8537553484868423,11.953579469853118
0.7045,0.014178827414430127,1.0,11.945453903770547,0.9999999635121711,0.8084474974155164,0.9836709507080601,0.8532305550144855,11.945453903770547
0.705,0.014174121532077186,1.0,11.937314477537623,0.9999999640067,0.8081047511339872,0.9836467754657208,0.852704853850604,11.937314477537623
0.7055,0.014169415649724244,1.0,11.929161196011414,0.9999999644936436,0.8077620258582149,0.9836225665152238,0.8521782451914495,11.929161196011414
0.706,0.014164709767371303,1.0,11.92099406410024,0.9999999649730754,0.8074193216035364,0.9835983238146848,0.8516507292334313,11.92099406410024
0.7065,0.014160003885018362,1.0,11.912813086763848,0.9999999654450691,0.8070766383852885,0.9835740473221789,0.8511223061731171,11.912813086763848
0.707,0.014155298002665422,1.0,11.904618269013712,0.9999999659096984,0.8067339762188082,0.9835497369957413,0.8505929762072312,11.904618269013712
0.7075,0.01415059212031248,1.0,11.896409615912296,0.9999999663670369,0.8063913351194321,0.9835253927933667,0.8500627395326558,11.896409615912296
0.708,0.014145886237959539,1.0,11.88818713257436,0.9999999668171582,0.8060487151024973,0.9835010146730107,0.8495315963464309,11.88818713257436
0.7085,0.014141180355606598,1.0,11.87995082416624,0.999999967260136,0.8057061161833405,0.9834766025925873,0.8489995468457537,11.87995082416624
0.709,0.014136474473253658,1.0,11.87170069590612,0.9999999676960438,0.8053635383772987,0.9834521565099719,0.8484665912279789,11.87170069590612
0.7095,0.014131768590900717,1.0,11.863436753063931,0.9999999681249553,0.8050209816997087,0.9834276763829983,0.8479327296906187,11.863436753063931
0.71,0.014127062708547775,1.0,11.85515900096204,0.9999999685469442,0.8046784461659072,0.9834031621694617,0.8473979624313424,11.85515900096204
0.7105,0.014122356826194834,1.0,11.846867444974613,0.999999968962084,0.8043359317912313,0.9833786138271157,0.8468622896479773,11.846867444974613
0.711,0.014117650943841892,1.0,11.838562090528125,0.9999999693704483,0.8039934385910178,0.9833540313136745,0.8463257115385076,11.838562090528125
0.7115,0.014112945061488951,1.0,11.830242943101428,0.9999999697721109,0.8036509665806034,0.9833294145868121,0.8457882283010747,11.830242943101428
0.712,0.01410823917913601,1.0,11.821910008225448,0.9999999701671454,0.8033085157753251,0.983304763604162,0.8452498401339779,11.821910008225448
0.7125,0.014103533296783068,1.0,11.813563291483861,0.9999999705556253,0.8029660861905198,0.9832800783233178,0.8447105472356733,11.813563291483861
0.713,0.014098827414430127,1.0,11.805202798512578,0.9999999709376243,0.8026236778415243,0.9832553587018328,0.8441703498047746,11.805202798512578
0.7135,0.014094121532077186,1.0,11.796828535000857,0.999999971313216,0.8022812907436753,0.9832306046972202,0.8436292480400517,11.796828535000857
0.714,0.014089415649724244,1.0,11.788440506689536,0.9999999716824742,0.8019389249123099,0.9832058162669527,0.8430872421404335,11.788440506689536
0.7145,0.014084709767371303,1.0,11.78003871937317,0.9999999720454723,0.8015965803627648,0.9831809933684631,0.8425443323050046,11.78003871937317
0.715,0.014080003885018363,1.0,11.771623178898894,0.999999972402284,0.801254257110377,0.9831561359591436,0.8420005187330075,11.771623178898894
0.7155,0.01407529800266542,1.0,11.7631938911666,0.999999972752983,0.8009119551704832,0.9831312439963463,0.8414558016238413,11.7631938911666
0.716,0.01407059212031248,1.0,11.754750862129647,0.9999999730976428,0.8005696745584204,0.9831063174373833,0.8409101811770626,11.754750862129647
0.7165,0.014065886237959539,1.0,11.746294097794125,0.9999999734363372,0.8002274152895253,0.9830813562395262,0.840363657592385,11.746294097794125
0.717,0.0140611803556066,1.0,11.737823604219859,0.9999999737691396,0.7998851773791349,0.9830563603600061,0.8398162310696788,11.737823604219859
0.7175,0.014056474473253656,1.0,11.729339387519166,0.9999999740961238,0.799542960842586,0.9830313297560144,0.839267901808972,11.729339387519166
0.718,0.014051768590900716,1.0,11.720841453858686,0.9999999744173635,0.7992007656952155,0.9830062643847018,0.838718670010449,11.720841453858686
0.7185,0.014047062708547775,1.0,11.712329809458025,0.9999999747329322,0.7988585919523601,0.9829811642031789,0.8381685358744513,11.712329809458025
0.719,0.014042356826194834,1.0,11.703804460590264,0.9999999750429035,0.7985164396293569,0.9829560291685155,0.8376174996014777,11.703804460590264
0.7195,0.014037650943841892,1.0,11.695265413582643,0.9999999753473511,0.7981743087415425,0.9829308592377417,0.8370655613921831,11.695265413582643
0.72,0.014032945061488951,1.0,11.686712674815437,0.9999999756463486,0.7978321993042541,0.9829056543678474,0.8365127214473806,11.686712674815437
0.7205,0.01402823917913601,1.0,11.678146250723668,0.9999999759399696,0.7974901113328281,0.9828804145157812,0.8359589799680386,11.678146250723668
0.721,0.014023533296783068,1.0,11.669566147795141,0.9999999762282878,0.7971480448426018,0.9828551396384525,0.8354043371552837,11.669566147795141
0.7215,0.014018827414430127,1.0,11.660972372572804,0.9999999765113768,0.7968059998489118,0.9828298296927297,0.8348487932103982,11.660972372572804
0.722,0.014014121532077185,1.0,11.652364931652855,0.9999999767893102,0.796463976367095,0.982804484635441,0.8342923483348221,11.652364931652855
0.7225,0.014009415649724244,1.0,11.643743831686196,0.9999999770621617,0.7961219744124882,0.9827791044233744,0.8337350027301516,11.643743831686196
0.723,0.014004709767371304,1.0,11.635109079377575,0.9999999773300048,0.7957799940004285,0.9827536890132773,0.83317675659814,11.635109079377575
0.7235,0.014000003885018361,1.0,11.626460681486188,0.9999999775929133,0.7954380351462524,0.9827282383618566,0.8326176101406966,11.626460681486188
0.724,0.013995298002665421,1.0,11.617798644826077,0.9999999778509607,0.7950960978652972,0.9827027524257795,0.8320575635598886,11.617798644826077
0.7245,0.01399059212031248,1.0,11.609122976265404,0.9999999781042207,0.7947541821728993,0.982677231161672,0.8314966170579383,11.609122976265404
0.725,0.01398588623795954,1.0,11.600433682726827,0.9999999783527668,0.7944122880843959,0.9826516745261201,0.8309347708372263,11.600433682726827
0.7255,0.013981180355606597,1.0,11.591730771187914,0.9999999785966728,0.7940704156151237,0.9826260824756698,0.8303720251002884,11.591730771187914
0.726,0.013976474473253658,1.0,11.583014248681316,0.9999999788360122,0.7937285647804195,0.9826004549668258,0.8298083800498177,11.583014248681316
0.7265,0.013971768590900716,1.0,11.574284122293944,0.9999999790708588,0.7933867355956203,0.9825747919560529,0.8292438358886636,11.574284122293944
0.727,0.013967062708547775,1.0,11.565540399167977,0.999999979301286,0.793044928076063,0.9825490933997758,0.8286783928198322,11.565540399167977
0.7275,0.013962356826194833,1.0,11.55678308650084,0.9999999795273676,0.7927031422370842,0.9825233592543781,0.8281120510464858,11.55678308650084
0.728,0.013957650943841892,1.0,11.548012191544677,0.9999999797491772,0.792361378094021,0.9824975894762035,0.8275448107719435,11.548012191544677
0.7285,0.01395294506148895,1.0,11.539227721607165,0.9999999799667884,0.79201963566221,0.9824717840215549,0.8269766721996805,11.539227721607165
0.729,0.01394823917913601,1.0,11.530429684050981,0.9999999801802748,0.7916779149569885,0.9824459428466952,0.8264076355333291,11.530429684050981
0.7295,0.013943533296783068,1.0,11.521618086294598,0.99999998038971,0.7913362159936929,0.9824200659078463,0.8258377009766769,11.521618086294598
0.73,0.013938827414430126,1.0,11.512792935811676,0.9999999805951677,0.7909945387876602,0.9823941531611898,0.8252668687336686,11.512792935811676
0.7305,0.013934121532077185,1.0,11.503954240131536,0.9999999807967216,0.7906528833542275,0.9823682045628673,0.8246951390084052,11.503954240131536
0.731,0.013929415649724245,1.0,11.495102006839362,0.9999999809944452,0.7903112497087312,0.9823422200689796,0.8241225120051437,11.495102006839362
0.7315,0.013924709767371302,1.0,11.486236243575382,0.9999999811884122,0.7899696378665086,0.9823161996355868,0.8235489879282979,11.486236243575382
0.732,0.013920003885018363,1.0,11.477356958036555,0.9999999813786962,0.7896280478428964,0.9822901432187088,0.8229745669824373,11.477356958036555
0.7325,0.013915298002665421,1.0,11.468464157975266,0.9999999815653707,0.7892864796532313,0.9822640507743251,0.8223992493722876,11.468464157975266
0.733,0.013910592120312482,1.0,11.459557851199902,0.9999999817485096,0.7889449333128504,0.9822379222583746,0.8218230353027314,11.459557851199902
0.7335,0.013905886237959538,1.0,11.450638045575051,0.9999999819281864,0.7886034088370903,0.9822117576267554,0.8212459249788066,11.450638045575051
0.734,0.013901180355606599,1.0,11.441704749021588,0.9999999821044747,0.7882619062412882,0.9821855568353256,0.820667918605708,11.441704749021588
0.7345,0.013896474473253657,1.0,11.432757969516452,0.9999999822774481,0.7879204255407807,0.9821593198399027,0.8200890163887857,11.432757969516452
0.735,0.013891768590900716,1.0,11.42379771509305,0.9999999824471802,0.7875789667509047,0.9821330465962632,0.819509218533547,11.42379771509305
0.7355,0.013887062708547775,1.0,11.414823993841242,0.9999999826137449,0.787237529886997,0.982106737060144,0.8189285252456541,11.414823993841242
0.736,0.013882356826194833,1.0,11.405836813907419,0.9999999827772156,0.7868961149643946,0.9820803911872406,0.818346936730926,11.405836813907419
0.7365,0.013877650943841892,1.0,11.396836183494596,0.9999999829376659,0.7865547219984342,0.9820540089332083,0.8177644531953372,11.396836183494596
0.737,0.01387294506148895,1.0,11.387822110862407,0.9999999830951695,0.786213351004453,0.9820275902536622,0.8171810748450191,11.387822110862407
0.7375,0.013868239179136009,1.0,11.378794604327489,0.9999999832498,0.7858720019977874,0.9820011351041764,0.8165968018862577,11.378794604327489
0.738,0.013863533296783068,1.0,11.369753672263272,0.9999999834016311,0.7855306749937745,0.9819746434402847,0.8160116345254961,11.369753672263272
0.7385,0.013858827414430126,1.0,11.360699323099961,0.9999999835507364,0.7851893700077511,0.9819481152174802,0.8154255729693326,11.360699323099961
0.739,0.013854121532077187,1.0,11.351631565325434,0.9999999836971893,0.7848480870550542,0.9819215503912154,0.8148386174245218,11.351631565325434
0.7395,0.013849415649724243,1.0,11.34255040748372,0.9999999838410639,0.7845068261510204,0.9818949489169027,0.8142507680979738,11.34255040748372
0.74,0.013844709767371304,1.0,11.333455858177206,0.9999999839824335,0.7841655873109867,0.9818683107499135,0.8136620251967548,11.333455858177206
0.7405,0.013840003885018362,1.0,11.324347926064902,0.9999999841213717,0.78382437055029,0.9818416358455792,0.8130723889280866,11.324347926064902
0.741,0.013835298002665423,1.0,11.31522661986345,0.9999999842579523,0.7834831758842671,0.9818149241591895,0.812481859499347,11.31522661986345
0.7415,0.01383059212031248,1.0,11.3060919483468,0.9999999843922489,0.7831420033282549,0.9817881756459947,0.8118904371180695,11.3060919483468
0.742,0.01382588623795954,1.0,11.296943920347008,0.999999984524335,0.7828008528975903,0.9817613902612043,0.8112981219919431,11.296943920347008
0.7425,0.013821180355606599,1.0,11.287782544753417,0.9999999846542843,0.7824597246076098,0.9817345679599866,0.8107049143288121,11.287782544753417
0.743,0.013816474473253657,1.0,11.278607830513058,0.9999999847821706,0.7821186184736508,0.98170770869747,0.8101108143366779,11.278607830513058
0.7435,0.013811768590900716,1.0,11.269419786631222,0.9999999849080672,0.7817775345110498,0.9816808124287422,0.8095158222236958,11.269419786631222
0.744,0.013807062708547774,1.0,11.260218422170862,0.9999999850320479,0.7814364727351438,0.9816538791088498,0.8089199381981779,11.260218422170862
0.7445,0.013802356826194833,1.0,11.251003746253184,0.9999999851541864,0.7810954331612696,0.9816269086927997,0.8083231624685913,11.251003746253184
0.745,0.013797650943841892,1.0,11.241775768057227,0.9999999852745562,0.7807544158047641,0.9815999011355575,0.807725495243559,11.241775768057227
0.7455,0.01379294506148895,1.0,11.23253449682056,0.9999999853932311,0.7804134206809641,0.9815728563920485,0.807126936731859,11.23253449682056
0.746,0.013788239179136009,1.0,11.223279941838964,0.9999999855102845,0.7800724478052065,0.981545774417157,0.8065274871424255,11.223279941838964
0.7465,0.013783533296783067,1.0,11.21401211246673,0.9999999856257902,0.779731497192828,0.9815186551657276,0.8059271466843474,11.21401211246673
0.747,0.013778827414430128,1.0,11.204731018116243,0.9999999857398217,0.7793905688591658,0.9814914985925632,0.8053259155668702,11.204731018116243
0.7475,0.013774121532077185,1.0,11.195436668258976,0.9999999858524528,0.7790496628195565,0.981464304652427,0.8047237939993932,11.195436668258976
0.748,0.013769415649724245,1.0,11.186129072424878,0.9999999859637569,0.778708779089337,0.9814370733000414,0.8041207821914726,11.186129072424878
0.7485,0.013764709767371304,1.0,11.17680824020256,0.9999999860738079,0.7783679176838441,0.9814098044900876,0.8035168803528188,11.17680824020256
0.749,0.013760003885018364,1.0,11.167474181239685,0.9999999861826793,0.7780270786184148,0.9813824981772068,0.8029120886932983,11.167474181239685
0.7495,0.01375529800266542,1.0,11.158126905242472,0.9999999862904446,0.7776862619083859,0.9813551543159995,0.8023064074229328,11.158126905242472
0.75,0.013750592120312481,1.0,11.148766421976767,0.9999999863971776,0.7773454675690943,0.9813277728610255,0.801699836751899,11.148766421976767
0.7505000000000001,0.01374588623795954,1.0,11.139392741267141,0.9999999865029519,0.7770046956158767,0.9813003537668039,0.8010923768905288,11.139392741267141
0.751,0.013741180355606598,1.0,11.130005872997485,0.9999999866078411,0.7766639460640701,0.9812728969878132,0.8004840280493096,11.130005872997485
0.7515000000000001,0.013736474473253657,1.0,11.120605827110893,0.9999999867119188,0.7763232189290113,0.9812454024784916,0.7998747904388841,11.120605827110893
0.752,0.013731768590900716,1.0,11.111192613610053,0.9999999868152586,0.7759825142260373,0.9812178701932358,0.7992646642700496,11.111192613610053
0.7525000000000001,0.013727062708547774,1.0,11.101766242557042,0.9999999869179343,0.7756418319704846,0.9811903000864036,0.7986536497537591,11.101766242557042
0.753,0.013722356826194833,1.0,11.092326724073315,0.9999999870200194,0.7753011721776906,0.9811626921123102,0.7980417471011205,11.092326724073315
0.7535000000000001,0.013717650943841891,1.0,11.082874068340391,0.9999999871215876,0.7749605348629915,0.9811350462252314,0.7974289565233966,11.082874068340391
0.754,0.01371294506148895,1.0,11.07340828559925,0.9999999872227123,0.7746199200417248,0.9811073623794019,0.7968152782320058,11.07340828559925
0.7545000000000001,0.013708239179136009,1.0,11.063929386150814,0.9999999873234674,0.7742793277292269,0.981079640529016,0.796200712438521,11.063929386150814
0.755,0.013703533296783067,1.0,11.05443738035605,0.9999999874239265,0.7739387579408349,0.9810518806282272,0.7955852593546702,11.05443738035605
0.7555000000000001,0.013698827414430126,1.0,11.044932278635654,0.9999999875241631,0.7735982106918855,0.9810240826311485,0.7949689191923366,11.044932278635654
0.756,0.013694121532077186,1.0,11.03541409147074,0.9999999876242509,0.7732576859977158,0.980996246491852,0.7943516921635583,11.03541409147074
0.7565000000000001,0.013689415649724245,1.0,11.025882829402432,0.9999999877242636,0.7729171838736624,0.98096837216437,0.7937335784805277,11.025882829402432
0.757,0.013684709767371303,1.0,11.016338503032362,0.9999999878242747,0.7725767043350622,0.9809404596026928,0.7931145783555932,11.016338503032362
0.7575000000000001,0.013680003885018362,1.0,11.006781123022447,0.9999999879243578,0.7722362473972522,0.9809125087607711,0.7924946920012571,11.006781123022447
0.758,0.013675298002665422,1.0,10.997210700095,0.9999999880245868,0.7718958130755691,0.9808845195925151,0.7918739196301772,10.997210700095
0.7585000000000001,0.013670592120312481,1.0,10.987627245032995,0.999999988125035,0.7715554013853498,0.9808564920517931,0.7912522614551655,10.987627245032995
0.759,0.01366588623795954,1.0,10.97803076868008,0.9999999882257762,0.7712150123419312,0.9808284260924343,0.7906297176891893,10.97803076868008
0.7595000000000001,0.013661180355606598,1.0,10.968421281940662,0.999999988326884,0.7708746459606503,0.9808003216682265,0.7900062885453705,10.968421281940662
0.76,0.013656474473253657,1.0,10.958798795779995,0.999999988428432,0.7705343022568436,0.9807721787329166,0.7893819742369855,10.958798795779995
0.7605000000000001,0.013651768590900715,1.0,10.949163321224265,0.9999999885304938,0.7701939812458483,0.9807439972402112,0.7887567749774658,10.949163321224265
0.761,0.013647062708547774,1.0,10.93951486936061,0.9999999886331432,0.769853682943001,0.9807157771437771,0.7881306909803972,10.93951486936061
0.7615000000000001,0.013642356826194833,1.0,10.929853451337467,0.9999999887364537,0.7695134073636387,0.9806875183972387,0.7875037224595202,10.929853451337467
0.762,0.013637650943841891,1.0,10.920179078364402,0.9999999888404988,0.7691731545230982,0.9806592209541812,0.78687586962873,10.920179078364402
0.7625000000000001,0.01363294506148895,1.0,10.910491761712183,0.9999999889453525,0.7688329244367165,0.9806308847681484,0.7862471327020767,10.910491761712183
0.763,0.013628239179136008,1.0,10.90079151271308,0.999999989051088,0.7684927171198302,0.9806025097926439,0.7856175118937643,10.90079151271308
0.7635000000000001,0.013623533296783067,1.0,10.891078342760945,0.9999999891577792,0.7681525325877764,0.9805740959811305,0.7849870074181516,10.891078342760945
0.764,0.013618827414430127,1.0,10.881352263310916,0.9999999892654997,0.7678123708558919,0.9805456432870304,0.7843556194897525,10.881352263310916
0.7645000000000001,0.013614121532077186,1.0,10.871613285880203,0.999999989374323,0.7674722319395134,0.9805171516637252,0.7837233483232342,10.871613285880203
0.765,0.013609415649724245,1.0,10.861861422047381,0.9999999894843229,0.767132115853978,0.9804886210645559,0.7830901941334195,10.861861422047381
0.7655000000000001,0.013604709767371303,1.0,10.852096683453182,0.9999999895955729,0.7667920226146223,0.9804600514428223,0.7824561571352847,10.852096683453182
0.766,0.013600003885018364,1.0,10.842319081800282,0.9999999897081467,0.7664519522367834,0.9804314427517847,0.7818212375439613,10.842319081800282
0.7665000000000001,0.01359529800266542,1.0,10.832528628852911,0.9999999898221179,0.766111904735798,0.980402794944662,0.7811854355747343,10.832528628852911
0.767,0.01359059212031248,1.0,10.822725336438316,0.9999999899375601,0.765771880127003,0.9803741079746322,0.7805487514430438,10.822725336438316
0.7675000000000001,0.01358588623795954,1.0,10.81290921644508,0.999999990054547,0.7654318784257352,0.9803453817948337,0.7799111853644838,10.81290921644508
0.768,0.013581180355606598,1.0,10.803079115752135,0.9999999901727595,0.7650919011938297,0.9803166164892814,0.7792727404610822,10.803079115752135
0.7685,0.013576474473253657,1.0,10.793233904057697,0.9999999902899178,0.7647519499657206,0.9802878121402558,0.7786334198202767,10.793233904057697
0.769,0.013571768590900715,1.0,10.783375289197245,0.9999999904057377,0.7644120225079725,0.9802589685109188,0.7779932194448638,10.783375289197245
0.7695,0.013567062708547774,1.0,10.773503281366986,0.9999999905202306,0.7640721188396377,0.9802300855548574,0.7773521395647278,10.773503281366986
0.77,0.013562356826194832,1.0,10.763617890834153,0.9999999906334082,0.7637322389797685,0.9802011632256203,0.7767101804099471,10.763617890834153
0.7705,0.013557650943841893,1.0,10.753719127936842,0.9999999907452817,0.7633923829474173,0.980172201476719,0.7760673422107935,10.753719127936842
0.771,0.01355294506148895,1.0,10.743807003084124,0.9999999908558627,0.7630525507616363,0.9801432002616258,0.7754236251977321,10.743807003084124
0.7715,0.01354823917913601,1.0,10.733881526756557,0.9999999909651628,0.7627127424414778,0.9801141595337765,0.7747790296014222,10.733881526756557
0.772,0.013543533296783069,1.0,10.723942709505621,0.9999999910731933,0.7623729580059941,0.9800850792465668,0.7741335556527159,10.723942709505621
0.7725,0.013538827414430129,1.0,10.713990561954628,0.9999999911799657,0.7620331974742376,0.9800559593533568,0.7734872035826592,10.713990561954628
0.773,0.013534121532077186,1.0,10.704025094797947,0.9999999912854918,0.7616934608652606,0.9800267998074668,0.7728399736224916,10.704025094797947
0.7735,0.013529415649724246,1.0,10.694046318802304,0.9999999913897827,0.7613537481981152,0.9799976005621801,0.7721918660036455,10.694046318802304
0.774,0.013524709767371305,1.0,10.684054244805438,0.99999999149285,0.761014059491854,0.9799683615707413,0.7715428809577476,10.684054244805438
0.7745,0.013520003885018363,1.0,10.674048883717685,0.9999999915947052,0.760674394765529,0.9799390827863579,0.7708930187166165,10.674048883717685
0.775,0.013515298002665422,1.0,10.664030246521017,0.9999999916953598,0.7603347540381927,0.9799097641621985,0.7702422795122656,10.664030246521017
0.7755,0.01351059212031248,1.0,10.653998344269763,0.9999999917948253,0.7599951373288973,0.9798804056513949,0.7695906635769006,10.653998344269763
0.776,0.01350588623795954,1.0,10.643953188090222,0.9999999918931132,0.7596555446566953,0.9798510072070395,0.7689381711429208,10.643953188090222
0.7765,0.013501180355606598,1.0,10.633894789181484,0.9999999919902349,0.7593159760406387,0.9798215687821886,0.7682848024429184,10.633894789181484
0.777,0.013496474473253656,1.0,10.623823158814949,0.9999999920862019,0.75897643149978,0.9797920903298588,0.767630557709679,10.623823158814949
0.7775,0.013491768590900715,1.0,10.613738308334465,0.9999999921810258,0.7586369110531714,0.9797625718030303,0.7669754371761813,10.613738308334465
0.778,0.013487062708547774,1.0,10.603640249157014,0.9999999922747178,0.7582974147198653,0.9797330131546441,0.7663194410755969,10.603640249157014
0.7785,0.013482356826194834,1.0,10.593528992772264,0.9999999923672898,0.757957942518914,0.9797034143376043,0.7656625696412906,10.593528992772264
0.779,0.01347765094384189,1.0,10.583404550742781,0.9999999924587529,0.7576184944693697,0.9796737753047772,0.76500482310682,10.583404550742781
0.7795,0.013472945061488951,1.0,10.57326693470444,0.9999999925491188,0.7572790705902848,0.9796440960089903,0.7643462017059361,10.57326693470444
0.78,0.01346823917913601,1.0,10.56311615636616,0.9999999926383989,0.7569396709007115,0.979614376403034,0.7636867056725822,10.56311615636616
0.7805,0.01346353329678307,1.0,10.552952227510508,0.9999999927266048,0.7566002954197022,0.9795846164396611,0.763026335240895,10.552952227510508
0.781,0.013458827414430127,1.0,10.542775159992948,0.9999999928137479,0.7562609441663092,0.9795548160715859,0.7623650906452037,10.542775159992948
0.7815,0.013454121532077187,1.0,10.532584965743418,0.9999999928998395,0.7559216171595847,0.9795249752514853,0.7617029721200307,10.532584965743418
0.782,0.013449415649724246,1.0,10.5223816567649,0.9999999929848914,0.755582314418581,0.9794950939319982,0.7610399799000904,10.5223816567649
0.7825,0.013444709767371305,1.0,10.51216524513422,0.999999993068915,0.7552430359623507,0.9794651720657263,0.7603761142202913,10.51216524513422
0.783,0.013440003885018363,1.0,10.50193574300265,0.9999999931519216,0.7549037818099456,0.9794352096052327,0.7597113753157329,10.50193574300265
0.7835,0.013435298002665422,1.0,10.49169316259516,0.9999999932339229,0.7545645519804184,0.9794052065030435,0.759045763421709,10.49169316259516
0.784,0.01343059212031248,1.0,10.481437516210937,0.9999999933149303,0.7542253464928212,0.9793751627116464,0.7583792787737049,10.481437516210937
0.7845,0.013425886237959539,1.0,10.471168816223775,0.9999999933949552,0.7538861653662065,0.9793450781834921,0.7577119216073989,10.471168816223775
0.785,0.013421180355606598,1.0,10.460887075081638,0.9999999934740093,0.7535470086196263,0.9793149528709927,0.7570436921586619,10.460887075081638
0.7855,0.013416474473253656,1.0,10.450592305307062,0.9999999935521038,0.7532078762721333,0.979284786726524,0.7563745906635573,10.450592305307062
0.786,0.013411768590900715,1.0,10.440284519497665,0.9999999936292504,0.7528687683427794,0.9792545797024222,0.7557046173583406,10.440284519497665
0.7865,0.013407062708547775,1.0,10.429963730325397,0.9999999937054604,0.7525296848506171,0.9792243317509877,0.7550337724794605,10.429963730325397
0.787,0.013402356826194832,1.0,10.419629950537152,0.9999999937807456,0.7521906258146988,0.979194042824482,0.7543620562635573,10.419629950537152
0.7875,0.013397650943841892,1.0,10.40928319295556,0.9999999938551172,0.7518515912540765,0.9791637128751295,0.7536894689474644,10.40928319295556
0.788,0.013392945061488951,1.0,10.398923470477662,0.9999999939285867,0.7515125811878027,0.9791333418551169,0.7530160107682067,10.398923470477662
0.7885,0.01338823917913601,1.0,10.388550796076004,0.9999999940011658,0.7511735956349298,0.9791029297165932,0.7523416819630023,10.388550796076004
0.789,0.013383533296783068,1.0,10.37816518279885,0.9999999940728658,0.7508346346145099,0.9790724764116698,0.751666482769261,10.37816518279885
0.7895,0.013378827414430128,1.0,10.367766643769915,0.9999999941436981,0.7504956981455955,0.9790419818924209,0.7509904134245847,10.367766643769915
0.79,0.013374121532077187,1.0,10.35735519218821,0.9999999942136744,0.7501567862472387,0.9790114461108824,0.7503134741667681,10.35735519218821
0.7905,0.013369415649724246,1.0,10.34693084132893,0.9999999942828061,0.7498178989384919,0.978980869019053,0.7496356652337974,10.34693084132893
0.791,0.013364709767371304,1.0,10.336493604543188,0.9999999943511045,0.7494790362384074,0.9789502505688944,0.7489569868638513,10.336493604543188
0.7915,0.013360003885018363,1.0,10.326043495258045,0.9999999944185815,0.7491401981660375,0.97891959071233,0.7482774392953002,10.326043495258045
0.792,0.013355298002665422,1.0,10.315580526976733,0.9999999944852481,0.7488013847404345,0.978888889401246,0.747597022766707,10.315580526976733
0.7925,0.01335059212031248,1.0,10.305104713278773,0.9999999945511162,0.7484625959806506,0.9788581465874913,0.7469157375168263,10.305104713278773
0.793,0.013345886237959539,1.0,10.294616067820005,0.999999994616197,0.7481238319057383,0.9788273622228766,0.7462335837846048,10.294616067820005
0.7935,0.013341180355606597,1.0,10.284114604333096,0.9999999946805022,0.7477850925347497,0.978796536259176,0.7455505618091809,10.284114604333096
0.794,0.013336474473253656,1.0,10.273600336626991,0.9999999947440431,0.7474463778867373,0.9787656686481258,0.7448666718298852,10.273600336626991
0.7945,0.013331768590900715,1.0,10.2630732785877,0.9999999948068313,0.7471076879807532,0.978734759341425,0.7441819140862398,10.2630732785877
0.795,0.013327062708547773,1.0,10.252533444178061,0.9999999948688783,0.7467690228358499,0.9787038082907348,0.7434962888179588,10.252533444178061
0.7955,0.013322356826194834,1.0,10.24198084743803,0.9999999949301953,0.7464303824710795,0.9786728154476797,0.7428097962649479,10.24198084743803
0.796,0.013317650943841892,1.0,10.23141550248453,0.9999999949907942,0.7460917669054945,0.9786417807638458,0.742122436667305,10.23141550248453
0.7965,0.01331294506148895,1.0,10.220837423511764,0.9999999950506863,0.7457531761581471,0.9786107041907827,0.7414342102653192,10.220837423511764
0.797,0.01330823917913601,1.0,10.210246608434682,0.9999999951098801,0.7454146102704229,0.9785795856820565,0.7407451173449573,10.210246608434682
0.7975,0.01330353329678307,1.0,10.199642947826389,0.9999999951683699,0.7450760694304979,0.9785484252047267,0.7400551584919826,10.199642947826389
0.798,0.013298827414430128,1.0,10.189026430105448,0.999999995226162,0.7447375536932714,0.9785172227136127,0.7393643340220181,10.189026430105448
0.7985,0.013294121532077187,1.0,10.178397063449598,0.9999999952832641,0.7443990630868045,0.9784859781610359,0.7386726441963866,10.178397063449598
0.799,0.013289415649724245,1.0,10.167754856129633,0.9999999953396839,0.7440605976391577,0.978454691499285,0.7379800892766994,10.167754856129633
0.7995,0.013284709767371304,1.0,10.157099816508541,0.9999999953954292,0.7437221573783918,0.978423362680617,0.7372866695248568,10.157099816508541
0.8,0.013280003885018363,1.0,10.146431953042638,0.9999999954505077,0.7433837423325677,0.978391991657257,0.7365923852030478,10.146431953042638
0.8005,0.013275298002665421,1.0,10.135751274280999,0.9999999955049269,0.7430453525297462,0.9783605783813962,0.7358972365737504,10.135751274280999
0.801,0.01327059212031248,1.0,10.125057788866487,0.9999999955586948,0.742706987997988,0.978329122805196,0.7352012238997299,10.125057788866487
0.8015,0.013265886237959539,1.0,10.114351505535197,0.9999999956118191,0.7423686487653539,0.9782976248807838,0.7345043474440417,10.114351505535197
0.802,0.013261180355606597,1.0,10.10363243311701,0.9999999956643072,0.7420303348599047,0.9782660845602557,0.7338066074700282,10.10363243311701
0.8025,0.013256474473253656,1.0,10.092900580535494,0.9999999957161672,0.7416920463097012,0.9782345017956753,0.7331080042413218,10.092900580535494
0.803,0.013251768590900714,1.0,10.082155956808572,0.9999999957674065,0.7413537831428041,0.9782028765390743,0.7324085380218415,10.082155956808572
0.8035,0.013247062708547775,1.0,10.071398571048327,0.999999995818033,0.7410155453872743,0.9781712087424527,0.7317082090757961,10.071398571048327
0.804,0.013242356826194832,1.0,10.060628432460904,0.9999999958680543,0.7406773330711726,0.9781394983577785,0.7310070176676817,10.060628432460904
0.8045,0.013237650943841892,1.0,10.049845548604546,0.9999999959174779,0.7403391462249588,0.978107745337212,0.7303049640672666,10.049845548604546
0.805,0.01323294506148895,1.0,10.039049924374835,0.9999999959663103,0.740000984882894,0.978075949633242,0.7296020485525396,10.039049924374835
0.8055,0.01322823917913601,1.0,10.02824156695684,0.9999999960145586,0.73966284907623,0.9780441111980446,0.728898271395577,10.02824156695684
0.806,0.013223533296783068,0.0,10.01703236602397,0.9862749904272171,0.7393252738436834,0.9770408898371304,0.7281947485733173,10.01703236602397
0.8065,0.013218827414430128,0.0,10.003986619796242,0.9644993873172542,0.7389902404326562,0.975347138645188,0.7274956216423895,10.003986619796242
0.807,0.013214121532077187,0.0,9.989049448688837,0.9432047139279163,0.7386578295734744,0.9735321475525739,0.7268010798270113,9.989049448688837
0.8075,0.013209415649724245,0.0,9.972331490887658,0.9223799952201204,0.7383278942969003,0.9715877266973413,0.7261108363876232,9.972331490887658
0.808,0.013204709767371304,0.0,9.953884885544042,0.9020149715741597,0.7380003687308032,0.9695052628939188,0.7254247728592197,9.953884885544042
0.8085,0.013200003885018362,0.0,9.933738060113523,0.8820997061719558,0.7376752202267397,0.9672756777525787,0.7247428396676419,9.933738060113523
0.809,0.013195298002665421,0.0,9.911919795815164,0.8626242621954126,0.7373524161362657,0.9648893769220325,0.7240649867621706,9.911919795815164
0.8095,0.01319059212031248,0.0,9.888449446893052,0.8435788620570377,0.7370319373527787,0.9623362522061171,0.7233911921102685,9.888449446893052
0.81,0.013185886237959538,0.0,9.863336589781385,0.8249537724612601,0.7367137788572282,0.9596056530281527,0.7227214630254379,9.863336589781385
0.8105,0.013181180355606597,0.0,9.836556076868217,0.8067398461485535,0.7363979844995211,0.956686464886234,0.7220559096963411,9.836556076868217
0.811,0.013176474473253656,0.0,9.808070542482062,0.7889281697545254,0.7360846159954058,0.9535670674867865,0.7213946803428302,9.808070542482062
0.8115,0.013171768590900716,0.0,9.777843334074166,0.7715098299147991,0.7357737350606307,0.9502352935910192,0.7207379236647609,9.777843334074166
0.812,0.013167062708547773,0.0,9.745827920437291,0.7544761102277617,0.735465418268922,0.9466784671578451,0.7200858202734544,9.745827920437291
0.8125,0.013162356826194833,0.0,9.71197568098381,0.7378182799019966,0.7351597463337504,0.942883366449079,0.7194385601519862,9.71197568098381
0.8130000000000001,0.013157650943841892,0.0,9.676206639047612,0.7215282315510296,0.7348568452678438,0.9388363959260806,0.7187964299947195,9.676206639047612
0.8135,0.013152945061488952,0.0,9.638437255378923,0.7055979540547976,0.7345568478480679,0.9345235076441113,0.7181597319025848,9.638437255378923
0.8140000000000001,0.013148239179136009,0.0,9.598585375113856,0.6900194362932226,0.7342598868512882,0.9299302010025378,0.7175287690548393,9.598585375113856
0.8145,0.01314353329678307,0.0,9.55655766802416,0.6747849079981846,0.7339661129261437,0.9250416326971838,0.7169038837134987,9.55655766802416
0.8150000000000001,0.013138827414430128,0.0,9.512262050573362,0.6598865592584665,0.7336756773818545,0.9198425782350969,0.7162854207279437,9.512262050573362
0.8155,0.013134121532077186,0.0,9.465578131490217,0.6453171807419638,0.7333887742895436,0.9143177315819976,0.7156738173006724,9.465578131490217
0.8160000000000001,0.013129415649724245,0.0,9.416387366453499,0.6310695722443452,0.7331055983596191,0.9084515934972242,0.7150695134920921,9.416387366453499
0.8165,0.013124709767371304,0.0,9.364571573609679,0.6171365784867808,0.7328263473308141,0.9022285615992816,0.7144729572776208,9.364571573609679
0.8170000000000001,0.013120003885018362,0.0,9.310008393872398,0.6035111571455679,0.7325512287853452,0.8956330560723518,0.7138846191030849,9.310008393872398
0.8175,0.013115298002665421,0.0,9.252567245283375,0.590186454605473,0.7322804664038222,0.8886496778851416,0.7133050053241801,9.252567245283375
0.8180000000000001,0.01311059212031248,0.0,9.192103023444766,0.5771559994939657,0.7320143096269415,0.8812634716569341,0.7127346790211009,9.192103023444766
0.8185,0.013105886237959538,0.0,9.128474513505378,0.5644133204385271,0.7317530078953995,0.8734598837496499,0.7121742049073376,9.128474513505378
0.8190000000000001,0.013101180355606597,0.0,9.061541811309002,0.5519520263959501,0.7314968148367342,0.8652249572174039,0.711624158228724,9.061541811309002
0.8195,0.013096474473253657,0.0,8.991164253953906,0.5397657603942506,0.73124599183287,0.8565454692915963,0.7110851323764089,8.991164253953906
0.8200000000000001,0.013091768590900714,0.0,8.91719330251981,0.5278484941750039,0.731000819088645,0.8474093370936745,0.7105577626760804,8.91719330251981
0.8205,0.013087062708547774,0.0,8.839479345565168,0.5161944114223911,0.7307615866150924,0.8378057785509047,0.7100427070319104,8.839479345565168
0.8210000000000001,0.013082356826194833,0.0,8.75787893154555,0.5047976958205828,0.7305285844232452,0.8277253623087707,0.7095406247482396,8.75787893154555
0.8215,0.013077650943841893,0.0,8.672255560364398,0.4936527131770556,0.7303021020382465,0.8171603735598362,0.7090521753400465,8.672255560364398
0.8220000000000001,0.01307294506148895,0.0,8.582467770664648,0.48275360789948185,0.730082446950809,0.8061046598705148,0.7085780582237488,8.582467770664648
0.8225,0.01306823917913601,0.0,8.48838581007768,0.47209504641933947,0.7298699209094348,0.7945545517749513,0.7081189614821,8.48838581007768
0.8230000000000001,0.013063533296783069,0.0,8.38989037292138,0.46167187653690395,0.7296648225030095,0.7825088300659114,0.7076755672306825,8.38989037292138
0.8235,0.013058827414430128,0.0,8.28687102786408,0.45147894605246014,0.7294674503204192,0.7699687481211043,0.7072485582554604,8.28687102786408
0.8240000000000001,0.013054121532077186,0.0,8.179226812212407,0.44151110276628364,0.7292781029505495,0.7569381980709525,0.7068386178317869,8.179226812212407
0.8245,0.013049415649724245,0.0,8.0668810381658,0.43176338546078624,0.7290970571873517,0.7434241053574356,0.7064463823017881,8.0668810381658
0.8250000000000001,0.013044709767371303,0.0,7.949735869548948,0.42223070936416784,0.7289246385085008,0.7294362102710746,0.706072593569012,7.949735869548948
0.8255,0.013040003885018362,0.0,7.827756793972482,0.4129084564074408,0.7287610921974693,0.7149879246236653,0.705717819576361,7.827756793972482
0.8260000000000001,0.01303529800266542,0.0,7.700929526369372,0.40379209524361276,0.7286066489898653,0.7000959928461175,0.7053825961099591,7.700929526369372
0.8265,0.01303059212031248,0.0,7.56925101732918,0.39487709452569975,0.7284615396212963,0.6847803982903617,0.7050674581406527,7.56925101732918
0.8270000000000001,0.013025886237959538,0.0,7.432735281197913,0.3861589455115815,0.7283259863949053,0.669064358061492,0.7047729213267953,7.432735281197913
0.8275,0.013021180355606598,0.0,7.2914317182998625,0.37763329675337437,0.7282001740966084,0.6529744715706942,0.7044994185555441,7.2914317182998625
0.8280000000000001,0.013016474473253655,0.0,7.145376584555533,0.36929572692520857,0.7280843282173138,0.6365402665591304,0.704247469755882,7.145376584555533
0.8285,0.013011768590900715,0.0,6.994722302125278,0.36114224298907793,0.7279785046066355,0.61979479993957,0.7040172241758311,6.994722302125278
0.8290000000000001,0.013007062708547774,0.0,6.839630630055429,0.3531688519069688,0.7278827591141875,0.6027738228110879,0.7038088288507709,6.839630630055429
0.8295,0.013002356826194834,0.0,6.680272811722226,0.3453715606408748,0.7277971475895838,0.5855154810222202,0.7036224285585326,6.680272811722226
0.8300000000000001,0.012997650943841891,0.0,6.516858526230843,0.33774646126409613,0.7277216766567983,0.5680601132161026,0.7034580585496597,6.516858526230843
0.8305,0.012992945061488952,0.0,6.349589267917744,0.3302896284025797,0.727656381469806,0.5504497316832501,0.7033158137835207,6.349589267917744
0.8310000000000001,0.012988239179136008,0.0,6.178753766919505,0.32299735079042824,0.727601160222698,0.5327279845516297,0.7031954883519191,6.178753766919505
0.8315,0.012983533296783069,0.0,6.004712671794934,0.3158661097492937,0.7275557917272694,0.5149397403274303,0.7030966135145799,6.004712671794934
0.8320000000000001,0.012978827414430127,0.0,5.827827246824521,0.3088923866008218,0.727520054795315,0.49713031063358776,0.7030187178450075,5.827827246824521
0.8325,0.012974121532077186,0.0,5.648458805972318,0.3020726626666645,0.7274937282386298,0.4793449704650228,0.702961327402873,5.648458805972318
0.833,0.012969415649724245,0.0,5.4668127177112575,0.29540354827167886,0.7274768809160149,0.4616291417783755,0.7029245982589444,5.4668127177112575
0.8335,0.012964709767371303,0.0,5.283980895698419,0.28888155820536104,0.7274679169711431,0.4440252321621076,0.702905054879809,5.283980895698419
0.834,0.012960003885018364,0.0,5.100724685309802,0.28250353406185996,0.7274657785400144,0.426575761979076,0.7029003925327981,5.100724685309802
0.8345,0.012955298002665422,0.0,4.917667243849675,0.2762663755683585,0.7274696109230526,0.4093219045838041,0.7029087481182708,4.917667243849675
0.835,0.01295059212031248,0.0,4.735402777801903,0.27016698245204523,0.7274785594206814,0.3923027353825833,0.7029282576982917,4.735402777801903
0.8355,0.01294588623795954,0.0,4.5544955736105734,0.26420225759177973,0.7274917687703877,0.37555490850926176,0.7029570556484326,4.5544955736105734
0.836,0.012941180355606598,0.0,4.375137337553156,0.2583691962551336,0.727509095603435,0.35911334104855597,0.7029948280845684,4.375137337553156
0.8365,0.012936474473253657,0.0,4.1973519189941175,0.2526649130839781,0.7275307450347147,0.3430106301853063,0.7030420203946495,4.1973519189941175
0.837,0.012931768590900715,0.0,4.021363351139921,0.2470865882570087,0.7275565073222195,0.32727593827126117,0.7030981731901287,4.021363351139921
0.8375,0.012927062708547774,0.0,3.847440054308568,0.24163149121879215,0.7275860584962901,0.311935243875588,0.7031625778976534,3.847440054308568
0.838,0.012922356826194834,0.0,3.6757649894537128,0.23629672921314337,0.727619242150312,0.2970108196208237,0.7032348910129186,3.6757649894537128
0.8385,0.012917650943841891,0.0,3.5066975700810312,0.23107972784393196,0.7276554784771709,0.2825220111478789,0.7033138463860051,3.5066975700810312
0.839,0.012912945061488951,0.0,3.340594783675959,0.225977951394998,0.7276941388496849,0.2684848331401831,0.7033980719327413,3.340594783675959
0.8395,0.01290823917913601,0.0,3.177788299968446,0.22098886415017677,0.7277345946406722,0.25491196961199936,0.7034861961780838,3.177788299968446
0.84,0.012903533296783069,0.0,3.0185824015080915,0.21610993665032086,0.7277762215447214,0.2418128992535506,0.7035768577741257,3.0185824015080915
0.8405,0.012898827414430127,0.0,2.8632780392202646,0.21133875113562461,0.727818337502685,0.2291942652352602,0.7036685704007908,2.8632780392202646
0.841,0.012894121532077186,0.0,2.7122298143301626,0.206672810413412,0.7278600434362426,0.21705941943458598,0.7037593761659049,2.7122298143301626
0.8415,0.012889415649724244,0.0,2.565671445740448,0.20210988447061837,0.7279006679938724,0.2054098575011413,0.7038478140872766,2.565671445740448
0.842,0.012884709767371305,0.0,2.4238089500769524,0.19764774329418316,0.7279395398240529,0.1942445112647064,0.7039324240354077,2.4238089500769524
0.8425,0.012880003885018362,0.0,2.28682089158779,0.1932841568710418,0.7279759875752625,0.18355996672016328,0.704011746657385,2.28682089158779
0.843,0.012875298002665422,0.0,2.1548141114347796,0.18901696522823425,0.7280094725674562,0.17335093828163275,0.7040846119478665,2.1548141114347796
0.8435,0.01287059212031248,0.0,2.0279129401184477,0.18484397019724239,0.7280393374007486,0.16361006279722418,0.7041495919943044,2.0279129401184477
0.844,0.01286588623795954,0.0,1.906198525788817,0.18076297840095104,0.7280649804604044,0.1543283518536545,0.704205380591999,1.906198525788817
0.8445,0.012861180355606598,0.0,1.7895628806679278,0.17677206579679747,0.7280863430674088,0.14549624462687386,0.7042518526941804,1.7895628806679278
0.845,0.012856474473253656,0.0,1.6778971394562885,0.17286930834222253,0.7281033665427469,0.13710282473238392,0.7042888828584486,1.6778971394562885
0.8455,0.012851768590900715,0.0,1.5710916257633885,0.16905278199466361,0.7281159922074036,0.12913603212291783,0.7043163452265416,1.5710916257633885
0.846,0.012847062708547775,0.0,1.4690359194430052,0.16532056271156148,0.7281241613823642,0.12158286503429544,0.7043341135038291,1.4690359194430052
0.8465,0.012842356826194832,0.0,1.3715999953697076,0.16167072719273587,0.7281278859055266,0.11442960161278355,0.7043422143112065,1.3715999953697076
0.847,0.012837650943841893,0.0,1.2789358327508564,0.15810144339200097,0.728126097352303,0.10766167192112773,0.7043383242364424,1.2789358327508564
0.8475,0.012832945061488951,0.0,1.1914446870589033,0.15461096627879237,0.7281165817278716,0.10126388073125847,0.7043176274746517,1.1914446870589033
0.848,0.01282823917913601,0.0,1.108858588563695,0.15119755644915425,0.728099582642276,0.09522179837845544,0.704280652162782,1.108858588563695
0.8485,0.012823533296783068,0.0,1.0308600565491037,0.1478595052203627,0.7280756127941169,0.08952091932784326,0.7042285105708199,1.0308600565491037
0.849,0.012818827414430127,0.0,0.9571930190433742,0.14459515967945658,0.7280450080290752,0.08414664716751195,0.704161929368377,0.9571930190433742
0.8495,0.012814121532077186,0.0,0.8876264648282176,0.14140288531925094,0.7280080574492911,0.0790843877011364,0.7040815327499674,0.8876264648282176
0.85,0.012809415649724246,0.0,0.8217511239868174,0.13828109300698796,0.7279659699878912,0.07431995938097868,0.7039899460614844,0.8217511239868174
0.8500000000000001,0.012809415649724244,0.0,0.8217511239867903,0.13828109300698727,0.7279659699878912,0.07431995938097766,0.7039899460614844,0.8217511239867903
0.8505,0.012836082316390909,0.0,1.2442731538262488,0.13522822610180762,0.7281430652952176,0.06989869649466561,0.7043752282116786,1.2442731538262488
0.851,0.012862748983057571,0.0,1.3362117682923755,0.13224276299755297,0.7297903422152722,0.06610993450254397,0.7079469633594411,1.3362117682923755
0.8514999999999999,0.012889415649724236,0.0,1.291581763358631,0.12932321548813305,0.7319606795725947,0.06265322797493882,0.712619690819259,1.291581763358631
0.8519999999999999,0.012916082316390898,0.0,1.2412916074616334,0.12646812823534176,0.7341561176323417,0.05938633499585392,0.7173081208307626,1.2412916074616334
0.8524999999999998,0.012942748983057563,0.0,1.1927813205237705,0.12367607783671065,0.7363484342394252,0.056293768289137215,0.7219514074879891,1.1927813205237705
0.8529999999999998,0.012969415649724227,0.0,1.1463478441176147,0.12094568221353642,0.7385362269888442,0.05336711533077335,0.7265467816110833,1.1463478441176147
0.8534999999999997,0.01299608231639089,0.0,1.1019569445062232,0.11827556092787785,0.7407193605981155,0.050598483894114886,0.7310942001253997,1.1019569445062232
0.8539999999999996,0.013022748983057554,0.0,1.059546944131526,0.11566437816465078,0.7428978122107933,0.04798028262600022,0.735593860136014,1.059546944131526
0.8544999999999996,0.013049415649724217,0.0,1.019056126885467,0.11311085953001856,0.7450715647313128,0.045505218010430754,0.740045971565835,1.019056126885467
0.8549999999999995,0.013076082316390882,0.0,0.9804242012864552,0.11061373063014458,0.7472406010641088,0.04316622566184996,0.744450744998268,0.9804242012864552
0.8554999999999995,0.013102748983057546,0.0,0.9435895933623503,0.10817180581831787,0.7494049163672173,0.040956570646216085,0.7488084162363146,0.9435895933623503
0.8559999999999994,0.013129415649724209,0.0,0.9084899603294512,0.10578371531397383,0.7515645169702851,0.03886956622078135,0.753119243087169,0.9084899603294512
0.8564999999999994,0.013156082316390873,0.0,0.8750599480907737,0.10344829568487793,0.7537194319181814,0.03689898406122222,0.7573835271411868,0.8750599480907737
0.8569999999999993,0.013182748983057537,0.0,0.8432354824365034,0.10116443986739815,0.7558696946687554,0.03503887893478436,0.7616015760754932,0.8432354824365034
0.8574999999999993,0.0132094156497242,0.0,0.8129547295513473,0.09893104079790246,0.7580153386798567,0.03328353002993769,0.7657736947431022,0.8129547295513473
0.8579999999999992,0.013236082316390865,0.0,0.7841580552746814,0.09674699141275886,0.7601563974093345,0.03162744146256463,0.7699001851853237,0.7841580552746814
0.8584999999999992,0.013262748983057527,0.0,0.7567879846542391,0.09461118464833534,0.7622929043150385,0.03006534155011325,0.7739813466440822,0.7567879846542391
0.8589999999999991,0.013289415649724192,0.0,0.7307881603122642,0.09252254030797809,0.7644248979659564,0.02859220292632907,0.7780174852065997,0.7307881603122642
0.859499999999999,0.013316082316390856,0.0,0.7060963050930221,0.09048001276058808,0.7665524588162442,0.027203245179271134,0.7820089820610346,0.7060963050930221
0.859999999999999,0.013342748983057519,0.0,0.6826560578306021,0.08848250748693365,0.7686756500310765,0.025893858512007574,0.78595618044582,0.6826560578306021
0.8604999999999989,0.013369415649724183,0.0,0.660411883896957,0.08652908643984329,0.7707945428676778,0.02465975577012184,0.7898594336830529,0.660411883896957
0.8609999999999989,0.013396082316390846,0.0,0.6393106076029189,0.08461881157214557,0.7729092085832724,0.023496839009977226,0.7937190898148972,0.6393106076029189
0.8614999999999988,0.01342274898305751,0.0,0.6193013324083355,0.082750744836669,0.7750197184350847,0.022401195711605242,0.7975354916278856,0.6193013324083355
0.8619999999999988,0.013449415649724175,0.0,0.6003353624657785,0.08092394818624209,0.7771261436803392,0.021369094527959428,0.8013089766768127,0.6003353624657785
0.8624999999999987,0.013476082316390837,0.0,0.5823661254982344,0.07913748357369337,0.7792285555762604,0.020396980649693038,0.8050398773082226,0.5823661254982344
0.8629999999999987,0.013502748983057502,0.0,0.5653460808891638,0.07739050407162021,0.7813270428810092,0.019481525727829883,0.8087285512993441,0.5653460808891638
0.8634999999999986,0.013529415649724165,0.0,0.5492289124419533,0.0756820228400371,0.7834216997809177,0.01861948033906472,0.8123753594968522,0.5492289124419533
0.8639999999999985,0.013556082316390829,0.0,0.5339713298478433,0.07401122635721553,0.7855126149796933,0.017807854808003096,0.8159806466686028,0.5339713298478433
0.8644999999999985,0.013582748983057493,0.0,0.5195318491780412,0.07237732188558119,0.7875998781350545,0.017043815676906524,0.8195447529270252,0.5195318491780412
0.8649999999999984,0.013609415649724156,0.0,0.5058708726885238,0.07077951668755968,0.7896835789047202,0.016324668366111985,0.8230680120706917,0.5058708726885238
0.8654999999999984,0.01363608231639082,0.0,0.49295060386496514,0.06921701802557666,0.7917638069464087,0.01564785252906271,0.8265507516101898,0.49295060386496514
0.8659999999999983,0.013662748983057485,0.0,0.48073496457921083,0.06768903316205778,0.7938406519178386,0.01501093733397612,0.8299932927933529,0.48073496457921083
0.8664999999999983,0.013689415649724148,0.0,0.4691894874342907,0.06619479148401866,0.7959142036482107,0.01441162668425431,0.833395950909824,0.4691894874342907
0.8669999999999982,0.013716082316390812,0.0,0.458279470552292,0.06473355397835148,0.7979845635335581,0.013847757090909539,0.8367590537170919,0.458279470552292
0.8674999999999982,0.013742748983057475,0.0,0.4479721395161338,0.06330451014341515,0.8000518306060462,0.013317246815363382,0.840082918224027,0.4479721395161338
0.8679999999999981,0.01376941564972414,0.0,0.4382370936323198,0.06190699486369271,0.8021160979109384,0.012818184061531651,0.8433678451760267,0.4382370936323198
0.868499999999998,0.013796082316390804,0.0,0.4290452800287585,0.060540343023667245,0.8041774584934978,0.012348755210871072,0.8466141289517368,0.4290452800287585
0.868999999999998,0.013822748983057466,0.0,0.4203689214736418,0.059203889507821815,0.8062360053989872,0.011907240943611232,0.8498220575850347,0.4203689214736418
0.8694999999999979,0.01384941564972413,0.0,0.41218144646866217,0.057896969200639484,0.80829183167267,0.01149201239962767,0.8529919127863205,0.41218144646866217
0.8699999999999979,0.013876082316390793,0.0,0.4044574216159885,0.05661891698660334,0.8103450303598093,0.01110152739235681,0.8561239699631134,0.4044574216159885
0.8704999999999978,0.013902748983057458,0.0,0.39717273547478443,0.055369093033673746,0.8123956927804086,0.010734334976091156,0.8592184956506286,0.39717273547478443
0.8709999999999978,0.013929415649724122,0.0,0.3903040714398195,0.05414688767566569,0.8144439116942038,0.01038907182249209,0.8622757523706063,0.3903040714398195
0.8714999999999977,0.013956082316390785,0.0,0.3838283768116136,0.052951590864681056,0.8164897846792555,0.01006441723390508,0.865296003491736,0.3838283768116136
0.8719999999999977,0.01398274898305745,0.0,0.37772543516272755,0.05178265269223638,0.8185333956505745,0.009759171690838668,0.8682794860235562,0.37772543516272755
0.8724999999999976,0.014009415649724112,0.0,0.3719758239001653,0.05063952324984814,0.8205748285231721,0.009472199461577624,0.8712264313620436,0.3719758239001653
0.8729999999999976,0.014036082316390776,0.0,0.36656086532912163,0.049521652629032874,0.8226141672120594,0.009202425804027218,0.8741370653045151,0.36656086532912163
0.8734999999999975,0.014062748983057441,0.0,0.3614625795660188,0.04842849092130708,0.8246514956322474,0.008948834236614078,0.8770116080639689,0.3614625795660188
0.8739999999999974,0.014089415649724104,0.0,0.35666363930142614,0.04735948821818726,0.8266868976987473,0.008710463882135689,0.879850274282862,0.35666363930142614
0.8744999999999974,0.014116082316390768,0.0,0.35214732641285285,0.04631409461118993,0.8287204573265703,0.008486406887698267,0.8826532730463231,0.35214732641285285
0.8749999999999973,0.01414274898305743,0.0,0.3478981900670954,0.04529179790404759,0.8307522532556239,0.00827581454970064,0.8854208008878061,0.3478981900670954
0.8754999999999973,0.014169415649724095,0.0,0.3439017949787772,0.04429207670073854,0.8327823604783616,0.008077882835761604,0.8881530441312456,0.3439017949787772
0.8759999999999972,0.01419608231639076,0.0,0.3401433914546163,0.04331436208619717,0.8348108598186793,0.007891842543153536,0.8908501918646239,0.3401433914546163
0.8764999999999972,0.014222748983057422,0.0,0.3366106447137366,0.04235820570467428,0.8368378173159845,0.007716993247679885,0.8935124085671518,0.3366106447137366
0.8769999999999971,0.014249415649724087,0.0,0.3332915966349726,0.04142315920042065,0.8388632990096848,0.007552672734458456,0.896139854375831,0.3332915966349726
0.8774999999999971,0.01427608231639075,0.0,0.3301746395826027,0.040508774217687095,0.840887370939188,0.007398255205211127,0.8987326850934257,0.3301746395826027
0.877999999999997,0.014302748983057414,0.0,0.3272484913781556,0.03961460240072439,0.8429100991439014,0.007253149545106396,0.9012910521960844,0.3272484913781556
0.878499999999997,0.014329415649724078,0.0,0.32450217141732535,0.03874019539378334,0.8449315496632328,0.00711679764943525,0.9038151028406143,0.32450217141732535
0.8789999999999969,0.014356082316390741,0.0,0.32192497793282127,0.03788510484111472,0.8469517885365899,0.006988672810140714,0.9063049798714052,0.32192497793282127
0.8794999999999968,0.014382748983057405,0.0,0.3195064664028907,0.03704888238696935,0.8489708818033803,0.0068682781619890205,0.9087608218270059,0.3195064664028907
0.8799999999999968,0.014409415649724068,0.0,0.31723990076772934,0.036231223975802467,0.8509888686115102,0.006755167313646257,0.911182730889289,0.31723990076772934
0.8804999999999967,0.014436082316390732,0.0,0.3151139458582574,0.035431521922530504,0.8530058251814236,0.0066488724507926394,0.9135708502776233,0.3151139458582574
0.8809999999999967,0.014462748983057397,0.0,0.3131214556853941,0.03464941664412077,0.855021796786948,0.006548990427562464,0.91592528237246,0.3131214556853941
0.8814999999999966,0.01448941564972406,0.0,0.3112555170603839,0.033884553002803026,0.8570368280749897,0.006455140929489127,0.9182461258925598,0.3112555170603839
0.8819999999999966,0.014516082316390724,0.0,0.3095093570814713,0.03313657586080703,0.859050963692455,0.00636696469687967,0.9205334766558975,0.3095093570814713
0.8824999999999965,0.014542748983057388,0.0,0.3078763323676101,0.032405130080362554,0.8610642482862505,0.006284122498593563,0.9227874275829414,0.3078763323676101
0.8829999999999965,0.014569415649724051,0.0,0.30634991881597007,0.03168986052369936,0.8630767265032825,0.006206294144806212,0.9250080686997724,0.30634991881597007
0.8834999999999964,0.014596082316390716,0.0,0.30492370188314155,0.03099041205304721,0.8650884429904573,0.006133177538186294,0.9271954871410436,0.30492370188314155
0.8839999999999963,0.014622748983057378,0.0,0.30359136738955833,0.03030642953063587,0.8670994423946814,0.006064487762843879,0.9293497671527816,0.30359136738955833
0.8844999999999963,0.014649415649724043,0.0,0.30234669284808097,0.029637557818695103,0.8691097693628611,0.005999956210343424,0.9314709900950263,0.30234669284808097
0.8849999999999962,0.014676082316390707,0.0,0.3011835393156677,0.028983441779454673,0.871119468541903,0.005939329742021514,0.9335592344443139,0.3011835393156677
0.8854999999999962,0.01470274898305737,0.0,0.30009879173467846,0.028343821377853545,0.8731285611006868,0.005882379262818151,0.9356145519664714,0.30009879173467846
0.8859999999999961,0.014729415649724034,0.0,0.29908715235199623,0.027718274151016648,0.8751370860106693,0.005828872641061153,0.937637010840372,0.29908715235199623
0.8864999999999961,0.014756082316390699,0.0,0.29814417994024267,0.02710648510533277,0.8771450758758277,0.0057786018662261945,0.9396266704737755,0.29814417994024267
0.886999999999996,0.014782748983057361,0.0,0.2972662650909518,0.02650817783033128,0.8791525570383968,0.005731374225890887,0.9415835821185682,0.2972662650909518
0.887499999999996,0.014809415649724026,0.0,0.29644983894080695,0.025923075915541546,0.8811595558406117,0.0056870077742718315,0.9435077953279972,0.29644983894080695
0.8879999999999959,0.014836082316390688,0.0,0.29569136974254107,0.025350902950492932,0.8831660986247075,0.005645330795470934,0.9453993579577137,0.29569136974254107
0.8884999999999958,0.014862748983057353,0.0,0.29498735961860206,0.02479138252471481,0.8851722117329192,0.005606181288583115,0.9472583161667618,0.29498735961860206
0.8889999999999958,0.014889415649724017,0.0,0.2943343414965932,0.024244238227736546,0.8871779215074816,0.005569406474146581,0.9490847144185122,0.2943343414965932
0.8894999999999957,0.01491608231639068,0.0,0.2937288762272678,0.02370919364908751,0.88918325429063,0.0055348623214027115,0.9508785954815393,0.2937288762272678
0.8899999999999957,0.014942748983057344,0.0,0.2931675498848669,0.02318597237829706,0.8911882364245993,0.00550241309582099,0.9526400004304444,0.2931675498848669
0.8904999999999956,0.014969415649724007,0.0,0.29264697124945943,0.022674298004894577,0.8931928942516246,0.005471930926335548,0.9543689686466215,0.29264697124945943
0.8909999999999956,0.014996082316390671,0.0,0.2921650103402622,0.02217394618108367,0.8951972440982179,0.005443298701824657,0.9560655294215659,0.2921650103402622
0.8914999999999955,0.015022748983057336,0.0,0.29171976307818376,0.021684626988633274,0.8972013005825786,0.0054164018141330626,0.9577297095923466,0.29171976307818376
0.8919999999999955,0.015049415649723999,0.0,0.2913084865251594,0.021206065772444424,0.899205085205054,0.005391133412005375,0.9593615406059184,0.2913084865251594
0.8924999999999954,0.015076082316390663,0.0,0.2909293104358458,0.020738047085221586,0.9012086125174936,0.005367396312875556,0.9609610470371251,0.2909293104358458
0.8929999999999954,0.015102748983057326,0.0,0.2905803746726389,0.02028035547966922,0.9032118970717468,0.0053450987883453755,0.9625282525261994,0.2905803746726389
0.8934999999999953,0.01512941564972399,0.0,0.29025982824998275,0.019832775508491787,0.9052149534196628,0.00532415428919462,0.9640631797790533,0.29025982824998275
0.8939999999999952,0.015156082316390655,0.0,0.289965828434157,0.019395091724393757,0.9072177961130913,0.0053044811819669205,0.9655658505675524,0.289965828434157
0.8944999999999952,0.015182748983057317,0.0,0.2896965398987707,0.018967088680079583,0.9092204397038816,0.005286002496808662,0.9670362857297736,0.2896965398987707
0.8949999999999951,0.015209415649723982,0.0,0.28945013393597596,0.018548550928253738,0.911222898743883,0.0052686456862372855,0.9684745051702446,0.28945013393597596
0.8954999999999951,0.015236082316390644,0.0,0.28922478772306526,0.01813926302162068,0.9132251877849451,0.005252342394514836,0.9698805278601679,0.28922478772306526
0.895999999999995,0.015262748983057309,0.0,0.28901868364504657,0.017739009512884873,0.9152273213789173,0.005237028237303285,0.9712543718376265,0.28901868364504657
0.896499999999995,0.015289415649723973,0.0,0.28883068259162314,0.01734763099085587,0.9172293086067751,0.005222644887081312,0.9725960505851501,0.28883068259162314
0.8969999999999949,0.015316082316390636,0.0,0.288659920070941,0.01696490689840739,0.9192311563456019,0.005209134800604422,0.9739055755789257,0.288659920070941
0.8974999999999949,0.0153427489830573,0.0,0.2885046232044431,0.016590571631329293,0.921232878871928,0.005196442158008846,0.9751829625167825,0.2885046232044431
0.8979999999999948,0.015369415649723963,0.0,0.2883638897053868,0.01622446227167866,0.9232344834153186,0.005184518375044105,0.976428221853948,0.2883638897053868
0.8984999999999947,0.015396082316390627,0.0,0.28823681929876643,0.015866415901512568,0.9252359772053389,0.005173317578462276,0.9776413635822376,0.28823681929876643
0.8989999999999947,0.015422748983057292,0.0,0.28812251350381574,0.015516269602888095,0.9272373674715545,0.0051627964701064875,0.9788223972301217,0.28812251350381574
0.8994999999999946,0.015449415649723955,0.0,0.2880200754307997,0.015173860457862311,0.9292386614435306,0.00515291419671144,0.9799713318627868,0.2880200754307997
0.8999999999999946,0.015476082316390619,0.0,0.28792860959118444,0.014839025548492299,0.9312398663508326,0.005143632225250511,0.9810881760821946,0.28792860959118444
0.9004999999999945,0.015502748983057282,0.0,0.2878472217215836,0.014511601956835134,0.9332409894230256,0.005134914223664706,0.9821729380271337,0.2878472217215836
0.9009999999999945,0.015529415649723946,0.0,0.28777501862159505,0.014191426764947892,0.9352420378896751,0.005126725946809577,0.9832256253732709,0.28777501862159505
0.9014999999999944,0.01555608231639061,0.0,0.28771110800514266,0.013878337054887651,0.9372430189803463,0.005119035127457455,0.9842462453331953,0.28771110800514266
0.9019999999999944,0.015582748983057273,0.0,0.28765459836569157,0.013572169908711487,0.9392439399246046,0.005111811372193685,0.9852348046564599,0.28765459836569157
0.9024999999999943,0.015609415649723938,0.0,0.2876045988552415,0.013272762408476475,0.9412448079520155,0.005105026062047264,0.9861913096296179,0.2876045988552415
0.9029999999999943,0.0156360823163906,0.0,0.2875602191768402,0.012979951636239696,0.9432456302921439,0.0050986522576980465,0.987115766076256,0.2875602191768402
0.9034999999999942,0.015662748983057265,0.0,0.2875217885011156,0.01269366234445617,0.9452464042561332,0.0050926666531580555,0.9880081750124688,0.2875217885011156
0.9039999999999941,0.01568941564972393,0.0,0.28748831321213014,0.012413650730757203,0.9472471379192517,0.005087043345007473,0.9888685421691582,0.28748831321213014
0.9044999999999941,0.015716082316390594,0.0,0.2874592779608413,0.01213978394227005,0.9492478354680254,0.005081760546501227,0.9896968711812775,0.2874592779608413
0.904999999999994,0.015742748983057255,0.0,0.2874342784717953,0.011871941603632296,0.9512485001868478,0.005076797970715279,0.9904931650638729,0.2874342784717953
0.905499999999994,0.01576941564972392,0.0,0.28741291063069146,0.011610003339481525,0.9532491353601129,0.005072136467520657,0.9912574266216918,0.28741291063069146
0.9059999999999939,0.015796082316390583,0.0,0.2873947704573309,0.011353848774455326,0.9552497442722145,0.00506775796616742,0.9919896584491912,0.2873947704573309
0.9064999999999939,0.015822748983057248,0.0,0.28737945408170285,0.011103357533191282,0.9572503302075464,0.005063645420320283,0.9926898629305447,0.28737945408170285
0.9069999999999938,0.015849415649723912,0.0,0.28736655772256847,0.010858409240326978,0.9592508964505024,0.00505978275547127,0.9933580422396493,0.28736655772256847
0.9074999999999938,0.015876082316390573,0.0,0.28735567766919884,0.010618883520500002,0.9612514462854765,0.005056154818655499,0.9939941983401308,0.28735567766919884
0.9079999999999937,0.015902748983057238,0.0,0.2873464102658179,0.010384659998347937,0.9632519829968623,0.005052747330396925,0.9945983329853484,0.2873464102658179
0.9084999999999936,0.015929415649723902,0.0,0.2873383518986874,0.010155618298508366,0.9652525098690539,0.005049546838811794,0.9951704477183992,0.2873383518986874
0.9089999999999936,0.015956082316390566,0.0,0.28733109898639325,0.00993163804561888,0.9672530301864448,0.005046540675798425,0.9957105438721204,0.28733109898639325
0.9094999999999935,0.01598274898305723,0.0,0.28732424797264566,0.00971259886431706,0.9692535472334292,0.005043716915242982,0.9962186225690921,0.28732424797264566
0.9099999999999935,0.016009415649723892,0.0,0.287317566345197,0.009498404764710039,0.9712540629023853,0.0050410646703110025,0.9966946844015199,0.287317566345197
0.9104999999999934,0.016036082316390556,0.0,0.2873111344503516,0.00928895517651253,0.9732545765392924,0.005038573603808445,0.9971387292956297,0.2873111344503516
0.9109999999999934,0.01606274898305722,0.0,0.2873044886032999,0.009084094844958623,0.9752550919182544,0.005036233270954903,0.9975507580961038,0.2873044886032999
0.9114999999999933,0.016089415649723885,0.0,0.2872974502678208,0.008883734877830408,0.9772556104925493,0.00503403470954065,0.9979307709837335,0.2872974502678208
0.9119999999999933,0.01611608231639055,0.0,0.2872898409170252,0.00868778638290997,0.9792561337154553,0.005031969458143785,0.9982787680462757,0.2872898409170252
0.9124999999999932,0.01614274898305721,0.0,0.2872814820348376,0.008496160467979397,0.9812566630402505,0.005030029530918998,0.9985947492784532,0.2872814820348376
0.9129999999999932,0.016169415649723875,0.0,0.2872721951182716,0.008308768240820774,0.9832571999202129,0.0050282073934595365,0.9988787145819531,0.2872721951182716
0.9134999999999931,0.01619608231639054,0.0,0.28726180167968507,0.00812552080921619,0.9852577458086207,0.005026495939699573,0.999130663765427,0.28726180167968507
0.913999999999993,0.016222748983057204,0.0,0.28725012325021354,0.007946329280947729,0.9872583021587519,0.005024888469824536,0.9993505965444893,0.28725012325021354
0.914499999999993,0.016249415649723868,0.0,0.2872369813832947,0.007771104763797479,0.9892588704238847,0.005023378669157329,0.9995385125417164,0.2872369813832947
0.9149999999999929,0.016276082316390533,0.0,0.2872221976591472,0.007599758365547527,0.9912594520572973,0.005021960587988787,0.9996944112866453,0.2872221976591472
0.9154999999999929,0.016302748983057194,0.0,0.28720559368938925,0.00743220119397996,0.9932600485122675,0.00502062862232115,0.999818292215772,0.28720559368938925
0.9159999999999928,0.016329415649723858,0.0,0.28718699112261065,0.007268344356876864,0.9952606612420737,0.00501937749549378,0.9999101546725505,0.28718699112261065
0.9164999999999928,0.016356082316390522,0.0,0.2871662116501647,0.007108098962020325,0.9972612916999938,0.005018202240660847,0.9999699979073899,0.2871662116501647
0.9169999999999927,0.016382748983057187,0.0,0.28714333005069304,0.0069514489073550356,0.9992619392791185,0.005017098756933046,0.9999978210654892,0.28714333005069304
0.9174999999999927,0.01640941564972385,0.0,0.28711815518815664,0.006798239180148343,1.0012626055377554,0.005016062080023901,0.9999936233090241,0.28711815518815664
0.9179999999999926,0.016436082316390512,0.0,0.2870905358988762,0.006648374701074872,1.0032632917092197,0.00501508802723547,0.9999574037088822,0.2870905358988762
0.9184999999999925,0.016462748983057177,0.0,0.2870604008393733,0.006501792611053234,1.0052639983773344,0.005014172895677147,0.9998891612843337,0.2870604008393733
0.9189999999999925,0.01648941564972384,0.0,0.2870276787135652,0.006358430051002039,1.0072647261259227,0.0050133131876149385,0.9997888950172613,0.2870276787135652
0.9194999999999924,0.016516082316390505,0.0,0.28699229827622524,0.006218224161839899,1.0092654755388073,0.0050125056002628884,0.999656603852159,0.28699229827622524
0.9199999999999924,0.01654274898305717,0.0,0.28695418833598807,0.0060811120844854235,1.0112662471998117,0.005011747016001748,0.9994922866961309,0.28695418833598807
0.9204999999999923,0.01656941564972383,0.0,0.28691327775894127,0.005947030959857224,1.013267041692759,0.005011034493012133,0.9992959424188904,0.28691327775894127
0.9209999999999923,0.016596082316390495,0.0,0.28686949547208174,0.00581591792887391,1.0152678596014717,0.005010365256309548,0.999067569852759,0.28686949547208174
0.9214999999999922,0.01662274898305716,0.0,0.2868227704667019,0.005687710132454095,1.017268701509773,0.005009736689168796,0.9988071677926654,0.2868227704667019
0.9219999999999922,0.016649415649723824,0.0,0.2867730318020584,0.005562344711516388,1.0192695680014863,0.005009146324925422,0.9985147349961444,0.2867730318020584
0.9224999999999921,0.01667608231639049,0.0,0.28672020860917585,0.005439758806979399,1.0212704596604345,0.00500859183914203,0.9981902701833353,0.28672020860917585
0.922999999999992,0.016702748983057153,0.0,0.28666423009474323,0.00531988955976174,1.0232713770704402,0.005008071042127458,0.9978337720369815,0.28666423009474323
0.923499999999992,0.016729415649723814,0.0,0.2866050255446815,0.0052026741107820225,1.0252723208153272,0.005007581871796982,0.9974452392024288,0.2866050255446815
0.9239999999999919,0.01675608231639048,0.0,0.2865425243285854,0.005088049600958856,1.027273291478918,0.005007122386861915,0.9970246702876239,0.2865425243285854
0.9244999999999919,0.016782748983057143,0.0,0.2864766559035035,0.004975953171210852,1.0292742896450355,0.005006690760337141,0.9965720638631143,0.2864766559035035
0.9249999999999918,0.016809415649723807,0.0,0.2864073498180949,0.004866321962456621,1.0312753158975034,0.005006285273355339,0.9960874184620455,0.2864073498180949
0.9254999999999918,0.01683608231639047,0.0,0.2863347041104058,0.004759153087755689,1.0332763694471838,0.005005904547363761,0.9955707329456581,0.2863347041104058
0.9259999999999917,0.016862748983057133,0.0,0.2862586351026357,0.0046543320677031805,1.035277450986806,0.005005546837301738,0.995022005807494,0.2862586351026357
0.9264999999999917,0.016889415649723797,0.0,0.2861790842920387,0.00455179891585113,1.0372785610046478,0.005005210722302359,0.994441235557691,0.2861790842920387
0.9269999999999916,0.01691608231639046,0.0,0.28609602589302735,0.004451510771804964,1.0392796997229097,0.005004894926556276,0.9938284207587122,0.28609602589302735
0.9274999999999916,0.016942748983057126,0.0,0.2860094342004093,0.004353424775170107,1.041280867363792,0.005004598244867085,0.993183559958772,0.2860094342004093
0.9279999999999915,0.01696941564972379,0.0,0.2859192835911003,0.004257498065551983,1.0432820641494953,0.005004319539141613,0.9925066516918359,0.2859192835911003
0.9284999999999914,0.01699608231639045,0.0,0.28582554852572334,0.004163687782556018,1.0452832903022198,0.005004057735026927,0.9917976944776196,0.28582554852572334
0.9289999999999914,0.017022748983057116,0.0,0.2857282035505238,0.0040719510657876365,1.0472845460441655,0.005003811818689661,0.9910566868215888,0.2857282035505238
0.9294999999999913,0.01704941564972378,0.0,0.2856272232988185,0.003982245054852263,1.049285831597533,0.005003580833733357,0.9902836272149584,0.2856272232988185
0.9299999999999913,0.017076082316390444,0.0,0.2855225824928891,0.0038945268893553235,1.0512871471845227,0.005003363878249511,0.9894785141346925,0.2855225824928891
0.9304999999999912,0.01710274898305711,0.0,0.28541425594568043,0.0038087537089022414,1.0532884930273347,0.005003160101998092,0.9886413460435028,0.28541425594568043
0.9309999999999912,0.01712941564972377,0.0,0.2853022185626082,0.003724882653098442,1.0552898693481694,0.005002968703713376,0.9877721213898495,0.2853022185626082
0.9314999999999911,0.017156082316390434,0.0,0.28518644534331516,0.0036428708615493513,1.057291276369227,0.0050027889285309424,0.9868708386079393,0.28518644534331516
0.9319999999999911,0.0171827489830571,0.0,0.2850669113834089,0.0035626754738603927,1.059292714312708,0.005002620065531806,0.9859374961177264,0.2850669113834089
0.932499999999991,0.017209415649723763,0.0,0.28494359187627616,0.0034842536296369915,1.0612941834008127,0.005002461445399669,0.9849720923249101,0.28494359187627616
0.932999999999991,0.017236082316390428,0.0,0.2848164621149418,0.003407562468484573,1.0632956838557415,0.005002312438187383,0.9839746256209361,0.2848164621149418
0.9334999999999909,0.01726274898305709,0.0,0.28468549749379796,0.0033325591300085618,1.0652972158996945,0.005002172451188744,0.9829450943829947,0.28468549749379796
0.9339999999999908,0.017289415649723753,0.0,0.2845591484954404,0.003259226395521048,1.0672987104400486,0.0050020409776798435,0.9818835342924259,0.2845591484954404
0.9344999999999908,0.017316082316390417,0.0,0.2844271272537251,0.003187517697565565,1.0693002516118963,0.005001917481063948,0.9807899005061115,0.2844271272537251
0.9349999999999907,0.017342748983057082,0.0,0.2842794698061449,0.003117372501403649,1.0713019209792718,0.0050018014317600975,0.9796641442586628,0.2842794698061449
0.9354999999999907,0.017369415649723746,0.0,0.28411952825847486,0.003048761688271495,1.0733036912049392,0.005001692390271836,0.9785062754229237,0.28411952825847486
0.9359999999999906,0.017396082316390407,0.0,0.2839506519226507,0.0029816561394053,1.0753055349516634,0.005001589941419641,0.9773163056225752,0.2839506519226507
0.9364999999999906,0.01742274898305707,0.0,0.2837761866910588,0.0029160267360412596,1.0773074248822088,0.005001493693129865,0.9760942482323266,0.2837761866910588
0.9369999999999905,0.017449415649723736,0.0,0.28359947460627505,0.0028518443594155694,1.0793093336593402,0.005001403275274754,0.9748401183780457,0.28359947460627505
0.9374999999999905,0.0174760823163904,0.0,0.28342385362789196,0.0027890798907644256,1.0813112339458222,0.00500131833856196,0.9735539329368311,0.28342385362789196
0.9379999999999904,0.017502748983057065,0.0,0.28325265759527185,0.0027277042113240243,1.0833130984044193,0.005001238553471997,0.9722357105370222,0.28325265759527185
0.9384999999999903,0.017529415649723726,0.0,0.28308921638649787,0.002667688202330561,1.0853148996978963,0.005001163609242087,0.9708854715581515,0.28308921638649787
0.9389999999999903,0.01755608231639039,0.0,0.28293685627414084,0.0026090027450202317,1.0873166104890177,0.005001093212894894,0.9695032381308366,0.28293685627414084
0.9394999999999902,0.017582748983057055,0.0,0.2827989004767157,0.002551618720629233,1.0893182034405482,0.00500102708831066,0.9680890341366114,0.2827976190386911
0.9399999999999902,0.01760941564972372,0.0,0.2826786699068113,0.0024955070103937597,1.0913196512152523,0.0050009649753412645,0.9666428852076987,0.28264133429499755
0.9404999999999901,0.017636082316390383,0.0,0.28257948411548073,0.0024406384955500088,1.0933209264758947,0.0050009066289647885,0.9651648187267226,0.2824565372788918
0.9409999999999901,0.017662748983057044,0.0,0.2825046624328767,0.0023869840573341756,1.09532200188524,0.005000851818479166,0.9636548638263611,0.28224656232135376
0.94149999999999,0.01768941564972371,0.0,0.28245752530530616,0.0023345145769824564,1.097322850106053,0.005000800326733537,0.962113051388939,0.28201474757572265
0.94199999999999,0.017716082316390373,0.0,0.2824413958284346,0.002283200935731047,1.099323443801098,0.0050007519493959485,0.9605394140459605,0.28176443655017896
0.9424999999999899,0.017742748983057038,0.0,0.2824641052772728,0.002233024249537421,1.1013237186614349,0.005000706504504747,0.9589340161464736,0.2815034893373799
0.9429999999999898,0.017769415649723702,0.0,0.28255149070736124,0.0021839867224291805,1.1033234626578812,0.005000663840037471,0.9572970482575417,0.28125780460549893
0.9434999999999898,0.017796082316390363,0.0,0.2826860370547227,0.0021360110217008626,1.1053228197585978,0.005000623736875826,0.9556284145523917,0.2810098773765011
0.9439999999999897,0.017822748983057028,0.0,0.28286752075389354,0.0020890781748169394,1.1073217920736802,0.00500058604548789,0.953928131784375,0.28075951231777646
0.9444999999999897,0.017849415649723692,0.0,0.28309572961989315,0.002043169209241883,1.109320381713223,0.005000550624474764,0.952196216568301,0.2805065252629116
0.9449999999999896,0.017876082316390356,0.0,0.28337046263535415,0.0019982651524401655,1.1113185907873215,0.005000517340176193,0.9504326853804994,0.2802507429989195
0.9454999999999896,0.01790274898305702,0.0,0.28369152973923467,0.001954347031876259,1.113316421406071,0.0050004860662920545,0.948637554558887,0.2799920030550519
0.9459999999999895,0.017929415649723682,0.0,0.2840587516162397,0.0019113958750146365,1.1153138756795662,0.005000456683519263,0.9468108403030302,0.2797301534923193
0.9464999999999895,0.017956082316390346,0.0,0.2844719594879209,0.0018693927093197697,1.1173109557179024,0.005000429079203663,0.9449525586742094,0.27946505269468963
0.9469999999999894,0.01798274898305701,0.0,0.2849309949042935,0.001828318562256131,1.119307663631175,0.005000403147006469,0.9430627255954817,0.27919656916080293
0.9474999999999894,0.018009415649723675,0.0,0.2854357095372915,0.0017881544612881922,1.1213040015294788,0.00500037878658482,0.9411413568517448,0.2789245812975243
0.9479999999999893,0.01803608231639034,0.0,0.2859859649749466,0.0017488814338804263,1.123299971522909,0.005000355903286029,0.9391884680897993,0.2786489772142193
0.9484999999999892,0.018062748983057,0.0,0.28658163251687957,0.001710480507497305,1.1252955757215608,0.0050003344078551,0.9372040748184105,0.27836965451834195
0.9489999999999892,0.018089415649723665,0.0,0.28722259297112146,0.0016729327096033004,1.127290816235529,0.005000314216155087,0.935188192408371,0.2780865201123518
0.9494999999999891,0.01811608231639033,0.0,0.2879087364516576,0.0016362190676628852,1.129285695174909,0.005000295248899904,0.9331408360925619,0.2777994899913526
0.9499999999999891,0.018142748983056994,0.0,0.2886399621776669,0.0016003206091405315,1.131280214649796,0.00500027743139915,0.931062020966014,0.27750848904242703
0.950499999999989,0.018169415649723658,0.0,0.2894161782736129,0.0015652183615007115,1.1332743767702849,0.005000260693314573,0.9289517619859686,0.27721345084482135
0.950999999999989,0.01819608231639032,0.0,0.29023730157053457,0.0015308933522078974,1.1352681836464706,0.005000244968427763,0.9268100739719387,0.2769143174713301
0.9514999999999889,0.018222748983056983,0.0,0.29110325740868503,0.0014973266087265611,1.1372616373884488,0.005000230194418693,0.9246369716057681,0.27661103929102754
0.9519999999999889,0.018249415649723648,0.0,0.29201397944109725,0.0014644991585211758,1.139254740106314,0.005000216312654715,0.9224324694316918,0.27630357477292616
0.9524999999999888,0.018276082316390312,0.0,0.29296940943840066,0.0014323920290562127,1.1412474939101618,0.005000203267989648,0.9201965818563953,0.27599189029088483
0.9529999999999887,0.018302748983056977,0.0,0.29396997753414783,0.0014010109429113975,1.1432398970441273,0.005000191019344933,0.9179293275791512,0.2756764429702127
0.9534999999999887,0.018329415649723638,0.0,0.29501605922625207,0.0013703249827693744,1.1452319482807238,0.00500017951170535,0.9156307247943406,0.2753576351006429
0.9539999999999886,0.018356082316390302,0.0,0.29610739792771784,0.0013403032980835918,1.147223651547036,0.005000168693912147,0.9133007857006277,0.2750352332811316
0.9544999999999886,0.018382748983056967,0.0,0.2972439234313874,0.0013109340602096532,1.1492150093266995,0.005000158525739885,0.9109395239665319,0.27470919117675097
0.9549999999999885,0.01840941564972363,0.0,0.29842557260582236,0.001282205440503162,1.1512060241033506,0.0050001489691485984,0.9085469530994278,0.27437946927904777
0.9554999999999885,0.018436082316390295,0.0,0.2996522891708471,0.0012541056103197218,1.153196698360625,0.0050001399881779065,0.9061230864456147,0.2740460346816935
0.9559999999999884,0.018462748983056956,0.0,0.3009240234743211,0.0012266227410149362,1.155187034582159,0.005000131548845386,0.9036679371903831,0.2737088608573606
0.9564999999999884,0.01848941564972362,0.0,0.30224073227121717,0.0011997450039444083,1.1571770352515882,0.005000123619049082,0.901181518358084,0.27336792743690663
0.9569999999999883,0.018516082316390285,0.0,0.3036023785033884,0.0011734605704637419,1.159166702852549,0.005000116168474036,0.8986638428121936,0.2730232199892426
0.9574999999999882,0.01854274898305695,0.0,0.3050089310818388,0.0011477576119285405,1.1611560398686769,0.005000109168502715,0.8961149232553817,0.2726747298037083
0.9579999999999882,0.018569415649723614,0.0,0.3064603646700246,0.0011226242996944073,1.1631450487836084,0.005000102592129244,0.8935347722295762,0.2723224536734741
0.9584999999999881,0.018596082316390275,0.0,0.3079566594691371,0.0010980488051169463,1.165133732080979,0.005000096413877288,0.8909234021160299,0.27196639368092634
0.9589999999999881,0.018622748983056943,0.0,0.3094978010048253,0.0010740192995517604,1.1671220922444248,0.0050000906097215116,0.888280825135384,0.27160655698448904
0.959499999999988,0.018649415649723604,0.0,0.3110837799153728,0.0010505239543544536,1.1691101317575818,0.00500008515701248,0.8856070533477333,0.2712429556069015
0.959999999999988,0.018676082316390268,0.0,0.3127145917420745,0.001027550940880629,1.171097853104086,0.005000080034404896,0.8829020986526903,0.2708756062256936
0.9604999999999879,0.018702748983056933,0.0,0.3143902367205048,0.0010050884304858903,1.1730852587675735,0.005000075221789069,0.8801659727894484,0.27050452996455226
0.9609999999999879,0.018729415649723594,0.0,0.3161107195738532,0.000983124594525841,1.17507235123168,0.005000070700225498,0.877398687336845,0.27012975218675384
0.9614999999999878,0.01875608231639026,0.0,0.317876049307999,0.0009616476043560844,1.1770591329800417,0.005000066451882472,0.8746002537134236,0.26975130229033634
0.9619999999999878,0.018782748983056922,0.0,0.31968623900751886,0.0009406456313322242,1.1790456064962946,0.0050000624599765816,0.8717706831774961,0.26936921350420223
0.9624999999999877,0.018809415649723587,0.0,0.3215413056343388,0.0009201068468098636,1.1810317742640746,0.005000058708716036,0.8689099868272046,0.26898352268686593
0.9629999999999876,0.01883608231639025,0.0,0.3234412698271165,0.0009000194221446064,1.1830176387670175,0.005000055183246687,0.866018175600582,0.26859427012593096
0.9634999999999876,0.018862748983056912,0.0,0.3253861557024767,0.0008803715286920561,1.1850032024887593,0.0050000518696006555,0.8630952602756125,0.26820149933941667
0.9639999999999875,0.01888941564972358,0.0,0.32737553260146196,0.0008611870974942847,1.186988471405678,0.005000048761127897,0.8601412462454718,0.2678047945815018
0.9644999999999875,0.01891608231639024,0.0,0.3294096214513821,0.0008424144693663359,1.1889734465213344,0.005000045837793997,0.8571561460393935,0.267404397262133
0.9649999999999874,0.018942748983056906,0.0,0.3314884036038723,0.0008240463050493789,1.1909581306940082,0.005000043088869922,0.8541399692874003,0.2670003067707183
0.9654999999999874,0.01896941564972357,0.0,0.3336118594981401,0.000806075592426855,1.1929425268037968,0.0050000405042588195,0.8510927254022647,0.26659252127220234
0.9659999999999873,0.018996082316390234,0.0,0.3357799712950864,0.0007884953193822055,1.194926637730796,0.0050000380744072625,0.8480144236118679,0.2661810403672491
0.9664999999999873,0.0190227489830569,0.0,0.33799272265987673,0.0007712984737988716,1.1969104663551038,0.005000035790279237,0.8449050729592622,0.26576586487490983
0.9669999999999872,0.01904941564972356,0.0,0.34025009854775917,0.0007544780435602944,1.198894015556816,0.005000033643331156,0.8417646823027403,0.26534699661854727
0.9674999999999871,0.019076082316390224,0.0,0.3425520849913019,0.0007380270165499155,1.20087728821603,0.0050000316254878744,0.8385932603158962,0.26492443821316924
0.9679999999999871,0.01910274898305689,0.0,0.3448986688901203,0.0007219383806511758,1.2028602872128422,0.00500002972911968,0.8353908154876927,0.26449819285525705
0.968499999999987,0.019129415649723553,0.0,0.34728983780281797,0.0007062051237475169,1.2048430154273497,0.005000027947020225,0.8321573561225223,0.2640682641148041
0.968999999999987,0.019156082316390217,0.0,0.34972557974096785,0.0006908202337223799,1.2068254757396493,0.005000026272385377,0.828892890340271,0.26363465572939326
0.9694999999999869,0.01918274898305688,0.0,0.3522058829654116,0.0006757766984592061,1.2088076710298377,0.005000024698792957,0.8255974260763803,0.26319737140059385
0.9699999999999869,0.019209415649723543,0.0,0.35473073578466924,0.0006610675058414367,1.2107896041780117,0.005000023220183351,0.8222709710819085,0.26275641459246435
0.9704999999999868,0.019236082316390207,0.0,0.3573001263554197,0.000646685643752513,1.212771278064268,0.005000021830840948,0.8189135329235916,0.2623117883321281
0.9709999999999868,0.01926274898305687,0.0,0.359914042485338,0.0006326241000758762,1.214752695568704,0.005000020525376392,0.8155251189839021,0.26186349501270273
0.9714999999999867,0.019289415649723536,0.0,0.36257247143814797,0.0006188758626949678,1.2167338595714157,0.005000019298709624,0.8121057364611115,0.2614115361984465
0.9719999999999867,0.019316082316390197,0.0,0.3652753997404243,0.0006054339194932288,1.2187147729525005,0.005000018146053682,0.8086553923693446,0.2609559124316473
0.9724999999999866,0.01934274898305686,0.0,0.36802281299139805,0.0005922912583541005,1.2206954385920548,0.005000017062899226,0.8051740935386423,0.2604966230425231
0.9729999999999865,0.019369415649723526,0.0,0.3708146956738997,0.0005794408671610243,1.2226758593701759,0.005000016044999783,0.8016618466150146,0.2600336659602489
0.9734999999999865,0.01939608231639019,0.0,0.37365103096841595,0.0005668757337974414,1.22465603816696,0.005000015088357679,0.7981186580605016,0.2595670375271055
0.9739999999999864,0.019422748983056855,0.0,0.37653180056875013,0.000554588846146793,1.2266359778625042,0.005000014189210621,0.794544534153226,0.2590967323142239
0.9744999999999864,0.019449415649723516,0.0,0.37945698449996623,0.0005425731920925205,1.2286156813369056,0.0050000133440189255,0.7909394809874498,0.2586227429396152
0.9749999999999863,0.01947608231639018,0.0,0.38242656093895416,0.000530821759518065,1.2305951514702604,0.0050000125494533585,0.7873035044736305,0.2581450598888229
0.9754999999999863,0.019502748983056845,0.0,0.3854405060362555,0.0005193275363068678,1.232574391142666,0.005000011802383566,0.7836366103384727,0.25766367133682855
0.9759999999999862,0.01952941564972351,0.0,0.3884988624371331,0.0005080886777278108,1.2345534027533722,0.005000011100228348,0.7799388050272574,0.2571786325360461
0.9764999999999862,0.019556082316390173,0.0,0.39160177060052304,0.0004971130320593188,1.2365321880107643,0.005000010441179558,0.7762100961393619,0.25669009757796707
0.9769999999999861,0.019582748983056834,0.0,0.39474890163139037,0.0004863720022455722,1.2385107518835807,0.005000009821090479,0.7724504849437159,0.2561977449936911
0.977499999999986,0.0196094156497235,0.0,0.39794027524978814,0.00047586165401605535,1.240489096877554,0.005000009237732023,0.7686599771320739,0.25570160606201453
0.977999999999986,0.019636082316390163,0.0,0.4011759091569825,0.0004655780531002526,1.2424672254984173,0.0050000086889933765,0.7648385782363987,0.2552017097957966
0.9784999999999859,0.019662748983056828,0.0,0.4044558188925458,0.00045551726522764834,1.2444451402519034,0.005000008172876439,0.760986293628909,0.25469808279912265
0.9789999999999859,0.019689415649723492,0.0,0.40778001769272537,0.0004456753561277269,1.2464228436437454,0.00500000768749047,0.7571031285221207,0.2541907491257389
0.9794999999999858,0.019716082316390153,0.0,0.41114851635034677,0.00043604839152997264,1.2484003381796764,0.0050000072310469506,0.7531890879688895,0.2536797301390211
0.9799999999999858,0.019742748983056817,0.0,0.41456132307678417,0.0004266324371638699,1.2503776263654294,0.005000006801854648,0.7492441768624538,0.25316504437401066
0.9804999999999857,0.019769415649723482,0.0,0.41801844336512484,0.0004174235587589031,1.252354710706737,0.005000006398314876,0.7452683999364764,0.25264670740064465
0.9809999999999857,0.019796082316390146,0.0,0.4215198798550546,0.00040841782204455656,1.2543315937093324,0.005000006018916953,0.7412617617650842,0.252124731688701
0.9814999999999856,0.01982274898305681,0.0,0.4250656321998962,0.0003996112927503147,1.2563082778789487,0.005000005662233836,0.7372242667629104,0.2515991264749051
0.9819999999999856,0.01984941564972347,0.0,0.4286556969344857,0.0003910000366056617,1.2582847657213185,0.005000005326917953,0.7331559191851345,0.25106989763086396
0.9824999999999855,0.019876082316390136,0.0,0.43229006734547265,0.0003825801193400821,1.260261059742175,0.0050000050116971945,0.72905672312752,0.250537047533429
0.9829999999999854,0.0199027489830568,0.0,0.4359687333426475,0.00037434760668306015,1.2622371624472513,0.005000004715371088,0.7249266825264558,0.2500005749360842
0.9834999999999854,0.019929415649723465,0.0,0.43969168133234704,0.00036629856436408024,1.2642130763422803,0.00500000443680713,0.7207658011589935,0.24946047484241118
0.9839999999999853,0.01995608231639013,0.0,0.4434588940923137,0.0003584290581126268,1.2661888039329947,0.005000004174937287,0.7165740826428868,0.2489167383810074
0.9844999999999853,0.01998274898305679,0.0,0.44727035064824433,0.0003507351536581841,1.2681643477251276,0.005000003928754642,0.7123515304366272,0.24836935268209334
0.9849999999999852,0.020009415649723455,0.0,0.45112602615206715,0.00034321291673023656,1.270139710224412,0.005000003697310199,0.7080981478394828,0.24781830075584615
0.9854999999999852,0.02003608231639012,0.0,0.4550258917615488,0.00033585841305826844,1.2721148939365812,0.005000003479709828,0.7038139379915327,0.24726356137206293
0.9859999999999851,0.020062748983056784,0.0,0.4589699145220697,0.0003286677083717642,1.2740899013673677,0.005000003275111349,0.6994989038737067,0.24670510894199402
0.986499999999985,0.020089415649723448,0.0,0.46295805724960953,0.0003216368684002081,1.2760647350225045,0.005000003082721762,0.6951530483078174,0.24614291340138134
0.986999999999985,0.02011608231639011,0.0,0.46699027841554097,0.00031476195887308466,1.2780393974077247,0.00500000290179459,0.6907763739565974,0.24557694009530726
0.987499999999985,0.020142748983056773,0.0,0.47106653203323623,0.000308039045519878,1.2800138910287613,0.005000002731627366,0.686368883323732,0.24500714966485462
0.9879999999999849,0.020169415649723438,0.0,0.475186767545875,0.0003014641940700727,1.2819882183913474,0.005000002571559227,0.6819305787538952,0.24443349793496674
0.9884999999999848,0.020196082316390102,0.0,0.47935092971651405,0.000295033470253153,1.2839623820012156,0.005000002420968632,0.6774614624327828,0.24385593580457124
0.9889999999999848,0.020222748983056767,0.0,0.48355895851923303,0.0002887429397986033,1.285936384364099,0.005000002279271196,0.6729615363871451,0.2432744091377743
0.9894999999999847,0.020249415649723428,0.0,0.4878110900557052,0.00028258949251059267,1.2879102261053539,0.00500000214593763,0.668430806815856,0.24268916431176327
0.9899999999999847,0.020276082316390092,0.0,0.4921076083590567,0.00027657143770919536,1.289883907554037,0.005000002020501926,0.6638692805648103,0.24210049631013153
0.9904999999999846,0.020302748983056756,0.0,0.49644826989665847,0.0002706857274886702,1.2918574323127296,0.00500000190249106,0.6592769568152818,0.24150816429519545
0.9909999999999846,0.02032941564972342,0.0,0.5008330676260984,0.0002649297023147935,1.2938308024753358,0.005000001791467504,0.6546538380668008,0.24091216739299193
0.9914999999999845,0.020356082316390085,0.0,0.5052619904451379,0.00025930070265334145,1.295804020135759,0.005000001687018132,0.6499999266860939,0.24031250046432112
0.9919999999999844,0.020382748983056746,0.0,0.5097350231072981,0.00025379606897009036,1.297777087387903,0.005000001588752984,0.6453152249071086,0.23970915402037352
0.9924999999999844,0.02040941564972341,0.0,0.5142521461384706,0.0002484131417308166,1.2997500063256717,0.005000001496304086,0.640599734831039,0.23910211413937577
0.9929999999999843,0.020436082316390075,0.0,0.5188133357548058,0.00024314926140129635,1.3017227790429688,0.00500000140932431,0.6358534584263512,0.23849136238452295
0.9934999999999843,0.02046274898305674,0.0,0.523418563781755,0.00023800176844730592,1.3036954076336982,0.005000001327486302,0.6310763975288076,0.2378768757230562
0.9939999999999842,0.020489415649723404,0.0,0.5280677975741346,0.00023296800333462162,1.3056678941917632,0.005000001250481445,0.6262685538414923,0.23725862644636425
0.9944999999999842,0.020516082316390065,0.0,0.5327609999374707,0.00022804530652901974,1.3076402408110679,0.005000001178018869,0.6214299289348326,0.2366365820913663
0.9949999999999841,0.02054274898305673,0.0,0.5374981910002148,0.00022323112763944112,1.3096124492168604,0.005000001109826255,0.6165605251597482,0.23601076831974205
0.9954999999999841,0.020569415649723394,0.0,0.5422794488765253,0.00021852322935316462,1.3115845207694965,0.00500000104565173,0.6116603456673728,0.2353812696153587
0.995999999999984,0.020596082316390058,0.0,0.5471047224984006,0.00021391927592161116,1.3135564575761303,0.005000000985256077,0.6067293916492337,0.23474803907012531
0.996499999999984,0.020622748983056723,1.0,0.5519756841088598,0.0011765155709042466,1.3155282515954652,0.005000232651700573,0.6017676897804354,0.23411278134390318
0.9969999999999839,0.020649415649723384,1.0,0.5598612885617396,0.013123767445987266,1.317482570244987,0.005527813487933235,0.5968192703625474,0.23649349528504138
0.9974999999999838,0.02067608231639005,1.0,0.5958766953320169,0.024928114363817602,1.319276304816045,0.009130944905628175,0.5922505647320477,0.2674147476196385
0.9979999999999838,0.020702748983056712,1.0,0.7052090419638657,0.03659126562121899,1.3206848429840758,0.019054920958046947,0.5886449259211145,0.37271898050943125
0.9984999999999837,0.020729415649723377,1.0,0.9336160180690622,0.04811491016147977,1.321581757944002,0.03822757353718122,0.5863406918305815,0.5985481811490159
0.9989999999999837,0.02075608231639004,1.0,1.2923799476779756,0.05950071665849467,1.3220936950244369,0.06864015640542181,0.5850226065020203,0.95583631745643
0.9994999999999836,0.020782748983056702,1.0,1.7555332123679503,0.07075033381676805,1.3224525341460578,0.11090904756125,0.5840974528911418,1.4179532007848077
1.0,0.020809415649724244,1.0,2.3090301471586403,0.08186539065754811,1.322755114338486,0.16405756860917664,0.5833165446734035,1.9705750002730271
