Time [s],Lmtc [m],STIM [ ],Fsee [N],Gamma [ ],Lcerel [ ],q [ ],fisomrel [ ],fce [N]
0.0,0.02102011131232308,1.0,9.221448372317303,0.19699174604699293,1.2088377460307416,0.6589501820763337,0.8255471833311979,9.113901361548137
0.0005,0.02098411131232308,1.0,6.983480849800953,0.20392239488405922,1.20883626669063,0.6833050396478062,0.8255496548588802,6.87593605136418
0.001,0.020948111312323082,1.0,5.503105797598326,0.2107932262951575,1.2082295401588912,0.7051961889850824,0.826561834420867,5.396466431714059
0.0015,0.02091211131232308,1.0,4.557211876053658,0.2176047565105754,1.2070900228900063,0.7248707535171842,0.8284548896776667,4.452262693969504
0.002,0.02087611131232308,1.0,3.959643429363857,0.2243574974426212,1.2055385217345063,0.7426108238071031,0.8310156643327755,3.8569737983137236
0.0025,0.020840111312323082,1.0,3.5851381028969054,0.23105195642509388,1.203685709316748,0.7586707638607587,0.8340485272805331,3.485157933702599
0.003,0.02080411131232308,1.0,3.353528423397971,0.23768863644504673,1.2016197988463697,0.7732660951579683,0.8373978268525977,3.256504951085067
0.0035,0.020768111312323083,1.0,3.213875241415674,0.24426803629221333,1.199406796601492,0.7865761741820237,0.8409477178765247,3.1199697517210248
0.004,0.02073211131232308,1.0,3.1343085458651028,0.25079065027781305,1.1970929899126503,0.7987493437081913,0.8446174133091676,3.0436086119509493
0.0045000000000000005,0.02069611131232308,1.0,3.0943181805142257,0.2572569684678979,1.1947107565154522,0.8099102336102577,0.8483508851887211,3.006860440640162
0.005,0.020660111312323082,1.0,3.0803552549921807,0.26366747688326064,1.1922827581014177,0.8201650787975112,0.8521093637476467,2.996141275767926
0.0055,0.02062411131232308,1.0,3.083728445200845,0.27002265691784166,1.189824067384174,0.8296050467647501,0.8558672937669143,3.0027367670229665
0.006,0.020588111312323083,1.0,3.098279711929114,0.2763229866520933,1.1873456104239928,0.8383099631675968,0.8596064890194461,3.020472623673732
0.006500000000000001,0.020552111312323082,1.0,3.1202032940127675,0.28256893887869083,1.184854225130323,0.8463495179400938,0.8633156618058716,3.045533035800171
0.007,0.02051611131232308,1.0,3.146661986290586,0.28876098308102527,1.1823550208942673,0.853785671971546,0.8669865854186054,3.075073559524144
0.0075,0.020480111312323083,1.0,3.175750206227103,0.29489958527710214,1.1798514214011209,0.8606734561703124,0.8706138648799857,3.1071839145946405
0.008,0.02044411131232308,1.0,3.206340653874499,0.3009852053559423,1.177345444790046,0.8670618326424682,0.874194372848883,3.140734100560156
0.0085,0.02040811131232308,1.0,3.2374709122874776,0.3070183009744502,1.1748387885001061,0.8729948665133521,0.8777255921432606,3.174759576230332
0.009000000000000001,0.020372111312323082,1.0,3.268532770950973,0.3129993274660141,1.172332508605685,0.8785120601613864,0.881206025910686,3.2086508994565164
0.0095,0.02033611131232308,1.0,3.299236909496858,0.3189287314971856,1.1698270951579428,0.8836488535265931,0.8846350310008602,3.2421182452064357
0.01,0.020300111312323083,1.0,3.329311747190828,0.324806957773708,1.167322999012762,0.8884372842374897,0.8880120560055009,3.274889620826561
0.0105,0.020264111312323082,1.0,3.3585643684883744,0.3306344513031963,1.1648205297605372,0.8929062878840881,0.8913367718778236,3.306771892372242
0.011,0.02022811131232308,1.0,3.386914568899385,0.33641165194099326,1.16231980173665,0.8970819871777505,0.8946091278566984,3.3376848666636683
0.0115,0.020192111312323083,1.0,3.4143507110450884,0.34213898899723805,1.1598208127092637,0.9009880077241269,0.8978292312998017,3.3676170443486946
0.012,0.02015611131232308,1.0,3.4408616482149075,0.3478168917820698,1.1573235604465417,0.904645786256786,0.9009971893136933,3.3965574164169876
0.0125,0.02012011131232308,1.0,3.466437307321865,0.3534457846394449,1.1548280417394547,0.9080747866042919,0.9041131099645027,3.4244960480684488
0.013000000000000001,0.020084111312323082,1.0,3.491095756076217,0.3590260909221789,1.1523342073589722,0.911292685032208,0.9071771570732546,3.451451186658631
0.0135,0.02004811131232308,1.0,3.5148738732738414,0.3645582499215844,1.1498419783072593,0.914315567084609,0.9101895261478673,3.477459911690486
0.014,0.020012111312323083,1.0,3.5378055062485902,0.3700426666119225,1.1473512823494674,0.9171580640620104,0.9131503983598702,3.5025562571430866
0.0145,0.019976111312323082,1.0,3.559925445721805,0.37547974596745415,1.1448620472507463,0.9198335187850757,0.9160599490652902,3.526775192824453
0.015,0.01994011131232308,1.0,3.5812693699116793,0.38086989296244056,1.1423742007762467,0.9223541119314447,0.9189183478133,3.5501525684921535
0.0155,0.019904111312323083,1.0,3.60187379134013,0.3862135125711426,1.1398876706911192,0.9247309751555436,0.921725758354452,3.572725060670881
0.016,0.01986811131232308,1.0,3.6217760063348683,0.39151100976782155,1.1374023847605141,0.9269742923927825,0.9244823386484945,3.594530122164678
0.0165,0.01983211131232308,1.0,3.6409999107693087,0.396762750762332,1.1349182937919378,0.9290933766804417,0.9271882160010895,3.6155917810570948
0.017,0.019796111312323082,1.0,3.6595846041602376,0.4019691371148979,1.1324353247628902,0.931096779267704,0.9298435390197912,3.6359492806535703
0.0175,0.01976011131232308,1.0,3.6775895710875095,0.4071306434975068,1.1299533726604976,0.9329923759087599,0.9324484837366473,3.6556622633427676
0.018000000000000002,0.01972411131232308,1.0,3.695033035211772,0.41224763737914605,1.127472400538603,0.9347873682054569,0.9350031484037039,3.6747490555118
0.0185,0.019688111312323082,1.0,3.7119335887643294,0.417320486228803,1.1249923714510495,0.9364883811332784,0.9375076283161715,3.693228348275371
0.019,0.01965211131232308,1.0,3.7283101741843203,0.4223495575154651,1.1225132484516802,0.9381015155789149,0.9399620158152675,3.7111191791166456
0.0195,0.019616111312323083,1.0,3.7441820664656524,0.42733521870811964,1.1200349945943378,0.9396323956093551,0.9423664002909492,3.7284409142377366
0.02,0.01958011131232308,1.0,3.7595688562042078,0.432277837275754,1.1175575729328653,0.9410862110370505,0.9447208681845363,3.745213231610319
0.0205,0.01954411131232308,1.0,3.7744904333552567,0.4371777806873555,1.1150809465211058,0.9424677557831488,0.9470255029912256,3.7614561047363115
0.021,0.019508111312323082,1.0,3.788966971694058,0.44203541641191163,1.1126050784129022,0.9437814624850493,0.9492803852624966,3.777189787111605
0.021500000000000002,0.01947211131232308,1.0,3.8030189139815453,0.4468511119184096,1.1101299316620978,0.9450314337449899,0.9514855926084066,3.7924347973947303
0.022,0.019436111312323083,1.0,3.816666957838195,0.4516252346758369,1.1076554693225353,0.9462214703723388,0.9536411996997786,3.807211905283571
0.0225,0.01940011131232308,1.0,3.8299320423198786,0.45635815215318076,1.1051816544480575,0.9473550969332222,0.9557472782702777,3.8215421180939115
0.023,0.01936411131232308,1.0,3.842835335201906,0.4610502318194287,1.1027084500925077,0.9484355848864744,0.9578038971183794,3.8354466680460444
0.0235,0.019328111312323083,1.0,3.855378638036424,0.4657017537165931,1.1002358503296392,0.9494659512644098,0.9598110972347766,3.848927405962783
0.024,0.01929211131232308,1.0,3.8675815041032053,0.47031316943881646,1.0977638212870604,0.9504490519316783,0.9617689409894069,3.8620039432912914
0.0245,0.01925611131232308,1.0,3.8794542617399177,0.4748848267817439,1.0952923439561342,0.9513875143792699,0.9636774767333833,3.8746866583632893
0.025,0.019220111312323082,1.0,3.891004189401732,0.47941705225677056,1.0928214043295839,0.9522837809518682,0.9655367475931357,3.886982876218057
0.025500000000000002,0.01918411131232308,1.0,3.902238663942626,0.4839101723752917,1.0903509884001321,0.9531401291500056,0.9673467955804768,3.898900018844988
0.026000000000000002,0.01914811131232308,1.0,3.9131651567739376,0.4883645136487024,1.087881082160502,0.9539586845243291,0.9691076615931964,3.9104456013429165
0.0265,0.01911211131232308,1.0,3.9237912301223807,0.4927804025883979,1.0854116716034168,0.954741432435206,0.9708193854156404,3.921627228178882
0.027,0.01907611131232308,1.0,3.934124533391271,0.4971581657057734,1.0829427427215992,0.9554902287875077,0.9724820057192745,3.9324525895500897
0.0275,0.019040111312323083,1.0,3.944172799623006,0.5014981295122241,1.0804742815077724,0.9562068098389307,0.9740955600632313,3.9429294578471037
0.028,0.01900411131232308,1.0,3.953943842061616,0.505800620519145,1.0780062739546592,0.9568928011700137,0.9756600848948427,3.9530656842170853
0.0285,0.01896811131232308,1.0,3.9634455508182187,0.5100659652379316,1.0755387060549828,0.9575497258949361,0.9771756155501556,3.962869195229922
0.029,0.018932111312323082,1.0,3.9726858896378916,0.5142944901799787,1.0730715638014658,0.9581790121840905,0.9786421862544332,3.9723479896457494
0.029500000000000002,0.01889611131232308,1.0,3.9816728927647804,0.5184865218566818,1.0706048331868319,0.9587820001622223,0.9800598301226386,3.9815101352806885
0.03,0.018860111312323083,1.0,3.9904174546861197,0.5226423743861941,1.0681384958554667,0.9593599445374965,0.9814285815302182,3.990366558892944
0.0305,0.01882411131232308,1.0,3.9989357108309362,0.5267623002030081,1.0656725254192148,0.9599140086302761,0.9827484776202504,3.9989334263500194
0.031,0.01878811131232308,1.0,4.007195030142437,0.5308467218116342,1.0632069714062422,0.9604453383007722,0.9840195150626019,4.007195030142437
0.0315,0.018752111312323082,1.0,4.015194784110753,0.5348959282951466,1.0607418335052838,0.9609549732453485,0.9852417186496655,4.015194784110753
0.032,0.01871611131232308,1.0,4.022934371886947,0.5389102087366199,1.0582771114050742,0.9614438926400171,0.9864151131451223,4.022934371886947
0.0325,0.01868011131232308,1.0,4.0304132202169365,0.5428898522191281,1.0558128047943478,0.9619130192556072,0.9875397232839521,4.0304132202169365
0.033,0.018644111312323082,1.0,4.037630783373705,0.5468351478257456,1.0533489133618397,0.9623632232552835,0.9886155737724437,4.037630783373705
0.0335,0.01860811131232308,1.0,4.044586543090944,0.5507463846395467,1.050885436796284,0.9627953257016798,0.9896426892882055,4.044586543090944
0.034,0.01857211131232308,1.0,4.051280008496355,0.5546238517436057,1.0484223747864159,0.9632101017983818,0.9906210944801755,4.051280008496355
0.0345,0.01853611131232308,1.0,4.057710716044633,0.5584678382209969,1.0459597270209697,0.9636082838881639,0.9915508139686318,4.057710716044633
0.035,0.01850011131232308,1.0,4.063878229450784,0.5622786331547944,1.0434974931886805,0.9639905642283376,0.9924318723452028,4.063878229450784
0.035500000000000004,0.018464111312323082,1.0,4.069782139624205,0.5660565256280726,1.0410356729782824,0.964357597561692,0.9932642941728779,4.069782139624205
0.036000000000000004,0.01842811131232308,1.0,4.075422064600965,0.569801804723906,1.0385742660785102,0.96471000349983,0.9940481039860172,4.075422064600965
0.0365,0.01839211131232308,1.0,4.080797649478199,0.5735147595253685,1.0361132721780988,0.9650483687341929,0.9947833262903623,4.080797649478199
0.037,0.018356111312323082,1.0,4.08590856634749,0.5771956791155347,1.0336526909657826,0.9653732490886917,0.9954699855630461,4.08590856634749
0.0375,0.01832011131232308,1.0,4.090755194750065,0.5808447744282244,1.0311925210838007,0.9656851570083274,0.9961081065137466,4.090755194750065
0.038,0.018284111312323083,1.0,4.095347255796379,0.5844624097897054,1.0287327468607568,0.9659846041166674,0.9966977170313427,4.095347255796379
0.0385,0.01824811131232308,1.0,4.099686524226698,0.5880488583305833,1.0262733649051534,0.9662720613373439,0.9972388411862426,4.099686524226698
0.039,0.01821211131232308,1.0,4.103774085813659,0.5916043755114702,1.0238143729273164,0.9665479728228077,0.9977315025683148,4.103774085813659
0.0395,0.018176111312323082,1.0,4.1076110529763294,0.5951292167929783,1.0213557686375714,0.9668127604647723,0.998175724583594,4.1076110529763294
0.04,0.01814011131232308,1.0,4.111198564318809,0.5986236376357199,1.0188975497462442,0.9670668251975314,0.9985715304543529,4.111198564318809
0.0405,0.01810411131232308,1.0,4.11453778417393,0.6020878935003072,1.016439713963661,0.9673105482141737,0.9989189432191721,4.11453778417393
0.041,0.018068111312323082,1.0,4.117629902148431,0.6055222398473525,1.013982259000147,0.9675442921022259,0.9992179857330112,4.117629902148431
0.0415,0.01803211131232308,1.0,4.120476132670238,0.6089269321374681,1.011525182566028,0.9677684019047196,0.9994686806672789,4.120476132670238
0.042,0.01799611131232308,1.0,4.12307771453944,0.6123022258312658,1.0090684823716303,0.9679832061121809,0.9996710505099017,4.12307771453944
0.0425,0.01796011131232308,1.0,4.125435910482214,0.6156483763893583,1.0066121561272792,0.9681890175906045,0.9998251175653939,4.125435910482214
0.043000000000000003,0.01792411131232308,1.0,4.1275520067059945,0.6189656392723577,1.0041562015433003,0.9683861344500524,0.9999309039549259,4.1275520067059945
0.043500000000000004,0.017888111312323082,1.0,4.129427312458894,0.6222542699408761,1.00170061633002,0.9685748408581596,0.9999884316163923,4.129427312458894
0.044,0.01785211131232308,1.0,4.131063159591062,0.6255145238555258,0.9992453981977635,0.9687554078024814,0.9999977223044803,4.131063159591062
0.0445,0.01781611131232308,1.0,4.132490071046953,0.6287466072961634,0.996790500228363,0.9689280803744611,0.9999587964448634,4.132490071046953
0.045,0.017780111312323082,1.0,4.133608815282795,0.6319508018984615,0.9943360740586569,0.969093129821551,0.999871679771724,4.133608815282795
0.0455,0.01774411131232308,1.0,4.13436845221528,0.635127377310882,0.9918821974174168,0.9692508041792308,0.9997364051249208,4.13436845221528
0.046,0.017708111312323083,1.0,4.13476353155495,0.6382765592821116,0.9894288784898293,0.9694013250614083,0.9995530055600689,4.13476353155495
0.0465,0.01767211131232308,1.0,4.134788649750864,0.6413985735608371,0.9869761254610812,0.9695449042347727,0.999321514767978,4.134788649750864
0.047,0.01763611131232308,1.0,4.134438452368859,0.6444936458957453,0.9845239465163586,0.9696817441276062,0.9990419670742858,4.134438452368859
0.0475,0.017600111312323082,1.0,4.133707636501889,0.647562002035523,0.9820723498408482,0.9698120383086517,0.9987143974390843,4.133707636501889
0.048,0.01756411131232308,1.0,4.132590953216151,0.6506038677288571,0.9796213436197365,0.969935971938032,0.9983388414565406,4.132590953216151
0.0485,0.017528111312323083,1.0,4.131083210032385,0.6536194687244345,0.9771709360382101,0.9700537221920703,0.997915335354514,4.131083210032385
0.049,0.017492111312323082,1.0,4.1291792734404025,0.6566090307709418,0.9747211352814555,0.9701654586637266,0.9974439159941662,4.1291792734404025
0.0495,0.01745611131232308,1.0,4.126874071449646,0.6595727796170658,0.9722719495346592,0.9702713437402382,0.996924620869566,4.126874071449646
0.05,0.01742011131232308,1.0,4.124162596173673,0.6625109410114935,0.9698233869830076,0.9703715329594395,0.9963574881072907,4.124162596173673
0.0505,0.01738411131232308,1.0,4.121039906448958,0.6654237407029117,0.9673754558116874,0.9704661753461326,0.9957425564660194,4.121039906448958
0.051000000000000004,0.01734811131232308,1.0,4.117501130488874,0.668311404440007,0.9649281642058849,0.9705554137297806,0.9950798653361225,4.117501130488874
0.051500000000000004,0.017312111312323082,1.0,4.1135423926079975,0.6711741538537553,0.9624815189337617,0.9706393843080408,0.9943694543139293,4.1135423926079975
0.052000000000000005,0.01727611131232308,1.0,4.109172413943567,0.6740121996170965,0.9600355075474662,0.9707182138089575,0.9936113573720455,4.109172413943567
0.0525,0.01724011131232308,1.0,4.104394788443173,0.6768257565486786,0.9575901255409726,0.9707920252392775,0.9928056101934781,4.104394788443173
0.053,0.01720411131232308,1.0,4.099209879680399,0.6796150313246376,0.9551453734550578,0.970860936104062,0.991952249910055,4.099209879680399
0.0535,0.01716811131232308,1.0,4.093618113610722,0.6823802306211093,0.9527012518304993,0.9709250591209866,0.9910513136863925,4.093618113610722
0.054,0.017132111312323083,1.0,4.087619978748729,0.6851215611142293,0.9502577612080744,0.9709845024410533,0.9901028387198682,4.087619978748729
0.0545,0.01709611131232308,1.0,4.0812160263437205,0.6878392294801334,0.9478149021285602,0.9710393698577774,0.989106862240593,4.0812160263437205
0.055,0.01706011131232308,1.0,4.074406870556541,0.6905334423949574,0.9453726751327343,0.9710897610055372,0.9880634215113848,4.074406870556541
0.0555,0.017024111312323082,0.0,4.06678487127456,0.6838318501759909,0.9429317104969814,0.9698894422298852,0.9869728413327986,4.06678487127456
0.056,0.01698811131232308,0.0,4.056753298760481,0.6704376049190992,0.9404944772227333,0.9676518154513772,0.9858363710360167,4.056753298760481
0.0565,0.016952111312323083,0.0,4.044539738994229,0.6573056411255402,0.9380606371863665,0.9652543779466503,0.9846540613369643,4.044539738994229
0.057,0.01691611131232308,0.0,4.030362096128347,0.644430930773285,0.9356298681786737,0.9626866355545017,0.9834259445172203,4.030362096128347
0.0575,0.01688011131232308,0.0,4.014438382454122,0.6318084458403044,0.9332018479904475,0.9599375239626748,0.9821520275524348,4.014438382454122
0.058,0.01684411131232308,0.0,3.996953367317352,0.6194332662120617,0.9307763055435091,0.9569954251448982,0.9808323205031776,3.996953367317352
0.0585,0.01680811131232308,0.0,3.978040703888356,0.6073003629011685,0.9283530486947871,0.9538481221292483,0.9794668574746738,3.978040703888356
0.059000000000000004,0.01677211131232308,0.0,3.9577451898098244,0.5954050574386573,0.92593202372894,0.9504829116634329,0.9780557395644388,3.9577451898098244
0.059500000000000004,0.016736111312323082,0.0,3.936087000997662,0.5837428013368507,0.9235132162090238,0.9468865631704595,0.9765990876212498,3.936087000997662
0.06,0.01670011131232308,0.0,3.913086977918315,0.5723090461080718,0.9210966116980946,0.9430452923318117,0.975097021257915,3.913086977918315
0.0605,0.01666411131232308,0.0,3.888764639894557,0.5610992697950703,0.9186821988650657,0.9389447811563861,0.9735496608743172,3.888764639894557
0.061,0.01662811131232308,0.0,3.8631160728261307,0.550109056415008,0.916270004501561,0.9345702360785293,0.9719571514153256,3.8631160728261307
0.0615,0.01659211131232308,0.0,3.8361237091464977,0.5393339927480444,0.9138600786394766,0.9299063870846576,0.9703196557920114,3.8361237091464977
0.062,0.016556111312323082,0.0,3.8077519727371096,0.5287699964419053,0.9114525019734288,0.9249376641030952,0.9686373623729374,3.8077519727371096
0.0625,0.01652011131232308,0.0,3.7779668769952255,0.5184129851443162,0.9090473551980338,0.9196481410180462,0.9669104656141095,3.7779668769952255
0.063,0.01648411131232308,0.0,3.7467361244987183,0.5082588765030028,0.9066447190079081,0.9140215963364127,0.9651391660435502,3.7467361244987183
0.0635,0.016448111312323082,0.0,3.714023388222144,0.49830376147540656,0.9042446834934431,0.9080416810317732,0.9633236774429165,3.714023388222144
0.064,0.01641211131232308,0.0,3.6797926287712044,0.4885434781347973,0.9018473415313785,0.9016917911587301,0.9614642225421686,3.6797926287712044
0.0645,0.016376111312323083,0.0,3.6439989068594283,0.4789742720926957,0.8994528040232165,0.8949555297166462,0.9595610455248251,3.6439989068594283
0.065,0.01634011131232308,0.0,3.6065965277374405,0.4695925284274011,0.8970611872380083,0.8878167302096965,0.9576144033086065,3.6065965277374405
0.0655,0.01630411131232308,0.0,3.5675425536780523,0.46039463221721294,0.8946726074448055,0.8802595222972232,0.9556245615100958,3.5675425536780523
0.066,0.01626811131232308,0.0,3.526796982991293,0.4513769685404305,0.892287180912659,0.8722684823142176,0.953591794417031,3.526796982991293
0.0665,0.01623211131232308,0.0,3.484323139935465,0.4425359351600023,0.889905023570859,0.8638288081222671,0.9515163846602676,3.484323139935465
0.067,0.01619611131232308,0.0,3.4400855785027304,0.43386811966972777,0.8875262548368574,0.8549266644488961,0.9493986265959059,3.4400855785027304
0.0675,0.016160111312323082,0.0,3.3940445731424997,0.4253699143539993,0.8851510073717758,0.8455490648175404,0.9472388355691284,3.3940445731424997
0.068,0.01612411131232308,0.0,3.3461733106555784,0.41703813890322144,0.8827793986830682,0.8356846495433623,0.9450373225075878,3.3461733106555784
0.0685,0.01608811131232308,0.0,3.2964489578465748,0.4088696130077988,0.8804115462781884,0.8253235792789694,0.9427944069457045,3.2964489578465748
0.069,0.01605211131232308,0.0,3.2448528860934545,0.40086115635813585,0.8780475676645906,0.8144577642366915,0.9405104169899096,3.2448528860934545
0.0695,0.01601611131232308,0.0,3.191370903055857,0.39300958864463736,0.8756875803497285,0.803081095629148,0.9381856892827791,3.191370903055857
0.07,0.015980111312323082,0.0,3.136003003775217,0.38531186065839745,0.8733316851342855,0.7911898428604301,0.9358205520363209,3.136003003775217
0.07050000000000001,0.01594411131232308,0.0,3.078734395692345,0.3777647914640151,0.8709800171359336,0.7787825867389392,0.9334153760870241,3.078734395692345
0.07100000000000001,0.01590811131232308,0.0,3.019584637537819,0.3703654842422127,0.8686326598953891,0.7658609569225501,0.930970487815358,3.019584637537819
0.07150000000000001,0.01587211131232308,0.0,2.9585865575820125,0.3631111356956087,0.8662896813929543,0.7524296664684313,0.9284862027920093,2.9585865575820125
0.07200000000000001,0.01583611131232308,0.0,2.8957774688669686,0.3559989425268216,0.8639511496089314,0.7384965826067217,0.9259628412290745,2.8957774688669686
0.0725,0.015800111312323083,0.0,2.8311993242535265,0.34902610143847,0.861617132523623,0.7240728761633202,0.923400727956062,2.8311993242535265
0.073,0.01576411131232308,0.0,2.7649085054157427,0.3421898638435181,0.859287680101538,0.7091732230215133,0.9208001721151716,2.7649085054157427
0.0735,0.01572811131232308,0.0,2.696963917208242,0.33548749615918666,0.8569628460145123,0.6938158378022649,0.9181614903189276,2.696963917208242
0.074,0.015692111312323082,0.0,2.6274415897412498,0.3289163096989732,0.8546426600942731,0.6780225406065556,0.9154849749421239,2.6274415897412498
0.0745,0.01565611131232308,0.0,2.5564618294886436,0.32247383348451103,0.8523270741223613,0.6618190746680382,0.9127708278509497,2.5564618294886436
0.075,0.015620111312323081,0.0,2.4841468799224518,0.3161575965374337,0.8500160398803177,0.6452346893810397,0.9100192468272702,2.4841468799224518
0.0755,0.015584111312323082,0.0,2.41062080747192,0.30996512787937447,0.8477095091496832,0.6283019923071664,0.9072304255862783,2.41062080747192
0.076,0.01554811131232308,0.0,2.3360093886842503,0.3038939565319669,0.8454074337119987,0.6110567399580956,0.9044045537939597,2.3360093886842503
0.0765,0.015512111312323081,0.0,2.2604710718043037,0.2979417563651813,0.8431097010674331,0.5935378749998154,0.9015417364033992,2.2604710718043037
0.077,0.015476111312323081,0.0,2.1841415169956413,0.2921060207760613,0.840816245350324,0.5757865082291086,0.8986421290225269,2.1841415169956413
0.0775,0.01544011131232308,0.0,2.107217579300851,0.2863845571709245,0.838526871071004,0.5578466352403832,0.8957057145355193,2.107217579300851
0.078,0.015404111312323082,0.0,2.029895526634982,0.28077519139478185,0.8362413754330086,0.5397641274320897,0.8927324515197086,2.029895526634982
0.0785,0.01536811131232308,0.0,1.9523670320021511,0.2752757492926444,0.8339595556398736,0.5215862233062595,0.8897222833467671,1.9523670320021511
0.079,0.015332111312323081,0.0,1.874818777573092,0.2698840567095232,0.8316812088951344,0.5033610291153853,0.8866751382439865,1.874818777573092
0.0795,0.015296111312323082,0.0,1.797425729384252,0.26459800267886346,0.8294061471352203,0.48513720760295737,0.8835909494589996,1.797425729384252
0.08,0.01526011131232308,0.0,1.7204054105750788,0.25941544522498955,0.8271340691255405,0.4669630431878123,0.8804694797716264,1.7204054105750788
0.0805,0.01522411131232308,0.0,1.6439583538171705,0.2543343160938075,0.8248646911424057,0.4488863824112706,0.8773104943654202,1.6439583538171705
0.081,0.015188111312323081,0.0,1.56824723741321,0.24935270919710598,0.8225977997833825,0.4309544789837702,0.8741138374332127,1.56824723741321
0.0815,0.01515211131232308,0.0,1.4934275571293079,0.24446871844667373,0.8203331816460375,0.4132129473367515,0.870879337530257,1.4934275571293079
0.082,0.01511611131232308,0.0,1.4196473636894658,0.23968043775429948,0.8180706233279372,0.3957053093758724,0.8676068076148589,1.4196473636894658
0.0825,0.01508011131232308,0.0,1.347047023808066,0.234985961031772,0.8158099114266484,0.3784725884881514,0.8642960450853635,1.347047023808066
0.083,0.01504411131232308,0.0,1.2757452896936212,0.23038340469601337,0.8135508703066692,0.36155306763589384,0.860946888146398,1.2757452896936212
0.08333333333333333,0.015020111312323083,0.0,1.2274332610444847,0.22736522489155409,0.8120500474829123,0.35046936659484906,0.858699261395298,1.2274332610444847
0.08383333333333333,0.015032111312323083,0.0,2.2602540398251105,0.2229119341634411,0.8104072886045488,0.3347426271364758,0.8562184151428847,2.2602540398251105
0.08433333333333333,0.015044111312323083,0.0,3.0817209722905385,0.2185458716658105,0.809656859198632,0.32022802944496376,0.8550779549994822,3.0817209722905385
0.08483333333333333,0.015056111312323083,0.0,3.6844580553488275,0.21426532884821112,0.8094541959012861,0.306568178129834,0.8547691861614981,3.6844580553488275
0.08533333333333333,0.015068111312323083,0.0,4.135138660213802,0.21006863056982852,0.80956256675243,0.2935288105241904,0.8549343360723093,4.135138660213802
0.08583333333333333,0.015080111312323083,0.0,4.389121661319649,0.2059541346404798,0.8099974577198035,0.2811147548697027,0.8555961357082486,4.389121661319649
0.08633333333333333,0.015092111312323084,0.0,4.387881140402936,0.20192023083763758,0.8108168710577243,0.2693626532771746,0.856838974894441,4.387881140402936
0.08683333333333333,0.015104111312323084,0.0,4.255577295417717,0.1979653405423057,0.8118323915951265,0.2580971453653011,0.8583718045887607,4.255577295417717
0.08733333333333333,0.015116111312323084,0.0,4.0945077339519855,0.19408791623740534,0.8128951516512803,0.24719059387656067,0.8599671028976105,4.0945077339519855
0.08783333333333333,0.015128111312323084,0.0,3.9325634178360303,0.19028644031896016,0.8139641555379784,0.23661219015143706,0.86156265830121,3.9325634178360303
0.08833333333333333,0.015140111312323084,0.0,3.774598011957616,0.18655942681203935,0.8150320205163636,0.226359123895435,0.8631473862629642,3.774598011957616
0.08883333333333333,0.015152111312323083,0.0,3.6215578410326916,0.18290541218342324,0.8160971275940514,0.2164322169434158,0.8647189340833655,3.6215578410326916
0.08933333333333333,0.015164111312323083,0.0,3.4735871781511576,0.17932297302921876,0.817159059345475,0.20683212090537634,0.8662767616822737,3.4735871781511576
0.08983333333333333,0.015176111312323083,0.0,3.330742029117366,0.17581073469250708,0.8182175152783372,0.19755852545873928,0.8678205129936737,3.330742029117366
0.09033333333333333,0.015188111312323083,0.0,3.193036822064538,0.17236724112063473,0.8192722443025909,0.18860980934486085,0.8693499132823105,3.193036822064538
0.09083333333333334,0.015200111312323083,0.0,3.060389968325077,0.1689911896200565,0.820323147810575,0.1799838459442083,0.8708649151491981,3.060389968325077
0.09133333333333334,0.015212111312323083,0.0,2.9327139148226364,0.16568128542487878,0.8213701334391958,0.17167755633148066,0.8723654830898773,2.9327139148226364
0.09183333333333334,0.015224111312323083,0.0,2.809919070825197,0.162436233769208,0.8224131088253599,0.163686969712377,0.8738515843317061,2.809919070825197
0.09233333333333334,0.015236111312323084,0.0,2.691910323846081,0.15925474301509795,0.823451988569473,0.15600732336250225,0.875323198639706,2.691910323846081
0.09283333333333334,0.015248111312323084,0.0,2.5785112087428916,0.15613555685649755,0.824486842244868,0.14863330918446127,0.8767805258192887,2.5785112087428916
0.09333333333333334,0.015260111312323084,0.0,2.469540845857452,0.15307746281468074,0.8255177593800859,0.141559083261338,0.8782237908330175,2.469540845857452
0.09383333333333334,0.015272111312323084,0.0,2.3648319221537455,0.15007927600152127,0.8265448149859219,0.13477827877247472,0.8796531951669277,2.3648319221537455
0.09433333333333334,0.015284111312323084,0.0,2.2642199253612123,0.14713982011273513,0.8275680898407413,0.1282840451971977,0.8810689454353173,2.2642199253612123
0.09483333333333334,0.015296111312323083,0.0,2.167528044514136,0.1442579286470589,0.8285877027121944,0.12206913969905439,0.8824712973540678,2.167528044514136
0.09533333333333334,0.015308111312323083,0.0,2.0745980764576455,0.14143248731108735,0.8296037474881227,0.11612606126723286,0.8838604685196342,2.0745980764576455
0.09583333333333334,0.015320111312323083,0.0,1.9852806214308885,0.13866239614833384,0.8306163115628723,0.11044703263615151,0.8852366643657362,1.9852806214308885
0.09633333333333334,0.015332111312323083,0.0,1.8994360865489637,0.13594656781989325,0.8316254724614289,0.10502405670562925,0.8866000739046519,1.8994360865489637
0.09683333333333334,0.015344111312323083,0.0,1.816939908466454,0.1332839211065123,0.8326312843222677,0.09984895581223387,0.8879508520495457,1.816939908466454
0.09733333333333334,0.015356111312323083,0.0,1.7376859071578905,0.1306734308525088,0.8336337670285019,0.09491352411677087,0.8892891061074929,1.7376859071578905
0.09783333333333334,0.015368111312323084,0.0,1.6615723763886252,0.1281140815653921,0.8346329356658359,0.09020948561250258,0.8906149361340017,1.6615723763886252
0.09833333333333334,0.015380111312323084,0.0,1.5885029406318159,0.1256048669846145,0.8356287977781972,0.08572853691112635,0.8919284315206368,1.5885029406318159
0.09883333333333334,0.015392111312323084,0.0,1.5183952643973357,0.12314478904755773,0.8366213304585993,0.08146237876281337,0.8932296413555272,1.5183952643973357
0.09933333333333334,0.015404111312323084,0.0,1.4511705546145344,0.12073289701574681,0.8376105039321518,0.07740283094325713,0.8945186062673212,1.4511705546145344
0.09983333333333334,0.015416111312323084,0.0,1.3867515462082927,0.11836825551364766,0.8385962861924033,0.07354180013948061,0.8957953646764617,1.3867515462082927
0.10033333333333334,0.015428111312323084,0.0,1.3250612322275284,0.11604997829249313,0.8395786463160034,0.06987136384390867,0.8970599571287763,1.3250612322275284
0.10083333333333334,0.015440111312323083,0.0,1.266029229106765,0.11377710026313681,0.8405575371482358,0.06638357267419959,0.8983124041590551,1.266029229106765
0.10133333333333334,0.015452111312323083,0.0,1.2095798461712652,0.11154866864612331,0.8415329273256327,0.06307064624588156,0.8995527475120672,1.2095798461712652
0.10183333333333335,0.015464111312323083,0.0,1.1556343045864241,0.10936386303784386,0.8425047969238075,0.05992517027054938,0.9007810440319556,1.1556343045864241
0.10233333333333335,0.015476111312323083,0.0,1.1041151045677702,0.10722186303468967,0.8434731260183735,0.0569398832985473,0.9019973508861601,1.1041151045677702
0.10283333333333335,0.015488111312323083,0.0,1.0549460617392932,0.10512184823305196,0.8444378946849439,0.054107692323683,0.9032017255597896,1.0549460617392932
0.10333333333333335,0.015500111312323085,0.0,1.0080523436967916,0.10306299822932197,0.845399082999132,0.05142168582090319,0.9043942258499629,1.0080523436967916
0.10383333333333335,0.015512111312323084,0.0,0.9633605067762222,0.10104449261989092,0.846356671036551,0.04887514441290096,0.9055749098601176,0.9633605067762222
0.10433333333333335,0.015524111312323084,0.0,0.920798021831715,0.09906551815614938,0.8473106405297368,0.04646155883357937,0.906743838018243,0.920798021831715
0.10483333333333335,0.015536111312323084,0.0,0.8802758759608924,0.09712537896924986,0.8482610328553686,0.044174781054389815,0.9079011433995219,0.8802758759608924
0.10533333333333335,0.015548111312323084,0.0,0.8417215937763171,0.09522313826378054,0.8492078439566175,0.04200855601370578,0.9090469027031528,0.8417215937763171
0.10583333333333335,0.015560111312323084,0.0,0.8050548660704518,0.09335810780640393,0.8501511034446719,0.03995715573422269,0.9101812328046024,0.8050548660704518
0.10633333333333335,0.015572111312323084,0.0,0.7701981199215389,0.09152959936378248,0.8510908409307201,0.03801504627883682,0.9113042493811195,0.7701981199215389
0.10683333333333335,0.015584111312323084,0.0,0.7370764645626814,0.0897369247025787,0.8520270860259503,0.03617688976903813,0.912416066920114,0.7370764645626814
0.10733333333333335,0.015596111312323083,0.0,0.7056176377046667,0.08797939558945507,0.8529598683415507,0.034437545222200494,0.9135167987274636,0.7056176377046667
0.10783333333333335,0.015608111312323083,0.0,0.6757519523113839,0.08625632379107408,0.8538892174887097,0.032792068338031534,0.9146065569357538,0.6757519523113839
0.10833333333333335,0.015620111312323083,0.0,0.6474122438289686,0.0845670210740982,0.8548151630786154,0.031235710356796117,0.9156854525124438,0.6474122438289686
0.10883333333333335,0.015632111312323085,0.0,0.6205338178677865,0.08291079920518996,0.8557377347224561,0.029763916104049996,0.9167535952679662,0.6205338178677865
0.10933333333333335,0.015644111312323083,0.0,0.595045100030148,0.08128706396567349,0.8566569995221738,0.02837240956412286,0.9178111368560556,0.595045100030148
0.10983333333333335,0.015656111312323084,0.0,0.5708797438614479,0.07969507038252235,0.857573015941821,0.027056957950273172,0.9188582168483649,0.5708797438614479
0.11033333333333335,0.015668111312323083,0.0,0.547976232185977,0.07813421109242343,0.8584858341120938,0.02581363363672214,0.9198949634122007,0.547976232185977
0.11083333333333335,0.015680111312323084,0.0,0.5262743541715554,0.07660391186340869,0.8593955096669248,0.02463870583355893,0.9209215091927047,0.5262743541715554
0.11133333333333335,0.015692111312323082,0.0,0.5057165079751854,0.07510359846351017,0.8603020982402466,0.02352860572991432,0.9219379849756891,0.5057165079751854
0.11183333333333335,0.015704111312323084,0.0,0.4862476111766552,0.07363269666075987,0.861205655465992,0.02247992275555525,0.9229445197015004,0.4862476111766552
0.11233333333333335,0.015716111312323085,0.0,0.4678150128115504,0.0721906322231898,0.8621062369780937,0.021489400555633375,0.9239412404786335,0.4678150128115504
0.11283333333333335,0.015728111312323084,0.0,0.45036840700437974,0.07077683091883197,0.8630038984104843,0.020553932733030234,0.9249282725971004,0.45036840700437974
0.11333333333333336,0.015740111312323085,0.0,0.43385974820137224,0.06939071851571836,0.8638986953970964,0.019670558407632772,0.9259057395415506,0.43385974820137224
0.11383333333333336,0.015752111312323083,0.0,0.4182408838797105,0.06803178841318197,0.8647906945569251,0.018836501704040595,0.9268737748864051,0.4182408838797105
0.11433333333333336,0.015764111312323085,0.0,0.4034649390290901,0.06669943242785278,0.8656799673118709,0.018049053884395524,0.9278325152746397,0.4034649390290901
0.11483333333333336,0.015776111312323083,0.0,0.389489256901441,0.06539313240049953,0.8665665751836684,0.01730569403473714,0.9287820845671375,0.389489256901441
0.11533333333333336,0.015788111312323085,0.0,0.37627286889420886,0.06411240774786482,0.8674505812570837,0.016604044688768832,0.9297226063636601,0.37627286889420886
0.11583333333333336,0.015800111312323083,0.0,0.3637767396999709,0.06285677788669126,0.8683320486168827,0.015941842647409468,0.9306542023142923,0.3637767396999709
0.11633333333333336,0.015812111312323084,0.0,0.35196368350038837,0.06162576223372145,0.8692110403478316,0.015316934923336453,0.9315769921324139,0.35196368350038837
0.11683333333333336,0.015824111312323082,0.0,0.34079828221653,0.060418880205698,0.8700876195346964,0.01472727468329309,0.9324910936073528,0.34079828221653
0.11733333333333336,0.015836111312323084,0.0,0.3302468058166568,0.059235651219363514,0.870961849262243,0.014170917207454517,0.9333966226167196,0.3302468058166568
0.11783333333333336,0.015848111312323086,0.0,0.3202771346804455,0.05807559469146059,0.8718337926152375,0.013646015882765358,0.9342936931384243,0.3202771346804455
0.11833333333333336,0.015860111312323084,0.0,0.3108585161886497,0.05693829802916078,0.8727035136146923,0.013150849172308073,0.9351824182158207,0.3108585161886497
0.11883333333333336,0.015872111312323085,0.0,0.3019605668286934,0.055823233460166016,0.8735710825183378,0.012683730947297179,0.9360629152976602,0.3019605668286934
0.11933333333333336,0.015884111312323083,0.0,0.29355575275641976,0.054729971838649485,0.8744365616080741,0.012243106069239243,0.9369352917567881,0.29355575275641976
0.11983333333333336,0.015896111312323085,0.0,0.28561800550417,0.05365811239368273,0.875300012248342,0.011827510313886645,0.9377996522189453,0.28561800550417
0.12033333333333336,0.015908111312323083,0.0,0.2781224897337883,0.052607254354337316,0.8761614958035824,0.011435553819018491,0.9386560995135754,0.2781224897337883
0.12083333333333336,0.015920111312323085,0.0,0.27104553987367924,0.05157699694968477,0.8770210736382362,0.011065917963376939,0.9395047346836315,0.27104553987367924
0.12133333333333336,0.015932111312323083,0.0,0.26436459870147155,0.050566939408796634,0.8778788071167443,0.010717352315399978,0.9403456569950825,0.26436459870147155
0.12183333333333336,0.015944111312323084,0.0,0.2580581578735858,0.04957668096074446,0.8787347576035475,0.010388671656826262,0.9411789639461184,0.2580581578735858
0.12233333333333336,0.015956111312323083,0.0,0.25210570040052827,0.0486058208345998,0.8795889864630867,0.01007875308531564,0.9420047512760531,0.25210570040052827
0.12283333333333336,0.015968111312323084,0.0,0.2464882859489427,0.047654002951479785,0.8804415510448941,0.009786547412985711,0.9428231091337973,0.2464882859489427
0.12333333333333336,0.015980111312323086,0.0,0.24118721658481118,0.046720825040043726,0.8812925125745598,0.009511045909162508,0.9436341297165558,0.24118721658481118
0.12383333333333336,0.015992111312323084,0.0,0.23618466403184846,0.0458058709210514,0.8821419320332222,0.00925129004609546,0.9444379032605535,0.23618466403184846
0.12433333333333337,0.016004111312323085,0.0,0.23146483552073346,0.04490881152519945,0.8829898622864971,0.00900639831118726,0.9452345106890684,0.23146483552073346
0.12483333333333337,0.016016111312323084,0.0,0.22701262225706703,0.044029317783184564,0.8838363562000006,0.008775535248309325,0.9460240314364274,0.22701262225706703
0.12533333333333335,0.016028111312323085,0.0,0.22281355945250056,0.04316706062570339,0.8846814666393484,0.008557909367238771,0.9468065434541931,0.22281355945250056
0.12583333333333335,0.016040111312323083,0.0,0.21885378779970108,0.04232171098345256,0.8855252464701567,0.008352771120758419,0.9475821232171265,0.21885378779970108
0.12633333333333335,0.016052111312323085,0.0,0.215120016392342,0.04149293978712875,0.8863677485580412,0.00815941094980359,0.9483508457289258,0.215120016392342
0.12683333333333335,0.016064111312323083,0.0,0.2115994870890929,0.040680417967428606,0.8872090257686179,0.00797715739672164,0.9491127845277428,0.2115994870890929
0.12733333333333335,0.016076111312323085,0.0,0.20827994032272978,0.03988381645504881,0.8880491309675028,0.007805375286425084,0.9498680116914746,0.20827994032272978
0.12783333333333335,0.016088111312323083,0.0,0.20514962374044324,0.03910280834049827,0.8888881167361088,0.007643464437725744,0.9506165975902057,0.20514962374044324
0.12833333333333335,0.016100111312323084,0.0,0.20220022062535678,0.03833719446517797,0.8897260148893775,0.007490883715731599,0.9513585928312889,0.20220022062535678
0.12883333333333336,0.016112111312323082,0.0,0.19941889580675926,0.037586492834728265,0.8905628909465296,0.007347063046413712,0.9520940766480753,0.19941889580675926
0.12933333333333336,0.016124111312323084,0.0,0.19679708698723009,0.036850442008286695,0.8913987834881946,0.0072115089759926185,0.9528231030886238,0.19679708698723009
0.12983333333333336,0.016136111312323086,0.0,0.19432653199308283,0.03612878054499078,0.8922337310950014,0.00708375420796944,0.9535457251451821,0.19432653199308283
0.13033333333333336,0.016148111312323084,0.0,0.19199924954669714,0.03542124700397807,0.8930677723475797,0.006963356365564954,0.9542619947571639,0.19199924954669714
0.13083333333333336,0.016160111312323085,0.0,0.18980752080853655,0.03472757994438609,0.8939009458265589,0.006849896800850216,0.9549719628140049,0.18980752080853655
0.13133333333333336,0.016172111312323083,0.0,0.1877438716880145,0.034047517925352384,0.8947332901125681,0.006742979449792111,0.955675679157901,0.1877438716880145
0.13183333333333336,0.016184111312323085,0.0,0.18580105592419374,0.033380799506014476,0.8955648437862367,0.006642229732355524,0.9563731925864274,0.18580105592419374
0.13233333333333336,0.016196111312323083,0.0,0.18397203893527378,0.03272716324550991,0.8963956454281942,0.006547293496734116,0.9570645508550382,0.18397203893527378
0.13283333333333336,0.016208111312323085,0.0,0.1822499824380053,0.03208634770297621,0.8972257336190699,0.006457836006723715,0.9577498006794465,0.1822499824380053
0.13333333333333336,0.016220111312323083,0.0,0.18062822983594512,0.03145809143755092,0.8980551469394931,0.00637354097120281,0.9584289877378867,0.18062822983594512
0.13383333333333336,0.016232111312323085,0.0,0.17910029237735584,0.030842133008371575,0.8988839239700931,0.006294109614645874,0.9591021566732564,0.17910029237735584
0.13433333333333336,0.016244111312323083,0.0,0.17766173618983755,0.03023825350315539,0.8997120892704888,0.006219265194035564,0.9597693398460384,0.17766173618983755
0.13483333333333336,0.016256111312323084,0.0,0.17630844313013774,0.029646190120512107,0.9005396659015875,0.006148740460790039,0.9604305677641287,0.17630844313013774
0.13533333333333336,0.016268111312323086,0.0,0.1750348237644499,0.029065686148995684,0.9013666886268714,0.0060822840012522365,0.9610858795502859,0.1750348237644499
0.13583333333333336,0.016280111312323084,0.0,0.1738367991190029,0.028496533677006133,0.9021931818190323,0.006019664081654901,0.9617353052692605,0.1738367991190029
0.13633333333333336,0.016292111312323086,0.0,0.17271038002012548,0.027938524792943478,0.9030191698507619,0.005960661515700905,0.9623788743342585,0.17271038002012548
0.13683333333333336,0.016304111312323084,0.0,0.17165166057678724,0.027391451585207734,0.9038446770947521,0.005905069044693835,0.96301661550795,0.17165166057678724
0.13733333333333336,0.016316111312323085,0.0,0.17065681197075622,0.026855106142198923,0.9046697279236948,0.0058526907438143,0.9636485569034305,0.17065681197075622
0.13783333333333336,0.016328111312323083,0.0,0.16972207655310967,0.02632928055231706,0.9054943467102816,0.005803341453775635,0.9642747259851342,0.16972207655310967
0.13833333333333336,0.016340111312323085,0.0,0.16884376224848474,0.025813766903962164,0.9063185578272044,0.005756846237089837,0.9648951495697006,0.16884376224848474
0.13883333333333336,0.016352111312323083,0.0,0.16801823726560744,0.02530835728553426,0.9071423856471549,0.005713039858174357,0.9655098538267932,0.16801823726560744
0.13933333333333336,0.016364111312323085,0.0,0.16724192511565167,0.02481284378543336,0.9079658545428249,0.005671766286532587,0.9661188642798701,0.16724192511565167
0.13983333333333337,0.016376111312323083,0.0,0.16651284062839186,0.024327079914358826,0.9087889771436173,0.005632883300401229,0.9667221972379697,0.16651284062839186
0.14033333333333337,0.016388111312323084,0.0,0.16582823530194638,0.02385081784857343,0.9096117721653374,0.0055962480784439795,0.9673198730756365,0.16582823530194638
0.14083333333333337,0.016400111312323086,0.0,0.16518506912065986,0.02338383774420358,0.9104342608416353,0.005561728348584081,0.9679119134760631,0.16518506912065986
0.14133333333333337,0.016412111312323084,0.0,0.16458132918726953,0.0229259762617503,0.9112564568139659,0.005529203585075669,0.968498334171154,0.16458132918726953
0.14183333333333337,0.016424111312323086,0.0,0.164015029354146,0.02247707006171461,0.9120783737237844,0.005498559798433675,0.969079150531782,0.164015029354146
0.14233333333333337,0.016436111312323084,0.0,0.16348420820731716,0.022036955804597542,0.9129000252125459,0.005469689210078813,0.9696543775680995,0.16348420820731716
0.14283333333333337,0.016448111312323085,0.0,0.1629869271472606,0.02160547015090012,0.9137214249217052,0.005442489941082041,0.9702240299298361,0.1629869271472606
0.14333333333333337,0.016460111312323084,0.0,0.16252126856529364,0.021182449761123368,0.9145425864927175,0.005416865714542708,0.9707881219065813,0.16252126856529364
0.14383333333333337,0.016472111312323085,0.0,0.1620853341166386,0.02076773129576831,0.9153635235670378,0.005392725571140647,0.9713466674280505,0.1620853341166386
0.14433333333333337,0.016484111312323083,0.0,0.16167724308924084,0.02036115141533597,0.9161842497861212,0.005369983597409131,0.9718996800643387,0.16167724308924084
0.14483333333333337,0.016496111312323085,0.0,0.1612951308692904,0.019962546780327377,0.9170047787914227,0.005348558666282909,0.9724471730261574,0.1612951308692904
0.14533333333333337,0.016508111312323083,0.0,0.16093714750225366,0.019571754051243555,0.9178251242243973,0.0053283741894833946,0.9729891591650571,0.16093714750225366
0.14583333333333337,0.016520111312323085,0.0,0.1606014563507601,0.019188609888585527,0.9186452997265002,0.005309357881311159,0.9735256509736361,0.1606014563507601
0.14633333333333337,0.016532111312323083,0.0,0.16028729004534328,0.018812992666409577,0.9194653107261437,0.005291443590435472,0.9740566552942537,0.16028729004534328
0.14683333333333337,0.016544111312323084,0.0,0.1599939962169571,0.018444730832421145,0.9202851618121667,0.0052745663285502925,0.9745821782907502,0.1599939962169571
0.14733333333333337,0.016556111312323086,0.0,0.15971976913587005,0.018083644739176574,0.9211048665976772,0.005258664487696937,0.9751022317017187,0.15971976913587005
0.14783333333333337,0.016568111312323084,0.0,0.15946368471437375,0.017729608317540738,0.9219244319032033,0.00524368240273043,0.9756168226654498,0.15946368471437375
0.14833333333333337,0.016580111312323086,0.0,0.15922482479364758,0.017382495498378517,0.9227438645492729,0.005229567437965175,0.9761259581408757,0.15922482479364758
0.14883333333333337,0.016592111312323084,0.0,0.15900227666387684,0.017042180212554794,0.9235631713564141,0.005216269835155367,0.9766296449076444,0.15900227666387684
0.14933333333333337,0.016604111312323085,0.0,0.15879513260885542,0.01670853639093444,0.9243823591451548,0.005203742568201207,0.9771278895661906,0.15879513260885542
0.14983333333333337,0.016616111312323083,0.0,0.1586024894741623,0.01638143796438234,0.925201434736023,0.00519194120434294,0.9776206985378023,0.1586024894741623
0.15033333333333337,0.016628111312323085,0.0,0.15842344825983742,0.016060758863763368,0.9260204049495467,0.005180823771609753,0.9781080780646838,0.15842344825983742
0.15083333333333337,0.016640111312323083,0.0,0.15825711373657148,0.015746373019942403,0.9268392766062541,0.005170350632295683,0.9785900342100152,0.15825711373657148
0.15133333333333338,0.016652111312323085,0.0,0.15810259408662122,0.015438154363784321,0.9276580565266731,0.005160484362239889,0.9790665728580079,0.15810259408662122
0.15183333333333338,0.016664111312323083,0.0,0.15795900056805817,0.015135976826154003,0.9284767515313316,0.005151189635693958,0.9795376997139564,0.15795900056805817
0.15233333333333338,0.016676111312323084,0.0,0.1578254472036359,0.014839714337916327,0.9292953684407577,0.00514243311556418,0.9800034203042872,0.1578254472036359
0.15283333333333338,0.016688111312323083,0.0,0.15770157374354885,0.01454928684473613,0.9301139099773207,0.005134184704413852,0.9804637376853679,0.15770157374354885
0.15333333333333338,0.016700111312323084,0.0,0.157587240985513,0.014264569527725738,0.9309323771428424,0.005126414607004227,0.9809186538914457,0.157587240985513
0.15383333333333338,0.016712111312323086,0.0,0.15748135804759716,0.013985381434104579,0.93175077840624,0.005119093199534305,0.9813681750073834,0.15748135804759716
0.15433333333333338,0.016724111312323084,0.0,0.15738353149620904,0.013711628406797922,0.9325691167855656,0.005112194973059728,0.9818123039556853,0.15738353149620904
0.15483333333333338,0.016736111312323085,0.0,0.1572933690095292,0.013443216288731038,0.9333873952988719,0.005105695799144549,0.982251043579725,0.1572933690095292
0.15533333333333338,0.016748111312323084,0.0,0.15721047928171078,0.0131800509228292,0.9342056169642109,0.005099572861011039,0.9826843966437595,0.15721047928171078
0.15583333333333338,0.016760111312323085,0.0,0.15713447193190727,0.012922038152017676,0.9350237847996351,0.005093804587722257,0.9831123658329435,0.15713447193190727
0.15633333333333338,0.016772111312323083,0.0,0.15706495741782744,0.01266908381922174,0.9358419018231968,0.005088370591288934,0.9835349537533428,0.15706495741782744
0.15683333333333338,0.016784111312323085,0.0,0.15700154695437518,0.012421093767366661,0.9366599710529484,0.005083251606594773,0.9839521629319467,0.15700154695437518
0.15733333333333338,0.016796111312323083,0.0,0.15694385243637915,0.012177973839377711,0.9374779955069421,0.005078429434036871,0.9843639958166802,0.15694385243637915
0.15783333333333338,0.016808111312323085,0.0,0.15689148636676875,0.011939629878180159,0.9382959782032304,0.005073886884780491,0.9847704547764151,0.15689148636676875
0.15833333333333338,0.016820111312323083,0.0,0.15684406178875004,0.011705967726699277,0.9391139221598656,0.005069607728530027,0.9851715421009803,0.15684406178875004
0.15883333333333338,0.016832111312323084,0.0,0.15680119222329206,0.011476893227860337,0.9399318303948999,0.005065576643720545,0.9855672600011717,0.15680119222329206
0.15933333333333338,0.016844111312323086,0.0,0.15676249161086908,0.011252312224588609,0.9407497059263857,0.00506177917003681,0.985957610608761,0.15676249161086908
0.15983333333333338,0.016856111312323084,0.0,0.1567275742580919,0.011032130559809361,0.9415675517723756,0.0050582016631693216,0.986342595976504,0.1567275742580919
0.16033333333333338,0.016868111312323086,0.0,0.15669605478927232,0.010816254076447871,0.9423853709509216,0.0050548312517193165,0.9867222180781483,0.15669605478927232
0.16083333333333338,0.016880111312323084,0.0,0.15666795293290722,0.010604628120265244,0.9432031632989518,0.005051656411239839,0.9870964773630179,0.15666795293290722
0.16133333333333338,0.016892111312323085,0.0,0.15664336440594936,0.01039715674940479,0.9440209280570538,0.005048665595383911,0.9874653740176258,0.15664336440594936
0.16183333333333338,0.016904111312323084,0.0,0.1566217464026985,0.010193714446682062,0.9448386694846721,0.005045847498786413,0.987828910463115,0.1566217464026985
0.16233333333333338,0.016916111312323085,0.0,0.1566029446967775,0.009994232622883445,0.9456563887891244,0.005043192298725819,0.9881870876822447,0.1566029446967775
0.16283333333333339,0.016928111312323083,0.0,0.1565868051772406,0.009798642688795317,0.9464740871777284,0.005040690704516208,0.9885399066261703,0.1565868051772406
0.16333333333333339,0.016940111312323085,0.0,0.1565731738355057,0.00960687605520406,0.947291765857802,0.005038333930920089,0.9888873682144449,0.1565731738355057
0.1638333333333334,0.016952111312323083,0.0,0.15656189675236332,0.009418864132896056,0.9481094260366627,0.005036113672738305,0.9892294733350216,0.15656189675236332
0.1643333333333334,0.016964111312323085,0.0,0.15655282008629545,0.009234538332657683,0.9489270689216284,0.005034022080534268,0.9895662228442557,0.15655282008629545
0.1648333333333334,0.016976111312323086,0.0,0.15654579006212677,0.009053830065275324,0.9497446957200167,0.005032051737450849,0.9898976175669052,0.15654579006212677
0.1653333333333334,0.016988111312323084,0.0,0.15654065296065445,0.00887667074153536,0.9505623076391456,0.005030195637079351,0.9902236582961341,0.15654065296065445
0.1658333333333334,0.017000111312323086,0.0,0.1565372551091523,0.008702991772224172,0.9513799058863326,0.005028447162341031,0.9905443457935125,0.1565372551091523
0.1663333333333334,0.017012111312323084,0.0,0.15653544287217663,0.008532724568128138,0.9521974916688956,0.005026800065342713,0.9908596807890188,0.15653544287217663
0.1668333333333334,0.017024111312323086,0.0,0.15653506264369701,0.008365800540033644,0.9530150661941521,0.0050252484481691,0.9911696639810403,0.15653506264369701
0.1673333333333334,0.017036111312323084,0.0,0.15653596083940932,0.008202151098727068,0.9538326306694201,0.00502378674457541,0.9914742960363754,0.15653596083940932
0.1678333333333334,0.017048111312323085,0.0,0.1565379838904183,0.008041707654994791,0.9546501863020173,0.005022409702545004,0.991773577590233,0.1565379838904183
0.1683333333333334,0.017060111312323083,0.0,0.15654097823696697,0.007884401619623194,0.9554677342992612,0.005021112367677703,0.9920675092462352,0.15654097823696697
0.1688333333333334,0.017072111312323085,0.0,0.15654493525456728,0.007730189081849069,0.9562852747291689,0.005019890270493365,0.9923560911779831,0.15654493525456728
0.1693333333333334,0.017084111312323083,0.0,0.15654995126430002,0.007579008928475761,0.9571028068348594,0.005018739040324769,0.9926393232742104,0.15654995126430002
0.1698333333333334,0.017096111312323085,0.0,0.15655578527641723,0.007430764165477849,0.9579203325110854,0.005017654278973461,0.9929172063360896,0.15655578527641723
0.1703333333333334,0.017108111312323086,0.0,0.15656237756733551,0.007285404879340161,0.9587378522276665,0.005016632206971409,0.9931897406448564,0.15656237756733551
0.1708333333333334,0.017120111312323084,0.0,0.1565696684143666,0.007142881156547526,0.9595553664544215,0.005015669249550266,0.9934569264694555,0.1565696684143666
0.1713333333333334,0.017132111312323086,0.0,0.1565775980941766,0.007003143083584773,0.9603728756611699,0.0050147620264086225,0.9937187640665396,0.1565775980941766
0.1718333333333334,0.017144111312323084,0.0,0.15658610688151023,0.006866140746936728,0.9611903803177307,0.005013907341932912,0.9939752536804705,0.15658610688151023
0.1723333333333334,0.017156111312323086,0.0,0.1565951350481038,0.0067318242330882214,0.9620078808939233,0.0050131021758554285,0.9942263955433187,0.1565951350481038
0.1728333333333334,0.017168111312323084,0.0,0.15660462286153212,0.006600143628524081,0.9628253778595667,0.00501234367433331,0.994472189874864,0.15660462286153212
0.1733333333333334,0.017180111312323085,0.0,0.15661451058441006,0.006471049019729133,0.9636428716844803,0.005011629141432792,0.9947126368825954,0.15661451058441006
0.1738333333333334,0.017192111312323084,0.0,0.15662473847342245,0.0063444904931882085,0.9644603628384831,0.005010956031003427,0.9949477367617109,0.15662473847342245
0.1743333333333334,0.017204111312323085,0.0,0.1566352467787688,0.006220418135386133,0.9652778517913945,0.005010321938927434,0.9951774896951185,0.1566352467787688
0.1748333333333334,0.017216111312323083,0.0,0.15664597574342146,0.006098782032807737,0.9660953390130335,0.0050097245957297035,0.9954018958534355,0.15664597574342146
0.1753333333333334,0.017228111312323085,0.0,0.15665686560279843,0.005979532271937848,0.9669128249732194,0.005009161859534414,0.9956209553949887,0.15665686560279843
0.1758333333333334,0.017240111312323086,0.0,0.15666785658424973,0.005862618939261294,0.9677303101417715,0.005008631709354634,0.9958346684658149,0.15666785658424973
0.1763333333333334,0.017252111312323085,0.0,0.15667888890689824,0.005747992121262903,0.968547794988509,0.0050081322387016645,0.9960430351996605,0.15667888890689824
0.1768333333333334,0.017264111312323086,0.0,0.15668995839550814,0.005635630030685647,0.9693652795462725,0.005007661771862335,0.9962460556108879,0.15668995839550814
0.1773333333333334,0.017276111312323084,0.0,0.15670111995599398,0.00552550083516568,0.9701827633836925,0.005007218674615311,0.9964437296022686,0.15670111995599398
0.1778333333333334,0.017288111312323086,0.0,0.15671224897148361,0.005417497496496017,0.9710002474799353,0.005006801097058211,0.9966360574151,0.15671224897148361
0.1783333333333334,0.017300111312323084,0.0,0.15672332490728205,0.0053115853600781745,0.9718177319963042,0.005006407598195863,0.9968230390806715,0.15672332490728205
0.1788333333333334,0.017312111312323086,0.0,0.15673432722591932,0.005207729771313665,0.9726352170941022,0.005006036814253981,0.9970046746260524,0.15673432722591932
0.1793333333333334,0.017324111312323084,0.0,0.1567452353870267,0.005105896075604004,0.9734527029346323,0.005005687454873488,0.9971809640740925,0.1567452353870267
0.1798333333333334,0.017336111312323085,0.0,0.15675602884754247,0.005006049618350708,0.9742701896791975,0.005005358299470343,0.9973519074434221,0.15675602884754247
0.1803333333333334,0.017348111312323083,0.0,0.15676668706153973,0.004908155744955288,0.9750876774891011,0.005005048193755009,0.9975175047484518,0.15676668706153973
0.1808333333333334,0.017360111312323085,0.0,0.15677718948062444,0.004812179800819263,0.9759051665256459,0.005004756046405803,0.9976777559993726,0.15677718948062444
0.1813333333333334,0.017372111312323087,0.0,0.1567875155537452,0.004718087131344145,0.976722656950135,0.0050044808258905135,0.9978326612021556,0.1567875155537452
0.1818333333333334,0.017384111312323085,0.0,0.15679764472743757,0.004625843081931449,0.9775401489238716,0.005004221557430844,0.9979822203585526,0.15679764472743757
0.1823333333333334,0.017396111312323086,0.0,0.15680755644600672,0.00453541299798269,0.9783576426081587,0.00500397732010436,0.9981264334660952,0.15680755644600672
0.1828333333333334,0.017408111312323084,0.0,0.15681723015149776,0.004446762224899384,0.9791751381642994,0.005003747244078764,0.9982653005180959,0.15681723015149776
0.1833333333333334,0.017420111312323086,0.0,0.1568266452840408,0.004359856108083045,0.9799926357535965,0.005003530507973488,0.9983988215036469,0.1568266452840408
0.1838333333333334,0.017432111312323084,0.0,0.15683578128174283,0.0042746599929351856,0.9808101355373534,0.005003326336343686,0.998526996407621,0.15683578128174283
0.1843333333333334,0.017444111312323086,0.0,0.15684461758125506,0.004191139224857324,0.9816276376768729,0.005003133997281904,0.9986498252106709,0.15684461758125506
0.1848333333333334,0.017456111312323084,0.0,0.15685313361749628,0.004109259149250972,0.9824451423334583,0.0050029528001327905,0.9987673078892298,0.15685313361749628
0.1853333333333334,0.017468111312323086,0.0,0.15686130882429242,0.004028985111517647,0.9832626496684124,0.005002782093316385,0.9988794444155108,0.15686130882429242
0.1858333333333334,0.017480111312323084,0.0,0.1568691226342618,0.003950282457058862,0.9840801598430384,0.005002621262255619,0.9989862347575071,0.1568691226342618
0.1863333333333334,0.017492111312323085,0.0,0.1568765544792863,0.0038731165312761323,0.9848976730186394,0.005002469727403825,0.9990876788789923,0.1568765544792863
0.1868333333333334,0.017504111312323087,0.0,0.1568835962230072,0.0037974610940290005,0.9857151892588928,0.005002326958868618,0.999183776728363,0.1568835962230072
0.1873333333333334,0.017516111312323085,0.0,0.15689031925652078,0.0037233206488178072,0.986532708003005,0.005002192513482352,0.9992745281850707,0.15689031925652078
0.1878333333333334,0.017528111312323087,0.0,0.15689665316633164,0.0036506105435500018,0.9873502298037147,0.005002065804929948,0.9993599332559246,0.15689665316633164
0.1883333333333334,0.017540111312323085,0.0,0.15690259153491706,0.003579307529548716,0.9881677547112269,0.005001946396762525,0.9994399918857052,0.15690259153491706
0.1888333333333334,0.017552111312323086,0.0,0.15690812794591671,0.003509388358137082,0.9889852827757463,0.005001833875894203,0.9995147040178789,0.15690812794591671
0.1893333333333334,0.017564111312323084,0.0,0.15691325598388253,0.003440829780638232,0.9898028140474779,0.005001727851452088,0.9995840695945988,0.15691325598388253
0.1898333333333334,0.017576111312323086,0.0,0.15691796923464743,0.003373608548375297,0.9906203485766267,0.00500162795367621,0.9996480885567041,0.15691796923464743
0.1903333333333334,0.017588111312323084,0.0,0.1569222612852135,0.0033077014126714098,0.9914378864133974,0.005001533832867634,0.9997067608437205,0.1569222612852135
0.1908333333333334,0.017600111312323086,0.0,0.1569261257239876,0.003243085124849702,0.9922554276079948,0.005001445158383027,0.9997600863938599,0.1569261257239876
0.1913333333333334,0.017612111312323084,0.0,0.15692955614070236,0.0031797364362333054,0.993072972210624,0.0050013616176739625,0.9998080651440209,0.15692955614070236
0.1918333333333334,0.017624111312323085,0.0,0.15693254612666963,0.003117632098145352,0.9938905202714897,0.005001282915369342,0.9998506970297877,0.15693254612666963
0.1923333333333334,0.017636111312323087,0.0,0.15693508927477895,0.003056748861908974,0.9947080718407968,0.005001208772399328,0.9998879819854313,0.15693508927477895
0.1928333333333334,0.017648111312323085,0.0,0.15693717917952804,0.002997063478847303,0.9955256269687504,0.005001138925159211,0.9999199199439089,0.15693717917952804
0.1933333333333334,0.017660111312323087,0.0,0.15693880943732508,0.0029385527002834706,0.9963431857055549,0.005001073124711726,0.9999465108368638,0.15693880943732508
0.1938333333333334,0.017672111312323085,0.0,0.15693997364631077,0.0028811932775406096,0.9971607481014156,0.005001011136026312,0.9999677545946255,0.15693997364631077
0.1943333333333334,0.017684111312323086,0.0,0.15694066540669355,0.0028249619619418517,0.9979783142065374,0.005000952737253905,0.99998365114621,0.15694066540669355
0.1948333333333334,0.017696111312323085,0.0,0.15694087832067943,0.002769835504810328,0.9987958840711247,0.005000897719035862,0.9999942004193193,0.15694087832067943
0.19533333333333341,0.017708111312323086,0.0,0.15694060599265947,0.002715790657469171,0.9996134577453829,0.0050008458838456706,0.9999994023403416,0.15694060599265947
0.19583333333333341,0.017720111312323084,0.0,0.15693984202920241,0.0026628041712415127,1.0004310352795167,0.005000797045362135,0.9999992568343512,0.15693984202920241
0.19633333333333342,0.017732111312323086,0.0,0.15693858003942524,0.0026108527974504853,1.0012486167237307,0.005000751027872752,0.9999937638251089,0.15693858003942524
0.19683333333333342,0.017744111312323084,0.0,0.1569368136345821,0.00255991328741922,1.0020662021282303,0.0050007076657060745,0.9999829232350612,0.1569368136345821
0.19733333333333342,0.017756111312323086,0.0,0.1569345661011814,0.002510024367019988,1.0028837913102555,0.005000666855384702,0.9999667349907155,0.1569345661011814
0.19783333333333342,0.017768111312323087,0.0,0.1569318129880485,0.0024610934097475633,1.0037013844618605,0.0050006283868764675,0.999945199012262,0.1569318129880485
0.19833333333333342,0.017780111312323085,0.0,0.15692855138618017,0.0024131023988628706,1.0045189816059892,0.005000592126553366,0.999918315220979,0.15692855138618017
0.19883333333333342,0.017792111312323087,0.0,0.1569247795806635,0.0023660364913859226,1.0053365827562313,0.005000557950511174,0.9998860835379436,0.1569247795806635
0.19933333333333342,0.017804111312323085,0.0,0.15692049585889598,0.002319880844336733,1.006154187926177,0.005000525741426756,0.9998485038838771,0.15692049585889598
0.19983333333333342,0.017816111312323087,0.0,0.15691569851112522,0.0022746206147353145,1.0069717971294163,0.005000495388237449,0.999805576179145,0.15691569851112522
0.20033333333333342,0.017828111312323085,0.0,0.15691038583002573,0.00223024095960168,1.007789410379539,0.00500046678583418,0.9997573003437565,0.15691038583002573
0.20083333333333342,0.017840111312323086,0.0,0.1569045561110434,0.0021867270359558428,1.0086070276901355,0.005000439834767845,0.999703676297365,0.1569045561110434
0.20133333333333342,0.017852111312323084,0.0,0.15689820765221332,0.002144064000817815,1.0094246490747956,0.005000414440968462,0.9996447039592679,0.15689820765221332
0.20183333333333342,0.017864111312323086,0.0,0.15689133875436886,0.0021022370112076107,1.0102422745471091,0.005000390515476672,0.9995803832484066,0.15689133875436886
0.20233333333333342,0.017876111312323084,0.0,0.15688394772103492,0.002061231224145242,1.011059904120666,0.005000367974187106,0.9995107140833667,0.15688394772103492
0.20283333333333342,0.017888111312323086,0.0,0.15687603285848678,0.0020210317966507223,1.0118775378090568,0.0050003467376032165,0.9994356963823777,0.15687603285848678
0.20333333333333342,0.017900111312323087,0.0,0.15686759247579407,0.001981623885744064,1.012695175625871,0.005000326730603133,0.9993553300633131,0.15686759247579407
0.20383333333333342,0.017912111312323085,0.0,0.15685862488487964,0.0019429926484452811,1.0135128175846988,0.005000307882216131,0.9992696150436906,0.15685862488487964
0.20433333333333342,0.017924111312323087,0.0,0.15684912840050375,0.0019051232417743858,1.0143304636991304,0.005000290125409326,0.9991785512406717,0.15684912840050375
0.20483333333333342,0.017936111312323085,0.0,0.15683910134029289,0.0018680008227513912,1.0151481139827554,0.005000273396884196,0.9990821385710618,0.15683910134029289
0.20533333333333342,0.017948111312323087,0.0,0.1568285420248596,0.0018316105483963104,1.0159657684491639,0.005000257636882543,0.9989803769513107,0.1568285420248596
0.20583333333333342,0.017960111312323085,0.0,0.15681744877762094,0.001795937575729156,1.016783427111946,0.0050002427890015536,0.9988732662975119,0.15681744877762094
0.20633333333333342,0.017972111312323086,0.0,0.15680581992512882,0.0017609670617699412,1.0176010899846917,0.005000228800017573,0.9987608065254031,0.15680581992512882
0.20683333333333342,0.017984111312323085,0.0,0.15679365379672366,0.0017266841635386792,1.018418757080991,0.005000215619718266,0.9986429975503658,0.15679365379672366
0.20733333333333342,0.017996111312323086,0.0,0.15678094872501502,0.0016930740380553828,1.019236428414434,0.005000203200742823,0.9985198392874254,0.15678094872501502
0.20783333333333343,0.018008111312323084,0.0,0.15676770304543017,0.001660121842340065,1.0200541039986106,0.005000191498429876,0.9983913316512516,0.15676770304543017
0.20833333333333343,0.018020111312323086,0.0,0.1567539150967551,0.0016278127334127383,1.0208717838471106,0.005000180470672823,0.998257474556158,0.1567539150967551
0.20883333333333343,0.018032111312323088,0.0,0.15673958322062317,0.001596131868293416,1.0216894679735244,0.0050001700777822485,0.9981182679161018,0.15673958322062317
0.20933333333333343,0.018044111312323086,0.0,0.1567247106943428,0.0015650818344802326,1.0225071563526906,0.005000160288068199,0.9979737116516622,0.1567247106943428
0.20983333333333343,0.018056111312323087,0.0,0.15670930205232056,0.001534652490851083,1.0233248489495888,0.005000151067104812,0.9978238056859154,0.15670930205232056
0.21033333333333343,0.018068111312323085,0.0,0.15669335100904402,0.0015048065193456503,1.0241425458142273,0.005000142374102872,0.9976685499264317,0.15669335100904402
0.21083333333333343,0.018080111312323087,0.0,0.15667685711998747,0.0014755347872567525,1.0249602469507515,0.005000134179527132,0.99750794428863,0.15667685711998747
0.21133333333333343,0.018092111312323085,0.0,0.15665981994350386,0.0014468281618772083,1.025777952363306,0.005000126455405544,0.9973419886878205,0.15665981994350386
0.21183333333333343,0.018104111312323087,0.0,0.15664223904092436,0.001418677510499836,1.026595662056036,0.005000119175253416,0.9971706830392045,0.15664223904092436
0.21233333333333343,0.018116111312323085,0.0,0.1566241139765223,0.001391073700417454,1.027413376033086,0.005000112314000807,0.9969940272578746,0.1566241139765223
0.21283333333333343,0.018128111312323086,0.0,0.1566054443175674,0.0013640075989228807,1.0282310942986013,0.00500010584792303,0.996812021258814,0.1566054443175674
0.21333333333333343,0.018140111312323084,0.0,0.156586229634245,0.0013374700733089346,1.0290488168567267,0.005000099754574178,0.9966246649568974,0.156586229634245
0.21383333333333343,0.018152111312323086,0.0,0.15656646949983036,0.0013114519908684337,1.029866543711607,0.005000094012723549,0.9964319582668907,0.15656646949983036
0.21433333333333343,0.018164111312323088,0.0,0.15654616349045733,0.0012859442188941968,1.0306842748673875,0.00500008860229487,0.9962339011034504,0.15654616349045733
0.21483333333333343,0.018176111312323086,0.0,0.15652531118533827,0.0012609376246790422,1.0315020103282126,0.0050000835043082234,0.9960304933811247,0.15652531118533827
0.21533333333333343,0.018188111312323087,0.0,0.15650391216672793,0.001236423075515788,1.0323197500982277,0.0050000787008245675,0.9958217350143524,0.15650391216672793
0.21583333333333343,0.018200111312323086,0.0,0.15648196601982753,0.0012123914386972532,1.0331374941815774,0.005000074174892766,0.9956076259174637,0.15648196601982753
0.21633333333333343,0.018212111312323087,0.0,0.15645947233297441,0.0011888335815162555,1.0339552425824066,0.005000069910499023,0.9953881660046797,0.15645947233297441
0.21683333333333343,0.018224111312323085,0.0,0.15643643069739566,0.001165740371265614,1.0347729953048603,0.0050000658925186325,0.9951633551901127,0.15643643069739566
0.21733333333333343,0.018236111312323087,0.0,0.15641284070751812,0.0011431026752381462,1.0355907523530836,0.005000062106669972,0.9949331933877659,0.15641284070751812
0.21783333333333343,0.018248111312323085,0.0,0.15638870196070698,0.0011209113607266712,1.0364085137312211,0.005000058539470622,0.994697680511534,0.15638870196070698
0.21833333333333343,0.018260111312323087,0.0,0.1563640140575005,0.0010991572950240073,1.037226279443418,0.0050000551781955544,0.9944568164752022,0.1563640140575005
0.21883333333333344,0.018272111312323085,0.0,0.156338776601394,0.0010778313454229726,1.038044049493819,0.005000052010837302,0.9942106011924474,0.156338776601394
0.21933333333333344,0.018284111312323086,0.0,0.15631298919911943,0.0010569243792163856,1.0388618238865692,0.005000049026068021,0.9939590345768371,0.15631298919911943
0.21983333333333344,0.018296111312323088,0.0,0.15628665146036935,0.001036427263697065,1.0396796026258135,0.005000046213203378,0.9937021165418302,0.15628665146036935
0.22033333333333344,0.018308111312323086,0.0,0.1562597629980165,0.0010163308661578288,1.0404973857156965,0.005000043562168192,0.9934398470007764,0.1562597629980165
0.22083333333333344,0.018320111312323088,0.0,0.15623232342800294,0.0009966260538914955,1.0413151731603636,0.005000041063463747,0.9931722258669167,0.15623232342800294
0.22133333333333344,0.018332111312323086,0.0,0.1562043323694396,0.0009773036941908837,1.0421329649639592,0.005000038708136712,0.9928992530533831,0.1562043323694396
0.22183333333333344,0.018344111312323087,0.0,0.15617610958586084,0.0009583956947082575,1.0429507586110291,0.005000036492750182,0.9926209293389484,0.15617610958586084
0.22233333333333344,0.018356111312323085,0.0,0.15614720848182226,0.0009398523216349085,1.0437685576172218,0.00500003440401863,0.9923372534564318,0.15614720848182226
0.22283333333333344,0.018368111312323087,0.0,0.15611758408167906,0.0009216606274586711,1.0445863623380622,0.005000032434040214,0.9920482251738361,0.15611758408167906
0.22333333333333344,0.018380111312323085,0.0,0.1560872616713691,0.0009038153946645985,1.045404172576113,0.005000030576251438,0.9917538444507142,0.1560872616713691
0.22383333333333344,0.018392111312323087,0.0,0.1560562665320563,0.0008863114057377438,1.0462219881339363,0.005000028824430491,0.991454111251785,0.1560562665320563
0.22433333333333344,0.018404111312323085,0.0,0.15602462393936747,0.0008691434431631604,1.0470398088140942,0.005000027172681019,0.9911490255469338,0.15602462393936747
0.22483333333333344,0.018416111312323086,0.0,0.1559923591630246,0.0008523062894259012,1.0478576344191488,0.005000025615416575,0.9908385873112124,0.1559923591630246
0.22533333333333344,0.018428111312323088,0.0,0.15595949746609208,0.0008357947270110195,1.0486754647516627,0.005000024147345709,0.9905227965248385,0.15595949746609208
0.22583333333333344,0.018440111312323086,0.0,0.15592606410473944,0.0008196035384035684,1.049493299614198,0.005000022763457692,0.990201653173197,0.15592606410473944
0.22633333333333344,0.018452111312323088,0.0,0.15589208432769375,0.0008037275060886011,1.0503111388093165,0.005000021459008847,0.9898751572468387,0.15589208432769375
0.22683333333333344,0.018464111312323086,0.0,0.1558575833756525,0.0007881614125511707,1.0511289821395808,0.005000020229509465,0.9895433087414817,0.1558575833756525
0.22733333333333344,0.018476111312323087,0.0,0.1558225864810616,0.0007729000402763304,1.0519468294075531,0.005000019070711286,0.9892061076580103,0.1558225864810616
0.22783333333333344,0.018488111312323086,0.0,0.15578711886749336,0.0007579381717491335,1.0527646804157955,0.005000017978595523,0.9888635540024758,0.15578711886749336
0.22833333333333344,0.018500111312323087,0.0,0.15575120574947984,0.0007432705894546329,1.0535825349668702,0.005000016949361415,0.9885156477860966,0.15575120574947984
0.22883333333333344,0.018512111312323085,0.0,0.15571487233190112,0.0007288920758778819,1.0544003928633394,0.005000015979415283,0.9881623890252573,0.15571487233190112
0.22933333333333344,0.018524111312323087,0.0,0.155678143809814,0.0007147974135039337,1.0552182539077657,0.005000015065360083,0.9878037777415101,0.155678143809814
0.22983333333333344,0.018536111312323085,0.0,0.15564104536809042,0.0007009813848178413,1.0560361179027107,0.0050000142039854124,0.987439813961574,0.15564104536809042
0.23033333333333345,0.018548111312323087,0.0,0.15560360218103156,0.0006874387723046578,1.056853984650737,0.005000013392257989,0.987070497717335,0.15560360218103156
0.23083333333333345,0.018560111312323088,0.0,0.15556583941215166,0.0006741643584494369,1.0576718539544065,0.005000012627312552,0.9866958290458464,0.15556583941215166
0.23133333333333345,0.018572111312323086,0.0,0.15552778221377223,0.000661152925737231,1.058489725616282,0.005000011906443183,0.9863158079893282,0.15552778221377223
0.23183333333333345,0.018584111312323088,0.0,0.15548945572708617,0.0006483992566530939,1.059307599438925,0.00500001122709504,0.9859304345951682,0.15548945572708617
0.23233333333333345,0.018596111312323086,0.0,0.1554508850814775,0.0006358981336820783,1.060125475224898,0.0050000105868564645,0.9855397089159207,0.1554508850814775
0.23283333333333345,0.018608111312323088,0.0,0.15541209539473053,0.0006236443393092376,1.0609433527767635,0.005000009983451471,0.9851436310093078,0.15541209539473053
0.23333333333333345,0.018620111312323086,0.0,0.15537311177257,0.0006116326560196251,1.0617612318970835,0.005000009414732592,0.9847422009382187,0.15537311177257
0.23383333333333345,0.018632111312323087,0.0,0.15533395930867042,0.0005998578662982936,1.0625791123884198,0.005000008878674059,0.9843354187707101,0.15533395930867042
0.23433333333333345,0.018644111312323085,0.0,0.15529466308422182,0.0005883147526302966,1.0633969940533354,0.005000008373365323,0.9839232845800054,0.15529466308422182
0.23483333333333345,0.018656111312323087,0.0,0.1552552481682641,0.000576998097500687,1.064214876694392,0.005000007897004885,0.9835057984444961,0.1552552481682641
0.23533333333333345,0.018668111312323085,0.0,0.155215739617098,0.000565902683394518,1.0650327601141516,0.005000007447894424,0.9830829604477409,0.15521573683812412
0.23583333333333345,0.018680111312323087,0.0,0.15517616247451013,0.0005550232927968428,1.065850644115177,0.005000007024433225,0.9826547706784653,0.15517248536223913
0.23633333333333345,0.01869211131232309,0.0,0.15513654177149397,0.0005443547081927147,1.0666685285000301,0.005000006625112882,0.9822212292305627,0.15512223488515942
0.23683333333333345,0.018704111312323086,0.0,0.15509690252645508,0.0005338917120671866,1.0674864130712731,0.005000006248512259,0.981782336203094,0.15506501042058277
0.23733333333333345,0.018716111312323088,0.0,0.15506666654644058,0.0005236474339238005,1.0683042234108935,0.005000005893951669,0.981338132256939,0.1550102363201205
0.23783333333333345,0.018728111312323086,0.0,0.15504648923735206,0.0005136055479190267,1.0691219543201966,0.005000005559709862,0.9808886217238266,0.15495857010563224
0.23833333333333345,0.018740111312323088,0.0,0.15503295356896019,0.0005037539646359244,1.069939632775445,0.005000005244345879,0.9804337910689437,0.15490659539015236
0.23883333333333345,0.018752111312323086,0.0,0.15502604113153076,0.0004940898681053854,1.0707572589151941,0.005000004946821802,0.9799736412432327,0.1548542950935664
0.23933333333333345,0.018764111312323088,0.0,0.15502573394214703,0.00048461044235830115,1.0715748328780006,0.005000004666153502,0.9795081731939451,0.15480165255777997
0.23983333333333345,0.018776111312323086,0.0,0.1550320144406987,0.00047531287142556336,1.0723923548024203,0.005000004401408087,0.979037387864642,0.15474865154270867
0.24033333333333345,0.018788111312323087,0.0,0.1550448654864794,0.0004661943393380636,1.0732098248270094,0.00500000415170147,0.9785612861951943,0.1546952762228763
0.24083333333333345,0.018800111312323085,0.0,0.15506427035410586,0.00045725203012669346,1.074027243090324,0.005000003916196026,0.9780798691217844,0.1546415111833347
0.24133333333333346,0.018812111312323087,0.0,0.15509021273010548,0.00044848312782234473,1.07484460973092,0.005000003694098361,0.977593137576905,0.15458734141625208
0.24183333333333346,0.01882411131232309,0.0,0.15512267670903454,0.0004398848164559089,1.0756619248873538,0.005000003484657155,0.9771010924893617,0.15453275231703206
0.24233333333333346,0.018836111312323087,0.0,0.15516164678984642,0.0004314542800582777,1.0764791886981815,0.005000003287161122,0.9766037347842718,0.15447772968068266
0.24283333333333346,0.018848111312323085,0.0,0.1552071078722692,0.0004231887026603426,1.0772964013019588,0.005000003100937036,0.9761010653830662,0.15442225969819443
0.24333333333333346,0.018860111312323086,0.0,0.1552590452530438,0.00041508526829299545,1.078113562837242,0.0050000029253478556,0.975593085203489,0.1543663289527795
0.24383333333333346,0.018872111312323088,0.0,0.15531744462229166,0.0004071411609871277,1.0789306734425872,0.005000002759790927,0.9750797951595986,0.15430992441624003
0.24433333333333346,0.018884111312323086,0.0,0.1553822920597427,0.00039935356477363104,1.0797477332565506,0.005000002603696263,0.9745611961617682,0.1542530334451967
0.24483333333333346,0.018896111312323088,0.0,0.15545357403145232,0.0003917196636833972,1.0805647424176883,0.005000002456524904,0.9740372891166862,0.15419564377780673
0.24533333333333346,0.018908111312323086,0.0,0.15553127738571976,0.00038423664174731765,1.0813817010645561,0.005000002317767349,0.9735080749273569,0.1541377435296827
0.24583333333333346,0.018920111312323087,0.0,0.15561538934979485,0.00037690168299628417,1.0821986093357105,0.005000002186942056,0.972973554493101,0.15407932119060022
0.24633333333333346,0.018932111312323086,0.0,0.15570589752611594,0.00036971197146118824,1.0830154673697072,0.005000002063594019,0.9724337287095564,0.15402036562073654
0.24683333333333346,0.018944111312323087,0.0,0.1558027898887069,0.0003626646911729216,1.0838322753051026,0.0050000019472933935,0.9718885984686779,0.15396086604706807
0.24733333333333346,0.01895611131232309,0.0,0.15590605477964464,0.00035575702616237587,1.0846490332804526,0.005000001837634208,0.9713381646587393,0.15390081205983897
0.24783333333333346,0.018968111312323087,0.0,0.15601568090538595,0.0003489861604604426,1.0854657414343134,0.005000001734233114,0.9707824281643324,0.15384019360888848
0.24833333333333346,0.018980111312323085,0.0,0.15613165733334486,0.0003423492780980135,1.0862823999052411,0.00500000163672821,0.9702213898663682,0.15377900100022912
0.24883333333333346,0.018992111312323087,0.0,0.15625397348823955,0.0003358435631059802,1.0870990088317918,0.005000001544777914,0.9696550506420778,0.15371722489239417
0.24933333333333346,0.019004111312323088,0.0,0.15638261914847934,0.00032946619951523435,1.0879155683525215,0.005000001458059892,0.9690834113650125,0.15365485629282555
0.24983333333333346,0.019016111312323086,0.0,0.15651758444262123,0.0003232143713566675,1.0887320786059862,0.005000001376270033,0.9685064729050443,0.15359188655433084
0.25033333333333346,0.019028111312323088,0.0,0.15665885984610747,0.0003170852626611713,1.089548539730742,0.005000001299121486,0.9679242361283669,0.15352830737182194
0.25083333333333346,0.019040111312323086,0.0,0.15680643617729118,0.0003110760574596374,1.0903649518653455,0.00500000122634373,0.9673367018974951,0.1534641107783409
0.25133333333333346,0.019052111312323088,0.0,0.15696030459434393,0.0003051839397829575,1.0911813151483523,0.005000001157681695,0.9667438710712675,0.15339928914196865
0.25183333333333346,0.019064111312323086,0.0,0.15712045659145168,0.00029940609366202307,1.0919976297183185,0.005000001092894934,0.9661457445048447,0.1533338351620214
0.25233333333333346,0.019076111312323087,0.0,0.15728688399556184,0.0002937397031277259,1.0928138957138003,0.005000001031756823,0.9655423230497112,0.1532677418657985
0.25283333333333347,0.01908811131232309,0.0,0.15745973777253033,0.0002881952264769389,1.093630112028582,0.005000000974197404,0.9649336084860607,0.15320116178516116
0.25333333333333347,0.019100111312323087,0.0,0.1576391210140637,0.00028276737216998413,1.09444627793686,0.005000000919973499,0.9643196023354935,0.1531341994988635
0.25383333333333347,0.019112111312323085,0.0,0.1578249063075979,0.00027744050632544484,1.095262394522167,0.005000000868755092,0.9637003047596121,0.15306672853680062
0.25433333333333347,0.019124111312323087,0.0,0.15801708769300665,0.00027221323627954285,1.0960784619182005,0.005000000820380763,0.9630757166217316,0.15299874415129056
0.25483333333333347,0.01913611131232309,0.0,0.15821565954456734,0.00026708416936849997,1.096894480258658,0.005000000774697227,0.9624458387816182,0.15293024192444227
0.25533333333333347,0.019148111312323086,0.0,0.1584206165672949,0.00026205191292853807,1.0977104496772374,0.0050000007315589585,0.9618106720954882,0.15286121776448894
0.25583333333333347,0.019160111312323088,0.0,0.15863195379388872,0.00025711507429587895,1.0985263703076358,0.005000000690827838,0.9611702174160105,0.1527916679027364
0.25633333333333347,0.019172111312323086,0.0,0.15884966658099398,0.00025227226080674436,1.099342242283551,0.005000000652372806,0.960524475592305,0.15272158888982465
0.25683333333333347,0.019184111312323088,0.0,0.1590737506061675,0.0002475220797973562,1.1001580657386807,0.005000000616069536,0.9598734474699445,0.1526509775926947
0.25733333333333347,0.019196111312323086,0.0,0.15930420186424768,0.00024286313860393623,1.1009738408067222,0.005000000581800117,0.9592171338909549,0.15257983119095908
0.25783333333333347,0.019208111312323087,0.0,0.159541016664279,0.00023829404456270634,1.101789567621373,0.005000000549452752,0.9585555356938158,0.15250814717382707
0.25833333333333347,0.01922011131232309,0.0,0.1597841916258697,0.00023381340500988826,1.1026052463163307,0.005000000518921465,0.9578886537134604,0.15243592333646283
0.25883333333333347,0.019232111312323087,0.0,0.1600337236760133,0.00022941982728170388,1.1034208770252931,0.005000000490105827,0.9572164887812767,0.1523631577768077
0.25933333333333347,0.019244111312323085,0.0,0.16028961004588974,0.00022511191871437504,1.1042364598819576,0.005000000462910684,0.9565390417251082,0.15228984889238234
0.25983333333333347,0.019256111312323087,0.0,0.16055184826743263,0.00022088828664412345,1.1050519950200215,0.005000000437245907,0.9558563133692535,0.15221599537685426
0.26033333333333347,0.01926811131232309,0.0,0.16082043616987485,0.000216747538407171,1.1058674825731827,0.005000000413026145,0.9551683045344674,0.15214159621658394
0.2608333333333335,0.019280111312323087,0.0,0.16109537187669887,0.00021268828133973953,1.1066829226751385,0.005000000390170589,0.9544750160379617,0.15206665068757633
0.2613333333333335,0.019292111312323088,0.0,0.16137665380229252,0.00020870912277805078,1.1074983154595865,0.005000000368602751,0.9537764486934048,0.1519911583521369
0.2618333333333335,0.019304111312323086,0.0,0.1616642806485525,0.00020480867005832665,1.1083136610602247,0.00500000034825025,0.9530726033109231,0.15191511905547586
0.2623333333333335,0.019316111312323088,0.0,0.16195825140186335,0.00020098553051678896,1.1091289596107499,0.005000000329044608,0.9523634806971013,0.15183853292268806
0.2628333333333335,0.019328111312323086,0.0,0.16225856532950553,0.00019723831148965945,1.10994421124486,0.0050000003109210486,0.9516490816549823,0.15176140035516134
0.2633333333333335,0.019340111312323088,0.0,0.1625652219767757,0.00019356562031315998,1.1107594160962526,0.005000000293818319,0.9509294069840687,0.1516837220276977
0.2638333333333335,0.01935211131232309,0.0,0.1628782211634124,0.0001899660643235124,1.1115745742986252,0.005000000277678505,0.9502044574803223,0.1516054988849395
0.2643333333333335,0.019364111312323087,0.0,0.163197562980521,0.0001864382508569385,1.1123896859856754,0.0050000002624468656,0.949474233936165,0.15152673213829493
0.2648333333333335,0.019376111312323085,0.0,0.16352324778753868,0.00018298078724966011,1.1132047512911005,0.005000000248071665,0.9487387371404803,0.15144742326290456
0.2653333333333335,0.019388111312323087,0.0,0.1638552762086261,0.000179592280837899,1.1140197703485986,0.005000000234504022,0.9479979678786113,0.1513675739940319
0.2658333333333335,0.01940011131232309,0.0,0.16419364912983503,0.00017627133895787705,1.1148347432918666,0.005000000221697762,0.9472519269323644,0.15128718632423355
0.2663333333333335,0.019412111312323087,0.0,0.16453836769564054,0.00017301656894581606,1.1156496702546024,0.005000000209609274,0.9465006150800069,0.15120626249989078
0.2668333333333335,0.01942411131232309,0.0,0.16488943330594352,0.00016982657813793784,1.1164645513705036,0.005000000198197378,0.9457440330962693,0.15112480501821293
0.2673333333333335,0.019436111312323087,0.0,0.1652468476128672,0.00016669997387046422,1.1172793867732675,0.005000000187423198,0.9449821817523453,0.15104281662403535
0.2678333333333335,0.019448111312323088,0.0,0.16561061251756304,0.000163635363479617,1.1180941765965917,0.005000000177250037,0.944215061815892,0.15096030030662483
0.2683333333333335,0.019460111312323086,0.0,0.1659807301669013,0.00016063135430161805,1.118908920974174,0.005000000167643266,0.9434426740510305,0.15087725929637108
0.2688333333333335,0.019472111312323088,0.0,0.16635720295072837,0.0001576865536726891,1.1197236200397118,0.00500000015857021,0.9426650192183469,0.1507936970620455
0.2693333333333335,0.01948411131232309,0.0,0.16674003349832875,0.00015479956892905207,1.1205382739269025,0.0050000001500000455,0.9418820980748921,0.1507096173072629
0.2698333333333335,0.019496111312323088,0.0,0.1671292246753908,0.0001519690074069287,1.121352882769444,0.005000000141903701,0.9410939113741824,0.15062502396744784
0.2703333333333335,0.019508111312323086,0.0,0.16752477958113784,0.00014919347644254085,1.1221674467010334,0.00500000013425376,0.9403004598662006,0.15053992120696733
0.2708333333333335,0.019520111312323087,0.0,0.16792670154494088,0.00014647158337211032,1.1229819658553686,0.005000000127024375,0.9395017442973959,0.150454313415743
0.2713333333333335,0.01953211131232309,0.0,0.16833499412328154,0.00014380193553185895,1.123796440366147,0.005000000120191177,0.9386977654106842,0.1503682052062154
0.2718333333333335,0.019544111312323087,0.0,0.16874966109666215,0.00014118314025800852,1.124610870367066,0.005000000113731204,0.937888523945449,0.1502816014102544
0.2723333333333335,0.01955611131232309,0.0,0.16917062576809902,0.00013862175313381688,1.1254252566020635,0.005000000107642563,0.9370740200252261,0.15019442599430774
0.2728333333333335,0.019568111312323087,0.0,0.16959782650722902,0.00013611944000747352,1.1262395996998538,0.005000000101910059,0.9362542538704828,0.15010661803954198
0.2733333333333335,0.01958011131232309,0.0,0.17003137582451622,0.00013366271282603577,1.1270538989746766,0.005000000096483781,0.9354292270213307,0.15001829159459637
0.2738333333333335,0.019592111312323086,0.0,0.1704712706457542,0.00013125098392362274,1.1278681546171911,0.005000000091347878,0.9345989401391764,0.1499294445737869
0.2743333333333335,0.019604111312323088,0.0,0.17091750806221634,0.00012888366563435348,1.1286823668180561,0.00500000008648727,0.933763393880413,0.14984007505039293
0.2748333333333335,0.01961611131232309,0.0,0.1713700853263034,0.0001265601702923471,1.12949653576793,0.005000000081887605,0.9329225888964208,0.14975018125230657
0.2753333333333335,0.019628111312323088,0.0,0.1718289998469573,0.00012427991023172266,1.1303106616574723,0.005000000077535243,0.9320765258335671,0.14965976155744504
0.2758333333333335,0.019640111312323086,0.0,0.17229424918594305,0.00012204229778659922,1.1311247446773411,0.0050000000734172064,0.9312252053332084,0.1495688144900361
0.2763333333333335,0.019652111312323087,0.0,0.17276583105323756,0.00011984674529109588,1.1319387850181957,0.005000000069521164,0.9303686280316894,0.14947733871600588
0.2768333333333335,0.01966411131232309,0.0,0.17324374330284548,0.0001176926650793317,1.1327527828706947,0.005000000065835395,0.9295067945603448,0.14938533303879623
0.2773333333333335,0.019676111312323087,0.0,0.1737279839286656,0.00011557946948542578,1.133566738425497,0.005000000062348765,0.9286397055454993,0.1492927963952318
0.2778333333333335,0.01968811131232309,0.0,0.17421855106044032,0.00011350657084349718,1.1343806518732613,0.005000000059050694,0.9277673616084694,0.1491997278514707
0.2783333333333335,0.019700111312323087,0.0,0.17471544295934358,0.00011147338148766498,1.1351945234046463,0.005000000055931137,0.9268897633655622,0.14910612659859293
0.2788333333333335,0.01971211131232309,0.0,0.17521865801403053,0.00010947931375204827,1.1360083532103111,0.005000000052980557,0.926006911428077,0.14901199194865067
0.2793333333333335,0.019724111312323087,0.0,0.17572819473638968,0.00010752377997076611,1.1368221414809145,0.005000000050189899,0.9251188064023064,0.14891732333042185
0.2798333333333335,0.019736111312323088,0.0,0.1762440517575992,0.00010560619247793756,1.137635888407115,0.005000000047550573,0.9242254488895368,0.14882212028546676
0.2803333333333335,0.019748111312323086,0.0,0.17676622782385248,0.00010372596360768175,1.1384495941795716,0.005000000045054425,0.9233268394860478,0.14872638246385497
0.2808333333333335,0.019760111312323088,0.0,0.17729472179245245,0.00010188250569411772,1.1392632589889433,0.005000000042693722,0.922422978783114,0.1486301096202596
0.2813333333333335,0.019772111312323086,0.0,0.1778295326276698,0.00010007523107136455,1.1400768830258885,0.005000000040461131,0.9215138673670062,0.1485333016098175
0.2818333333333335,0.019784111312323088,0.0,0.17837065939677954,9.830355207354134e-05,1.1408904664810664,0.005000000038349698,0.92059950581899,0.1484359583841656
0.2823333333333335,0.01979611131232309,0.0,0.17891810126598875,9.656688103476714e-05,1.1417040095451354,0.005000000036352831,0.9196798947153287,0.14833807998737
0.2828333333333335,0.019808111312323087,0.0,0.1794718574964785,9.486463028916102e-05,1.1425175124087548,0.005000000034464282,0.9187550346272817,0.14823966655196877
0.2833333333333335,0.01982011131232309,0.0,0.18003192744043306,9.31962121708421e-05,1.143330975262583,0.005000000032678132,0.9178249261211072,0.1481407182950011
0.2838333333333335,0.019832111312323087,0.0,0.1805983105371523,9.156103901392942e-05,1.144144398297279,0.005000000030988772,0.9168895697580616,0.1480412355141224
0.2843333333333335,0.01984411131232309,0.0,0.18117100630898955,8.995852315254205e-05,1.1449577817035015,0.00500000002939089,0.9159489660944,0.1479412185835404
0.2848333333333335,0.019856111312323087,0.0,0.18175001435743626,8.838807692079911e-05,1.1457711256719094,0.005000000027879455,0.9150031156813776,0.14784066795010242
0.2853333333333335,0.01986811131232309,0.0,0.18233533435945326,8.684911265281964e-05,1.1465844303931616,0.0050000000264497045,0.9140520190652495,0.14773958412962707
0.2858333333333335,0.019880111312323086,0.0,0.18292696606330214,8.534104268272273e-05,1.1473976960579166,0.005000000025097129,0.9130956767872721,0.1476379677027362
0.2863333333333335,0.019892111312323088,0.0,0.18352490928488158,8.386327934462747e-05,1.1482109228568336,0.005000000023817462,0.9121340893837029,0.1475358193111917
0.2868333333333335,0.019904111312323086,0.0,0.184129163903758,8.241523497265292e-05,1.1490241109805712,0.005000000022606665,0.9111672573858016,0.1474331396539276
0.2873333333333335,0.019916111312323088,0.0,0.1847397298595403,8.099632190091816e-05,1.1498372606197882,0.005000000021460917,0.9101951813198307,0.14732992948342533
0.2878333333333335,0.01992811131232309,0.0,0.18535660714781732,7.960595246354228e-05,1.1506503719651433,0.005000000020376606,0.9092178617070559,0.1472261896016516
0.2883333333333335,0.019940111312323087,0.0,0.18597979581647228,7.824353899464433e-05,1.1514634452072956,0.005000000019350311,0.9082352990637462,0.14712192085637366
0.2888333333333335,0.019952111312323086,0.0,0.1866092959621477,7.690849382834341e-05,1.1522764805369037,0.005000000018378804,0.907247493901176,0.14701712413762602
0.2893333333333335,0.019964111312323087,0.0,0.18724510772614011,7.56002292987586e-05,1.1530894781446264,0.005000000017459026,0.9062544467256238,0.14691180037360405
0.2898333333333335,0.01997611131232309,0.0,0.18788723129086946,7.431815774000896e-05,1.1539024382211227,0.005000000016588089,0.905256158038374,0.14680595052713574
0.2903333333333335,0.019988111312323087,0.0,0.1885356668761386,7.306169148621358e-05,1.154715360957051,0.005000000015763263,0.9042526283357176,0.14669957559194144
0.2908333333333335,0.02000011131232309,0.0,0.18919041473547724,7.183024287149154e-05,1.1555282465430707,0.005000000014981969,0.9032438581089512,0.14659267658897795
0.2913333333333335,0.020012111312323087,0.0,0.18985147515240555,7.062322422996189e-05,1.15634109516984,0.005000000014241767,0.90222984784438,0.14648525456270406
0.2918333333333335,0.020024111312323088,0.0,0.19051884843684894,6.944004789574373e-05,1.1571539070280183,0.005000000013540355,0.9012105980233158,0.14637731057749473
0.2923333333333335,0.020036111312323086,0.0,0.19119253492143884,6.828012620295614e-05,1.157966682308264,0.0050000000128755575,0.9001861091220801,0.14626884571394394
0.2928333333333335,0.020048111312323088,0.0,0.1918725349579653,6.71428714857182e-05,1.158779421201236,0.005000000012245319,0.8991563816120021,0.14615986106531667
0.2933333333333335,0.02006011131232309,0.0,0.19255884891368186,6.602769607814896e-05,1.159592123897593,0.0050000000116476985,0.8981214159594213,0.14605035773385527
0.2938333333333335,0.020072111312323088,0.0,0.193251477167829,6.493401231436753e-05,1.1604047905879942,0.005000000011080865,0.897081212625687,0.1459403368273039
0.2943333333333335,0.020084111312323086,0.0,0.19395042010811017,6.386123252849298e-05,1.161217421463098,0.005000000010543087,0.8960357720671595,0.14582979945538474
0.2948333333333335,0.020096111312323087,0.0,0.1946556781270195,6.280876905464437e-05,1.1620300167135633,0.005000000010032733,0.8949850947352096,0.14571874672612625
0.2953333333333335,0.02010811131232309,0.0,0.19536725161835486,6.177603422694078e-05,1.1628425765300492,0.005000000009548262,0.8939291810762203,0.14560717974237736
0.2958333333333335,0.020120111312323087,0.0,0.19608513845414619,6.0762517496986925e-05,1.163655101120912,0.005000000009088254,0.8928680315084163,0.1454950970605844
0.2963333333333335,0.02013211131232309,0.0,0.1968092671030987,5.976988117386278e-05,1.1644675911809188,0.005000000008652376,0.8918016458045847,0.14538242732377094
0.2968333333333335,0.020144111312323087,0.0,0.19753969172503186,5.879613371623302e-05,1.165280046521461,0.005000000008238601,0.8907300248874548,0.14526922576355758
0.2973333333333335,0.02015611131232309,0.0,0.19827641227655848,5.784098974963105e-05,1.1660924673352306,0.005000000007845801,0.8896531691779814,0.14515549301393327
0.2978333333333335,0.020168111312323087,0.0,0.19901942869446224,5.690416389959025e-05,1.16690485381492,0.005000000007472906,0.8885710790920807,0.14504122968250924
0.2983333333333335,0.020180111312323088,0.0,0.19976874089247076,5.598537079164401e-05,1.167717206153222,0.005000000007118896,0.8874837550406306,0.1449264363472923
0.2988333333333335,0.02019211131232309,0.0,0.20052434875787997,5.5084325051325743e-05,1.1685295245428284,0.005000000006782804,0.8863911974294727,0.14481111355331186
0.2993333333333335,0.020204111312323088,0.0,0.2012862521479254,5.420074130416882e-05,1.169341809176432,0.005000000006463706,0.8852934066594115,0.14469526180898945
0.2998333333333335,0.020216111312323086,0.0,0.20205445088675056,5.3334334175706646e-05,1.170154060246725,0.005000000006160731,0.8841903831262155,0.14457888158310986
0.3003333333333335,0.020228111312323088,0.0,0.20282894476188515,5.248481829147261e-05,1.1709662779464,0.005000000005873045,0.8830821272206171,0.144461973301299
0.3008333333333335,0.02024011131232309,0.0,0.20360973352077466,5.1651908277000104e-05,1.171778462468149,0.005000000005599859,0.8819686393283148,0.144344537342554
0.3013333333333335,0.020252111312323087,0.0,0.20439681686770558,5.083531875782253e-05,1.1725906140046647,0.0050000000053404235,0.8808499198299714,0.14422657403617012
0.3018333333333335,0.02026411131232309,0.0,0.20519019446037404,5.003476435947327e-05,1.1734027327486392,0.005000000005094024,0.8797259691012161,0.14410808365830827
0.3023333333333335,0.020276111312323087,0.0,0.20598986590667864,4.924995970748572e-05,1.174214818892765,0.005000000004859985,0.8785967875126444,0.14398906642879106
0.3028333333333335,0.02028811131232309,0.0,0.20679583076132635,4.848061942739327e-05,1.1750268726297348,0.005000000004637664,0.8774623754298183,0.1438695225077059
0.3033333333333335,0.020300111312323087,0.0,0.20760808852290585,4.7726458144729324e-05,1.1758388941522404,0.00500000000442645,0.8763227332132688,0.14374945199248373
0.3038333333333335,0.02031211131232309,0.0,0.2084266386302552,4.698719048502726e-05,1.1766508836529745,0.005000000004225765,0.8751778612184931,0.14362885491426192
0.3043333333333335,0.02032411131232309,0.0,0.2092514804595391,4.626253107382049e-05,1.1774628413246295,0.00500000000403506,0.8740277597959575,0.14350773123496602
0.3048333333333335,0.020336111312323088,0.0,0.21008261332100023,4.555219453664239e-05,1.178274767359898,0.0050000000038538115,0.8728724292910972,0.14338608084406085
0.3053333333333335,0.020348111312323086,0.0,0.2109200364558337,4.485589549902636e-05,1.1790866619514717,0.005000000003681527,0.8717118700443172,0.14326390355542473
0.3058333333333335,0.020360111312323088,0.0,0.21176374903301137,4.417334858650579e-05,1.1798985252920435,0.0050000000035177366,0.8705460823909918,0.14314119910417522
0.3063333333333335,0.02037211131232309,0.0,0.21261375014612438,4.3504268424614074e-05,1.1807103575743059,0.005000000003361994,0.869375066661466,0.14301796714351217
0.3068333333333335,0.020384111312323087,0.0,0.21347003881024518,4.284836963888461e-05,1.1815221589909508,0.005000000003213877,0.8681988231810559,0.14289420724157986
0.3073333333333335,0.02039611131232309,0.0,0.21433261395915953,4.2205366854850785e-05,1.1823339297346707,0.005000000003072987,0.8670173522700487,0.14276991887870105
0.3078333333333335,0.020408111312323087,0.0,0.2152014744416701,4.157497469804599e-05,1.1831456699981584,0.005000000002938943,0.8658306542437026,0.1426451014436782
0.3083333333333335,0.02042011131232309,0.0,0.21607661901939496,4.0956907794003616e-05,1.1839573799741057,0.005000000002811383,0.8646387294122501,0.1425197542315971
0.3088333333333335,0.020432111312323087,0.0,0.21695804636282578,4.035088076825707e-05,1.1847690598552054,0.005000000002689969,0.8634415780808941,0.14239387643988055
0.3093333333333335,0.02044411131232309,0.0,0.21784575504916762,3.9756608246339746e-05,1.1855807098341498,0.005000000002574376,0.8622392005498124,0.14226746716613337
0.3098333333333335,0.02045611131232309,0.0,0.21873974015672118,3.917383532411587e-05,1.186392330126255,0.0050000000024643014,0.8610315970804209,0.1421405219739682
0.3103333333333335,0.020468111312323088,0.0,0.21964000056942282,3.8602450876007395e-05,1.1872039209207346,0.005000000002359491,0.8598187679676135,0.14201304025850264
0.3108333333333335,0.020480111312323086,0.0,0.2205465502121281,3.804220821568129e-05,1.188015482306536,0.005000000002259671,0.8586007136521625,0.14188503657759832
0.3113333333333335,0.020492111312323088,0.0,0.22145938795299108,3.749290977199543e-05,1.1888270144722781,0.005000000002164594,0.8573774344219443,0.14175651030106728
0.3118333333333335,0.02050411131232309,0.0,0.22237851255733102,3.69543579738077e-05,1.18963851760658,0.0050000000020740225,0.8561489305599154,0.14162746068949186
0.3123333333333335,0.020516111312323088,0.0,0.22330392268518529,3.642635524997597e-05,1.1904499918980607,0.005000000001987732,0.8549152023441144,0.1414978868917809
0.3128333333333335,0.02052811131232309,0.0,0.22423561688852495,3.590870402935812e-05,1.1912614375353392,0.005000000001905508,0.8536762500476622,0.1413677879423852
0.3133333333333335,0.020540111312323087,0.0,0.22517359360809336,3.5401206740812026e-05,1.1920728547070343,0.005000000001827147,0.852432073938762,0.14123716275813586
0.3138333333333335,0.02055211131232309,0.0,0.2261178511710168,3.4903665813195574e-05,1.1928842436017655,0.005000000001752456,0.8511826742806992,0.14110601013585639
0.3143333333333335,0.020564111312323087,0.0,0.22706838778771457,3.441588367536663e-05,1.1936956044081513,0.00500000000168125,0.8499280513318439,0.140974328749273
0.3148333333333335,0.02057611131232309,0.0,0.2280252015494043,3.3937662756183075e-05,1.194506937314811,0.0050000000016133545,0.8486682053456488,0.14084211714652006
0.3153333333333335,0.02058811131232309,0.0,0.22898829042522792,3.3468805484502786e-05,1.1953182425103634,0.005000000001548603,0.8474031365706514,0.14070937374726789
0.3158333333333335,0.02060011131232309,0.0,0.22995765529904727,3.300912980295728e-05,1.1961295201637132,0.005000000001486841,0.8461328452814064,0.1405760999063948
0.3163333333333335,0.020612111312323086,0.0,0.2309333003500761,3.255845083134638e-05,1.1969407704217798,0.005000000001427918,0.8448573317827033,0.14044230029856825
0.3168333333333335,0.020624111312323088,0.0,0.23191522315354796,3.2116582809943354e-05,1.1977519934736482,0.005000000001371693,0.8435765963087927,0.1403079729312961
0.3173333333333335,0.02063611131232309,0.0,0.23290342336983855,3.168336387173494e-05,1.1985631894941082,0.005000000001318035,0.8422906391117075,0.14017311791067658
0.3178333333333335,0.020648111312323088,0.0,0.23389790054290593,3.1258632149707876e-05,1.1993743586579486,0.005000000001266818,0.8409994604389267,0.1400377352204718
0.3183333333333335,0.02066011131232309,0.0,0.23489865409771107,3.08422257768489e-05,1.2001855011399587,0.005000000001217924,0.8397030605333744,0.13990182471952664
0.3188333333333335,0.020672111312323087,0.0,0.2359056833376522,3.043398288614474e-05,1.2009966171149276,0.00500000000117124,0.8384014396334208,0.1397653861392045
0.3193333333333335,0.02068411131232309,0.0,0.23691898744234569,3.003374161058213e-05,1.2018077067576447,0.005000000001126657,0.8370945979728819,0.13962841908116777
0.3198333333333335,0.020696111312323087,0.0,0.2379385654651662,2.9641340083147817e-05,1.2026187702428988,0.005000000001084072,0.8357825357810216,0.13949092301492028
0.3203333333333335,0.02070811131232309,0.0,0.23896441705291205,2.925661887893566e-05,1.2034298077408851,0.005000000001043388,0.8344652532900261,0.13935289800408251
0.3208333333333335,0.02072011131232309,1.0,0.24000194765056634,0.0026788572297634402,1.2042407851006496,0.005001987333397982,0.833142806805881,0.1392197995912761
0.3213333333333335,0.02073211131232309,1.0,0.24255161728649396,0.011286592690556301,1.205042212138083,0.00519893734270066,0.8318307649660854,0.14060590777317777
0.3218333333333335,0.020744111312323087,1.0,0.25448839402694184,0.019820036028054565,1.2057853045407685,0.0062087018202141115,0.8306096337402527,0.15145785002241113
0.3223333333333335,0.020756111312323088,1.0,0.2876574869966843,0.02827982841592888,1.206404636252123,0.008770766399148037,0.8295885045345152,0.18371839893090253
0.3228333333333335,0.02076811131232309,1.0,0.35470112139097143,0.03666660557035212,1.206853761258041,0.013632458576057545,0.8288460858136055,0.25010068342902964
0.32333333333333353,0.020780111312323088,1.0,0.46371546476145264,0.044980997651242055,1.2071401084134767,0.021491763480436604,0.8283719019458124,0.35869227722899066
0.32383333333333353,0.02079211131232309,1.0,0.6146855532329684,0.053223629382277746,1.2073166408655573,0.03294848222692705,0.8280792416808861,0.509401316612186
0.32433333333333353,0.020804111312323088,1.0,0.8037315661740154,0.061395120217413196,1.2074344537913082,0.04845889501465713,0.8278837895212064,0.6982729322526138
0.32483333333333353,0.02081611131232309,1.0,1.0285875996862457,0.06949608404513091,1.20751997984179,0.06829345881258922,0.8277418318658524,0.9230022719913312
0.32533333333333353,0.020828111312323087,1.0,1.2889744471245996,0.07752712953763007,1.2075840157162652,0.09250688536461456,0.8276355056764375,1.1832942102762505
0.32583333333333353,0.02084011131232309,1.0,1.586496820549967,0.08548886042562241,1.207628798931566,0.1209269155538359,0.8275611274169414,1.480750184054945
0.32633333333333353,0.02085211131232309,1.0,1.9236733356320113,0.09338187454984692,1.2076538549412579,0.1531664092365221,0.8275195061121401,1.8178895397326285
0.32683333333333353,0.02086411131232309,1.0,2.301980567923394,0.10120676537654325,1.2076611261676868,0.18865918174674387,0.8275074267150722,2.196185987183729
0.32733333333333353,0.020876111312323087,1.0,2.7234580673762396,0.1089641205801188,1.207650980135019,0.22670849907984308,0.8275242817958637,2.6176785352999983
0.32783333333333353,0.02088811131232309,1.0,3.184844135295143,0.11665452312245532,1.207632993210035,0.26655438475720106,0.8275541605225664,3.079091278915411
0.32833333333333353,0.02090011131232309,1.0,3.677694023950844,0.12427855113758132,1.2076224991911497,0.3074330279233264,0.8275715913184841,3.5719567292813177
0.32883333333333353,0.020912111312323088,1.0,4.197406786968952,0.13183677704272317,1.2076250211166073,0.3486134838716951,0.8275674024253135,4.091665752609543
0.32933333333333353,0.02092411131232309,1.0,4.742087791012367,0.1393297690559885,1.2076409155741994,0.3894368934555869,0.8275410007180328,4.63632318570245
0.32983333333333353,0.020936111312323088,1.0,5.306279625043636,0.14675808663223866,1.2076753058450218,0.4293502138879732,0.8274838693687065,5.2004640111185765
0.33033333333333353,0.02094811131232309,1.0,5.8835162768256355,0.15412229782252118,1.2077336019857945,0.4679132040532007,0.8273870024240301,5.777614168337033
0.33083333333333353,0.020960111312323088,1.0,6.467136168058558,0.1614229496263527,1.2078205084296485,0.504796706552463,0.8272425451041696,6.361105050010306
0.33133333333333354,0.02097211131232309,1.0,7.04992948257657,0.16866058739333867,1.2079406730684883,0.5397750099056985,0.8270427059352963,6.943719854985737
0.33183333333333354,0.02098411131232309,1.0,7.6241728935796225,0.17583575647308441,1.2080987437942177,0.5727127099496853,0.8267796513250742,7.517728216734055
0.33233333333333354,0.02099611131232309,1.0,8.182021208685507,0.1829489992973555,1.208299035589119,0.6035489692692286,0.8264460470905718,8.075278327205423
0.33283333333333354,0.021008111312323087,1.0,8.716346351542242,0.19000084948702617,1.20854480016917,0.6322812326056324,0.8260362652896036,8.609236993299216
0.3333333333333333,0.02102011131232308,1.0,9.221437631753739,0.1969918355199348,1.2088377570315483,0.6589505187231731,0.825547164952128,9.113890604532937
