Time [s],Lmtc [m],STIM [ ],Fsee [N],Gamma [ ],Lcerel [ ],q [ ],fisomrel [ ],fce [N]
0.0,0.02352011131232308,1.0,4.06091089181844,0.12575703820291215,1.3855194981847898,0.5000101332132264,0.4054988660773914,3.5268465215796256
0.0005,0.02350177797898975,1.0,3.269767990336706,0.13330250356618542,1.3855575824814044,0.5463257053695808,0.40538140236438025,2.735576693117095
0.001,0.023483444645656413,1.0,2.872940963866655,0.14078284511293943,1.3850131431668855,0.5884397563607424,0.4070595183550213,2.340562735577282
0.0015,0.02346511131232308,1.0,2.70819688030032,0.14819862489162508,1.3840708418583365,0.6264822710954707,0.4099583537369147,2.178949380809395
0.002,0.023446777978989745,1.0,2.667792631673419,0.1555504001327201,1.3828984243462612,0.6607288985118216,0.4135551865326019,2.1424275158450095
0.0025,0.023428444645656413,1.0,2.692655098872167,0.1628387232539877,1.3816021225001422,0.6914834226066405,0.4175192804135457,2.1715659640261604
0.003,0.02341011131232308,1.0,2.7510774122493222,0.17006414195878294,1.3802429140018186,0.7190523168513152,0.4216613054056222,2.23445299741324
0.0035,0.023391777978989746,1.0,2.8260640508611066,0.17722719906622228,1.3788541774577145,0.7437357763217337,0.42587804889135417,2.3139815097187935
0.004,0.023373444645656414,1.0,2.9080917542320055,0.1843284328563955,1.3774544321892654,0.7658225434038121,0.4301126064827169,2.400566798771781
0.0045000000000000005,0.023355111312323082,1.0,2.991934120710895,0.19136837697887532,1.3760535339199536,0.7855845041898463,0.4343349585052574,2.4889501076951577
0.005,0.023336777978989746,1.0,3.0747959888957976,0.19834756027154793,1.37465648752503,0.8032734093143855,0.4385300654216282,2.5763201109298137
0.0055,0.023318444645656414,1.0,3.155109519029675,0.20526650712732752,1.3732658832506908,0.8191193565871457,0.44269032160432675,2.6611008344021956
0.006,0.02330011131232308,1.0,3.232104410968826,0.2121257380608541,1.3718828090921056,0.8333301522235674,0.4468127052070582,2.7425187858423548
0.006500000000000001,0.023281777978989747,1.0,3.305536597722228,0.21892576699820912,1.3705074149048695,0.8460918056840826,0.4508970220020436,2.820329747112767
0.007,0.023263444645656415,1.0,3.37529917469057,0.2256671058075122,1.369139626992859,0.8575699366098083,0.45494374313429153,2.894427376156806
0.0075,0.02324511131232308,1.0,3.4414986069785294,0.23235026341088535,1.3677790320954442,0.8679111312722787,0.458954334203753,2.964919763607129
0.008,0.023226777978989747,1.0,3.504326962317738,0.23897573814193207,1.36642510441129,0.8772447342469896,0.46293057142870075,3.0320009303685582
0.0085,0.023208444645656412,1.0,3.5639949767960006,0.24554402833425595,1.3650773181390616,0.8856846526439686,0.46687420712156147,3.095883534631105
0.009000000000000001,0.02319011131232308,1.0,3.6206754166445565,0.2520556121671036,1.3637352372109717,0.8933310545830031,0.4707867088443126,3.15674195528744
0.0095,0.023171777978989748,1.0,3.6747472356073834,0.25851101597167087,1.3623981132451872,0.9002718770415484,0.47467043006531384,3.2149576990653133
0.01,0.023153444645656412,1.0,3.726371703586078,0.2649107124611039,1.3610655773449,0.9065844548610382,0.4785265954263759,3.2706933782034473
0.0105,0.02313511131232308,1.0,3.7757153299270194,0.2712551731961738,1.3597372679323498,0.9123367413496298,0.482356392242275,3.3241168008178934
0.011,0.02311677797898975,1.0,3.822953482248464,0.27754486973765147,1.358412823429776,0.9175884843296096,0.48616099200438456,3.37540461273054
0.0115,0.023098444645656413,1.0,3.8682696303549617,0.28378027364630787,1.3570918822594187,0.9223922666510616,0.4899415504977018,3.4247415415356293
0.012,0.02308011131232308,1.0,3.9118546577250597,0.28996185648291395,1.3557740828435172,0.9267944194871882,0.4936992079074166,3.4723197082259696
0.0125,0.023061777978989745,1.0,3.953899857184311,0.2960900867901348,1.3544590735890139,0.9308358210063565,0.4974350606016723,3.5183315929405716
0.013000000000000001,0.023043444645656413,1.0,3.994511682370352,0.3021654098040941,1.353146644434335,0.9345526135055222,0.5011497900990776,3.5628843931101053
0.0135,0.02302511131232308,1.0,4.033869937887632,0.30818832303685295,1.35183647767709,0.9379767852196651,0.5048443719031144,3.6061589664704954
0.014,0.023006777978989746,1.0,4.072046785852561,0.3141592646738338,1.3505284290557833,0.9411366964269248,0.5085192816947388,3.648227995877211
0.0145,0.022988444645656414,1.0,4.109116875851415,0.32007867290045944,1.3492223543089186,0.944057527479697,0.5121749890037446,3.6891666436607773
0.015,0.022970111312323082,1.0,4.145157192381067,0.3259469859021522,1.347918109175,0.9467616736486232,0.5158119572323708,3.729052399098196
0.0155,0.022951777978989747,1.0,4.180246913049128,0.3317646418643349,1.346615549392532,0.9492690876562412,0.5194306436772528,3.7679649366416093
0.016,0.022933444645656414,1.0,4.214467277530751,0.33753207897243004,1.345314530700018,0.9515975769888642,0.5230314995497052,3.8059859849014703
0.0165,0.02291511131232308,1.0,4.247901467279299,0.34324973541186016,1.3440149088359625,0.9537630621587451,0.5266149699943375,3.8431992063814073
0.017,0.022896777978989747,1.0,4.280623854054432,0.34891803617521117,1.3427165555368077,0.9557797991184123,0.5301814502439448,3.879679399833713
0.0175,0.022878444645656415,1.0,4.3126754732612325,0.35453739962435854,1.341419394824199,0.9576605844215124,0.5337311873515107,3.9154678704058914
0.018000000000000002,0.02286011131232308,1.0,4.3441274528123115,0.3601082963436825,1.340123307284606,0.9594169282786837,0.5372645433671261,3.950636135857091
0.0185,0.022841777978989748,1.0,4.375007574873639,0.36563112884550186,1.3388282399714342,0.9610591785385156,0.5407816951914408,3.9852121724855594
0.019,0.022823444645656416,1.0,4.405344292269402,0.3711062996421357,1.3375341399380891,0.9625966655899351,0.5442828175050178,4.019224624362261
0.0195,0.02280511131232308,1.0,4.435166701286461,0.37653421124590275,1.336240954237977,0.964037815979749,0.5477680827725387,4.052702776140802
0.02,0.022786777978989748,1.0,4.464504515929655,0.3819152661691219,1.3349486299245028,0.9653902520303899,0.5512376612467939,4.085676527317923
0.0205,0.022768444645656413,1.0,4.493388043622233,0.3872498669241122,1.333657114051073,0.9666608793169175,0.5546917209724374,4.118176367938806
0.021,0.02275011131232308,1.0,4.521848162359544,0.39253841602319234,1.3323663536710924,0.9678559636022209,0.5581304277895294,4.150233355755373
0.021500000000000002,0.02273177797898975,1.0,4.549916299307823,0.3977813159786814,1.3310762958379672,0.968981198606604,0.5615539453368434,4.181879094829369
0.022,0.022713444645656413,1.0,4.577624410854491,0.40297896930289806,1.329786887605103,0.9700417657972495,0.5649624350549564,4.213145715586677
0.0225,0.02269511131232308,1.0,4.6049833791363595,0.4081317163132758,1.3284981073107385,0.9710423773679796,0.5683559739730502,4.244044185638313
0.023,0.022676777978989746,1.0,4.63202190906705,0.41324002201292814,1.3272099078840252,0.971987358005501,0.5717347047301111,4.274603363471247
0.0235,0.022658444645656414,1.0,4.658755491932193,0.41830427353968996,1.3259222619232354,0.9728806452059948,0.5750987167313679,4.304838838050777
0.024,0.02264011131232308,1.0,4.68519439993595,0.4233248351796878,1.3246351499106541,0.9737258387151294,0.5784480777699486,4.33476095650024
0.0245,0.022621777978989746,1.0,4.711349104103688,0.4283020712190481,1.323348552328566,0.9745262373505007,0.5817828548280826,4.364380263710229
0.025,0.022603444645656414,1.0,4.737230268994453,0.4332363459438976,1.3220624496592557,0.9752848679966281,0.5851031140779176,4.393707497052137
0.025500000000000002,0.022585111312323082,1.0,4.762848747608688,0.4381280236403628,1.320776822385008,0.9760045114675577,0.588408920882308,4.422753581286894
0.026000000000000002,0.022566777978989747,1.0,4.788215576494987,0.4429774685945702,1.3194916509881078,0.9766877256088693,0.5917003397955725,4.451529623672713
0.0265,0.022548444645656415,1.0,4.81334197105243,0.4477850450926464,1.31820691595084,0.9773368659631867,0.59497743456422,4.480046909268361
0.027,0.02253011131232308,1.0,4.838239321030132,0.4525511174207179,1.316922597755489,0.9779541042821148,0.59824026812765,4.5083168964336195
0.0275,0.022511777978989747,1.0,4.862919186223699,0.4572760498649114,1.31563867688434,0.978541445131938,0.6014889026188128,4.536351212526606
0.028,0.022493444645656415,1.0,4.887393292368741,0.46196020671135335,1.3143551338196773,0.9791007408095957,0.6047233993648511,4.564161649798109
0.0285,0.02247511131232308,1.0,4.911667744714618,0.46660390347745734,1.3130719571589835,0.9796336987961461,0.6079437985625744,4.591754358034607
0.029,0.022456777978989748,1.0,4.935748610329096,0.4712075274359924,1.311789135695524,0.9801419101411316,0.6111501394489525,4.619135447725799
0.029500000000000002,0.022438444645656412,1.0,4.9596441273096845,0.4757714592518577,1.310506655327633,0.9806268483936145,0.6143424679889862,4.646313207178859
0.03,0.02242011131232308,1.0,4.983358245232755,0.48029602529771376,1.3092245080902856,0.9810898745157738,0.6175208143852837,4.673291619841177
0.0305,0.022401777978989748,1.0,5.006894985632036,0.48478155194622136,1.3079426860184575,0.9815322528443537,0.6206852085109507,4.700074740689238
0.031,0.022383444645656413,1.0,5.030258440646274,0.4892283655700411,1.3066611811471238,0.9819551590739236,0.6238356799098037,4.72666669487656
0.0315,0.02236511131232308,1.0,5.053452771694948,0.4936367925418336,1.3053799855112602,0.9823596874939786,0.62697225779657,4.75307167640967
0.032,0.02234677797898975,1.0,5.076482208189304,0.49800715923425964,1.304099091145842,0.9827468575572395,0.6300949710570913,4.779293946859401
0.0325,0.022328444645656413,1.0,5.099351046276368,0.5023397920199797,1.3028184900858446,0.983117619847748,0.6332038482485169,4.805337834105156
0.033,0.02231011131232308,1.0,5.122063647614202,0.5066350172716546,1.3015381743662433,0.9834728615096664,0.6362989175994922,4.831207731110412
0.0335,0.022291777978989746,1.0,5.144624438181326,0.5108931613619448,1.3002581360220136,0.9838134111909203,0.639380207010344,4.856908094732379
0.034,0.022273444645656414,1.0,5.167037907118421,0.5151145506635113,1.2989783670881307,0.9841400435498936,0.6424477440532598,4.882443444563939
0.0345,0.02225511131232308,1.0,5.189308605601941,0.5192995115490144,1.2976988595995704,0.9844534833681252,0.6455015559724611,4.90781836180748
0.035,0.022236777978989746,1.0,5.211438352028871,0.5234483098449776,1.2964196093975948,0.9847544040009234,0.6485416606583092,4.933034685301379
0.035500000000000004,0.022218444645656414,1.0,5.233430148006884,0.5275613062829188,1.2951406107641894,0.9850434450664173,0.651568079510965,4.958095440602464
0.036000000000000004,0.02220011131232308,1.0,5.255287634783801,0.5316388503837287,1.2938618571750349,0.9853212052501877,0.6545808355905576,4.983004294520184
0.0365,0.022181777978989747,1.0,5.27701244182224,0.5356812318544634,1.292583344896719,0.9855882414545913,0.6575799451561903,5.0077628951258655
0.037,0.022163444645656415,1.0,5.2986062304349035,0.5396887404021783,1.2913050701958289,0.985845076859579,0.660565424312813,5.032372922140561
0.0375,0.02214511131232308,1.0,5.320070693323047,0.5436616657339294,1.2900270293389522,0.986092203316875,0.6635372890112903,5.056836086473611
0.038,0.022126777978989747,1.0,5.341407554121815,0.5476002975567723,1.288749218592676,0.9863300835507508,0.6664955550484758,5.081154129768071
0.0385,0.022108444645656415,1.0,5.362618566952081,0.5515049255777629,1.2874716342235881,0.9865591531828385,0.6694402380672781,5.10532882395264
0.039,0.02209011131232308,1.0,5.383705515979476,0.5553758395039567,1.2861942724982758,0.9867798225966844,0.6723713535567306,5.1293619708007805
0.0395,0.022071777978989748,1.0,5.404670214982925,0.5592133290424098,1.2849171296833266,0.9869924786562109,0.6752889168520577,5.153255401499338
0.04,0.022053444645656412,1.0,5.425514506926856,0.5630176839001776,1.2836402020453277,0.9871974862908727,0.6781929431347427,5.177010976220842
0.0405,0.02203511131232308,1.0,5.446240263543437,0.5667891937843161,1.2823634858508668,0.9873951899590673,0.6810834474325894,5.200630583705821
0.041,0.022016777978989748,1.0,5.466849384920608,0.5705281484018809,1.2810869773665312,0.9875859150002513,0.6839604446197887,5.224116140850919
0.0415,0.021998444645656413,1.0,5.4873437990971325,0.5742348374599278,1.2798106728589085,0.9877699688852288,0.6868239494169797,5.247469592304031
0.042,0.02198011131232308,1.0,5.5077248479324545,0.577909519608016,1.2785345694079615,0.9879476403678871,0.6896739745788859,5.270692294528393
0.0425,0.021961777978989745,1.0,5.52799284125995,0.5815524538849987,1.27725866548884,0.9881192028224929,0.69251052964539,5.2937845687258545
0.043000000000000003,0.021943444645656413,1.0,5.54815000343341,0.5851639953225424,1.275982957068026,0.988284921068882,0.6953336296319528,5.316748656039665
0.043500000000000004,0.02192511131232308,1.0,5.568197061305557,0.5887443993093103,1.2747074421230185,0.9884450397767909,0.6981432849689139,5.339585295511978
0.044,0.021906777978989746,1.0,5.588134758633025,0.5922939212339657,1.2734321186313167,0.9885997909062486,0.7009395060031582,5.362295242980392
0.0445,0.021888444645656414,1.0,5.607963855876072,0.595812816485172,1.2721569845704195,0.988749394486953,0.7037223029981459,5.384879270877696
0.045,0.02187011131232308,1.0,5.627685129997343,0.5993013404515922,1.2708820379178263,0.9888940593430687,0.7064916861339413,5.407338168030681
0.0455,0.021851777978989746,1.0,5.647299374265618,0.6027597485218897,1.2696072766510362,0.989033983767733,0.7092476655072464,5.429672739463919
0.046,0.021833444645656414,1.0,5.666807398062761,0.6061882960847276,1.2683326987475483,0.9891693561511821,0.71199025113143,5.45188380620676
0.0465,0.021815111312323082,1.0,5.68621002668829,0.6095872385287692,1.2670583021848616,0.9893003555660763,0.7147194529365566,5.473972205097931
0.047,0.021796777978989747,1.0,5.705508101170542,0.6129568312426777,1.2657840849404753,0.989427152313297,0.7174352807694168,5.495938788596752
0.0475,0.021778444645656415,1.0,5.7247024780778215,0.6162973296151164,1.2645100449918887,0.9895499084312064,0.7201377443935562,5.517784424594309
0.048,0.02176011131232308,1.0,5.743794029331078,0.6196089890347485,1.2632361803166008,0.9896687781711229,0.7228268534893041,5.539509996226177
0.0485,0.021741777978989747,1.0,5.7627836420211,0.6228920648902372,1.2619624888921106,0.9897839084415261,0.7255026176538033,5.561116401689649
0.049,0.021723444645656415,1.0,5.781672218225604,0.6261468125702458,1.2606889686959173,0.9898954392232985,0.7281650464010363,5.582604554060864
0.0495,0.02170511131232308,1.0,5.800460010725989,0.6293734356945788,1.2594156185631515,0.9900035013902712,0.7308141473819898,5.6039747152779835
0.05,0.021686777978989748,1.0,5.81914762791963,0.6325722135813394,1.2581424368837841,0.9901082235308487,0.7334499291188061,5.6252275037264985
0.0505,0.021668444645656412,1.0,5.837735925303892,0.6357434223205909,1.2568694217457301,0.9902097281475762,0.7360724006880569,5.646363785408317
0.051000000000000004,0.02165011131232308,1.0,5.856225263829001,0.6388872866906378,1.2555965718902597,0.9903081297234498,0.7386815697517891,5.66738393038136
0.051500000000000004,0.021631777978989748,1.0,5.874616014891745,0.6420040314697846,1.2543238860586428,0.9904035376080668,0.741277443920122,5.688288319082615
0.052000000000000005,0.021613444645656413,1.0,5.892908560227612,0.6450938814363357,1.2530513629921496,0.9904960562913474,0.7438600307512614,5.709077342220297
0.0525,0.02159511131232308,1.0,5.911103291806324,0.6481570613685959,1.2517790014320502,0.9905857856605649,0.7464293377515185,5.729751400669411
0.053,0.02157677797898975,1.0,5.929200611724332,0.6511937960448696,1.2505068001196151,0.990672821241831,0.7489853723753248,5.750310905364256
0.0535,0.021558444645656413,1.0,5.94720093210144,0.6542043102434614,1.2492347577961143,0.9907572544270964,0.7515281420252491,5.77075627719508
0.054,0.02154011131232308,1.0,5.965104674976401,0.6571888287426756,1.247962873202818,0.9908391726876428,0.7540576540520126,5.7910879469036916
0.0545,0.021521777978989746,1.0,5.982912272204634,0.660147576320817,1.2466911450809963,0.9909186597749724,0.7565739157545073,5.811306354981202
0.055,0.021503444645656414,1.0,6.000624165354716,0.66308077775619,1.2454195721719195,0.9909957959099369,0.759076934379808,5.831411951564532
0.0555,0.021485111312323082,1.0,6.018240805608481,0.6659886578270992,1.2441481532168575,0.9910706579608751,0.7615667171231916,5.851405196336538
0.056,0.021466777978989746,1.0,6.035762653658769,0.668871441311849,1.2428768869570808,0.9911433196114863,0.7640432711281496,5.871286558423773
0.0565,0.021448444645656414,1.0,6.053190179611354,0.6717293529887439,1.2416057721338594,0.9912138515191024,0.7665066034864065,5.891056516298442
0.057,0.02143011131232308,1.0,6.07052322183527,0.6745625521404507,1.2403348082977004,0.9912823188094985,0.7689567196820304,5.910714915153513
0.0575,0.021411777978989747,1.0,6.0877624949739495,0.6773713254286206,1.2390639939015324,0.9913487891166871,0.7713936272793922,5.930262478418253
0.058,0.021393444645656415,1.0,6.104908317952271,0.6801558876487369,1.237793327909561,0.9914133244918418,0.773817332806784,5.949699532802361
0.0585,0.02137511131232308,1.0,6.12196088568368,0.68291643663764,1.2365228094520055,0.9914759838607327,0.7762278424357211,5.969026280652609
0.059000000000000004,0.021356777978989747,1.0,6.138920400328675,0.6856531702321702,1.2352524376590854,0.9915368238361183,0.7786251623018325,5.988242931516181
0.059500000000000004,0.021338444645656415,1.0,6.155787071226431,0.6883662862691678,1.2339822116610202,0.991595898826617,0.7810092985048702,6.007349702072307
0.06,0.02132011131232308,1.0,6.172561114830186,0.6910559825854732,1.2327121305880293,0.9916532611397338,0.78338025710872,6.0263468160676625
0.0605,0.021301777978989748,1.0,6.189242754641893,0.6937224570179267,1.2314421935703324,0.9917089610793878,0.7857380441414112,6.045234504251037
0.061,0.021283444645656412,1.0,6.205832221146886,0.6963659074033685,1.2301723997381486,0.9917630470382817,0.7880826655951276,6.06401300430801
0.0615,0.02126511131232308,1.0,6.222329751749882,0.698986531578639,1.2289027482216976,0.9918155655854156,0.7904141274262164,6.082682560796967
0.062,0.02124677797898975,1.0,6.238735590710051,0.7015845273805784,1.2276332381511987,0.9918665615490381,0.7927324355551986,6.101243425084182
0.0625,0.021228444645656413,1.0,6.255049989077418,0.7041600926460273,1.2263638686568716,0.9919160780953005,0.7950375958667782,6.1196958552802325
0.063,0.02121011131232308,1.0,6.27127320463023,0.7067134252118258,1.2250946388689354,0.9919641568028691,0.7973296142098542,6.13804011617738
0.0635,0.021191777978989745,1.0,6.287405501811008,0.7092447229148142,1.22382554791761,0.9920108377337289,0.7996084963975268,6.156276479185634
0.064,0.021173444645656413,1.0,6.303447104950852,0.7117541763075649,1.2225565949909842,0.9920561592442918,0.801874248104076,6.174405175462269
0.0645,0.02115511131232308,1.0,6.319397844572672,0.7142419307569488,1.2212877797721873,0.992100156744799,0.8041268740939838,6.192426041508512
0.065,0.021136777978989746,1.0,6.335258309189235,0.7167082491645654,1.2200191010129342,0.9921428684437809,0.8063663807578411,6.2103396732993446
0.0655,0.021118444645656414,1.0,6.351028606538791,0.7191533056549396,1.2187505580681297,0.9921843281585666,0.8085927733795273,6.228146185004538
0.066,0.021100111312323082,1.0,6.366708849824534,0.7215772743525957,1.2174821502926794,0.9922245685217936,0.8108060572162897,6.245845696224197
0.0665,0.021081777978989746,1.0,6.382299157672872,0.723980329382058,1.2162138770414876,0.9922636210316095,0.8130062374987539,6.263438331947037
0.067,0.021063444645656414,1.0,6.397799654086161,0.7263626448678513,1.21494573766946,0.9923015160994567,0.8151933194309269,6.280924222503129
0.0675,0.02104511131232308,1.0,6.413210468397776,0.7287243949344997,1.2136777315315013,0.99233828309558,0.8173673081902066,6.298303503518973
0.068,0.021026777978989747,1.0,6.428531735229684,0.7310657537065278,1.2124098579825167,0.9923739503923726,0.8195282089273884,6.315576315875089
0.0685,0.021008444645656415,1.0,6.443763594445439,0.7333868953084602,1.2111421163774112,0.9924085454056822,0.821676026766671,6.332742805659014
0.069,0.02099011131232308,1.0,6.458906191108585,0.7356879938648212,1.2098745060710898,0.9924420946341868,0.8238107668056643,6.349803124123716
0.0695,0.020971777978989747,1.0,6.473959675436839,0.7379692235001354,1.2086070264184579,0.992474623696938,0.8259324341153953,6.366757427641789
0.07,0.020953444645656412,1.0,6.488924202759195,0.740230758338927,1.2073396767744202,0.9925061573691766,0.8280410337403158,6.3836058776625615
0.07050000000000001,0.02093511131232308,1.0,6.503799933473433,0.7424727725057209,1.2060724564938818,0.9925367196165037,0.8301365706983087,6.4003486406696135
0.07100000000000001,0.020916777978989748,1.0,6.518587033000753,0.7446954401250412,1.204805364931748,0.9925663336274988,0.8322190499806941,6.416985888135426
0.07150000000000001,0.020898444645656412,1.0,6.533285489892051,0.7468988926382559,1.2035384016642072,0.9925950205077605,0.8342884761919194,6.43351761430892
0.07200000000000001,0.02088011131232308,1.0,6.547895353714749,0.7490832955395899,1.2022715661983003,0.9926228017454032,0.8363448540307464,6.4499438745313915
0.0725,0.02086177797898975,1.0,6.562417026564032,0.7512488901363967,1.2010048576183334,0.9926497004891722,0.8383881888553341,6.466265077243176
0.073,0.020843444645656413,1.0,6.5768505645210045,0.7533958271887714,1.199738275435351,0.9926757363897735,0.8404184853044475,6.4824812842239785
0.0735,0.02082511131232308,1.0,6.5911960279203825,0.7555242574568083,1.198471819160398,0.9927009284817858,0.8424357479966491,6.498592561480853
0.074,0.02080677797898975,1.0,6.60545348131958,0.757634331700602,1.1972054883045193,0.9927252952072475,0.8444399815303043,6.514598979217304
0.0745,0.020788444645656413,1.0,6.619622993465586,0.7597262006802472,1.1959392823787602,0.992748854438231,0.8464311904835858,6.530500611800164
0.075,0.02077011131232308,1.0,6.633704637265478,0.7618000151558385,1.1946732008941652,0.9927716234984548,0.84840937941448,6.54629753773012
0.0755,0.020751777978989746,1.0,6.64769848975296,0.7638559258874703,1.1934072433617793,0.9927936191839816,0.85037455286079,6.561989839608248
0.076,0.020733444645656414,1.0,6.661604632058339,0.7658940836352373,1.1921414092926472,0.9928148577830446,0.8523267153401417,6.577577604106009
0.0765,0.020715111312323082,1.0,6.675423149376092,0.7679146391592341,1.1908756981978144,0.9928353550950476,0.8542658713499875,6.593060921932809
0.077,0.020696777978989746,1.0,6.689154130934504,0.7699177432195552,1.1896101095883251,0.9928551264487755,0.8561920253676133,6.608439887805652
0.0775,0.020678444645656414,1.0,6.702797669964851,0.7719035465762953,1.1883446429752247,0.9928741867198531,0.8581051818501406,6.623714600418325
0.078,0.02066011131232308,1.0,6.716353863669527,0.7738721999895489,1.1870792978695577,0.9928925503474919,0.8600053452345332,6.638885162409536
0.0785,0.020641777978989747,1.0,6.729822813192053,0.7758238542194106,1.1858140737823695,0.9929102313505527,0.8618925199376006,6.653951680332921
0.079,0.020623444645656415,1.0,6.743204623586639,0.7777586600259749,1.1845489702247045,0.9929272433429607,0.8637667103560045,6.668914264626622
0.0795,0.02060511131232308,1.0,6.7564994037868615,0.7796767681693366,1.1832839867076077,0.9929435995485019,0.865627920866262,6.683773029581962
0.08,0.020586777978989747,1.0,6.769707266575475,0.7815783294095902,1.1820191227421244,0.9929593128150289,0.8674761558247498,6.698528093313268
0.0805,0.020568444645656415,1.0,6.782828121266984,0.7834634507223466,1.1807543780868506,0.9929743943879833,0.8693114192097435,6.713179370142522
0.081,0.02055011131232308,1.0,6.79586199024846,0.7853322842446728,1.1794897523690464,0.9929888564628545,0.8711337151779937,6.7277268876074645
0.0815,0.020531777978989748,1.0,6.808809175528048,0.7871850258869251,1.1782252448867245,0.9930027121233764,0.8729430483402683,6.74217095323445
0.082,0.020513444645656412,1.0,6.821669708489856,0.7890218047085807,1.176960855265426,0.9930159722360128,0.8747394228149157,6.75651160350718
0.0825,0.02049511131232308,1.0,6.834443623863709,0.7908427497691172,1.1756965831306911,0.9930286473644586,0.8765228427048005,6.770748878234949
0.083,0.020476777978989745,1.0,6.847130959700391,0.7926479901280117,1.1744324281080607,0.9930407477801036,0.878293312097305,6.784882820527887
0.0835,0.020458444645656413,1.0,6.859731757350927,0.7944376548447415,1.1731683898230751,0.9930522834721006,0.8800508350643339,6.798913476776252
0.084,0.02044011131232308,1.0,6.872246061441965,0.796211872978784,1.1719044679012751,0.9930632641570608,0.8817954156623179,6.812840896625809
0.0845,0.020421777978989746,1.0,6.884673919854811,0.7979707735896165,1.1706406619682013,0.9930736992883887,0.8835270579322163,6.826665132956874
0.085,0.020403444645656413,1.0,6.89701538370255,0.7997144857367162,1.169376971649394,0.9930835980652725,0.8852457658995215,6.840386241861439
0.0855,0.02038511131232308,1.0,6.909270507306625,0.8014431384795606,1.1681133965703943,0.9930929694413468,0.8869515435742614,6.854004282619754
0.08600000000000001,0.020366777978989746,1.0,6.921439348175905,0.8031568608776268,1.1668499363567424,0.9931018221330408,0.8886443949510041,6.867519317679403
0.08650000000000001,0.020348444645656414,1.0,6.933521966984012,0.8048557819903923,1.1655865906339788,0.9931101646276237,0.8903243240088604,6.880931412632632
0.08700000000000001,0.020330111312323082,1.0,6.945518427546325,0.8065400308773343,1.1643233590276447,0.9931180051909649,0.8919913347114871,6.894240636193359
0.08750000000000001,0.020311777978989747,1.0,6.957428796798464,0.80820973659793,1.1630602411632804,0.9931253518750146,0.8936454310070913,6.90744706017566
0.088,0.020293444645656415,1.0,6.96925314477483,0.8098650282116568,1.1617972366664264,0.9931322125250226,0.8952866168284336,6.9205507594723175
0.0885,0.02027511131232308,1.0,6.980991544586037,0.8115060347779922,1.160534345162623,0.993138594786503,0.8969148960928311,6.933551812032257
0.089,0.020256777978989747,1.0,6.992644072395996,0.8131328853564134,1.1592715662774116,0.9931445061119563,0.8985302727021603,6.946450298837628
0.0895,0.020238444645656415,1.0,7.004210600852627,0.8147456658340826,1.1580088998790725,0.9931499526209426,0.9001327502360209,6.959246097099803
0.09,0.02022011131232308,1.0,7.015691194753859,0.8163445186064955,1.1567463456129932,0.9931549417644492,0.9017223325478884,6.971939276385459
0.0905,0.020201777978989748,1.0,7.027086076380891,0.8179296036030534,1.1554839029432398,0.9931594812756045,0.9032990237021488,6.984530063896106
0.091,0.020183444645656412,1.0,7.038395264093555,0.8195010313062336,1.1542215715769546,0.9931635774066984,0.9048628274413371,6.997018482657873
0.0915,0.02016511131232308,1.0,7.0496187789802915,0.8210589121985128,1.1529593512212788,0.9931672362521254,0.9064137474958619,7.009404558409741
0.092,0.020146777978989748,1.0,7.060756644839513,0.8226033567623682,1.1516972415833546,0.993170463753416,0.9079517875840054,7.021688319584898
0.0925,0.020128444645656413,1.0,7.071808888163624,0.8241344754802766,1.1504352423703235,0.9931732657041028,0.9094769514119282,7.033869797294775
0.093,0.02011011131232308,1.0,7.082775538122088,0.8256523788347152,1.1491733532893273,0.9931756477544298,0.9109892426736701,7.045949025312102
0.0935,0.02009177797898975,1.0,7.093656626544932,0.827157177308161,1.1479115740475077,0.9931776154159091,0.9124886650511547,7.057926040054429
0.094,0.020073444645656413,1.0,7.104452187905092,0.8286489813830908,1.1466499043520066,0.9931791740657304,0.9139752222141893,7.069800880566466
0.0945,0.02005511131232308,1.0,7.115162259304031,0.8301279015419818,1.1453883439099655,0.9931803289510327,0.9154489178204704,7.08157358850571
0.095,0.020036777978989746,1.0,7.125786880452144,0.8315940482673109,1.1441268924285264,0.9931810851930379,0.916909755515584,7.0932442081228455
0.0955,0.020018444645656414,1.0,7.136326093655281,0.8330475320415552,1.1428655496148308,0.9931814477910584,0.9183577389330093,7.104812786248284
0.096,0.02000011131232308,1.0,7.146779943795845,0.8344884633471916,1.1416043151760207,0.9931814216263766,0.9197928716941208,7.11627937227325
0.0965,0.019981777978989746,1.0,7.15714847831778,0.8359169526666972,1.1403431888192377,0.9931810114660086,0.9212151574081912,7.127644018134786
0.097,0.019963444645656414,1.0,7.167431747209995,0.837333110482549,1.1390821702516236,0.9931802219663483,0.9226245996723935,7.138906778299168
0.0975,0.01994511131232308,1.0,7.177629802989205,0.838737047277224,1.13782125918032,0.9931790576767058,0.9240212020718042,7.150067709744759
0.098,0.019926777978989747,1.0,7.187742700685066,0.8401288735331991,1.136560455312469,0.9931775230427355,0.9254049681794045,7.161126871947142
0.0985,0.019908444645656415,1.0,7.1977703108357725,0.8415086579877814,1.135299758571987,0.993175621340181,0.926775901321448,7.172084139716292
0.099,0.01989011131232308,1.0,7.2077127286792,0.842876532699509,1.1340391686247489,0.9931733573756524,0.9281340050975446,7.182939612742725
0.0995,0.019871777978989747,1.0,7.217570104910261,0.8442326280796719,1.1327786850754002,0.9931707358144444,0.9294792831585907,7.1936934461992665
0.1,0.019853444645656415,1.0,7.227342451117152,0.8455770387077459,1.131518307692638,0.9931677603130119,0.9308117389666584,7.204345656017495
0.1005,0.01983511131232308,1.0,7.237029781179589,0.8469098591632069,1.1302580362451589,0.9931644344416328,0.9321313759742196,7.214896260408038
0.101,0.019816777978989748,1.0,7.2466321112565355,0.848231184025531,1.1289978705016592,0.9931607616870051,0.9334381976241486,7.225345279848286
0.1015,0.019798444645656412,1.0,7.256149459771509,0.8495411078741939,1.127737810230836,0.9931567454547705,0.9347322073497237,7.235692737067719
0.10200000000000001,0.01978011131232308,1.0,7.265581847402,0.8508397252886717,1.1264778552013857,0.9931523890719681,0.9360134085746293,7.2459386570373185
0.10250000000000001,0.019761777978989748,1.0,7.274929297065656,0.8521271308484402,1.125218005182005,0.9931476957894205,0.9372818047129574,7.256083066955754
0.10300000000000001,0.019743444645656413,1.0,7.284191833908315,0.8534034191329751,1.1239582599413906,0.9931426687840521,0.9385373991692105,7.266125996237424
0.10350000000000001,0.01972511131232308,1.0,7.293369485291272,0.8546686847217527,1.1226986192482393,0.9931373111611472,0.9397801953383024,7.27606747649972
0.10400000000000001,0.019706777978989745,1.0,7.30246228077856,0.8559230221942488,1.1214390828712475,0.9931316259565464,0.9410101966055612,7.285907541550312
0.1045,0.019688444645656413,1.0,7.311470252125277,0.8571665261299392,1.120179650579112,0.9931256161387831,0.9422274063467302,7.295646227375481
0.105,0.01967011131232308,1.0,7.320393433263491,0.8583992911082998,1.1189203221405295,0.993119284611165,0.9434318279279708,7.30528357212602
0.1055,0.019651777978989746,1.0,7.329231860291461,0.8596214117088066,1.1176610973241965,0.9931126342138004,0.9446234647058639,7.314819616106464
0.106,0.019633444645656414,1.0,7.337985571461019,0.8608329825109355,1.1164019758988097,0.993105667725572,0.9458023200274117,7.324254401762467
0.1065,0.01961511131232308,1.0,7.346654607163962,0.8620340980941624,1.1151429576330658,0.9930983878660614,0.94696839723004,7.333587973667208
0.107,0.019596777978989746,1.0,7.35523900992074,0.8632248530379633,1.1138840422956615,0.9930907972974216,0.9481216996415999,7.342820378510069
0.1075,0.019578444645656414,1.0,7.363738653249425,0.8644053021545471,1.1126252298514245,0.9930828976207595,0.9492622304036552,7.351951493868511
0.108,0.019560111312323082,1.0,7.372153650785035,0.8655755669886388,1.1113665199920868,0.9930746920726997,0.9503899928994085,7.360981437566402
0.1085,0.019541777978989747,1.0,7.380484104770922,0.8667357537528374,1.1101079124249977,0.9930661834477722,0.9515049904856361,7.369910316012155
0.109,0.019523444645656415,1.0,7.388730023204376,0.867885943412718,1.1088494069678672,0.9930573738514221,0.9526072264109745,7.378738141302168
0.1095,0.01950511131232308,1.0,7.396891416055366,0.8690262169338554,1.107591003438405,0.9930482653403836,0.9536967039164684,7.3874649274956505
0.11,0.019486777978989747,1.0,7.404968295260438,0.8701566552818244,1.1063327016543216,0.9930388599241098,0.9547734262355722,7.396090690608522
0.1105,0.01946844464565641,1.0,7.4129606747091925,0.8712773394222,1.1050745014333268,0.9930291595661708,0.9558373965941512,7.404615448599897
0.111,0.01945011131232308,1.0,7.420868570238645,0.872388350320557,1.1038164025931303,0.9930191661856176,0.9568886182104843,7.413039221366442
0.1115,0.019431777978989748,1.0,7.428691999620759,0.8734897689424702,1.1025584049514425,0.9930088816583161,0.9579270942952637,7.4213620307299095
0.112,0.019413444645656412,1.0,7.436430982553727,0.8745816762535146,1.1013005083259733,0.99299830781825,0.9589528280515976,7.429583900428427
0.1125,0.01939511131232308,1.0,7.444085540654119,0.875664153219265,1.1000427125344323,0.9929874464587934,0.9599658226750117,7.437704856108642
0.113,0.019376777978989748,1.0,7.451655697444037,0.8767372808052963,1.09878501739453,0.9929762993339566,0.9609660813534496,7.445724925312881
0.1135,0.019358444645656413,1.0,7.459141478344334,0.8778011399771833,1.0975274227239762,0.9929648681596045,0.9619536072672754,7.453644137472368
0.114,0.01934011131232308,1.0,7.466542910664923,0.878855811700501,1.0962699283404809,0.992953154614647,0.9629284035892747,7.461462523897541
0.1145,0.01932177797898975,1.0,7.4738600235938675,0.879901376940824,1.0950125340617538,0.9929411603422058,0.9638904734846563,7.469180117767138
0.115,0.019303444645656413,1.0,7.48109284818878,0.8809379166637276,1.0937552397055055,0.9929288869507555,0.9648398201110528,7.476796954119598
0.1155,0.01928511131232308,1.0,7.488241417368009,0.8819655118347862,1.0924980450894453,0.9929163360152415,0.9657764466185238,7.484313069844254
0.116,0.019266777978989746,1.0,7.495305765899789,0.882984243419575,1.0912409500312839,0.992903509078174,0.9667003561495551,7.491728503670485
0.1165,0.019248444645656414,1.0,7.502285591225117,0.8839941271550794,1.089983954733869,0.9928904059956858,0.9676115515618121,7.499042956890575
0.117,0.019230111312323078,1.0,7.509181233764262,0.8849953014617304,1.0887270586716309,0.9928770297037172,0.9685100362379239,7.5062567739660135
0.11750000000000001,0.019211777978989746,1.0,7.51599283413018,0.8859878641745745,1.0874702615483847,0.9928633820813569,0.9693958133786287,7.51337009946962
0.11800000000000001,0.019193444645656414,1.0,7.522720380090726,0.8869718832636717,1.0862135632435308,0.9928494642212395,0.9702688860514148,7.5203829250746175
0.11850000000000001,0.01917511131232308,1.0,7.529363861120654,0.8879474266990813,1.0849569636364693,0.9928352771876435,0.9711292573186865,7.527295244154516
0.11900000000000001,0.019156777978989747,1.0,7.535923268393598,0.8889145624508633,1.0837004626066005,0.9928208220173153,0.9719769302377643,7.534107051775099
0.11950000000000001,0.019138444645656415,1.0,7.5423985947767545,0.8898733584890773,1.0824440600333243,0.9928060997202782,0.9728119078608864,7.540818344689107
0.12,0.01912011131232308,1.0,7.5487898348243165,0.890823882783783,1.081187755796041,0.9927911112806248,0.9736341932352096,7.547429121329674
0.1205,0.019101777978989747,1.0,7.5550969847719776,0.89176620330504,1.0799315497741508,0.992775857657296,0.9744437894028097,7.5539393818048275
0.121,0.019083444645656415,1.0,7.561320042529962,0.8927003880229081,1.0786754418470539,0.9927603397848467,0.9752406994006834,7.560349127890528
0.1215,0.01906511131232308,1.0,7.5674590076771215,0.893626504907447,1.0774194318941506,0.9927445585741954,0.9760249262607479,7.566658363024759
0.122,0.019046777978989748,1.0,7.573513881456072,0.8945446219287163,1.0761635197948407,0.992728514913364,0.9767964730098436,7.572867092302671
0.1225,0.019028444645656416,1.0,7.579484666765007,0.8954548070567758,1.0749077054285245,0.9927122096682031,0.9775553426697335,7.578975322468392
0.123,0.01901011131232308,1.0,7.585371368153057,0.8963571282616852,1.0736519886746023,0.9926956436831044,0.978301538257105,7.584983061910391
0.1235,0.018991777978989748,1.0,7.591173991814004,0.8972516535135041,1.072396369412474,0.9926788177817042,0.9790350627835703,7.590890320655191
0.124,0.018973444645656413,1.0,7.59689254557893,0.8981384507822923,1.0711408475215403,0.9926617327675722,0.9797559192556679,7.596697110360022
0.1245,0.01895511131232308,1.0,7.602527038912669,0.8990175880381094,1.069885422881201,0.9926443894248921,0.9804641106748628,7.602403444309272
0.125,0.018936777978989745,1.0,7.608077482905433,0.899889133251015,1.068630095370856,0.9926267885191299,0.9811596400375489,7.608009337406112
0.1255,0.018918444645656413,1.0,7.613543890268004,0.9007531543910691,1.067374864869906,0.9926089307976923,0.9818425103350477,7.613514806167696
0.126,0.01890011131232308,1.0,7.618926275324439,0.9016097194283311,1.0661197312577508,0.9925908169905764,0.9825127245536113,7.61891986871786
0.1265,0.018881777978989746,1.0,7.6242246540079055,0.9024588963328609,1.0648646944137907,0.9925724478110083,0.9831702856744222,7.6242246540079055
0.127,0.018863444645656414,1.0,7.629439043852753,0.9033007530747181,1.063609754217426,0.9925538239560733,0.9838151966735946,7.629439043852753
0.1275,0.018845111312323082,1.0,7.63457469053979,0.9041352850943835,1.0623549046647751,0.9925349440138908,0.9844474634569872,7.63457469053979
0.128,0.018826777978989746,1.0,7.63961494893261,0.9049626400707553,1.0611001643948441,0.9925158113457204,0.9850670796436921,7.63961494893261
0.1285,0.018808444645656414,1.0,7.644559157197686,0.9057828772644906,1.0598455340440094,0.9924964264034332,0.9856740482199493,7.644559157197686
0.129,0.018790111312323082,1.0,7.649407052401677,0.9065960529650616,1.0585910138013348,0.9924767895310567,0.9862683724069272,7.649407052401677
0.1295,0.018771777978989747,1.0,7.654158373275549,0.907402223461941,1.0573366038558842,0.9924569010575552,0.9868500554330936,7.654158373275549
0.13,0.018753444645656415,1.0,7.658812860226085,0.9082014450446012,1.056082304396722,0.9924367612973006,0.9874191005342137,7.658812860226085
0.1305,0.01873511131232308,1.0,7.663370255345933,0.9089937740025146,1.054828115612912,0.9924163705505342,0.9879755109533486,7.663370255345933
0.131,0.018716777978989747,1.0,7.667830302425461,0.9097792666251537,1.0535740376935179,0.9923957291038249,0.9885192899408541,7.667830302425461
0.1315,0.018698444645656412,1.0,7.672192746961592,0.9105579792019912,1.052320070827604,0.9923748372305204,0.9890504407543781,7.672192746961592
0.132,0.01868011131232308,1.0,7.676457336171161,0.9113299680224993,1.051066215204234,0.9923536951911959,0.9895689666588594,7.676457336171161
0.1325,0.018661777978989748,1.0,7.680623818999787,0.9120952893761507,1.049812471012472,0.9923323032340932,0.9900748709265265,7.680623818999787
0.133,0.018643444645656412,1.0,7.684691946133057,0.9128539995524179,1.0485588384413824,0.9923106615955595,0.9905681568368949,7.684691946133057
0.1335,0.01862511131232308,1.0,7.688661470009653,0.9136061548407731,1.0473053176800284,0.9922887705004783,0.9910488276767664,7.688661470009653
0.134,0.01860677797898975,1.0,7.692532144828245,0.9143518115306891,1.0460519089174747,0.9922666301626971,0.9915168867402264,7.692532144828245
0.1345,0.018588444645656413,1.0,7.696303726562132,0.9150910259116383,1.0447986123427846,0.9922442407854516,0.9919723373286436,7.696303726562132
0.135,0.01857011131232308,1.0,7.699975972968079,0.915823854273093,1.0435454281450227,0.9922216025617824,0.9924151827506666,7.699975972968079
0.1355,0.01855177797898975,1.0,7.703548643598237,0.916550352904526,1.0422923565132527,0.9921987156749525,0.9928454263222237,7.703548643598237
0.136,0.018533444645656413,1.0,7.707021499810614,0.9172705780954096,1.0410393976365384,0.9921755802988573,0.9932630713665204,7.707021499810614
0.1365,0.018515111312323078,1.0,7.7103943047802845,0.9179845861352162,1.039786551703944,0.9921521965984313,0.9936681212140376,7.7103943047802845
0.137,0.018496777978989746,1.0,7.713666823510854,0.9186924333134185,1.0385338189045334,0.9921285647300543,0.9940605792025304,7.713666823510854
0.1375,0.018478444645656414,1.0,7.7168388228441165,0.9193941759194889,1.037281199427371,0.9921046848419494,0.9944404486770264,7.7168388228441165
0.138,0.01846011131232308,1.0,7.7199101193232,0.9200898595601267,1.036028693407956,0.992080556780804,0.994807733005262,7.7199101193232
0.1385,0.018441777978989746,1.0,7.722881528119729,0.9207795164567365,1.0347762998662486,0.9920561799780278,0.9951624358704511,7.722881528119729
0.139,0.018423444645656414,1.0,7.725753402989915,0.9214632391031551,1.0335240183414907,0.9920315555240888,0.9955045607769576,7.725753402989915
0.1395,0.01840511131232308,1.0,7.7285257415501265,0.922141074618051,1.032271848773894,0.9920066832770532,0.9958341111068597,7.7285257415501265
0.14,0.018386777978989747,1.0,7.731198543400073,0.9228130701200924,1.031019791103671,0.9919815630862682,0.9961510902395385,7.731198543400073
0.1405,0.018368444645656415,1.0,7.733771810118306,0.9234792727279479,1.0297678452710333,0.9919561947926584,0.9964555015516793,7.733771810118306
0.14100000000000001,0.01835011131232308,1.0,7.73624554525864,0.924139729560286,1.0285160112161933,0.9919305782290216,0.9967473484172718,7.73624554525864
0.14150000000000001,0.018331777978989747,1.0,7.738619754348193,0.9247944877357749,1.0272642888793628,0.9919047132203191,0.9970266342076106,7.738619754348193
0.14200000000000002,0.018313444645656412,1.0,7.740894444881912,0.9254435943730831,1.0260126782007537,0.9918785995839684,0.9972933622912962,7.740894444881912
0.14250000000000002,0.01829511131232308,1.0,7.743069626320607,0.9260870965908791,1.0247611791205784,0.9918522371301304,0.9975475360342345,7.743069626320607
0.14300000000000002,0.018276777978989744,1.0,7.745145310086552,0.9267250415078311,1.0235097915790485,0.9918256256619982,0.9977891587996388,7.745145310086552
0.14350000000000002,0.018258444645656412,1.0,7.7471215095609836,0.9273574762426078,1.0222585155163764,0.9917987649760829,0.9980182339480289,7.7471215095609836
0.14400000000000002,0.01824011131232308,1.0,7.748998240079497,0.9279844479138775,1.021007350872774,0.9917716548624964,0.9982347648372326,7.748998240079497
0.1445,0.01822177797898975,1.0,7.750775518929972,0.9286060036403084,1.019756297588453,0.991744295105237,0.998438754822386,7.750775518929972
0.145,0.018203444645656413,1.0,7.752453365347442,0.9292221905405693,1.0185053556036259,0.9917166854824687,0.9986302072559334,7.752453365347442
0.1455,0.01818511131232308,1.0,7.7540318005126645,0.9298330557333285,1.0172545248585045,0.9916888257668032,0.998809125487629,7.7540318005126645
0.146,0.018166777978989745,1.0,7.755510847546878,0.9304386463372543,1.0160038052933007,0.9916607157255797,0.9989755128645365,7.755510847546878
0.1465,0.018148444645656413,1.0,7.756890531509329,0.9310390094710151,1.0147531968482268,0.9916323551211427,0.9991293727310299,7.756890531509329
0.147,0.01813011131232308,1.0,7.7581708793939255,0.9316341922532796,1.0135026994634946,0.9916037437111195,0.9992707084287942,7.7581708793939255
0.1475,0.018111777978989746,1.0,7.759351920124661,0.9322242418027159,1.0122523130793162,0.9915748812486977,0.9993995232968257,7.759351920124661
0.148,0.018093444645656414,1.0,7.760421555419362,0.9328091603795128,1.0110020511779376,0.9915457666909533,0.9995158194795122,7.760421555419362
0.1485,0.018075111312323082,1.0,7.761390695376305,0.9333890186879135,1.0097519015533798,0.9915164000091267,0.9996196016643728,7.761390695376305
0.149,0.018056777978989746,1.0,7.762269481549669,0.9339638960938251,1.0085018528630294,0.9914867814547155,0.9997108739915816,7.762269481549669
0.1495,0.018038444645656414,1.0,7.763055802066291,0.93453383128027,1.0072519074472284,0.9914569106092095,0.9997896393535073,7.763055802066291
0.15,0.018020111312323082,1.0,7.763747546256224,0.9350988629302707,1.0060020676463197,0.9914267870494468,0.999855900735876,7.763747546256224
0.1505,0.018001777978989747,1.0,7.764342604780764,0.9356590297268496,1.0047523358006454,0.9913964103478367,0.9999096612177516,7.764342604780764
0.151,0.017983444645656415,1.0,7.764838869761316,0.9362143703530288,1.0035027142505482,0.9913657800725835,0.9999509239715161,7.764838869761316
0.1515,0.01796511131232308,1.0,7.7652342349105385,0.936764923491831,1.0022532053363702,0.9913348957879091,0.9999796922628487,7.7652342349105385
0.152,0.017946777978989747,1.0,7.765526595668979,0.9373107278262786,1.0010038113984538,0.9913037570542762,0.9999959694507053,7.765526595668979
0.1525,0.017928444645656412,1.0,7.765713849339777,0.9378518220393938,0.9997545347771419,0.9912723634286109,0.9999997589872974,7.765713849339777
0.153,0.01791011131232308,1.0,7.765793895232755,0.9383882448141991,0.9985053778127766,0.9912407144645256,0.9999910644180698,7.765793895232755
0.1535,0.017891777978989748,1.0,7.765764634804994,0.938920034833717,0.9972563428457003,0.9912088097125427,0.9999698893816786,7.765764634804994
0.154,0.017873444645656412,1.0,7.7656239718077344,0.9394472307809697,0.9960074322162555,0.9911766487203161,0.9999362376099689,7.7656239718077344
0.1545,0.01785511131232308,1.0,7.765369812436522,0.9399698713389798,0.9947586482647847,0.9911442310328558,0.999890112927951,7.765369812436522
0.155,0.01783677797898975,1.0,7.76500006548134,0.9404879951907695,0.99350999333163,0.991111556192751,0.999831519253778,7.76500006548134
0.1555,0.017818444645656413,1.0,7.764512642481783,0.9410016410193615,0.9922614697571343,0.9910786237403928,0.999760460598721,7.764512642481783
0.156,0.01780011131232308,1.0,7.763905457885704,0.9415108475077778,0.9910130798816397,0.9910454332141992,0.9996769410671449,7.763905457885704
0.1565,0.01778177797898975,1.0,7.763176429207731,0.942015653339041,0.9897648260454887,0.9910119841508386,0.9995809648564836,7.763176429207731
0.157,0.017763444645656414,1.0,7.762323477193464,0.9425160971961736,0.9885167105890237,0.9909782760854543,0.999472536257215,7.762323477193464
0.1575,0.01774511131232308,1.0,7.761344525985659,0.9430122177621979,0.9872687358525871,0.9909443085518905,0.9993516596528352,7.761344525985659
0.158,0.017726777978989746,1.0,7.760237503291769,0.9435040537201362,0.9860209041765214,0.9909100810829163,0.999218339519832,7.760237503291769
0.1585,0.017708444645656414,1.0,7.759000340557375,0.943991643753011,0.9847732179011691,0.9908755932104527,0.9990725804276589,7.759000340557375
0.159,0.01769011131232308,1.0,7.7576309731387445,0.9444750265438447,0.9835256793668725,0.9908408444657983,0.9989143870387076,7.7576309731387445
0.1595,0.017671777978989747,1.0,7.75612734048236,0.9449542407756598,0.982278290913974,0.9908058343798574,0.998743764108281,7.75612734048236
0.16,0.017653444645656415,1.0,7.7544873863023955,0.9454293251314785,0.9810310548828161,0.9907705624833658,0.998560716484565,7.7544873863023955
0.1605,0.01763511131232308,1.0,7.752713144414083,0.9459002771648682,0.9797839690498938,0.9907350268459941,0.9983652483704974,7.752713144414083
0.161,0.017616777978989747,1.0,7.750810262695688,0.946367160300397,0.9785370271570708,0.990699227407199,0.9981573631869748,7.750810262695688
0.1615,0.017598444645656415,1.0,7.748778175062748,0.9468300327346619,0.9772902298898595,0.9906631642300883,0.9979370653661783,7.748778175062748
0.162,0.01758011131232308,1.0,7.746616844347447,0.9472889256327706,0.9760435773466892,0.9906268365136628,0.9977043592546238,7.746616844347447
0.1625,0.017561777978989748,1.0,7.744326236678523,0.9477438701598301,0.9747970696259894,0.9905902434532142,0.9974592492022512,7.744326236678523
0.163,0.017543444645656416,1.0,7.741906321486103,0.9481948974809479,0.9735507068261897,0.9905533842404651,0.9972017395624233,7.741906321486103
0.1635,0.01752511131232308,1.0,7.739357071511188,0.9486420387612312,0.9723044890457193,0.9905162580637074,0.9969318346919253,7.739357071511188
0.164,0.017506777978989748,1.0,7.7366784628123915,0.9490853251657876,0.9710584163830077,0.9904788641079424,0.9966495389509625,7.7366784628123915
0.1645,0.017488444645656413,1.0,7.733870474772788,0.9495247878597243,0.9698124889364843,0.990441201555022,0.9963548567031605,7.733870474772788
0.165,0.01747011131232308,1.0,7.730933090108045,0.9499604580081488,0.9685667068045786,0.990403269583789,0.9960477923155627,7.730933090108045
0.1655,0.017451777978989745,1.0,7.72786629487328,0.9503923667761681,0.9673210700857199,0.9903650673702202,0.9957283501586303,7.72786629487328
0.166,0.017433444645656413,1.0,7.724670078470883,0.95082054532889,0.9660755788783377,0.9903265940875686,0.9953965346062404,7.724670078470883
0.1665,0.01741511131232308,1.0,7.721344433657486,0.9512450248314216,0.9648302332808615,0.9902878489065061,0.9950523500356855,7.721344433657486
0.167,0.017396777978989746,1.0,7.717889356551594,0.9516658364488703,0.9635850333917205,0.9902488309952694,0.9946958008276716,7.717889356551594
0.1675,0.017378444645656414,1.0,7.7143048466412925,0.9520830113463433,0.9623399793093443,0.9902095395198035,0.9943268913663176,7.7143048466412925
0.168,0.01736011131232308,1.0,7.710590906791046,0.9524965806889483,0.9610950711321624,0.9901699736439091,0.993945626039154,7.710590906791046
0.1685,0.017341777978989746,1.0,7.706747543249218,0.9529065756417923,0.9598503089586041,0.9901301325293879,0.9935520092371218,7.706747543249218
0.169,0.017323444645656414,1.0,7.702774765656659,0.9533130273699829,0.9586056928870987,0.9900900153361913,0.9931460453545713,7.702774765656659
0.1695,0.017305111312323082,1.0,7.698672587051911,0.9537159670386273,0.957361223016076,0.9900496212225681,0.9927277387892608,7.698672587051911
0.17,0.017286777978989747,1.0,7.694441023880666,0.9541154258128329,0.956116899443965,0.9900089493452149,0.9922970939423557,7.694441023880666
0.1705,0.01726844464565641,1.0,7.690080096002559,0.9545114348577071,0.9548727222691954,0.9899679988594254,0.9918541152184273,7.690080096002559
0.171,0.01725011131232308,1.0,7.6855898266984015,0.9549040253383572,0.9536286915901965,0.9899267689192435,0.9913988070254516,7.6855898266984015
0.1715,0.017231777978989747,1.0,7.6809702426772235,0.9552932284198905,0.9523848075053978,0.9898852586776131,0.9909311737748079,7.6809702426772235
0.17200000000000001,0.01721344464565641,1.0,7.6762213740847685,0.9556790752674145,0.9511410701132287,0.9898434672865337,0.9904512198812783,7.6762213740847685
0.17250000000000001,0.01719511131232308,1.0,7.671343254510547,0.9560615970460364,0.9498974795121186,0.9898013938972142,0.9899589497630457,7.671343254510547
0.17300000000000001,0.017176777978989748,1.0,7.666335754579703,0.9564407883353065,0.948654035987434,0.9897590364277424,0.9894543679184811,7.666335754579703
0.17350000000000002,0.017158444645656412,1.0,7.661199353440643,0.9568167075054922,0.947410739144884,0.9897163949185424,0.9889374785708502,7.661199353440643
0.17400000000000002,0.01714011131232308,1.0,7.655934205990879,0.9571893971967005,0.9461675889578908,0.9896734689020128,0.9884082860855736,7.655934205990879
0.17450000000000002,0.017121777978989748,1.0,7.650540335302493,0.9575588825172053,0.9449245855518245,0.989630257321683,0.9878667948934468,7.650540335302493
0.17500000000000002,0.017103444645656413,1.0,7.645017767943539,0.9579251885752803,0.9436817290520552,0.9895867591179784,0.9873130094297355,7.645017767943539
0.17550000000000002,0.01708511131232308,1.0,7.6393665339883015,0.9582883404791992,0.9424390195839532,0.9895429732283255,0.9867469341341739,7.6393665339883015
0.176,0.01706677797898975,1.0,7.633586667025239,0.9586483633372358,0.9411964572728886,0.989498898587256,0.9861685734509631,7.633586667025239
0.1765,0.017048444645656413,1.0,7.627678204167665,0.959005282257664,0.9399540422442316,0.9894545341265137,0.98557793182877,7.627678204167665
0.177,0.01703011131232308,1.0,7.621641186063511,0.9593591223487573,0.9387117746233523,0.9894098787751616,0.9849750137207249,7.621641186063511
0.1775,0.01701177797898975,1.0,7.61547565690329,0.9597099087187897,0.937469654535621,0.9893649314596894,0.9843598235844216,7.61547565690329
0.178,0.016993444645656414,1.0,7.609181664431329,0.9600576664760349,0.9362276821064078,0.9893196911041233,0.9837323658819145,7.609181664431329
0.1785,0.01697511131232308,1.0,7.602759259955032,0.9604024207287665,0.934985857461083,0.9892741566301354,0.9830926450797175,7.602759259955032
0.179,0.016956777978989746,1.0,7.596208498353284,0.9607441965852584,0.9337441807250165,0.989228326957155,0.982440665648803,7.596208498353284
0.1795,0.016938444645656414,1.0,7.589529438087716,0.9610830191537845,0.9325026520235787,0.9891822010024807,0.9817764320645996,7.589529438087716
0.18,0.01692011131232308,1.0,7.582722141210618,0.9614189135426182,0.9312612714821399,0.989135777681393,0.9810999488069917,7.582722141210618
0.1805,0.016901777978989747,1.0,7.575786673376309,0.9617519048600336,0.9300200392260699,0.9890890559072697,0.9804112203603168,7.575786673376309
0.181,0.016883444645656415,1.0,7.568723103849076,0.9620820182143043,0.9287789553807392,0.9890420345916997,0.9797102512133651,7.568723103849076
0.1815,0.01686511131232308,1.0,7.561531505513722,0.9624092787137041,0.9275380200715176,0.9889947126445999,0.9789970458593769,7.561531505513722
0.182,0.016846777978989747,1.0,7.554211954885189,0.9627337114665067,0.9262972334237758,0.9889470889743328,0.9782716087960425,7.554211954885189
0.1825,0.016828444645656415,1.0,7.546764532117665,0.9630553415809859,0.9250565955628836,0.9888991624878252,0.9775339445254991,7.546764532117665
0.183,0.01681011131232308,1.0,7.539189321014534,0.9633741941654155,0.9238161066142112,0.9888509320906869,0.9767840575543311,7.539189321014534
0.1835,0.016791777978989748,1.0,7.531486409038439,0.9636902943280693,0.9225757667031289,0.9888023966873328,0.9760219523935667,7.531486409038439
0.184,0.016773444645656416,1.0,7.5236558873202055,0.9640036671772209,0.9213355759550068,0.9887535551811041,0.9752476335586779,7.5236558873202055
0.1845,0.01675511131232308,1.0,7.5156978506683965,0.9643143378211442,0.9200955344952152,0.9887044064743915,0.9744611055695787,7.5156978506683965
0.185,0.016736777978989748,1.0,7.507612397580551,0.9646223313681128,0.9188556424491241,0.9886549494687595,0.9736623729506224,7.507612397580551
0.1855,0.016718444645656413,1.0,7.499399215340043,0.9649276407041657,0.9176159004133393,0.9886051818845283,0.9728514405411807,7.499399215340043
0.186,0.01670011131232308,1.0,7.49105869979408,0.9652303186261453,0.9163763081845283,0.9885551036300486,0.972028312668604,7.49105869979408
0.1865,0.016681777978989745,1.0,7.482591006280335,0.9655303961222403,0.9151368658363312,0.988504713821976,0.9711929938396766,7.482591006280335
0.187,0.016663444645656413,1.0,7.473996162440256,0.9658278934210163,0.9138975735917948,0.9884540111807706,0.9703454886664784,7.473996162440256
0.1875,0.01664511131232308,1.0,7.4652741998558625,0.9661228307510384,0.9126584316739657,0.988402994423804,0.9694858017693947,7.4652741998558625
0.188,0.016626777978989746,1.0,7.45642515406684,0.9664152283408721,0.9114194403058908,0.9883516622654436,0.9686139377771135,7.45642515406684
0.1885,0.016608444645656414,1.0,7.447449064589863,0.9667051064190828,0.9101805997106169,0.9883000134171355,0.9677299013266223,7.447449064589863
0.189,0.01659011131232308,1.0,7.4383459749333705,0.9669924852142359,0.9089419101111909,0.9882480465874933,0.9668336970632062,7.4383459749333705
0.1895,0.016571777978989746,1.0,7.429115932616721,0.9672773849548966,0.9077033717306593,0.9881957604823822,0.9659253296404445,7.429115932616721
0.19,0.016553444645656414,1.0,7.419758989187511,0.9675598258696303,0.906464984792069,0.9881431538050088,0.9650048037202085,7.419758989187511
0.1905,0.016535111312323082,1.0,7.410275200237777,0.9678398281870024,0.9052267495184669,0.9880902252560094,0.9640721239726584,7.410275200237777
0.191,0.016516777978989747,1.0,7.400664625422501,0.9681174121355783,0.9039886661328999,0.9880369735335403,0.963127295076241,7.400664625422501
0.1915,0.016498444645656415,1.0,7.3909273284776305,0.9683925979439235,0.9027507348584144,0.9879833973333682,0.9621703217176863,7.3909273284776305
0.192,0.01648011131232308,1.0,7.381063377235839,0.9686654058406031,0.9015129559180574,0.9879294953489633,0.961201208592006,7.381063377235839
0.1925,0.016461777978989747,1.0,7.371072843646039,0.9689358560541826,0.9002753295348758,0.9878752662715932,0.9602199604024895,7.371072843646039
0.193,0.016443444645656412,1.0,7.3609558037892056,0.9692039688132273,0.8990378559319161,0.9878207087904148,0.9592265818607019,7.3609558037892056
0.1935,0.01642511131232308,1.0,7.350712337897517,0.9694697643463028,0.8978005353322254,0.9877658215925728,0.9582210776864811,7.350712337897517
0.194,0.016406777978989748,1.0,7.340342530370956,0.9697332628819741,0.8965633679588502,0.987710603363294,0.9572034526079352,7.340342530370956
0.1945,0.016388444645656412,1.0,7.329846469794651,0.9699944846488069,0.8953263540348375,0.9876550527859868,0.9561737113614392,7.329846469794651
0.195,0.01637011131232308,1.0,7.319224248958508,0.9702534498753663,0.894089493783234,0.9875991685423389,0.9551318586916335,7.319224248958508
0.1955,0.01635177797898975,1.0,7.308475964872549,0.9705101787902178,0.8928527874270865,0.9875429493124183,0.9540778993514195,7.308475964872549
0.196,0.016333444645656413,1.0,7.297601718785669,0.9707646916219269,0.8916162351894418,0.987486393774774,0.9530118381019584,7.297601718785669
0.1965,0.01631511131232308,1.0,7.28660161620411,0.9710170085990587,0.8903798372933467,0.9874295006065386,0.9519336797126674,7.28660161620411
0.197,0.01629677797898975,1.0,7.275475766907908,0.9712671499501787,0.8891435939618479,0.987372268483532,0.9508434289612174,7.275475766907908
0.1975,0.016278444645656413,1.0,7.264224284969307,0.9715151359038522,0.8879075054179923,0.9873146960803661,0.9497410906335303,7.264224284969307
0.198,0.01626011131232308,1.0,7.252846383717672,0.971760934982323,0.8866715729300688,0.9872567799860171,0.9486266704714211,7.252846383717672
0.1985,0.016241777978989746,1.0,7.241343041077725,0.9720046190962278,0.885435795735146,0.9871985209420803,0.9475001724046432,7.241343041077725
0.199,0.016223444645656414,1.0,7.22971446033344,0.9722462151314398,0.8842001739682673,0.9871399178933264,0.9463616011640819,7.22971446033344
0.1995,0.01620511131232308,1.0,7.21796065794091,0.9724857388997088,0.8829647079855314,0.9870809693360783,0.9452109616923523,7.21796065794091
0.2,0.016186777978989746,1.0,7.206081655115363,0.9727232062127845,0.8817293981430373,0.9870216737629947,0.9440482589455672,7.206081655115363
0.2005,0.016168444645656414,1.0,7.194077477859373,0.9729586328824169,0.8804942447968835,0.9869620296631365,0.9428734978933312,7.194077477859373
0.201,0.01615011131232308,1.0,7.181948156991614,0.9731920347203558,0.8792592483031689,0.9869020355220345,0.9416866835187367,7.181948156991614
0.2015,0.016131777978989747,1.0,7.169693728175917,0.9734234275383511,0.8780244090179924,0.9868416898217561,0.9404878208183599,7.169693728175917
0.202,0.016113444645656415,1.0,7.157314231950262,0.9736528271481526,0.8767897272974525,0.9867809910409756,0.9392769148022555,7.157314231950262
0.2025,0.01609511131232308,1.0,7.144809713754734,0.9738802493615103,0.8755552034976483,0.9867199376550437,0.938053970493953,7.144809713754734
0.203,0.016076777978989747,1.0,7.132180223962588,0.9741057099901739,0.8743208379746783,0.9866585281360584,0.9368189929304518,7.132180223962588
0.20350000000000001,0.016058444645656415,1.0,7.119425817907215,0.9743292248458933,0.8730866310846414,0.9865967609529378,0.9355719871622163,7.119425817907215
0.20400000000000001,0.01604011131232308,1.0,7.106546555912322,0.9745508097404184,0.8718525831836362,0.9865346345714924,0.9343129582531725,7.106546555912322
0.20450000000000002,0.016021777978989744,1.0,7.093542503321463,0.9747704804854991,0.8706186946277618,0.9864721474544988,0.9330419112807026,7.093542503321463
0.20500000000000002,0.016003444645656412,1.0,7.080413730526833,0.9749882528928852,0.8693849657731167,0.9864092980617771,0.9317588513356405,7.080413730526833
0.20550000000000002,0.01598511131232308,1.0,7.067160312998521,0.9752041427743264,0.8681513969757998,0.9863460848502636,0.9304637835222674,7.067160312998521
0.20600000000000002,0.015966777978989745,1.0,7.053782331313942,0.9754181659415728,0.8669179885919098,0.9862825062740913,0.9291567129583078,7.053782331313942
0.20650000000000002,0.015948444645656413,1.0,7.040279871188239,0.9756303382063743,0.8656847409775456,0.986218560784666,0.9278376447749239,7.040279871188239
0.20700000000000002,0.01593011131232308,1.0,7.026653023502421,0.9758406753804806,0.8644516544888058,0.9861542468307462,0.9265065841167117,7.026653023502421
0.20750000000000002,0.015911777978989745,1.0,7.0129018843339015,0.9760491932756415,0.8632187294817892,0.9860895628585247,0.9251635361416962,7.0129018843339015
0.20800000000000002,0.015893444645656413,1.0,6.999026554986384,0.976255907703607,0.8619859663125947,0.9860245073117084,0.923808506021327,6.999026554986384
0.2085,0.01587511131232308,1.0,6.985027142018509,0.9764608344761271,0.8607533653373212,0.9859590786316019,0.9224414989404738,6.985027142018509
0.209,0.015856777978989746,1.0,6.970903757274983,0.9766639894049512,0.859520926912067,0.9858932752571913,0.9210625200974207,6.970903757274983
0.2095,0.015838444645656414,1.0,6.95665651791576,0.9768653883018297,0.8582886513929313,0.9858270956252283,0.9196715747038634,6.95665651791576
0.21,0.015820111312323082,1.0,6.942285546445789,0.977065046978512,0.8570565391360127,0.9857605381703173,0.9182686679849028,6.942285546445789
0.2105,0.015801777978989746,1.0,6.927790970745337,0.9772629812467484,0.85582459049741,0.985693601325001,0.9168538051790419,6.927790970745337
0.211,0.015783444645656414,1.0,6.913172924100667,0.9774592069182884,0.854592805833222,0.9856262835198504,0.9154269915381796,6.913172924100667
0.2115,0.015765111312323082,1.0,6.898431545232985,0.9776537398048819,0.8533611854995473,0.9855585831835532,0.9139882323276073,6.898431545232985
0.212,0.015746777978989747,1.0,6.8835669783291555,0.977846595718279,0.8521297298524849,0.9854904987430037,0.9125375328260037,6.8835669783291555
0.2125,0.015728444645656415,1.0,6.868579373072777,0.9780377904702293,0.8508984392481336,0.9854220286233961,0.91107489832543,6.868579373072777
0.213,0.01571011131232308,1.0,6.853468884672928,0.9782273398724829,0.849667314042592,0.9853531712483163,0.9096003341313253,6.853468884672928
0.2135,0.015691777978989747,1.0,6.8382341346193165,0.9784152143929872,0.8484363564227625,0.9852839230059278,0.9081138477823685,6.8382341346193165
0.214,0.015673444645656412,1.0,6.822876761082503,0.9786014778745102,0.847205564998385,0.9852142844660627,0.9066154425301489,6.822876761082503
0.2145,0.01565511131232308,1.0,6.807396860478258,0.9787861451239824,0.8459749402159714,0.9851442540074175,0.9051051238341057,6.807396860478258
0.215,0.015636777978989748,1.0,6.791794447233503,0.9789692282387015,0.8447444826270446,0.98507382988327,0.9035828973010238,6.791794447233503
0.2155,0.015618444645656414,1.0,6.7760695422220225,0.9791507393159646,0.8435141927831274,0.985003010342819,0.9020487685587352,6.7760695422220225
0.216,0.01560011131232308,1.0,6.760222172812305,0.9793306904530695,0.8422840712357428,0.9849317936312406,0.900502743256111,6.760222172812305
0.2165,0.015581777978989747,1.0,6.744252372915927,0.9795090937473134,0.8410541185364133,0.9848601779897488,0.8989448270630538,6.744252372915927
0.217,0.015563444645656413,1.0,6.728160183034432,0.979685961295994,0.8398243352366621,0.9847881616556534,0.8973750256704912,6.728160183034432
0.2175,0.015545111312323081,1.0,6.711945650308811,0.9798613051964085,0.8385947218880119,0.9847157428624229,0.8957933447903671,6.711945650308811
0.218,0.015526777978989747,1.0,6.695608828566701,0.9800351375458546,0.8373652790419855,0.9846429198397445,0.8941997901556351,6.695608828566701
0.2185,0.015508444645656413,1.0,6.679149778372176,0.9802074704416295,0.8361360072501057,0.9845696908135889,0.8925943675202503,6.679149778372176
0.219,0.01549011131232308,1.0,6.66256856707307,0.980378315981031,0.8349069070638955,0.9844960540062715,0.890977082659163,6.66256856707307
0.2195,0.015471777978989748,1.0,6.645865268851171,0.9805476862613562,0.8336779790348775,0.9844220076365198,0.8893479413683094,6.645865268851171
0.22,0.015453444645656414,1.0,6.6290399647698655,0.9807155933799029,0.8324492237145747,0.9843475499195363,0.8877069494646055,6.6290399647698655
0.2205,0.01543511131232308,1.0,6.612092742824453,0.9808820494339683,0.8312206416545099,0.9842726790670678,0.8860541127859386,6.612092742824453
0.221,0.015416777978989746,1.0,6.5950236979906816,0.98104706652085,0.8299922334062061,0.984197393287471,0.8843894371911604,6.5950236979906816
0.2215,0.015398444645656413,1.0,6.577832932274899,0.9812106567378455,0.8287639995211857,0.9841216907857832,0.8827129285600781,6.577832932274899
0.222,0.01538011131232308,1.0,6.560520554762799,0.9813728321822521,0.827535940550972,0.9840455697637891,0.8810245927934486,6.560520554762799
0.2225,0.015361777978989747,1.0,6.543086681669888,0.9815336049513673,0.8263080570470877,0.983969028420095,0.8793244358129689,6.543086681669888
0.223,0.015343444645656413,1.0,6.5255314363915256,0.9816929871424888,0.8250803495610554,0.9838920649501981,0.8776124635612697,6.5255314363915256
0.2235,0.01532511131232308,1.0,6.507854949552137,0.9818509908529137,0.8238528186443982,0.9838146775465598,0.875888682001907,6.507854949552137
0.224,0.015306777978989747,1.0,6.490057359056744,0.9820076281799397,0.8226254648486387,0.9837368643986805,0.8741530971193541,6.490057359056744
0.2245,0.015288444645656414,1.0,6.472138810140006,0.9821629112208643,0.8213982887253001,0.9836586236931729,0.8724057149189949,6.472138810140006
0.225,0.01527011131232308,1.0,6.454099455417865,0.9823168520729847,0.8201712908259049,0.9835799536138393,0.870646541427115,6.454099455417865
0.2255,0.015251777978989746,1.0,6.435939454937875,0.9824694628335986,0.8189444717019762,0.9835008523417482,0.8688755826908939,6.435939454937875
0.226,0.015233444645656414,1.0,6.417658976230196,0.9826207556000034,0.8177178319050366,0.983421318055312,0.867092844778398,6.417658976230196
0.2265,0.01521511131232308,1.0,6.399258194358133,0.9827707424694966,0.8164913719866089,0.9833413489303666,0.8652983337785715,6.399258194358133
0.227,0.015196777978989747,1.0,6.380737291970027,0.9829194355393756,0.8152650924982162,0.9832609431402515,0.8634920558012296,6.380737291970027
0.2275,0.015178444645656413,1.0,6.362096459350117,0.9830668469069378,0.8140389939913812,0.9831800988558915,0.8616740169770498,6.362096459350117
0.228,0.01516011131232308,1.0,6.343335894470544,0.9832129886694807,0.8128130770176268,0.9830988142458784,0.8598442234575644,6.343335894470544
0.2285,0.015141777978989747,1.0,6.324455663281458,0.9833578706948418,0.8115873423013268,0.9830170873680951,0.8580026816756904,6.324455663281458
0.229,0.015123444645656414,1.0,6.305453910921995,0.9835014733634804,0.8103617929567039,0.9829349148427902,0.8561494017176158,6.305453910921995
0.2295,0.01510511131232308,1.0,6.286333115052064,0.9836438465377049,0.809136426748791,0.9828522966738944,0.8542843856231216,6.286333115052064
0.23,0.015086777978989746,1.0,6.2670932700307365,0.9837849994729491,0.8079112445207982,0.9827692308893653,0.8524076400738057,6.2670932700307365
0.2305,0.015068444645656414,1.0,6.247734379613747,0.9839249414246471,0.8066862471159351,0.9826857155128077,0.8505191717835147,6.247734379613747
0.231,0.01505011131232308,1.0,6.2282564570332966,0.9840636816482328,0.8054614353774115,0.9826017485635307,0.8486189874983319,6.2282564570332966
0.2315,0.015031777978989747,1.0,6.20865952507973,0.98420122939914,0.8042368101484373,0.9825173280566036,0.8467070939965641,6.20865952507973
0.232,0.015013444645656413,1.0,6.188943616181597,0.9843375939328026,0.8030123722722222,0.9824324520029147,0.8447834980887298,6.188943616181597
0.2325,0.014995111312323079,1.0,6.169108772487692,0.9844727845046547,0.8017881225919762,0.9823471184092283,0.8428482066175461,6.169108772487692
0.233,0.014976777978989747,1.0,6.14915504594917,0.9846068103701301,0.8005640619509088,0.9822613252782466,0.8409012264579162,6.14915504594917
0.2335,0.014958444645656413,1.0,6.129082498400716,0.9847396807846626,0.7993401911922301,0.9821750706086689,0.838942564516917,6.129082498400716
0.234,0.01494011131232308,1.0,6.108891201644337,0.9848714050036863,0.7981165111591498,0.9820883523952528,0.8369722277337853,6.108891201644337
0.23450000000000001,0.014921777978989746,1.0,6.088581237531369,0.985001992282635,0.7968930226948778,0.9820011686288785,0.8349902230799063,6.088581237531369
0.23500000000000001,0.014903444645656414,1.0,6.068152698046528,0.9851314518769426,0.7956697266426238,0.9819135172966101,0.8329965575587996,6.068152698046528
0.23550000000000001,0.01488511131232308,1.0,6.047605685390832,0.9852597930420431,0.7944466238455976,0.9818253963817614,0.8309912382061071,6.047605685390832
0.23600000000000002,0.014866777978989746,1.0,6.0269403120662135,0.9853870250333705,0.7932237151470092,0.9817368038639606,0.8289742720895792,6.0269403120662135
0.23650000000000002,0.014848444645656413,1.0,6.006156700959734,0.9855131571063585,0.7920010013900682,0.9816477377192172,0.8269456663090624,6.006156700959734
0.23700000000000002,0.01483011131232308,1.0,5.985254985428455,0.9856381985164411,0.7907784834179845,0.9815581959199888,0.8249054279964857,5.985254985428455
0.23750000000000002,0.014811777978989747,1.0,5.96423530938412,0.9857621585190521,0.789556162073968,0.9814681764352502,0.8228535643158479,5.96423530938412
0.23800000000000002,0.014793444645656413,1.0,5.943097827379499,0.9858850463696257,0.7883340382012283,0.981377677230562,0.8207900824632036,5.943097827379499
0.23850000000000002,0.01477511131232308,1.0,5.921842704693529,0.9860068713235955,0.7871121126429753,0.9812866962681408,0.818714989666651,5.921842704693529
0.23900000000000002,0.014756777978989746,1.0,5.900470117417835,0.9861276426363956,0.7858903862424189,0.9811952315069312,0.8166282931863178,5.900470117417835
0.23950000000000002,0.014738444645656414,1.0,5.878980252543622,0.9862473695634599,0.7846688598427689,0.9811032809026781,0.8145300003143476,5.878980252543622
0.24,0.01472011131232308,1.0,5.8573733080479204,0.9863660613602223,0.7834475342872351,0.9810108424079996,0.8124201183748871,5.8573733080479204
0.2405,0.014701777978989748,1.0,5.835649492981854,0.9864837272821168,0.7822264104190273,0.9809179139724623,0.8102986547240723,5.835649492981854
0.241,0.014683444645656414,1.0,5.813809027557622,0.986600376584577,0.7810054890813551,0.9808244935426554,0.8081656167500142,5.813809027557622
0.2415,0.01466511131232308,1.0,5.791852143236769,0.9867160185230371,0.7797847711174287,0.9807305790622686,0.806021011872787,5.791852143236769
0.242,0.014646777978989747,1.0,5.76977908281918,0.9868306623529309,0.7785642573704576,0.9806361684721682,0.8038648475444123,5.76977908281918
0.2425,0.014628444645656415,1.0,5.74759010053099,0.9869443173296925,0.7773439486836519,0.9805412597104773,0.801697131248847,5.74759010053099
0.243,0.014610111312323081,1.0,5.725285462114229,0.9870569927087555,0.7761238459002212,0.9804458507126549,0.7995178705019684,5.725285462114229
0.2435,0.014591777978989747,1.0,5.702865444916733,0.9871686977455539,0.7749039498633753,0.9803499394115758,0.7973270728515606,5.702865444916733
0.244,0.014573444645656413,1.0,5.68032922779636,0.9872794330390132,0.7736842628651144,0.980253523317556,0.7951247485003734,5.68032922779636
0.2445,0.014555111312323081,1.0,5.657673298811644,0.9873891777981532,0.7724647907429527,0.9801565988849346,0.7929109141934068,5.657673298811644
0.245,0.014536777978989748,1.0,5.634903705608577,0.98749798643196,0.771245526864977,0.9800591662314417,0.7906855640828723,5.634903705608577
0.2455,0.014518444645656414,1.0,5.612020348337205,0.9876058657831737,0.7700264726257914,0.9799612231787596,0.7884487068282564,5.612020348337205
0.246,0.01450011131232308,1.0,5.589023142585937,0.9877128226945343,0.7688076294199997,0.9798627675444789,0.7862003511423992,5.589023142585937
0.2465,0.014481777978989746,1.0,5.565912019532986,0.9878188640087822,0.7675889986422058,0.9797637971421603,0.7839405057914695,5.565912019532986
0.247,0.014463444645656414,1.0,5.542686926098899,0.9879239965686571,0.7663705816870136,0.9796643097813987,0.7816691795949424,5.542686926098899
0.2475,0.01444511131232308,1.0,5.519347825100359,0.9880282272168994,0.765152379949027,0.9795643032678858,0.7793863814255753,5.519347825100359
0.248,0.014426777978989747,1.0,5.4958946954046395,0.9881315627962491,0.7639343948228497,0.979463775403476,0.7770921202093832,5.4958946954046395
0.2485,0.014408444645656413,1.0,5.472327532085323,0.9882340101494462,0.762716627703086,0.9793627239862518,0.7747864049256165,5.472327532085323
0.249,0.014390111312323081,1.0,5.448646346579219,0.988335576119231,0.7614990799843395,0.9792611468105912,0.772469244606734,5.448646346579219
0.2495,0.014371777978989747,1.0,5.424851166843199,0.9884362675483432,0.7602817530612141,0.9791590416672341,0.7701406483383811,5.424851166843199
0.25,0.014353444645656414,1.0,5.400942037513746,0.9885360912795232,0.759064648328314,0.9790564063433527,0.767800625259364,5.400942037513746
0.2505,0.01433511131232308,1.0,5.376919020066514,0.9886350541555111,0.7578477671802426,0.9789532386226195,0.765449184561624,5.376919020066514
0.251,0.014316777978989746,1.0,5.3527821929760195,0.9887331630190469,0.7566311110116042,0.9788495362852805,0.7630863354902155,5.3527821929760195
0.2515,0.014298444645656414,1.0,5.328531651878725,0.9888304247128707,0.7554146812170025,0.978745297108224,0.760712087343278,5.328531651878725
0.252,0.01428011131232308,1.0,5.304167509734472,0.9889268460797226,0.7541984791910414,0.9786405188650548,0.7583264494720124,5.304167509734472
0.2525,0.014261777978989747,1.0,5.279689896990956,0.9890224339623426,0.752982506328325,0.9785351993261682,0.7559294312806559,5.279689896990956
0.253,0.014243444645656413,1.0,5.255098961748225,0.9891171952034709,0.7517667640234569,0.9784293362588233,0.7535210422264554,5.255098961748225
0.2535,0.014225111312323081,1.0,5.230394869924031,0.9892111366458475,0.7505512536710411,0.9783229274272205,0.7511012918196429,5.230394869924031
0.254,0.014206777978989747,1.0,5.205577805420858,0.9893042651322126,0.7493359766656817,0.9782159705925766,0.7486701896234094,5.205577805420858
0.2545,0.014188444645656413,1.0,5.18064797029372,0.9893965875053061,0.7481209344019824,0.9781084635132031,0.7462277452538781,5.18064797029372
0.255,0.01417011131232308,1.0,5.155605584918507,0.9894881106078683,0.7469061282745469,0.9780004039445851,0.7437739683800797,5.155605584918507
0.2555,0.014151777978989746,1.0,5.130450888161792,0.9895788412826393,0.7456915596779795,0.9778917896394611,0.7413088687239253,5.130450888161792
0.256,0.014133444645656414,1.0,5.105184137551967,0.989668786372359,0.7444772300068839,0.9777826183479038,0.7388324560601804,5.105184137551967
0.2565,0.01411511131232308,1.0,5.079805609450278,0.9897579527197676,0.743263140655864,0.9776728878174017,0.7363447402164373,5.079805609450278
0.257,0.014096777978989746,1.0,5.054315599224069,0.9898463471676052,0.7420492930195236,0.9775625957929418,0.7338457310730897,5.054315599224069
0.2575,0.014078444645656413,1.0,5.028714421420163,0.9899339765586118,0.7408356884924668,0.9774517400170943,0.7313354385633053,5.028714421420163
0.258,0.01406011131232308,1.0,5.003002409940198,0.9900208477355276,0.7396223284692973,0.9773403182300976,0.728813872672998,5.003002409940198
0.2585,0.014041777978989747,1.0,4.977179918215264,0.9901069675410926,0.7384092143446191,0.9772283281699436,0.7262810434408024,4.977179918215264
0.259,0.014023444645656413,1.0,4.951247319383918,0.9901923428180469,0.7371963475130362,0.9771157675724658,0.7237369609580446,4.951247319383918
0.2595,0.01400511131232308,1.0,4.925205006469006,0.9902769804091307,0.7359837293691524,0.9770026341714264,0.721181635368716,4.925205006469006
0.26,0.013986777978989747,1.0,4.899053392557179,0.9903608871570839,0.7347713613075714,0.9768889256986065,0.7186150768694446,4.899053392557179
0.2605,0.013968444645656414,1.0,4.87279291097756,0.9904440699046468,0.7335592447228974,0.9767746398838973,0.7160372957094684,4.87279291097756
0.261,0.01395011131232308,1.0,4.846424015483771,0.9905265354945594,0.7323473810097341,0.9766597744553895,0.7134483021906062,4.846424015483771
0.2615,0.013931777978989746,1.0,4.819947180434871,0.9906082907695617,0.7311357715626854,0.9765443271394675,0.7108481066672301,4.819947180434871
0.262,0.013913444645656413,1.0,4.793362900978457,0.9906893425723938,0.7299244177763553,0.9764282956609024,0.7082367195462373,4.793362900978457
0.2625,0.01389511131232308,1.0,4.766671693234212,0.9907696977457959,0.7287133210453477,0.9763116777429476,0.7056141512870217,4.766671693234212
0.263,0.013876777978989747,1.0,4.73987371033143,0.9908493626216693,0.7275024833130634,0.9761944711250552,0.7029804135978109,4.73987371033143
0.2635,0.013858444645656413,1.0,4.712967042906845,0.9909283404587904,0.7262919095146321,0.9760766736205055,0.7003355248114146,4.712967042906845
0.264,0.01384011131232308,1.0,4.685951712968644,0.9910066366477939,0.725081601881938,0.9759582829264322,0.6976794975047951,4.685951712968644
0.2645,0.013821777978989747,1.0,4.658828136070356,0.9910842570750855,0.7238715621212871,0.9758392967217985,0.6950123431786472,4.658828136070356
0.265,0.013803444645656414,0.0,4.63158710672755,0.9890303625159134,0.7226618058793403,0.9755560230002004,0.692334104327565,4.63158710672755
0.2655,0.01378511131232308,0.0,4.603311668370979,0.9696580569864653,0.721453664856623,0.9738656361564686,0.6896477567127739,4.603311668370979
0.266,0.013766777978989746,0.0,4.573571195277394,0.9506651977495132,0.7202477802260268,0.9720619867445082,0.6869547821261384,4.573571195277394
0.2665,0.013748444645656412,0.0,4.542544413323744,0.9320444792658416,0.7190439132172355,0.9701379649009568,0.6842547091988628,4.542544413323744
0.267,0.01373011131232308,0.0,4.510421725801066,0.9137883700318586,0.7178418056922931,0.9680860391935456,0.6815470135400572,4.510421725801066
0.2675,0.013711777978989747,0.0,4.477311002902159,0.8958897213100889,0.7166413179240396,0.965898319711863,0.6788314291686992,4.477311002902159
0.268,0.013693444645656413,0.0,4.443269689865476,0.8783417182599319,0.7154423831537876,0.9635665510383861,0.6761078507792166,4.443269689865476
0.2685,0.013675111312323079,0.0,4.408354924912635,0.861137546040787,0.7142449346228493,0.9610820604823467,0.6733761704452014,4.408354924912635
0.269,0.013656777978989747,0.0,4.372623486813658,0.8442703898120536,0.7130489055725371,0.9584357460738154,0.670636277627525,4.372623486813658
0.2695,0.013638444645656413,0.0,4.336110645625411,0.8277336657451652,0.7118542607586869,0.9556181089771161,0.6678881318283088,4.336110645625411
0.27,0.01362011131232308,0.0,4.298837245904334,0.8115206544208511,0.7106609864353528,0.952619193845304,0.6651317409177476,4.298837245904334
0.2705,0.013601777978989746,0.0,4.260799051707461,0.795625197391024,0.7094691068503294,0.949428711196034,0.6623672005026187,4.260799051707461
0.271,0.013583444645656414,0.0,4.221990432491044,0.780041177577309,0.708278649247711,0.9460359624667601,0.6595946140610399,4.221990432491044
0.2715,0.01356511131232308,0.0,4.182406397406576,0.7647624779013312,0.7070896408715921,0.9424298361488899,0.6568140860610685,4.182406397406576
0.272,0.013546777978989746,0.0,4.142039249548022,0.7497830943819807,0.705902114110052,0.9385988426409,0.6540257340602524,4.142039249548022
0.2725,0.013528444645656413,0.0,4.100876393815703,0.7350969934818761,0.7047161100223929,0.9345310980238499,0.6512296972787697,4.100876393815703
0.273,0.013510111312323079,0.0,4.058896631018808,0.7206984734670531,0.7035316843225876,0.9302144415189004,0.6484261511975926,4.058896631018808
0.2735,0.013491777978989747,0.0,4.016075349893673,0.7065820368299289,0.7023488997614883,0.92563645144084,0.6456152901072139,4.016075349893673
0.274,0.013473444645656413,0.0,3.97238920628161,0.6927421860629213,0.7011678190899471,0.9207844283918071,0.6427973106101657,3.97238920628161
0.2745,0.01345511131232308,0.0,3.927815906742539,0.6791734436050342,0.6999885054835343,0.9156454395706656,0.6399724126319867,3.927815906742539
0.275,0.013436777978989746,0.0,3.882330754218554,0.6658704864079767,0.6988110280965266,0.9102064194794786,0.637140812814915,3.882330754218554
0.2755,0.013418444645656414,0.0,3.8359088849207286,0.652827950719949,0.6976354587832179,0.9044541601794915,0.6343027368590595,3.8359088849207286
0.276,0.01340011131232308,0.0,3.7885217732020715,0.6400408958506794,0.696461877873948,0.8983755785037104,0.6314584336647597,3.7885217732020715
0.2765,0.013381777978989746,0.0,3.7401427439821116,0.6275043811098954,0.6952903656990567,0.8919576456488038,0.6286081550567415,3.7401427439821116
0.277,0.013363444645656412,0.0,3.690747056971825,0.6152134658073252,0.694121002588884,0.885187470003227,0.6257521557710819,3.690747056971825
0.2775,0.013345111312323079,0.0,3.640311319878217,0.6031633356827883,0.6929538699730738,0.8780524603129588,0.6228906961419518,3.640311319878217
0.278,0.013326777978989747,0.0,3.588811650043984,0.5913491072838784,0.6917890535873312,0.8705403333489367,0.620024050045628,3.588811650043984
0.2785,0.013308444645656413,0.0,3.5362262324684104,0.579766252228547,0.6906266395601264,0.8626394839229913,0.6171524954005602,3.5362262324684104
0.279,0.01329011131232308,0.0,3.4825356731290626,0.5684103302463629,0.68946671401314,0.8543389955649912,0.614276313176812,3.4825356731290626
0.2795,0.013271777978989745,0.0,3.427723103640947,0.5572769010668949,0.6883093630680528,0.8456287265345152,0.6113957873958282,3.427723103640947
0.28,0.013253444645656413,0.0,3.371776220717044,0.5463616119816992,0.6871546695829361,0.836499516399381,0.6085111969449526,3.371776220717044
0.2805,0.01323511131232308,0.0,3.3146814423913296,0.5356600856873653,0.6860027231945682,0.8269432626651543,0.6056228406350923,3.3146814423913296
0.281,0.013216777978989746,0.0,3.2564287128224043,0.5251680034703499,0.6848536125380776,0.8169531335604532,0.6027310178787997,3.2564287128224043
0.28150000000000003,0.013198444645656412,0.0,3.1970203383629894,0.5148814252002801,0.6837074100552741,0.8065240332746034,0.5998359901842301,3.1970203383629894
0.28200000000000003,0.01318011131232308,0.0,3.136461455881736,0.5047964107467835,0.6825641881879674,0.7956524852789376,0.5969380215169433,3.136461455881736
0.28250000000000003,0.013161777978989746,0.0,3.074760143008607,0.49490901997948705,0.6814240193779671,0.7843367857432167,0.5940373782828405,3.074760143008607
0.28300000000000003,0.013143444645656413,0.0,3.0119275310930176,0.4852153127680183,0.6802869760670833,0.7725771497731151,0.591134329310681,3.0119275310930176
0.28350000000000003,0.013125111312323079,0.0,2.9479888091630557,0.47571155111028773,0.6791531109731702,0.7603760789222309,0.5882290952072207,2.9479888091630557
0.28400000000000003,0.013106777978989745,0.0,2.8829530140278865,0.4663937661398968,0.6780225115393138,0.747738035186075,0.5853219876981948,2.8829530140278865
0.28450000000000003,0.013088444645656413,0.0,2.816863884155994,0.4572584243436177,0.6768952078800097,0.734670302182457,0.5824131732363913,2.816863884155994
0.28500000000000003,0.01307011131232308,0.0,2.7497719698492724,0.4483020597808887,0.67577122189509,0.7211827320449768,0.5795027977943881,2.7497719698492724
0.28550000000000003,0.013051777978989746,0.0,2.681730086985791,0.4395212065111483,0.6746505754843866,0.7072877392382939,0.5765910078694366,2.681730086985791
0.28600000000000003,0.013033444645656412,0.0,2.6127933546968873,0.43091239859383484,0.6735332905477315,0.6930003371088975,0.5736779504776324,2.6127933546968873
0.28650000000000003,0.01301511131232308,0.0,2.5430274901697705,0.42247224759356583,0.6724193728808164,0.6783382548224565,0.5707637309448097,2.5430274901697705
0.28700000000000003,0.012996777978989746,0.0,2.472497817510291,0.41419736592434925,0.6713088328508068,0.6633218219654814,0.5678484665524045,2.472497817510291
0.28750000000000003,0.012978444645656412,0.0,2.4012829001294826,0.4060844408442296,0.6702016583911188,0.6479740089439796,0.5649322154881268,2.4012829001294826
0.28800000000000003,0.012960111312323079,0.0,2.329491477724172,0.3981304235343,0.6690977788074517,0.6323206631812928,0.5620148800393514,2.329491477724172
0.2885,0.012941777978989748,0.0,2.2572318756528325,0.39033226517565406,0.667997123405505,0.6163900042966165,0.5590963597319221,2.2572318756528325
0.289,0.012923444645656415,0.0,2.184611885835037,0.382686916949383,0.6668996214909775,0.6002124416440989,0.5561765513485837,2.184611885835037
0.2895,0.012905111312323081,0.0,2.111738650233003,0.37519133003658056,0.6658052023695687,0.5838203546125923,0.5532553489470204,2.111738650233003
0.29,0.012886777978989747,0.0,2.0387360576779066,0.36784260421129195,0.6647137572033195,0.5672481138546152,0.5503325415651417,2.0387360576779066
0.2905,0.012868444645656415,0.0,1.9657184410558515,0.36063769348344,0.6636251936027561,0.5505312548125937,0.5474079584848667,1.9657184410558515
0.291,0.012850111312323081,0.0,1.8928312683840494,0.35357387035758925,0.6625393448342763,0.5337070660841983,0.5444812248604822,1.8928312683840494
0.2915,0.012831777978989748,0.0,1.8202192204926584,0.34664844470862527,0.6614560357540767,0.5168137683155019,0.5415519370906201,1.8202192204926584
0.292,0.012813444645656414,0.0,1.7480220237621502,0.33985872641143344,0.6603750912183539,0.4998900904865636,0.5386196853402343,1.7480220237621502
0.2925,0.01279511131232308,0.0,1.6763742281442404,0.33320202534089927,0.6592963360833045,0.48297490568845514,0.5356840535749576,1.6763742281442404
0.293,0.012776777978989748,0.0,1.605402929459754,0.3266757743113398,0.6582196002903025,0.46610716900182514,0.5327446334971175,1.605402929459754
0.2935,0.012758444645656414,0.0,1.5352602240645132,0.32027724855583856,0.6571446374951839,0.4493248009983704,0.5298008016067646,1.5352602240645132
0.294,0.01274011131232308,0.0,1.4660757245794525,0.3140039711656416,0.6560712377068898,0.4326654440638067,0.5268520258701173,1.4660757245794525
0.2945,0.012721777978989747,0.0,1.397965240702955,0.30785358075539776,0.6549992082733521,0.416165812914088,0.5238978148319445,1.397965240702955
0.295,0.012703444645656415,0.0,1.3310378510995517,0.30182371593975554,0.6539283565425033,0.3998610813522777,0.520937670378509,1.3310378510995517
0.2955,0.012685111312323081,0.0,1.2653957765387436,0.29591201533336375,0.6528584898622753,0.3837845939605982,0.5179710877572001,1.2653957765387436
0.296,0.012666777978989747,0.0,1.2011342722171594,0.29011611755087097,0.6517894155806008,0.36796761289834057,0.5149975555932018,1.2011342722171594
0.2965,0.012648444645656414,0.0,1.1382967693416153,0.2844337894438823,0.6507210715576454,0.3524395591189277,0.5120169205846421,1.1382967693416153
0.297,0.01263011131232308,0.0,1.077021291490626,0.27886265345452166,0.6496531054591407,0.33722672111295093,0.5090282139423039,1.077021291490626
0.2975,0.012611777978989748,0.0,1.0172965455396819,0.2734005925123633,0.6485855848357688,0.32235385271141487,0.5060316352591254,1.0172965455396819
0.298,0.012593444645656414,0.0,0.9590913029211116,0.26804553949856524,0.6475186486917153,0.30784316611771545,0.5030275879195423,0.9590913029211116
0.2985,0.01257511131232308,0.0,0.9023796148232774,0.2627954272942852,0.6464524360311656,0.29371406664353894,0.5000164800468119,0.9023796148232774
0.299,0.012556777978989747,0.0,0.8471408591768945,0.2576481887806811,0.6453870858583051,0.27998312862235647,0.49699872449573956,0.8471408591768945
0.2995,0.012538444645656415,0.0,0.7933591461293296,0.2526017575832772,0.6443227394522867,0.2666641143653749,0.4939747453170963,0.7933591461293296
0.3,0.012520111312323083,0.0,0.7409793508136825,0.24765414955835138,0.6432596998647028,0.25376835200146736,0.49094543303751226,0.7409793508136825
0.3005,0.012535111312323082,0.0,1.286542502500546,0.24280345212780782,0.642580618757797,0.241607093267073,0.4890055436497631,1.286542502500546
0.301,0.012550111312323083,0.0,1.7297585583293278,0.23804776715783538,0.642477015067749,0.23030105577051965,0.4887092609805337,1.7297585583293278
0.3015,0.012565111312323083,0.0,2.0437271626273392,0.23338523351924026,0.6427874325236305,0.2196883028893052,0.48959672654776054,2.0437271626273392
0.302,0.012580111312323082,0.0,2.084175237259233,0.22881402665419037,0.6437218279704364,0.20988783967693703,0.4922634565410908,2.084175237259233
0.3025,0.012595111312323083,0.0,2.01991838773187,0.22433235768501875,0.6448833122437045,0.2005792767610126,0.495568552307991,2.01991838773187
0.303,0.012610111312323083,0.0,1.948091859626435,0.21993847279138215,0.6460638857907558,0.19160645846174706,0.4989169082338434,1.948091859626435
0.3035,0.012625111312323084,0.0,1.877755851934825,0.21563065381548005,0.6472440274998795,0.18295339468809171,0.5022528954619769,1.877755851934825
0.304,0.012640111312323083,0.0,1.8094834506126667,0.21140721040261481,0.6484223877009617,0.17461629034918266,0.5055727301204285,1.8094834506126667
0.3045,0.012655111312323082,0.0,1.7432906390723675,0.20726650435035013,0.6495988269708001,0.16659141915131684,0.5088760717590428,1.7432906390723675
0.305,0.012670111312323084,0.0,1.6791658631547364,0.20320696761787874,0.650773262603784,0.15887443323948794,0.5121627435503775,1.6791658631547364
0.3055,0.012685111312323083,0.0,1.6170801713733192,0.19922684037430144,0.6519456495504793,0.15145989038002608,0.5154326765326489,1.6170801713733192
0.306,0.012700111312323082,0.0,1.556983147612656,0.1953246450011516,0.6531159943708283,0.1443423117405886,0.5186859465546432,1.556983147612656
0.3065,0.012715111312323083,0.0,1.498825225023786,0.19149890387996255,0.6542843036247735,0.1375156290087021,0.5219226291191689,1.498825225023786
0.307,0.012730111312323083,0.0,1.4425576791110635,0.1877481393922677,0.6554505838722573,0.13097326216490057,0.5251427993841264,1.4425576791110635
0.3075,0.012745111312323082,0.0,1.388132620842007,0.18407087391960034,0.6566148416732218,0.12470819430734019,0.5283465321635739,1.388132620842007
0.308,0.012760111312323083,0.0,1.3355029897784991,0.1804656298434939,0.6577770835876094,0.11871304302313086,0.5315339019287918,1.3355029897784991
0.3085,0.012775111312323083,0.0,1.2846153548564971,0.17693104805086948,0.6589373359124021,0.11298034259213868,0.5347050366618815,1.2846153548564971
0.309,0.012790111312323082,0.0,1.2354172346943195,0.17346560499549818,0.6600956261237738,0.10750209144791405,0.5378600664792426,1.2354172346943195
0.3095,0.012805111312323083,0.0,1.187875494472401,0.17006801303156246,0.6612519304175439,0.10227048913791727,0.540998981416638,1.187875494472401
0.31,0.012820111312323083,0.0,1.1419570035755526,0.1667369869502031,0.6624062248187699,0.09727758662122317,0.5441217718355402,1.1419570035755526
0.3105,0.012835111312323084,0.0,1.097628596903157,0.16347124154256068,0.6635584853525088,0.09251533250287218,0.5472284288868079,1.097628596903157
0.311,0.012850111312323083,0.0,1.0548570999233307,0.16026949159977594,0.6647086880438182,0.08797561936406058,0.5503189445068095,1.0548570999233307
0.3115,0.012865111312323083,0.0,1.0136093540253186,0.15713045191298958,0.6658568089177552,0.08365032593641004,0.5533933114134979,1.0136093540253186
0.312,0.012880111312323084,0.0,0.9738626742718283,0.15405296064167623,0.6670027911201868,0.0795315219561809,0.5564514355130161,0.9738626742718283
0.3125,0.012895111312323083,0.0,0.9355913036318981,0.15103564763205798,0.6681465852286393,0.07561102914222359,0.5594932444183491,0.9355913036318981
0.313,0.012910111312323082,0.0,0.8987659971247635,0.1480773936401987,0.6692881515790411,0.07188111482864305,0.5625186932559708,0.8987659971247635
0.3135,0.012925111312323084,0.0,0.8633574921138357,0.1451770897611361,0.670427449829036,0.06833414861434321,0.5655277366952297,0.8633574921138357
0.314,0.012940111312323083,0.0,0.8293363356206145,0.14233362708990796,0.6715644396362679,0.06496261172321972,0.5685203307542451,0.8293363356206145
0.3145,0.012955111312323082,0.0,0.7966729320388877,0.139545896721552,0.6726990806583806,0.06175911827851331,0.5714964327925229,0.7966729320388877
0.315,0.012970111312323084,0.0,0.7653375916897658,0.13681278975110592,0.673831332553018,0.05871643363597368,0.5744560015034401,0.7653375916897658
0.3155,0.012985111312323083,0.0,0.7352993697833996,0.1341332237780224,0.6749611593682422,0.05582752139628902,0.577399008323051,0.7352993697833996
0.316,0.013000111312323082,0.0,0.7065207655442989,0.13150615330739548,0.6760885497856034,0.05308556692481581,0.5803254896800258,0.7065207655442989
0.3165,0.013015111312323083,0.0,0.6789680255710908,0.12893046120519347,0.6772134808741127,0.05048385644715719,0.5832354522823728,0.6789680255710908
0.317,0.013030111312323083,0.0,0.6526033545942951,0.12640519611260267,0.6783359469733742,0.04801605209413667,0.5861289479619363,0.6526033545942951
0.3175,0.013045111312323084,0.0,0.6273897804567493,0.12392940667080934,0.6794559424229921,0.04567599902801895,0.5890060286082714,0.6273897804567493
0.318,0.013060111312323083,0.0,0.6032911613333808,0.12150214152099975,0.6805734615625708,0.0434577316974079,0.5918667461675263,0.6032911613333808
0.3185,0.013075111312323083,0.0,0.5802721929679376,0.11912244930436017,0.6816884987317146,0.041355478468568366,0.5947111526413212,0.5802721929679376
0.319,0.013090111312323084,0.0,0.5582984159260621,0.11678937866207689,0.6828010482700275,0.03936366478740143,0.5975393000856264,0.5582984159260621
0.3195,0.013105111312323083,0.0,0.5373333549594022,0.11450203877685339,0.683911116685676,0.037476969860127246,0.6003512713804146,0.5373333549594022
0.32,0.013120111312323083,0.0,0.5173369220460214,0.11225947384269824,0.685018730756809,0.03569021234889692,0.6031472001037936,0.5173369220460214
0.3205,0.013135111312323084,0.0,0.49827326799219324,0.11006076583938797,0.6861239048194872,0.03399843945739178,0.6059271874969345,0.49827326799219324
0.321,0.013150111312323083,0.0,0.48010569870080766,0.10790510440771471,0.6872266622695723,0.032396978452610276,0.6086913568198713,0.48010569870080766
0.3215,0.013165111312323083,0.0,0.4627988222910075,0.10579167918847061,0.6883270265029262,0.030881336626445096,0.6114398303659694,0.4627988222910075
0.322,0.013180111312323084,0.0,0.4463185200165693,0.10371967982244784,0.6894250209154107,0.029447199715546137,0.6141727294664276,0.4463185200165693
0.3225,0.013195111312323083,0.0,0.43063191746744856,0.1016882959504385,0.6905206689028874,0.02809042967403709,0.616890174494735,0.43063191746744856
0.323,0.013210111312323084,0.0,0.4157073560543858,0.09969671721323478,0.6916139938612182,0.02680706188577918,0.6195922848710851,0.4157073560543858
0.3235,0.013225111312323084,0.0,0.40151412821563326,0.0977441438138647,0.6927050203474152,0.02559330897353992,0.6222791819212701,0.40151412821563326
0.324,0.013240111312323083,0.0,0.3880179584966265,0.09582984629535307,0.6937937966035483,0.024445595796485642,0.6249510440061234,0.3880179584966265
0.3245,0.013255111312323084,0.0,0.37518898946290624,0.09395297201932552,0.6948803558660732,0.023360425084036688,0.6276080110543435,0.37518898946290624
0.325,0.013270111312323083,0.0,0.36299757788639375,0.0921128328476023,0.6959647365309531,0.02233455949032035,0.6302502342692291,0.36299757788639375
0.3255,0.013285111312323083,0.0,0.351415320690149,0.0903087406420037,0.6970469769941513,0.02136490489256442,0.6328778634064709,0.351415320690149
0.326,0.013300111312323084,0.0,0.34041501209382097,0.08854000726434999,0.6981271156516312,0.020448506586741865,0.6354910467807855,0.34041501209382097
0.3265,0.013315111312323083,0.0,0.3299706015213676,0.08680594457646142,0.699205190899356,0.019582545309725516,0.6380899312724284,0.3299706015213676
0.327,0.013330111312323083,0.0,0.3200571522706692,0.08510586444015827,0.700281241133289,0.01876433312761054,0.6406746623335935,0.3200571522706692
0.3275,0.013345111312323084,0.0,0.3106508009452574,0.0834390787172608,0.7013553047493937,0.017991309225949055,0.6432453839946899,0.3106508009452574
0.328,0.013360111312323083,0.0,0.30172720058096714,0.08180498526622965,0.7024274287336462,0.017261076832931092,0.645802259319723,0.30172720058096714
0.3285,0.013375111312323083,0.0,0.29326318200981427,0.08020283470647943,0.7034976595112111,0.01657128439643582,0.6483454483386812,0.29326318200981427
0.329,0.013390111312323084,0.0,0.28523705780118513,0.0786320304589106,0.7045660408662214,0.015919765954413866,0.6508751031621633,0.28523705780118513
0.3295,0.013405111312323083,0.0,0.27762803670898917,0.07709198971697431,0.7056326169536189,0.015304465380165683,0.6533913751937006,0.27762803670898917
0.33,0.013420111312323083,0.0,0.2704162484171476,0.0755821296741217,0.706697431928345,0.01472342590363944,0.6558944142502887,0.2704162484171476
0.3305,0.013435111312323084,0.0,0.26358270284335417,0.07410186752380392,0.7077605299453416,0.014174786436612175,0.6583843685686895,0.26358270284335417
0.331,0.013450111312323083,0.0,0.2571092504505525,0.07265062045947211,0.70882195515955,0.013656777923110593,0.6608613848115716,0.2571092504505525
0.3315,0.013465111312323084,0.0,0.25097854356641375,0.07122780567457743,0.7098817517259123,0.01316771972855503,0.6633256080734993,0.25097854356641375
0.332,0.013480111312323084,0.0,0.24517402659740728,0.06983288326549655,0.7109399636241978,0.012706031107770554,0.6657771814816795,0.24517402659740728
0.3325,0.013495111312323083,0.0,0.2396790654881202,0.06846528265977608,0.7119966399466646,0.012270200251097579,0.6682162583919555,0.2396790654881202
0.333,0.013510111312323084,0.0,0.23447817142919442,0.0671244054367004,0.7130518270917917,0.011858783623441418,0.670642984258564,0.23447817142919442
0.3335,0.013525111312323083,0.0,0.22955697332535838,0.06580976462135799,0.7141055685504792,0.011470447916907437,0.6730574962646211,0.22955697332535838
0.334,0.013540111312323083,0.0,0.22490171647860155,0.06452087323883735,0.7151579078136272,0.011103926745911232,0.6754599300755596,0.22490171647860155
0.3345,0.013555111312323084,0.0,0.22049923057950588,0.06325724431422694,0.7162088883721357,0.010758017861627209,0.6778504198440842,0.22049923057950588
0.335,0.013570111312323083,0.0,0.21633689867620925,0.06201839087261528,0.7172585537169048,0.010431580430322749,0.6802290982149745,0.21633689867620925
0.3355,0.013585111312323084,0.0,0.21240262712120897,0.060803825939090825,0.7183069473388348,0.010123532379584924,0.6825960963297362,0.21240262712120897
0.336,0.013600111312323084,0.0,0.20868481649550644,0.05961306253874207,0.7193541127288258,0.009832847815693307,0.6849515438311015,0.20868481649550644
0.3365,0.013615111312323083,0.0,0.20517233351067835,0.0584456136966575,0.7204000933777777,0.009558554514714324,0.6872955688673782,0.20517233351067835
0.337,0.013630111312323084,0.0,0.2018552375880338,0.05730108691003491,0.7214449275589319,0.009299753980680971,0.6896282864694051,0.2018552375880338
0.3375,0.013645111312323084,0.0,0.19872267218381295,0.05617891470639539,0.7224886626530285,0.009055553114176898,0.6919498305755815,0.19872267218381295
0.338,0.013660111312323083,0.0,0.195765492234772,0.05507868085044832,0.7235313368643149,0.008825141717437687,0.6942603132158683,0.195765492234772
0.3385,0.013675111312323084,0.0,0.19297501050707772,0.05399998357116771,0.724572987579472,0.008607754738754383,0.6965598433164092,0.19297501050707772
0.339,0.013690111312323084,0.0,0.1903428583918938,0.05294242109752757,0.7256136521851804,0.008402666834004043,0.6988485285313792,0.1903428583918938
0.3395,0.013705111312323083,0.0,0.18786096648874634,0.0519055916585019,0.7266533680681209,0.008209190565579602,0.7011264752459911,0.18786096648874634
0.34,0.013720111312323084,0.0,0.18552154591132722,0.05088909348306471,0.7276921726149743,0.008026674661245778,0.7033937885793882,0.18552154591132722
0.3405,0.013735111312323084,0.0,0.18331707031570263,0.049892524800190005,0.7287301032124216,0.007854502332921277,0.7056505723874262,0.18331707031570263
0.341,0.013750111312323083,0.0,0.18124025865122043,0.048915483838851796,0.7297671972471432,0.007692089655154073,0.7078969292653424,0.18124025865122043
0.3415,0.013765111312323084,0.0,0.17928405863346275,0.047957568828024086,0.7308034921058203,0.00753888400285213,0.7101329605503154,0.17928405863346275
0.342,0.013780111312323083,0.0,0.17744301083181505,0.04701846490485232,0.7318390149865615,0.007394376570777944,0.7123587444664896,0.17744301083181505
0.3425,0.013795111312323083,0.0,0.17571029939548757,0.046097696140041756,0.7328738044196981,0.007258059702451632,0.7145743825391772,0.17571029939548757
0.343,0.013810111312323084,0.0,0.17408062842355523,0.04519493067067777,0.7339078890107374,0.007129476167000385,0.7167799538771119,0.17408062842355523
0.3435,0.013825111312323083,0.0,0.17254887050729492,0.044309838224013756,0.7349412972330126,0.0070081930236067375,0.7189755363499273,0.17254887050729492
0.34400000000000003,0.013840111312323084,0.0,0.17111003857296783,0.04344208852730308,0.7359740575598568,0.006893800225981461,0.7211612068743767,0.17111003857296783
0.34450000000000003,0.013855111312323084,0.0,0.16975927613726624,0.04259135130779912,0.7370061984646034,0.006785909536533709,0.7233370414158415,0.16975927613726624
0.34500000000000003,0.013870111312323083,0.0,0.16849184798200154,0.04175729629275525,0.7380377484205856,0.0066841534822468605,0.7255031149897744,0.16849184798200154
0.34550000000000003,0.013885111312323084,0.0,0.167303131247625,0.040939593209424856,0.7390687359011364,0.006588184351463863,0.7276595016630765,0.167303131247625
0.34600000000000003,0.013900111312323084,0.0,0.16618860694572496,0.04013791178506131,0.7400991893795893,0.006497673230728487,0.7298062745554137,0.16618860694572496
0.34650000000000003,0.013915111312323083,0.0,0.16514403053248855,0.039351934769051126,0.7411291359620267,0.0064123105659085276,0.7319435030089325,0.16514403053248855
0.34700000000000003,0.013930111312323084,0.0,0.1641671289852845,0.038581434865169996,0.7421585882808488,0.006331813405605282,0.7340712256107007,0.1641671289852845
0.34750000000000003,0.013945111312323084,0.0,0.16325258378599744,0.03782594473042963,0.7431875828591378,0.006255887897260389,0.736189529609071,0.16325258378599744
0.34800000000000003,0.013960111312323083,0.0,0.16239749784405405,0.037085200859578275,0.7442161382055587,0.006184278545760269,0.7382984641820884,0.16239749784405405
0.34850000000000003,0.013975111312323084,0.0,0.16159903006249476,0.03635893974736418,0.745244272828776,0.006116743355296455,0.7403980778938436,0.16159903006249476
0.34900000000000003,0.013990111312323084,0.0,0.16085439122447281,0.035646897888535575,0.7462720052374547,0.006053053184287501,0.7424884186951113,0.16085439122447281
0.34950000000000003,0.014005111312323085,0.0,0.16016084005712178,0.03494881177784072,0.7472993539402596,0.005992991126097265,0.7445695339239592,0.16016084005712178
0.35000000000000003,0.014020111312323084,0.0,0.15951567947210354,0.03426441791002785,0.7483263374458554,0.0059363519148902585,0.7466414703063302,0.15951567947210354
0.35050000000000003,0.014035111312323083,0.0,0.1589162529836763,0.03359345277984521,0.7493529742629069,0.005882941355953175,0.748704273956596,0.1589162529836763
0.35100000000000003,0.014050111312323085,0.0,0.1583599413033982,0.032935652882041054,0.7503792829000789,0.005832575779803228,0.7507579903780848,0.1583599413033982
0.35150000000000003,0.014065111312323084,0.0,0.15784415911215255,0.03229075471136361,0.7514052818660362,0.00578508151939834,0.7528026644635804,0.15784415911215255
0.35200000000000004,0.014080111312323083,0.0,0.1573663520090985,0.031658494762561135,0.7524309896694436,0.005740294409761407,0.7548383404957953,0.1573663520090985
0.35250000000000004,0.014095111312323085,0.0,0.15692399363788065,0.031038609530381872,0.7534564248189658,0.005698059309330061,0.7568650621478149,0.15692399363788065
0.35300000000000004,0.014110111312323084,0.0,0.15651574721599323,0.03043088476400225,0.754481596670422,0.0056582330233360175,0.7588828545059787,0.15651574721599323
0.35350000000000004,0.014125111312323083,0.0,0.15614008996795936,0.02983504426345463,0.7555065161791001,0.005620675853435596,0.7608917454764775,0.15614008996795936
0.35400000000000004,0.014140111312323084,0.0,0.15579494347615144,0.02925083875394611,0.7565311988115292,0.0055852577098175465,0.7628917713913955,0.15579494347615144
0.35450000000000004,0.014155111312323084,0.0,0.1554788226043174,0.028678058604666788,0.7575556554947643,0.005551858126308002,0.7648829592697064,0.1554788226043174
0.35500000000000004,0.014170111312323083,0.0,0.15519025602422268,0.028116494184806762,0.7585798971558603,0.005520363092170627,0.7668653357709,0.15519025602422268
0.35550000000000004,0.014185111312323084,0.0,0.15492778497033127,0.027565935863556126,0.7596039347218718,0.0054906647353449925,0.7688389271951758,0.15492778497033127
0.35600000000000004,0.014200111312323084,0.0,0.1546899620562006,0.02702617401010498,0.760627779119854,0.005462661019147313,0.7708037594836264,0.1546899620562006
0.35650000000000004,0.014215111312323083,0.0,0.15447535015279998,0.026496998993643422,0.7616514412768616,0.005436255452006585,0.7727598582184105,0.15447535015279998
0.35700000000000004,0.014230111312323084,0.0,0.15428252132822848,0.025978201183361548,0.7626749321199494,0.00541135680981311,0.7747072486229175,0.15428252132822848
0.35750000000000004,0.014245111312323084,0.0,0.15411005584941587,0.025469570948449455,0.7636982625761725,0.00538787887046152,0.7766459555619218,0.15411005584941587
0.35800000000000004,0.014260111312323085,0.0,0.1539565412454328,0.02497089865809724,0.7647214435725854,0.005365740160176115,0.7785760035417275,0.1539565412454328
0.35850000000000004,0.014275111312323084,0.0,0.15382147401839327,0.024482061030864262,0.7657444788784747,0.005344867591854713,0.7804974032963305,0.15382147401839327
0.35900000000000004,0.014290111312323084,0.0,0.15370356014462544,0.024002771412393285,0.7667673785678002,0.005325184688296644,0.7824101771994567,0.15370356014462544
0.35950000000000004,0.014305111312323085,0.0,0.15360167835356753,0.02353281633257891,0.7677901513828137,0.005306622619915433,0.7843143448207337,0.15360167835356753
0.36000000000000004,0.014320111312323084,0.0,0.15351508459080648,0.023072032797352503,0.7688128031037067,0.005289118448091902,0.786209919964938,0.15351508459080648
0.36050000000000004,0.014335111312323083,0.0,0.15344303797112507,0.022620257812645414,0.7698353395106703,0.005272612593138379,0.7880969162473264,0.15344303797112507
0.36100000000000004,0.014350111312323085,0.0,0.15338480042535885,0.022177328384389003,0.7708577663838958,0.0052570486699466045,0.7899753470936909,0.15338480042535885
0.36150000000000004,0.014365111312323084,0.0,0.1533396363644772,0.021743081518514625,0.7718800895035745,0.005242373330648368,0.7918452257404112,0.1533396363644772
0.36200000000000004,0.014380111312323085,0.0,0.15330681236105212,0.021317354220953637,0.7729023146498974,0.00522853611405672,0.7937065652345032,0.15330681236105212
0.36250000000000004,0.014395111312323084,0.0,0.15328559684784698,0.0208999834976374,0.7739244476030559,0.005215489301659391,0.7955593784336663,0.15328559684784698
0.36300000000000004,0.014410111312323084,0.0,0.1532752598337485,0.02049080635449727,0.7749464941432412,0.005203187779940251,0.7974036780063274,0.1532752598337485
0.36350000000000005,0.014425111312323085,0.0,0.15327507263708637,0.020089659797464597,0.7759684600506446,0.005191588908808742,0.7992394764316815,0.15327507263708637
0.36400000000000005,0.014440111312323084,0.0,0.1532843076358943,0.019696380832470748,0.7769903511054572,0.005180652395921689,0.801066785999731,0.1532843076358943
0.36450000000000005,0.014455111312323084,0.0,0.15330223803587129,0.019310806465447077,0.7780121730878703,0.005170340176686239,0.8028856188113214,0.15330223803587129
0.36500000000000005,0.014470111312323085,0.0,0.1533281376552399,0.018932773702324934,0.7790339317780751,0.0051606162997374,0.8046959867781746,0.1533281376552399
0.36550000000000005,0.014485111312323084,0.0,0.1533620623915784,0.018562187585873267,0.7800556267481602,0.005151448589856642,0.8064978906994216,0.1533620623915784
0.36600000000000005,0.014500111312323084,0.0,0.1534035195897759,0.018198839516520685,0.7810772619314745,0.005142803650050426,0.8082913390263191,0.1534035195897759
0.36650000000000005,0.014515111312323085,0.0,0.15345188296387277,0.01784256809826196,0.7820988423248463,0.005134651215313211,0.8100763419353112,0.15345188296387277
0.36700000000000005,0.014530111312323084,0.0,0.15350680978579032,0.01749324973172528,0.7831203706748863,0.005126963601730999,0.8118529055352051,0.15350680978579032
0.36750000000000005,0.014545111312323084,0.0,0.15356795751509203,0.017150760817538822,0.7841418497282052,0.005119714605993315,0.813621035844957,0.15356795751509203
0.36800000000000005,0.014560111312323085,0.0,0.1536349837268578,0.016814977756330764,0.785163282231414,0.0051128794326027295,0.8153807387936837,0.1536349837268578
0.36850000000000005,0.014575111312323084,0.0,0.1537075460437248,0.016485776948729287,0.7861846709311233,0.005106434624227656,0.8171320202206719,0.1537075460437248
0.36900000000000005,0.014590111312323083,0.0,0.15378530207178354,0.01616303479536257,0.787206018573944,0.005100357995090217,0.8188748858753894,0.15378530207178354
0.36950000000000005,0.014605111312323085,0.0,0.1538679093403129,0.015846627696858795,0.7882273279064869,0.005094628567283314,0.8206093414174934,0.1538679093403129
0.37000000000000005,0.014620111312323084,0.0,0.15395502524538496,0.015536432053846139,0.7892486016753628,0.005089226509913296,0.8223353924168404,0.15395502524538496
0.37050000000000005,0.014635111312323083,0.0,0.15404630699757724,0.015232324266952781,0.7902698426271825,0.005084133080966975,0.8240530443534928,0.15404630699757724
0.37100000000000005,0.014650111312323084,0.0,0.15414141157328637,0.014934180736806904,0.7912910535085568,0.00507933057180411,0.8257623026177275,0.15414141157328637
0.37150000000000005,0.014665111312323084,0.0,0.15423999567014923,0.014641877864036687,0.7923122370660964,0.005074802254178816,0.8274631725100428,0.15423999567014923
0.37200000000000005,0.014680111312323085,0.0,0.15434171566633384,0.014355292049270309,0.7933333960464124,0.005070532329695716,0.8291556592411639,0.15434171566633384
0.37250000000000005,0.014695111312323084,0.0,0.15444664920020024,0.01407435307618916,0.7943545298593504,0.005066506687892483,0.8308397624425248,0.15444664920020024
0.37300000000000005,0.014710111312323084,0.0,0.15455455487535102,0.013798899144448614,0.795375640440349,0.005062710599444843,0.8325154858992108,0.15455455487535102
0.37350000000000005,0.014725111312323085,0.0,0.15466514343778628,0.013528810321548363,0.7963967301013325,0.005059130804776743,0.8341828339462815,0.15466514343778628
0.37400000000000005,0.014740111312323084,0.0,0.15477825825864172,0.01326399285891095,0.7974178001029987,0.005055755140397491,0.8358418091395656,0.15477825825864172
0.37450000000000006,0.014755111312323085,0.0,0.1548937425385312,0.013004353007958916,0.7984388517060458,0.005052572093999091,0.8374924139936903,0.1548937425385312
0.37500000000000006,0.014770111312323085,0.0,0.15501143929508748,0.012749797020114806,0.7994598861711717,0.005049570772371874,0.8391346509820823,0.15501143929508748
0.37550000000000006,0.014785111312323084,0.0,0.1551311913514739,0.01250023114680116,0.8004809047590744,0.00504674087071311,0.8407685225369699,0.1551311913514739
0.37600000000000006,0.014800111312323085,0.0,0.15525284132552333,0.012255561639440521,0.8015019087304519,0.00504407264327986,0.8423940310493846,0.15525284132552333
0.37650000000000006,0.014815111312323085,0.0,0.15537623161980296,0.012015694749455434,0.8025228993460024,0.005041556875338439,0.8440111788691635,0.15537623161980296
0.37700000000000006,0.014830111312323084,0.0,0.15550120441266566,0.011780536728268438,0.8035438778664237,0.00503918485636397,0.8456199683049493,0.15550120441266566
0.37750000000000006,0.014845111312323085,0.0,0.1556276016497331,0.011549993827302077,0.8045648455524138,0.0050369483544446605,0.8472204016241925,0.1556276016497331
0.37800000000000006,0.014860111312323085,0.0,0.15575526503657522,0.011323972297978893,0.8055858036646708,0.0050348395918465285,0.8488124810531523,0.15575526503657522
0.37850000000000006,0.014875111312323084,0.0,0.155884036031986,0.01110237839172143,0.8066067534638928,0.005032851221695415,0.8503962087768978,0.155884036031986
0.37900000000000006,0.014890111312323085,0.0,0.15601375584224603,0.010885118359952227,0.8076276962107776,0.00503097630573427,0.8519715869393085,0.15601375584224603
0.37950000000000006,0.014905111312323084,0.0,0.15614451865739096,0.01067217240137669,0.8086486311727427,0.00502920894055586,0.8535386145917397,0.15614451865739096
0.38000000000000006,0.014920111312323084,0.0,0.1562761475948055,0.010463379317506558,0.8096695597512332,0.005027542300055228,0.8550972940588425,0.1562761475948055
0.38050000000000006,0.014935111312323085,0.0,0.1564084993752038,0.010258638323874757,0.8106904830811209,0.005025970488082655,0.8566476272157625,0.1564084993752038
0.38100000000000006,0.014950111312323084,0.0,0.15654150899157163,0.010057880896018057,0.8117114016800911,0.005024488198432954,0.8581896149708961,0.15654150899157163
0.38150000000000006,0.014965111312323084,0.0,0.1566751113287439,0.009861038509473218,0.8127323160658297,0.0050230904067755785,0.8597232582157268,0.1566751113287439
0.38200000000000006,0.014980111312323085,0.0,0.15680924116217806,0.009668042639777013,0.8137532267560219,0.005021772356908157,0.8612485578248248,0.15680924116217806
0.38250000000000006,0.014995111312323084,0.0,0.15694383315680582,0.009478824762466205,0.8147741342683534,0.0050205295475988475,0.8627655146558482,0.15694383315680582
0.38300000000000006,0.015010111312323084,0.0,0.15707882186624875,0.009293316353077561,0.8157950391205099,0.005019357719997206,0.8642741295495421,0.15707882186624875
0.38350000000000006,0.015025111312323085,0.0,0.1572141417319623,0.00911144888714785,0.8168159418301767,0.005018252845593734,0.8657744033297392,0.1572141417319623
0.38400000000000006,0.015040111312323084,0.0,0.15734972708260805,0.008933153840213837,0.8178368429150394,0.0050172111147087075,0.86726633680336,0.15734972708260805
0.38450000000000006,0.015055111312323084,0.0,0.15748551213351977,0.008758362687812288,0.8188577428927838,0.005016228925491394,0.8687499307604127,0.15748551213351977
0.38500000000000006,0.015070111312323085,0.0,0.1576214309864433,0.008587006905479973,0.8198786422810952,0.005015302873411167,0.8702251859739933,0.1576214309864433
0.38550000000000006,0.015085111312323084,0.0,0.15775741762915885,0.008419017968753656,0.8208995415976592,0.00501442974122256,0.8716921032002856,0.15775741762915885
0.38600000000000007,0.015100111312323085,0.0,0.15789340593549808,0.008254327353170105,0.8219204413601615,0.0050136064893866765,0.8731506831785614,0.15789340593549808
0.38650000000000007,0.015115111312323085,0.0,0.15802932966537916,0.008092866534266087,0.8229413420862874,0.005012830246931908,0.8746009266311796,0.15802932966537916
0.38700000000000007,0.015130111312323086,0.0,0.15816512246493492,0.007934566987578367,0.8239622442937228,0.005012098302737304,0.8760428342635882,0.15816512246493492
0.38750000000000007,0.015145111312323085,0.0,0.15830071786693045,0.0077793601886437126,0.824983148500153,0.00501140809722241,0.8774764067643219,0.15830071786693045
0.38800000000000007,0.015160111312323084,0.0,0.1584361570317286,0.007627220331848643,0.8260040543813857,0.0050107574072098164,0.8789016436331368,0.1584361570317286
0.38850000000000007,0.015175111312323086,0.0,0.1585714402832592,0.007478063379159132,0.8270249619327439,0.005010143863335964,0.8803185448225253,0.1585714402832592
0.38900000000000007,0.015190111312323085,0.0,0.15870646986326845,0.007331798787377039,0.8280458719153163,0.0050095652099922585,0.8817271113385448,0.15870646986326845
0.38950000000000007,0.015205111312323084,0.0,0.15884122080154356,0.007188377916521298,0.8290667845208675,0.005009019496912994,0.8831273433838578,0.15884122080154356
0.39000000000000007,0.015220111312323086,0.0,0.15897566808720298,0.007047752126610844,0.8300876999411619,0.005008504877286052,0.8845192411548615,0.15897566808720298
0.39050000000000007,0.015235111312323085,0.0,0.15910978666890505,0.006909872777664612,0.8311086183679643,0.005008019602716072,0.8859028048416884,0.15910978666890505
0.39100000000000007,0.015250111312323084,0.0,0.15924355145522762,0.006774691229701534,0.8321295399930392,0.005007562018403003,0.8872780346282054,0.15924355145522762
0.39150000000000007,0.015265111312323085,0.0,0.15937693731491478,0.006642158842740546,0.833150465008151,0.0050071305585286064,0.8886449306920151,0.15937693731491478
0.39200000000000007,0.015280111312323085,0.0,0.15950991907718823,0.0065122269768005826,0.8341713936050645,0.00500672374184366,0.8900034932044543,0.15950991907718823
0.39250000000000007,0.015295111312323084,0.0,0.1596424715321534,0.006384846991900577,0.8351923259755443,0.005006340167448766,0.891353722330595,0.1596424715321534
0.39300000000000007,0.015310111312323085,0.0,0.15977456943117938,0.006259970248059465,0.8362132623113546,0.005005978510761876,0.8926956182292435,0.15977456943117938
0.39350000000000007,0.015325111312323085,0.0,0.1599061874871304,0.006137548105296179,0.8372342028042604,0.005005637519665749,0.8940291810529415,0.1599061874871304
0.3940000000000001,0.015340111312323084,0.0,0.16003730037495056,0.006017531923629657,0.838255147646026,0.00500531601082881,0.8953544109479646,0.16003730037495056
0.3945000000000001,0.015355111312323085,0.0,0.16016788273199456,0.0058998730630788285,0.8392760970284162,0.005005012866192973,0.8966713080543237,0.16016788273199456
0.3950000000000001,0.015370111312323085,0.0,0.16029790915848302,0.005784522883662633,0.8402970511431953,0.005004727029622194,0.8979798725057633,0.16029790915848302
0.3955000000000001,0.015385111312323084,0.0,0.1604273542179624,0.005671432745400001,0.841318010182128,0.005004457503705688,0.8992801044297631,0.1604273542179624
0.3960000000000001,0.015400111312323085,0.0,0.16055619243776795,0.005560554008309867,0.842338974336979,0.005004203346709881,0.900572003947537,0.16055619243776795
0.3965000000000001,0.015415111312323084,0.0,0.16068440745281576,0.005451844969460376,0.8433599437285694,0.005003963685813143,0.9018555710851321,0.16068440745281576
0.3970000000000001,0.015430111312323084,0.0,0.16081205631681242,0.005345295624361903,0.8443809179081242,0.005003737766659479,0.903130805155528,0.16081205631681242
0.3975000000000001,0.015445111312323085,0.0,0.16093907433977228,0.005240809980808215,0.8454018973714811,0.005003524684126363,0.9043977066546477,0.16093907433977228
0.3980000000000001,0.015460111312323084,0.0,0.1610654521840835,0.005138353579831043,0.8464228821847513,0.005003323721790987,0.9056562755342448,0.1610654521840835
0.3985000000000001,0.015475111312323086,0.0,0.16119118050323797,0.005037891962462119,0.847443872414046,0.005003134201153973,0.9069065117439125,0.16119118050323797
0.3990000000000001,0.015490111312323085,0.0,0.16131624994178642,0.004939390669733174,0.8484648681254766,0.005002955479797867,0.9081484152310833,0.16131624994178642
0.3995000000000001,0.015505111312323086,0.0,0.16144065113576878,0.004842815242675942,0.8494858693851545,0.00500278694962411,0.9093819859410288,0.16144065113576878
0.4000000000000001,0.015520111312323085,0.0,0.16156437471278054,0.004748131222322155,0.8505068762591906,0.005002628035165801,0.9106072238168602,0.16156437471278054
0.4005000000000001,0.015535111312323085,0.0,0.1616874112921176,0.004655304149703542,0.8515278888136966,0.005002478191973608,0.9118241287995278,0.1616874112921176
0.4010000000000001,0.015550111312323086,0.0,0.16180975148512208,0.004564299565851838,0.8525489071147836,0.005002336905072257,0.9130327008278212,0.16180975148512208
0.4015000000000001,0.015565111312323085,0.0,0.16193138589522466,0.004475083011798772,0.8535699312285627,0.005002203687485096,0.9142329398383686,0.16193138589522466
0.4020000000000001,0.015580111312323085,0.0,0.16205230511820332,0.004387620028576079,0.8545909612211455,0.005002078078824277,0.9154248457656384,0.16205230511820332
0.4025000000000001,0.015595111312323086,0.0,0.16217249974241357,0.00430187615721549,0.8556119971586431,0.005001959643944167,0.9166084185419373,0.16217249974241357
0.4030000000000001,0.015610111312323085,0.0,0.16229196034891405,0.004217816938748737,0.8566330391071669,0.00500184797165567,0.9177836580974115,0.16229196034891405
0.4035000000000001,0.015625111312323085,0.0,0.16241067751179317,0.004135407914207551,0.857654087132828,0.005001742673499179,0.9189505643600459,0.16241067751179317
0.4040000000000001,0.015640111312323086,0.0,0.16252864179820728,0.004054614624623664,0.8586751413017378,0.005001643382573968,0.9201091372556649,0.16252864179820728
0.4045000000000001,0.015655111312323083,0.0,0.16264584376874258,0.00397540261102881,0.8596962016800076,0.005001549752421859,0.9212593767079316,0.16264584376874258
0.4050000000000001,0.015670111312323085,0.0,0.1627622739775803,0.003897737414454718,0.8607172683337485,0.005001461455963084,0.922401282638348,0.1627622739775803
0.4055000000000001,0.015685111312323086,0.0,0.1628779520663051,0.0038216368377488826,0.861738341104857,0.005001378244800317,0.9235348547182525,0.1628779520663051
0.4060000000000001,0.015700111312323087,0.0,0.162992864774898,0.0037470236999299885,0.8627594200889719,0.0050012997732828595,0.9246600929027389,0.162992864774898
0.4065000000000001,0.015715111312323084,0.0,0.16310699775934714,0.0036738481520298236,0.8637805053899901,0.005001225749190017,0.925776997152774,0.16310699775934714
0.4070000000000001,0.015730111312323086,0.0,0.1632203479448634,0.0036020870681088826,0.8648015970249543,0.0050011559259369,0.9268855673319886,0.1632203479448634
0.4075000000000001,0.015745111312323083,0.0,0.16333291225976138,0.003531717322227661,0.8658226950109068,0.005001090069862112,0.9279858033034555,0.16333291225976138
0.4080000000000001,0.015760111312323084,0.0,0.16344468763560746,0.003462715788446653,0.86684379936489,0.005001027959608597,0.9290777049296893,0.16344468763560746
0.4085000000000001,0.015775111312323085,0.0,0.16355567100713758,0.003395059340826354,0.8678649101039463,0.005000969385530392,0.9301612720726472,0.16355567100713758
0.4090000000000001,0.015790111312323087,0.0,0.1636658593123901,0.0033287248534272585,0.8688860272451182,0.005000914149124411,0.9312365045937284,0.1636658593123901
0.4095000000000001,0.015805111312323084,0.0,0.1637752494928237,0.0032636892003098618,0.869907150805448,0.00500086206248641,0.9323034023537742,0.1637752494928237
0.4100000000000001,0.015820111312323085,0.0,0.16388383849329707,0.003199929255534659,0.8709282808019781,0.005000812947790318,0.933361965213068,0.16388383849329707
0.4105000000000001,0.015835111312323086,0.0,0.16399162326212532,0.0031374218931621446,0.871949417251751,0.005000766636790103,0.9344121930313354,0.16399162326212532
0.4110000000000001,0.015850111312323084,0.0,0.16409860075109073,0.003076143987252814,0.8729705601718092,0.005000722970343394,0.9354540856677442,0.16409860075109073
0.4115000000000001,0.015865111312323085,0.0,0.16420476791569968,0.0030160724118671618,0.8739917095791948,0.005000681797956091,0.936487642980904,0.16420476791569968
0.4120000000000001,0.015880111312323086,0.0,0.16431012171499346,0.002957184041065683,0.8750128654909505,0.005000642977347193,0.9375128648288671,0.16431012171499346
0.4125000000000001,0.015895111312323084,0.0,0.16441465911171327,0.002899455748908872,0.8760340279241186,0.005000606374033128,0.9385297510691272,0.16441465911171327
0.4130000000000001,0.015910111312323085,0.0,0.16451837707244993,0.0028428644094572247,0.8770551968957414,0.0050005718609308514,0.9395383015586204,0.16451837707244993
0.4135000000000001,0.015925111312323086,0.0,0.16462127256751666,0.0027873868967712356,0.8780763724228615,0.005000539317979034,0.940538516153725,0.16462127256751666
0.4140000000000001,0.015940111312323084,0.0,0.16472334257108362,0.002733000084911399,0.8790975545225213,0.0050005086317766395,0.9415303947102611,0.16472334257108362
0.4145000000000001,0.015955111312323085,0.0,0.16482458406139003,0.002679680847938211,0.880118743211763,0.005000479695238248,0.9425139370834911,0.16482458406139003
0.4150000000000001,0.015970111312323086,0.0,0.1649249940205246,0.002627406059912166,0.8811399385076292,0.00500045240726547,0.9434891431281193,0.1649249940205246
0.4155000000000001,0.015985111312323084,0.0,0.16502456943463775,0.0025761525948937583,0.8821611404271622,0.005000426672433837,0.944456012698292,0.16502456943463775
0.4160000000000001,0.016000111312323085,0.0,0.16512330729406172,0.0025258973269434845,0.8831823489874046,0.005000402400694544,0.9454145456475979,0.16512330729406172
0.4165000000000001,0.016015111312323086,0.0,0.16522122001780493,0.0024766435400450557,0.8842035640873728,0.005000379520042245,0.9463647417197313,0.16522122001780493
0.4170000000000001,0.016030111312323084,0.0,0.16531830866077518,0.0024283617225289073,0.8852247857131844,0.005000357945847933,0.9473066007416623,0.16531830866077518
0.4175000000000001,0.016045111312323085,0.0,0.1654145592929649,0.0023810096158398204,0.8862460139656195,0.005000337592834669,0.9482401226451599,0.1654145592929649
0.4180000000000001,0.016060111312323086,0.0,0.16550997106149723,0.002334572306180064,0.8872672488454153,0.005000318393382573,0.9491653072684739,0.16550997106149723
0.4185000000000001,0.016075111312323087,0.0,0.16560454312025613,0.0022890348797519064,0.8882884903533085,0.005000300283410755,0.9500821544498286,0.16560454312025613
0.4190000000000001,0.016090111312323085,0.0,0.16569827462979583,0.0022443824227576167,0.8893097384900361,0.005000283202208018,0.9509906640274233,0.16569827462979583
0.4195000000000001,0.016105111312323086,0.0,0.16579116475743638,0.002200600021399464,0.8903309932563352,0.005000267092270639,0.951890835839432,0.16579116475743638
0.4200000000000001,0.016120111312323084,0.0,0.16588321267714232,0.0021576727618797167,0.8913522546529427,0.005000251899146979,0.9527826697240039,0.16588321267714232
0.4205000000000001,0.016135111312323085,0.0,0.16597441756963363,0.002115585730400644,0.8923735226805954,0.005000237571288697,0.9536661655192628,0.16597441756963363
0.4210000000000001,0.016150111312323086,0.0,0.16606477862231073,0.002074324013164515,0.8933947973400306,0.005000224059908341,0.9545413230633074,0.16606477862231073
0.4215000000000001,0.016165111312323087,0.0,0.16615429502928805,0.0020338726963735976,0.8944160786319849,0.005000211318843088,0.9554081421942112,0.16615429502928805
0.4220000000000001,0.016180111312323085,0.0,0.166242965991381,0.0019942168662301614,0.8954373665571954,0.005000199304424437,0.9562666227500227,0.166242965991381
0.4225000000000001,0.016195111312323086,0.0,0.16633079071620152,0.0019553416089364752,0.8964586611163992,0.005000187975353615,0.9571167645687653,0.16633079071620152
0.4230000000000001,0.016210111312323087,0.0,0.16641776841800568,0.001917232010694808,0.897479962310333,0.00500017729258252,0.957958567488437,0.16641776841800568
0.4235000000000001,0.016225111312323084,0.0,0.16650389831777357,0.001879873157707428,0.8985012701397339,0.005000167219199981,0.958792031347011,0.16650389831777357
0.4240000000000001,0.016240111312323086,0.0,0.16658917964328945,0.0018432501361766046,0.8995225846053388,0.005000157720323149,0.9596171559824348,0.16658917964328945
0.4245000000000001,0.016255111312323087,0.0,0.1666736116289892,0.0018073480323046063,0.9005439057078847,0.005000148762993828,0.9604339412326315,0.1666736116289892
0.4250000000000001,0.016270111312323084,0.0,0.16675719351600934,0.0017721519322937023,0.9015652334481086,0.005000140316079553,0.9612423869354986,0.16675719351600934
0.4255000000000001,0.016285111312323085,0.0,0.1668399245523602,0.001737646922346161,0.9025865678267474,0.005000132350179249,0.9620424929289084,0.1668399245523602
0.4260000000000001,0.016300111312323087,0.0,0.16692180399266482,0.001703818088664252,0.903607908844538,0.005000124837533282,0.9628342590507084,0.16692180399266482
0.4265000000000001,0.016315111312323084,0.0,0.16700283109830083,0.0016706505174502433,0.9046292565022175,0.005000117751937741,0.9636176851387207,0.16700283109830083
0.4270000000000001,0.016330111312323085,0.0,0.1670830051374654,0.0016381292949064043,0.9056506108005228,0.0050001110686627775,0.9643927710307423,0.1670830051374654
0.4275000000000001,0.016345111312323087,0.0,0.1671623301690007,0.0016062599792126106,0.9066719717037979,0.0050001047686482145,0.9651595165373732,0.1671623301690007
0.4280000000000001,0.016360111312323084,0.0,0.1672408101947665,0.00157503909234974,0.9076933391769056,0.005000098831691997,0.9659179214707608,0.1672408101947665
0.4285000000000001,0.016375111312323085,0.0,0.16731843583278636,0.0015444133747022878,0.9087147132865602,0.005000093228914892,0.9666679857185804,0.16731843583278636
0.4290000000000001,0.016390111312323086,0.0,0.16739520683445494,0.0015143737686434263,0.9097360940300335,0.005000087942017515,0.9674097091161802,0.16739520683445494
0.4295000000000001,0.016405111312323084,0.0,0.16747112295824404,0.0014849112165463277,0.9107574814045977,0.00500008295364312,0.968143091498997,0.16747112295824404
0.4300000000000001,0.016420111312323085,0.0,0.16754618396994192,0.0014560166607841647,0.9117788754075247,0.005000078247333451,0.9688681327025558,0.16754618396994192
0.4305000000000001,0.016435111312323086,0.0,0.16762038964231749,0.0014276810437301095,0.9128002760360865,0.005000073807486376,0.9695848325624692,0.16762038964231749
0.4310000000000001,0.016450111312323087,0.0,0.1676937397553598,0.0013998953077573345,0.9138216832875551,0.00500006961931526,0.9702931909144381,0.1676937397553598
0.4315000000000001,0.016465111312323085,0.0,0.16776623409606647,0.0013726503952390123,0.9148430971592025,0.005000065668810016,0.9709932075942519,0.16776623409606647
0.4320000000000001,0.016480111312323086,0.0,0.16783787245871432,0.0013459372485483151,0.9158645176483008,0.005000061942699782,0.9716848824377876,0.16783787245871432
0.4325000000000001,0.016495111312323084,0.0,0.16790865464449226,0.0013197468100584152,0.9168859447521219,0.005000058428417162,0.9723682152810107,0.16790865464449226
0.4330000000000001,0.016510111312323085,0.0,0.1679785804618499,0.0012940700221424854,0.9179073784679379,0.0050000551140639855,0.9730432059599745,0.1679785804618499
0.4335000000000001,0.016525111312323086,0.0,0.16804764972619238,0.0012688978271736973,0.9189288187930208,0.005000051988378527,0.9737098543108206,0.16804764972619238
0.4340000000000001,0.016540111312323087,0.0,0.16811586226005804,0.0012442211675252242,0.9199502657246424,0.005000049040704149,0.9743681601697786,0.16811586226005804
0.4345000000000001,0.016555111312323085,0.0,0.16818321789296867,0.001220030985570238,0.920971719260075,0.005000046260959294,0.9750181233731664,0.16818321789296867
0.4350000000000001,0.016570111312323086,0.0,0.168249716461623,0.0011963182236819111,0.9219931793965905,0.005000043639608811,0.97565974375739,0.168249716461623
0.4355000000000001,0.016585111312323084,0.0,0.16831535780966914,0.001173073824233416,0.9230146461314608,0.005000041167636535,0.9762930211589431,0.16831535780966914
0.4360000000000001,0.016600111312323085,0.0,0.16838014178783545,0.001150288729597925,0.9240361194619581,0.005000038836519098,0.9769179554144084,0.16838014178783545
0.4365000000000001,0.016615111312323086,0.0,0.16844406825384342,0.0011279538821486108,0.9250575993853541,0.005000036638200914,0.9775345463604557,0.16844406825384342
0.4370000000000001,0.016630111312323087,0.0,0.16850713707242954,0.0011060602242586454,0.9260790858989212,0.005000034565070309,0.9781427938338437,0.16850713707242954
0.4375000000000001,0.016645111312323085,0.0,0.1685693481153359,0.0010845986983012011,0.927100578999931,0.005000032609936727,0.9787426976714189,0.1685693481153359
0.4380000000000001,0.016660111312323086,0.0,0.16863070126136342,0.0010635602466494507,0.9281220786856559,0.005000030766009001,0.9793342577101158,0.16863070126136342
0.4385000000000001,0.016675111312323087,0.0,0.16869119639620647,0.0010429358116765667,0.9291435849533676,0.005000029026874631,0.9799174737869575,0.16869119639620647
0.4390000000000001,0.016690111312323085,0.0,0.1687508334125685,0.0010227163357557209,0.9301650978003383,0.00500002738648003,0.9804923457390547,0.1687508334125685
0.4395000000000001,0.016705111312323086,0.0,0.16880961221019944,0.001002892761260086,0.9311866172238398,0.0050000258391117115,0.9810588734036066,0.16880961221019944
0.4400000000000001,0.016720111312323087,0.0,0.16886753269568372,0.0009834560305628346,0.9322081432211443,0.005000024379378365,0.9816170566179004,0.16886753269568372
0.4405000000000001,0.016735111312323088,0.0,0.16892459478263372,0.0009643970860371388,0.9332296757895238,0.005000023002193799,0.9821668952193116,0.16892459478263372
0.4410000000000001,0.016750111312323086,0.0,0.16898079839155572,0.0009457068700561709,0.9342512149262502,0.005000021702760713,0.9827083890453034,0.16898079839155572
0.4415000000000001,0.016765111312323087,0.0,0.16903615485376244,0.0009274050370366276,0.9352727605423261,0.005000020478584245,0.9832415378887558,0.16903615485376244
0.4420000000000001,0.016780111312323084,0.0,0.16909065357701275,0.0009094570361011359,0.9362943127146858,0.00500001932343569,0.983766341630023,0.16909065357701275
0.4425000000000001,0.016795111312323086,0.0,0.16914429227383837,0.0008918518575686664,0.9373158714574591,0.0050000182331508625,0.9842828001154489,0.16914429227383837
0.4430000000000001,0.016810111312323087,0.0,0.16919707090405087,0.0008745842441705545,0.9383374367678248,0.005000017204179983,0.984790913182552,0.16919707090405087
0.4435000000000001,0.016825111312323088,0.0,0.16924898943436906,0.0008576489386381357,0.9393590086429614,0.005000016233156251,0.9852906806689423,0.16924898943436906
0.4440000000000001,0.016840111312323085,0.0,0.16930004783844063,0.0008410406837027453,0.9403805870800478,0.005000015316887256,0.9857821024123209,0.16930004783844063
0.4445000000000001,0.016855111312323087,0.0,0.16935024609686417,0.0008247542220957186,0.9414021720762625,0.005000014452346743,0.9862651782504802,0.16935024609686417
0.4450000000000001,0.016870111312323084,0.0,0.1693995841970228,0.0008087842965483911,0.9424237636287844,0.005000013636666705,0.9867399080213036,0.1693995841970228
0.4455000000000001,0.016885111312323085,0.0,0.16944806213334085,0.0007931256497920983,0.943445361734792,0.005000012867129818,0.9872062915627658,0.16944806213334085
0.4460000000000001,0.016900111312323086,0.0,0.16949567990697686,0.0007777730245581754,0.944466966391464,0.005000012141162187,0.9876643287129329,0.16949567990697686
0.4465000000000001,0.016915111312323088,0.0,0.16954243752601755,0.0007627211635779579,0.945488577595979,0.005000011456326388,0.9881140193099616,0.16954243752601755
0.4470000000000001,0.016930111312323085,0.0,0.1695883350053743,0.0007479648095827813,0.946510195345516,0.005000010810314821,0.9885553631921006,0.1695883350053743
0.4475000000000001,0.016945111312323086,0.0,0.16963337236686746,0.0007334987053039809,0.9475318196372533,0.005000010200943343,0.9889883601976891,0.16963337236686746
0.4480000000000001,0.016960111312323084,0.0,0.1696775496390605,0.0007193175934728921,0.9485534504683698,0.005000009626145166,0.989413010165158,0.1696775496390605
0.4485000000000001,0.016975111312323085,0.0,0.16972086685745372,0.0007054162168208502,0.9495750878360442,0.00500000908396504,0.9898293129330293,0.16972086685745372
0.4490000000000001,0.016990111312323086,0.0,0.169763324064287,0.0006917893180791908,0.9505967317374551,0.005000008572553679,0.9902372683399161,0.169763324064287
0.4495000000000001,0.017005111312323087,0.0,0.1698049213086242,0.000678431639979249,0.9516183821697811,0.005000008090162434,0.9906368762245226,0.1698049213086242
0.4500000000000001,0.017020111312323085,0.0,0.16984565864631226,0.0006653379252523606,0.952640039130201,0.005000007635138212,0.9910281364256445,0.16984565864631226
0.4505000000000001,0.017035111312323086,0.0,0.16988553614004998,0.0006525029166298607,0.9536617026158936,0.00500000720591862,0.9914110487821685,0.16988553614004998
0.4510000000000001,0.017050111312323087,0.0,0.16992455385926897,0.0006399213568430849,0.9546833726240374,0.005000006801027329,0.9917856131330726,0.16992455385926897
0.4515000000000001,0.017065111312323085,0.0,0.16996271188012402,0.0006275879886233685,0.955705049151811,0.0050000064190696535,0.9921518293174261,0.16996271188012402
0.4520000000000001,0.017080111312323086,0.0,0.17000001028567158,0.0006154975547020468,0.9567267321963933,0.0050000060587283325,0.9925096971743893,0.17000001028567158
0.4525000000000001,0.017095111312323087,0.0,0.1700364491655627,0.0006036447978104554,0.9577484217549629,0.00500000571875951,0.9928592165432141,0.1700364491655627
0.4530000000000001,0.01711011131232309,0.0,0.17007202861626852,0.0005920244606799296,0.9587701178246985,0.005000005397988905,0.993200387263243,0.17007202861626852
0.4535000000000001,0.017125111312323086,0.0,0.17010674874097656,0.0005806312860418047,0.9597918204027787,0.005000005095308157,0.9935332091739104,0.17010674874097656
0.4540000000000001,0.017140111312323087,0.0,0.17014060964965988,0.0005694600166274162,0.9608135294863822,0.005000004809671358,0.9938576821147415,0.17014060964965988
0.4545000000000001,0.017155111312323085,0.0,0.17017361145886356,0.0005585053951680996,0.9618352450726878,0.005000004540091738,0.9941738059253528,0.17017361145886356
0.4550000000000001,0.017170111312323086,0.0,0.17020575597829776,0.0005477762771532072,0.9628569671461611,0.005000004285991907,0.9944815804416746,0.17020575597829776
0.4555000000000001,0.017185111312323087,0.0,0.17023704393532985,0.000537276263581352,0.9638786956994814,0.00500000404666788,0.9947810055025174,0.17023704393532985
0.4560000000000001,0.017200111312323088,0.0,0.1702674715811554,0.0005269729063990609,0.9649004307591189,0.00500000382060047,0.9950720809564184,0.1702674715811554
0.45650000000000013,0.017215111312323086,0.0,0.17029703882936978,0.0005168634264008862,0.9659221723239808,0.005000003607079561,0.9953548066435342,0.17029703882936978
0.45700000000000013,0.017230111312323087,0.0,0.17032574560022826,0.0005069450443813804,0.9669439203929745,0.00500000340543062,0.995629182404056,0.17032574560022826
0.45750000000000013,0.017245111312323085,0.0,0.1703535918204699,0.000497214981135096,0.9679656749650073,0.0050000032150130744,0.9958952080782097,0.1703535918204699
0.45800000000000013,0.017260111312323086,0.0,0.1703805774235334,0.00048767045745658525,0.9689874360389866,0.00500000303521878,0.9961528835062562,0.1703805774235334
0.45850000000000013,0.017275111312323087,0.0,0.17040670234941221,0.00047830869414040075,0.9700092036138198,0.005000002865470523,0.9964022085284907,0.17040670234941221
0.45900000000000013,0.017290111312323088,0.0,0.1704319665447293,0.00046912691198109486,0.9710309776884142,0.005000002705220596,0.9966431829852433,0.1704319665447293
0.45950000000000013,0.017305111312323086,0.0,0.1704563699626551,0.00046012233177322,0.972052758261677,0.005000002553949425,0.9968758067168789,0.1704563699626551
0.46000000000000013,0.017320111312323087,0.0,0.17047991256302933,0.00045129217431132856,0.9730745453325157,0.005000002411164256,0.997100079563797,0.17047991256302933
0.46050000000000013,0.017335111312323084,0.0,0.17050259431218473,0.00044263366038997307,0.9740963388998376,0.005000002276397889,0.9973160013664317,0.17050259431218473
0.46100000000000013,0.017350111312323085,0.0,0.17052441518314737,0.00043414401080370593,0.97511813896255,0.00500000214920747,0.9975235719652521,0.17052441518314737
0.46150000000000013,0.017365111312323087,0.0,0.1705453751554133,0.0004258204463470795,0.9761399455195603,0.005000002029173328,0.9977227912007618,0.1705453751554133
0.46200000000000013,0.017380111312323088,0.0,0.17056547421511747,0.00041766018781464625,0.9771617585697758,0.005000001915897862,0.9979136589134991,0.17056547421511747
0.46250000000000013,0.017395111312323085,0.0,0.17058471235493597,0.00040966045600095873,0.9781835781121039,0.005000001809004478,0.9980961749440374,0.17058471235493597
0.46300000000000013,0.017410111312323086,0.0,0.1706030895741608,0.0004018184717005692,0.9792054041454519,0.005000001708136565,0.998270339132984,0.1706030895741608
0.46350000000000013,0.017425111312323088,0.0,0.17062060587858624,0.00039413145570803005,0.9802272366687271,0.005000001612956518,0.9984361513209818,0.17062060587858624
0.46400000000000013,0.017440111312323085,0.0,0.1706372612805996,0.0003865966288178939,0.981249075680837,0.0050000015231448066,0.998593611348708,0.1706372612805996
0.46450000000000014,0.017455111312323086,0.0,0.170653055799193,0.0003792112118247131,0.9822709211806887,0.005000001438399077,0.9987427190568746,0.170653055799193
0.46500000000000014,0.017470111312323088,0.0,0.17066798945983427,0.00037197242552304007,0.9832927731671898,0.005000001358433297,0.9988834742862281,0.17066798945983427
0.46550000000000014,0.017485111312323085,0.0,0.1706820622945417,0.00036487749070742716,0.9843146316392475,0.005000001282976942,0.99901587687755,0.1706820622945417
0.46600000000000014,0.017500111312323086,0.0,0.1706952743419747,0.00035792362817242695,0.9853364965957692,0.00500000121177421,0.9991399266716564,0.1706952743419747
0.46650000000000014,0.017515111312323087,0.0,0.17070762564724157,0.0003511080587125918,0.9863583680356621,0.005000001144583278,0.9992556235093982,0.17070762564724157
0.46700000000000014,0.017530111312323085,0.0,0.1707191162620058,0.0003444280031224741,0.9873802459578337,0.00500000108117559,0.999362967231661,0.1707191162620058
0.46750000000000014,0.017545111312323086,0.0,0.17072974624452966,0.00033788068219662627,0.9884021303611913,0.005000001021335176,0.9994619576793647,0.17072974624452966
0.46800000000000014,0.017560111312323087,0.0,0.17073951565954465,0.0003314633167296008,0.9894240212446422,0.005000000964858008,0.9995525946934649,0.17073951565954465
0.46850000000000014,0.01757511131232309,0.0,0.17074842457829517,0.00032517312751595016,0.9904459186070939,0.005000000911551375,0.9996348781149509,0.17074842457829517
0.46900000000000014,0.017590111312323086,0.0,0.17075647307859762,0.0003190073353502267,0.9914678224474535,0.005000000861233302,0.9997088077848473,0.17075647307859762
0.46950000000000014,0.017605111312323087,0.0,0.17076366124480527,0.00031296316102698285,0.9924897327646285,0.005000000813731983,0.9997743835442132,0.17076366124480527
0.47000000000000014,0.017620111312323085,0.0,0.17076998916769476,0.0003070378253407711,0.9935116495575261,0.005000000768885249,0.9998316052341426,0.17076998916769476
0.47050000000000014,0.017635111312323086,0.0,0.17077545694469784,0.0003012285490861438,0.994533572825054,0.005000000726540057,0.9998804726957641,0.17077545694469784
0.47100000000000014,0.017650111312323087,0.0,0.1707800646796311,0.0002955325530576535,0.9955555025661191,0.005000000686552012,0.9999209857702409,0.1707800646796311
0.47150000000000014,0.017665111312323088,0.0,0.17078381248289598,0.0002899470580498525,0.9965774387796289,0.005000000648784897,0.9999531442987712,0.17078381248289598
0.47200000000000014,0.017680111312323086,0.0,0.1707867004713028,0.0002844692848572933,0.9975993814644909,0.005000000613110242,0.9999769481225879,0.1707867004713028
0.47250000000000014,0.017695111312323087,0.0,0.17078872876828666,0.0002790964542745282,0.9986213306196123,0.005000000579406907,0.9999923970829583,0.17078872876828666
0.47300000000000014,0.017710111312323085,0.0,0.1707899026081595,0.0002738344751755895,0.999643286205484,0.0050000005476162875,0.9999994910210752,0.1707899026081595
0.47350000000000014,0.017725111312323086,0.0,0.17079021791340285,0.0002686827828273441,1.0006652482527276,0.005000000517638265,0.999998229779049,0.17079021791340285
0.47400000000000014,0.017740111312323087,0.0,0.1707896652940743,0.0002636276147985805,1.001687216831994,0.005000000489298988,0.9999886131974474,0.1707896652940743
0.47450000000000014,0.017755111312323088,0.0,0.17078824467559994,0.0002586676053933565,1.002709191943876,0.005000000462511494,0.999970641116045,0.17078824467559994
0.47500000000000014,0.017770111312323086,0.0,0.17078595598996113,0.00025380138891572976,1.003731173588967,0.0050000004371931455,0.999944313374596,0.17078595598996113
0.47550000000000014,0.017785111312323087,0.0,0.1707827991758536,0.000249027599669758,1.0047531617678598,0.005000000413265441,0.9999096298128343,0.1707827991758536
0.47600000000000015,0.017800111312323088,0.0,0.17077877417853224,0.0002443448719594988,1.005775156481148,0.005000000390653818,0.999866590270473,0.17077877417853224
0.47650000000000015,0.017815111312323086,0.0,0.1707738809498447,0.00023975184008901,1.0067971577294241,0.005000000369287483,0.9998151945872054,0.1707738809498447
0.47700000000000015,0.017830111312323087,0.0,0.17076811944832748,0.00023524713836234923,1.007819165513282,0.0050000003490992305,0.9997554426027037,0.17076811944832748
0.47750000000000015,0.017845111312323088,0.0,0.17076148963912946,0.00023082940108357417,1.0088411798333143,0.0050000003300252815,0.99968733415662,0.17076148963912946
0.47800000000000015,0.017860111312323085,0.0,0.17075399149398252,0.00022649726255674253,1.0098632006901143,0.005000000312005125,0.9996108690885861,0.17075399149398252
0.47850000000000015,0.017875111312323087,0.0,0.17074562499132917,0.000222249357085912,1.0108852280842753,0.005000000294981359,0.9995260472382133,0.17074562499132917
0.47900000000000015,0.017890111312323088,0.0,0.17073639011621458,0.00021808431897514025,1.01190726201639,0.005000000278899553,0.9994328684450922,0.17073639011621458
0.47950000000000015,0.017905111312323085,0.0,0.1707262868602415,0.000214000782528485,1.012929302487052,0.005000000263708097,0.9993313325487932,0.1707262868602415
0.48000000000000015,0.017920111312323087,0.0,0.1707153152217764,0.00020999738205000395,1.0139513494968544,0.005000000249358076,0.9992214393888664,0.1707153152217764
0.48050000000000015,0.017935111312323088,0.0,0.17070347520579454,0.00020607275184375478,1.01497340304639,0.005000000235803135,0.9991031888048414,0.17070347520579454
0.48100000000000015,0.01795011131232309,0.0,0.17069076682383472,0.0002022255262137952,1.0159954631362522,0.005000000222999356,0.9989765806362272,0.17069076682383472
0.48150000000000015,0.017965111312323086,0.0,0.17067719009411128,0.00019845433946418287,1.017017529767034,0.005000000210905143,0.9988416147225124,0.17067719009411128
0.48200000000000015,0.017980111312323088,0.0,0.17066274504157883,0.0001947578258989755,1.0180396029393288,0.0050000001994811045,0.9986982909031654,0.17066274504157883
0.48250000000000015,0.017995111312323085,0.0,0.17064743169769891,0.0001911346198222308,1.0190616826537295,0.005000000188689947,0.998546609017634,0.17064743169769891
0.48300000000000015,0.018010111312323086,0.0,0.1706312501007402,0.00018758335553800643,1.0200837689108293,0.0050000001784963706,0.9983865689053456,0.1706312501007402
0.48350000000000015,0.018025111312323087,0.0,0.1706142002954507,0.00018410266735036012,1.0211058617112214,0.00500000016886697,0.9982181704057072,0.1706142002954507
0.48400000000000015,0.01804011131232309,0.0,0.17059628233337396,0.00018069118956334952,1.0221279610554987,0.0050000001597701425,0.9980414133581054,0.17059628233337396
0.48450000000000015,0.018055111312323086,0.0,0.17057749627261548,0.00017734755648103238,1.0231500669442546,0.005000000151175991,0.9978562976019061,0.17057749627261548
0.48500000000000015,0.018070111312323087,0.0,0.17055784217798603,0.00017407040240746636,1.0241721793780822,0.005000000143056244,0.9976628229764553,0.17055784217798603
0.48550000000000015,0.018085111312323085,0.0,0.17053732012094078,0.00017085836164670913,1.0251942983575746,0.005000000135384169,0.9974609893210781,0.17053732012094078
0.48600000000000015,0.018100111312323086,0.0,0.17051593017964423,0.00016771006850281844,1.026216423883325,0.005000000128134497,0.9972507964750793,0.17051593017964423
0.48650000000000015,0.018115111312323087,0.0,0.17049367243884658,0.00016462415727985192,1.0272385559559263,0.0050000001212833455,0.9970322442777435,0.17049367243884658
0.48700000000000015,0.01813011131232309,0.0,0.17047054699002692,0.00016159926228186732,1.0282606945759718,0.005000000114808145,0.9968053325683346,0.17047054699002692
0.48750000000000016,0.018145111312323086,0.0,0.17044655393125419,0.0001586340178129223,1.0292828397440548,0.0050000001086875755,0.996570061186096,0.17044655393125419
0.48800000000000016,0.018160111312323087,0.0,0.17042169336740867,0.00015572705817707458,1.030304991460768,0.005000000102901497,0.9963264299702511,0.17042169336740867
0.48850000000000016,0.018175111312323085,0.0,0.17039596540983892,0.0001528770176783818,1.0313271497267051,0.0050000000974308925,0.9960744387600023,0.17039596540983892
0.48900000000000016,0.018190111312323086,0.0,0.17036937017680304,0.0001500825306209017,1.032349314542459,0.005000000092257802,0.9958140873945323,0.17036937017680304
0.48950000000000016,0.018205111312323087,0.0,0.17034190779307848,0.00014734223130869197,1.0333714859086225,0.005000000087365275,0.9955453757130024,0.17034190779307848
0.49000000000000016,0.018220111312323088,0.0,0.17031357839010522,0.0001446547540458103,1.0343936638257893,0.005000000082737308,0.9952683035545543,0.17031357839010522
0.49050000000000016,0.018235111312323086,0.0,0.17028438210609764,0.00014201873313631435,1.0354158482945521,0.005000000078358804,0.994982870758309,0.17028438210609764
0.49100000000000016,0.018250111312323087,0.0,0.17026187401140253,0.00013944493644971106,1.036437982368196,0.005000000074236168,0.9946890937637402,0.17026187401140253
0.49150000000000016,0.018265111312323088,0.0,0.1702423536510049,0.0001369297236653638,1.0374600939310528,0.005000000070350055,0.9943869654507068,0.1702423536510049
0.49200000000000016,0.018280111312323086,0.0,0.1702176327570137,0.00013445994564845946,1.0384822447071436,0.005000000066667489,0.9940764673691981,0.1702176327570137
0.49250000000000016,0.018295111312323087,0.0,0.17018808204354297,0.00013203503109003616,1.0395044319100766,0.0050000000631781885,0.9937575994378485,0.17018808204354297
0.49300000000000016,0.018310111312323088,0.0,0.17015407231302687,0.00012965440868113195,1.0405266527534598,0.005000000059872349,0.993430361666402,0.17015407231302687
0.49350000000000016,0.01832511131232309,0.0,0.17011597440578066,0.00012731750711278487,1.0415489044509008,0.005000000056740636,0.9930947541557197,0.17011597440578066
0.49400000000000016,0.018340111312323087,0.0,0.17007415915344865,0.00012502375507603302,1.0425711842160075,0.0050000000537741545,0.992750777097787,0.17007415915344865
0.49450000000000016,0.018355111312323088,0.0,0.17002899733681032,0.0001227725812619144,1.0435934892623877,0.005000000050964437,0.9923984307757203,0.17002899733681032
0.49500000000000016,0.018370111312323086,0.0,0.1699808596469725,0.00012056341436146714,1.0446158168036497,0.00500000004830342,0.9920377155637727,0.1699808596469725
0.49550000000000016,0.018385111312323087,0.0,0.1699301166514828,0.00011839568306572924,1.0456381640534007,0.005000000045783432,0.9916686319273396,0.1699301166514828
0.49600000000000016,0.018400111312323088,0.0,0.169877138763407,0.00011626881606573881,1.0466605282252492,0.0050000000433971705,0.9912911804229628,0.169877138763407
0.49650000000000016,0.01841511131232309,0.0,0.16982229621537434,0.00011418224205253387,1.0476829065328026,0.00500000004113769,0.9909053616983361,0.16982229621537434
0.49700000000000016,0.018430111312323087,0.0,0.16976595903686859,0.00011213538971715251,1.048705296189669,0.0050000000389983845,0.9905111764923065,0.16976595903686859
0.49750000000000016,0.018445111312323088,0.0,0.16970849703626784,0.0001101276877506328,1.0497276944094562,0.005000000036972973,0.9901086256348789,0.16970849703626784
0.49800000000000016,0.018460111312323085,0.0,0.16965027978608316,0.00010815856484401275,1.050750098405772,0.005000000035055485,0.9896977100472178,0.16965027978608316
0.49850000000000017,0.018475111312323086,0.0,0.1695916766130086,0.00010622744968833046,1.0517725053922244,0.005000000033240244,0.9892784307416483,0.1695916766130086
0.49900000000000017,0.018490111312323088,0.0,0.1695330565912953,0.000104333770974624,1.0527949125824212,0.00500000003152186,0.988850788821658,0.1695330565912953
0.49950000000000017,0.01850511131232309,0.0,0.16947478854067066,0.00010247695739393141,1.05381731718997,0.005000000029895209,0.9884147854818967,0.16947478854067066
0.5000000000000002,0.01852011131232309,0.0,0.16941724102792632,0.00010065643763729056,1.0548397164284793,0.005000000028355428,0.9879704220081759,0.16941724102792632
0.5005000000000002,0.018535111312323087,0.0,0.1693607823727379,9.887164039574011e-05,1.0558621075115562,0.005000000026897897,0.9875176997774694,0.1693607823727379
0.5010000000000001,0.018550111312323085,0.0,0.16930578065730995,9.71219943603177e-05,1.056884487652809,0.005000000025518232,0.9870566202579097,0.16930578065730995
0.5015000000000002,0.018565111312323086,0.0,0.16925260374020606,9.540692822206104e-05,1.0579068540658458,0.00500000002421227,0.9865871850087873,0.16925260374020606
0.5020000000000002,0.018580111312323087,0.0,0.16920161927412922,9.372587067200857e-05,1.058929203964274,0.005000000022976063,0.986109395680548,0.16920161927412922
0.5025000000000002,0.01859511131232309,0.0,0.16915319472757417,9.207825040119871e-05,1.0599515345617014,0.005000000021805864,0.9856232540147885,0.16915319472757417
0.5030000000000001,0.018610111312323086,0.0,0.1691076974106652,9.046349610066915e-05,1.0609738430717361,0.0050000000206981195,0.9851287618442531,0.1691076974106652
0.5035000000000002,0.018625111312323087,0.0,0.16906549450510003,8.888103646145761e-05,1.0619961267079863,0.005000000019649461,0.9846259210928292,0.16906549450510003
0.5040000000000002,0.01864011131232309,0.0,0.16902695309776314,8.733030017460249e-05,1.0630183826840596,0.005000000018656693,0.9841147337755417,0.16902695309776314
0.5045000000000002,0.018655111312323086,0.0,0.16899244021874266,8.581071593114219e-05,1.0640406082135634,0.005000000017716787,0.9835952019985476,0.16899244021874266
0.5050000000000001,0.018670111312323087,0.0,0.16896232288304752,8.432171242211446e-05,1.065062800510106,0.005000000016826874,0.9830673279591287,0.16896230819086352
0.5055000000000002,0.01868511131232309,0.0,0.16893696813638454,8.2862718338557e-05,1.0660849567872952,0.005000000015984234,0.9825311139456853,0.16893095662688393
0.5060000000000002,0.01870011131232309,0.0,0.16891674310527652,8.143316237150822e-05,1.067107074258739,0.0050000000151862916,0.9819865623377284,0.1688938719834697
0.5065000000000002,0.018715111312323087,0.0,0.16890201505069327,8.003247321200648e-05,1.068129150138045,0.005000000014430605,0.9814336756058709,0.1688514228492242
0.5070000000000001,0.018730111312323085,0.0,0.16889315142621109,7.866007955108955e-05,1.069151181638821,0.005000000013714866,0.9808724563118191,0.16880397812375325
0.5075000000000002,0.018745111312323086,0.0,0.1688905199396072,7.731541007979515e-05,1.0701731659746754,0.005000000013036884,0.9803029071083627,0.16875190707924712
0.5080000000000002,0.018760111312323087,0.0,0.16889448861896703,7.59978934891617e-05,1.0711951003592157,0.00500000001239459,0.9797250307393648,0.16869557942657445
0.5085000000000002,0.018775111312323088,0.0,0.1689054258826793,7.470695847022749e-05,1.0722169820060496,0.005000000011786023,0.9791388300397517,0.16863536538526336
0.5090000000000001,0.018790111312323086,0.0,0.16892370061313183,7.34420337140303e-05,1.0732388081287851,0.005000000011209326,0.9785443079355,0.16857163575718243
0.5095000000000002,0.018805111312323087,0.0,0.16894968223498236,7.220254791160797e-05,1.0742605759410304,0.005000000010662746,0.9779414674436259,0.16850476200479556
0.5100000000000002,0.018820111312323088,0.0,0.1689837407968802,7.098792975399881e-05,1.075282282656393,0.0050000000101446205,0.9773303116721718,0.16843511633286756
0.5105000000000002,0.018835111312323086,0.0,0.16902624705757543,6.979760793224112e-05,1.0763039254884805,0.005000000009653379,0.9767108438201937,0.16836307177455578
0.5110000000000001,0.018850111312323087,0.0,0.16907757257588515,6.863101113737271e-05,1.0773255016509014,0.005000000009187536,0.9760830671777458,0.16828900228135815
0.5115000000000002,0.018865111312323088,0.0,0.16913808980467238,6.74875680604314e-05,1.0783470083572633,0.005000000008745687,0.9754469851258677,0.16821328281707343
0.5120000000000002,0.01888011131232309,0.0,0.1692081721889941,6.636670739245549e-05,1.0793684428211738,0.005000000008326502,0.9748026011365682,0.16813628945592954
0.5125000000000002,0.018895111312323087,0.0,0.16928819426785618,6.526785782448329e-05,1.080389802256241,0.005000000007928726,0.9741499187728099,0.16805839948431758
0.5130000000000001,0.018910111312323084,0.0,0.16937853178063741,6.419044804755264e-05,1.0814110838760729,0.005000000007551173,0.9734889416884921,0.16797999150719498
0.5135000000000002,0.018925111312323085,0.0,0.1694795617769326,6.313390675270132e-05,1.0824322848942771,0.00500000000719272,0.9728196736284349,0.16790144555790618
0.5140000000000002,0.01894011131232309,0.0,0.16959166273059612,6.209766263096766e-05,1.0834534025244618,0.005000000006852306,0.9721421184283606,0.16782314321220335
0.5145000000000002,0.018955111312323088,0.0,0.16971521465786088,6.108114437338993e-05,1.0844744339802344,0.00500000000652893,0.9714562800148762,0.1677454677063416
0.5150000000000001,0.018970111312323085,0.0,0.16985059923956422,6.0083780671006003e-05,1.0854953764752029,0.0050000000062216466,0.9707621624054533,0.1676688040592802
0.5155000000000002,0.018985111312323086,0.0,0.1699981999471676,5.9105000214853686e-05,1.0865162272229754,0.005000000005929561,0.97005976970841,0.1675935391986771
0.5160000000000002,0.01900011131232309,0.0,0.1701584021728206,5.814423169597121e-05,1.0875369834371598,0.005000000005651827,0.9693491061228897,0.16752006209092637
0.5165000000000002,0.01901511131232309,0.0,0.17032610770921525,5.7202471515346596e-05,1.088557683672388,0.005000000005388124,0.968630146650325,0.16744326809874924
0.5170000000000001,0.019030111312323086,0.0,0.1705018323701204,5.627913192015807e-05,1.0895783241260055,0.005000000005137648,0.9679028953871052,0.16736367578965788
0.5175000000000002,0.019045111312323088,0.0,0.17068740682027111,5.537340532162797e-05,1.0905988911085989,0.005000000004899582,0.967167363719569,0.16728312137403029
0.5180000000000002,0.01906011131232309,0.0,0.17088283031900348,5.448502322877157e-05,1.0916193847455238,0.005000000004673304,0.9664235533554068,0.16720160641546217
0.5185000000000002,0.019075111312323086,0.0,0.17108810292257826,5.361371715060416e-05,1.0926398051621355,0.005000000004458228,0.9656714659980863,0.16711913326898534
0.5190000000000001,0.019090111312323084,0.0,0.17130322547943294,5.275921859614058e-05,1.0936601524837906,0.005000000004253789,0.9649111033468524,0.16703570507632043
0.5195000000000002,0.01910511131232309,0.0,0.17152819962563015,5.192125907439575e-05,1.0946804268358448,0.005000000004059455,0.964142467096729,0.16695132576132685
0.5200000000000002,0.01912011131232309,0.0,0.1717630277799372,5.109957009438493e-05,1.0957006283436532,0.005000000003874717,0.9633655589385198,0.16686600002508314
0.5205000000000002,0.019135111312323087,0.0,0.17200771313916535,5.0293883165123364e-05,1.0967207571325719,0.00500000000369909,0.9625803805588082,0.16677973334122695
0.5210000000000001,0.019150111312323085,0.0,0.1722622596734538,4.950392979562595e-05,1.0977408133279565,0.005000000003532114,0.9617869336399583,0.16669253195123995
0.5215000000000002,0.01916511131232309,0.0,0.17252667212159403,4.872944149490759e-05,1.0987607970551632,0.005000000003373352,0.9609852198601155,0.16660440285977335
0.5220000000000002,0.01918011131232309,0.0,0.17280095598620404,4.797014977198354e-05,1.0997807084395474,0.005000000003222387,0.960175240893208,0.16651535382982297
0.5225000000000002,0.01919511131232309,0.0,0.1730851175292579,4.7225786135869044e-05,1.1008005476064648,0.005000000003078823,0.9593569984089473,0.16642539337826007
0.5230000000000001,0.019210111312323086,0.0,0.17337916376721346,4.649608209557899e-05,1.101820314681271,0.005000000002942284,0.9585304940728278,0.16633453077095928
0.5235000000000002,0.019225111312323087,0.0,0.17368310246640017,4.5780769160128315e-05,1.1028400097893225,0.005000000002812412,0.9576957295461282,0.16624277601818785
0.5240000000000002,0.019240111312323088,0.0,0.17399694213835232,4.507957883853224e-05,1.1038596330559745,0.005000000002688867,0.9568527064859134,0.16615013986993987
0.5245000000000002,0.01925511131232309,0.0,0.17432069203521355,4.439224263980601e-05,1.1048791846065824,0.005000000002571324,0.9560014265450336,0.16605663381134184
0.5250000000000001,0.019270111312323087,0.0,0.1746543621448643,4.371849207296453e-05,1.1058986645665025,0.00500000000245948,0.9551418913721255,0.1659622700577802
0.5255000000000002,0.019285111312323088,0.0,0.17499796318656455,4.305805864702274e-05,1.1069180730610908,0.00500000000235304,0.954274102611613,0.16586706155054592
0.5260000000000002,0.01930011131232309,0.0,0.17535150660619264,4.241067387099585e-05,1.1079374102157025,0.005000000002251727,0.9533980619037087,0.16577102195207416
0.5265000000000002,0.019315111312323087,0.0,0.17571500457165096,4.177606925389909e-05,1.108956676155693,0.005000000002155279,0.9525137708844137,0.1656741656413508
0.5270000000000001,0.019330111312323088,0.0,0.17608846996808836,4.115397630474739e-05,1.109975871006419,0.005000000002063445,0.951621231185518,0.16557650770913493
0.5275000000000002,0.01934511131232309,0.0,0.17647191639344914,4.0544126532555684e-05,1.1109949948932358,0.005000000001975988,0.9507204444346022,0.16547806395350992
0.5280000000000002,0.01936011131232309,0.0,0.17686535815393506,3.994625144633919e-05,1.1120140479414993,0.005000000001892683,0.9498114122550381,0.16537885087534618
0.5285000000000002,0.019375111312323088,0.0,0.17726881025925217,3.9360082555113105e-05,1.1130330302765647,0.005000000001813315,0.9488941362659888,0.1652788856735485
0.5290000000000001,0.019390111312323086,0.0,0.17768228841808878,3.8785351367892385e-05,1.1140519420237882,0.005000000001737682,0.9479686180824098,0.16517818624053499
0.5295000000000002,0.019405111312323087,0.0,0.17810580903353793,3.8221789393691966e-05,1.1150707833085258,0.0050000000016655905,0.9470348593150492,0.16507677115766042
0.5300000000000002,0.019420111312323088,0.0,0.17853938919852783,3.766912814152707e-05,1.116089554256133,0.005000000001596856,0.9460928615704494,0.16497465969064817
0.5305000000000002,0.01943511131232309,0.0,0.17898250381437258,3.713156507797627e-05,1.1171082589830663,0.005000000001531897,0.9451426227118203,0.1648713267461215
0.5310000000000001,0.019450111312323087,0.0,0.1794354564424325,3.660488834673932e-05,1.1181268955061903,0.005000000001469993,0.9441841462322784,0.16476707908501176
0.5315000000000002,0.019465111312323088,0.0,0.17989837542363687,3.608765924314432e-05,1.1191454631424615,0.005000000001410838,0.9432174344502734,0.16466204759988362
0.5320000000000003,0.01948011131232309,0.0,0.18037125158462275,3.557976135360681e-05,1.1201639622247739,0.005000000001354308,0.9422424887297725,0.16455622511517531
0.5325000000000002,0.019495111312323087,0.0,0.18085407624487365,3.508107826454228e-05,1.12118239308602,0.005000000001300289,0.9412593104237813,0.164449604933924
0.5330000000000001,0.019510111312323088,0.0,0.18134684120450126,3.4591493562366034e-05,1.1222007560590945,0.005000000001248667,0.9402679008743426,0.16434218082554747
0.5335000000000002,0.01952511131232309,0.0,0.1818495387327939,3.411089083349337e-05,1.123219051476891,0.005000000001199337,0.9392682614125412,0.16423394701439695
0.5340000000000003,0.01954011131232309,0.0,0.18236216155649984,3.36391536643398e-05,1.1242372796723026,0.005000000001152195,0.9382603933585043,0.16412489816804202
0.5345000000000002,0.019555111312323088,0.0,0.1828847028481999,3.317616564132083e-05,1.1252554409782232,0.005000000001107142,0.9372442980214034,0.1640150293856454
0.5350000000000001,0.019570111312323085,0.0,0.18341715621496468,3.272181035085177e-05,1.126273535727546,0.005000000001064087,0.9362199766994567,0.1639043361866233
0.5355000000000002,0.019585111312323086,0.0,0.1839595156864516,3.227597137934791e-05,1.1272915642531653,0.005000000001022939,0.9351874306799292,0.16379281449874286
0.5360000000000003,0.01960011131232309,0.0,0.18451177570393695,3.1838532313224765e-05,1.1283095268879746,0.005000000000983611,0.9341466612391365,0.16368046064715885
0.5365000000000002,0.01961511131232309,0.0,0.18507393110868994,3.140937673889784e-05,1.129327423964867,0.005000000000946021,0.9330976696424462,0.16356727134278914
0.5370000000000001,0.019630111312323086,0.0,0.18564597713066347,3.098838824278243e-05,1.1303452558167366,0.005000000000910092,0.932040457144278,0.16345324367100647
0.5375000000000002,0.019645111312323087,0.0,0.18622790937750489,3.057545041129386e-05,1.1313630227764768,0.005000000000875748,0.9309750249881074,0.16333837508065363
0.5380000000000003,0.01966011131232309,0.0,0.18681972382293638,3.017044683084762e-05,1.1323807251769815,0.005000000000842918,0.9299013744064659,0.16322266337242425
0.5385000000000002,0.019675111312323086,0.0,0.18742141679594543,2.9773261087859206e-05,1.133398363351144,0.0050000000008115315,0.9288195066209447,0.16310610668805672
0.5390000000000001,0.019690111312323087,0.0,0.18803298496967322,2.938377676874393e-05,1.134415937631858,0.005000000000781524,0.9277294228421937,0.16298870349922429
0.5395000000000002,0.01970511131232309,0.0,0.1886544253502278,2.9001877459917123e-05,1.1354334483520174,0.005000000000752833,0.9266311242699257,0.16287045259635047
0.5400000000000003,0.01972011131232309,0.0,0.1892857352658508,2.8627446747794264e-05,1.1364508958445156,0.005000000000725398,0.9255246120929166,0.16275135307777805
0.5405000000000002,0.019735111312323087,0.0,0.1899269123559769,2.8260368218790847e-05,1.137468280442246,0.005000000000699162,0.924409887489008,0.1626314043388309
0.5410000000000001,0.019750111312323085,0.0,0.1905779545603833,2.7900525459322186e-05,1.1384856024781025,0.00500000000067407,0.9232869516251079,0.16251060606096512
0.5415000000000002,0.019765111312323086,0.0,0.19123886010843014,2.7547802055803618e-05,1.1395028622849788,0.00500000000065007,0.922155805657193,0.16238895820101218
0.5420000000000003,0.01978011131232309,0.0,0.19190962750822496,2.720208159465062e-05,1.1405200601957686,0.005000000000627113,0.9210164507303104,0.16226646098034506
0.5425000000000002,0.019795111312323088,0.0,0.192590255536077,2.6863247662278672e-05,1.141537196543365,0.005000000000605149,0.9198688879785796,0.16214311487433591
0.5430000000000001,0.019810111312323086,0.0,0.19328074322574293,2.6531183845103102e-05,1.1425542716606618,0.005000000000584134,0.9187131185251929,0.16201892060160178
0.5435000000000002,0.019825111312323087,0.0,0.1939810898579962,2.620577372953925e-05,1.1435712858805531,0.005000000000564025,0.9175491434824179,0.16189387911357775
0.5440000000000003,0.01984011131232309,0.0,0.1946912949500203,2.588690090200259e-05,1.1445882395359324,0.005000000000544779,0.9163769639515994,0.1617679915839118
0.5445000000000002,0.01985511131232309,0.0,0.1954113582449591,2.5574448948908597e-05,1.1456051329596926,0.005000000000526357,0.915196581023161,0.16164125939801782
0.5450000000000002,0.019870111312323087,0.0,0.1961412797016253,2.5268301456672595e-05,1.146621966484728,0.005000000000508721,0.9140079957766053,0.16151368414278494
0.5455000000000002,0.019885111312323088,0.0,0.19688105948406512,2.4968342011709937e-05,1.1476387404439323,0.005000000000491834,0.9128112092805167,0.16138526759614502
0.5460000000000003,0.01990011131232309,0.0,0.19763069795131413,2.467445420043609e-05,1.1486554551701988,0.005000000000475663,0.911606222592564,0.16125601171683088
0.5465000000000002,0.01991511131232309,0.0,0.19839019564717708,2.438652160926652e-05,1.1496721109964212,0.0050000000004601745,0.9103930367594999,0.16112591863415765
0.5470000000000002,0.019930111312323084,0.0,0.1991595532900307,2.410442782461657e-05,1.150688708255493,0.005000000000445337,0.9091716528171636,0.16099499063782802
0.5475000000000002,0.01994511131232309,0.0,0.19993877176288782,2.3828056432901585e-05,1.1517052472803082,0.00500000000043112,0.9079420717904821,0.1608632301679974
0.5480000000000003,0.01996011131232309,0.0,0.20072785210300964,2.3557291020537026e-05,1.1527217284037603,0.005000000000417494,0.9067042946934722,0.16073063980488972
0.5485000000000002,0.019975111312323088,0.0,0.20152679549225352,2.3292015173938362e-05,1.1537381519587426,0.0050000000004044335,0.9054583225292423,0.1605972222591465
0.5490000000000002,0.019990111312323085,0.0,0.20233560324700406,2.303211247952094e-05,1.154754518278149,0.0050000000003919114,0.9042041562899923,0.16046298036175957
0.5495000000000002,0.02000511131232309,0.0,0.20315427680826176,2.27774665237001e-05,1.155770827694873,0.005000000000379903,0.9029417969570167,0.16032791705416172
0.5500000000000003,0.02002011131232309,0.0,0.20398281773185817,2.2527960892891313e-05,1.1567870805418083,0.005000000000368383,0.901671245500706,0.16019203537844523
0.5505000000000002,0.02003511131232309,0.0,0.20482122767862446,2.2283479173510034e-05,1.1578032771518485,0.005000000000357331,0.9003925028805475,0.16005533846753017
0.5510000000000002,0.020050111312323086,0.0,0.20566950840489312,2.2043904951971614e-05,1.1588194178578872,0.005000000000346724,0.8991055700451273,0.15991782953566994
0.5515000000000002,0.020065111312323088,0.0,0.20652766175261003,2.1809121814691405e-05,1.1598355029928185,0.00500000000033654,0.8978104479321309,0.15977951186856387
0.5520000000000003,0.02008011131232309,0.0,0.20739568963995064,2.1579013348084863e-05,1.1608515328895352,0.005000000000326761,0.8965071374683471,0.15964038881397719
0.5525000000000002,0.02009511131232309,0.0,0.20827359405161477,2.1353463138567445e-05,1.1618675078809313,0.005000000000317367,0.8951956395696665,0.15950046377203575
0.5530000000000002,0.020110111312323087,0.0,0.20916137702931548,2.1132354772554504e-05,1.1628834282999003,0.005000000000308341,0.8938759551410849,0.15935974018571733
0.5535000000000002,0.02012511131232309,0.0,0.21005904066263817,2.09155718364614e-05,1.1638992944793365,0.005000000000299665,0.8925480850767029,0.15921822153171325
0.5540000000000003,0.02014011131232309,0.0,0.21096658707947188,2.0702997916703582e-05,1.1649151067521326,0.005000000000291322,0.8912120302597308,0.1590759113108618
0.5545000000000002,0.020155111312323087,0.0,0.21188401843663504,2.0494516599696503e-05,1.1659308654511826,0.005000000000283297,0.8898677915624861,0.1589328130387745
0.5550000000000002,0.02017011131232309,0.0,0.21281133691087326,2.0290011471855523e-05,1.1669465709093803,0.005000000000275574,0.8885153698463971,0.15878893023683677
0.5555000000000002,0.02018511131232309,0.0,0.21374854468946064,2.0089366119596e-05,1.167962223459619,0.00500000000026814,0.887154765962004,0.15864426642281118
0.5560000000000003,0.02020011131232309,0.0,0.2146956439610671,1.9892464129333384e-05,1.1689778234347927,0.00500000000026098,0.8857859807489601,0.15849882510170551
0.5565000000000002,0.02021511131232309,0.0,0.21565263690685932,1.9699189087483124e-05,1.1699933711677946,0.005000000000254081,0.8844090150360338,0.15835260975687726
0.5570000000000002,0.020230111312323086,0.0,0.2166195256914135,1.9509424580460578e-05,1.1710088669915184,0.005000000000247431,0.8830238696411087,0.15820562384094708
0.5575000000000002,0.020245111312323087,0.0,0.2175961544534726,1.932493464319095e-05,1.1720243122923435,0.005000000000241092,0.8816305439213851,0.15805771159432724
0.5580000000000003,0.02026011131232309,0.0,0.21858254728622323,1.914416640197058e-05,1.173039707249742,0.005000000000234993,0.8802290388596943,0.15790889850892864
0.5585000000000002,0.02027511131232309,0.0,0.21957873510802062,1.8966614518398178e-05,1.1740550519988808,0.005000000000229108,0.8788193554946676,0.15775921694440648
0.5590000000000002,0.020290111312323087,0.0,0.22058472082493896,1.87922402128976e-05,1.1750703468618,0.005000000000223427,0.8774014945987562,0.15760867102849213
0.5595000000000002,0.020305111312323088,0.0,0.22160050728693528,1.8621004705892726e-05,1.1760855921605389,0.0050000000002179456,0.8759754569338895,0.157457264819125
0.5600000000000003,0.02032011131232309,0.0,0.22262609727885976,1.8452869217807498e-05,1.1771007882171374,0.0050000000002126555,0.8745412432514746,0.15730500229546102
0.5605000000000002,0.020335111312323087,0.0,0.2236614935127681,1.8287794969065866e-05,1.1781159353536343,0.005000000000207549,0.8730988542923999,0.15715188735018962
0.5610000000000002,0.020350111312323088,0.0,0.22470669861946596,1.81257431800917e-05,1.1791310338920695,0.005000000000202621,0.871648290787033,0.15699792378107713
0.5615000000000002,0.02036511131232309,0.0,0.2257617151403565,1.7966675071308868e-05,1.180146084154483,0.005000000000197864,0.8701895534552236,0.15684311528281708
0.5620000000000003,0.02038011131232309,0.0,0.22682654551962975,1.7810551863141323e-05,1.181161086462914,0.0050000000001932735,0.8687226430063063,0.15668746543922207
0.5625000000000002,0.020395111312323088,0.0,0.22790119209607407,1.7657334776013e-05,1.1821760411394018,0.005000000000188841,0.8672475601391,0.15653097771503616
0.5630000000000002,0.020410111312323086,0.0,0.22898565709512086,1.750698503034778e-05,1.183190948505986,0.005000000000184563,0.8657643055419089,0.1563736554479801
0.5635000000000002,0.020425111312323087,0.0,0.23007994262105183,1.7359463846569533e-05,1.1842058088847065,0.005000000000180434,0.8642728798925239,0.15621550184096178
0.5640000000000003,0.020440111312323088,0.0,0.23118405064889583,1.7214732445102204e-05,1.185220622597603,0.0050000000001764475,0.8627732838582254,0.15605651995397316
0.5645000000000002,0.02045511131232309,0.0,0.23229798301714563,1.707275204636973e-05,1.1862353899667142,0.005000000000172599,0.8612655180957836,0.1558967126968117
0.5650000000000002,0.020470111312323087,0.0,0.23342174141935965,1.6933483870795992e-05,1.18725011131408,0.005000000000168884,0.8597495832514584,0.15573608282067924
0.5655000000000002,0.020485111312323088,0.0,0.23455532739691298,1.6796889138804866e-05,1.1882647869617406,0.005000000000165298,0.8582254799610016,0.1555746329109366
0.5660000000000003,0.020500111312323092,0.0,0.23569874233140187,1.6662929070820295e-05,1.1892794172317351,0.005000000000161834,0.8566932088496589,0.15541236537951159
0.5665000000000002,0.020515111312323087,0.0,0.23685198743662159,1.653156488726621e-05,1.1902940024461026,0.0050000000001584905,0.8551527705321708,0.15524928245687536
0.5670000000000002,0.020530111312323088,0.0,0.23801506375170411,1.6402757808566495e-05,1.191308542926883,0.005000000000155261,0.8536041656127717,0.15508538618518308
0.5675000000000002,0.02054511131232309,0.0,0.23918797213290652,1.6276469055145027e-05,1.1923230389961161,0.005000000000152144,0.8520473946851936,0.15492067841006268
0.5680000000000003,0.02056011131232309,0.0,0.24037071324682052,1.6152659847425747e-05,1.1933374909758414,0.005000000000149133,0.8504824583326658,0.15475516077382817
0.5685000000000002,0.02057511131232309,0.0,0.2415632875626743,1.603129140583259e-05,1.194351899188098,0.005000000000146226,0.8489093571279177,0.15458883470778112
0.5690000000000002,0.020590111312323085,0.0,0.24276569534494447,1.5912324950789434e-05,1.1953662639549256,0.005000000000143418,0.8473280916331773,0.1544217014248237
0.5695000000000002,0.020605111312323086,0.0,0.2439779366465465,1.5795721702720166e-05,1.1963805855983642,0.005000000000140707,0.8457386624001741,0.15425376191265203
0.5700000000000003,0.02062011131232309,0.0,0.24520001130110683,1.5681442882048717e-05,1.197394864440453,0.005000000000138088,0.8441410699701406,0.15408501692602886
0.5705000000000002,0.02063511131232309,0.0,0.24643191891611088,1.5569449709199024e-05,1.1984091008032314,0.005000000000135559,0.8425353148738127,0.15391546697993447
0.5710000000000002,0.020650111312323086,0.0,0.24767365886569287,1.5459703404594966e-05,1.199423295008739,0.005000000000133116,0.84092139763143,0.15374511234235477
0.5715000000000002,0.02066511131232309,0.0,0.24892523028366734,1.535216518866043e-05,1.2004374473790156,0.005000000000130756,0.8392993187527374,0.1535739530273164
0.5720000000000003,0.020680111312323092,0.0,0.2501866320564252,1.5246796281819354e-05,1.2014515582361007,0.0050000000001284755,0.8376690787369877,0.1534019887877851
0.5725000000000002,0.020695111312323086,0.0,0.25145786281622506,1.5143557904495662e-05,1.2024656279020334,0.005000000000126273,0.8360306780729414,0.15322921910895781
0.5730000000000002,0.020710111312323087,0.0,0.25273892093404404,1.5042411277113241e-05,1.2034796566988537,0.005000000000124145,0.8343841172388666,0.15305564320111176
0.5735000000000002,0.02072511131232309,0.0,0.2540298045128622,1.4943317620095981e-05,1.2044936449486012,0.005000000000122088,0.8327293967025416,0.15288125999289473
0.5740000000000003,0.02074011131232309,0.0,0.2553305113808867,1.4846238153867812e-05,1.2055075929733154,0.005000000000120101,0.8310665169212564,0.15270606812454812
0.5745000000000002,0.02075511131232309,0.0,0.2566410390849445,1.475113409885266e-05,1.2065215010950354,0.005000000000118181,0.8293954783418132,0.1525300659413026
0.5750000000000002,0.020770111312323085,0.0,0.2579613848834298,1.4657966675474414e-05,1.2075353696358013,0.0050000000001163255,0.8277162814005252,0.15235325148632414
0.5755000000000002,0.02078511131232309,0.0,0.25929154574042024,1.4566697104156964e-05,1.2085491989176524,0.005000000000114531,0.8260289265232217,0.152175622494835
0.5760000000000003,0.02080011131232309,0.0,0.260631518318113,1.4477286605324242e-05,1.2095629892626283,0.005000000000112797,0.8243334141252462,0.1519971763865476
0.5765000000000002,0.020815111312323088,0.0,0.2619812989712044,1.438969639940017e-05,1.2105767409927684,0.005000000000111121,0.8226297446114582,0.1518179102600492
0.5770000000000002,0.02083011131232309,0.0,0.2633408837400114,1.4303887706808637e-05,1.2115904544301124,0.0050000000001095,0.8209179183762342,0.15163782088592104
0.5775000000000002,0.02084511131232309,0.0,0.2647102683441477,1.4219821747973538e-05,1.2126041298966999,0.005000000000107933,0.8191979358034687,0.15145690470041873
0.5780000000000003,0.02086011131232309,0.0,0.2660894481760988,1.4137459743318793e-05,1.2136177677145703,0.005000000000106418,0.8174697972665755,0.15127515779904618
0.5785000000000002,0.02087511131232309,0.0,0.2674784182950843,1.405676291326834e-05,1.214631368205763,0.005000000000104951,0.8157335031284887,0.15109257593042127
0.5790000000000002,0.020890111312323087,0.0,0.2688771734207406,1.397769247824606e-05,1.215644931692318,0.005000000000103533,0.8139890537416622,0.15090915448995817
0.5795000000000002,0.020905111312323088,0.0,0.2702857079269343,1.3900209658675846e-05,1.2166584584962745,0.005000000000102161,0.8122364494480724,0.1507248885136826
0.5800000000000003,0.02092011131232309,0.0,0.2717040158355904,1.382427567498163e-05,1.2176719489396723,0.005000000000100833,0.8104756905792188,0.15053977267206164
0.5805000000000002,0.02093511131232309,0.0,0.2731320908107315,1.374985174758733e-05,1.2186854033445507,0.005000000000099547,0.8087067774561247,0.15035380126404413
0.5810000000000002,0.020950111312323088,0.0,0.27456992615225434,1.3676899096916837e-05,1.219698822032949,0.005000000000098303,0.8069297103893385,0.15016696821083758
0.5815000000000002,0.02096511131232309,0.0,0.27601751479015635,1.3605378943394051e-05,1.2207122053269075,0.005000000000097099,0.8051444896789322,0.1499792670501357
0.5820000000000003,0.02098011131232309,0.0,0.277474849278538,1.3535252507442893e-05,1.2217255535484652,0.005000000000095931,0.8033511156145067,0.14979069093012407
0.5825000000000002,0.020995111312323088,0.0,0.27894192178969834,1.3466481009487286e-05,1.2227388670196617,0.005000000000094801,0.8015495884751898,0.14960123260357502
0.5830000000000002,0.02101011131232309,0.0,0.28041872410840385,1.3399025669951125e-05,1.2237521460625367,0.0050000000000937055,0.7997399085296371,0.1494108844221173
0.5835000000000002,0.02102511131232309,0.0,0.2819052476261313,1.33328477092583e-05,1.2247653909991296,0.005000000000092643,0.7979220760360335,0.14921963833048246
0.5840000000000003,0.02104011131232309,0.0,0.2834014833351222,1.3267908347832739e-05,1.2257786021514803,0.0050000000000916135,0.7960960912420944,0.1490274858605566
0.5845000000000002,0.02105511131232309,0.0,0.28490742182321643,1.3204168806098363e-05,1.2267917798416277,0.005000000000090614,0.7942619543850667,0.14883441812622045
0.5850000000000002,0.021070111312323087,0.0,0.28642305326781176,1.3141590304479067e-05,1.2278049243916116,0.0050000000000896445,0.7924196656917285,0.14864042581730466
0.5855000000000002,0.021085111312323088,0.0,0.28794836743040086,1.3080134063398746e-05,1.2288180361234722,0.0050000000000887035,0.7905692253783896,0.1484454991941295
0.5860000000000003,0.02110011131232309,0.0,0.289483976877108,1.3020207983964228e-05,1.2298311117565308,0.005000000000087799,0.7887106402750281,0.1482502574823054
0.5865000000000002,0.02111511131232309,0.0,0.2910294549853808,1.2961460486271869e-05,1.2308441540372839,0.005000000000086923,0.786843906187243,0.1480542704642301
0.5870000000000002,0.021130111312323088,0.0,0.2925846745660723,1.290378044175771e-05,1.2318571639623905,0.005000000000086073,0.7849690220772686,0.14785741027564753
0.5875000000000002,0.02114511131232309,0.0,0.2941496410107645,1.284715421391758e-05,1.2328701417585648,0.005000000000085248,0.7830859883093837,0.14765968293484988
0.5880000000000003,0.021160111312323093,0.0,0.2957243594506362,1.2791568166247345e-05,1.2338830876525202,0.005000000000084447,0.7811948052404942,0.1474610941901427
0.5885000000000002,0.021175111312323087,0.0,0.29730883475267017,1.273700866224286e-05,1.23489600187097,0.005000000000083671,0.7792954732201329,0.14726164951605378
0.5890000000000002,0.02119011131232309,0.0,0.2989030715160935,1.2683462065399958e-05,1.2359088846406283,0.005000000000082918,0.7773879925904589,0.14706135410977003
0.5895000000000002,0.02120511131232309,0.0,0.30050707406838933,1.2630914739214479e-05,1.236921736188209,0.005000000000082189,0.7754723636862588,0.14686021288715398
0.5900000000000003,0.02122011131232309,0.0,0.30212084646195697,1.257935304718228e-05,1.2379345567404252,0.005000000000081481,0.7735485868349495,0.14665823047940413
0.5905000000000002,0.02123511131232309,0.0,0.30374439247009166,1.2528763352799217e-05,1.2389473465239909,0.005000000000080795,0.7716166623565753,0.14645541122903294
0.5910000000000002,0.021250111312323086,0.0,0.3053777155838671,1.2479132019561128e-05,1.2399601057656193,0.0050000000000801305,0.7696765905638112,0.14625175918675398
0.5915000000000002,0.021265111312323087,0.0,0.3070208190079578,1.2430445410963849e-05,1.2409728346920248,0.005000000000079487,0.7677283717619604,0.1460472781072997
0.5920000000000003,0.02128011131232309,0.0,0.3086737056575336,1.2382689890503236e-05,1.2419855335299208,0.005000000000078863,0.7657720062489584,0.14584197144632238
0.5925000000000002,0.02129511131232309,0.0,0.3103363781545961,1.2335851821675147e-05,1.2429982025060207,0.0050000000000782596,0.7638074943153719,0.14563584235672866
0.5930000000000002,0.021310111312323087,0.0,0.3120088388241273,1.228991756797542e-05,1.2440108418470384,0.005000000000077675,0.7618348362443985,0.14542889368482628
0.5935000000000002,0.021325111312323092,0.0,0.31369108969136533,1.224487349289989e-05,1.2450234517796877,0.005000000000077109,0.7598540323118683,0.14522112796760625
0.5940000000000003,0.021340111312323093,0.0,0.31538313247741306,1.2200705959944415e-05,1.246036032530682,0.005000000000076562,0.7578650827862446,0.14501254742834663
0.5945000000000003,0.021355111312323087,0.0,0.3170849685965688,1.215740133260485e-05,1.247048584326735,0.005000000000076033,0.7558679879286245,0.1448031539739487
0.5950000000000002,0.021370111312323088,0.0,0.31879659915258113,1.2114945974377035e-05,1.2480611073945604,0.005000000000075521,0.7538627479927373,0.1445929491911873
0.5955000000000003,0.02138511131232309,0.0,0.3205180249351824,1.2073326248756807e-05,1.2490736019608721,0.005000000000075027,0.7518493632249481,0.14438193434324925
0.5960000000000003,0.02140011131232309,0.0,0.32224924641703606,1.203252851924002e-05,1.2500860682523838,0.005000000000074549,0.7498278338642561,0.14417011036668073
0.5965000000000003,0.02141511131232309,0.0,0.3239902637501528,1.1992539149322531e-05,1.2510985064958084,0.0050000000000740875,0.7477981601422978,0.14395747786780236
0.5970000000000002,0.021430111312323086,0.0,0.32574107676254616,1.1953344502500178e-05,1.2521109169178604,0.005000000000073642,0.7457603422833428,0.14374403711936595
0.5975000000000003,0.021445111312323087,0.0,0.32750168495534854,1.1914930942268799e-05,1.2531232997452533,0.0050000000000732115,0.7437143805042987,0.14352978805767158
0.5980000000000003,0.02146011131232309,0.0,0.32927208749921943,1.1877284832124251e-05,1.2541356552047007,0.005000000000072797,0.7416602750147099,0.14331473027897784
0.5985000000000003,0.02147511131232309,0.0,0.33105228323099245,1.1840392535562389e-05,1.255147983522916,0.005000000000072396,0.7395980260167592,0.14309886303614686
0.5990000000000002,0.02149011131232309,0.0,0.33284227065104893,1.1804240416079049e-05,1.2561602849266131,0.00500000000007201,0.7375276337052655,0.14288218523602064
0.5995000000000003,0.02150511131232309,0.0,0.3346420479194957,1.1768814837170073e-05,1.257172559642506,0.005000000000071639,0.7354490982676867,0.14266469543559746
0.6000000000000003,0.021520111312323092,0.0,0.3364516128535499,1.1734102162331314e-05,1.258184807897308,0.005000000000071281,0.7333624198841209,0.1424463918394203
0.6005000000000003,0.02153511131232309,0.0,0.33827096292402964,1.1700088755058627e-05,1.2591970299177326,0.0050000000000709355,0.7312675987273041,0.142227272296065
0.6010000000000002,0.021550111312323088,0.0,0.340100095252619,1.1666760978847852e-05,1.2602092259304938,0.005000000000070604,0.729164634962613,0.14200733429540816
0.6015000000000003,0.02156511131232309,0.0,0.3419390066085429,1.1634105197194828e-05,1.261221396162305,0.005000000000070285,0.7270535287480642,0.14178657496530087
0.6020000000000003,0.02158011131232309,0.0,0.34378769340548704,1.1602107773595409e-05,1.2622335408398806,0.005000000000069978,0.7249342802343147,0.14156499106848955
0.6025000000000003,0.02159511131232309,0.0,0.3456461516991245,1.1570755071545449e-05,1.2632456601899331,0.005000000000069684,0.7228068895646651,0.14134257900014746
0.6030000000000002,0.021610111312323085,0.0,0.34751437718315425,1.1540033454540788e-05,1.2642577544391769,0.005000000000069401,0.7206713568750548,0.141119334783905
0.6035000000000003,0.02162511131232309,0.0,0.34939236518746214,1.1509929286077267e-05,1.2652698238143258,0.00500000000006913,0.718527682294066,0.14089525407001857
0.6040000000000003,0.02164011131232309,0.0,0.3512801106743889,1.148042892965074e-05,1.2662818685420931,0.0050000000000688695,0.7163758659429258,0.1406703321316385
0.6045000000000003,0.02165511131232309,0.0,0.3531776082360059,1.1451518748757057e-05,1.2672938888491927,0.00500000000006862,0.7142159079355017,0.14044456386208085
0.6050000000000002,0.02167011131232309,0.0,0.35508485209169205,1.1423185106892061e-05,1.2683058849623379,0.005000000000068381,0.7120478083783068,0.1402179437724109
0.6055000000000003,0.02168511131232309,0.0,0.35700183608451785,1.1395414367551593e-05,1.2693178571082429,0.005000000000068152,0.7098715673704963,0.13999046598782178
0.6060000000000003,0.021700111312323092,0.0,0.358928553679102,1.1368192894231506e-05,1.270329805513621,0.005000000000067934,0.7076871850038715,0.13976212424549703
0.6065000000000003,0.02171511131232309,0.0,0.3608649979584537,1.1341507050427653e-05,1.2713417304051857,0.005000000000067725,0.7054946613628781,0.13953291189145064
0.6070000000000002,0.021730111312323087,0.0,0.36281116162120347,1.1315343199635873e-05,1.2723536320096511,0.005000000000067525,0.7032939965246061,0.13930282187775672
0.6075000000000003,0.02174511131232309,0.0,0.3647670369791347,1.1289687705352009e-05,1.273365510553731,0.005000000000067335,0.701085190558792,0.13907184676008588
0.6080000000000003,0.02176011131232309,0.0,0.36673261595419515,1.1264526931071914e-05,1.2743773662641387,0.005000000000067153,0.6988682435278188,0.138839978694715
0.6085000000000003,0.02177511131232309,0.0,0.36870789007585214,1.1239847240291438e-05,1.2753891993675879,0.00500000000006698,0.6966431554867157,0.1386072094358822
0.6090000000000002,0.02179011131232309,0.0,0.37069285047856904,1.1215634996506425e-05,1.276401010090792,0.005000000000066816,0.6944099264831594,0.13837353033326602
0.6095000000000003,0.02180511131232309,0.0,0.3726874878989847,1.1191876563212716e-05,1.2774127986604655,0.005000000000066659,0.692168556557472,0.13813893232916186
0.6100000000000003,0.02182011131232309,0.0,0.3746917926734894,1.1168558303906162e-05,1.2784245653033215,0.00500000000006651,0.6899190457426259,0.13790340595606299
0.6105000000000003,0.02183511131232309,0.0,0.376706158350112,1.114582678160452e-05,1.2794363082007472,0.005000000000066372,0.6876613986365482,0.13766734950872742
0.6110000000000002,0.02185011131232309,0.0,0.3787305132321317,1.1123617078869392e-05,1.2804480279053019,0.005000000000066243,0.6853956145761081,0.1374306908020543
0.6115000000000003,0.02186511131232309,0.0,0.3807645753852894,1.110180260309778e-05,1.2814597260237621,0.005000000000066121,0.6831216905065151,0.13719314501751356
0.6120000000000003,0.02188011131232309,0.0,0.38280835045395795,1.108037858382349e-05,1.282471402700493,0.005000000000066006,0.6808396266256634,0.13695471815426988
0.6125000000000003,0.02189511131232309,0.0,0.3848618438471091,1.105934025058032e-05,1.28348305807986,0.005000000000065898,0.678549423126763,0.13671541596999914
0.6130000000000002,0.021910111312323087,0.0,0.38692506073662497,1.1038682832902065e-05,1.2844946923062281,0.0050000000000657956,0.6762510801983384,0.13647524397919736
0.6135000000000003,0.021925111312323088,0.0,0.38899800605576107,1.1018401560322514e-05,1.2855063055239635,0.005000000000065701,0.6739445980242289,0.13623420745164583
0.6140000000000003,0.02194011131232309,0.0,0.39108068449766875,1.099849166237547e-05,1.286517897877431,0.0050000000000656126,0.671629976783592,0.13599231141093587
0.6145000000000003,0.02195511131232309,0.0,0.39317310051354754,1.0978948368594738e-05,1.287529469510996,0.00500000000006553,0.6693072166509009,0.1357495606326169
0.6150000000000002,0.021970111312323088,0.0,0.39527525831147425,1.0959766908514105e-05,1.288541020569024,0.005000000000065455,0.6669763177959444,0.1355059596430308
0.6155000000000003,0.02198511131232309,0.0,0.397387161854481,1.0940942511667367e-05,1.2895525511958805,0.005000000000065385,0.664637280383828,0.13526151271738424
0.6160000000000003,0.022000111312323094,0.0,0.39950881485950335,1.0922470407588324e-05,1.2905640615359308,0.005000000000065322,0.6622901045749752,0.135016223878705
0.6165000000000003,0.022015111312323088,0.0,0.4016402207951425,1.0904345825810779e-05,1.2915755517335403,0.005000000000065265,0.6599347905251263,0.13477009689559738
0.6170000000000002,0.02203011131232309,0.0,0.4037813828810688,1.0886563995868522e-05,1.2925870219330742,0.0050000000000652136,0.6575713383853391,0.13452313528164933
0.6175000000000003,0.02204511131232309,0.0,0.4059323040857073,1.086912014729535e-05,1.2935984722788982,0.005000000000065168,0.655199748301988,0.13427534229311788
0.6180000000000003,0.02206011131232309,0.0,0.40809298712523207,1.085200950962506e-05,1.2946099029153777,0.0050000000000651286,0.6528200204167669,0.13402672092792411
0.6185000000000003,0.02207511131232309,0.0,0.4102634344618483,1.0835227312391456e-05,1.2956213139868777,0.005000000000065095,0.6504321548666874,0.13377727392393463
0.6190000000000002,0.022090111312323087,0.0,0.4124436483025218,1.0818768785128328e-05,1.2966327056377638,0.005000000000065067,0.6480361517840791,0.13352700375769166
0.6195000000000003,0.022105111312323088,0.0,0.4146336305974269,1.0802629157369474e-05,1.2976440780124017,0.005000000000065045,0.6456320112965894,0.1332759126428616
0.6200000000000003,0.022120111312323092,0.0,0.41683338303845446,1.078680365864869e-05,1.2986554312551566,0.005000000000065029,0.6432197335271858,0.13302400252874297
0.6205000000000003,0.02213511131232309,0.0,0.41904290705777786,1.0771287518499778e-05,1.2996667655103935,0.0050000000000650175,0.6407993185941554,0.13277127509883407
0.6210000000000002,0.022150111312323088,0.0,0.4212622038266276,1.0756075966456533e-05,1.300678080922478,0.005000000000065012,0.6383707666111029,0.13251773176960552
0.6215000000000003,0.022165111312323092,0.0,0.423491274253585,1.0741164232052746e-05,1.301689377635776,0.005000000000065012,0.6359340776869524,0.13226337368879365
0.6220000000000003,0.022180111312323093,0.0,0.42573011898342783,1.072654754482222e-05,1.3027006557946526,0.0050000000000650175,0.6334892519259492,0.13200820173425193
0.6225000000000003,0.022195111312323088,0.0,0.42797873839549266,1.0712221134298754e-05,1.3037119155434727,0.005000000000065028,0.6310362894276582,0.13175221651230723
0.6230000000000002,0.02221011131232309,0.0,0.430237132602743,1.0698180230016143e-05,1.304723157026602,0.0050000000000650436,0.6285751902869634,0.13149541835683115
0.6235000000000003,0.02222511131232309,0.0,0.43250530144975474,1.0684420061508179e-05,1.3057343803884063,0.005000000000065064,0.6261059545940693,0.131237807327225
0.6240000000000003,0.02224011131232309,0.0,0.4347832445120057,1.0670935858308662e-05,1.3067455857732504,0.0050000000000650895,0.6236285824345019,0.13097938320771219
0.6245000000000003,0.022255111312323092,0.0,0.43707096109403004,1.0657722849951396e-05,1.3077567733255,0.005000000000065121,0.6211430738891073,0.13072014550548844
0.6250000000000002,0.022270111312323086,0.0,0.4393684502281811,1.064477626597017e-05,1.3087679431895205,0.005000000000065156,0.6186494290340522,0.13046009344948717
0.6255000000000003,0.02228511131232309,0.0,0.4416757106739101,1.063209133589878e-05,1.3097790955096773,0.005000000000065197,0.6161476479408249,0.13019922598966027
0.6260000000000003,0.022300111312323092,0.0,0.4439927409153446,1.0619663289271028e-05,1.3107902304303356,0.005000000000065242,0.6136377306762356,0.1299375417945533
0.6265000000000003,0.02231511131232309,0.0,0.44631953916094147,1.0607487355620712e-05,1.3118013480958608,0.0050000000000652925,0.6111196773024155,0.1296750392509622
0.6270000000000002,0.02233011131232309,0.0,0.44865610334174066,1.0595558764481625e-05,1.3128124486506185,0.005000000000065346,0.6085934878768167,0.12941171646218308
0.6275000000000003,0.022345111312323092,0.0,0.4510024311101835,1.0583872745387563e-05,1.3138235322389742,0.005000000000065406,0.606059162452214,0.12914757124683524
0.6280000000000003,0.022360111312323093,0.0,0.4533585198388928,1.0572424527872327e-05,1.314834599005293,0.0050000000000654694,0.6035167010767055,0.12888260113763944
0.6285000000000003,0.02237511131232309,0.0,0.4557243666192587,1.0561209341469712e-05,1.3158456490939403,0.005000000000065538,0.6009661037937102,0.1286168033800037
0.6290000000000002,0.02239011131232309,0.0,0.45809996826039345,1.0550222415713518e-05,1.3168566826492814,0.00500000000006561,0.5984073706419704,0.1283501749309785
0.6295000000000003,0.02240511131232309,0.0,0.46048532128773884,1.0539458980137536e-05,1.3178676998156822,0.005000000000065687,0.5958405016555495,0.12808271245786423
0.6300000000000003,0.02242011131232309,0.0,0.4628804219419927,1.0528914264275565e-05,1.3188787007375076,0.005000000000065768,0.5932654968638363,0.12781441233714086
0.6305000000000003,0.02243511131232309,0.0,0.46528526617758126,1.0518583497661408e-05,1.3198896855591231,0.005000000000065854,0.5906823562915413,0.12754527065293508
0.6310000000000002,0.022450111312323086,0.0,0.46769984966176176,1.0508461909828856e-05,1.320900654424894,0.005000000000065943,0.5880910799586989,0.12727528319612869
0.6315000000000003,0.02246511131232309,0.0,0.47012416777348,1.0498544730311705e-05,1.3219116074791861,0.005000000000066036,0.5854916678806656,0.12700444546321105
0.6320000000000003,0.02248011131232309,0.0,0.47255821560176914,1.0488827188643757e-05,1.3229225448663646,0.005000000000066133,0.582884120068123,0.12673275265468398
0.6325000000000003,0.02249511131232309,0.0,0.4750019879449385,1.0479304514358806e-05,1.3239334667307945,0.0050000000000662344,0.580268436527077,0.1264601996742461
0.6330000000000002,0.02251011131232309,0.0,0.47745547930941135,1.0469971936990652e-05,1.3249443732168416,0.005000000000066339,0.577644617258856,0.12618678112763265
0.6335000000000003,0.02252511131232309,0.0,0.4799186839083102,1.0460824686073086e-05,1.3259552644688712,0.005000000000066449,0.5750126622601128,0.12591249132120097
0.6340000000000003,0.022540111312323093,0.0,0.48239159566052353,1.0451857991139909e-05,1.3269661406312487,0.005000000000066561,0.5723725715228258,0.12563732426099716
0.6345000000000003,0.02255511131232309,0.0,0.4848742081895755,1.044306708172492e-05,1.3279770018483394,0.005000000000066677,0.5697243450342974,0.1253612736516277
0.6350000000000002,0.022570111312323088,0.0,0.48736651482234666,1.0434447187361914e-05,1.3289878482645088,0.0050000000000667965,0.5670679827771542,0.12508433289497622
0.6355000000000003,0.02258511131232309,0.0,0.48986850858822867,1.0425993537584685e-05,1.3299986800241224,0.00500000000006692,0.5644034847293476,0.12480649508936315
0.6360000000000003,0.02260011131232309,0.0,0.492380182217761,1.0417701361927034e-05,1.3310094972715454,0.005000000000067046,0.5617308508641552,0.12452775302818059
0.6365000000000003,0.02261511131232309,0.0,0.49490152814164806,1.0409565889922757e-05,1.332020300151143,0.005000000000067176,0.5590500811501795,0.12424809919890911
0.6370000000000002,0.02263011131232309,0.0,0.4974325384895745,1.0401582351105653e-05,1.333031088807281,0.005000000000067309,0.5563611755513478,0.12396752578193304
0.6375000000000003,0.02264511131232309,0.0,0.49997320508956705,1.0393745975009514e-05,1.3340418633843245,0.005000000000067446,0.5536641340269131,0.12368602464990541
0.6380000000000003,0.02266011131232309,0.0,0.5025235194662423,1.038605199116814e-05,1.3350526240266394,0.005000000000067585,0.5509589565314538,0.12340358736599133
0.6385000000000003,0.02267511131232309,0.0,0.5050835438136627,1.0378497606654247e-05,1.3360633705679843,0.005000000000067728,0.5482456438499427,0.1231202770321293
0.6390000000000002,0.02269011131232309,0.0,0.5076537747179526,1.0371096477816595e-05,1.3370741009476872,0.005000000000067874,0.5455242018812335,0.12283659650839501
0.6395000000000003,0.02270511131232309,0.0,0.510233744372389,1.0363836112713401e-05,1.3380848173252733,0.005000000000068023,0.5427946251765463,0.12255207236590543
0.6400000000000003,0.022720111312323092,0.0,0.5128234544175284,1.035671439035003e-05,1.3390955197996846,0.005000000000068175,0.540056913807127,0.12226670640469761
0.6405000000000003,0.02273511131232309,0.0,0.5154229062936704,1.0349729189731848e-05,1.3401062084698625,0.005000000000068331,0.5373110678410178,0.12198050022038714
0.6410000000000002,0.022750111312323087,0.0,0.5180321012400949,1.034287838986422e-05,1.3411168834347493,0.005000000000068489,0.5345570873430545,0.12169345520340297
0.6415000000000003,0.02276511131232309,0.0,0.5206510402945225,1.0336159869752508e-05,1.342127544793287,0.00500000000006865,0.5317949723748696,0.12140557253845086
0.6420000000000003,0.02278011131232309,0.0,0.5232797242923073,1.0329571508402076e-05,1.3431381926444173,0.005000000000068815,0.5290247229948912,0.12111685320370702
0.6425000000000003,0.02279511131232309,0.0,0.5259181538656337,1.0323111184818293e-05,1.3441488270870816,0.005000000000068982,0.5262463392583441,0.12082729797001113
0.6430000000000002,0.02281011131232309,0.0,0.5285663294429923,1.031677677800652e-05,1.3451594482202223,0.005000000000069153,0.5234598212172468,0.12053690740034578
0.6435000000000003,0.02282511131232309,0.0,0.5312242512483312,1.0310566166972121e-05,1.3461700561427816,0.005000000000069327,0.5206651689204137,0.12024568184898343
0.6440000000000003,0.022840111312323094,0.0,0.5338919193008211,1.0304477230720463e-05,1.347180650953701,0.0050000000000695035,0.5178623824134578,0.11995362146126048
0.6445000000000003,0.02285511131232309,0.0,0.5365693334133512,1.0298507848256909e-05,1.348191232751922,0.005000000000069683,0.5150514617387872,0.11966072617206414
0.6450000000000002,0.02287011131232309,0.0,0.539256493192859,1.0292655898586824e-05,1.3492018016363871,0.005000000000069865,0.5122324069356052,0.11936699570616582
0.6455000000000003,0.02288511131232309,0.0,0.5419533980388913,1.0286919260715572e-05,1.350212357706038,0.005000000000070051,0.509405218039912,0.11907242957678443
0.6460000000000004,0.022900111312323092,0.0,0.5446600471431666,1.0281295813648518e-05,1.351222901059817,0.005000000000070239,0.5065698950845043,0.11877702708514393
0.6465000000000003,0.022915111312323093,0.0,0.547376439489259,1.0275783436391026e-05,1.3522334317966649,0.005000000000070431,0.5037264380989769,0.1184807873201642
0.6470000000000002,0.022930111312323087,0.0,0.5501025738512774,1.0270380007948462e-05,1.3532439500155244,0.005000000000070624,0.5008748471097186,0.11818370915713328
0.6475000000000003,0.022945111312323088,0.0,0.5528384487940095,1.0265083407326187e-05,1.3542544558153375,0.005000000000070821,0.4980151221399163,0.11788579125785503
0.6480000000000004,0.022960111312323093,0.0,0.5555840626717788,1.0259891513529567e-05,1.3552649492950457,0.005000000000071021,0.4951472632095544,0.11758703206950832
0.6485000000000003,0.02297511131232309,0.0,0.5583394136276404,1.025480220556397e-05,1.356275430553591,0.0050000000000712235,0.49227127033541374,0.11728742982383789
0.6490000000000002,0.022990111312323088,0.0,0.5611044995934333,1.0249813362434758e-05,1.357285899689915,0.005000000000071429,0.4893871435310717,0.11698698253721163
0.6495000000000003,0.023005111312323093,0.0,0.5638793182885348,1.0244922863147294e-05,1.3582963568029605,0.005000000000071636,0.48649488280690256,0.11668568800936951
0.6500000000000004,0.023020111312323094,0.0,0.5666638672194692,1.0240128586706943e-05,1.3593068019916685,0.005000000000071847,0.48359448817007955,0.11638354382303984
0.6505000000000003,0.023035111312323088,0.0,0.5694581436793527,1.0235428412119071e-05,1.360317235354981,0.0050000000000720605,0.4806859596245727,0.11608054734337919
0.6510000000000002,0.02305011131232309,0.0,0.5722621447474026,1.0230820218389043e-05,1.3613276569918402,0.0050000000000722765,0.47776929717114824,0.11577669571748156
0.6515000000000003,0.02306511131232309,0.0,0.5750758672877595,1.022630188452222e-05,1.362338067001188,0.005000000000072495,0.4748445008073704,0.11547198587320112
0.6520000000000004,0.02308011131232309,0.0,0.5778993079496377,1.022187128952397e-05,1.363348465481966,0.005000000000072716,0.471911570527602,0.1151664145193067
0.6525000000000003,0.023095111312323093,0.0,0.5807324631662729,1.0217526312399657e-05,1.3643588525331163,0.00500000000007294,0.4689705063230033,0.11485997814442472
0.6530000000000002,0.023110111312323087,0.0,0.5835753894570476,1.0213265635857381e-05,1.3653692280080616,0.005000000000073166,0.46602130889917237,0.1145527340859408
0.6535000000000003,0.02312511131232309,0.0,0.5864280623395832,1.0209088299502831e-05,1.3663795920907271,0.005000000000073395,0.4630639779977296,0.11424465764997876
0.6540000000000004,0.023140111312323092,0.0,0.5892904745633852,1.0204992746086706e-05,1.3673899448935138,0.005000000000073627,0.46009851356456344,0.11393574159169223
0.6545000000000003,0.02315511131232309,0.0,0.5921626240915652,1.0200977429379082e-05,1.368400286506741,0.005000000000073861,0.4571249156070044,0.11362598394477297
0.6550000000000002,0.02317011131232309,0.0,0.5950445086896615,1.0197040803150036e-05,1.3694106170207283,0.005000000000074098,0.4541431841294592,0.11331538254153822
0.6555000000000003,0.023185111312323092,0.0,0.597936125925119,1.0193181321169639e-05,1.370420936525795,0.005000000000074337,0.4511533191334115,0.11300393501241385
0.6560000000000004,0.023200111312323093,0.0,0.6008374731670075,1.0189397437207971e-05,1.3714312451122603,0.0050000000000745785,0.4481553206174239,0.11269163878565308
0.6565000000000003,0.02321511131232309,0.0,0.6037485528981413,1.0185687665814245e-05,1.372441542849176,0.005000000000074823,0.44514918864050135,0.1123784964674358
0.6570000000000003,0.02323011131232309,0.0,0.606669365890127,1.0182050515634854e-05,1.3734518298118366,0.005000000000075069,0.4421349232407643,0.1120645089298109
0.6575000000000003,0.02324511131232309,0.0,0.6095999113478381,1.017848460295149e-05,1.3744621060811248,0.005000000000075318,0.43911252443715365,0.11174967545694314
0.6580000000000004,0.02326011131232309,0.0,0.6125401887772758,1.0174988556148378e-05,1.3754723717360209,0.00500000000007557,0.4360819922517094,0.11143399563686596
0.6585000000000003,0.023275111312323092,0.0,0.6154901975112096,1.0171561003609745e-05,1.3764826268555044,0.005000000000075824,0.4330433267039162,0.11111746888106144
0.6590000000000003,0.02329011131232309,1.0,0.6184537510230081,0.001480895202894608,1.377492856433028,0.0050006376850388785,0.42999657336813324,0.11080395775317375
0.6595000000000003,0.02330511131232309,1.0,0.6228602077752214,0.010098970045145716,1.3784974243773926,0.005298347360462983,0.4269587989587198,0.111941192967274
0.6600000000000004,0.023320111312323092,1.0,0.6374717491886929,0.018642663659504653,1.379462139157825,0.007127175930528985,0.4240339397830698,0.12340333238308598
0.6605000000000003,0.02333511131232309,1.0,0.6751813668396298,0.027112617758343636,1.3803393151474916,0.012045383633316068,0.42136802141254814,0.15824092698502068
0.6610000000000003,0.02335011131232309,1.0,0.7486240390723106,0.03550946894071876,1.3810904602501748,0.021600212016526985,0.41908024442523983,0.2292178638870872
0.6615000000000003,0.023365111312323092,1.0,0.8672216047902694,0.04383384810478049,1.3817017662044309,0.037140311955015444,0.417215046705672,0.34580440515643274
0.6620000000000004,0.023380111312323093,1.0,1.0325195423179367,0.0520863807474889,1.3821957180164155,0.059636146681105125,0.41570573251966647,0.5094745420127226
0.6625000000000003,0.02339511131232309,1.0,1.2381922429438792,0.06026768696977158,1.3826167103574258,0.08953336070470523,0.41441781182104687,0.7137578747827026
0.6630000000000003,0.02341011131232309,1.0,1.4774582611578417,0.06837838151250342,1.3829994131560521,0.12666490996323726,0.4132457980884787,0.9517592900443925
0.6635000000000003,0.02342511131232309,1.0,1.7499098353145768,0.07641907383360422,1.383353702920757,0.1702466931380258,0.41215975382777603,1.2230387917879473
0.6640000000000004,0.02344011131232309,1.0,2.058037763444819,0.0843903680406116,1.3836805569075181,0.21898151699984117,0.41115692100454704,1.5300842539454278
0.6645000000000003,0.02345511131232309,1.0,2.4002143210684532,0.09229286325056411,1.3839891751409508,0.27125354242792066,0.41020925349828896,1.8712377186606726
0.6650000000000003,0.02347011131232309,1.0,2.769302199764804,0.10012715260403138,1.38429665313825,0.3253502115838379,0.40926432954695857,2.2393052995605633
0.6655000000000003,0.02348511131232309,1.0,3.1550397000135857,0.1078938260657316,1.3846211657303318,0.3796563654303061,0.40826623548896257,2.6239649102387808
0.6660000000000004,0.023500111312323095,1.0,3.5468866872463076,0.1155934670028641,1.3849770685373668,0.43279075606697504,0.4071706268015024,3.0146284842981625
0.6665000000000003,0.02351511131232309,1.0,3.9345825817186952,0.12322665219637557,1.3853753619076201,0.48367997193335494,0.4059433217382833,3.4009984509439475
0.6666666666666666,0.02352011131232308,1.0,4.060956128101474,0.1257563789850826,1.3855194283662313,0.5000058839607666,0.40549908140869695,3.526891990539437
