Time [s],Lmtc [m],STIM [ ],Fsee [N],Gamma [ ],Lcerel [ ],q [ ],fisomrel [ ],fce [N]
0.0,0.019139753877878293,1.0,11.305679070267123,0.2564157957830286,1.1502609364077,0.7762855507498027,0.9096866039595244,11.293572301437433
0.0005,0.019119753877878294,1.0,10.137515428448927,0.2631265030142797,1.150191535113667,0.7902464458807106,0.9097700111208007,10.125444148975134
0.001,0.019099753877878295,1.0,9.211134151423458,0.26977664737276297,1.1498927347911472,0.8029570446902081,0.9101286722273233,9.199215072873004
0.0015,0.019079753877878292,1.0,8.48464431090672,0.27636677544463006,1.1493852792897952,0.8145428442154632,0.9107361533260396,8.472981504180481
0.002,0.019059753877878293,1.0,7.919107047620055,0.2828974286468901,1.1486958125171725,0.8251223289423568,0.9115582213594315,7.907787968232949
0.0025,0.019039753877878294,1.0,7.481726821796261,0.2893691446410016,1.147851247713659,0.8348029712205622,0.9125600341980569,7.470821786332999
0.003,0.019019753877878295,1.0,7.1463423546566345,0.29578245380668194,1.1468759232975876,0.8436801386252041,0.9137098526219247,7.135905868885319
0.0035,0.018999753877878292,1.0,6.8911043883197545,0.3021378842586063,1.1457929392027502,0.8518389070070318,0.9149776755144928,6.881176118056221
0.004,0.018979753877878293,1.0,6.698853962722673,0.308435958616607,1.1446220652702421,0.8593538665120576,0.9163378329478793,6.689460881570392
0.0045000000000000005,0.018959753877878294,1.0,6.556451142038444,0.3146771933385728,1.1433794610735237,0.8662901195975774,0.9177693205690636,6.547609819248874
0.005,0.018939753877878295,1.0,6.45274025564023,0.32086210260645587,1.1420798625902164,0.8727054402472915,0.9192532505853809,6.444458132519792
0.0055,0.018919753877878292,1.0,6.379538512871355,0.32699119405921745,1.1407344935036123,0.8786500698086085,0.9207752093531267,6.371816040931625
0.006,0.018899753877878293,1.0,6.33019852807643,0.33306497120843653,1.1393528411716654,0.8841684251937347,0.9223231426295384,6.3230304255537755
0.006500000000000001,0.018879753877878293,1.0,6.299239317234499,0.33908393473276294,1.1379429750560408,0.8892998920461812,0.923886942530754,6.292615621744555
0.007,0.018859753877878294,1.0,6.282867843606644,0.3450485774200178,1.1365105731998597,0.894078977716929,0.925459453618583,6.27677524104168
0.0075,0.01883975387787829,1.0,6.27769237586121,0.3509593898958061,1.1350608130685398,0.8985366520921467,0.9270343070930598,6.272114706525183
0.008,0.018819753877878292,1.0,6.280989926224034,0.3568168597973663,1.1335978995248268,0.9027005383031038,0.9286064049702172,6.275908819991335
0.0085,0.018799753877878293,1.0,6.290946401043894,0.3626214663357173,1.132124656423015,0.9065951251813812,0.930172300660401,6.286341972316401
0.009000000000000001,0.018779753877878294,1.0,6.305939142818075,0.36837368598909764,1.1306436218920004,0.9102425193608114,0.9317289762357601,6.301790251918631
0.0095,0.018759753877878295,1.0,6.32453714713818,0.37407399508438094,1.1291570371894573,0.9136626889657854,0.9332738389777646,6.320821644627019
0.01,0.018739753877878292,1.0,6.3458378368514,0.3797228606509618,1.1276663205754247,0.9168735022013933,0.9348052423629316,6.3425329263919386
0.0105,0.018719753877878293,1.0,6.369151532337031,0.38532074450626547,1.1261725559269622,0.9198911153581268,0.9363219445234304,6.366233945460485
0.011,0.018699753877878294,1.0,6.39381715113218,0.3908681064766246,1.1246767770098236,0.9227302390783858,0.9378228050977708,6.39126322867266
0.0115,0.018679753877878295,1.0,6.4192791221275405,0.3963654063231097,1.1231798484973359,0.9254042454074811,0.9393068996966936,6.417064917933992
0.012,0.018659753877878292,1.0,6.445164935167604,0.4018130978382548,1.1216823480326596,0.9279252627730067,0.9407736247090348,6.443266330194728
0.0125,0.018639753877878293,1.0,6.471265628920314,0.4072116234744156,1.120184598612481,0.9303043071639541,0.9422226490254273,6.4696584161093815
0.013000000000000001,0.018619753877878294,1.0,6.497370551474684,0.4125614256839476,1.1186869232334866,0.932551468403738,0.9436536570134738,6.496030456677116
0.0135,0.018599753877878294,1.0,6.523275583567576,0.4178629449440478,1.1171896323528905,0.9346759930453786,0.9450663602759775,6.522178288403447
0.014,0.018579753877878292,1.0,6.548840776447032,0.4231166172774546,1.1156929364286812,0.9366863395282327,0.9464605778420365,6.547961952199087
0.0145,0.018559753877878293,1.0,6.573949481233651,0.4283228854147834,1.1141970089678004,0.9385902733581004,0.9478361725712324,6.573264806961823
0.015,0.018539753877878293,1.0,6.598570678659412,0.4334821689740659,1.1127018925484253,0.9403948952959736,0.9491931336640128,6.598055866229354
0.0155,0.018519753877878294,1.0,6.622673202426296,0.4385948875733335,1.1112076297487328,0.9421067446314356,0.9505314523426751,6.622303999242752
0.016,0.01849975387787829,1.0,6.646225750913806,0.4436614608306177,1.1097142631468995,0.9437318495317364,0.9518511218485316,6.6459779426501555
0.0165,0.018479753877878292,1.0,6.669196899486917,0.44868230836395,1.1082218353211024,0.9452757724443465,0.9531521374389288,6.669046312810681
0.017,0.018459753877878293,1.0,6.69157410675651,0.45365781825856044,1.1067303602857825,0.9467436335380622,0.9544345207730682,6.6914966132200995
0.0175,0.018439753877878294,1.0,6.71335259039018,0.45858844814304955,1.1052398404457566,0.9481401887981806,0.9556983039318068,6.7133241075941505
0.018000000000000002,0.018419753877878295,1.0,6.734540941764718,0.4634745984245987,1.1037502582773941,0.9494698156318465,0.9569435356294961,6.734537433656885
0.0185,0.018399753877878292,1.0,6.755150907958747,0.46831665827260777,1.1022615917759149,0.950736564886802,0.9581702673898246,6.755150907958747
0.019,0.018379753877878293,1.0,6.77519441027723,0.47311501685647656,1.1007738189365386,0.9519441930823058,0.9593785496677829,6.77519441027723
0.0195,0.018359753877878294,1.0,6.794683537673576,0.477870063345605,1.099286917754485,0.9530961869474389,0.9605684318512565,6.794683537673576
0.02,0.018339753877878295,1.0,6.813630540333068,0.4825821869093929,1.097800866224974,0.9541957856850432,0.9617399622625789,6.813630540333068
0.0205,0.018319753877878292,1.0,6.8320478234156665,0.4872517767172403,1.0963156423432256,0.9552460011899213,0.9628931881600473,6.8320478234156665
0.021,0.018299753877878293,1.0,6.849947940960071,0.4918792219385469,1.094831224104459,0.956249636425596,0.9640281557393994,6.849947940960071
0.021500000000000002,0.018279753877878294,1.0,6.86734125409206,0.49646489367531704,1.0933475929714895,0.9572092979959368,0.9651449075457165,6.86734125409206
0.022,0.018259753877878294,1.0,6.884239641538734,0.501009126495829,1.0918647283433405,0.9581274062995842,0.966243486745617,6.884239641538734
0.0225,0.018239753877878292,1.0,6.900675834714282,0.5055124061635384,1.0903825789267505,0.9590062525012659,0.9673239577061988,6.900675834714282
0.023,0.018219753877878293,1.0,6.916661646028004,0.509975082197883,1.088901124694885,0.9598479471772312,0.968386360111938,6.916661646028004
0.0235,0.018199753877878293,1.0,6.932208999341097,0.5143975041182997,1.0874203456209088,0.9606544630652184,0.9694307326860834,6.932208999341097
0.024,0.018179753877878294,1.0,6.947329925433231,0.5187800214442256,1.085940221677987,0.9614276454962629,0.9704571131917539,6.947329925433231
0.0245,0.01815975387787829,1.0,6.9620365576011025,0.5231229836950985,1.084460732839285,0.9621692219394306,0.9714655384330037,6.9620365576011025
0.025,0.018139753877878292,1.0,6.976341127391561,0.5274267403903551,1.0829818590779676,0.9628808107423846,0.9724560442558573,6.976341127391561
0.025500000000000002,0.018119753877878293,1.0,6.990255960463989,0.5316916410494329,1.0815035803672,0.9635639291423544,0.9734286655493095,6.990255960463989
0.026000000000000002,0.018099753877878294,1.0,7.0037934725874935,0.5359180351917692,1.0800258766801474,0.9642200006145899,0.9743834362462954,7.0037934725874935
0.0265,0.018079753877878295,1.0,7.016966165770614,0.540106272336801,1.0785487279899746,0.9648503616187171,0.975320389324628,7.016966165770614
0.027,0.018059753877878292,1.0,7.029786624521562,0.5442567020039658,1.0770721142698472,0.9654562677974506,0.9762395568079025,7.029786624521562
0.0275,0.018039753877878293,1.0,7.042267512244486,0.5483696737127008,1.0755960154929298,0.9660388996767699,0.9771409697663709,7.042267512244486
0.028,0.018019753877878294,1.0,7.054421567763522,0.5524455369824431,1.074120411632388,0.9665993679118894,0.9780246583177815,7.054421567763522
0.0285,0.017999753877878295,1.0,7.066252346831779,0.5564845647337168,1.0726452962059814,0.967138706009654,0.978890643756581,7.066252346831779
0.029,0.017979753877878292,1.0,7.077775802365189,0.5604871750962621,1.0711706446599938,0.9676579114883028,0.9797389573547236,7.077775802365189
0.029500000000000002,0.017959753877878293,1.0,7.08900035821885,0.5644537020199807,1.0696964435537508,0.9681579110751865,0.9805696230238353,7.08900035821885
0.03,0.017939753877878294,1.0,7.099931999755285,0.5683844551609617,1.0682226830792534,0.968639575324108,0.981382662053871,7.099931999755285
0.0305,0.017919753877878294,1.0,7.110576752564658,0.5722797441752943,1.0667493534285022,0.9691037260933826,0.9821780952675077,7.110576752564658
0.031,0.017899753877878292,1.0,7.120940681052072,0.5761398787190676,1.065276444793498,0.9695511397369407,0.9829559430204857,7.120940681052072
0.0315,0.017879753877878293,1.0,7.131029887058032,0.5799651684483708,1.0638039473662415,0.96998255005835,0.9837162252019436,7.131029887058032
0.032,0.017859753877878293,1.0,7.140850508509564,0.583755923019293,1.0623318513387334,0.9703986510473238,0.9844589612347442,7.140850508509564
0.0325,0.017839753877878294,1.0,7.150408718103635,0.5875124520879234,1.0608601469029748,0.9708000994165356,0.9851841700757933,7.150408718103635
0.033,0.01781975387787829,1.0,7.159710722022533,0.591235065310351,1.0593888242509661,0.9711875169549525,0.9858918702163514,7.159710722022533
0.0335,0.017799753877878292,1.0,7.168762758681281,0.5949240723426651,1.0579178735747083,0.9715614927124673,0.9865820796823364,7.168762758681281
0.034,0.017779753877878293,1.0,7.177571097505799,0.5985797828409548,1.056447285066202,0.9719225850292966,0.9872548160346197,7.177571097505799
0.0345,0.017759753877878294,1.0,7.186142037743186,0.6022025064613092,1.054977048917448,0.9722713234224483,0.9879100963693142,7.186142037743186
0.035,0.017739753877878295,1.0,7.194479532643603,0.6057925134646645,1.0535071587645737,0.9726082051991498,0.9885479358437709,7.194479532643603
0.035500000000000004,0.017719753877878292,1.0,7.202587821969539,0.6093501162482692,1.0520376078605504,0.9729337083797166,0.9891683494726063,7.202587821969539
0.036000000000000004,0.017699753877878293,1.0,7.210473039247508,0.6128756528794291,1.0505683867466824,0.9732482901886574,0.9897713530473519,7.210473039247508
0.0365,0.017679753877878294,1.0,7.218138148636311,0.6163693976973752,1.0490994905900684,0.9735523770827111,0.9903569600951831,7.218138148636311
0.037,0.017659753877878295,1.0,7.225586131955824,0.6198316250413379,1.047630914557808,0.9738463746276945,0.9909251839135472,7.225586131955824
0.0375,0.017639753877878292,1.0,7.232819988172424,0.6232626092505483,1.0461626538170006,0.9741306687071294,0.991476037570287,7.232819988172424
0.038,0.017619753877878293,1.0,7.2398427328918915,0.6266626246642368,1.0446947035347454,0.9744056266512809,0.9920095339037649,7.2398427328918915
0.0385,0.017599753877878294,1.0,7.24665739785922,0.6300319456216343,1.0432270588781416,0.9746715982924705,0.9925256855229827,7.24665739785922
0.039,0.017579753877878294,1.0,7.253267030466597,0.6333708464619716,1.041759715014289,0.9749289169520552,0.9930245048077014,7.253267030466597
0.0395,0.017559753877878292,1.0,7.259674693270227,0.6366796015244793,1.0402926671102866,0.9751779003640223,0.9935060039085585,7.259674693270227
0.04,0.017539753877878293,1.0,7.2658834635135685,0.6399584851483883,1.0388259103332336,0.9754188515397645,0.9939701947471828,7.2658834635135685
0.0405,0.017519753877878293,1.0,7.271896432657928,0.6432077716729291,1.0373594398502297,0.9756520595782278,0.9944170890163083,7.271896432657928
0.041,0.017499753877878294,1.0,7.27771670592227,0.6464277354373327,1.035893250828374,0.975877800425305,0.9948466981798857,7.27771670592227
0.0415,0.01747975387787829,1.0,7.283347204516119,0.6496186441664267,1.0344273387191911,0.976096336854943,0.9952590333948563,7.283347204516119
0.042,0.017459753877878292,1.0,7.28878865591576,0.6527807130694884,1.032961702153374,0.9763079142763693,0.995654104764609,7.28878865591576
0.0425,0.017439753877878293,1.0,7.294045285636121,0.6559142861156444,1.0314963347358446,0.9765127811950856,0.9960319235928305,7.294045285636121
0.043000000000000003,0.017419753877878294,1.0,7.299118669151666,0.6590196063552208,1.0300312339071236,0.9767111643813495,0.9963924999600625,7.299118669151666
0.043500000000000004,0.017399753877878295,1.0,7.30401039149679,0.6620969168385443,1.0285663971077321,0.9769032807733483,0.9967358438251334,7.30401039149679
0.044,0.017379753877878292,1.0,7.308722047042442,0.665146460615941,1.0271018217781913,0.97708933798447,0.9970619650252126,7.308722047042442
0.0445,0.017359753877878293,1.0,7.3132552392742864,0.6681684807377373,1.025637505359022,0.9772695347807762,0.9973708732758645,7.3132552392742864
0.045,0.017339753877878294,1.0,7.317611580571462,0.6711632202542595,1.0241734452907456,0.9774440615306356,0.9976625781711013,7.317611580571462
0.0455,0.017319753877878295,1.0,7.321792691990043,0.674130922215834,1.0227096390138823,0.9776131006283496,0.9979370891834366,7.321792691990043
0.046,0.017299753877878292,1.0,7.325800203045944,0.6770718296727872,1.0212460839689539,0.9777768268934613,0.9981944156639366,7.325800203045944
0.0465,0.017279753877878293,1.0,7.329635751503239,0.6799861856754456,1.0197827775964807,0.9779354079473195,0.9984345668422727,7.329635751503239
0.047,0.017259753877878294,1.0,7.333300983160872,0.6828742332741352,1.0183197173369842,0.9780890045683619,0.998657551826772,7.333300983160872
0.0475,0.017239753877878294,1.0,7.3367975516446,0.6857362155191825,1.0168569006309853,0.9782377710274659,0.9988633796044684,7.3367975516446
0.048,0.01721975387787829,1.0,7.340127118199695,0.688572375460914,1.015394324919005,0.9783818554046352,0.9990520590411525,7.340127118199695
0.0485,0.017199753877878293,1.0,7.343276694165305,0.6913828694768215,1.0139320086835442,0.9785213933974165,0.9992235965361665,7.343276694165305
0.049,0.017179753877878293,1.0,7.3462669428596294,0.6941680217608518,1.0124699220995235,0.9786565271202927,0.9993780041713273,7.3462669428596294
0.0495,0.017159753877878294,1.0,7.349103979600367,0.6969280856343987,1.0110080562510928,0.978787388230746,0.9995152907902911,7.349103979600367
0.05,0.01713975387787829,1.0,7.3517862576562525,0.6996632730516708,1.0095464132296397,0.9789141003634639,0.9996354639777958,7.3517862576562525
0.0505,0.017119753877878292,1.0,7.354312234123461,0.7023737959668762,1.0080849951265518,0.9790367824061664,0.9997385314152145,7.354312234123461
0.051000000000000004,0.017099753877878293,1.0,7.356680370078717,0.7050598663342235,1.0066238040332172,0.9791555487186235,0.9998245008805181,7.356680370078717
0.051500000000000004,0.017079753877878294,1.0,7.358889130737102,0.7077216961079208,1.0051628420410232,0.9792705093402214,0.9998933802482378,7.358889130737102
0.052000000000000005,0.017059753877878295,1.0,7.360936985608917,0.7103594972421766,1.0037021112413576,0.9793817701867491,0.9999451774894265,7.360936985608917
0.0525,0.017039753877878292,1.0,7.3628224086578316,0.7129734816911992,1.0022416137256083,0.9794894332370445,0.9999799006716207,7.3628224086578316
0.053,0.017019753877878293,1.0,7.364543878463634,0.7155638614091971,1.0007813515851627,0.9795935967100868,0.9999975579588014,7.364543878463634
0.0535,0.016999753877878294,1.0,7.3660998783816805,0.7181308483503785,0.9993213269114086,0.9796943552330958,0.9999981576113552,7.3660998783816805
0.054,0.016979753877878295,1.0,7.367488896707572,0.7206746544689518,0.9978615417957339,0.9797918000011514,0.9999817079860345,7.367488896707572
0.0545,0.016959753877878292,1.0,7.368709426841778,0.7231954917191254,0.9964019983295261,0.9798860189288234,0.9999482175359171,7.368709426841778
0.055,0.016939753877878293,1.0,7.369759967455884,0.7256935720551075,0.994942698604173,0.9799770967942606,0.999897694810367,7.369759967455884
0.0555,0.016919753877878294,1.0,7.370639022660107,0.7281691074311067,0.9934836447110621,0.9800651153761719,0.9998301484549933,7.370639022660107
0.056,0.016899753877878294,1.0,7.371345102172345,0.7306223098013311,0.9920248387415813,0.9801501535840932,0.9997455872116089,7.371345102172345
0.0565,0.01687975387787829,1.0,7.371878328085776,0.7330533444991549,0.9905662804851728,0.9802322834430343,0.9996440197444623,7.371878328085776
0.057,0.016859753877878293,1.0,7.372228334715349,0.7354624217408344,0.9891079847666426,0.980311579509859,0.9995254560166252,7.372228334715349
0.0575,0.016839753877878293,1.0,7.372388603367796,0.7378498022109262,0.9876499609070063,0.9803881175530831,0.9993899061376061,7.372388603367796
0.058,0.016819753877878294,1.0,7.372359064729314,0.7402156687428967,0.986192208996709,0.9804619635850015,0.9992373796304378,7.372359064729314
0.0585,0.01679975387787829,1.0,7.372139656814871,0.7425602041702116,0.9847347291261961,0.9805331813803313,0.9990678860205976,7.372139656814871
0.059000000000000004,0.016779753877878292,1.0,7.371730324977299,0.7448835913263372,0.9832775213859125,0.9806018325682772,0.9988814348360056,7.371730324977299
0.059500000000000004,0.016759753877878293,1.0,7.371131021914103,0.7471860130447396,0.9818205858663035,0.9806679767203581,0.9986780356070222,7.371131021914103
0.06,0.016739753877878294,1.0,7.37034170767621,0.7494676521588849,0.9803639226578144,0.9807316714342157,0.9984576978664468,7.37034170767621
0.0605,0.016719753877878295,1.0,7.369362349676371,0.7517286915022393,0.9789075318508902,0.9807929724136134,0.9982204311495152,7.369362349676371
0.061,0.016699753877878292,1.0,7.368192922696857,0.7539693139082687,0.9774514135359761,0.9808519335448276,0.9979662449938977,7.368192922696857
0.0615,0.016679753877878293,1.0,7.366833408898135,0.7561897022104394,0.9759955678035174,0.9809086069696178,0.9976951489396979,7.366833408898135
0.062,0.016659753877878294,1.0,7.365283797826117,0.7583900392422174,0.974539994743959,0.9809630431549475,0.9974071525294494,7.365283797826117
0.0625,0.016639753877878295,1.0,7.363544086421203,0.7605705078370687,0.9730846944477465,0.9810152909596284,0.9971022653081153,7.363544086421203
0.063,0.016619753877878292,1.0,7.361614279025712,0.7627312908284597,0.9716296670053247,0.9810653976980388,0.996780496823085,7.361614279025712
0.0635,0.016599753877878293,1.0,7.359494387393017,0.7648725710498562,0.9701749125071389,0.9811134092010687,0.9964418566241727,7.359494387393017
0.064,0.016579753877878294,1.0,7.357184430694541,0.7669945313347245,0.9687204310436345,0.9811593698744274,0.9960863542636159,7.357184430694541
0.0645,0.016559753877878294,1.0,7.354684438773269,0.7690973529247255,0.967266222700602,0.9812033226319171,0.9957139992948537,7.354684438773269
0.065,0.01653975387787829,1.0,7.351995141845038,0.7711811998846357,0.9658122865696396,0.9812453076817907,0.9953248010016142,7.351995141845038
0.0655,0.016519753877878292,1.0,7.349117292512491,0.7732462482783375,0.964358621720119,0.9812853649055222,0.9949187686172417,7.349117292512491
0.066,0.016499753877878293,1.0,7.346051223680846,0.7752926628880089,0.9629052278335772,0.9813235321733699,0.9944959115116847,7.346051223680846
0.0665,0.016479753877878294,1.0,7.3427972753537105,0.7773206084958281,0.9614521045915512,0.9813598462098215,0.9940562390383172,7.3427972753537105
0.067,0.01645975387787829,1.0,7.339355794603074,0.7793302498839733,0.9599992516755779,0.9813943426367283,0.9935997605339449,7.339355794603074
0.0675,0.016439753877878292,1.0,7.335727135542365,0.7813217518346226,0.9585466687671942,0.9814270560146756,0.9931264853188131,7.335727135542365
0.068,0.016419753877878293,1.0,7.331911659296776,0.7832952791299543,0.957094355547937,0.981458019882679,0.9926364226966126,7.331911659296776
0.0685,0.016399753877878294,1.0,7.327909733975323,0.7852509965521468,0.9556423116993433,0.9814872667962824,0.9921295819544872,7.327909733975323
0.069,0.016379753877878295,0.0,7.323677252632524,0.783468918825693,0.9541906008464364,0.9812377795837794,0.9916059957967579,7.323677252632524
0.0695,0.016359753877878292,0.0,7.318090468649858,0.7691399461511199,0.952740839235692,0.9799944988055442,0.9910662868954132,7.318090468649858
0.07,0.016339753877878293,0.0,7.310836886012413,0.7550729848942952,0.9512934787072933,0.978670847118973,0.9905106991342525,7.310836886012413
0.07050000000000001,0.016319753877878294,0.0,7.302049286428574,0.7412633161110223,0.9498483316768378,0.9772618769344092,0.9899392406576141,7.302049286428574
0.07100000000000001,0.01629975387787829,0.0,7.291850348076618,0.7277062493929527,0.9484052254046942,0.9757623646928789,0.9893519169378383,7.291850348076618
0.07150000000000001,0.016279753877878292,0.0,7.280338615104554,0.7143972223742887,0.9469640220940773,0.9741668121183236,0.9887487401902499,7.280338615104554
0.07200000000000001,0.016259753877878293,0.0,7.26762179387835,0.7013314681391227,0.945524570834537,0.9724693930033438,0.9881297104689545,7.26762179387835
0.0725,0.016239753877878293,0.0,7.253735162059733,0.6885046185756054,0.9440868252709039,0.9706640232358644,0.9874948675668543,7.253735162059733
0.073,0.016219753877878294,0.0,7.2386973703665065,0.6759124107464264,0.9426507633363991,0.9687443184153506,0.9868442602164091,7.2386973703665065
0.0735,0.016199753877878295,0.0,7.222527289562342,0.6635505817142766,0.9412163629642437,0.9667035690237883,0.9861779360673939,7.222527289562342
0.074,0.016179753877878292,0.0,7.205243998263225,0.6514148685418464,0.9397836020876591,0.9645347291399325,0.9854959416898506,7.205243998263225
0.0745,0.016159753877878293,0.0,7.186850527417309,0.6395011582762038,0.9383524822113478,0.9622304363382101,0.9847983342019913,7.186850527417309
0.075,0.016139753877878294,0.0,7.167346907284151,0.6278052028942834,0.9369230095956472,0.9597829538491288,0.9840851731261168,7.167346907284151
0.0755,0.01611975387787829,0.0,7.146704934206935,0.6163231157631018,0.9354952320114709,0.9571842634774634,0.9833565396269841,7.146704934206935
0.076,0.016099753877878292,0.0,7.124891820091648,0.6050510752624491,0.9340692045947542,0.9544260146759181,0.9826125208689265,7.124891820091648
0.0765,0.016079753877878293,0.0,7.1018753056284245,0.5939852597721149,0.9326449824814326,0.9514995091795235,0.981853206460294,7.1018753056284245
0.077,0.016059753877878294,0.0,7.077623692675444,0.5831218476718893,0.9312226208074413,0.9483956991036709,0.981078688445612,7.077623692675444
0.0775,0.016039753877878295,0.0,7.052095511324315,0.5724571657641778,0.9298021898946878,0.9451052331620687,0.9802890698256741,7.052095511324315
0.078,0.016019753877878292,0.0,7.025253256491177,0.561987401979878,0.9283837552847924,0.9416183815917794,0.979484453971566,7.025253256491177
0.0785,0.015999753877878293,0.0,6.99703958159908,0.5517090933728098,0.9269674127697453,0.937925198571988,0.9786649648098209,6.99703958159908
0.079,0.015979753877878294,0.0,6.967395943605499,0.5416188139528711,0.9255532612985576,0.9340154559114312,0.9778307323868767,6.967395943605499
0.0795,0.015959753877878294,0.0,6.936264831971011,0.5317131377299593,0.9241413998202412,0.9298786486516485,0.9769818911150701,6.936264831971011
0.08,0.015939753877878292,0.0,6.9035898419033845,0.5219886387139718,0.9227319272838075,0.9255040148666877,0.9761185797549008,6.9035898419033845
0.0805,0.015919753877878293,0.0,6.869307147338639,0.5124420371781427,0.9213249554084086,0.9208806299462691,0.9752409494340445,6.869307147338639
0.081,0.015899753877878293,0.0,6.833358617463946,0.5030699131422869,0.9199205894497143,0.9159973140805316,0.9743491520236752,6.833358617463946
0.0815,0.015879753877878294,0.0,6.795670232190691,0.493869179719509,0.9185189604621943,0.9108429020354223,0.9734433607833541,6.795670232190691
0.082,0.01585975387787829,0.0,6.7561688690985795,0.48483676559253097,0.9171202006892774,0.9054061593192079,0.9725237554648574,6.7561688690985795
0.0825,0.015839753877878292,0.0,6.714783228927495,0.4759695994440744,0.915724442374393,0.899675826168352,0.971590521547572,6.714783228927495
0.083,0.015819753877878293,0.0,6.671443933259332,0.4672646109412443,0.9143318178070043,0.8936406748942008,0.9706438502389908,6.671443933259332
0.0835,0.015799753877878294,0.0,6.626074946163211,0.4587189518620084,0.9129424724903606,0.8872897326349052,0.9696839476156336,6.626074946163211
0.084,0.01577975387787829,0.0,6.578610600278767,0.45032938574963116,0.9115565397674346,0.8806119387432485,0.9687110173683624,6.578610600278767
0.0845,0.015759753877878292,0.0,6.528971457530381,0.442093198403611,0.9101741775874085,0.8735968678542211,0.9677252865116063,6.528971457530381
0.085,0.015739753877878293,0.0,6.477080881512273,0.43400767562344633,0.9087955438994649,0.866234493492684,0.9667269887496223,6.477080881512273
0.0855,0.015719753877878294,0.0,6.42286522793345,0.42607010320863564,0.9074207966527864,0.8585152840449908,0.9657163644303811,6.42286522793345
0.08600000000000001,0.015699753877878295,0.0,6.366254043304907,0.41827776695867736,0.9060500937965553,0.8504303040508581,0.9646936604974558,6.366254043304907
0.08650000000000001,0.015679753877878292,0.0,6.307180271867847,0.41062795267306995,0.9046835932799543,0.84197132013015,0.9636591304399154,6.307180271867847
0.08700000000000001,0.015659753877878293,0.0,6.245582845588349,0.4031181057666802,0.9033214493554022,0.8331310844298007,0.9626130313810397,6.245582845588349
0.08750000000000001,0.015639753877878294,0.0,6.181388382828489,0.3957454771465653,0.9019638414686894,0.8239031053351102,0.9615556464816949,6.181388382828489
0.088,0.015619753877878294,0.0,6.1145411273935935,0.3885076230445345,0.9006109281997342,0.8142822904884591,0.9604872496267265,6.1145411273935935
0.0885,0.015599753877878294,0.0,6.0449920170102,0.3814021616713935,0.8992628643944788,0.8042648623887503,0.9594081180399793,6.0449920170102
0.089,0.015579753877878293,0.0,5.972696516928557,0.37442671123794885,0.8979198048988656,0.7938484178113927,0.9583185350724573,5.972696516928557
0.0895,0.015559753877878293,0.0,5.897614871973177,0.36757888995500665,0.896581904558837,0.7830320452840871,0.95721879014129,5.897614871973177
0.09,0.015539753877878294,0.0,5.819712366515915,0.36085631603337315,0.8952493182203352,0.7718164364191095,0.9561091786667816,5.819712366515915
0.0905,0.015519753877878293,0.0,5.738978230090314,0.3542567497243213,0.8939221704634411,0.7602041981988623,0.954989976323251,5.738978230090314
0.091,0.015499753877878292,0.0,5.655366339721776,0.3477777659103559,0.8926006519418869,0.7481995153760771,0.9538615201467691,5.655366339721776
0.0915,0.015479753877878293,0.0,5.568888438518992,0.3414172229019693,0.891284868638986,0.7358088832343371,0.9527240808526299,5.568888438518992
0.092,0.015459753877878294,0.0,5.479569376639585,0.3351730265609007,0.889974913412894,0.7230408985861202,0.9515779212859994,5.479569376639585
0.0925,0.015439753877878293,0.0,5.387439149533494,0.3290430827488893,0.8886708791217666,0.7099062448250496,0.9504233073779188,5.387439149533494
0.093,0.015419753877878292,0.0,5.292533078164811,0.3230252973276744,0.8873728586237591,0.696417719461125,0.9492605081016651,5.292533078164811
0.0935,0.015399753877878293,0.0,5.194891992081782,0.31711757615899505,0.8860809447770274,0.6825902380850436,0.9480897954284212,5.194891992081782
0.094,0.015379753877878294,0.0,5.094599818615851,0.31131795400084095,0.8847951659734472,0.6684410435100189,0.9469113848676577,5.094599818615851
0.0945,0.015359753877878293,0.0,4.991685971532809,0.3056242953478145,0.8835156531241852,0.653989168362229,0.9457255877316595,4.991685971532809
0.095,0.015339753877878294,0.0,4.886275335005762,0.3000347232935887,0.8822423813035091,0.6392560845067555,0.9445325729557275,4.886275335005762
0.0955,0.015319753877878293,0.0,4.7785073734827455,0.2945473966109607,0.8809753054451103,0.6242652739450879,0.9433324883444608,4.7785073734827455
0.096,0.015299753877878294,0.0,4.668524239079981,0.2891604740727275,0.8797143804826802,0.6090420386026136,0.9421254789493383,4.668524239079981
0.0965,0.015279753877878293,0.0,4.556470679664599,0.2838721144516861,0.8784595613499104,0.5936133412571448,0.9409116870909753,4.556470679664599
0.097,0.015259753877878294,0.0,4.442493947609559,0.27868047652063355,0.8772108029804924,0.5780076206725472,0.9396912523812182,4.442493947609559
0.0975,0.015239753877878293,0.0,4.326762715977182,0.2735837595473586,0.8759680247610182,0.5622546613080691,0.9384642764732665,4.326762715977182
0.098,0.015219753877878293,0.0,4.2094916121982155,0.26858026482662806,0.8747310613819377,0.5463855061882149,0.9372307720700166,4.2094916121982155
0.0985,0.015199753877878294,0.0,4.090882250341923,0.26366826802634535,0.8734997698542791,0.5304319762108809,0.9359907670923187,4.090882250341923
0.099,0.015179753877878293,0.0,3.9711624739962357,0.2588461084814814,0.872273953959405,0.5144265927990631,0.9347442286513432,3.9711624739962357
0.0995,0.015159753877878292,0.0,3.850568091328909,0.2541121537308181,0.8710533957979767,0.4984022502563793,0.933491093059067,3.850568091328909
0.1,0.015139753877878291,0.0,3.729277489181747,0.249464777332766,0.8698379850581652,0.4823920179320301,0.9322313994651263,3.729277489181747
0.1005,0.015146420544544958,0.0,4.494507410644016,0.24490239745161413,0.8688542465366446,0.4666749787389292,0.9312031653941152,4.494507410644016
0.101,0.015153087211211625,0.0,5.112480761015196,0.24042346073647147,0.8682427064306752,0.45143149058415777,0.9305600623651471,5.112480761015196
0.1015,0.01515975387787829,0.0,5.6007501893452725,0.23602644122567687,0.8679077112652287,0.4365808690600368,0.9302065090272392,5.6007501893452725
0.10200000000000001,0.015166420544544958,0.0,5.97764632704483,0.2317098405571052,0.8677841798974432,0.42207366586258876,0.9300759076584333,5.97764632704483
0.10250000000000001,0.015173087211211625,0.0,6.272256617628551,0.22747218799042793,0.8678069789144243,0.40785952081056065,0.9301000207050741,6.272256617628551
0.10300000000000001,0.015179753877878292,0.0,6.506562833562847,0.22331203949700845,0.8679322911132765,0.39391048114353183,0.9302324810776467,6.506562833562847
0.10350000000000001,0.015186420544544959,0.0,6.657268737388882,0.21922797781677336,0.8681896950670686,0.380273934632273,0.9305041740539505,6.657268737388882
0.10400000000000001,0.015193087211211626,0.0,6.703632331373037,0.21521861075328097,0.8686058430919296,0.36699051088308743,0.9309423021216695,6.703632331373037
0.10450000000000001,0.01519975387787829,0.0,6.646081872879274,0.21128257317864232,0.8691784319668207,0.3540681238243697,0.9315428693493609,6.646081872879274
0.10500000000000001,0.015206420544544958,0.0,6.50855846581891,0.20741852293947838,0.8698729734293954,0.3414810984874597,0.9322678278235726,6.50855846581891
0.10550000000000001,0.015213087211211625,0.0,6.324589022412266,0.2036251445399965,0.870641446454591,0.32919112037273063,0.9330654584985582,6.324589022412266
0.10600000000000001,0.015219753877878292,0.0,6.1201056499367334,0.1999011438703193,0.8714462912144196,0.31717146142596425,0.9338957758298888,6.1201056499367334
0.10650000000000001,0.015226420544544959,0.0,5.908698410417312,0.19624525370891407,0.8722675874923354,0.3054130320158196,0.9347377231798872,5.908698410417312
0.10700000000000001,0.015233087211211626,0.0,5.6972884694713,0.19265622726097628,0.8730949432960485,0.29391557013215336,0.9355804263318674,5.6972884694713
0.10750000000000001,0.015239753877878291,0.0,5.488742614778761,0.18913284238804226,0.8739239382634161,0.2826836773972737,0.9364193066279723,5.488742614778761
0.10800000000000001,0.015246420544544958,0.0,5.2843844791354915,0.18567389677894847,0.8747524265906618,0.27172306365574095,0.9372521814202898,5.2843844791354915
0.10850000000000001,0.015253087211211625,0.0,5.0848194754827984,0.18227822061141352,0.8755793341103998,0.26103937425801477,0.9380779915983539,5.0848194754827984
0.10900000000000001,0.015259753877878292,0.0,4.8904397710830025,0.178944641231539,0.8764038769415485,0.2506373499338515,0.9388959934596804,4.8904397710830025
0.10950000000000001,0.015266420544544959,0.0,4.701434993241244,0.17567202449325456,0.8772255724665274,0.24052097633392355,0.9397057597753123,4.701434993241244
0.11000000000000001,0.015273087211211626,0.0,4.517943391080833,0.17245927063036096,0.8780439942263247,0.2306932851897956,0.9405069306229251,4.517943391080833
0.11050000000000001,0.015279753877878291,0.0,4.3400822012757265,0.16930528456709337,0.8788587218310195,0.2211562572065156,0.9412991628943428,4.3400822012757265
0.11100000000000002,0.015286420544544958,0.0,4.167909812647088,0.16620903803412732,0.8796694146129282,0.21191112220159955,0.9420822008816185,4.167909812647088
0.11150000000000002,0.015293087211211625,0.0,4.0015458392808165,0.1631693367759148,0.8804755873710454,0.20295751192945038,0.9428556591428136,4.0015458392808165
0.11200000000000002,0.015299753877878292,0.0,3.840931406235584,0.1601852013477106,0.8812770721878459,0.19429505279302106,0.9436194656468402,3.840931406235584
0.11250000000000002,0.015306420544544959,0.0,3.6860027633430583,0.15725565230476957,0.8820737011458045,0.18592248826214078,0.9443735521542039,3.6860027633430583
0.11300000000000002,0.015313087211211624,0.0,3.536691549937248,0.15437971020234645,0.8828653063273961,0.1778377424081756,0.9451178541529011,3.536691549937248
0.11350000000000002,0.015319753877878291,0.0,3.392925068900406,0.1515563955956961,0.8836517198150957,0.17003798505861598,0.94585231079206,3.392925068900406
0.11400000000000002,0.015326420544544958,0.0,3.254626570023711,0.14878472904007323,0.884432773691378,0.1625196977224119,0.9465768648133269,3.254626570023711
0.11450000000000002,0.015333087211211625,0.0,3.1216974135748528,0.14606373928551072,0.8852083399556904,0.15527878476871732,0.9472914991370865,3.1216974135748528
0.11500000000000002,0.015339753877878292,0.0,2.9939041438551857,0.14339250032840617,0.8859785893058362,0.14831087274266488,0.9479964716132513,2.9939041438551857
0.11550000000000002,0.015346420544544959,0.0,2.871045720717561,0.14077011528687142,0.886743639314158,0.14161110442540312,0.9486919870567938,2.871045720717561
0.11600000000000002,0.015353087211211624,0.0,2.7529372399549454,0.13819569820178396,0.8875035862660591,0.1351741670918728,0.9493782275880079,2.7529372399549454
0.11650000000000002,0.015359753877878291,0.0,2.639403875139553,0.13566839812399878,0.888258516923148,0.1289944196013381,0.9500553638391424,2.639403875139553
0.11700000000000002,0.015366420544544958,0.0,2.530231106328053,0.13318729854260575,0.8890086288372506,0.12306574478506595,0.9507236621096512,2.530231106328053
0.11750000000000002,0.015373087211211625,0.0,2.425229211519807,0.1307515363514111,0.8897540807521315,0.11738183921333131,0.9513833491567698,2.425229211519807
0.11800000000000002,0.015379753877878292,0.0,2.324233799615291,0.1283603177820555,0.8904949862850453,0.11193628957819604,0.9520346078851504,2.324233799615291
0.11850000000000002,0.015386420544544959,0.0,2.2270863911166887,0.1260128490661797,0.8912314590532472,0.10672246341237533,0.9526776180012583,2.2270863911166887
0.11900000000000002,0.015393087211211624,0.0,2.1336342496027707,0.12370833643542442,0.8919636126739918,0.1017335560803577,0.953312556054179,2.1336342496027707
0.11950000000000002,0.015399753877878291,0.0,2.04373021746828,0.12144598612143032,0.8926915607645343,0.09696263464335725,0.9539395954753934,2.04373021746828
0.12000000000000002,0.015406420544544958,0.0,1.9572339385561963,0.11922500667158492,0.8934154130974413,0.09240268213720532,0.9545589033392436,1.9572339385561963
0.12050000000000002,0.015413087211211625,0.0,1.8740464247355337,0.11704463728568185,0.8941351765055374,0.08804666051508647,0.9551705565859452,1.8740464247355337
0.12100000000000002,0.015419753877878292,0.0,1.794075025465715,0.11490413667393455,0.8948508448462956,0.08388754995540972,0.9557746206818488,1.794075025465715
0.12150000000000002,0.01542642054454496,0.0,1.7172279931046028,0.11280278927153102,0.8955624136724787,0.07991839160186653,0.9563711622483262,1.7172279931046028
0.12200000000000003,0.015433087211211624,0.0,1.6434151119149363,0.1107398795136592,0.8962698785368495,0.07613225833559845,0.9569602476049601,1.6434151119149363
0.12250000000000003,0.015439753877878291,0.0,1.5725508352923994,0.10871475619666744,0.8969732252784415,0.07252239646731122,0.957541934761893,1.5725508352923994
0.12300000000000003,0.015446420544544958,0.0,1.5045614511455736,0.10672662354335684,0.8976724062307924,0.06908184915887079,0.9581162542136161,1.5045614511455736
0.12350000000000003,0.015453087211211625,0.0,1.4393684222267138,0.10477480525380008,0.8983673905525801,0.06580399098717706,0.9586832507876328,1.4393684222267138
0.12400000000000003,0.015459753877878292,0.0,1.3768934819334915,0.10285867233530767,0.8990581494392856,0.06268238596941361,0.9592429712215136,1.3768934819334915
0.12450000000000003,0.01546642054454496,0.0,1.3170593455731119,0.10097759579519017,0.8997446540863903,0.05971071235688117,0.9597954624629699,1.3170593455731119
0.12500000000000003,0.015473087211211625,0.0,1.259789750710874,0.09913094664075811,0.9004268756893749,0.05688277619256582,0.9603407716600831,1.259789750710874
0.12550000000000003,0.015479753877878292,0.0,1.205009497792568,0.09731809587932207,0.9011047854437207,0.054192522878187877,0.96087894615147,1.205009497792568
0.12600000000000003,0.015486420544544958,0.0,1.1526444910409595,0.09553841451819257,0.9017783545449087,0.05163404688743468,0.9614100334563774,1.1526444910409595
0.12650000000000003,0.015493087211211625,0.0,1.1026217796265048,0.09379127356468016,0.90244755418842,0.04920159976249373,0.961934081264715,1.1026217796265048
0.12700000000000003,0.015499753877878292,0.0,1.0548566627089808,0.09207613276508968,0.9031124045693488,0.04688972892286292,0.9624511754066658,1.0548566627089808
0.12750000000000003,0.015506420544544958,0.0,1.009274903085986,0.09039229575966454,0.9037728944957114,0.044692916501982906,0.9629613766650661,1.009274903085986
0.12800000000000003,0.015513087211211625,0.0,0.9657954576499501,0.0887392216157027,0.9044290461420402,0.04260603692818945,0.9634647711147188,0.9657954576499501
0.12850000000000003,0.015519753877878292,0.0,0.9243391542765452,0.0871163758427256,0.9050808837044433,0.04062413107847583,0.9639614454466823,0.9243391542765452
0.12900000000000003,0.015526420544544959,0.0,0.8848292029066119,0.08552322395025468,0.9057284313790286,0.0387423992594055,0.9644514853989659,0.8848292029066119
0.12950000000000003,0.015533087211211626,0.0,0.8471911611562221,0.0839592314478114,0.9063717133619041,0.03695620285863333,0.9649349757648582,0.8471911611562221
0.13000000000000003,0.015539753877878293,0.0,0.8113529001202634,0.0824238638449172,0.907010753849178,0.035261065105758,0.9654120004012073,0.8113529001202634
0.13050000000000003,0.015546420544544958,0.0,0.7772445703694469,0.08091658665109358,0.9076455770369583,0.03365267103596396,0.9658826422366543,0.7772445703694469
0.13100000000000003,0.015553087211211625,0.0,0.7447981029732053,0.07943687607115141,0.9082762092182028,0.032126878357689896,0.9663469848184684,0.7447981029732053
0.13150000000000003,0.015559753877878292,0.0,0.7139368909844798,0.0779842956854269,0.908902726359644,0.0306797980181726,0.9668051469411764,0.7139368909844798
0.13200000000000003,0.015566420544544959,0.0,0.6845944481628551,0.07655819717947089,0.9095251714679684,0.02930747026642677,0.9672572216083979,0.6845944481628551
0.13250000000000003,0.015573087211211626,0.0,0.6567031546079032,0.07515813471949699,0.9101436046620506,0.028006302174004852,0.9677033128674806,0.6567031546079032
0.13300000000000003,0.015579753877878293,0.0,0.6301980544765632,0.07378366247171886,0.9107580860607647,0.026772840909848956,0.9681435231858485,0.6301980544765632
0.13350000000000004,0.015586420544544958,0.0,0.6050167768947636,0.0724343346023501,0.911368675782985,0.025603771570622928,0.9685779534701535,0.6050167768947636
0.13400000000000004,0.015593087211211625,0.0,0.5810994580634479,0.07110970527760438,0.9119754339475856,0.024495914674852782,0.9690067030851366,0.5810994580634479
0.13450000000000004,0.015599753877878292,0.0,0.558388664558232,0.06980932866369534,0.912578420673441,0.023446223370024846,0.9694298698722006,0.558388664558232
0.13500000000000004,0.015606420544544959,0.0,0.5368293178236626,0.0685327589268366,0.9131776960794252,0.02245178039786853,0.9698475501676934,0.5368293178236626
0.13550000000000004,0.015613087211211626,0.0,0.5163686198612589,0.06727955023324181,0.9137733202844126,0.02150979485926702,0.970259838820902,0.5163686198612589
0.13600000000000004,0.015619753877878293,0.0,0.49695598011167735,0.0660492567491246,0.9143653534072774,0.020617598816612206,0.9706668292117581,0.49695598011167735
0.13650000000000004,0.01562642054454496,0.0,0.47854069108688474,0.06484148658188522,0.9149538682338209,0.01977268332347815,0.9710686218864388,0.47854069108688474
0.13700000000000004,0.015633087211211625,0.0,0.4610718359066231,0.06365577969475418,0.9155389515296096,0.01897260317835583,0.9714653251651295,0.4610718359066231
0.13750000000000004,0.01563975387787829,0.0,0.4445039563000215,0.06249171642026295,0.9161206717694427,0.018215052566144148,0.9718570331823617,0.4445039563000215
0.13800000000000004,0.01564642054454496,0.0,0.42879314765677284,0.06134892623317521,0.916699100098643,0.017497863453247182,0.9722438403024964,0.42879314765677284
0.13850000000000004,0.015653087211211624,0.0,0.4138974647396711,0.06022703860825466,0.9172743076625335,0.016818965666869565,0.9726258393091474,0.4138974647396711
0.13900000000000004,0.015659753877878293,0.0,0.3997768451442442,0.059125683020264955,0.9178463656064373,0.016176383721626893,0.9730031214237154,0.3997768451442442
0.13950000000000004,0.015666420544544958,0.0,0.3863930344303052,0.05804448894396979,0.9184153450756771,0.015568233626757584,0.9733757763235167,0.3863930344303052
0.14000000000000004,0.015673087211211627,0.0,0.3737095129261363,0.05698308585413284,0.9189813172155762,0.014992719689808441,0.9737438921595076,0.3737095129261363
0.14050000000000004,0.015679753877878292,0.0,0.36169142420456457,0.05594110322551778,0.9195443531714573,0.01444813133088221,0.9741075555736033,0.36169142420456457
0.14100000000000004,0.015686420544544957,0.0,0.35030550523181603,0.05491817053288829,0.9201045240886436,0.013932839919884768,0.9744668517155914,0.35030550523181603
0.14150000000000004,0.015693087211211626,0.0,0.3395197168795442,0.05391398941588525,0.9206619031241255,0.013445331592402483,0.9748218655364574,0.3395197168795442
0.14200000000000004,0.01569975387787829,0.0,0.3293023042824113,0.05292812663067561,0.9212165715205625,0.012984098644147329,0.9751726855881014,0.3293023042824113
0.14250000000000004,0.01570642054454496,0.0,0.3196245368454105,0.051960261765823273,0.9217685999012831,0.012547762379048848,0.9755193921543779,0.3196245368454105
0.14300000000000004,0.015713087211211625,0.0,0.3104590778659462,0.051010086547104,0.9223180583748727,0.01213501585367718,0.9758620637814013,0.3104590778659462
0.14350000000000004,0.01571975387787829,0.0,0.30177984588291806,0.05007729270029352,0.9228650170499164,0.011744615094406002,0.9762007776211613,0.30177984588291806
0.14400000000000004,0.01572642054454496,0.0,0.2935619559628465,0.049161571951167576,0.9234095460349994,0.01137537660176446,0.9765356094457405,0.2935619559628465
0.14450000000000005,0.015733087211211624,0.0,0.28578166260997656,0.048262616025501914,0.923951715438707,0.011026174905271083,0.9768666336611385,0.28578166260997656
0.14500000000000005,0.015739753877878293,0.0,0.27841630430055603,0.047380116649072275,0.9244915953696243,0.010695940172797798,0.9771939233207019,0.27841630430055603
0.14550000000000005,0.01574642054454496,0.0,0.27144424964057023,0.04651376554765439,0.9250292559363366,0.01038365587782952,0.9775175501381627,0.27144424964057023
0.14600000000000005,0.015753087211211627,0.0,0.26484484514779044,0.04566325444702403,0.925564767247429,0.010088356527367445,0.9778375845002824,0.26484484514779044
0.14650000000000005,0.015759753877878292,0.0,0.25859944642594035,0.04482834406876324,0.9260981911359114,0.009809148852990394,0.9781540905864629,0.25859944642594035
0.14700000000000005,0.015766420544544957,0.0,0.25268817537139926,0.04400866845275193,0.9266296053950243,0.009545141447210793,0.9784671407820406,0.25268817537139926
0.14750000000000005,0.015773087211211626,0.0,0.24709360943940706,0.043203942791203785,0.9271590754749923,0.009295515949246033,0.9787767988573686,0.24709360943940706
0.14800000000000005,0.01577975387787829,0.0,0.241799615687443,0.042413914634170005,0.9276866626343576,0.009059505323874608,0.9790831249561711,0.241799615687443
0.14850000000000005,0.01578642054454496,0.0,0.2367907575410632,0.041638331531701794,0.9282124281316619,0.008836380764131081,0.9793861781009928,0.2367907575410632
0.14900000000000005,0.015793087211211625,0.0,0.2320522573057465,0.04087694103385035,0.9287364332254471,0.008625450032526162,0.9796860162022754,0.2320522573057465
0.14950000000000005,0.01579975387787829,0.0,0.2275699599188707,0.040129490690666875,0.9292587391742549,0.008426055853785915,0.9799826960671356,0.2275699599188707
0.15000000000000005,0.01580642054454496,0.0,0.22333029794136697,0.03939572805220256,0.9297794072366272,0.008237574359365184,0.9802762734078422,0.22333029794136697
0.15050000000000005,0.015813087211211625,0.0,0.21932025778890651,0.03867540066850861,0.9302984986711059,0.008059413583768285,0.9805668028499928,0.21932025778890651
0.15100000000000005,0.015819753877878293,0.0,0.215527347203512,0.037968256089636235,0.9308160747362328,0.007891012012512594,0.9808543379403899,0.215527347203512
0.15150000000000005,0.01582642054454496,0.0,0.21193956396422306,0.03727404186563661,0.9313321966905498,0.0077318371813954925,0.9811389311546186,0.21193956396422306
0.15200000000000005,0.015833087211211627,0.0,0.20854652823283795,0.03659254731549833,0.9318469158904398,0.007581393620336732,0.9814206285054209,0.20854652823283795
0.15250000000000005,0.015839753877878292,0.0,0.20533785592251566,0.035923516537930834,0.9323602871220489,0.007439201113370845,0.9816994769671533,0.20533785592251566
0.15300000000000005,0.015846420544544958,0.0,0.2023028879870003,0.035266677045369746,0.9328723708687409,0.0073048013937245075,0.9819755256288645,0.2023028879870003
0.15350000000000005,0.015853087211211626,0.0,0.1994329612967926,0.03462182520985437,0.9333832135250288,0.007177774531235666,0.9822488150389924,0.1994329612967926
0.15400000000000005,0.01585975387787829,0.0,0.19671972199928656,0.033988757403424,0.9338928614854257,0.007057721978703909,0.9825193849496595,0.19671972199928656
0.15450000000000005,0.01586642054454496,0.0,0.1941551068512153,0.03336726999811791,0.9344013611444448,0.006944265593821598,0.9827872743211938,0.1941551068512153
0.15500000000000005,0.015873087211211626,0.0,0.19173132526186473,0.03275715936597542,0.9349087588965992,0.0068370466973123635,0.9830525213264758,0.19173132526186473
0.15550000000000005,0.01587975387787829,0.0,0.18944084204779138,0.0321582218790358,0.935415101136402,0.006735725166620387,0.9833151633551153,0.18944084204779138
0.15600000000000006,0.01588642054454496,0.0,0.1872763608984103,0.03157025390933837,0.9359204342583664,0.006639978564442654,0.9835752370174546,0.1872763608984103
0.15650000000000006,0.015893087211211625,0.0,0.1852308085526736,0.030993051828922393,0.9364248046570053,0.006549501301353991,0.9838327781484002,0.1852308085526736
0.15700000000000006,0.015899753877878293,0.0,0.18329731968717478,0.03042641200982718,0.936928258726832,0.006464003831738644,0.9840878218110822,0.18329731968717478
0.15750000000000006,0.01590642054454496,0.0,0.18146922251505818,0.029870130824092025,0.9374308428623597,0.0063832118822128685,0.984340402300341,0.18146922251505818
0.15800000000000006,0.015913087211211624,0.0,0.1797416978835692,0.0293240530761867,0.9379325881085928,0.006306872522629497,0.9845905455244096,0.1797416978835692
0.15850000000000006,0.015919753877878293,0.0,0.17810926138498664,0.02878795314235549,0.9384335328999711,0.006234736014146797,0.9848382805152842,0.17810926138498664
0.15900000000000006,0.015926420544544958,0.0,0.1765661774301533,0.028261618848408443,0.9389337193096047,0.006166568073738276,0.9850836374505674,0.1765661774301533
0.15950000000000006,0.015933087211211627,0.0,0.17510813157589367,0.027744887858381792,0.9394331774856951,0.006102153384629049,0.9853266400420828,0.17510813157589367
0.16000000000000006,0.015939753877878292,0.0,0.1737309173152351,0.027237597836311776,0.9399319375764439,0.0060412877462085275,0.9855673115067191,0.1737309173152351
0.16050000000000006,0.01594642054454496,0.0,0.17243042897428157,0.026739586446234625,0.9404300297300526,0.005983777549302883,0.9858056745681504,0.17243042897428157
0.16100000000000006,0.015953087211211626,0.0,0.17120265490895367,0.026250691352186575,0.9409274840947229,0.005929439272653171,0.9860417514584832,0.17120265490895367
0.16150000000000006,0.01595975387787829,0.0,0.17004367100238316,0.025770750218203867,0.9414243308186564,0.005878098999999391,0.9862755639198312,0.17004367100238316
0.16200000000000006,0.01596642054454496,0.0,0.16894963446233785,0.025299600708322732,0.9419206000500546,0.005829591957168731,0.9865071332058172,0.16894963446233785
0.16250000000000006,0.015973087211211625,0.0,0.16791677791892398,0.024837080486579406,0.9424163219371191,0.005783762068565872,0.986736480083002,0.16791677791892398
0.16300000000000006,0.015979753877878294,0.0,0.16694140382289663,0.02438302721701013,0.9429115266280514,0.005740461532465318,0.9869636248322413,0.16694140382289663
0.16350000000000006,0.01598642054454496,0.0,0.16601987914375171,0.023937278563651132,0.9434062442710532,0.005699550414508402,0.9871885872499693,0.16601987914375171
0.16400000000000006,0.015993087211211624,0.0,0.16514863036866537,0.023499672190538654,0.9439005050143261,0.0056608962588128794,0.9874113866494094,0.16514863036866537
0.16450000000000006,0.015999753877878293,0.0,0.16432732794967633,0.023070138052266875,0.9443943084005979,0.005624381621167921,0.9876320282470087,0.16432732794967633
0.16500000000000006,0.016006420544544958,0.0,0.16355118513729183,0.022648408669021014,0.9448876970428604,0.005589878288654583,0.9878505362510418,0.16355118513729183
0.16550000000000006,0.016013087211211627,0.0,0.16281815714525877,0.02223435720331689,0.9453806876995917,0.005557277049638434,0.9880669228953218,0.16281815714525877
0.16600000000000006,0.016019753877878292,0.0,0.16212623874775892,0.021827857136916224,0.9458732970541254,0.00552647437140164,0.9882812001128362,0.16212623874775892
0.16650000000000006,0.016026420544544957,0.0,0.1614734542822025,0.021428781951580732,0.9463655417897944,0.005497372102333973,0.9884933795699908,0.1614734542822025
0.16700000000000007,0.016033087211211626,0.0,0.16085785559333624,0.021037005129072136,0.9468574385899321,0.005469877213864817,0.9887034726671087,0.16085785559333624
0.16750000000000007,0.01603975387787829,0.0,0.16027752006944032,0.020652400151152158,0.9473490041378717,0.0054439015532745305,0.9889114905389046,0.16027752006944032
0.16800000000000007,0.01604642054454496,0.0,0.15973054877075482,0.020274840499582513,0.9478402551169465,0.005419361607025914,0.9891174440549391,0.15973054877075482
0.16850000000000007,0.016053087211211625,0.0,0.15921506464938026,0.019904199656124923,0.9483312082104897,0.005396178274262358,0.9893213438200489,0.15921506464938026
0.16900000000000007,0.016059753877878294,0.0,0.15872921086169378,0.019540351102541105,0.9488218801018343,0.005374276650125117,0.9895232001747559,0.15872921086169378
0.16950000000000007,0.01606642054454496,0.0,0.1582711491720594,0.019183168320592782,0.949312287474314,0.0053535858185485355,0.9897230231956536,0.1582711491720594
0.17000000000000007,0.016073087211211624,0.0,0.15783905844919496,0.018832524792041668,0.9498024470112616,0.005334038654198792,0.9899208226957712,0.15783905844919496
0.17050000000000007,0.016079753877878293,0.0,0.15743113325397676,0.01848829399864949,0.9502923753960106,0.005315571633228438,0.9901166082249155,0.15743113325397676
0.17100000000000007,0.01608642054454496,0.0,0.1570455825193822,0.01815034942217796,0.9507820893118941,0.0052981246525262305,0.9903103890699906,0.1570455825193822
0.17150000000000007,0.016093087211211627,0.0,0.15668264367402562,0.017818637909488427,0.9512715856352352,0.005281644542846065,0.9905021665339832,0.15668264367402562
0.17200000000000007,0.016099753877878292,0.0,0.15634039192937704,0.017492964233172485,0.9517608825471298,0.0052660737752911625,0.9906919501894728,0.15634039192937704
0.17250000000000007,0.016106420544544958,0.0,0.15601758299391164,0.017173212454969267,0.9522499916474045,0.005251361988050108,0.9908797468093082,0.15601758299391164
0.17300000000000007,0.016113087211211626,0.0,0.15571334477539395,0.016859286181004827,0.9527389209504818,0.00523746240016399,0.9910655616283008,0.15571334477539395
0.17350000000000007,0.01611975387787829,0.0,0.15542681165805808,0.016551089017405214,0.9532276784707838,0.005224330666407482,0.9912493997550705,0.15542681165805808
0.17400000000000007,0.01612642054454496,0.0,0.15515712403732757,0.016248524570296477,0.9537162722227328,0.0052119247597898054,0.9914312661721593,0.15515712403732757
0.17450000000000007,0.016133087211211625,0.0,0.15490342787538441,0.01595149644580467,0.954204710220751,0.005200204859097778,0.9916111657361385,0.15490342787538441
0.17500000000000007,0.01613975387787829,0.0,0.15466487427836836,0.01565990825005584,0.9546930004792606,0.005189133241303795,0.9917891031777109,0.15466487427836836
0.17550000000000007,0.01614642054454496,0.0,0.15444061909442588,0.015373663589176044,0.9551811510126839,0.005178674178665643,0.9919650831018086,0.15444061909442588
0.17600000000000007,0.016153087211211625,0.0,0.1542298225330952,0.015092666069291329,0.955669169835443,0.005168793840349121,0.9921391099876848,0.1542298225330952
0.17650000000000007,0.016159753877878293,0.0,0.15403164880616735,0.014816819296527745,0.9561570649619603,0.005159460198408634,0.9923111881890009,0.15403164880616735
0.17700000000000007,0.01616642054454496,0.0,0.15384526578925717,0.014546026877011344,0.9566448444066579,0.005150642937964998,0.9924813219339084,0.15384526578925717
0.17750000000000007,0.016173087211211627,0.0,0.15366984470516964,0.014280192416868176,0.957132516183958,0.005142313371423846,0.9926495153251255,0.15366984470516964
0.17800000000000007,0.016179753877878292,0.0,0.15350455982798897,0.014019219522224294,0.9576200883082829,0.0051344443565822075,0.9928157723400091,0.15350455982798897
0.17850000000000008,0.016186420544544958,0.0,0.1533485882087712,0.013763011799205747,0.9581075687940548,0.005127010218474875,0.9929800968306206,0.1533485882087712
0.17900000000000008,0.016193087211211626,0.0,0.1532020657626268,0.013511521214304654,0.9585949561505659,0.005119988044080831,0.9931424893753058,0.1532020657626268
0.17950000000000008,0.01619975387787829,0.0,0.15306446053011222,0.013264617443309284,0.9590822555337274,0.005113353788797675,0.9933029527511713,0.15306446053011222
0.18000000000000008,0.01620642054454496,0.0,0.15293507556173547,0.01302220208192247,0.9595694737579359,0.0051070856544125414,0.993461490191159,0.15293507556173547
0.18050000000000008,0.016213087211211626,0.0,0.15281354188304386,0.012784202219909885,0.9600566143920917,0.005101163687085399,0.9936181037847117,0.15281354188304386
0.18100000000000008,0.016219753877878294,0.0,0.1526994917053742,0.012550544947037204,0.9605436810050956,0.005095568973638773,0.9937727955654894,0.1526994917053742
0.18150000000000008,0.01622642054454496,0.0,0.15259255833633067,0.0123211573530701,0.9610306771658478,0.005090283591157711,0.9939255675113905,0.15259255833633067
0.18200000000000008,0.016233087211211625,0.0,0.15249237609477587,0.012095966527774251,0.961517606443249,0.00508529055877415,0.9940764215445733,0.15249237609477587
0.18250000000000008,0.016239753877878293,0.0,0.15239858022975017,0.01187489956091533,0.9620044724061997,0.005080573791556661,0.9942253595314751,0.15239858022975017
0.18300000000000008,0.01624642054454496,0.0,0.1523108068436759,0.01165788354225901,0.9624912786236004,0.005076118056428488,0.9943723832828305,0.1523108068436759
0.18350000000000008,0.016253087211211627,0.0,0.15222869281998488,0.011444845561570965,0.9629780286643514,0.005071908930038993,0.9945174945536897,0.15222869281998488
0.18400000000000008,0.016259753877878293,0.0,0.15215187575451025,0.011235712708616874,0.9634647260973537,0.005067932758515517,0.9946606950434345,0.15215187575451025
0.18450000000000008,0.016266420544544958,0.0,0.1520799938916444,0.011030412073162408,0.9639513744915074,0.005064176619024782,0.9948019863957939,0.1520799938916444
0.18500000000000008,0.016273087211211627,0.0,0.1520126860642484,0.010828870744973242,0.964437977415713,0.005060628283074917,0.9949413701988586,0.1520126860642484
0.18550000000000008,0.016279753877878292,0.0,0.15194959163788374,0.01063101581381505,0.9649245384388712,0.0050572761814911375,0.995078847985095,0.15194959163788374
0.18600000000000008,0.01628642054454496,0.0,0.15189035045945495,0.010436774369453509,0.9654110611298824,0.005054109371000108,0.9952144212313571,0.15189035045945495
0.18650000000000008,0.016293087211211626,0.0,0.15183501741988623,0.010246127647462232,0.9658975449183046,0.0050511183659207965,0.9953480902296038,0.15183501741988623
0.18700000000000008,0.01629975387787829,0.0,0.15178342593993924,0.010058972108429508,0.9663839914462282,0.005048292812035144,0.995479855875651,0.15178342593993924
0.18750000000000008,0.01630642054454496,0.0,0.15173516090698178,0.00987520469534618,0.9668704048403726,0.005045622975835855,0.9956097196982368,0.15173516090698178
0.18800000000000008,0.016313087211211625,0.0,0.151690080025485,0.00969477229249381,0.9673567865062398,0.005043100410986417,0.9957376824512032,0.151690080025485
0.18850000000000008,0.016319753877878294,0.0,0.1516480411864661,0.009517621784153952,0.9678431378493318,0.0050407171084522065,0.9958637448664917,0.1516480411864661
0.18900000000000008,0.01632642054454496,0.0,0.15160890245282851,0.00934370005460817,0.968329460275151,0.0050384654755142606,0.995987907654147,0.15160890245282851
0.18950000000000009,0.016333087211211628,0.0,0.1515725220458734,0.00917295398813802,0.9688157551891992,0.005036338315683149,0.9961101715023202,0.1515725220458734
0.19000000000000009,0.016339753877878293,0.0,0.15153875833191996,0.009005330469025064,0.9693020239969785,0.005034328809480599,0.9962305370772717,0.15153875833191996
0.19050000000000009,0.016346420544544958,0.0,0.1515074698101095,0.008840776381550858,0.9697882681039911,0.00503243049605737,0.9963490050233748,0.1515074698101095
0.1910000000000001,0.016353087211211627,0.0,0.15147851510045765,0.008679238609996963,0.970274488915739,0.005030637255616712,0.9964655759631179,0.15147851510045765
0.1915000000000001,0.016359753877878292,0.0,0.151451752932698,0.008520664038644937,0.9707606878377243,0.0050289432926136236,0.996580250497108,0.151451752932698
0.1920000000000001,0.01636642054454496,0.0,0.15142704213593045,0.008364999551776338,0.9712468662754491,0.005027343119700911,0.9966930292040723,0.15142704213593045
0.1925000000000001,0.016373087211211626,0.0,0.15140424162859326,0.008212192033672728,0.9717330256344154,0.005025831542393911,0.9968039126408615,0.15140424162859326
0.1930000000000001,0.01637975387787829,0.0,0.15138321040947983,0.008062188368615664,0.9722191673201255,0.005024403644426518,0.9969129013424513,0.15138321040947983
0.1935000000000001,0.01638642054454496,0.0,0.15136380754905399,0.007914935440886704,0.9727052927380813,0.0050230547737719795,0.9970199958219447,0.15136380754905399
0.1940000000000001,0.016393087211211625,0.0,0.15134589218160766,0.007770380134767408,0.9731914032937848,0.005021780529302675,0.9971251965705741,0.15134589218160766
0.1945000000000001,0.016399753877878294,0.0,0.15132932349808378,0.007628469334539336,0.9736775003927383,0.0050205767480639065,0.9972285040577028,0.15132932349808378
0.1950000000000001,0.01640642054454496,0.0,0.1513139607394129,0.007489149924484046,0.9741635854404438,0.005019439493137451,0.997329918730827,0.1513139607394129
0.1955000000000001,0.016413087211211624,0.0,0.15129966319069174,0.0073523687888830975,0.9746496598424033,0.0050183650420713875,0.9974294410155765,0.15129966319069174
0.1960000000000001,0.016419753877878293,0.0,0.15128675100262412,0.007218138495198481,0.9751357203950336,0.005017350380778363,0.9975270703989042,0.15128675100262412
0.1965000000000001,0.01642642054454496,0.0,0.15127492293027472,0.0070863382589384715,0.9756217701096591,0.005016391625286276,0.9976228076296547,0.15127492293027472
0.1970000000000001,0.016433087211211627,0.0,0.15126410460248452,0.006956925525044244,0.9761078097289078,0.005015485711469037,0.9977166529761997,0.15126410460248452
0.1975000000000001,0.016439753877878292,0.0,0.15125424604963358,0.006829862740529276,0.9765938397515341,0.005014629771302858,0.9978086066496925,0.15125424604963358
0.1980000000000001,0.01644642054454496,0.0,0.1512452973181425,0.006705112352407042,0.9770798606762929,0.005013821085431439,0.9978986688535274,0.1512452973181425
0.1985000000000001,0.016453087211211626,0.0,0.15123720846874275,0.006582636807691022,0.9775658730019389,0.005013057076016829,0.9979868397833395,0.15123720846874275
0.1990000000000001,0.01645975387787829,0.0,0.15122992957522063,0.0064623985533946915,0.9780518772272264,0.0050123352998980705,0.9980731196270051,0.15122992957522063
0.1995000000000001,0.01646642054454496,0.0,0.1512234107229026,0.006344360036531529,0.9785378738509104,0.005011653442046468,0.9981575085646422,0.1512234107229026
0.2000000000000001,0.016473087211211625,0.0,0.15121760200733622,0.00622848370411501,0.9790238633717455,0.005011009309306631,0.9982400067686112,0.15121760200733622
0.2005000000000001,0.016479753877878294,0.0,0.1512124535332682,0.0061147320031586135,0.9795098462884863,0.005010400824412736,0.9983206144035142,0.1512124535332682
0.2010000000000001,0.01648642054454496,0.0,0.1512079154132371,0.006003067380675816,0.9799958230998875,0.00500982602026975,0.998399331626196,0.1512079154132371
0.2015000000000001,0.016493087211211625,0.0,0.15120393776682955,0.005893452283680095,0.9804817943047037,0.005009283034489654,0.9984761585857445,0.15120393776682955
0.2020000000000001,0.016499753877878293,0.0,0.15120047071947512,0.0057858491591849266,0.9809677604016898,0.0050087701041729975,0.9985510954234901,0.15120047071947512
0.2025000000000001,0.01650642054454496,0.0,0.151197464401652,0.005680220454203789,0.9814537218896001,0.005008285560926375,0.9986241422730068,0.151197464401652
0.2030000000000001,0.016513087211211627,0.0,0.15119486894812448,0.005576528615750159,0.9819396792671896,0.005007827826106729,0.998695299260112,0.15119486894812448
0.2035000000000001,0.016519753877878292,0.0,0.1511926344971486,0.005474736090837514,0.9824256330332127,0.0050073954062836296,0.9987645665028668,0.1511926344971486
0.2040000000000001,0.016526420544544958,0.0,0.15119071118988656,0.005374805326479331,0.9829115836864244,0.005006986888910955,0.9988319441115757,0.15119071118988656
0.2045000000000001,0.016533087211211626,0.0,0.1511890491698906,0.0052766987696890874,0.983397531725579,0.005006600938199681,0.9988974321887873,0.1511890491698906
0.2050000000000001,0.01653975387787829,0.0,0.1511876044343537,0.005180381006968383,0.983883477590883,0.005006236299424908,0.9989610308217457,0.1511876044343537
0.2055000000000001,0.01654642054454496,0.0,0.15118651165549374,0.005085859281803702,0.984369419934899,0.005005891943801661,0.9990227398673138,0.15118651165549374
0.2060000000000001,0.016553087211211626,0.0,0.15118564242588148,0.004993045761222885,0.9848553600423184,0.005005566543941032,0.9990825595222088,0.15118564242588148
0.2065000000000001,0.016559753877878294,0.0,0.15118497954961166,0.004901913950838683,0.98534129808517,0.005005259073640676,0.9991404898326887,0.15118497954961166
0.2070000000000001,0.01656642054454496,0.0,0.15118450583123755,0.004812437356263848,0.9858272342354825,0.005004968559699667,0.9991965308423365,0.15118450583123755
0.2075000000000001,0.016573087211211625,0.0,0.15118420407587357,0.004724589483111134,0.9863131686652846,0.005004694079381428,0.9992506825920602,0.15118420407587357
0.2080000000000001,0.016579753877878294,0.0,0.1511840570890547,0.004638343836993293,0.9867991015466053,0.005004434757985257,0.9993029451200927,0.1511840570890547
0.2085000000000001,0.01658642054454496,0.0,0.1511840476764916,0.004553673923523076,0.9872850330514731,0.005004189766522557,0.9993533184619915,0.1511840476764916
0.2090000000000001,0.016593087211211627,0.0,0.15118415864422813,0.004470553248313237,0.9877709633519169,0.005003958319493953,0.9994018026506394,0.15118415864422813
0.2095000000000001,0.016599753877878293,0.0,0.15118437279831481,0.0043889553169765266,0.9882568926199655,0.005003739672763594,0.9994483977162439,0.15118437279831481
0.2100000000000001,0.016606420544544958,0.0,0.15118467294497298,0.004308853635125698,0.9887428210276475,0.005003533121527039,0.9994931036863377,0.15118467294497298
0.2105000000000001,0.016613087211211627,0.0,0.15118504189040188,0.004230221708373504,0.989228748746992,0.005003337998369248,0.9995359205857783,0.15118504189040188
0.2110000000000001,0.016619753877878292,0.0,0.15118546244075998,0.004153033042332697,0.9897146759500274,0.005003153671409247,0.9995768484367482,0.15118546244075998
0.2115000000000001,0.01662642054454496,0.0,0.15118591740219392,0.004077261142616027,0.9902006028087825,0.0050029795425282145,0.999615887258755,0.15118591740219392
0.2120000000000001,0.016633087211211626,0.0,0.15118638958067498,0.004002879514836249,0.9906865294952862,0.005002815045677744,0.9996530370686313,0.15118638958067498
0.2125000000000001,0.01663975387787829,0.0,0.15118686178214882,0.003929861664606115,0.9911724561815674,0.005002659645265213,0.9996882978805346,0.15118686178214882
0.2130000000000001,0.01664642054454496,0.0,0.15118731681244196,0.0038581810975383754,0.9916583830396546,0.005002512834613235,0.9997216697059476,0.15118731681244196
0.2135000000000001,0.016653087211211625,0.0,0.1511877374772415,0.0037878113192457838,0.9921443102415767,0.005002374134490263,0.9997531525536776,0.1511877374772415
0.2140000000000001,0.016659753877878294,0.0,0.15118810658221088,0.003718725835341093,0.9926302379593623,0.005002243091709539,0.9997827464298575,0.15118810658221088
0.2145000000000001,0.01666642054454496,0.0,0.15118841628565713,0.003650908744185574,0.9931161662714656,0.00500211929747162,0.9998104513327916,0.15118841628565713
0.2150000000000001,0.016673087211211628,0.0,0.15118871231686556,0.0035843771668602545,0.9936020947203632,0.005002002422487366,0.9998362672321311,0.15118871231686556
0.2155000000000001,0.016679753877878293,0.0,0.151188941163977,0.0035190393377744038,0.9940880238414402,0.005001891960781183,0.9998601941516024,0.151188941163977
0.2160000000000001,0.016686420544544958,0.0,0.1511890975598744,0.003454877570137592,0.9945739536873931,0.005001787567828677,0.9998822320856537,0.1511890975598744
0.2165000000000001,0.016693087211211627,0.0,0.15118917623745434,0.00339187417715939,0.9950598843109182,0.005001688916695264,0.999902381027914,0.15118917623745434
0.2170000000000001,0.016699753877878292,0.0,0.1511891719295894,0.0033300114720493683,0.995545815764712,0.005001595697206989,0.9999206409711925,0.1511891719295894
0.2175000000000001,0.01670642054454496,0.0,0.15118907936931902,0.0032692717680170976,0.996031748101471,0.005001507615156127,0.9999370119074793,0.15118907936931902
0.2180000000000001,0.016713087211211626,0.0,0.15118889328962443,0.003209637378272149,0.9965176813738919,0.005001424391540339,0.999951493827945,0.15118889328962443
0.2185000000000001,0.016719753877878295,0.0,0.1511886084237729,0.003151090616024093,0.9970036156346708,0.0050013457618342215,0.9999640867229408,0.1511886084237729
0.2190000000000001,0.01672642054454496,0.0,0.15118821950498088,0.0030936137944824996,0.9974895509365043,0.005001271475292052,0.9999747905819983,0.15118821950498088
0.2195000000000001,0.016733087211211625,0.0,0.15118772126667146,0.003037189226856941,0.997975487332089,0.0050012012942806435,0.9999836053938299,0.15118772126667146
0.2200000000000001,0.016739753877878294,0.0,0.15118710844241742,0.002981799226356986,0.9984614248741213,0.005001134993641175,0.9999905311463281,0.15118710844241742
0.2205000000000001,0.01674642054454496,0.0,0.15118637576592267,0.002927426106192207,0.9989473636152976,0.005001072360078967,0.9999955678265664,0.15118637576592267
0.2210000000000001,0.016753087211211628,0.0,0.15118551797114374,0.0028740521795721733,0.9994333036083144,0.0050010131915801375,0.9999987154207987,0.15118551797114374
0.2215000000000001,0.016759753877878293,0.0,0.15118452979214697,0.002821659759706457,0.9999192449058683,0.005000957296854148,0.999999973914459,0.15118452979214697
0.22200000000000011,0.01676642054454496,0.0,0.15118340596333277,0.0027702311598046276,1.0004051875606557,0.005000904494801265,0.9999993432921628,0.15118340596333277
0.22250000000000011,0.016773087211211627,0.0,0.1511821412193705,0.0027197486930762562,1.0008911316253728,0.005000854614003973,0.999996823537705,0.1511821412193705
0.22300000000000011,0.016779753877878292,0.0,0.15118073029504564,0.0026701946727309142,1.0013770771527166,0.005000807492241437,0.9999924146340619,0.15118073029504564
0.22350000000000012,0.01678642054454496,0.0,0.1511791679256637,0.002621551411978171,1.0018630241953832,0.005000762976026104,0.9999861165633896,0.1511791679256637
0.22400000000000012,0.016793087211211626,0.0,0.15117744884670983,0.0025738012240275982,1.002348972806069,0.0050007209201615955,0.9999779293070253,0.15117744884670983
0.22450000000000012,0.01679975387787829,0.0,0.15117556779405267,0.0025269264220887664,1.002834923037471,0.005000681187321028,0.9999678528454865,0.15117556779405267
0.22500000000000012,0.01680642054454496,0.0,0.15117351950404773,0.0024809093193712455,1.003320874942285,0.00500064364764498,0.9999558871584708,0.15117351950404773
0.22550000000000012,0.016813087211211625,0.0,0.1511712987133008,0.0024357322290846075,1.003806828573208,0.005000608178358281,0.9999420322248568,0.1511712987133008
0.22600000000000012,0.016819753877878294,0.0,0.15116890015903867,0.002391377464438422,1.004292783982936,0.005000574663404896,0.9999262880227033,0.15116890015903867
0.22650000000000012,0.01682642054454496,0.0,0.15116631980401432,0.002347829318544687,1.0047787412119067,0.005000542994565563,0.9999086545297184,0.15116631980401432
0.22700000000000012,0.016833087211211628,0.0,0.15116358772095687,0.0023051109403882945,1.005264699959264,0.00500051309711964,0.9998891317373557,0.15116358772095687
0.22750000000000012,0.016839753877878293,0.0,0.15116067952971654,0.002263158787126192,1.005750660468995,0.005000484838277273,0.9998677196166813,0.15116067952971654
0.22800000000000012,0.01684642054454496,0.0,0.15115759387236716,0.0022219615232067537,1.0062366227547381,0.00500045813010377,0.9998444181464603,0.15115759387236716
0.22850000000000012,0.016853087211211627,0.0,0.15115432939134923,0.002181507813078356,1.006722586830132,0.005000432889149526,0.9998192273052453,0.15115432939134923
0.22900000000000012,0.016859753877878293,0.0,0.15115088472945273,0.002141786321189373,1.0072085527088146,0.005000409036238789,0.999792147071377,0.15115088472945273
0.22950000000000012,0.01686642054454496,0.0,0.15114725852988833,0.00210278571198818,1.0076945204044248,0.005000386496267289,0.9997631774229836,0.15114725852988833
0.23000000000000012,0.016873087211211626,0.0,0.15114344943620714,0.0020644946499231527,1.0081804899306006,0.005000365198008405,0.9997323183379814,0.15114344943620714
0.23050000000000012,0.01687975387787829,0.0,0.15113945609241,0.002026901799442666,1.0086664613009806,0.005000345073927571,0.9996995697940744,0.15113945609241
0.23100000000000012,0.01688642054454496,0.0,0.1511352771429178,0.001989995824995095,1.0091524345292031,0.005000326060004631,0.9996649317687546,0.1511352771429178
0.23150000000000012,0.016893087211211626,0.0,0.15113091123246625,0.001953765391028815,1.0096384096289066,0.00500030809556385,0.9996284042393015,0.15113091123246625
0.23200000000000012,0.016899753877878294,0.0,0.15112635700634153,0.0019181991619922007,1.0101243866137295,0.005000291123111313,0.9995899871827829,0.15112635700634153
0.23250000000000012,0.01690642054454496,0.0,0.15112161311014877,0.0018832858023336274,1.0106103654973102,0.005000275088179416,0.999549680576054,0.15112161311014877
0.23300000000000012,0.016913087211211625,0.0,0.15111667819002278,0.0018490139765014709,1.0110963462932872,0.0050002599391782265,0.9995074843957578,0.15111667819002278
0.23350000000000012,0.016919753877878294,0.0,0.1511115508925355,0.0018153723489441054,1.0115823290152985,0.005000245627253412,0.9994633986183254,0.1511115508925355
0.23400000000000012,0.01692642054454496,0.0,0.1511062298646668,0.0017823495841099066,1.0120683136769828,0.005000232106150525,0.9994174232199758,0.1511062298646668
0.23450000000000013,0.016933087211211627,0.0,0.15110071375388887,0.0017499343464472497,1.0125543002919788,0.005000219332085385,0.9993695581767152,0.15110071375388887
0.23500000000000013,0.016939753877878293,0.0,0.1510950012081625,0.0017181153004045095,1.0130402888739243,0.0050002072636203205,0.9993198034643385,0.1510950012081625
0.23550000000000013,0.01694642054454496,0.0,0.15108909087594583,0.0016868811104300617,1.0135262794364581,0.005000195861546058,0.9992681590584274,0.15108909087594583
0.23600000000000013,0.016953087211211627,0.0,0.15108298140611484,0.0016562204409722807,1.0140122719932185,0.005000185088769027,0.9992146249343522,0.15108298140611484
0.23650000000000013,0.016959753877878292,0.0,0.1510766714481492,0.0016261219564795424,1.014498266557844,0.005000174910203864,0.9991592010672709,0.1510766714481492
0.23700000000000013,0.01696642054454496,0.0,0.1510701596520275,0.0015965743214002215,1.0149842631439725,0.005000165292670932,0.9991018874321288,0.1510701596520275
0.23750000000000013,0.016973087211211626,0.0,0.1510634446681353,0.0015675662001826932,1.0154702617652431,0.005000156204798613,0.9990426840036595,0.1510634446681353
0.23800000000000013,0.016979753877878295,0.0,0.15105652514752702,0.0015390862572753328,1.0159562624352938,0.005000147616930231,0.9989815907563842,0.15105652514752702
0.23850000000000013,0.01698642054454496,0.0,0.15104939974166967,0.0015111231571265154,1.0164422651677634,0.005000139501035368,0.9989186076646118,0.15104939974166967
0.23900000000000013,0.016993087211211625,0.0,0.15104207756267937,0.0014837140964020906,1.016928269871587,0.0050001318444269395,0.9988537347166189,0.15104207756267937
0.23950000000000013,0.016999753877878294,0.0,0.1510345517089509,0.0014567949170353545,1.017414276615994,0.005000124606067628,0.9987869718797666,0.1510345517089509
0.24000000000000013,0.01700642054454496,0.0,0.15102682131547399,0.0014303553504890667,1.0179002854097954,0.005000117762786063,0.9987183191289914,0.15102682131547399
0.24050000000000013,0.017013087211211628,0.0,0.15101888607888478,0.0014043885668105153,1.018386296256186,0.005000111293540174,0.9986477764399191,0.15101888607888478
0.24100000000000013,0.017019753877878293,0.0,0.15101074569614378,0.0013788877360469884,1.018872309158361,0.005000105178349841,0.998575343788125,0.15101074569614378
0.24150000000000013,0.017026420544544958,0.0,0.15100239986476538,0.0013538460282457737,1.0193583241195148,0.005000099398247565,0.9985010211491353,0.15100239986476538
0.24200000000000013,0.017033087211211627,0.0,0.1509938482826812,0.0013292566134541594,1.0198443411428426,0.005000093935231157,0.998424808498426,0.1509938482826812
0.24250000000000013,0.017039753877878292,0.0,0.15098509064826723,0.0013051126617194331,1.020330360231539,0.00500008877221841,0.9983467058114235,0.15098509064826723
0.24300000000000013,0.01704642054454496,0.0,0.15097612666038437,0.0012814073430888829,1.020816381388799,0.005000083893003642,0.9982667130635042,0.15097612666038437
0.24350000000000013,0.017053087211211626,0.0,0.15096695601832957,0.001258133827609797,1.0213024046178172,0.0050000792822160875,0.9981848302299952,0.15096695601832957
0.24400000000000013,0.017059753877878295,0.0,0.15095757842190158,0.0012352852853294628,1.0217884299217888,0.005000074925280035,0.9981010572861732,0.15095757842190158
0.24450000000000013,0.01706642054454496,0.0,0.1509479935713145,0.0012128548862951685,1.0222744573039082,0.0050000708083766734,0.9980153942072655,0.1509479935713145
0.24500000000000013,0.017073087211211625,0.0,0.15093820116727583,0.0011908358005542025,1.0227604867673705,0.005000066918407577,0.9979278409684494,0.15093820116727583
0.24550000000000013,0.017079753877878294,0.0,0.15092820091098863,0.001169221198153852,1.0232465183153707,0.005000063242959769,0.9978383975448525,0.15092820091098863
0.24600000000000014,0.01708642054454496,0.0,0.15091799250410326,0.0011480042491414054,1.0237325519511031,0.005000059770272309,0.9977470639115528,0.15091799250410326
0.24650000000000014,0.017093087211211628,0.0,0.15090757564873217,0.0011271781235641504,1.0242185876777632,0.005000056489204342,0.9976538400435779,0.15090757564873217
0.24700000000000014,0.017099753877878293,0.0,0.1508969500474773,0.0011067359914693753,1.0247046254985452,0.005000053389204565,0.9975587259159066,0.1508969500474773
0.24750000000000014,0.017106420544544962,0.0,0.15088611540343244,0.0010866710229043676,1.0251906654166445,0.005000050460282048,0.9974617215034667,0.15088611540343244
0.24800000000000014,0.017113087211211627,0.0,0.15087507142016005,0.0010669763879164154,1.0256767074352553,0.0050000476929783644,0.9973628267811372,0.15087507142016005
0.24850000000000014,0.017119753877878292,0.0,0.1508638178016683,0.0010476452565528068,1.026162751557573,0.005000045078340974,0.9972620417237469,0.1508638178016683
0.24900000000000014,0.01712642054454496,0.0,0.1508523542525774,0.0010286707988608297,1.0266487977867922,0.005000042607897823,0.9971593663060746,0.1508523542525774
0.24950000000000014,0.017133087211211626,0.0,0.1508406804778188,0.0010100461848877719,1.0271348461261078,0.005000040273633096,0.9970548005028498,0.1508406804778188
0.2500000000000001,0.01713975387787829,0.0,0.15082879618295303,0.0009917645846809226,1.0276208965787146,0.005000038067964091,0.9969483442887518,0.15082879618295303
0.25050000000000017,0.01714642054454496,0.0,0.15081670107398262,0.0009738191682875652,1.0281069491478074,0.005000035983719164,0.9968399976384102,0.15081670107398262
0.2510000000000001,0.017153087211211625,0.0,0.1508043948573922,0.0009562031057549951,1.028593003836581,0.005000034014116701,0.996729760526405,0.1508043948573922
0.25150000000000017,0.017159753877878294,0.0,0.15079187724018844,0.0009389095671304922,1.0290790606482303,0.005000032152745084,0.9966176329272661,0.15079187724018844
0.2520000000000001,0.01716642054454496,0.0,0.1507791479298521,0.0009219317224613523,1.02956511958595,0.005000030393543592,0.9965036148154739,0.1507791479298521
0.25250000000000017,0.017173087211211628,0.0,0.15076620663436524,0.0009052627417948556,1.0300511806529355,0.005000028730784224,0.9963877061654586,0.15076620663436524
0.2530000000000001,0.017179753877878293,0.0,0.1507530530622893,0.0008888957951782978,1.0305372438523808,0.005000027159054391,0.9962699069516009,0.1507530530622893
0.25350000000000017,0.01718642054454496,0.0,0.15073968692252768,0.000872824052658959,1.0310233091874814,0.0050000256732404295,0.9961502171482317,0.15073968692252768
0.2540000000000001,0.017193087211211627,0.0,0.15072611011438616,0.000857070243789335,1.0315093766394905,0.005000024271190842,0.996028636735163,0.15072611011438616
0.25450000000000017,0.017199753877878293,0.0,0.15071232180089564,0.0008415973094140167,1.0319954462170804,0.005000022945406492,0.9959051656854797,0.15071232180089564
0.2550000000000001,0.01720642054454496,0.0,0.15069832185103574,0.0008264000753609611,1.0324815179218563,0.005000021691736175,0.9957798039739685,0.15069832185103574
0.25550000000000017,0.017213087211211626,0.0,0.1506841101936393,0.0008114746142652583,1.0329675917548276,0.005000020506348409,0.9956525515755481,0.1506841101936393
0.2560000000000001,0.01721975387787829,0.0,0.15066968675809528,0.0007968169987620115,1.033453667717003,0.005000019385604723,0.9955234084651214,0.15066968675809528
0.2565000000000002,0.01722642054454496,0.0,0.1506550514741601,0.0007824233014863107,1.0339397458093926,0.005000018326050701,0.9953923746175752,0.1506550514741601
0.2570000000000001,0.017233087211211626,0.0,0.15064020427212257,0.0007682895950732589,1.0344258260330053,0.005000017324407401,0.995259450007781,0.15064020427212257
0.2575000000000002,0.017239753877878294,0.0,0.15062514508274125,0.0007544119521579466,1.0349119083888505,0.005000016377563118,0.9951246346105941,0.15062514508274125
0.2580000000000001,0.01724642054454496,0.0,0.1506098738371571,0.0007407864453754765,1.0353979928779378,0.005000015482565505,0.9949879284008538,0.1506098738371571
0.2585000000000002,0.01725308721121163,0.0,0.15059439046712114,0.0007274091473609391,1.0358840795012763,0.005000014636614007,0.9948493313533844,0.15059439046712114
0.2590000000000001,0.017259753877878294,0.0,0.1505786949047681,0.000714276130749437,1.0363701682598752,0.005000013837052636,0.9947088434429935,0.1505786949047681
0.2595000000000002,0.017266420544544962,0.0,0.1505627870827181,0.0007013834681760609,1.036856259154744,0.005000013081363034,0.9945664646444734,0.1505627870827181
0.2600000000000001,0.017273087211211628,0.0,0.15054666693406468,0.0006887272322759133,1.037342352186892,0.005000012367157851,0.9944221949326004,0.15054666693406468
0.2605000000000002,0.017279753877878293,0.0,0.15053033439236294,0.000676303495684085,1.037828447357329,0.005000011692174394,0.9942760342821352,0.15053033439236294
0.2610000000000001,0.01728642054454496,0.0,0.15051378939174379,0.0006641083310356783,1.0383145446670634,0.005000011054268565,0.9941279826678224,0.15051378939174379
0.2615000000000002,0.017293087211211627,0.0,0.1504970318665993,0.0006521378109657842,1.0388006441171056,0.0050000104514090595,0.9939780400643908,0.1504970318665993
0.2620000000000001,0.017299753877878292,0.0,0.15048006175203746,0.0006403880081095048,1.039286745708464,0.005000009881671815,0.993826206446554,0.15048006175203746
0.2625000000000002,0.01730642054454496,0.0,0.15046287898351718,0.0006288549951019313,1.0397728494421485,0.005000009343234721,0.9936724817890087,0.15046287898351718
0.2630000000000001,0.017313087211211626,0.0,0.15044548349697512,0.0006175348445781657,1.0402589553191681,0.005000008834372548,0.9935168660664369,0.15044548349697512
0.2635000000000002,0.017319753877878295,0.0,0.1504278752288516,0.0006064236291732994,1.0407450633405326,0.00500000835345212,0.9933593592535039,0.1504278752288516
0.2640000000000001,0.01732642054454496,0.0,0.15041005411602823,0.000595517421522434,1.041231173507251,0.0050000078989276995,0.9931999613248599,0.15041005411602823
0.2645000000000002,0.01733308721121163,0.0,0.15039202009595484,0.0005848122942606611,1.0417172858203327,0.00500000746933658,0.9930386722551386,0.15039202009595484
0.2650000000000001,0.017339753877878294,0.0,0.15037377310646097,0.0005743043200230823,1.042203400280787,0.005000007063294887,0.9928754920189586,0.15037377310646097
0.2655000000000002,0.01734642054454496,0.0,0.15035531308592043,0.0005639895714447895,1.042689516889623,0.005000006679493571,0.9927104205909223,0.15035531308592043
0.2660000000000001,0.017353087211211628,0.0,0.15033663997316393,0.0005538641211608837,1.0431756356478508,0.005000006316694589,0.9925434579456162,0.15033663997316393
0.2665000000000002,0.017359753877878293,0.0,0.15031775370750491,0.0005439240418064573,1.043661756556479,0.00500000597372726,0.992374604057611,0.15031775370750491
0.2670000000000001,0.017366420544544958,0.0,0.15029865422876543,0.000534165406016611,1.0441478796165171,0.005000005649484801,0.992203858901462,0.15029865422876543
0.2675000000000002,0.017373087211211627,0.0,0.15027934147723918,0.0005245842864264374,1.0446340048289746,0.0050000053429210154,0.9920312224517083,0.15027934147723918
0.2680000000000001,0.017379753877878292,0.0,0.15025981539364175,0.0005151767556710372,1.0451201321948609,0.005000005053047156,0.9918566946828731,0.15025981539364175
0.2685000000000002,0.01738642054454496,0.0,0.15024007591930025,0.0005059388863855028,1.0456062617151851,0.005000004778928924,0.9916802755694641,0.15024007591930025
0.26900000000000013,0.017393087211211626,0.0,0.15022012213308883,0.0004969017892220832,1.046092393399617,0.0050000045207037255,0.9915019650827798,0.15022012213308883
0.2695000000000002,0.017399753877878295,0.0,0.15019995525151708,0.0004880227307643201,1.0465785272363768,0.005000004276336687,0.9913217632019604,0.15019995525151708
0.27000000000000013,0.01740642054454496,0.0,0.15017957527037,0.00047929904472434514,1.0470646632259402,0.005000004045090212,0.9911396699017153,0.15017957527037
0.2705000000000002,0.01741308721121163,0.0,0.15015898216867496,0.00047072868104853794,1.047550801368956,0.005000003826280499,0.9909556851566803,0.15015898216867496
0.27100000000000013,0.017419753877878294,0.0,0.15013817592589873,0.000462309589683286,1.0480369416660735,0.005000003619257347,0.990769808941481,0.15013817592589873
0.2715000000000002,0.01742642054454496,0.0,0.1501171565219481,0.000454039720574969,1.048523084117942,0.005000003423402636,0.9905820412307325,0.1501171565219481
0.27200000000000013,0.017433087211211628,0.0,0.15009592393733395,0.0004459170236699742,1.0490092287252102,0.0050000032381288815,0.9903923819990401,0.15009592393733395
0.2725000000000002,0.017439753877878293,0.0,0.15007447815290725,0.00043793944891468156,1.0494953754885272,0.00500000306287784,0.9902008312209988,0.15007447815290725
0.27300000000000013,0.017446420544544962,0.0,0.15005281915007376,0.00043010494625547827,1.0499815244085424,0.005000002897119173,0.9900073888711931,0.15005281915007376
0.2735000000000002,0.017453087211211627,0.0,0.15003094691068097,0.0004224114656387443,1.0504676754859048,0.005000002740349159,0.9898120549241977,0.15003094691068097
0.27400000000000013,0.017459753877878292,0.0,0.15000886141708158,0.00041485695701086667,1.0509538287212634,0.005000002592089468,0.9896148293545766,0.15000886141708158
0.2745000000000002,0.01746642054454496,0.0,0.14998656265212143,0.0004074393703182256,1.0514399841152675,0.005000002451885978,0.9894157121368841,0.14998656265212143
0.27500000000000013,0.017473087211211626,0.0,0.14996405059910217,0.0004001566555072079,1.0519261416685657,0.0050000023193076445,0.9892147032456642,0.14996405059910217
0.2755000000000002,0.017479753877878295,0.0,0.14994132524179418,0.00039300676252419396,1.0524123013818079,0.005000002193945414,0.9890118026554502,0.14994132524179418
0.27600000000000013,0.01748642054454496,0.0,0.14991838656447504,0.00038598764131557044,1.0528984632556424,0.005000002075411187,0.9888070103407658,0.14991838656447504
0.2765000000000002,0.01749308721121163,0.0,0.1498952345519298,0.0003790972418277178,1.0533846272907188,0.00500000196333682,0.9886003262761242,0.1498952345519298
0.27700000000000014,0.017499753877878294,0.0,0.1498718691893508,0.00037233351400702274,1.0538707934876859,0.005000001857373174,0.9883917504360284,0.1498718691893508
0.2775000000000002,0.01750642054454496,0.0,0.1498482904624641,0.00036569440779986567,1.054356961847193,0.005000001757189202,0.9881812827949712,0.1498482904624641
0.27800000000000014,0.017513087211211628,0.0,0.1498244983575297,0.0003591778731526332,1.054843132369889,0.005000001662471076,0.9879689233274354,0.1498244983575297
0.2785000000000002,0.017519753877878293,0.0,0.14980049286115354,0.00035278186001170604,1.0553293050564234,0.00500000157292135,0.9877546720078929,0.14980049286115354
0.27900000000000014,0.01752642054454496,0.0,0.14977627396055193,0.0003465043183234705,1.0558154799074448,0.0050000014882581635,0.9875385288108065,0.14977627396055193
0.2795000000000002,0.017533087211211627,0.0,0.14975184164337613,0.0003403431980343074,1.0563016569236028,0.005000001408214476,0.9873204937106277,0.14975184164337613
0.28000000000000014,0.017539753877878293,0.0,0.1497271958977629,0.0003342964490906029,1.056787836105546,0.005000001332537339,0.9871005666817986,0.1497271958977629
0.2805000000000002,0.01754642054454496,0.0,0.14970233671237282,0.00032836202143873806,1.057274017453924,0.005000001260987197,0.9868787476987505,0.14970233671237282
0.28100000000000014,0.017553087211211627,0.0,0.14967726407626503,0.00032253786502509904,1.0577602009693854,0.0050000011933372225,0.9866550367359048,0.14967726407626503
0.2815000000000002,0.017559753877878295,0.0,0.1496519779790988,0.00031682192979606675,1.0582463866525795,0.0050000011293726805,0.9864294337676728,0.1496519779790988
0.28200000000000014,0.01756642054454496,0.0,0.14962647841090768,0.0003112121656980273,1.0587325745041556,0.005000001068890321,0.9862019387684553,0.14962647841090768
0.2825000000000002,0.017573087211211626,0.0,0.1496007653623012,0.0003057065226773618,1.0592187645247626,0.005000001011697798,0.9859725517126429,0.1496007653623012
0.28300000000000014,0.017579753877878294,0.0,0.14957483882438985,0.00030030295068045614,1.0597049567150494,0.00500000095761312,0.9857412725746163,0.14957483882438985
0.2835000000000002,0.01758642054454496,0.0,0.14954869878862206,0.0002949993996536917,1.0601911510756656,0.0050000009064641235,0.9855081013287456,0.14954869878862206
0.28400000000000014,0.017593087211211625,0.0,0.14952234524714939,0.00028979381954345415,1.0606773476072597,0.005000000858087968,0.9852730379493911,0.14952234524714939
0.2845000000000002,0.017599753877878294,0.0,0.1494957781924623,0.0002846841602961249,1.0611635463104814,0.0050000008123306594,0.9850360824109023,0.1494957781924623
0.28500000000000014,0.01760642054454496,0.0,0.149468997617554,0.00027966837185808974,1.0616497471859794,0.005000000769046594,0.9847972346876193,0.149468997617554
0.2855000000000002,0.017613087211211628,0.0,0.14944200351599657,0.00027474440417572994,1.062135950234403,0.0050000007280981236,0.9845564947538712,0.14944200351599657
0.28600000000000014,0.017619753877878293,0.0,0.14941479588175258,0.0002699102071954313,1.062622155456401,0.005000000689355143,0.9843138625839774,0.14941479588175258
0.2865000000000002,0.01762642054454496,0.0,0.1493873747093517,0.0002651637308635753,1.063108362852623,0.005000000652694699,0.9840693381522467,0.1493873747093517
0.28700000000000014,0.017633087211211627,0.0,0.14935973999377808,0.0002605029251265475,1.0635945724237175,0.005000000618000609,0.9838229214329782,0.14935973999377808
0.2875000000000002,0.017639753877878295,0.0,0.1493318917304958,0.0002559257399307294,1.0640807841703341,0.005000000585163113,0.9835746124004602,0.1493318917304958
0.28800000000000014,0.01764642054454496,0.0,0.14930382991548719,0.00025143012522250665,1.0645669980931216,0.005000000554078533,0.9833244110289713,0.14930382991548719
0.2885000000000002,0.01765308721121163,0.0,0.14927555182365077,0.00024702585182831074,1.0650532142201328,0.005000000524729304,0.9830723172785181,0.14927555182365077
0.28900000000000015,0.017659753877878295,0.0,0.1492470589756759,0.00024270462262773163,1.0655394325366803,0.005000000496973323,0.9828183311310797,0.1492470589756759
0.2895000000000002,0.01766642054454496,0.0,0.1492183528487181,0.00023845889867021166,1.0660256530285153,0.005000000470684977,0.9825624525686325,0.1492183528487181
0.29000000000000015,0.01767308721121163,0.0,0.14918943342107885,0.0002342876880350822,1.0665118756964842,0.005000000445788677,0.9823046815653418,0.14918943342107885
0.2905000000000002,0.017679753877878294,0.0,0.14916030067148614,0.0002301899988016709,1.0669981005414337,0.00500000042221251,0.9820450180953597,0.14916030067148614
0.29100000000000015,0.01768642054454496,0.0,0.1491309545792582,0.00022616483904930895,1.0674843275642103,0.005000000399888078,0.9817834621328254,0.1491309545792582
0.2915000000000002,0.017693087211211628,0.0,0.1491013951241285,0.00022221121685732408,1.067970556765661,0.005000000378750337,0.9815200136518643,0.1491013951241285
0.29200000000000015,0.017699753877878293,0.0,0.14907162228643453,0.00021832814030504745,1.0684567881466316,0.005000000358737452,0.9812546726265888,0.14907162228643453
0.2925000000000002,0.01770642054454496,0.0,0.14904163604691767,0.00021451461747180683,1.0689430217079694,0.0050000003397906445,0.9809874390310979,0.14904163604691767
0.29300000000000015,0.017713087211211627,0.0,0.14901143638689943,0.00021076965643693335,1.0694292574505204,0.0050000003218540565,0.9807183128394774,0.14901143638689943
0.2935000000000002,0.017719753877878296,0.0,0.14898102328815666,0.0002070922652797548,1.0699154953751318,0.005000000304874615,0.9804472940257998,0.14898102328815666
0.29400000000000015,0.01772642054454496,0.0,0.1489503967329723,0.00020348145207960228,1.0704017354826498,0.005000000288801908,0.980174382564124,0.1489503967329723
0.2945000000000002,0.017733087211211626,0.0,0.14891955670419868,0.00019993622491580362,1.070887977773921,0.0050000002735880525,0.9798995784284963,0.14891955670419868
0.29500000000000015,0.017739753877878295,0.0,0.1488885031851829,0.00019645559186768987,1.071374222249792,0.005000000259187586,0.9796228815929492,0.1488885031851829
0.2955000000000002,0.01774642054454496,0.0,0.14885723615964208,0.00019303856101458893,1.0718604689111095,0.005000000245557349,0.9793442920315019,0.14885723615964208
0.29600000000000015,0.017753087211211625,0.0,0.14882575561201497,0.00018968414043583174,1.0723467177587198,0.0050000002326563734,0.9790638097181605,0.14882575561201497
0.2965000000000002,0.017759753877878294,0.0,0.14879406152708655,0.00018639133821074635,1.0728329687934701,0.005000000220445785,0.9787814346269176,0.14879406152708655
0.29700000000000015,0.01776642054454496,0.0,0.14876215389023928,0.00018315916241866357,1.0733192220162062,0.005000000208888699,0.978497166731753,0.14876215389023928
0.2975000000000002,0.017773087211211628,0.0,0.1487300326873033,0.0001799866211389115,1.0738054774277754,0.005000000197950129,0.9782110060066325,0.1487300326873033
0.29800000000000015,0.017779753877878293,0.0,0.14869769790468246,0.00017687272245082097,1.0742917350290238,0.00500000018759689,0.9779229524255093,0.14869769790468246
0.2985000000000002,0.017786420544544962,0.0,0.1486651495292796,0.00017381647443372004,1.074777994820798,0.005000000177797519,0.9776330059623228,0.1486651495292796
0.29900000000000015,0.017793087211211627,0.0,0.14863238754844713,0.0001708168851669396,1.0752642568039448,0.005000000168522184,0.9773411665909995,0.14863238754844713
0.2995000000000002,0.017799753877878296,0.0,0.14859941195012547,0.00016787296272980767,1.0757505209793108,0.00500000015974261,0.9770474342854519,0.14859941195012547
0.30000000000000016,0.01780642054454496,0.0,0.1485662227227184,0.000164983715201655,1.0762367873477423,0.005000000151431998,0.9767518090195805,0.1485662227227184
0.3005000000000002,0.017813087211211626,0.0,0.1485328198551437,0.00016214815066180983,1.0767230559100864,0.005000000143564959,0.976454290767271,0.1485328198551437
0.30100000000000016,0.017819753877878295,0.0,0.14849920333693398,0.00015936527718960288,1.0772093266671892,0.005000000136117435,0.9761548795023971,0.14849920333693398
0.3015000000000002,0.01782642054454496,0.0,0.14846537315797442,0.00015663410286436238,1.0776955996198974,0.005000000129066642,0.9758535751988184,0.14846537315797442
0.30200000000000016,0.017833087211211626,0.0,0.1484313293088037,0.0001539536357654189,1.0781818747690575,0.005000000122391002,0.9755503778303817,0.1484313293088037
0.3025000000000002,0.017839753877878294,0.0,0.1483970717804145,0.00015132288397210077,1.0786681521155164,0.005000000116070081,0.9752452873709199,0.1483970717804145
0.30300000000000016,0.01784642054454496,0.0,0.14836260056427902,0.00014874085556373863,1.0791544316601205,0.005000000110084534,0.9749383037942533,0.14836260056427902
0.3035000000000002,0.017853087211211628,0.0,0.14832791565248735,0.00014620655861966074,1.0796407134037165,0.0050000001044160506,0.9746294270741884,0.14832791565248735
0.30400000000000016,0.017859753877878293,0.0,0.14829301703757278,0.00014371900121919773,1.0801269973471506,0.005000000099047301,0.9743186571845189,0.14829301703757278
0.3045000000000002,0.017866420544544962,0.0,0.14825790471260017,0.00014127719144167792,1.0806132834912698,0.005000000093961885,0.9740059940990247,0.14825790471260017
0.30500000000000016,0.017873087211211627,0.0,0.14822257867117886,0.00013888013736643184,1.0810995718369205,0.0050000000891442875,0.9736914377914727,0.14822257867117886
0.3055000000000002,0.017879753877878296,0.0,0.14818703890740095,0.00013652684707278788,1.0815858623849495,0.00500000008457983,0.9733749882356163,0.14818703890740095
0.30600000000000016,0.01788642054454496,0.0,0.1481512854159168,0.00013421632864007657,1.082072155136203,0.005000000080254629,0.9730566454051962,0.1481512854159168
0.3065000000000002,0.017893087211211627,0.0,0.14811531819184826,0.0001319475901476263,1.082558450091528,0.005000000076155554,0.9727364092739388,0.14811531819184826
0.30700000000000016,0.017899753877878295,0.0,0.1480791372309517,0.00012971963967476762,1.0830447472517706,0.005000000072270192,0.9724142798155582,0.1480791372309517
0.3075000000000002,0.01790642054454496,0.0,0.14804274252931857,0.00012753148530082886,1.0835310466177779,0.005000000068586803,0.9720902570037545,0.14804274252931857
0.30800000000000016,0.017913087211211626,0.0,0.14800686797817428,0.00012538908850264825,1.0840173407692606,0.005000000065105844,0.9717643458002477,0.14800686797817428
0.3085000000000002,0.017919753877878294,0.0,0.14797192072412177,0.00012329766952485073,1.0845036255867755,0.005000000061825599,0.9714365490507603,0.14797192072412177
0.30900000000000016,0.01792642054454496,0.0,0.14793618374645484,0.00012124132931619396,1.0849899184335923,0.005000000058710929,0.9711068550586053,0.14793618374645484
0.3095000000000002,0.01793308721121163,0.0,0.14789969785640103,0.00011921966224033559,1.0854762188997893,0.005000000055753737,0.9707752640103812,0.14789969785640103
0.31000000000000016,0.017939753877878294,0.0,0.14786250385107394,0.00011723226266093515,1.0859625265754447,0.005000000052946301,0.9704417760990639,0.14786250385107394
0.3105000000000002,0.017946420544544962,0.0,0.14782464251269395,0.00011527872494165036,1.0864488410506363,0.005000000050281254,0.9701063915240072,0.14782464251269395
0.31100000000000017,0.017953087211211628,0.0,0.1477861546073271,0.00011335864344614068,1.0869351619154426,0.005000000047751571,0.9697691104909432,0.1477861546073271
0.3115000000000002,0.017959753877878293,0.0,0.14774708088430463,0.0001114716125380639,1.0874214887599416,0.005000000045350552,0.9694299332119816,0.14774708088430463
0.31200000000000017,0.01796642054454496,0.0,0.14770746207521007,0.00010961722658107941,1.0879078211742115,0.005000000043071811,0.9690888599056114,0.14770746207521007
0.3125000000000002,0.017973087211211627,0.0,0.14766733889306008,0.00010779507993884503,1.0883941587483306,0.00500000004090926,0.9687458907966997,0.14766733889306008
0.31300000000000017,0.017979753877878292,0.0,0.14762675203177755,0.00010600476697502018,1.0888805010723765,0.005000000038857099,0.968401026116493,0.14762675203177755
0.3135000000000002,0.01798642054454496,0.0,0.14758574216533324,0.00010424588205326264,1.089366847736428,0.005000000036909802,0.9680542661026164,0.14758574216533324
0.31400000000000017,0.017993087211211626,0.0,0.14754434994718016,0.00010251801953723181,1.0898531983305626,0.005000000035062105,0.9677056109990744,0.14754434994718016
0.3145000000000002,0.017999753877878295,0.0,0.14750261600970616,0.00010082077379058555,1.0903395524448591,0.0050000000333089946,0.9673550610562501,0.14750261600970616
0.31500000000000017,0.01800642054454496,0.0,0.14746058096375428,9.915373917698319e-05,1.0908259096693953,0.005000000031645698,0.9670026165309074,0.14746058096375428
0.3155000000000002,0.01801308721121163,0.0,0.1474182853981614,9.75165100600826e-05,1.0913122695942492,0.0050000000300676715,0.9666482776861887,0.1474182853981614
0.31600000000000017,0.018019753877878294,0.0,0.14737576987927736,9.590868080354313e-05,1.0917986318094992,0.005000000028570589,0.966292044791616,0.14737576987927736
0.3165000000000002,0.018026420544544963,0.0,0.14733307495080164,9.432984577102265e-05,1.0922849959052234,0.005000000027150336,0.9659339181230916,0.14733307495080164
0.31700000000000017,0.018033087211211628,0.0,0.14729024113332642,9.277959932618048e-05,1.0927713614714998,0.005000000025802997,0.9655738979628973,0.14729024113332642
0.3175000000000002,0.018039753877878296,0.0,0.14724730892423424,9.125753583267455e-05,1.0932577280984066,0.0050000000245248475,0.9652119845996947,0.14724730892423424
0.31800000000000017,0.01804642054454496,0.0,0.14720431879742693,8.976324965416412e-05,1.093744095376022,0.0050000000233123435,0.9648481783285251,0.14720431879742693
0.3185000000000002,0.018053087211211627,0.0,0.14716131120328452,8.829633515430714e-05,1.0942304628944242,0.005000000022162119,0.9644824794508102,0.14716131120328452
0.3190000000000002,0.018059753877878296,0.0,0.14711832656861737,8.685638669676285e-05,1.0947168302436912,0.00500000002107097,0.9641148882743512,0.14711832656861737
0.31950000000000023,0.01806642054454496,0.0,0.1470754052965365,8.544299864518925e-05,1.0952031970139013,0.005000000020035853,0.9637454051133292,0.1470754052965365
0.3200000000000002,0.018073087211211626,0.0,0.14703258776667905,8.405576536324555e-05,1.0956895627951324,0.005000000019053875,0.9633740302883056,0.14703258776667905
0.32050000000000023,0.018079753877878295,0.0,0.14698991433521444,8.269428121458975e-05,1.096175927177463,0.005000000018122288,0.9630007641262214,0.14698991433521444
0.3210000000000002,0.01808642054454496,0.0,0.1469474253349315,8.135814056288105e-05,1.0966622897509708,0.005000000017238479,0.9626256069603975,0.1469474253349315
0.32150000000000023,0.01809308721121163,0.0,0.146905161075655,8.004693777177748e-05,1.0971486501057344,0.005000000016399968,0.9622485591305344,0.146905161075655
0.3220000000000002,0.018099753877878294,0.0,0.14686316184433143,7.87602672049382e-05,1.0976350078318315,0.005000000015604401,0.9618696209827128,0.14686316184433143
0.32250000000000023,0.018106420544544963,0.0,0.1468214679054944,7.749772322602126e-05,1.0981213625193407,0.005000000014849538,0.9614887928693925,0.1468214679054944
0.3230000000000002,0.018113087211211628,0.0,0.1467801195015113,7.625890019868583e-05,1.0986077137583397,0.005000000014133257,0.9611060751494134,0.1467801195015113
0.32350000000000023,0.018119753877878293,0.0,0.14673915685310968,7.504339248658997e-05,1.099094061138907,0.005000000013453541,0.9607214681879942,0.14673915685310968
0.3240000000000002,0.018126420544544962,0.0,0.14669862016000917,7.385079445339283e-05,1.0995804042511204,0.0050000000128084775,0.9603349723567338,0.14669862016000917
0.32450000000000023,0.018133087211211627,0.0,0.146658549601036,7.268070046275247e-05,1.1000667426850586,0.00500000001219625,0.9599465880336091,0.146658549601036
0.3250000000000002,0.018139753877878292,0.0,0.14661898533531378,7.153270487832802e-05,1.1005530760307989,0.005000000011615135,0.9595563156029775,0.14661898533531378
0.32550000000000023,0.01814642054454496,0.0,0.14657996750243957,7.040640206377755e-05,1.1010394038784201,0.005000000011063498,0.959164155455574,0.14657996750243957
0.3260000000000002,0.018153087211211626,0.0,0.1465415362233997,6.930138638276022e-05,1.1015257258180002,0.0050000000105397905,0.9587701079885129,0.1465415362233997
0.32650000000000023,0.018159753877878295,0.0,0.1465037316014294,6.821725219893413e-05,1.1020120414396175,0.005000000010042539,0.9583741736052871,0.1465037316014294
0.3270000000000002,0.01816642054454496,0.0,0.14646659372265397,6.715359387595832e-05,1.1024983503333496,0.005000000009570351,0.9579763527157676,0.14646659372265397
0.32750000000000024,0.01817308721121163,0.0,0.14643016265709663,6.611000577749098e-05,1.1029846520892752,0.005000000009121903,0.9575766457362038,0.14643015407798995
0.3280000000000002,0.018179753877878294,0.0,0.14639447845954276,6.508608226719115e-05,1.103470946297472,0.005000000008695942,0.9571750530892226,0.14639298157768135
0.32850000000000024,0.01818642054454496,0.0,0.14635958117062137,6.408141770871698e-05,1.1039572325480187,0.005000000008291279,0.9567715752038286,0.1463540384397929
0.3290000000000002,0.018193087211211628,0.0,0.1463255108177806,6.309560646572755e-05,1.104443510430993,0.005000000007906789,0.9563662125154041,0.14631336482397334
0.32950000000000024,0.018199753877878293,0.0,0.14629230741640542,6.2128242901881e-05,1.1049297795364732,0.005000000007541403,0.9559589654657086,0.14627100088642947
0.3300000000000002,0.018206420544544962,0.0,0.14626001097102845,6.117892138083636e-05,1.1054160394545374,0.00500000000719411,0.9555498345028777,0.14622698678113688
0.33050000000000024,0.018213087211211627,0.0,0.1462286614764594,6.024723626625185e-05,1.1059022897752637,0.005000000006863952,0.9551388200814243,0.14618136266096865
0.3310000000000002,0.018219753877878293,0.0,0.1461982989191567,5.933278192178647e-05,1.1063885300887302,0.00500000000655002,0.9547259226622374,0.14613416867906676
0.33150000000000024,0.01822642054454496,0.0,0.1461689632784676,5.8435152711098384e-05,1.1068747599850153,0.005000000006251454,0.9543111427125816,0.1460854449900818
0.3320000000000002,0.018233087211211627,0.0,0.14614069452807388,5.755394299784665e-05,1.1073609790541967,0.00500000000596744,0.9538944807060973,0.14603523175161814
0.33250000000000024,0.018239753877878295,0.0,0.1461135326373927,5.668874714568946e-05,1.107847186886353,0.005000000005697205,0.9534759371228001,0.1459835691256342
0.3330000000000002,0.01824642054454496,0.0,0.1460875175730835,5.5839159518285806e-05,1.108333383071562,0.005000000005440019,0.9530555124490808,0.1459304972799491
0.33350000000000024,0.01825308721121163,0.0,0.14606268930058475,5.500477447929392e-05,1.1088195671999024,0.005000000005195189,0.9526332071777037,0.14587605638977874
0.3340000000000002,0.018259753877878294,0.0,0.14603908778575667,5.418518639237278e-05,1.1093057388614516,0.0050000000049620595,0.9522090218078086,0.14582028663937807
0.33450000000000024,0.018266420544544963,0.0,0.14601675299651679,5.337998962118061e-05,1.1097918976462882,0.005000000004740011,0.9517829568449079,0.145763228223676
0.3350000000000002,0.01827308721121163,0.0,0.14599572490451904,5.258877852937639e-05,1.11027804314449,0.005000000004528455,0.951355012800888,0.14570492134995408
0.33550000000000024,0.018279753877878294,0.0,0.14597604348699972,5.181114748061837e-05,1.1107641749461357,0.005000000004326837,0.9509251901940075,0.14564540623969177
0.3360000000000002,0.018286420544544962,0.0,0.14596027286281202,5.104995565014835e-05,1.1112502669388746,0.005000000004135474,0.9504935124241165,0.14558724957335542
0.33650000000000024,0.018293087211211628,0.0,0.1459530726198583,5.0309640327274076e-05,1.1117362716678603,0.005000000003955012,0.9500600223750645,0.14553511607884115
0.3370000000000002,0.018299753877878293,0.0,0.14594829410000718,4.9581405523465046e-05,1.1122222517380373,0.005000000003782753,0.9496246648593782,0.14548285219240478
0.33750000000000024,0.01830642054454496,0.0,0.1459459338013193,4.8865121043867035e-05,1.1127082071838557,0.00500000000361833,0.9491874401336042,0.14543045479729214
0.3380000000000002,0.018313087211211627,0.0,0.14594598828215688,4.816065669362646e-05,1.113194138039764,0.005000000003461392,0.9487483484537393,0.1453779208363069
0.33850000000000025,0.018319753877878295,0.0,0.145948454160879,4.7467882277889105e-05,1.1136800443402122,0.005000000003311603,0.9483073900752296,0.14532524731150567
0.3390000000000002,0.01832642054454496,0.0,0.14595332811554956,4.678666760180137e-05,1.1141659261196486,0.005000000003168642,0.9478645652529718,0.14527243128390618
0.33950000000000025,0.01833308721121163,0.0,0.14596060688367016,4.6116882470509065e-05,1.114651783412523,0.005000000003032199,0.9474198742413118,0.14521946987322018
0.3400000000000002,0.018339753877878295,0.0,0.14597028726187658,4.5458396689158577e-05,1.1151376162532838,0.005000000002901981,0.9469733172940462,0.14516636025755017
0.34050000000000025,0.01834642054454496,0.0,0.14598236610562307,4.4811080062895714e-05,1.1156234246763812,0.005000000002777705,0.9465248946644208,0.14511309967307345
0.3410000000000002,0.01835308721121163,0.0,0.14599684032906543,4.417480239686686e-05,1.1161092087162636,0.005000000002659103,0.9460746066051325,0.14505968541392564
0.34150000000000025,0.018359753877878294,0.0,0.1460137069045601,4.354943349621783e-05,1.1165949684073806,0.005000000002545914,0.9456224533683277,0.14500611483169973
0.3420000000000002,0.01836642054454496,0.0,0.14603296286254802,4.2934843166095e-05,1.1170807037841812,0.005000000002437894,0.9451684352056032,0.14495238533532992
0.34250000000000025,0.018373087211211628,0.0,0.1460546052912406,4.233090121164419e-05,1.1175664148811149,0.005000000002334804,0.9447125523680063,0.1448984943907778
0.3430000000000002,0.018379753877878293,0.0,0.1460786313363307,4.1737477438011784e-05,1.1180521017326301,0.005000000002236421,0.944254805106035,0.14484443952074355
0.34350000000000025,0.018386420544544962,0.0,0.14610503820067922,4.115444165034361e-05,1.1185377643731769,0.005000000002142528,0.9437951936696368,0.14479021830435226
0.3440000000000002,0.018393087211211627,0.0,0.14613382314408904,4.058166365378601e-05,1.119023402837204,0.005000000002052919,0.9433337183082107,0.14473582837692833
0.34450000000000025,0.018399753877878296,0.0,0.14616498348306706,4.001901325348484e-05,1.1195090171591604,0.005000000001967396,0.942870379270606,0.14468126742975734
0.3450000000000002,0.01840642054454496,0.0,0.14619851659039987,3.946636025458645e-05,1.1199946073734957,0.005000000001885772,0.9424051768051225,0.14462653320966193
0.34550000000000025,0.01841308721121163,0.0,0.14623441989510308,3.892357446223669e-05,1.1204801735146588,0.0050000000018078665,0.9419381111595109,0.1445716235189513
0.3460000000000002,0.018419753877878295,0.0,0.1462726908818985,3.83905256815819e-05,1.120965715617099,0.005000000001733507,0.9414691825809727,0.14451653621489824
0.34650000000000025,0.018426420544544964,0.0,0.14631332709116415,3.7867083717767936e-05,1.1214512337152656,0.0050000000016625305,0.9409983913161598,0.1444612692096894
0.3470000000000002,0.01843308721121163,0.0,0.14635632611849905,3.7353118375941136e-05,1.1219367278436074,0.005000000001594779,0.9405257376111761,0.1444058204699903
0.34750000000000025,0.018439753877878294,0.0,0.1464016856145251,3.684849946124737e-05,1.122422198036574,0.005000000001530104,0.9400512217115754,0.14435018801674684
0.3480000000000002,0.018446420544544963,0.0,0.14644940328466396,3.635309677883296e-05,1.1229076443286143,0.005000000001468362,0.9395748438623633,0.1442943699249629
0.34850000000000025,0.018453087211211628,0.0,0.14649947688870332,3.586678013384378e-05,1.1233930667541776,0.005000000001409415,0.9390966043079962,0.14423836432326614
0.3490000000000002,0.018459753877878293,0.0,0.14655190424068665,3.5389419331426146e-05,1.123878465347713,0.005000000001353136,0.9386165032923819,0.14418216939379816
0.34950000000000025,0.018466420544544962,0.0,0.14660668320854237,3.4920884176725946e-05,1.12436384014367,0.0050000000012993965,0.9381345410588788,0.1441257833718435
0.3500000000000002,0.018473087211211627,0.0,0.1466638117139246,3.446104447488948e-05,1.124849191176497,0.005000000001248082,0.937650717850298,0.14406920454567107
0.35050000000000026,0.018479753877878296,0.0,0.1467232877317561,3.4009770031062655e-05,1.1253345184806443,0.005000000001199076,0.9371650339089002,0.14401243125607618
0.3510000000000002,0.01848642054454496,0.0,0.1467851092901693,3.356693065039175e-05,1.12581982209056,0.005000000001152271,0.9366774894763994,0.14395546189632275
0.35150000000000026,0.01849308721121163,0.0,0.1468492744700873,3.313239613802269e-05,1.126305102040694,0.005000000001107565,0.9361880847939595,0.14389829491172348
0.3520000000000002,0.018499753877878295,0.0,0.1469157814050041,3.2706036299101754e-05,1.126790358365495,0.005000000001064858,0.9356968201021973,0.14384092879942087
0.35250000000000026,0.01850642054454496,0.0,0.14698462828071543,3.228772093877485e-05,1.1272755910994126,0.005000000001024059,0.9352036956411806,0.1437833621081176
0.3530000000000002,0.01851308721121163,0.0,0.1470558133351,3.1877319862188256e-05,1.1277608002768957,0.005000000000985076,0.9347087116504287,0.14372559343785826
0.35350000000000026,0.018519753877878294,0.0,0.1471293348577017,3.1474702874487905e-05,1.1282459859323937,0.005000000000947824,0.9342118683689131,0.1436676214396114
0.3540000000000002,0.01852642054454496,0.0,0.14720519118967343,3.107973978082006e-05,1.1287311481003555,0.005000000000912222,0.9337131660350574,0.14360944481521365
0.35450000000000026,0.018533087211211628,0.0,0.14728338072334768,3.069230038633065e-05,1.1292162868152305,0.005000000000878193,0.9332126048867364,0.1435510623169401
0.3550000000000002,0.018539753877878293,0.0,0.14736390190196927,3.031225449616595e-05,1.1297014021114677,0.005000000000845661,0.9327101851612773,0.14349247274723737
0.35550000000000026,0.018546420544544962,0.0,0.1474467532195784,2.9939471915471882e-05,1.1301864940235165,0.005000000000814558,0.9322059070954597,0.14343367495860668
0.3560000000000002,0.018553087211211627,0.0,0.1475319332205321,2.9573822449394704e-05,1.130671562585826,0.005000000000784814,0.9316997709255144,0.1433746678531254
0.35650000000000026,0.018559753877878296,0.0,0.14761944049946304,2.921517590308037e-05,1.1311566078328452,0.005000000000756366,0.931191776887125,0.14331545038240587
0.3570000000000002,0.01856642054454496,0.0,0.14770927370081413,2.886340208167512e-05,1.1316416297990235,0.005000000000729155,0.9306819252154274,0.1432560215471302
0.35750000000000026,0.01857308721121163,0.0,0.1478014315187233,2.85183707903249e-05,1.13212662851881,0.005000000000703119,0.9301702161450095,0.14319638039693502
0.3580000000000002,0.018579753877878295,0.0,0.14789591269664623,2.8179951834175974e-05,1.1326116040266538,0.005000000000678205,0.9296566499099119,0.14313652603003446
0.35850000000000026,0.018586420544544964,0.0,0.1479927160271795,2.784801501837428e-05,1.1330965563570043,0.005000000000654359,0.9291412267436271,0.1430764575930431
0.3590000000000002,0.01859308721121163,0.0,0.14809184035173403,2.752243014806605e-05,1.1335814855443105,0.0050000000006315305,0.9286239468791007,0.14301617428064997
0.35950000000000026,0.018599753877878294,0.0,0.1481932845602966,2.7203067028397264e-05,1.1340663916230216,0.005000000000609672,0.9281048105487304,0.14295567533537948
0.3600000000000002,0.018606420544544963,0.0,0.14829704759121654,2.688979546451415e-05,1.1345512746275868,0.005000000000588737,0.927583817984367,0.14289496004737895
0.36050000000000026,0.01861308721121163,0.0,0.14840312843078032,2.6582485261562663e-05,1.1350361345924553,0.0050000000005686815,0.9270609694173132,0.1428340277539926
0.3610000000000002,0.018619753877878294,0.0,0.14851152611321208,2.6281006224689043e-05,1.1355209715520762,0.005000000000549464,0.9265362650783254,0.14277287783976286
0.36150000000000027,0.018626420544544962,0.0,0.14862223972016106,2.5985228159039255e-05,1.1360057855408987,0.005000000000531047,0.9260097051976123,0.14271150973591715
0.3620000000000002,0.018633087211211628,0.0,0.14873526838051515,2.5695020869759524e-05,1.1364905765933722,0.005000000000513389,0.9254812900048353,0.14264992292018197
0.36250000000000027,0.018639753877878296,0.0,0.14885061127028998,2.5410254161995828e-05,1.1369753447439455,0.005000000000496455,0.9249510197291092,0.14258811691667217
0.3630000000000002,0.01864642054454496,0.0,0.14896826761207985,2.5130797840894383e-05,1.1374600900270682,0.005000000000480212,0.9244188945990013,0.14252609129534152
0.36350000000000027,0.01865308721121163,0.0,0.14908823667513574,2.485652171160116e-05,1.137944812477189,0.005000000000464628,0.9238849148425328,0.1424638456720613
0.3640000000000002,0.018659753877878296,0.0,0.14921051777475405,2.4587295579262397e-05,1.1384295121287573,0.005000000000449668,0.9233490806871769,0.14240137970800865
0.36450000000000027,0.01866642054454496,0.0,0.14933511027230562,2.4322989249024055e-05,1.1389141890162227,0.005000000000435305,0.9228113923598606,0.14233869310969602
0.3650000000000002,0.01867308721121163,0.0,0.1494620135748884,2.406347252603235e-05,1.1393988431740336,0.00500000000042151,0.9222718500869648,0.14227578562862395
0.36550000000000027,0.018679753877878295,0.0,0.1495912271349181,2.3808615215433278e-05,1.1398834746366397,0.005000000000408256,0.9217304540943223,0.14221265706087144
0.3660000000000002,0.01868642054454496,0.0,0.1497227504501081,2.3558287122373044e-05,1.14036808343849,0.005000000000395517,0.9211872046072205,0.14214930724707636
0.36650000000000027,0.01869308721121163,0.0,0.1498565830630231,2.3312358051997637e-05,1.140852669614034,0.005000000000383268,0.9206421018503992,0.14208573607198866
0.3670000000000002,0.018699753877878294,0.0,0.1499927245609721,2.3070697809453258e-05,1.1413372331977203,0.005000000000371487,0.920095146048053,0.1420219434643644
0.36750000000000027,0.018706420544544963,0.0,0.15013117457562533,2.28331761998859e-05,1.1418217742239984,0.0050000000003601495,0.9195463374238289,0.14195792939658153
0.3680000000000002,0.018713087211211628,0.0,0.1502719327828078,2.259966302844177e-05,1.1423062927273175,0.0050000000003492355,0.918995676200828,0.14189369388443457
0.36850000000000027,0.018719753877878297,0.0,0.1504149989022425,2.2370028100266865e-05,1.142790788742127,0.005000000000338725,0.9184431626016051,0.141829236986877
0.3690000000000002,0.018726420544544962,0.0,0.15056037269731964,2.214414122050737e-05,1.1432752623028755,0.005000000000328597,0.9178887968481689,0.14176455880579159
0.3695000000000003,0.01873308721121163,0.0,0.1507081361011932,2.1922088234854056e-05,1.1437597126210284,0.005000000000318845,0.9173325801084773,0.1416997419753734
0.3700000000000002,0.018739753877878296,0.0,0.15085825394512853,2.1704067195128016e-05,1.1442441400830075,0.005000000000309464,0.9167745122068549,0.14163475151962437
0.3705000000000003,0.01874642054454496,0.0,0.15101070584338677,2.149000910241621e-05,1.1447285449270006,0.0050000000003004395,0.9162145931332527,0.1415695673044151
0.3710000000000002,0.01875308721121163,0.0,0.15116548993232798,2.127984967715005e-05,1.1452129272058964,0.005000000000291757,0.9156528230891802,0.14150418779741467
0.3715000000000003,0.018759753877878295,0.0,0.15132260438792988,2.1073524639760766e-05,1.1456972869725845,0.005000000000283401,0.9150892022753134,0.1414386115047848
0.3720000000000002,0.01876642054454496,0.0,0.15148204742569737,2.0870969710679768e-05,1.1461816242799538,0.00500000000027536,0.9145237308914976,0.14137283697109035
0.3725000000000003,0.01877308721121163,0.0,0.15164381729989063,2.067212061033829e-05,1.1466659391808938,0.005000000000267619,0.9139564091367455,0.14130686277852603
0.3730000000000002,0.018779753877878294,0.0,0.1518079123033603,2.0476913059167738e-05,1.1471502317282931,0.005000000000260168,0.9133872372092385,0.14124068754675312
0.3735000000000003,0.018786420544544963,0.0,0.15197433076718223,2.0285282777599344e-05,1.1476345019750414,0.005000000000252993,0.9128162153063261,0.1411743099325337
0.3740000000000002,0.018793087211211628,0.0,0.1521430710600137,2.009716548606452e-05,1.1481187499740277,0.005000000000246083,0.9122433436245259,0.1411077286290867
0.3745000000000003,0.018799753877878297,0.0,0.15231413158813523,1.9912496904994496e-05,1.148602975778141,0.0050000000002394275,0.9116686223595248,0.14104094236613093
0.3750000000000002,0.018806420544544962,0.0,0.15248751079455522,1.973121275482068e-05,1.1490871794402708,0.005000000000233015,0.9110920517061779,0.14097394990898846
0.3755000000000003,0.01881308721121163,0.0,0.15266320715905363,1.9553248755974313e-05,1.149571361013306,0.005000000000226838,0.9105136318585091,0.14090675005862938
0.3760000000000002,0.018819753877878296,0.0,0.1528412191975166,1.9378540628886788e-05,1.150055520550136,0.005000000000220883,0.909933363009711,0.14083934165100637
0.3765000000000003,0.01882642054454496,0.0,0.15302154546170307,1.9207024093989354e-05,1.1505396581036496,0.005000000000215144,0.9093512453521452,0.14077172355682116
0.3770000000000002,0.01883308721121163,0.0,0.1532041866577313,1.9038642962566296e-05,1.1510237737056765,0.00500000000020961,0.9087672791027864,0.14070389681096226
0.3775000000000003,0.018839753877878295,0.0,0.15338914908703316,1.8873342175515777e-05,1.1515078673328663,0.005000000000204275,0.9081814645449864,0.1406358680719316
0.3780000000000002,0.01884642054454496,0.0,0.15357643076066022,1.8711053794369625e-05,1.1519919390446978,0.005000000000199129,0.9075938018617316,0.14056763566438596
0.3785000000000003,0.01885308721121163,0.0,0.15376603112002651,1.8551727429728367e-05,1.1524759888867881,0.005000000000194165,0.9070042912519842,0.14049919934950955
0.3790000000000002,0.018859753877878294,0.0,0.15395794964269977,1.8395312692192674e-05,1.1529600169047536,0.005000000000189376,0.90641293291399,0.14043055892366985
0.3795000000000003,0.018866420544544963,0.0,0.15415218584209775,1.824175919236307e-05,1.1534440231442105,0.005000000000184755,0.905819727045276,0.14036171421811353
0.3800000000000002,0.018873087211211628,0.0,0.15434873926700668,1.8091016540840224e-05,1.1539280076507754,0.005000000000180296,0.9052246738426513,0.14029266509848518
0.3805000000000003,0.018879753877878297,0.0,0.1545476095014574,1.7943034348224668e-05,1.1544119704700648,0.005000000000175991,0.9046277735022074,0.14022341146470343
0.3810000000000002,0.018886420544544962,0.0,0.1547487961642196,1.7797762225117065e-05,1.154895911647695,0.005000000000171837,0.904029026219318,0.1401539532504557
0.3815000000000003,0.018893087211211627,0.0,0.15495229890862847,1.765514978211795e-05,1.1553798312292822,0.005000000000167824,0.9034284321886391,0.1400842904230246
0.38200000000000023,0.018899753877878296,0.0,0.15515811742210564,1.7515146629827984e-05,1.1558637292604435,0.0050000000001639506,0.9028259916041087,0.14001442298280856
0.3825000000000003,0.01890642054454496,0.0,0.15536625142591057,1.73777023788477e-05,1.1563476057867947,0.005000000000160208,0.9022217046589481,0.13994435096307434
0.38300000000000023,0.018913087211211627,0.0,0.15557670079078686,1.7242768749553434e-05,1.1568314608528099,0.005000000000156593,0.9016155715470943,0.13987407454626904
0.3835000000000003,0.018919753877878295,0.0,0.15578946537000293,1.7110302805981187e-05,1.1573152945034642,0.0050000000001531,0.9010075924611534,0.13980359389612326
0.38400000000000023,0.01892642054454496,1.0,0.15607624498637362,0.006148373183703485,1.15779840066551,0.005023146332565368,0.9003986589896287,0.13980502805934478
0.3845000000000003,0.01893308721121163,1.0,0.1590376489370227,0.015117696697544003,1.1582553078377313,0.005412719866635331,0.8998210301647396,0.1424942383375249
0.38500000000000023,0.018939753877878295,1.0,0.17296862666334634,0.02400607378090186,1.1586081949530282,0.006813289930863622,0.8993737619749688,0.15621344501471873
0.3855000000000003,0.018946420544544963,1.0,0.20726239853301748,0.03281423493349527,1.158787840751118,0.009918964110473827,0.8991456865183902,0.19039889232656776
0.38600000000000023,0.01895308721121163,1.0,0.261048552870624,0.041542904087146275,1.1588406452615523,0.015408541174786607,0.8990785976515748,0.24415313971461688
0.3865000000000003,0.018959753877878297,1.0,0.3283324880950478,0.05019279865153204,1.1588436107956903,0.023902831855308664,0.899074829237549,0.31143528213055144
0.38700000000000023,0.018966420544544962,1.0,0.411954407130869,0.05876462950845054,1.158793982020154,0.03591710284958036,0.899137885096732,0.39508719163274253
0.3875000000000003,0.01897308721121163,1.0,0.51893796714838,0.06725910134255407,1.1586688587608158,0.05181591068716463,0.8992967730381611,0.5021462448832371
0.38800000000000023,0.018979753877878296,1.0,0.6593311313652099,0.07567691201966197,1.1584419523419307,0.07177600834955022,0.8995845909523095,0.6426758813428106
0.3885000000000003,0.01898642054454496,1.0,0.8468857202140081,0.08401875358488382,1.1580854751803813,0.09576306261867135,0.9000359301479722,0.8304437478071979
0.38900000000000023,0.01899308721121163,1.0,1.095483523964157,0.0922853116190833,1.1575880334991504,0.12353569646626195,0.9006640467914826,1.0793368701475525
0.3895000000000003,0.018999753877878296,1.0,1.4112020459629377,0.10047726554086103,1.1569746841052675,0.1546830267730784,0.9014357942002059,1.3954158379633266
0.39000000000000024,0.01900642054454496,1.0,1.7875478965981968,0.10859528851261237,1.1563009184856574,0.1886766853785064,0.9022800915221595,1.7721529494932833
0.3905000000000003,0.01901308721121163,1.0,2.209944368294268,0.116640048073059,1.1556229187106515,0.22491178409059479,0.9031260286879118,2.194938184780393
0.39100000000000024,0.019019753877878295,1.0,2.665420648295334,0.1246122050213198,1.1549727156504723,0.26273532746600153,0.9039338296156714,2.6507826197256277
0.3915000000000003,0.019026420544544963,1.0,3.144324039498641,0.13251241471009917,1.1543646116780577,0.30148598637723983,0.9046862666459298,3.1300261908757268
0.39200000000000024,0.01903308721121163,1.0,3.640596052268561,0.14034132674932914,1.1538016515178289,0.340531169214116,0.9053802079615533,3.6266095645820005
0.3925000000000003,0.019039753877878297,1.0,4.149740855758641,0.14809958343973204,1.1532834583163918,0.3793002025890701,0.9060167256262679,4.136037939757249
0.39300000000000024,0.019046420544544963,1.0,4.667870959162908,0.15578782483429626,1.1528090095485766,0.4173052116321801,0.9065976264031321,4.654425129727445
0.3935000000000003,0.019053087211211628,1.0,5.191302433445275,0.1634066808694469,1.152377485643062,0.45415076056666487,0.9071244074763938,5.178088317028891
0.39400000000000024,0.019059753877878297,1.0,5.716577970749359,0.17095677552169108,1.1519881609376144,0.4895342352035266,0.9075983957392073,5.7035711797149125
0.3945000000000003,0.019066420544544962,1.0,6.240423271250864,0.17843873147527986,1.1516404335252557,0.5232401098185234,0.90802071568109,6.227600268024956
0.39500000000000024,0.019073087211211627,1.0,6.759716663586688,0.18585317166794932,1.1513338314524124,0.5551301808274157,0.9083922858317314,6.747054626906939
0.3955000000000003,0.019079753877878296,1.0,7.271912678517022,0.19320069684128555,1.1510673665159015,0.5851309911837195,0.9087146030958012,7.259389710563621
0.39600000000000024,0.01908642054454496,1.0,7.774726430384914,0.2004819077368681,1.15084005051254,0.6132222643686931,0.9089891166454975,7.762321492250268
0.3965000000000003,0.01909308721121163,1.0,8.266120674300577,0.20769740509628304,1.150650895239145,0.6394252311705158,0.9092172310545766,8.253813525695909
0.39700000000000024,0.019099753877878295,1.0,8.744359657336961,0.21484778643550567,1.1504988250447727,0.6637920521698688,0.9094004146405715,8.732130845405768
0.3975000000000003,0.019106420544544964,1.0,9.208171323654717,0.22193363709419506,1.1503824642629341,0.6863966244856294,0.9095404577688294,9.19600228432254
0.39800000000000024,0.01911308721121163,1.0,9.65659668645728,0.22895553923133946,1.150300344739874,0.7073274504551487,0.9096392254843,9.644469742418602
0.3985000000000003,0.019119753877878294,1.0,10.088551137863664,0.23591407022344527,1.150251433653061,0.7266821954807244,0.9096980267407994,10.076449231483108
0.39900000000000024,0.019126420544544963,1.0,10.504203911331484,0.2428098016793778,1.1502334147266886,0.7445615931594248,0.9097196843982351,10.492111222344464
0.3995000000000003,0.019133087211211628,1.0,10.907961625363928,0.24964330038417268,1.1502392789691773,0.7610635256201655,0.9097126362192869,10.895865936970377
0.4,0.019139753877878293,1.0,11.304757891784552,0.2564151281057669,1.1502620022218237,0.7762849167080252,0.9096853227531545,11.292650577529246
0.40000000000000024,0.019139753877878283,1.0,11.304757891783897,0.2564151281057699,1.1502620022218237,0.7762849167080318,0.9096853227531545,11.29265057752859
