Time [s],Lmtc [m],STIM [ ],Fsee [N],Gamma [ ],Lcerel [ ],q [ ],fisomrel [ ],fce [N]
0.0,0.018639753877878293,1.0,1.9721473679604655,0.10266015833622874,1.1290507560492529,0.1479746424765505,0.9333836094524649,1.968461934428186
0.0005,0.018632830800955215,1.0,1.907313016177823,0.11075848119932731,1.1287272384673979,0.1801656627553216,0.9337171923062307,1.9037183600697722
0.001,0.01862590772403214,1.0,1.9730074081446003,0.1187837182323307,1.1280391316849259,0.21434813185059762,0.9344239230294809,1.9696020670683796
0.0015,0.018618984647109062,1.0,2.1324743681822818,0.12673652900716284,1.1271014359522553,0.24992412388122628,0.935380899915499,2.1293187661370734
0.002,0.018612061570185984,1.0,2.3537703581898306,0.13461756717268772,1.1260218299713276,0.2863300388470123,0.9364739934827112,2.3508905132009383
0.0025,0.01860513849326291,1.0,2.6149046977941732,0.14242748048312878,1.1248724669004662,0.32303674534109394,0.9376274680407679,2.612304573603749
0.003,0.018598215416339832,1.0,2.9020135869840153,0.15016691069672283,1.1236951206106247,0.3595617839065046,0.938798068548492,2.899685180417501
0.0035,0.018591292339416754,1.0,3.2057341243156876,0.15783649413161768,1.1225141672087342,0.3954856634074109,0.9399611153326013,3.203663207266618
0.004,0.018584369262493676,1.0,3.5198215430745123,0.16543686094108428,1.1213430507967996,0.43045968069881757,0.9411034560933013,3.5179910750506562
0.0045000000000000005,0.0185774461855706,1.0,3.8394875957408274,0.17296863595403908,1.1201899854449,0.46420962884691025,0.942217469595019,3.8378793783764507
0.005,0.018570523108647524,1.0,4.161071337544943,0.18043243781601534,1.1190597397240765,0.4965322163938966,0.9432991135073406,4.159667016824223
0.0055,0.018563600031724446,1.0,4.48148787845059,0.1878288809721035,1.117955382027266,0.5272889638326345,0.9443461114032069,4.480269439113346
0.006,0.01855667695480137,1.0,4.798420615662005,0.1951585717863672,1.116878293539243,0.5563968076839931,0.9453578579974182,4.79737076194025
0.006500000000000001,0.018549753877878293,1.0,5.109787703252287,0.2024221136105803,1.11582939426626,0.5838196523750208,0.9463342056956452,5.108889964162064
0.007,0.018542830800955215,1.0,5.413959663430778,0.20962010471520393,1.1148088660927302,0.6095585826544415,0.9472756970660061,5.413198504002336
0.0075,0.01853590772403214,1.0,5.709754422857882,0.21675313383103567,1.1138162716371898,0.6336433386408923,0.9481834252424377,5.709115298974981
0.008,0.018528984647109063,1.0,5.996143260412086,0.22382178647113044,1.1128510988572904,0.6561253481224963,0.9490585179468083,5.995612582445853
0.0085,0.018522061570185985,1.0,6.272339217057305,0.23082665017305304,1.1119126258052585,0.6770711988403945,0.9499022567414888,6.271904324140727
0.009000000000000001,0.018515138493262907,1.0,6.537874513732271,0.23776829699046167,1.1109998173544262,0.6965572560123691,0.9507161621891361,6.537523648180731
0.0095,0.018508215416339832,1.0,6.792449783986236,0.24464729405510838,1.1101115704613789,0.7146657776147244,0.9515017682021152,6.792172033727861
0.01,0.018501292339416754,1.0,7.035882205061408,0.251464208191068,1.1092467835502073,0.7314817446157689,0.9522605611357365,7.035667440977766
0.0105,0.018494369262493676,1.0,7.268097668369566,0.2582195923418249,1.1084043550662939,0.7470903680976746,0.9529939832106435,7.267936484652952
0.011,0.0184874461855706,1.0,7.489275263584559,0.26491402570420275,1.1075829662324106,0.7615752123854105,0.953703621506544,7.489158931723495
0.0115,0.018480523108647524,1.0,7.69954211442789,0.27154804640461294,1.1067815126873066,0.7750171296752038,0.9543908341928423,7.6994625124664475
0.012,0.018473600031724446,1.0,7.899109550248461,0.27812219256946674,1.1059988900697308,0.7874933213874538,0.9550569412159404,7.899059111111929
0.0125,0.01846667695480137,1.0,8.088266033891236,0.28463700232517547,1.1052339940184321,0.7990768055695707,0.9557032260117143,8.088237696026907
0.013000000000000001,0.018459753877878293,1.0,8.267370492504847,0.2910930137981504,1.1044857201721594,0.809836129844027,0.9563309371204208,8.267357652706034
0.0135,0.018452830800955215,1.0,8.436733484690732,0.2974907469490824,1.1037531149338131,0.8198353353345816,0.9569411645661239,8.436729951654236
0.014,0.018445907724032137,1.0,8.596875045796658,0.303830745024236,1.1030350185257278,0.829133812682544,0.9575351398296117,8.596875001802616
0.0145,0.018438984647109063,1.0,8.748330535240628,0.31011355102345495,1.1023303230118884,0.8377865585830587,0.9581140199691304,8.748330535240628
0.015,0.018432061570185985,1.0,8.891400147325385,0.31633966540124303,1.10163829003335,0.8458444774306181,0.9586786319963866,8.891400147325385
0.0155,0.018425138493262907,1.0,9.026418891046717,0.3225095886121041,1.100958181231168,0.8533544272131943,0.9592297825699786,9.026418891046717
0.016,0.018418215416339832,1.0,9.15375359125042,0.32862382111054206,1.1002892582463977,0.860359465599456,0.9597682587215495,9.15375359125042
0.0165,0.018411292339416754,1.0,9.273800069904325,0.3346828633510606,1.0996307827200944,0.8668991060605351,0.9602948285383254,9.273800069904325
0.017,0.018404369262493676,1.0,9.386980507487632,0.3406872157881637,1.0989820162933137,0.8730095749624883,0.9608102418020407,9.386980507487632
0.0175,0.018397446185570602,1.0,9.493740984494346,0.3466373788763551,1.0983422206071105,0.8787240632985511,0.9613152305842496,9.493740984494346
0.018000000000000002,0.018390523108647524,1.0,9.594492550965763,0.3525338437000977,1.0977107284536074,0.8840729920655609,0.9618104541802616,9.594492550965763
0.0185,0.018383600031724446,1.0,9.689599815198147,0.35837710153329794,1.0970869536624976,0.8890842510097636,0.9622964937141442,9.689599815198147
0.019,0.01837667695480137,1.0,9.779394735393893,0.36416763431022814,1.096470369891818,0.8937833914122679,0.9627738709317434,9.779394735393893
0.0195,0.018369753877878293,1.0,9.864147720333875,0.3699059088098465,1.0958605433533157,0.8981938341746968,0.9632430249120283,9.864147720333875
0.02,0.018362830800955215,1.0,9.94413993531703,0.37559239181111126,1.0952570402587387,0.9023370291435651,0.9637043851245801,9.94413993531703
0.0205,0.018355907724032137,1.0,10.019662364826795,0.38122755009298054,1.0946594268198346,0.9062326281224987,0.9641583716565615,10.019662364826795
0.021,0.018348984647109063,1.0,10.091014937367559,0.38681185043441263,1.094067269248351,0.9098986437430634,0.9646053954246329,10.091014937367559
0.021500000000000002,0.018342061570185985,1.0,10.158433268798463,0.39234573977487675,1.093480222178675,0.9133516127925521,0.9650457922457022,10.158433268798463
0.022,0.018335138493262907,1.0,10.222247496918088,0.39782970007105795,1.0928978331085326,0.9166066949710542,0.9654799704149569,10.222247496918088
0.0225,0.018328215416339833,1.0,10.282685301206213,0.40326418423422417,1.092319782263223,0.9196778352675204,0.9659082312114845,10.282685301206213
0.023,0.018321292339416755,1.0,10.339917423546963,0.40864962708725644,1.091745824877691,0.9225778591316708,0.9663308144700482,10.339917423546963
0.0235,0.018314369262493677,1.0,10.394118577587154,0.4139864634530359,1.0911757161868816,0.9253185583452341,0.9667479551112369,10.394118577587154
0.024,0.018307446185570602,1.0,10.44546712760952,0.4192751281544437,1.0906092114257402,0.9279107823945496,0.9671598832192221,10.44546712760952
0.0245,0.018300523108647524,1.0,10.494144787202496,0.4245160560143609,1.0900460658292113,0.930364521428162,0.9675668241147254,10.494144787202496
0.025,0.018293600031724446,1.0,10.540336337721998,0.4297096818556686,1.08948603463224,0.9326889815454984,0.9679689984231903,10.540336337721998
0.025500000000000002,0.018286676954801368,1.0,10.58421679600049,0.4348564339333189,1.088928888101253,0.9348926541842368,0.9683666114442993,10.58421679600049
0.026000000000000002,0.018279753877878294,1.0,10.625903241282607,0.43995671942504866,1.0883744685883379,0.9369833866577709,0.9687598132069155,10.625903241282607
0.0265,0.018272830800955216,1.0,10.665611038838335,0.44501100626762036,1.0878225035157787,0.9389684241668756,0.9691488315048842,10.665611038838335
0.027,0.018265907724032138,1.0,10.70343234523205,0.4500196943002531,1.0872728696053513,0.9408544736085167,0.9695337849233894,10.70343234523205
0.0275,0.018258984647109063,1.0,10.739460608467173,0.4549831833621657,1.086725443578831,0.9426477406875564,0.9699147897442201,10.739460608467173
0.028,0.018252061570185985,1.0,10.773790475549747,0.45990187329257715,1.086180102157993,0.9443539720640158,0.9702919599681515,10.773790475549747
0.0285,0.018245138493262907,1.0,10.80651770507618,0.4647761639307063,1.0856367220646133,0.9459784936526221,0.9706654073361127,10.80651770507618
0.029,0.018238215416339833,1.0,10.837739084839113,0.4696064551157722,1.085095180020467,0.9475262454422863,0.9710352413491373,10.837739084839113
0.029500000000000002,0.018231292339416755,1.0,10.867552354454865,0.4743931466869936,1.0845553527473295,0.949001813168216,0.9714015692870988,10.867552354454865
0.03,0.018224369262493677,1.0,10.896056133013941,0.4791366384835896,1.0840171169669766,0.9504094571373928,0.9717644962262295,10.896056133013941
0.0305,0.018217446185570602,1.0,10.923324630607501,0.48383730413921655,1.083480379088042,0.951753136502187,0.9721241052292672,10.923324630607501
0.031,0.018210523108647524,1.0,10.949434772671605,0.48849554017611485,1.082945043066527,0.9530365418817751,0.9724804793227679,10.949434772671605
0.0315,0.018203600031724446,1.0,10.974487583991472,0.4931117733069117,1.082410985255507,0.954263113267721,0.9728337180368664,10.974487583991472
0.032,0.01819667695480137,1.0,10.998528061757625,0.49768636626989016,1.0818781484971676,0.9554360509882882,0.9731838751947031,10.998528061757625
0.0325,0.018189753877878294,1.0,11.021601568785085,0.5022196818033333,1.0813464756336943,0.9565583402077469,0.9735310036079071,11.021601568785085
0.033,0.018182830800955216,1.0,11.043753810995158,0.506712082645524,1.080815909507273,0.9576327674816348,0.9738751550820491,11.043753810995158
0.0335,0.018175907724032138,1.0,11.065030815976579,0.5111639315347456,1.0802863929600888,0.95866193589881,0.9742163804218328,11.065030815976579
0.034,0.018168984647109063,1.0,11.085478912625055,0.5155755912092809,1.079757868834328,0.9596482789407912,0.9745547294360246,11.085478912625055
0.0345,0.018162061570185985,1.0,11.105144711862932,0.5199474244074129,1.0792302799721758,0.960594073176172,0.9748902509421226,11.105144711862932
0.035,0.018155138493262907,1.0,11.124075088439284,0.5242797938674248,1.0787035692158178,0.9615014498964459,0.975222992770764,11.124075088439284
0.035500000000000004,0.018148215416339833,1.0,11.142317163806243,0.5285730623275996,1.0781776794074398,0.9623724057892731,0.9755530017698703,11.142317163806243
0.036000000000000004,0.018141292339416755,1.0,11.15991829007761,0.5328275925262203,1.0776525533892276,0.9632088127359534,0.9758803238085326,11.15991829007761
0.0365,0.018134369262493677,1.0,11.176885333627238,0.5370436638699871,1.077128181364942,0.9640124167958628,0.9762049745573464,11.176885333627238
0.037,0.0181274461855706,1.0,11.193289416228712,0.541221734484661,1.0766044789190372,0.9647848826202124,0.9765270152381711,11.193289416228712
0.0375,0.018120523108647524,1.0,11.209153225124057,0.5453621343760805,1.0760814182184293,0.9655277562878855,0.9768464712074898,11.209153225124057
0.038,0.018113600031724447,1.0,11.224497232127275,0.5494651878388065,1.0755589741300637,0.9662424906557663,0.9771633657136495,11.224497232127275
0.0385,0.01810667695480137,1.0,11.239342006980221,0.5535312191674003,1.075037121520885,0.9669304525515879,0.9774777215754398,11.239342006980221
0.039,0.018099753877878294,1.0,11.253708212334848,0.5575605526564229,1.0745158352578381,0.9675929286740668,0.977789561183307,11.253708212334848
0.0395,0.018092830800955216,1.0,11.267616598946747,0.5615535126004355,1.073995090207868,0.9682311310383703,0.9780989065005179,11.267616598946747
0.04,0.018085907724032138,1.0,11.28108800107783,0.5655104232939993,1.0734748612379197,0.9688462020054427,0.9784057790642738,11.28108800107783
0.0405,0.018078984647109064,1.0,11.29414333210584,0.5694316090316752,1.0729551232149377,0.969439218930189,0.978710199986773,11.29414333210584
0.041,0.018072061570185986,1.0,11.30680358034266,0.5733173941080245,1.0724358510058671,0.9700111984603397,0.9790121899562233,11.30680358034266
0.0415,0.018065138493262908,1.0,11.319089805063724,0.5771681028176083,1.0719170194776528,0.9705631005149356,0.9793117692378036,11.319089805063724
0.042,0.01805821541633983,1.0,11.331023132743834,0.5809840594549878,1.0713986034972396,0.9710958319687855,0.9796089576745759,11.331023132743834
0.0425,0.018051292339416755,1.0,11.342624753502077,0.5847655883147238,1.0708805779315722,0.9716102500668896,0.9799037746883452,11.342624753502077
0.043000000000000003,0.018044369262493677,1.0,11.353897981728808,0.5885129373187163,1.0703629383552418,0.9721071567946284,0.9801962276240658,11.353897981728808
0.043500000000000004,0.0180374461855706,1.0,11.364871041399212,0.5922265096830265,1.0698456516238422,0.9725873304895842,0.9804863397969635,11.364871041399212
0.044,0.018030523108647525,1.0,11.375554511197501,0.5959065995005376,1.0693287050247051,0.9730514946629389,0.9807741226383897,11.375554511197501
0.0445,0.018023600031724447,1.0,11.385957914874227,0.5995534949908856,1.0688120870988254,0.9735003341893304,0.9810595866764147,11.385957914874227
0.045,0.01801667695480137,1.0,11.396090805308335,0.603167484373707,1.0682957863871971,0.9739344983631749,0.9813427422470173,11.396090805308335
0.0455,0.018009753877878294,1.0,11.405962763283023,0.6067488558686378,1.0677797914308154,0.9743546030592978,0.9816235994943807,11.405962763283023
0.046,0.018002830800955216,1.0,11.41558339630652,0.6102978976953144,1.0672640907706747,0.9747612327450296,0.9819021683711777,11.41558339630652
0.0465,0.01799590772403214,1.0,11.424962337477963,0.6138148980733729,1.0667486729477695,0.9751549423550998,0.9821784586388468,11.424962337477963
0.047,0.017988984647109064,1.0,11.434109244392882,0.6173001452224494,1.0662335265030947,0.9755362590397069,0.9824524798678554,11.434109244392882
0.0475,0.017982061570185986,1.0,11.443033798094845,0.6207539273621803,1.0657186399776448,0.9759056837953013,0.9827242414379548,11.443033798094845
0.048,0.017975138493262908,1.0,11.451745702070767,0.6241765327122017,1.0652040019124143,0.9762636929868204,0.9829937525384235,11.451745702070767
0.0485,0.01796821541633983,1.0,11.460254681286818,0.6275682494921498,1.064689600848398,0.9766107397694093,0.9832610221682998,11.460254681286818
0.049,0.017961292339416755,1.0,11.468570481271136,0.630929365921661,1.0641754253265903,0.9769472554170148,0.983526059136605,11.468570481271136
0.0495,0.017954369262493677,1.0,11.476695223373907,0.6342601028681109,1.0636614726657023,0.9772736438729231,0.9837888675921361,11.476695223373907
0.05,0.0179474461855706,1.0,11.484642009202172,0.6375608177130154,1.063147727589281,0.977590303922111,0.9840494580012398,11.484642009202172
0.0505,0.017940523108647525,1.0,11.49241617057552,0.6408317725523313,1.062634183763377,0.9778976059569677,0.9843078360971821,11.49241617057552
0.051000000000000004,0.017933600031724447,1.0,11.500022505895389,0.6440732235437886,1.0621208354792324,0.9781959026106533,0.9845640071974485,11.500022505895389
0.051500000000000004,0.01792667695480137,1.0,11.507465824012233,0.6472854268451178,1.06160767702809,0.9784855303092812,0.9848179765248102,11.507465824012233
0.052000000000000005,0.017919753877878294,1.0,11.51475094386175,0.6504686386140489,1.0610947027011923,0.978766810149538,0.9850697492074116,11.51475094386175
0.0525,0.017912830800955216,1.0,11.521882694111689,0.6536231150083122,1.060581906789782,0.9790400487222669,0.9853193302788567,11.521882694111689
0.053,0.01790590772403214,1.0,11.528865912820725,0.6567491121856378,1.0600692835851018,0.9793055388857363,0.9855667246782905,11.528865912820725
0.0535,0.01789898464710906,1.0,11.535705447107903,0.6598468863037562,1.059556827378394,0.9795635604920138,0.9858119372504808,11.535705447107903
0.054,0.017892061570185986,1.0,11.542406152830615,0.6629166935203973,1.0590445324609015,0.9798143810696297,0.9860549727458943,11.542406152830615
0.0545,0.017885138493262908,1.0,11.548972894275908,0.6659587899932915,1.0585323931238668,0.9800582564654607,0.9862958358207724,11.548972894275908
0.055,0.01787821541633983,1.0,11.555410543862102,0.668973431880169,1.0580204036585326,0.9802954314485609,0.9865345310372038,11.555410543862102
0.0555,0.017871292339416756,1.0,11.561723981850415,0.6719608753387599,1.0575085583561412,0.9805261402784569,0.9867710628631932,11.561723981850415
0.056,0.017864369262493678,1.0,11.567912700906316,0.674921268202284,1.0569968576789133,0.980750598055087,0.9870054328589188,11.567912700906316
0.0565,0.0178574461855706,1.0,11.573985998696337,0.677854994572154,1.0564852908789322,0.9809690308875636,0.9872376476572897,11.573985998696337
0.057,0.017850523108647525,1.0,11.579946783578364,0.6807622893759278,1.0559738545259882,0.9811816428425472,0.9874677104380141,11.579946783578364
0.0575,0.017843600031724447,1.0,11.585797477305766,0.6836433765564616,1.0554625457515119,0.9813886286529258,0.9876956240750459,11.585797477305766
0.058,0.01783667695480137,1.0,11.591540505805025,0.6864984800566117,1.0549513616869337,0.98159017508001,0.9879213913950071,11.591540505805025
0.0585,0.017829753877878295,1.0,11.59717829905675,0.6893278238192344,1.054440299463684,0.981786461301014,0.9881450151772176,11.59717829905675
0.059000000000000004,0.017822830800955217,1.0,11.602713290976848,0.692131631787186,1.0539293562131928,0.9819776592750774,0.9883664981537222,11.602713290976848
0.059500000000000004,0.01781590772403214,1.0,11.608147919304294,0.6949101279033227,1.0534185290668912,0.9821639340891588,0.9885858430093188,11.608147919304294
0.06,0.01780898464710906,1.0,11.613484625489184,0.6976635361105009,1.0529078151562092,0.9823454442850401,0.9888030523815856,11.613484625489184
0.0605,0.017802061570185986,1.0,11.618725854583838,0.7003920803515769,1.0523972116125773,0.9825223421685985,0.9890181288609072,11.618725854583838
0.061,0.017795138493262908,1.0,11.6238740551364,0.7030959845694068,1.051886715567426,0.9826947741024249,0.9892310749905001,11.6238740551364
0.0615,0.01778821541633983,1.0,11.628931679089039,0.705775472706847,1.0513763241521856,0.9828628807827919,0.9894418932664382,11.628931679089039
0.062,0.017781292339416756,1.0,11.633901181676105,0.7084307687067539,1.0508660344982867,0.9830267975019127,0.9896505861376764,11.633901181676105
0.0625,0.017774369262493678,1.0,11.638785021326436,0.7110620965119837,1.0503558437371596,0.9831866543963648,0.989857156006075,11.638785021326436
0.063,0.0177674461855706,1.0,11.643585659569268,0.7136696800653927,1.0498457490002346,0.9833425766825001,0.9900616052264224,11.643585659569268
0.0635,0.017760523108647525,1.0,11.648305560941,0.716253743309837,1.0493357474189424,0.9834946848796039,0.9902639361064572,11.648305560941
0.064,0.017753600031724447,1.0,11.652944725907746,0.7188144196733813,1.0488258389361367,0.9836430887365354,0.9904641498087298,11.652944725907746
0.0645,0.01774667695480137,1.0,11.657506783043443,0.7213520215503847,1.0483160193618482,0.9837879064004003,0.9906622490921021,11.657506783043443
0.065,0.01773975387787829,1.0,11.66199342418021,0.7238667617889474,1.0478062867165971,0.9839292448087633,0.990858235801482,11.66199342418021
0.0655,0.017732830800955217,1.0,11.666405901896365,0.7263588339585424,1.047296639523586,0.9840672057235705,0.9910521115591038,11.666405901896365
0.066,0.01772590772403214,1.0,11.6707454704824,0.7288284316286424,1.0467870763060174,0.9842018872588204,0.9912438779629397,11.6707454704824
0.0665,0.01771898464710906,1.0,11.675013385901533,0.7312757483687204,1.0462775955870935,0.9843333840376713,0.9914335365867096,11.675013385901533
0.067,0.017712061570185986,1.0,11.679210905747656,0.7337009777482493,1.045768195890017,0.9844617873418459,0.9916210889798922,11.679210905747656
0.0675,0.01770513849326291,1.0,11.683339289205557,0.7361043133367018,1.04525887573799,0.9845871852537442,0.9918065366677328,11.683339289205557
0.068,0.01769821541633983,1.0,11.687399797012521,0.7384859487035509,1.0447496336542152,0.9847096627916803,0.9919898811512541,11.687399797012521
0.0685,0.017691292339416756,1.0,11.691393691419773,0.7408460774182695,1.044240468161895,0.9848293020386035,0.9921711239072654,11.691393691419773
0.069,0.017684369262493678,1.0,11.695322236153412,0.7431848930503302,1.043731377784232,0.9849461822646672,0.9923502663883711,11.695322236153412
0.0695,0.0176774461855706,1.0,11.699186696379185,0.7455025891692062,1.0432223610444284,0.9850603800439703,0.9925273100229803,11.699186696379185
0.07,0.017670523108647522,1.0,11.70298833866519,0.7477993593443703,1.0427134164656868,0.9851719693657864,0.9927022562153152,11.70298833866519
0.07050000000000001,0.017663600031724448,1.0,11.70672843094664,0.7500753971452951,1.0422045425712096,0.985281021740571,0.9928751063454198,11.70672843094664
0.07100000000000001,0.01765667695480137,1.0,11.710408242490594,0.7523308961414539,1.0416957378841993,0.9853876063010258,0.9930458617691685,11.710408242490594
0.07150000000000001,0.01764975387787829,1.0,11.714029043862462,0.7545660499023191,1.0411870009278583,0.9854917898984782,0.9932145238182744,11.714029043862462
0.07200000000000001,0.017642830800955217,1.0,11.717591044056576,0.75678098023876,1.0406783314332702,0.9855936329615711,0.9933810934072201,11.717591044056576
0.0725,0.01763590772403214,1.0,11.721095952087305,0.7589759440012879,1.040169727427722,0.9856932019061295,0.9935455719935301,11.721095952087305
0.073,0.01762898464710906,1.0,11.724544790996438,0.761151133896249,1.0396611877195303,0.9857905572516619,0.9937079607547047,11.724544790996438
0.0735,0.017622061570185987,1.0,11.727938259841565,0.7633067172392767,1.0391527114862198,0.9858857561218619,0.9938682607331073,11.727938259841565
0.074,0.01761513849326291,1.0,11.731277058501227,0.7654428613460041,1.0386442979053152,0.9859788538339824,0.994026472957621,11.731277058501227
0.0745,0.01760821541633983,1.0,11.734561887659105,0.7675597335320646,1.0381359461543418,0.9860699039685383,0.9941825984436525,11.734561887659105
0.075,0.017601292339416756,1.0,11.73779344878722,0.7696575011130916,1.0376276554108241,0.986158958435953,0.9943366381931371,11.73779344878722
0.0755,0.017594369262493678,1.0,11.740972444127806,0.7717363314047182,1.037119424852287,0.986246067540306,0.9944885931945416,11.740972444127806
0.076,0.0175874461855706,1.0,11.744099576677835,0.773796391722578,1.0366112536562557,0.9863312800403182,0.9946384644228692,11.744099576677835
0.0765,0.017580523108647522,1.0,11.747175550173445,0.775837849382304,1.0361031410002546,0.9864146432077142,0.9947862528396629,11.747175550173445
0.077,0.017573600031724448,1.0,11.750201069072483,0.7778608716995299,1.0355950860618088,0.9864962028830868,0.9949319593930097,11.750201069072483
0.0775,0.01756667695480137,1.0,11.753176838539249,0.7798656259898886,1.0350870880184433,0.9865760035293857,0.995075585017544,11.753176838539249
0.078,0.017559753877878292,1.0,11.756103564429385,0.7818522795690137,1.0345791460476828,0.986654088283142,0.995217130634452,11.756103564429385
0.0785,0.017552830800955217,1.0,11.758981953274521,0.7838209997525384,1.034071259327052,0.9867304990035424,0.9953565971514751,11.758981953274521
0.079,0.01754590772403214,1.0,11.761812712265929,0.785771953856096,1.0335634270340759,0.986805276319447,0.995493985462913,11.761812712265929
0.0795,0.01753898464710906,1.0,11.764596549240942,0.7877053091953199,1.0330556483462796,0.9868784596744556,0.9956292964496284,11.764596549240942
0.08,0.017532061570185987,1.0,11.767333686035458,0.7896211767483262,1.0325479229930614,0.9869500844605696,0.9957625308353509,11.767333686035458
0.0805,0.01752513849326291,1.0,11.77002498832463,0.7915197668306385,1.0320402499741927,0.9870201901633018,0.9958936895263649,11.77002498832463
0.081,0.01751821541633983,1.0,11.772671098634895,0.7934012537787312,1.0315326285432231,0.9870888133017144,0.9960227733486204,11.772671098634895
0.0815,0.017511292339416753,1.0,11.775272432402236,0.7952657822152079,1.031025058211788,0.9871559878589309,0.9961497830518207,11.775272432402236
0.082,0.01750436926249368,1.0,11.77782940551389,0.7971134967626723,1.030517538491522,0.9872217468653415,0.9962747193776739,11.77782940551389
0.0825,0.0174974461855706,1.0,11.7803424342989,0.798944542043728,1.0300100688940605,0.9872861224318926,0.996397583059895,11.7803424342989
0.083,0.017490523108647522,1.0,11.782811935521677,0.8007590626809786,1.0295026489310384,0.9873491457820656,0.9965183748242076,11.782811935521677
0.0835,0.017483600031724448,1.0,11.785238326372943,0.802557203297028,1.0289952781140908,0.987410847282605,0.9966370953883461,11.785238326372943
0.084,0.01747667695480137,1.0,11.7876220244612,0.8043391085144795,1.0284879559548525,0.9874712564730508,0.9967537454620575,11.7876220244612
0.0845,0.017469753877878292,1.0,11.789963447806073,0.8061049229559369,1.0279806819649588,0.9875304020941285,0.9968683257471033,11.789963447806073
0.085,0.017462830800955217,1.0,11.792263014829826,0.8078547912440038,1.027473455656045,0.9875883121150436,0.9969808369372614,11.792263014829826
0.0855,0.01745590772403214,1.0,11.794521144349408,0.809588858001284,1.0269662765397458,0.9876450137597346,0.9970912797183278,11.794521144349408
0.08600000000000001,0.01744898464710906,1.0,11.796738255569803,0.8113072678503809,1.0264591441276962,0.987700533532123,0.9971996547681192,11.796738255569803
0.08650000000000001,0.017442061570185984,1.0,11.798914768075337,0.8130101654138983,1.0259520579315315,0.9877548972404087,0.9973059627564738,11.798914768075337
0.08700000000000001,0.01743513849326291,1.0,11.801051101822852,0.8146976953144397,1.0254450174628866,0.987808130020449,0.9974102043452536,11.801051101822852
0.08750000000000001,0.01742821541633983,1.0,11.8031476771334,0.816370002174609,1.0249380222333968,0.987860256358262,0.9975123801883464,11.8031476771334
0.088,0.017421292339416753,1.0,11.805204681580355,0.8180271869223464,1.02443107201863,0.987911298084094,0.9976124908800821,11.805204681580355
0.0885,0.01741436926249368,1.0,11.807222582430647,0.8196694209490752,1.0239241662778065,0.9879612797258435,0.9977105370716475,11.807222582430647
0.089,0.0174074461855706,1.0,11.809201797657137,0.8212968618619249,1.023417304526357,0.9880102245595733,0.9978065193948794,11.809201797657137
0.0895,0.017400523108647523,1.0,11.811142587417416,0.8229096346683263,1.0229104864587357,0.988058153792179,0.9979004384408964,11.811142587417416
0.09,0.017393600031724448,1.0,11.813045212146482,0.8245078643757104,1.0224037117693976,0.9881050881020196,0.997992294795815,11.813045212146482
0.0905,0.01738667695480137,1.0,11.814909932553336,0.8260916759915082,1.0218969801527975,0.9881510476558236,0.998082089040752,11.814909932553336
0.091,0.017379753877878292,1.0,11.816737009618286,0.8276611945231508,1.0213902913033897,0.988196052124992,0.9981698217518246,11.816737009618286
0.0915,0.017372830800955218,1.0,11.818526704586178,0.8292165449780691,1.0208836449156293,0.9882401207013267,0.9982554935001516,11.818526704586178
0.092,0.01736590772403214,1.0,11.82027927896364,0.8307578523636939,1.0203770406839707,0.9882832721122071,0.9983391048518552,11.82027927896364
0.0925,0.01735898464710906,1.0,11.821994994514379,0.8322852416874564,1.0198704783028687,0.9883255246352349,0.9984206563680609,11.821994994514379
0.093,0.017352061570185984,1.0,11.823674113254587,0.8337988379567877,1.019363957466778,0.9883668961123694,0.9985001486048992,11.823674113254587
0.0935,0.01734513849326291,1.0,11.825316897449753,0.8352987661791185,1.0188574778701536,0.9884074039635751,0.9985775821135067,11.825316897449753
0.094,0.01733821541633983,1.0,11.826923609608807,0.8367851513618799,1.0183510392074497,0.9884470651999977,0.9986529574400266,11.826923609608807
0.0945,0.017331292339416753,1.0,11.828494512482086,0.8382581185125029,1.0178446411731212,0.9884858964366907,0.9987262751256102,11.828494512482086
0.095,0.01732436926249368,1.0,11.83002986905555,0.8397177926384185,1.017338283461623,0.9885239139049059,0.9987975357064176,11.83002986905555
0.0955,0.0173174461855706,1.0,11.831529942546922,0.8411642987470576,1.0168319657674094,0.9885611334639688,0.9988667397136191,11.831529942546922
0.096,0.017310523108647523,1.0,11.83299488135462,0.8425977284821148,1.0163256879150449,0.9885975691907919,0.9989338876564022,11.83299488135462
0.0965,0.01730360003172445,1.0,11.834424952620827,0.8440182207365328,1.0158194495950341,0.9886332368467127,0.9989989800580407,11.834424952620827
0.097,0.01729667695480137,1.0,11.835820436935506,0.845425917901948,1.0153132504829259,0.9886681519901307,0.9990620174385887,11.835820436935506
0.0975,0.017289753877878292,1.0,11.837181504631037,0.846820928031026,1.0148070903791893,0.9887023283936739,0.99912300029801,11.837181504631037
0.098,0.017282830800955218,1.0,11.838508326232505,0.8482033591764322,1.0143009690842923,0.9887357795246465,0.9991819291330004,11.838508326232505
0.0985,0.01727590772403214,1.0,11.839801072452884,0.8495733193908318,1.013794886398704,0.9887685185540699,0.9992388044369874,11.839801072452884
0.099,0.017268984647109062,1.0,11.841059914193302,0.8509309167268905,1.0132888421228927,0.9888005583654339,0.9992936267001313,11.841059914193302
0.0995,0.017262061570185984,1.0,11.84228502253835,0.8522762592372733,1.0127828360573272,0.9888319115631655,0.999346396409326,11.84228502253835
0.1,0.01725513849326291,1.0,11.843476568755252,0.853609454974646,1.0122768680024756,0.9888625904808314,0.9993971140481992,11.843476568755252
0.1005,0.01724821541633983,1.0,11.844634724288893,0.8549306119916739,1.011770937758807,0.9888926071890791,0.9994457800971132,11.844634724288893
0.101,0.017241292339416753,1.0,11.845759660762445,0.8562398383410224,1.0112650451267897,0.9889219735033287,0.9994923950331656,11.845759660762445
0.1015,0.01723436926249368,1.0,11.846851549972978,0.8575372420753566,1.0107591899068922,0.9889507009912218,0.9995369593301897,11.846851549972978
0.10200000000000001,0.0172274461855706,1.0,11.847910563888217,0.8588229312473423,1.0102533718995832,0.9889788009798409,0.9995794734587553,11.847910563888217
0.10250000000000001,0.017220523108647523,1.0,11.848936874646403,0.8600970139096449,1.0097475909053313,0.9890062845627026,0.9996199378861692,11.848936874646403
0.10300000000000001,0.017213600031724445,1.0,11.849930654552214,0.8613595981149295,1.009241846724605,0.9890331626065342,0.9996583530764757,11.849930654552214
0.10350000000000001,0.01720667695480137,1.0,11.850892076075288,0.8626107919158618,1.0087361391578726,0.9890594457578443,0.9996947194904572,11.850892076075288
0.10400000000000001,0.017199753877878293,1.0,11.851821084986378,0.863850656402696,1.0082304682619583,0.9890851425832351,0.9997290375687556,11.851821084986378
0.1045,0.017192830800955215,1.0,11.852717935786648,0.8650793111970744,1.007724833744971,0.9891102637850259,0.9997613077744503,11.852717935786648
0.105,0.01718590772403214,1.0,11.853583047179594,0.8662969136308067,1.0072192351296754,0.9891348213447552,0.9997915305765699,11.853583047179594
0.1055,0.017178984647109062,1.0,11.854416509796554,0.8675035551618473,1.0067136723097372,0.9891588244311527,0.9998197064164699,11.854416509796554
0.106,0.017172061570185984,1.0,11.855218414410585,0.8686993272481499,1.0062081451788214,0.9891822820321389,0.9998458357337547,11.855218414410585
0.1065,0.01716513849326291,1.0,11.855988851933738,0.8698843213476689,1.005702653630593,0.989205202959819,0.999869918966278,11.855988851933738
0.107,0.01715821541633983,1.0,11.856727913415488,0.8710586289183583,1.0051971975587175,0.9892275958553317,0.9998919565501426,11.856727913415488
0.1075,0.017151292339416754,1.0,11.857435690042482,0.8722223414181722,1.0046917768568597,0.989249469193559,0.9999119489197017,11.857435690042482
0.108,0.01714436926249368,1.0,11.858112273137063,0.8733755503050649,1.004186391418685,0.9892708312876997,0.9999298965075583,11.858112273137063
0.1085,0.0171374461855706,1.0,11.858757754155043,0.8745183470369902,1.0036810411378585,0.9892916902937114,0.9999457997445655,11.858757754155043
0.109,0.017130523108647523,1.0,11.859372224686128,0.8756508230719023,1.0031757259080452,0.9893120542146289,0.9999596590598279,11.859372224686128
0.1095,0.017123600031724445,1.0,11.859955776450898,0.8767730698677555,1.0026704456229105,0.9893319309047566,0.9999714748807003,11.859955776450898
0.11,0.01711667695480137,1.0,11.860508501301705,0.8778851788825036,1.0021652001761194,0.9893513280737458,0.9999812476327893,11.860508501301705
0.1105,0.017109753877878293,1.0,11.861030491218655,0.878987241574101,1.0016599894613372,0.9893702532905551,0.999988977739953,11.861030491218655
0.111,0.017102830800955215,1.0,11.861521838311281,0.8800793494005018,1.0011548133722288,0.9893887139873027,0.9999946656243013,11.861521838311281
0.1115,0.01709590772403214,1.0,11.861982634815666,0.8811615938196599,1.0006496718024593,0.9894067174630086,0.9999983117061964,11.861982634815666
0.112,0.017088984647109062,1.0,11.862412973092649,0.8822340662895295,1.0001445646456943,0.989424270887236,0.9999999164042529,11.862412973092649
0.1125,0.017082061570185984,1.0,11.86281294562875,0.8832968582680648,0.9996394917955986,0.9894413813036316,0.9999994801353382,11.86281294562875
0.113,0.01707513849326291,1.0,11.863182645033179,0.8843500612132198,0.9991344531458376,0.9894580556333672,0.999997003314573,11.863182645033179
0.1135,0.017068215416339832,1.0,11.863522164036956,0.8853937665829487,0.9986294485900762,0.9894743006784897,0.999992486355331,11.863522164036956
0.114,0.017061292339416754,1.0,11.863831856979765,0.8864280260176297,0.9981244777266443,0.9894901216167753,0.9999859296648086,11.863831856979765
0.1145,0.01705436926249368,1.0,11.86411083507589,0.8874529354737399,0.9976195415580446,0.9895055252524231,0.9999773336704245,11.86411083507589
0.115,0.0170474461855706,1.0,11.864358442955456,0.8884686253608,0.9971146408232401,0.9895205195523797,0.9999666988096844,11.864358442955456
0.1155,0.017040523108647523,1.0,11.864574703691641,0.8894751719703783,0.9966097754950628,0.9895351103106588,0.9999540255112245,11.864574703691641
0.116,0.017033600031724445,1.0,11.864759640482468,0.8904726515940434,0.9961049455463447,0.9895493032231979,0.9999393142032122,11.864759640482468
0.1165,0.01702667695480137,1.0,11.864913276651178,0.8914611405233638,0.9956001509499176,0.9895631038904059,0.999922565313346,11.864913276651178
0.117,0.017019753877878293,1.0,11.865035635645341,0.8924407150499079,0.9950953916786134,0.9895765178196454,0.9999037792688551,11.865035635645341
0.11750000000000001,0.017012830800955215,1.0,11.865126741036553,0.8934114514652443,0.9945906677052642,0.9895895504276505,0.9998829564965005,11.865126741036553
0.11800000000000001,0.01700590772403214,1.0,11.865186616521221,0.8943734260609413,0.9940859790027016,0.989602207042885,0.9998600974225741,11.865186616521221
0.11850000000000001,0.016998984647109062,1.0,11.86521528591802,0.8953267151285674,0.9935813255437578,0.9896144929078409,0.9998352024728991,11.86521528591802
0.11900000000000001,0.016992061570185985,1.0,11.865212773170036,0.8962713949596913,0.9930767073012645,0.9896264131812776,0.9998082720728305,11.865212773170036
0.11950000000000001,0.016985138493262907,1.0,11.865179102342879,0.8972075418458813,0.9925721242480539,0.9896379729404061,0.9997793066472546,11.865179102342879
0.12,0.016978215416339832,1.0,11.865114297625151,0.8981352320787058,0.9920675763569575,0.9896491771830199,0.9997483066205892,11.865114297625151
0.1205,0.016971292339416754,1.0,11.86501838332691,0.8990545419497334,0.9915630636008076,0.98966003082957,0.9997152724167839,11.86501838332691
0.121,0.016964369262493676,1.0,11.864891383881131,0.8999655477505326,0.9910585859524359,0.989670538725193,0.99968020445932,11.864891383881131
0.1215,0.0169574461855706,1.0,11.864733323842614,0.9008683257726718,0.9905541433846743,0.9896807056416846,0.9996431031712109,11.864733323842614
0.122,0.016950523108647524,1.0,11.864544227886551,0.9017629523077195,0.9900497358703548,0.9896905362794296,0.9996039689750011,11.864544227886551
0.1225,0.016943600031724446,1.0,11.864324120810107,0.9026495036472443,0.9895453633823094,0.9897000352692814,0.9995628022927682,11.864324120810107
0.123,0.01693667695480137,1.0,11.864073027531104,0.9035280560828145,0.9890410258933697,0.9897092071743981,0.9995196035461208,11.864073027531104
0.1235,0.016929753877878293,1.0,11.863790973087154,0.9043986859059986,0.988536723376368,0.9897180564920326,0.9994743731562004,11.863790973087154
0.124,0.016922830800955215,1.0,11.863477991021634,0.9052614362034462,0.9880324557946658,0.9897265864613158,0.9994271115427735,11.863477991021634
0.1245,0.01691590772403214,1.0,11.863134218656171,0.9061163869984378,0.987528222994544,0.9897348015873658,0.9993778191133047,11.863134218656171
0.125,0.016908984647109063,1.0,11.862759730682638,0.9069636470876884,0.98702402489315,0.9897427073471956,0.9993264962801056,11.862759730682638
0.1255,0.016902061570185985,1.0,11.862354574769205,0.9078032801114083,0.9865198614382852,0.9897503075371573,0.9992731434574279,11.862354574769205
0.126,0.016895138493262907,1.0,11.861918798699518,0.9086353497098076,0.9860157325777514,0.9897576058989982,0.9992177610586521,11.861918798699518
0.1265,0.016888215416339832,1.0,11.861452450373026,0.9094599195230966,0.9855116382593501,0.9897646061212302,0.9991603494962883,11.861452450373026
0.127,0.016881292339416754,1.0,11.860955577803022,0.9102770531914852,0.9850075784308828,0.9897713118404687,0.9991009091819755,11.860955577803022
0.1275,0.016874369262493676,1.0,11.860428229118064,0.9110868143551838,0.984503553040151,0.9897777266427411,0.9990394405264823,11.860428229118064
0.128,0.016867446185570602,1.0,11.859870452559711,0.9118892666544025,0.9839995620349565,0.9897838540647655,0.9989759439397072,11.859870452559711
0.1285,0.016860523108647524,1.0,11.859282296482146,0.9126844737293515,0.9834956053631007,0.9897896975952033,0.998910419830678,11.859282296482146
0.129,0.016853600031724446,1.0,11.858663809352482,0.9134724992202409,0.982991682972385,0.9897952606758813,0.9988428686075526,11.858663809352482
0.1295,0.01684667695480137,1.0,11.858015039749716,0.9142534067672808,0.9824877948106113,0.9898005467029893,0.998773290677619,11.858015039749716
0.13,0.016839753877878293,1.0,11.857336036363034,0.9150272600106816,0.981983940825581,0.9898055590282494,0.9987016864472953,11.857336036363034
0.1305,0.016832830800955215,1.0,11.856626847993443,0.9157941225906532,0.9814801209650957,0.9898103009600622,0.99862805632213,11.856626847993443
0.131,0.01682590772403214,1.0,11.855887523551623,0.916554058147406,0.9809763351769569,0.9898147757646257,0.9985524007068021,11.855887523551623
0.1315,0.016818984647109063,1.0,11.855118112056894,0.9173071303211499,0.9804725834089661,0.989818986667032,0.9984747200051208,11.855118112056894
0.132,0.016812061570185985,1.0,11.854318662638303,0.9180534027520952,0.979968865608925,0.9898229368523404,0.9983950146200268,11.854318662638303
0.1325,0.016805138493262907,1.0,11.853489224532803,0.9187929390804521,0.9794651817246351,0.989826629466625,0.998313284953591,11.853489224532803
0.133,0.016798215416339832,1.0,11.852629847085241,0.9195258029464307,0.9789615317038981,0.9898300676180052,0.9982295314070156,11.852629847085241
0.1335,0.016791292339416754,1.0,11.851740579746977,0.9202520579902412,0.9784579154945153,0.9898332543776476,0.9981437543806342,11.851740579746977
0.134,0.016784369262493676,1.0,11.850821463280475,0.9209717401616453,0.9779543330542285,0.9898361918131738,0.9980559542756645,11.850821463280475
0.1345,0.016777446185570602,1.0,11.84987255518326,0.921684916196366,0.9774507843219878,0.9898388830355018,0.997966131489226,11.84987255518326
0.135,0.016770523108647524,1.0,11.848893907920026,0.9223916768602087,0.9769472692425487,0.9898413319594693,0.9978742864184978,11.848893907920026
0.1355,0.016763600031724446,1.0,11.847885557682122,0.9230920752399879,0.9764437877791771,0.9898435411505109,0.9977804194632303,11.847885557682122
0.136,0.016756676954801368,1.0,11.846847540767243,0.9237861644225183,0.9759403398951391,0.9898455131432385,0.9976845310225543,11.846847540767243
0.1365,0.016749753877878294,1.0,11.84577989357955,0.9244739974946142,0.9754369255537003,0.989847250442214,0.9975866214949821,11.84577989357955
0.137,0.016742830800955216,1.0,11.84468265262828,0.9251556275430904,0.9749335447181269,0.9898487555227058,0.9974866912784074,11.84468265262828
0.1375,0.016735907724032138,1.0,11.843555854528658,0.9258311076547614,0.9744301973516847,0.9898500308314313,0.9973847407701049,11.843555854528658
0.138,0.016728984647109063,1.0,11.842399536000741,0.9265004909164418,0.9739268834176397,0.9898510787872848,0.9972807703667306,11.842399536000741
0.1385,0.016722061570185985,1.0,11.841213733868642,0.9271638304149462,0.9734236028792577,0.9898519017820524,0.9971747804643224,11.841213733868642
0.139,0.016715138493262907,1.0,11.83999848506104,0.9278211792370892,0.9729203556998046,0.98985250218111,0.9970667714582996,11.83999848506104
0.1395,0.016708215416339833,1.0,11.838753826610318,0.9284725904696852,0.9724171418425465,0.9898528823241123,0.9969567437434632,11.838753826610318
0.14,0.016701292339416755,1.0,11.837479795651836,0.929118117199549,0.971913961270749,0.9898530445256648,0.9968446977139961,11.837479795651836
0.1405,0.016694369262493677,1.0,11.836176429424064,0.9297578125134951,0.9714108139476784,0.9898529910759859,0.9967306337634629,11.836176429424064
0.14100000000000001,0.016687446185570602,1.0,11.83484376526831,0.930391729498338,0.9709076998366002,0.9898527242415546,0.9966145522848106,11.83484376526831
0.14150000000000001,0.016680523108647524,1.0,11.833481840627078,0.9310199212408924,0.9704046189007807,0.9898522462657473,0.9964964536703679,11.833481840627078
0.14200000000000002,0.016673600031724446,1.0,11.832090693045235,0.9316424408279728,0.9699015711034856,0.9898515593694623,0.9963763383118459,11.832090693045235
0.14250000000000002,0.016666676954801368,1.0,11.830670360168925,0.9322593413463939,0.9693985564079809,0.9898506657517323,0.9962542066003379,11.830670360168925
0.14300000000000002,0.016659753877878294,1.0,11.829220879745304,0.93287067588297,0.9688955747775324,0.9898495675903259,0.9961300589263197,11.829220879745304
0.14350000000000002,0.016652830800955216,1.0,11.827742289621213,0.933476497524516,0.9683926261754061,0.9898482670423394,0.9960038956796495,11.827742289621213
0.14400000000000002,0.016645907724032138,1.0,11.826234621086074,0.9340768362660606,0.9678897105724001,0.9898467654499966,0.995875717251503,11.826234621086074
0.1445,0.016638984647109063,1.0,11.824697914826398,0.9346717477621135,0.967386827928796,0.9898450650201381,0.9957455240298162,11.824697914826398
0.145,0.016632061570185985,1.0,11.823132209314787,0.9352613077358367,0.9668839782074912,0.9898431686308585,0.9956133164025524,11.823132209314787
0.1455,0.016625138493262907,1.0,11.821537531832346,0.9358455604707088,0.9663811613841582,0.9898410780598799,0.9954790947604879,11.821537531832346
0.146,0.016618215416339833,1.0,11.819913909761251,0.9364245502502083,0.9658783774344702,0.9898387950675404,0.9953428594939822,11.819913909761251
0.1465,0.016611292339416755,1.0,11.818261370584596,0.9369983213578139,0.9653756263341001,0.9898363213972473,0.9952046109929765,11.818261370584596
0.147,0.016604369262493677,1.0,11.816579941886806,0.9375669180770041,0.964872908058721,0.9898336587759254,0.9950643496469957,11.816579941886806
0.1475,0.016597446185570602,1.0,11.814869651353598,0.9381303846912573,0.9643702225840054,0.9898308089144564,0.9949220758451467,11.814869651353598
0.148,0.016590523108647524,1.0,11.813130526769807,0.9386887654840522,0.9638675698856265,0.9898277735081117,0.9947777899761197,11.813130526769807
0.1485,0.016583600031724446,1.0,11.811362596021706,0.9392421047388675,0.9633649499392571,0.9898245542369761,0.9946314924281875,11.811362596021706
0.149,0.01657667695480137,1.0,11.809565887094939,0.9397904467391814,0.9628623627205702,0.9898211527663676,0.9944831835892061,11.809565887094939
0.1495,0.016569753877878294,1.0,11.807740428075059,0.9403338357684727,0.9623598082052388,0.9898175707472481,0.9943328638466143,11.807740428075059
0.15,0.016562830800955216,1.0,11.80588624714658,0.94087231611022,0.9618572863689356,0.9898138098166279,0.9941805335874345,11.80588624714658
0.1505,0.016555907724032138,1.0,11.804003372593499,0.9414059320479017,0.9613547971873339,0.9898098715979629,0.9940261931982716,11.804003372593499
0.151,0.016548984647109063,1.0,11.802091832799261,0.9419347278649964,0.9608523406361061,0.9898057577015473,0.9938698430653141,11.802091832799261
0.1515,0.016542061570185985,1.0,11.8001516562446,0.9424587478449827,0.9603499166909255,0.9898014697248994,0.9937114835743338,11.8001516562446
0.152,0.016535138493262908,1.0,11.798182871509834,0.9429780362713391,0.9598475253274649,0.9897970092531385,0.9935511151106857,11.798182871509834
0.1525,0.016528215416339833,1.0,11.796185507273048,0.9434926374275443,0.9593451665213972,0.98979237785936,0.9933887380593083,11.796185507273048
0.153,0.016521292339416755,1.0,11.794159592309503,0.9440025955970767,0.9588428402483954,0.9897875771050016,0.9932243528047235,11.794159592309503
0.1535,0.016514369262493677,1.0,11.792105155492921,0.9445079550634149,0.9583405464841324,0.9897826085402057,0.993057959731037,11.792105155492921
0.154,0.016507446185570603,1.0,11.79002220685886,0.9450087233014006,0.9578382852257343,0.9897774724439091,0.9928895592291739,11.79002220685886
0.1545,0.016500523108647525,1.0,11.787910782292371,0.9455049510395825,0.9573360564411547,0.9897721705652603,0.9927191516800307,11.787910782292371
0.155,0.016493600031724447,1.0,11.785770929897701,0.9459967242313678,0.9568338600846088,0.989766705849348,0.9925467374592195,11.785770929897701
0.1555,0.01648667695480137,1.0,11.783602670018164,0.9464840788351977,0.9563316961418735,0.9897610795197183,0.9923723169526173,11.783602670018164
0.156,0.016479753877878294,1.0,11.781406023097295,0.9469670508095132,0.9558295645987258,0.9897552927903389,0.9921958905458474,11.781406023097295
0.1565,0.016472830800955216,1.0,11.779181009677238,0.9474456761127554,0.9553274654409425,0.9897493468658723,0.9920174586242793,11.779181009677238
0.157,0.016465907724032138,1.0,11.77692765040005,0.9479199907033656,0.9548253986543004,0.9897432429419418,0.9918370215730284,11.77692765040005
0.1575,0.016458984647109064,1.0,11.774645966006885,0.9483900305397847,0.9543233642245765,0.9897369822053981,0.9916545797769573,11.774645966006885
0.158,0.016452061570185986,1.0,11.772335977337155,0.948855831580454,0.9538213621375476,0.9897305658345771,0.9914701336206739,11.772335977337155
0.1585,0.016445138493262908,1.0,11.769997705329628,0.9493174297838144,0.9533193923789908,0.9897239949995583,0.9912836834885335,11.769997705329628
0.159,0.01643821541633983,1.0,11.767631171021804,0.9497748611083071,0.9528174549346826,0.989717270862418,0.9910952297646372,11.767631171021804
0.1595,0.016431292339416755,1.0,11.765236395549453,0.9502281615123734,0.9523155497904002,0.9897103945774787,0.9909047728328328,11.765236395549453
0.16,0.016424369262493677,1.0,11.762813400146342,0.9506773669544542,0.9518136769319204,0.9897033672915548,0.9907123130767147,11.762813400146342
0.1605,0.0164174461855706,1.0,11.760362206144855,0.9511225133929907,0.95131183634502,0.9896961901441972,0.9905178508796235,11.760362206144855
0.161,0.016410523108647525,1.0,11.757882834975634,0.951563636786424,0.9508100280154761,0.9896888642679312,0.990321386624647,11.757882834975634
0.1615,0.016403600031724447,1.0,11.755375308166297,0.9520007730931952,0.9503082519290653,0.9896813907884954,0.990122920694619,11.755375308166297
0.162,0.01639667695480137,1.0,11.752839647343087,0.9524339582717455,0.9498065080715647,0.989673770825072,0.9899224534721204,11.752839647343087
0.1625,0.016389753877878294,1.0,11.750275874229587,0.9528632282805158,0.9493047964287511,0.9896660054905201,0.9897199853394786,11.750275874229587
0.163,0.016382830800955216,1.0,11.747684010646255,0.9532886190779476,0.9488031169864014,0.989658095891601,0.9895155166787676,11.747684010646255
0.1635,0.01637590772403214,1.0,11.745064078511474,0.9537101666224816,0.9483014697302925,0.9896500431292035,0.9893090478718085,11.745064078511474
0.164,0.016368984647109064,1.0,11.742416099840872,0.9541279068725592,0.9477998546462012,0.9896418482985647,0.9891005793001691,11.742416099840872
0.1645,0.016362061570185986,1.0,11.739740096746027,0.9545418757866213,0.9472982717199045,0.9896335124894888,0.9888901113451639,11.739740096746027
0.165,0.016355138493262908,1.0,11.737036091436462,0.9549521093231093,0.9467967209371793,0.9896250367865628,0.9886776443878544,11.737036091436462
0.1655,0.01634821541633983,1.0,11.734304106217794,0.9553586434404641,0.9462952022838023,0.9896164222693697,0.9884631788090491,11.734304106217794
0.166,0.016341292339416755,1.0,11.731544163492385,0.9557615140971267,0.9457937157455505,0.9896076700126983,0.9882467149893033,11.731544163492385
0.1665,0.016334369262493677,1.0,11.728756305434066,0.9561607563888334,0.9452922612858509,0.9895987810560207,0.9880282532991376,11.728756305434066
0.167,0.0163274461855706,1.0,11.72594055298712,0.9565563972955707,0.9447908388923475,0.9895897561557531,0.9878077941191571,11.72594055298712
0.1675,0.016320523108647525,1.0,11.723096892458422,0.9569484676190235,0.9442894485921495,0.9895805961971226,0.9875853378473329,11.723096892458422
0.168,0.016313600031724447,1.0,11.720225343382653,0.9573369995813152,0.9437880903747364,0.9895713021083103,0.9873608848651249,11.720225343382653
0.1685,0.01630667695480137,1.0,11.717325925044088,0.9577220251149275,0.9432867642299838,0.9895618748034348,0.9871344355539782,11.717325925044088
0.169,0.01629975387787829,0.0,11.714388539188112,0.9556602561670502,0.9427854816477268,0.9894674956152968,0.9869059955588696,11.714388539188112
0.1695,0.016292830800955217,0.0,11.710752681491083,0.9381819796143167,0.9422849934962838,0.9888094654989716,0.986675912097104,11.710752681491083
0.17,0.01628590772403214,0.0,11.706069680310103,0.9210235050374074,0.9417856965925492,0.9881108877406461,0.9864443795151411,11.706069680310103
0.1705,0.016278984647109064,0.0,11.700440368892934,0.9041786963411865,0.9412874769732936,0.9873693130903307,0.9862113585593539,11.700440368892934
0.171,0.016272061570185986,0.0,11.693916992099046,0.8876418543460433,0.9407902759812397,0.9865821684078295,0.985976834326489,11.693916992099046
0.1715,0.016265138493262908,0.0,11.686529938659042,0.8714075051843166,0.9402940598871211,0.9857467436245384,0.9857408028609492,11.686529938659042
0.17200000000000001,0.01625821541633983,0.0,11.678309658214857,0.8554701749883458,0.9397987949616716,0.984860173713167,0.9855032596477326,11.678309658214857
0.17250000000000001,0.016251292339416756,0.0,11.669286650533333,0.8398243898904696,0.9393044474756246,0.9839194298369996,0.9852641996150432,11.669286650533333
0.17300000000000001,0.016244369262493678,0.0,11.659483720915997,0.8244647973128981,0.9388109925112479,0.9829213184697392,0.9850236214501658,11.659483720915997
0.17350000000000002,0.0162374461855706,0.0,11.648917054920137,0.8093860013695989,0.9383184127458747,0.981862463029167,0.9847815271752469,11.648917054920137
0.17400000000000002,0.016230523108647525,0.0,11.637585244916465,0.7945828905176435,0.9378267109758645,0.980739318565181,0.9845379285276852,11.637585244916465
0.17450000000000002,0.016223600031724447,0.0,11.625476047864266,0.7800505578856574,0.9373359024528214,0.9795481626548945,0.9842928435143907,11.625476047864266
0.17500000000000002,0.01621667695480137,0.0,11.612577326752952,0.7657840966022655,0.9368460024283494,0.9782850727258355,0.9840462903628798,11.612577326752952
0.17550000000000002,0.01620975387787829,0.0,11.598877055140747,0.7517785997960934,0.9363570261540526,0.9769459161062152,0.9837982875201762,11.598877055140747
0.176,0.016202830800955217,0.0,11.584356376243058,0.7380293039826924,0.935868996820181,0.9755263552397943,0.9835488577246002,11.584356376243058
0.1765,0.01619590772403214,0.0,11.568998317066503,0.7245313338695913,0.9353819356205754,0.9740218132124367,0.9832980230234262,11.568998317066503
0.177,0.016188984647109064,0.0,11.552769428359996,0.7112801746903129,0.9348958827680263,0.9724275175185961,0.9830458156777817,11.552769428359996
0.1775,0.016182061570185986,0.0,11.535631737519632,0.6982714191101544,0.934410883881806,0.9707384713777324,0.9827922713873363,11.535631737519632
0.178,0.01617513849326291,0.0,11.5175474972312,0.6855006597944129,0.9339269845811873,0.968949433788715,0.9825374265338613,11.5175474972312
0.1785,0.01616821541633983,0.0,11.498479201698338,0.6729634894083855,0.9334442304854422,0.9670549102198254,0.9822813181773002,11.498479201698338
0.179,0.016161292339416756,0.0,11.478381833757478,0.6606556640599188,0.9329626761355243,0.9650491711239273,0.9820239888363576,11.478381833757478
0.1795,0.016154369262493678,0.0,11.457216192009788,0.6485727952994945,0.9324823697384547,0.9629261964180028,0.981765478415461,11.457216192009788
0.18,0.0161474461855706,0.0,11.434924807615257,0.636710885108737,0.9320033808679716,0.960679763134558,0.9815058391464555,11.434924807615257
0.1805,0.016140523108647525,0.0,11.411448789994267,0.6250659748350345,0.9315257811978557,0.9583033902176696,0.9812451254377442,11.411448789994267
0.181,0.016133600031724447,0.0,11.386729689379038,0.6136341058257752,0.9310496424018873,0.9557903270628039,0.9809833927483695,11.386729689379038
0.1815,0.01612667695480137,0.0,11.360709162040122,0.6024113261437534,0.9305750365791856,0.9531335504590616,0.9807206978160743,11.360709162040122
0.182,0.01611975387787829,0.0,11.333320932861502,0.5913938392394212,0.9301020455855852,0.9503258009227166,0.9804571038747215,11.333320932861502
0.1825,0.016112830800955217,0.0,11.304505510115868,0.580577719974011,0.9296307441133046,0.947359513101757,0.9801926713038112,11.304505510115868
0.183,0.01610590772403214,0.0,11.274183336269898,0.5699594126995954,0.9291612308022501,0.9442269557429104,0.9799274751141916,11.274183336269898
0.1835,0.01609898464710906,0.0,11.242275617026019,0.5595353617682474,0.928693604292328,0.9409201494859035,0.9796615917247236,11.242275617026019
0.184,0.016092061570185986,0.0,11.208704381203153,0.54930201153204,0.9282279632234446,0.937430872007114,0.9793950989477791,11.208704381203153
0.1845,0.01608513849326291,0.0,11.173390143621173,0.5392558441003922,0.9277644090289118,0.9337506794012086,0.9791280775882305,11.173390143621173
0.185,0.01607821541633983,0.0,11.136250943392177,0.5293933922011922,0.9273030471571351,0.9298709254299737,0.9788606121894491,11.136250943392177
0.1855,0.016071292339416756,0.0,11.097202539101858,0.5197112221861404,0.9268439869626168,0.9257827729945959,0.9785927910258969,11.097202539101858
0.186,0.016064369262493678,0.0,11.056146372205838,0.5102061403847075,0.9263873559161551,0.9214773118673774,0.9783247145239407,11.056146372205838
0.1865,0.0160574461855706,0.0,11.012985257507918,0.5008749531263642,0.9259332814885476,0.9169454937640797,0.9780564848357811,11.012985257507918
0.187,0.016050523108647526,0.0,10.967623488145021,0.49171446674058145,0.9254818911505925,0.9121781569596024,0.9777882058140315,10.967623488145021
0.1875,0.016043600031724448,0.0,10.919960434496993,0.4827215941708863,0.9250333200386469,0.9071661162442195,0.9775199875822882,10.919960434496993
0.188,0.01603667695480137,0.0,10.869902513755628,0.4738931348820623,0.9245876970558031,0.9019000784061973,0.9772519382586107,10.869902513755628
0.1885,0.01602975387787829,0.0,10.817348780200048,0.465226001393332,0.924145161992756,0.8963708061932262,0.9769841742035791,10.817348780200048
0.189,0.016022830800955217,0.0,10.762184425366515,0.45671736697389315,0.9237058735269915,0.8905692854806634,0.9767168250628824,10.762184425366515
0.1895,0.01601590772403214,0.0,10.70429702229001,0.4483644048929436,0.9232699903359953,0.8844866322826948,0.976450022467847,10.70429702229001
0.19,0.01600898464710906,0.0,10.64357669986311,0.4401642884196813,0.9228376710972533,0.8781141460460323,0.9761838999932174,10.64357669986311
0.1905,0.016002061570185987,0.0,10.579916325514356,0.43211419082330393,0.9224090744882514,0.8714433665643027,0.9759185931129211,10.579916325514356
0.191,0.01599513849326291,0.0,10.51321026507084,0.4242113406941635,0.9219843609035501,0.864466184056193,0.9756542402254899,10.51321026507084
0.1915,0.01598821541633983,0.0,10.44334882478185,0.41645301306387605,0.9215636994141246,0.8571749139513358,0.9753909870016089,10.44334882478185
0.192,0.015981292339416753,0.0,10.370223223337533,0.40883645091424187,0.9211472621673156,0.8495622979541056,0.9751289829451597,10.370223223337533
0.1925,0.015974369262493678,0.0,10.293723148861364,0.4013591703984871,0.9207352276862539,0.841621892002128,0.9748683834802,10.293723148861364
0.193,0.0159674461855706,0.0,10.213742344192376,0.3940186876698382,0.9203277744940704,0.8333479167030677,0.9746093459317292,10.213742344192376
0.1935,0.015960523108647522,0.0,10.13017887182916,0.38681251888152135,0.9199250811138961,0.8247353386238175,0.9743520294615355,10.13017887182916
0.194,0.015953600031724448,0.0,10.042935389402054,0.37973818018676275,0.919527326068862,0.8157799519440069,0.9740965950014909,10.042935389402054
0.1945,0.01594667695480137,0.0,9.951924245052934,0.372793254227123,0.9191346819513073,0.8064785444290326,0.9738432013475351,9.951924245052934
0.195,0.015939753877878292,0.0,9.857050160675813,0.3659753084627849,0.9187473371049103,0.7968289011394887,0.9735920190898276,9.857050160675813
0.1955,0.015932830800955217,0.0,9.758225496998849,0.3592819560536883,0.9183654773811086,0.7868299561805944,0.9733432188671428,9.758225496998849
0.196,0.01592590772403214,0.0,9.655386459735697,0.3527110101932286,0.9179892662035208,0.7764821120483273,0.9730969581686522,9.655386459735697
0.1965,0.01591898464710906,0.0,9.548475130090115,0.3462602840748014,0.9176188669957653,0.7657870753293565,0.9728533956997544,9.548475130090115
0.197,0.015912061570185987,0.0,9.437439774143899,0.33992759089180224,0.9172544431814609,0.7547479232255677,0.9726126913071597,9.437439774143899
0.1975,0.01590513849326291,0.0,9.322235161069456,0.3337107438376265,0.9168961581842261,0.7433691610859525,0.9723750059018353,9.322235161069456
0.198,0.01589821541633983,0.0,9.202845115164546,0.32760764409132,0.9165441469268102,0.7316569133889772,0.9721404823513046,9.202845115164546
0.1985,0.015891292339416753,0.0,9.07922182215417,0.3216161108301081,0.9161985936581828,0.7196187229881508,0.9719092971805345,9.07922182215417
0.199,0.01588436926249368,0.0,8.951353661915117,0.31573405857394254,0.9158596458753645,0.7072638361241296,0.9716816032311237,8.951353661915117
0.1995,0.0158774461855706,0.0,8.819283808837254,0.30995957150401265,0.9155273891082715,0.6946033880336763,0.9714575120365385,8.819283808837254
0.2,0.015870523108647522,0.0,8.68306178529562,0.3042907338015077,0.9152019088868195,0.6816501391311187,0.9712371349742429,8.68306178529562
0.2005,0.015863600031724448,0.0,8.54274365192859,0.2987256296476168,0.914883290740925,0.6684184515549444,0.9710205832196244,8.54274365192859
0.201,0.01585667695480137,0.0,8.398392200334545,0.29326234322352934,0.9145716202005038,0.6549242473750413,0.9708079676993321,8.398392200334545
0.2015,0.015849753877878292,0.0,8.250085673991244,0.28789897623169564,0.9142669712480929,0.641184981230934,0.9705993911240987,8.250085673991244
0.202,0.015842830800955218,0.0,8.097952792905538,0.2826337411905912,0.9139693581678169,0.6272197652645891,0.9703949146637705,8.097952792905538
0.2025,0.01583590772403214,0.0,7.942046667578774,0.27746468255723156,0.9136789069196227,0.6130487334417167,0.9701946755576354,7.942046667578774
0.203,0.01582898464710906,0.0,7.782569703326201,0.27239012761320935,0.9133955472506318,0.5986938059796573,0.9699986750559297,7.782569703326201
0.20350000000000001,0.015822061570185987,0.0,7.619727268846873,0.26740840364011736,0.9131192089079653,0.5841780548088675,0.9698069125568889,7.619727268846873
0.20400000000000001,0.01581513849326291,0.0,7.453727532441004,0.2625178379195482,0.9128498216387448,0.5695255545306873,0.9696193856464057,7.453727532441004
0.20450000000000002,0.01580821541633983,0.0,7.284781299859708,0.2577167577330946,0.9125873151900918,0.5547612192273299,0.9694360901372946,7.284781299859708
0.20500000000000002,0.015801292339416753,0.0,7.113101853783502,0.25300349036234915,0.9123316193091275,0.5399106274405201,0.9692570201081611,7.113101853783502
0.20550000000000002,0.01579436926249368,0.0,6.938961467457341,0.24837646436543478,0.9120825800472288,0.5250000707029575,0.9690821090753923,6.938961467457341
0.20600000000000002,0.0157874461855706,0.0,6.76257101626795,0.2438339810272527,0.9118401341984249,0.5100558396264581,0.9689113522473931,6.76257101626795
0.20650000000000002,0.015780523108647523,0.0,6.584249462356141,0.23937452838731677,0.9116040579416067,0.4951047579410117,0.9687446297104367,6.584249462356141
0.20700000000000002,0.015773600031724448,0.0,6.404337734883917,0.23499664295306594,0.9113740878056094,0.4801737070629468,0.9685817907508486,6.404337734883917
0.20750000000000002,0.01576667695480137,0.0,6.223171004157301,0.23069886123193922,0.9111499603192675,0.46528931873857904,0.9684226817949291,6.223171004157301
0.20800000000000002,0.015759753877878292,0.0,6.041078161580216,0.22647971973137554,0.9109314120114163,0.45047778097900876,0.9682671465348797,6.041078161580216
0.2085,0.015752830800955218,0.0,5.858381322542405,0.22233775495881414,0.9107181794108905,0.43576465168062645,0.9681150260491762,5.858381322542405
0.209,0.01574590772403214,0.0,5.675420267185398,0.21827157764100114,0.9105099583611282,0.4211749029577468,0.967966129789892,5.675420267185398
0.2095,0.015738984647109062,0.0,5.492530015288803,0.21427971121145356,0.9103064371356666,0.40673222779287804,0.9678202591228076,5.492530015288803
0.21,0.015732061570185987,0.0,5.310069091276831,0.2103607966481559,0.9101072472514332,0.3924595656793295,0.9676771720131402,5.310069091276831
0.2105,0.01572513849326291,0.0,5.128402763227207,0.20651355386839973,0.9099119864737207,0.37837887058680597,0.9675365992755557,5.128402763227207
0.211,0.01571821541633983,0.0,4.947881494642103,0.20273670278947659,0.909720252567822,0.36451074796540806,0.9673982688143286,4.947881494642103
0.2115,0.015711292339416753,0.0,4.7688404490316465,0.199028963328678,0.9095316432990294,0.3508743522015568,0.9672619057433037,4.7688404490316465
0.212,0.01570436926249368,0.0,4.591599047951744,0.19538905540329557,0.9093457564326358,0.33748730385050596,0.9671272324929161,4.591599047951744
0.2125,0.0156974461855706,0.0,4.416448308033444,0.19181573671460184,0.9091622124557329,0.32436578525336773,0.9669939854162504,4.416448308033444
0.213,0.015690523108647523,0.0,4.243697532543905,0.18830777208011587,0.9089805680592755,0.31152430172006496,0.9668618520367513,4.243697532543905
0.2135,0.01568360003172445,0.0,4.073656790494657,0.18486388322098213,0.9088003427971247,0.29897550632892056,0.9667304901043121,4.073656790494657
0.214,0.01567667695480137,0.0,3.9065513671435173,0.18148295736657488,0.9086211830555829,0.28673109082851034,0.9665996472553549,3.9065513671435173
0.2145,0.015669753877878292,0.0,3.74259148018193,0.1781638817462683,0.9084427352209523,0.27480106574980573,0.9664690690647174,3.74259148018193
0.215,0.015662830800955214,0.0,3.581972175908694,0.1749055435894366,0.9082646456795351,0.26319378083099704,0.966338499070795,3.581972175908694
0.2155,0.01565590772403214,0.0,3.4248732667152866,0.171706830125454,0.9080865608176338,0.2519159608953784,0.9662076787906779,3.4248732667152866
0.216,0.015648984647109062,0.0,3.2714593098833085,0.16856662858369476,0.9079081270215507,0.24097275553832898,0.9660763477252846,3.2714593098833085
0.2165,0.015642061570185984,0.0,3.121873345335134,0.16548383464398042,0.9077290045098134,0.23036783993800333,0.9659442535649999,3.121873345335134
0.2166666666666667,0.01563975387787829,0.0,3.0727919827849095,0.1644688151392438,0.9076692908677536,0.22690866541304333,0.9659001606045461,3.0727919827849095
0.2171666666666667,0.015652611020735435,0.0,3.52234049546915,0.1614609609834847,0.907642815794598,0.2168711494014373,0.9658806021025979,3.52234049546915
0.2176666666666667,0.015665468163592575,0.0,3.875381099610054,0.15850811869252487,0.9078656512652175,0.20734524112323693,0.9660450471328699,3.875381099610054
0.2181666666666667,0.01567832530644972,0.0,4.036410206387142,0.1556092821407029,0.9084878256799335,0.19841492616752138,0.966502087804855,4.036410206387142
0.2186666666666667,0.01569118244930686,0.0,3.989189771444741,0.15276346357743267,0.9095166824796869,0.1900555630301417,0.9672510770020728,3.989189771444741
0.2191666666666667,0.015704039592164005,0.0,3.857248750239851,0.14996969335842972,0.9107129858281595,0.18208467517078022,0.9681113164011103,3.857248750239851
0.2196666666666667,0.01571689673502115,0.0,3.711180161918721,0.14722701953122685,0.9119422626661146,0.1744056646276163,0.9689833395825458,3.711180161918721
0.2201666666666667,0.01572975387787829,0.0,3.5670544178284533,0.14453450757634428,0.9131733448000364,0.166994776607262,0.9698445277871466,3.5670544178284533
0.2206666666666667,0.015742611020735434,0.0,3.42753538706259,0.1418912405413934,0.9144007441334403,0.15984517998595274,0.970691069580365,3.42753538706259
0.2211666666666667,0.015755468163592575,0.0,3.292949346993513,0.13929631696410882,0.9156235340364062,0.15295254392373775,0.971522447965978,3.292949346993513
0.2216666666666667,0.01576832530644972,0.0,3.163202730002809,0.136748851030221,0.9168416337338388,0.14631262247738883,0.9723387444797719,3.163202730002809
0.2221666666666667,0.01578118244930686,0.0,3.0381487045441973,0.13424797981038739,0.918055079446741,0.13992086207151974,0.9731401199820803,3.0381487045441973
0.2226666666666667,0.015794039592164005,0.0,2.9176394653778552,0.13179290118755468,0.919263917540577,0.1337724860915541,0.973926739956421,2.9176394653778552
0.2231666666666667,0.01580689673502115,0.0,2.801493038735792,0.12938265982454064,0.9204682825894916,0.12786199363537668,0.9746988237029401,2.801493038735792
0.2236666666666667,0.01581975387787829,0.0,2.689562532507417,0.1270164727473773,0.9216682420222435,0.12218402257617535,0.9754565427684567,2.689562532507417
0.2241666666666667,0.015832611020735434,0.0,2.5817064231989644,0.12469356542636857,0.922863860644877,0.11673296296553615,0.9762000640215482,2.5817064231989644
0.2246666666666667,0.015845468163592575,0.0,2.4777872871898396,0.12241316333181843,0.9240552032634365,0.11150297908733599,0.9769295513945682,2.4777872871898396
0.2251666666666667,0.01585832530644972,0.0,2.3776717084873273,0.12017449193403078,0.9252423346839663,0.10648805130943174,0.9776451659059836,2.3776717084873273
0.2256666666666667,0.015871182449306864,0.0,2.2812301878673282,0.11797677670330955,0.926425319712511,0.10168201546142797,0.9783470656823751,2.2812301878673282
0.2261666666666667,0.015884039592164004,0.0,2.188341833435421,0.11581926316610965,0.927604210584671,0.0970786413442989,0.9790353986997253,2.188341833435421
0.2266666666666667,0.01589689673502115,0.0,2.09891810176131,0.11370121621783177,0.928778981653351,0.09267163757833366,0.9797102661826652,2.09891810176131
0.2271666666666667,0.01590975387787829,0.0,2.012858775902605,0.11162185206031176,0.9299496416657428,0.08845457198085249,0.9803717891889686,2.012858775902605
0.2276666666666667,0.015922611020735434,0.0,1.9300781039583297,0.10958050056550103,0.9311161643170719,0.08442123602318055,0.9810200687264294,1.9300781039583297
0.2281666666666667,0.015935468163592575,0.0,1.8504912261321644,0.10757649160535099,0.9322785233025644,0.08056541555367779,0.9816552063756747,1.8504912261321644
0.2286666666666667,0.01594832530644972,0.0,1.7740142108038108,0.10560915505181305,0.9334366923174462,0.07688091489546871,0.9822773042814307,1.7740142108038108
0.2291666666666667,0.015961182449306863,0.0,1.700564090827367,0.10367782077683861,0.9345906450569431,0.07336157864760384,0.9828864651437328,1.700564090827367
0.2296666666666667,0.015974039592164004,0.0,1.6300589000593948,0.10178181865237909,0.9357403552162811,0.07000131126432897,0.9834827922090811,1.6300589000593948
0.2301666666666667,0.01598689673502115,0.0,1.5624174009294212,0.0999205079379353,0.9368857974529592,0.06679414929739744,0.9840663897474045,1.5624174009294212
0.23066666666666671,0.01599975387787829,0.0,1.497565540857053,0.0980932440725154,0.9380269270827295,0.0637342041340584,0.9846373529327627,1.497565540857053
0.23116666666666671,0.016012611020735434,0.0,1.4354235270089732,0.09629934126784828,0.9391637200934665,0.06081562160233304,0.9851957881885356,1.4354235270089732
0.23166666666666672,0.016025468163592578,0.0,1.3759071038598358,0.09453822547919068,0.9402961713317306,0.058032862842923215,0.9857418113693998,1.3759071038598358
0.23216666666666672,0.01603832530644972,0.0,1.3189337498059257,0.09280932266179939,0.941424275644083,0.05538049679433167,0.9862755380647186,1.3189337498059257
0.23266666666666672,0.016051182449306863,0.0,1.2644226845623874,0.0911120587709312,0.9425480278770844,0.05285320963245291,0.9867970835967509,1.2644226845623874
0.23316666666666672,0.016064039592164004,0.0,1.212294876568087,0.08944585976184288,0.9436674228772955,0.05044581276704927,0.9873065630188582,1.212294876568087
0.23366666666666672,0.01607689673502115,0.0,1.1624730504005494,0.08781015158979122,0.9447824554912773,0.04815324949565783,0.9878040911137089,1.1624730504005494
0.23416666666666672,0.01608975387787829,0.0,1.1148816941980748,0.08620436021003297,0.9458931205655905,0.045970600414957985,0.9882897823914811,1.1148816941980748
0.23466666666666672,0.016102611020735434,0.0,1.0694389932925976,0.0846279905982318,0.9469994433190008,0.043893204351712636,0.9887637639660167,1.0694389932925976
0.23516666666666672,0.016115468163592578,0.0,1.0260628067750064,0.08308041811533096,0.9481014595938003,0.0419163542041247,0.9892261660148243,1.0260628067750064
0.23566666666666672,0.01612832530644972,0.0,0.9846759057223053,0.08156108432797551,0.949199196283199,0.04003558441474808,0.9896771133669082,0.9846759057223053
0.23616666666666672,0.016141182449306863,0.0,0.9451995770464204,0.08006950873159843,0.9502926957970397,0.038246676935162066,0.9901167356354974,0.9451995770464204
0.23666666666666672,0.016154039592164004,0.0,0.9075577753113357,0.0786052108216327,0.9513820005451651,0.03654554666098747,0.9905451605160387,0.9075577753113357
0.23716666666666672,0.016166896735021148,0.0,0.871677063662066,0.07716771009351128,0.952467152937418,0.03492824247458505,0.9909625138005007,0.871677063662066
0.23766666666666672,0.016179753877878292,0.0,0.8374865553463963,0.07575652604266718,0.9535481953836413,0.033390947636644616,0.9913689193915346,0.8374865553463963
0.23816666666666672,0.016192611020735433,0.0,0.8049178558320679,0.07437117816453334,0.9546251702936778,0.031929979592708324,0.991764499316489,0.8049178558320679
0.23866666666666672,0.016205468163592578,0.0,0.7739050055175832,0.07301118595454278,0.9556981200773703,0.030541789257162732,0.9921493737412836,0.7739050055175832
0.23916666666666672,0.01621832530644972,0.0,0.7443844230371615,0.07167606890812844,0.9567670871445616,0.0292229598336138,0.9925236609841362,0.7443844230371615
0.23966666666666672,0.016231182449306863,0.0,0.7162925713865101,0.07036537531809364,0.9578321243749862,0.027970235649169603,0.9928874810610935,0.7162925713865101
0.24016666666666672,0.016244039592164004,0.0,0.6895596118961326,0.06907865769195201,0.9588933255927212,0.0267804936922569,0.9932409652766959,0.6895596118961326
0.24066666666666672,0.016256896735021148,0.0,0.6641270686020029,0.06781542115204876,0.9599507447994357,0.025650683592488212,0.9935842286315203,0.6641270686020029
0.24116666666666672,0.016269753877878292,0.0,0.6399364879662617,0.0665752649556682,0.96100444702196,0.024577968792951238,0.9939173873917475,0.6399364879662617
0.24166666666666672,0.016282611020735433,0.0,0.6169318034817869,0.06535778836009459,0.9620544972871241,0.02355962412517568,0.9942405552954685,0.6169318034817869
0.24216666666666672,0.016295468163592577,0.0,0.5950592565163194,0.06416259062261226,0.9631009606217582,0.02259303364268135,0.9945538435718518,0.5950592565163194
0.24266666666666672,0.01630832530644972,0.0,0.5742673185530813,0.06298927100050546,0.9641439020526925,0.021675688267313812,0.9948573609599723,0.5742673185530813
0.24316666666666673,0.016321182449306863,0.0,0.5545066148295956,0.06183742875105848,0.9651833866067572,0.020805183278456384,0.9951512137273019,0.5545066148295956
0.24366666666666673,0.016334039592164007,0.0,0.5357298493721635,0.06070666313155563,0.9662194793107822,0.019979215672743394,0.9954355056878613,0.5357298493721635
0.24416666666666673,0.016346896735021148,0.0,0.5178917314283339,0.059596573399281184,0.967252245191598,0.01919558141955134,0.9957103382200352,0.5178917314283339
0.24466666666666673,0.016359753877878292,0.0,0.5009470921475385,0.05850682448315561,0.9682817592308892,0.018452220886178417,0.9959758128100509,0.5009470921475385
0.24516666666666673,0.016372611020735433,0.0,0.4848518769649148,0.05743696557862216,0.9693081012446888,0.01774708020184141,0.9962320294031749,0.4848518769649148
0.24566666666666673,0.016385468163592577,0.0,0.4695656989336213,0.05638663761159169,0.9703313413260113,0.017078262385632738,0.9964790827699455,0.4695656989336213
0.24616666666666673,0.016398325306449718,0.0,0.4550498429844796,0.055355505977311176,0.9713515501085074,0.016443970035068787,0.9967170652752585,0.4550498429844796
0.24666666666666673,0.016411182449306862,0.0,0.4412672943745267,0.05434323607102756,0.9723687982258277,0.01584248444268845,0.99694606675406,0.4412672943745267
0.24716666666666673,0.016424039592164007,0.0,0.42818266877234323,0.05334949328798779,0.9733831563116225,0.015272163110243903,0.9971661745282739,0.42818266877234323
0.24766666666666673,0.016436896735021148,0.0,0.4157621439920731,0.05237394302343881,0.9743946949995427,0.014731437252248226,0.9973774734233343,0.4157621439920731
0.24816666666666673,0.016449753877878292,0.0,0.40397339337580823,0.05141625067262758,0.9754034849232386,0.014218809299796433,0.9975800457843146,0.40397339337580823
0.24866666666666673,0.016462611020735433,0.0,0.3927855208238426,0.050476081630801056,0.976409596716361,0.013732850414404228,0.9977739714916611,0.3927855208238426
0.24916666666666673,0.016475468163592577,0.0,0.3821689974739248,0.04955310129320617,0.9774131010125602,0.013272198020516348,0.9979593279765248,0.3821689974739248
0.24966666666666673,0.01648832530644972,0.0,0.37209582790036244,0.048647041279369994,0.9784140669922328,0.012835587183607996,0.9981361899847367,0.37209582790036244
0.25016666666666676,0.016501182449306862,0.0,0.3625376466930386,0.0477575116061253,0.9794125741975673,0.01242174998910676,0.9983046315953173,0.3625376466930386
0.2506666666666667,0.016514039592164007,0.0,0.3534690750138556,0.046884217442290696,0.9804086908552649,0.012029526537218792,0.9984647224239817,0.3534690750138556
0.25116666666666676,0.01652689673502115,0.0,0.34486603478937333,0.04602688171844366,0.981402483921512,0.011657819185713451,0.9986165295828415,0.34486603478937333
0.2516666666666667,0.01653975387787829,0.0,0.33670549467297345,0.045185227365162395,0.9823940203524938,0.011305581225522145,0.9987601179226064,0.33670549467297345
0.25216666666666676,0.016552611020735436,0.0,0.3289654193849337,0.044358977313024336,0.9833833671043968,0.010971814953391388,0.998895550044851,0.3289654193849337
0.2526666666666667,0.016565468163592577,0.0,0.3216247205337291,0.043547854492607674,0.9843705911334064,0.01065556978036862,0.9990228863139233,0.3216247205337291
0.25316666666666676,0.01657832530644972,0.0,0.3146632089186443,0.04275158183448986,0.985355759395709,0.010355940379146337,0.9991421848684945,0.3146632089186443
0.2536666666666667,0.016591182449306862,0.0,0.30806154831334126,0.04196988226924906,0.9863389388474899,0.010072064872831285,0.9992535016327495,0.30806154831334126
0.25416666666666676,0.016604039592164006,0.0,0.3018012107306466,0.04120247872746275,0.9873201964449356,0.009803123067273014,0.9993568903272199,0.3018012107306466
0.2546666666666667,0.016616896735021147,0.0,0.29586523267956955,0.04044912816047654,0.9882995934260891,0.009548346802200262,0.9994524019440207,0.29586523267956955
0.25516666666666676,0.01662975387787829,0.0,0.2902368266842093,0.03970955456040748,0.9892771947595961,0.009306993189290878,0.9995400857911054,0.2902368266842093
0.2556666666666667,0.016642611020735432,0.0,0.28489963152831205,0.03898346697730351,0.9902530672248601,0.009078351089447621,0.9996199892059077,0.28489963152831205
0.25616666666666676,0.016655468163592577,0.0,0.27983934089307977,0.03827063804383258,0.9912272672382444,0.008861765456806297,0.9996921566395632,0.27983934089307977
0.2566666666666667,0.01666832530644972,0.0,0.2750422082352314,0.03757084039266325,0.9921998512161118,0.008656612618497912,0.9997566307157968,0.2750422082352314
0.25716666666666677,0.016681182449306865,0.0,0.2704950161399739,0.036883846656463486,0.9931708755748256,0.008462298980392712,0.999813452238342,0.2704950161399739
0.2576666666666667,0.016694039592164006,0.0,0.2661850467258367,0.03620942946790185,0.9941403967307485,0.008278259769843036,0.9998626601981079,0.2661850467258367
0.25816666666666677,0.01670689673502115,0.0,0.26210005310070295,0.03554736145964629,0.9951084711002438,0.008103957815784905,0.9999042917800914,0.26210005310070295
0.2586666666666667,0.01671975387787829,0.0,0.2582282318694197,0.034897415264365385,0.9960751550996743,0.00793888236639699,0.9999383823700335,0.2582282318694197
0.25916666666666677,0.016732611020735436,0.0,0.25455819669319774,0.03425936351472708,0.9970405051454031,0.007782547944368166,0.9999649655608225,0.25455819669319774
0.2596666666666667,0.016745468163592576,0.0,0.25107895290025106,0.03363297884339994,0.9980045776537931,0.007634493239694498,0.999984073158641,0.25107895290025106
0.26016666666666677,0.01675832530644972,0.0,0.24778179334465822,0.033018099693605994,0.9989674140343769,0.007494295746901976,0.9999957350648944,0.24778179334465822
0.2606666666666667,0.01677118244930686,0.0,0.24465659733312822,0.03241446834506432,0.9999290691377988,0.007361530578755325,0.9999999798752511,0.24465659733312822
0.26116666666666677,0.016784039592164006,0.0,0.24169317863610368,0.031821818347572195,1.0008896008677777,0.007235793108546438,0.9999968344411841,0.24169317863610368
0.2616666666666667,0.016796896735021147,0.0,0.23888389344831923,0.0312399698122549,1.0018490493462133,0.007116718681872485,0.999986324066061,0.23888389344831923
0.26216666666666677,0.01680975387787829,0.0,0.236221335406817,0.030668742850237216,1.002807454695006,0.007003960387691497,0.999968472792542,0.236221335406817
0.2626666666666667,0.016822611020735435,0.0,0.23369832149789976,0.03010795757264442,1.003764857036055,0.006897188292921563,0.9999433034059922,0.23369832149789976
0.26316666666666677,0.01683546816359258,0.0,0.23130787849549558,0.029557434090601284,1.0047212964912604,0.006796088702927858,0.9999108374377664,0.23130787849549558
0.2636666666666667,0.01684832530644972,0.0,0.22904322993205364,0.02901699251523308,1.0056768131825218,0.006700363447563568,0.999871095168363,0.22904322993205364
0.26416666666666677,0.016861182449306865,0.0,0.22689778360067778,0.028486452957664596,1.0066314472317393,0.0066097291923859925,0.9998240956304506,0.22689778360067778
0.2646666666666667,0.016874039592164006,0.0,0.22486511958930386,0.027965635529021093,1.0075852387608124,0.006523916774633032,0.9997698566117659,0.22486511958930386
0.2651666666666668,0.01688689673502115,0.0,0.22293897884689848,0.027454360340427367,1.0085382278916413,0.006442670563510243,0.9997083946578816,0.22293897884689848
0.2656666666666667,0.01689975387787829,0.0,0.22111325228115455,0.02695244750300867,1.0094904547461252,0.006365747844311778,0.999639725074847,0.22111325228115455
0.2661666666666668,0.016912611020735435,0.0,0.2193819703882108,0.026459717127889807,1.0104419594461647,0.006292918225873002,0.9995638619316987,0.2193819703882108
0.2666666666666667,0.016925468163592576,0.0,0.2177392934143292,0.02597598932619602,1.011392782113659,0.006223963070833023,0.9994808180628427,0.2177392934143292
0.2671666666666668,0.01693832530644972,0.0,0.21618181701248793,0.025501125047810227,1.0123429435012554,0.006158680781405518,0.9993906069828993,0.21618181701248793
0.2676666666666667,0.01695118244930686,0.0,0.21470580192131805,0.02503493573341128,1.0132924678445567,0.0060968726975317595,0.9992932411944057,0.21470580192131805
0.2681666666666668,0.016964039592164006,0.0,0.21330609800847847,0.024577240943249763,1.014241391944451,0.006038351721758848,0.9991887310219381,0.21330609800847847
0.2686666666666667,0.01697689673502115,0.0,0.21197910074471046,0.024127898982626447,1.0151897403403747,0.005982945486336682,0.999077087153568,0.21197910074471046
0.2691666666666668,0.016989753877878294,0.0,0.21072127570867463,0.023686768156841693,1.0161375375717654,0.005930490183127945,0.9989583195244794,0.21072127570867463
0.2696666666666667,0.017002611020735435,0.0,0.20952915401935224,0.02325370677119626,1.017084808178059,0.00588083017824358,0.9988324373180757,0.20952915401935224
0.2701666666666668,0.01701546816359258,0.0,0.2083993279666938,0.022828573130990515,1.0180315766986934,0.00583381764129782,0.9986994489670366,0.2083993279666938
0.2706666666666667,0.01702832530644972,0.0,0.20732844684172594,0.022411225541525213,1.0189778676731045,0.005789312188916036,0.9985593621543285,0.20732844684172594
0.2711666666666668,0.017041182449306864,0.0,0.206313212965326,0.022001522308100735,1.0199237056407298,0.005747180542123797,0.9984121838141662,0.206313212965326
0.2716666666666667,0.017054039592164005,0.0,0.2053503779160809,0.02159932173601782,1.0208691151410059,0.005707296197244273,0.9982579201329258,0.2053503779160809
0.2721666666666668,0.01706689673502115,0.0,0.20443673895713999,0.02120448213057685,1.02181412071337,0.0056695391099289665,0.99809657655001,0.20443673895713999
0.2726666666666667,0.01707975387787829,0.0,0.2035691356618267,0.020816861797078576,1.0227587468972585,0.0056337953919473075,0.9979281577586661,0.2035691356618267
0.2731666666666668,0.017092611020735435,0.0,0.20274540142223313,0.02043635274887839,1.0237030099838607,0.005599960163794163,0.99775266927082,0.20274540142223313
0.2736666666666667,0.017105468163592576,0.0,0.20196415262061504,0.020062824780646776,1.024646919735515,0.005567931656657229,0.9975701173902043,0.20196415262061504
0.2741666666666668,0.01711832530644972,0.0,0.20122188675769756,0.01969608525435393,1.0255905044752203,0.005537607896836657,0.9973805043228149,0.20122188675769756
0.2746666666666667,0.017131182449306864,0.0,0.20051687157910522,0.019336024024934423,1.0265337774522962,0.00550889954889182,0.9971838346164481,0.20051687157910522
0.2751666666666668,0.01714403959216401,0.0,0.19984739545749158,0.01898253094732252,1.0274767519160646,0.005481721715448187,0.9969801124165721,0.19984739545749158
0.2756666666666667,0.01715689673502115,0.0,0.19921176605714086,0.018635495876452794,1.028419441115845,0.005455993736111265,0.9967693414666521,0.19921176605714086
0.2761666666666668,0.017169753877878294,0.0,0.19860830905601304,0.018294808667259504,1.029361858300959,0.00543163899421765,0.9965515251084577,0.19860830905601304
0.2766666666666667,0.017182611020735435,0.0,0.19803536692619303,0.017960359174677216,1.0303040167207265,0.005408584731198106,0.9963266662823598,0.19803536692619303
0.2771666666666668,0.01719546816359258,0.0,0.1974912977721328,0.017632037253640202,1.0312459296244687,0.005386761868329082,0.996094767527611,0.1974912977721328
0.27766666666666673,0.01720832530644972,0.0,0.1969744742269632,0.017309732759083023,1.032187610261506,0.00536610483565151,0.9958558309826135,0.1969744742269632
0.2781666666666668,0.017221182449306864,0.0,0.19648328240677296,0.01699333554593995,1.0331290718811594,0.00534655140783778,0.9956098583851719,0.19648328240677296
0.27866666666666673,0.017234039592164005,0.0,0.19601612092297116,0.016682735469145546,1.034070327732749,0.005328042546790855,0.9953568510727323,0.19601612092297116
0.2791666666666668,0.01724689673502115,0.0,0.19557139995243017,0.016377822383634083,1.0350113910655963,0.005310522250762049,0.9950968099826075,0.19557139995243017
0.27966666666666673,0.01725975387787829,0.0,0.19514754036592763,0.016078486144340112,1.035952275129021,0.005293937409777516,0.9948297356521887,0.19514754036592763
0.2801666666666668,0.017272611020735434,0.0,0.19474297291434023,0.015784616606197923,1.0368929931723445,0.005278237667166478,0.9945556282191413,0.19474297291434023
0.28066666666666673,0.01728546816359258,0.0,0.194357740912806,0.01549615344377849,1.0378335442957543,0.005263377979845105,0.9942744917040848,0.194357740912806
0.2811666666666668,0.017298325306449723,0.0,0.19399071888922936,0.015212952604025002,1.0387739379435437,0.005249311035433886,0.9939863269454009,0.19399071888922936
0.28166666666666673,0.017311182449306864,0.0,0.1936405360029381,0.014934902206570046,1.039714185787573,0.005235993798752887,0.9936911337889206,0.1936405360029381
0.2821666666666668,0.017324039592164008,0.0,0.193306424928793,0.014661918221284258,1.0406542942215946,0.005223386861999375,0.993388913445376,0.193306424928793
0.28266666666666673,0.01733689673502115,0.0,0.1929876228250216,0.014393916618038521,1.0415942696393607,0.0052114527865093985,0.9930796669326726,0.1929876228250216
0.2831666666666668,0.017349753877878293,0.0,0.19268337104547054,0.014130813366703472,1.0425341184346242,0.005200156012497729,0.9927633950759575,0.19268337104547054
0.28366666666666673,0.017362611020735434,0.0,0.19239291486540663,0.01387252443714999,1.043473847001137,0.005189462772412146,0.9924400985076869,0.19239291486540663
0.2841666666666668,0.01737546816359258,0.0,0.19211550322085214,0.013618965799248721,1.0444134617326521,0.005179341007788873,0.9921097776676889,0.19211550322085214
0.28466666666666673,0.01738832530644972,0.0,0.19185038846122712,0.013370053422870537,1.0453529690229215,0.005169760289497843,0.9917724328032237,0.19185038846122712
0.2851666666666668,0.017401182449306864,0.0,0.19159682611579654,0.013125703277886083,1.046292375265698,0.005160691741268497,0.9914280639690392,0.19159682611579654
0.28566666666666674,0.017414039592164005,0.0,0.191354074673367,0.01288583133416623,1.0472316868547338,0.005152107966388844,0.9910766710274255,0.191354074673367
0.2861666666666668,0.01742689673502115,0.0,0.19112139537563216,0.012650353561581631,1.0481709101837813,0.005143982977472523,0.9907182536482643,0.19112139537563216
0.28666666666666674,0.017439753877878293,0.0,0.1908980520239529,0.01241918593000315,1.049110051646593,0.0051362921291908566,0.9903528113090759,0.1908980520239529
0.2871666666666668,0.017452611020735437,0.0,0.19068331079967202,0.012192244409301445,1.0500491176369213,0.005129012053868861,0.9899803432950625,0.19068331079967202
0.28766666666666674,0.01746546816359258,0.0,0.19047646274827412,0.011969446919521705,1.0509881143466213,0.005122120663408735,0.9896008487815035,0.19047646274827412
0.2881666666666668,0.017478325306449723,0.0,0.19027826129063163,0.011750798746395893,1.051927034943564,0.005115599761351195,0.9892143321678795,0.19027826129063163
0.28866666666666674,0.017491182449306864,0.0,0.1900872421456077,0.0115361064836086,1.052865892374246,0.005109425829761616,0.9888207896938985,0.1900872421456077
0.2891666666666668,0.017504039592164008,0.0,0.18990309030967867,0.011325308258688164,1.053804689355503,0.005103580738946595,0.9884202216134312,0.18990309030967867
0.28966666666666674,0.01751689673502115,0.0,0.1897254917427581,0.01111834219916311,1.05474342860417,0.005098047257112426,0.9880126280986407,0.1897254917427581
0.2901666666666668,0.017529753877878293,0.0,0.18955413331503015,0.01091514643256178,1.0556821128370824,0.005092809009641091,0.9875980092399937,0.18955413331503015
0.29066666666666674,0.017542611020735434,0.0,0.18938870275646147,0.0107156590864127,1.056620744771075,0.005087850439979784,0.9871763650462752,0.18938870275646147
0.2911666666666668,0.017555468163592578,0.0,0.18922888860852566,0.010519818288244213,1.0575593271229835,0.005083156772093279,0.9867476954445975,0.18922888860852566
0.29166666666666674,0.01756832530644972,0.0,0.18907438017860692,0.010327562165584838,1.0584978626096426,0.005078713974429468,0.9863120002804135,0.18907438017860692
0.2921666666666668,0.017581182449306863,0.0,0.18892486749654502,0.010138828845962924,1.0594363539478882,0.005074508725349293,0.9858692793175254,0.18892486749654502
0.29266666666666674,0.017594039592164008,0.0,0.18878004127400091,0.009953556456906987,1.0603748038545548,0.0050705283799733466,0.9854195322380961,0.18878004127400091
0.2931666666666668,0.017606896735021152,0.0,0.18863959286585086,0.009771683125945379,1.0613132150464781,0.005066760938398378,0.9849627586426573,0.18863959286585086
0.29366666666666674,0.017619753877878293,0.0,0.1885032142342878,0.009593146980606614,1.0622515902404932,0.005063195015237961,0.9844989580501189,0.1885032142342878
0.2941666666666668,0.017632611020735437,0.0,0.18837059791541758,0.009417886148419043,1.0631899321534353,0.005059819810442539,0.984028129897777,0.18837059791541758
0.29466666666666674,0.017645468163592578,0.0,0.18824143698795512,0.009245838756911182,1.0641282435021393,0.005056625081355147,0.9835502735413213,0.18824143698795512
0.2951666666666668,0.017658325306449722,0.0,0.18811542504466974,0.009076942933611384,1.0650665270034412,0.005053601115960011,0.9830653882548418,0.18811542504466974
0.29566666666666674,0.017671182449306863,0.0,0.18799225616622667,0.008911136806048159,1.0660047853741754,0.0050507387072823385,0.9825734732308361,0.18799225616622667
0.2961666666666668,0.017684039592164007,0.0,0.18787162489735412,0.008748358501749865,1.0669430213311775,0.005048029128898528,0.9820745275802141,0.18787162489735412
0.29666666666666675,0.01769689673502115,0.0,0.18775326703690254,0.008588550387653824,1.0678812372248738,0.0050454641832626355,0.9815685505312817,0.18775326703690254
0.2971666666666668,0.017709753877878293,0.0,0.18763780332202382,0.008431714326785007,1.0688194274615443,0.00504303706764868,0.9810555456154609,0.18763780332202382
0.29766666666666675,0.017722611020735433,0.0,0.18752451821656935,0.008277715344546417,1.0697575984455538,0.005040739091487425,0.9805355098364354,0.18752451821656935
0.2981666666666668,0.01773546816359258,0.0,0.18741329370603216,0.008126509130716952,1.0706957512199582,0.005038563506224592,0.9800084430377831,0.18741329370603216
0.29866666666666675,0.017748325306449722,0.0,0.187304011947771,0.007978051375075642,1.0716338868278124,0.005036503897722891,0.9794743450317607,0.187304011947771
0.2991666666666668,0.017761182449306866,0.0,0.1871965552649989,0.007832297767401387,1.0725720063121724,0.005034554171069201,0.978933215599304,0.1871965552649989
0.29966666666666675,0.017774039592164007,0.0,0.1870908061410195,0.007689203997473217,1.0735101107160931,0.005032708535986621,0.9783850544900309,0.1870908061410195
0.3001666666666668,0.01778689673502115,0.0,0.18698664721383604,0.007548725755070032,1.0744482010826304,0.005030961492832079,0.9778298614222409,0.18698664721383604
0.30066666666666675,0.017799753877878292,0.0,0.18688396127107837,0.0074108187299708585,1.0753862784548394,0.005029307819160577,0.9772676360829177,0.18688396127107837
0.3011666666666668,0.017812611020735437,0.0,0.1867826312454295,0.0072754386119546,1.076324343875776,0.0050277425568375795,0.9766983781277292,0.1867826312454295
0.30166666666666675,0.017825468163592578,0.0,0.1866825402103554,0.007142541090800283,1.0772623983884948,0.005026260999681433,0.9761220871810301,0.1866825402103554
0.3021666666666668,0.017838325306449722,0.0,0.18658357137603998,0.00701208185628681,1.0782004430360521,0.005024858681618111,0.9755387628358607,0.18658357137603998
0.30266666666666675,0.017851182449306863,0.0,0.18648560808588993,0.006884016598193206,1.0791384788615028,0.005023531365330979,0.9749484046539498,0.18648560808588993
0.3031666666666668,0.017864039592164007,0.0,0.186388533813315,0.006758301006298377,1.0800765069079028,0.005022275031388691,0.9743510121657144,0.186388533813315
0.30366666666666675,0.01787689673502115,0.0,0.18629223215889532,0.006634890770381344,1.081014528218307,0.005021085867834679,0.9737465848702606,0.18629223215889532
0.3041666666666668,0.017889753877878292,0.0,0.18619658684769827,0.006513741580221017,1.081952543835771,0.005019960260222162,0.973135122235384,0.18619658684769827
0.30466666666666675,0.017902611020735437,0.0,0.18610148172744562,0.006394809125596414,1.0828905548033507,0.005018894782078938,0.9725166236975709,0.18610148172744562
0.3051666666666668,0.01791546816359258,0.0,0.18600680076646461,0.006278049096286447,1.083828562164101,0.005017886185786637,0.9718910886619978,0.18600680076646461
0.30566666666666675,0.01792832530644972,0.0,0.1859124280523638,0.006163417182070132,1.0847665669610775,0.005016931393859505,0.9712585165025326,0.1859124280523638
0.3061666666666668,0.017941182449306866,0.0,0.18581859222434466,0.006050915463768329,1.0857045671289283,0.005016027883650691,0.9706189086929721,0.18581859222434466
0.30666666666666675,0.017954039592164007,0.0,0.1857250918053553,0.005940455077735463,1.0866425644828723,0.005015172487009597,0.9699722640793252,0.1857250918053553
0.3071666666666668,0.01796689673502115,0.0,0.18563184596763824,0.005831997037431904,1.0875805597505976,0.005014362630151135,0.9693185822150879,0.18563184596763824
0.30766666666666675,0.017979753877878292,0.0,0.18553881127485766,0.0057255096614109635,1.0885185533228268,0.0050135959277791365,0.9686578628705355,0.18553881127485766
0.3081666666666668,0.017992611020735436,0.0,0.18544594433440614,0.005620961268225859,1.089456545590283,0.005012870113243396,0.9679901058042145,0.18544594433440614
0.30866666666666676,0.018005468163592577,0.0,0.18535320179725268,0.0055183201764299,1.0903945369436883,0.005012183033119675,0.9673153107629447,0.18535320179725268
0.3091666666666668,0.01801832530644972,0.0,0.18526054035767384,0.0054175547045763085,1.0913325277737662,0.0050115326420073535,0.9666334774818169,0.18526054035767384
0.30966666666666676,0.018031182449306862,0.0,0.18516791675331465,0.00531863317121839,1.0922705184712387,0.0050109169975376825,0.9659446056841952,0.18516791675331465
0.3101666666666668,0.01804403959216401,0.0,0.18507528776496454,0.005221523894909366,1.0932085094268293,0.005010334255585738,0.9652486950817146,0.18507528776496454
0.31066666666666676,0.01805689673502115,0.0,0.1849826102166913,0.005126195194202545,1.0941465010312603,0.005009782665679318,0.9645457453742836,0.1849826102166913
0.3111666666666668,0.018069753877878295,0.0,0.18488984097592756,0.005032615387651148,1.0950844936752546,0.005009260566598181,0.9638357562500819,0.18488984097592756
0.31166666666666676,0.018082611020735436,0.0,0.18479693695346794,0.00494075279380848,1.0960224877495348,0.005008766382157203,0.9631187273855617,0.18479693695346794
0.3121666666666668,0.01809546816359258,0.0,0.18470385510371232,0.004850575731227766,1.096960483644824,0.00500829861716713,0.9623946584454474,0.18470385510371232
0.31266666666666676,0.01810832530644972,0.0,0.18461055242481975,0.00476205251846231,1.0978984817518445,0.005007855853566804,0.9616635490827351,0.18461055242481975
0.3131666666666668,0.018121182449306866,0.0,0.18451698595902477,0.004675151474065336,1.0988364824613195,0.005007436746720855,0.9609253989386931,0.18451698595902477
0.31366666666666676,0.018134039592164006,0.0,0.18442311279291998,0.004589840916590148,1.0997744861639713,0.005007040021877024,0.9601802076428619,0.18442311279291998
0.3141666666666668,0.01814689673502115,0.0,0.18432889005778952,0.0045060891645899714,1.1007124932505232,0.005006664470777409,0.9594279748130532,0.18432889005778952
0.31466666666666676,0.01815975387787829,0.0,0.1842342749300902,0.004423864536618109,1.1016505041116973,0.0050063089484180855,0.9586687000553512,0.1842342749300902
0.3151666666666668,0.018172611020735436,0.0,0.18413356059834843,0.00434318693365388,1.1025885704873555,0.005005972598310519,0.9579023408214435,0.18413356059834843
0.31566666666666676,0.01818546816359258,0.0,0.18403735413150782,0.004263981940685829,1.1035265962339593,0.005005654184504434,0.957128975488843,0.18403552384235475
0.3161666666666668,0.01819832530644972,0.0,0.1839493823545715,0.004186202924341079,1.10446454751556,0.005005352668760235,0.9563486332494773,0.18393689298110016
0.31666666666666676,0.018211182449306865,0.0,0.18386969270029865,0.004109828373176225,1.1054024238484057,0.005005067173520083,0.9555613161875242,0.18383703141298063
0.3171666666666668,0.01822403959216401,0.0,0.18379833310938043,0.004034836775747794,1.1063402247487462,0.005004796864313952,0.9547670264015446,0.18373598937716848
0.31766666666666676,0.01823689673502115,0.0,0.1837353520428336,0.00396120662061238,1.1072779497328296,0.005004540947825513,0.953965766004482,0.18363381765260395
0.3181666666666668,0.018249753877878295,0.0,0.18368079849385777,0.0038889163963265103,1.1082155983169055,0.005004298670033848,0.9531575371236566,0.1835305675698483
0.31866666666666676,0.018262611020735436,0.0,0.18363472200011896,0.003817944591446778,1.1091531700172226,0.005004069314428591,0.9523423419007652,0.18342629102336352
0.3191666666666668,0.01827546816359258,0.0,0.18359717265597067,0.0037482696945297118,1.1100906643500301,0.0050038522002961786,0.951520182491876,0.18332104048372921
0.31966666666666677,0.01828832530644972,0.0,0.18356820112476635,0.003679870194131903,1.1110280808315767,0.005003646681074936,0.9506910610674275,0.1832148690099513
0.3201666666666668,0.018301182449306865,0.0,0.18354785865130493,0.0036127245788098823,1.1119654189781116,0.005003452142776738,0.9498549798122237,0.18310783026190322
0.32066666666666677,0.018314039592164006,0.0,0.18353619707428404,0.00354681133712024,1.1129026783058833,0.005003268002473091,0.949011940925433,0.18299997851277527
0.3211666666666668,0.01832689673502115,0.0,0.18353326883881638,0.0034821089576195074,1.1138398583311413,0.005003093706843486,0.9481619466205827,0.1828913686615867
0.32166666666666677,0.01833975387787829,0.0,0.18353912700913527,0.0034185959288642737,1.1147769585701341,0.00500292873078393,0.9473049991255589,0.18278205624588725
0.3221666666666668,0.01835261102073544,0.0,0.18355382528130756,0.0033562507394110713,1.1157139785391113,0.0050027725760736375,0.9464411006826003,0.18267209745446583
0.32266666666666677,0.01836546816359258,0.0,0.18357741799589838,0.003295051877816489,1.1166509177543211,0.00500262477009787,0.9455702535482984,0.18256154914001113
0.3231666666666668,0.018378325306449724,0.0,0.1836099601510479,0.003234977832637059,1.1175877757320132,0.0050024848646249885,0.9446924599935911,0.18245046883218408
0.32366666666666677,0.018391182449306865,0.0,0.18365150741524897,0.0031760070924293695,1.118524551988436,0.005002352434635836,0.9438077223037622,0.18233891475039138
0.3241666666666668,0.01840403959216401,0.0,0.1837021161404808,0.003118118145749955,1.1194612460398385,0.0050022270772035774,0.9429160427784367,0.18222694581691484
0.32466666666666677,0.01841689673502115,0.0,0.1837618433751553,0.003061289481155401,1.1203978574024698,0.005002108410422215,0.9420174237315783,0.18211462166985348
0.3251666666666668,0.018429753877878294,0.0,0.18383074687746118,0.0030054995872022434,1.121334385592579,0.00500199607238202,0.9411118674914853,0.1820020026764631
0.32566666666666677,0.018442611020735435,0.0,0.18390888512849254,0.0029507269524470673,1.122270830126415,0.005001889720190159,0.9401993764007894,0.18188914994628091
0.3261666666666668,0.01845546816359258,0.0,0.18399631734577562,0.0028969500654464093,1.1232071905202266,0.005001789029034866,0.9392799528164504,0.18177612534464768
0.32666666666666677,0.01846832530644972,0.0,0.18409265113131879,0.0028441499896922438,1.1241434703918098,0.005001693696229414,0.9383535950363113,0.18166253820038947
0.3271666666666668,0.018481182449306865,0.0,0.1841970559904541,0.002792315068020794,1.1250796773322314,0.005001603448118739,0.9374202972738596,0.18154755864771654
0.3276666666666668,0.01849403959216401,1.0,0.18435309607321052,0.005558213465733322,1.1260154166673826,0.00501457655407098,0.9364804590485838,0.1814748515304863
0.32816666666666683,0.01850689673502115,1.0,0.18686042690963134,0.014532863050632719,1.1269299291657275,0.005317072296824534,0.9355551723279336,0.18374947399697933
0.3286666666666668,0.018519753877878294,1.0,0.19991964091482414,0.023426518173917714,1.1277515408154055,0.006465021168084363,0.9347181752771592,0.19659190573038826
0.32916666666666683,0.01853261102073544,1.0,0.23584566412423652,0.032239909714607995,1.1283890231151463,0.009071618151664778,0.9340650349741537,0.232344699280826
0.3296666666666668,0.01854546816359258,1.0,0.30769689640815867,0.040973762029628324,1.1287888175695862,0.013743301349723853,0.9336537618761114,0.3040850487356965
0.33016666666666683,0.018558325306449724,1.0,0.4214673739109674,0.04962879299319174,1.128990707695911,0.021039717572696164,0.9334455893124323,0.41779887520209663
0.3306666666666668,0.018571182449306865,1.0,0.5725882559955103,0.058205713931533176,1.1290915325041497,0.03144342371766306,0.9333415049429202,0.568891300463953
0.33116666666666683,0.01858403959216401,1.0,0.7568656344799056,0.06670522973495976,1.1291472755532386,0.0453271957052715,0.9332839248687035,0.7531528988184378
0.3316666666666668,0.01859689673502115,1.0,0.9732404449884176,0.07512803911415702,1.129177618302892,0.06292305682233393,0.9332525717183693,0.9695191055651455
0.33216666666666683,0.018609753877878294,1.0,1.2227086805815168,0.08347483410554431,1.129187087209535,0.08430054265799894,0.9332427859932639,1.2189846541877731
0.3326666666666668,0.018622611020735435,1.0,1.511391971470202,0.09174630097968203,1.129162375202902,0.10935262251269917,0.933268323327779,1.5076749555103384
0.33316666666666683,0.01863546816359258,1.0,1.8482907658330152,0.09994311932041339,1.1290870393526047,0.1378011108130339,0.9333461450847164,1.8445950807904499
0.3333333333333333,0.018639753877878293,1.0,1.9722191692120108,0.1026589201815461,1.1290505571489038,0.14796980997619544,0.9333838147982301,1.968533791837937
