Time [s],Lmtc [m],STIM [ ],Fsee [N],Gamma [ ],Lcerel [ ],q [ ],fisomrel [ ],fce [N]
0.0,0.01963975387787829,1.0,3.126170252442829,0.10637818176642334,1.199110186404093,0.20763099691186523,0.8414205346805095,3.076161333918728
0.0005,0.01963506637787829,1.0,2.977284917983368,0.11444295017267345,1.1991000960247387,0.24797452584887228,0.8414366070517594,2.927286493517834
0.001,0.01963037887787829,1.0,2.9800252763736745,0.12243493552573499,1.198752248546663,0.2894862436863659,0.8419901747905819,2.9303879421960977
0.0015,0.019625691377878292,1.0,3.095314417282701,0.1303547948185015,1.1981532335562552,0.3313410071772428,0.8429411841248007,3.0462958358900476
0.002,0.01962100387787829,1.0,3.286482766878569,0.13820317880389313,1.197395187324923,0.3728414496303242,0.8441405600838344,3.238241646706747
0.0025,0.01961631637787829,1.0,3.5281682862300907,0.1459807325651566,1.1965440811940449,0.413408187022721,0.8454816965903548,3.4807926644936313
0.003,0.01961162887787829,1.0,3.8030705571073526,0.15368809546330675,1.1956437370349549,0.45258235150199216,0.8468941126359897,3.756601977058687
0.0035,0.01960694137787829,1.0,4.099316388098113,0.1613259008188883,1.1947221818813571,0.4900221912741351,0.8483330875334547,4.053767139145462
0.004,0.01960225387787829,1.0,4.408148320323543,0.16889477641156098,1.19379789072902,0.5254946975266381,0.8497695101959312,4.363511905841883
0.0045000000000000005,0.01959756637787829,1.0,4.723034546235157,0.17639534437171658,1.192882834458293,0.5588610656096976,0.8511848486853391,4.679292744128002
0.005,0.019592878877878292,1.0,5.0390730981073935,0.18382822107667796,1.1919845970667822,0.5900603120443868,0.8525676579564212,4.996200657418549
0.0055,0.01958819137787829,1.0,5.352476474063742,0.19119401729119165,1.1911079865442236,0.6190930769362839,0.8539109499160514,5.310444049647653
0.006,0.01958350387787829,1.0,5.6602761075703105,0.19849333916953482,1.1902559817423504,0.6460064592980207,0.8552106456450178,5.619052156523203
0.006500000000000001,0.01957881637787829,1.0,5.960428398436283,0.20572678507205794,1.1894298557946266,0.6708802966513611,0.856465318934508,5.919980867223304
0.007,0.01957412887787829,1.0,6.251175774064316,0.21289495115363039,1.1886304099376217,0.6938170433954415,0.8576742737870592,6.211472560302841
0.0075,0.01956944137787829,1.0,6.531375349005397,0.21999842662266314,1.187857541197293,0.7149322804308132,0.8588381768612295,6.492385136930449
0.008,0.01956475387787829,1.0,6.800304660840474,0.22703779325568724,1.1871106328663144,0.7343481895000683,0.8599584442734693,6.761997362527835
0.0085,0.01956006637787829,1.0,7.057409739423151,0.23401362912145787,1.1863889692482503,0.752188791452818,0.8610366085702992,7.019756541980397
0.009000000000000001,0.01955537887787829,1.0,7.302409427380714,0.2409265138738209,1.1856915863177455,0.7685761328513034,0.8620745390831971,7.265382971767389
0.0095,0.01955069137787829,1.0,7.5352822463905005,0.24777701063206703,1.1850173013034269,0.783627755967511,0.8630743928735878,7.498856772857091
0.01,0.01954600387787829,1.0,7.756128428503605,0.254565680379364,1.184364910494437,0.7974552681346739,0.864038319113513,7.7202797426120835
0.0105,0.01954131637787829,1.0,7.9651046753786385,0.26129307647205857,1.1837332684292916,0.8101634144812271,0.8649683442891595,7.929810046995199
0.011,0.01953662887787829,1.0,8.16257483779795,0.26795976090747387,1.1831210676498916,0.8218494834626615,0.8658666983310553,8.12781309576864
0.0115,0.019531941377878292,1.0,8.348993851057084,0.2745662938863645,1.1825269937731184,0.832603282697681,0.866735586176592,8.31474534170896
0.012,0.01952725387787829,1.0,8.524704632144735,0.281113206471056,1.1819499856512847,0.842507373510627,0.8675768108859891,8.490950957929208
0.0125,0.01952256637787829,1.0,8.690113200130169,0.2876010297238737,1.1813889821367018,0.8516372361480796,0.868392148637645,8.656837183281011
0.013000000000000001,0.01951787887787829,1.0,8.845682879198309,0.29403029470714326,1.180842922081682,0.8600616565584956,0.8691833501318347,8.812868527287343
0.0135,0.01951319137787829,1.0,8.991928873710034,0.30040153248319007,1.1803107443385374,0.8678431698376835,0.8699521419043303,8.95956134697872
0.014,0.01950850387787829,1.0,9.129366256895002,0.3067152676161952,1.1797914482197638,0.8750385501740253,0.87070014058816,9.09743178699037
0.0145,0.01950381637787829,1.0,9.258485308182447,0.3129720182600534,1.1792841169279094,0.8816992887050975,0.871428821669519,9.226971100740018
0.015,0.019499128877878292,1.0,9.37992384239013,0.31917232302468673,1.178787690736746,0.8878719746663624,0.8721398465640866,9.34881816926072
0.0155,0.01949444137787829,1.0,9.494035310754208,0.32531667770227696,1.1783015121982565,0.8935989105862521,0.8728342829912599,9.463327155265425
0.016,0.01948975387787829,1.0,9.601196587765083,0.33140557808500554,1.1778249238644234,0.8989183767141957,0.8735131858104481,9.57087562733568
0.0165,0.01948506637787829,1.0,9.701805816689628,0.33743951996505417,1.1773572682872293,0.9038650156695445,0.874177597542767,9.671862406149163
0.017,0.01948037887787829,1.0,9.796280397897382,0.34341899913460433,1.1768978880186567,0.9084701862486363,0.8748285488581552,9.766705553464396
0.0175,0.01947569137787829,1.0,9.88505511999094,0.34934451138583766,1.1764461256106886,0.9127622866527912,0.8754670590279083,9.855840503862945
0.018000000000000002,0.01947100387787829,1.0,9.968534467671885,0.3552165438304805,1.1760013802520615,0.9167670612285614,0.8760940565974771,9.939672328429925
0.0185,0.01946631637787829,1.0,10.04708754932072,0.36103558425935567,1.175563110940025,0.9205078712331203,0.8767103763082418,10.018570661703816
0.019,0.01946162887787829,1.0,10.121096490066149,0.3668021250130966,1.1751307745777761,0.9240059142520693,0.8773168471831526,10.092918144908975
0.0195,0.01945694137787829,1.0,10.190805275615073,0.3725166280733602,1.174704008861956,0.9272804740654211,0.8779140371502463,10.16295912816159
0.02,0.01945225387787829,1.0,10.256465179400903,0.37817955542180315,1.1742824514892065,0.9303490749048328,0.8785025084116496,10.228945241563409
0.0205,0.01944756637787829,1.0,10.318334117468874,0.3837913690400822,1.1738657401561692,0.9332276567115528,0.8790828175997898,10.291134750298227
0.021,0.01944287887787829,1.0,10.376676046731372,0.3893525309098541,1.1734535125594852,0.9359307322927584,0.8796555159231061,10.349791953084209
0.021500000000000002,0.01943819137787829,1.0,10.431760406586216,0.39486350301277573,1.1730454063957965,0.9384715281644124,0.8802211493012546,10.405186623974952
0.022,0.01943350387787829,1.0,10.483796263636247,0.40032472692398346,1.172641137866892,0.9408621208237434,0.8807801500640993,10.457528098071384
0.0225,0.01942881637787829,1.0,10.533051992004118,0.40573667637142263,1.1722403567375554,0.9431135366910542,0.8813330380436786,10.507085062320101
0.023,0.01942412887787829,1.0,10.579725581076397,0.4110998012993171,1.1718428017695601,0.9452358657212334,0.8818802059199506,10.554055746120268
0.0235,0.01941944137787829,1.0,10.62395622236454,0.4164145301503206,1.1714482855048105,0.9472383486687624,0.882421941589844,10.598579521483497
0.024,0.01941475387787829,1.0,10.665885370525876,0.4216812913670867,1.171056620485211,0.9491294501065599,0.8829585303527139,10.64079802005557
0.0245,0.01941006637787829,1.0,10.705656560973647,0.42690051339226903,1.170667619252666,0.9509169316682515,0.8834902549545082,10.68085495078619
0.025,0.019405378877878292,1.0,10.74341523909666,0.4320726246685212,1.1702810943490796,0.9526079177865753,0.8840173956291194,10.718895929204523
0.025500000000000002,0.01940069137787829,1.0,10.779308601088914,0.43719805363849684,1.1698968583163563,0.9542089547347122,0.8845402301369278,10.75506831830096
0.026000000000000002,0.01939600387787829,1.0,10.81348544638902,0.4422772287448496,1.1695147236964,0.9557260636903092,0.8850590338005325,10.78952108101481
0.0265,0.01939131637787829,1.0,10.846023028531505,0.44731053600607085,1.1691345892778253,0.9571647915360098,0.8855739628392854,10.822331569389197
0.027,0.01938662887787829,1.0,10.877102370538342,0.4522984476260185,1.1687562325372405,0.9585302539862759,0.8860853359193472,10.853680989502603
0.0275,0.01938194137787829,1.0,10.906805591082993,0.45724136551377537,1.1683795491282547,0.9598271707803918,0.8865933097414627,10.883651555697423
0.028,0.01937725387787829,1.0,10.935202194971497,0.46213968245063347,1.1680044504522022,0.9610599006482411,0.8870980185130141,10.912312855572722
0.0285,0.019372566377878292,1.0,10.962362336854232,0.46699379121788465,1.167630847910418,0.9622324726806046,0.8875995953153372,10.939735125049578
0.029,0.01936787887787829,1.0,10.988356776137469,0.4718040845968209,1.1672586529042364,0.9633486147887441,0.8880981721146407,10.9659892032974
0.029500000000000002,0.01936319137787829,1.0,11.013256834485771,0.47657095536873406,1.166887776834992,0.9644117794406444,0.8885938797722958,10.991146490250252
0.03,0.01935850387787829,1.0,11.037134355916715,0.48129479631491606,1.1665181311040191,0.965425166955872,0.8890868480544988,11.015278906714608
0.0305,0.01935381637787829,1.0,11.06006166949245,0.485976000216659,1.1661496271126528,0.9663917466101446,0.8895772056413057,11.038458857073158
0.031,0.01934912887787829,1.0,11.082111554601227,0.4906149598552546,1.1657821762622271,0.967314275773312,0.8900650801350394,11.06075919457768
0.0315,0.01934444137787829,1.0,11.103318299055738,0.49521201532425,1.1654157353805645,0.9681953129343559,0.8905505379540282,11.08221424876578
0.032,0.01933975387787829,1.0,11.123764715178963,0.4997676055623341,1.1650502049821438,0.9690372502218185,0.8910337193414092,11.102906910792058
0.0325,0.01933506637787829,1.0,11.143502313317894,0.5042821173706142,1.1646855225286876,0.9698423092974131,0.8915147146778125,11.122888743561585
0.033,0.01933037887787829,1.0,11.162562242821636,0.5087559054703737,1.1643216494985287,0.9706125575685715,0.8919935820243308,11.142190932027885
0.0335,0.01932569137787829,1.0,11.180975833111736,0.5131893245828962,1.1639585473699996,0.9713499233138835,0.8924703789772784,11.160844840588586
0.034,0.01932100387787829,1.0,11.1987745836272,0.5175827294294654,1.163596177621433,0.97205620648456,0.8929451626706262,11.17888200303372
0.0345,0.01931631637787829,1.0,11.21599015425697,0.5219364747313646,1.1632345017311616,0.9727330885656675,0.8934179897783175,11.196334112981342
0.035,0.01931162887787829,1.0,11.23265435626436,0.5262509152098777,1.1628734811775183,0.9733821415869666,0.8938889165164663,11.21323301480493
0.035500000000000004,0.01930694137787829,1.0,11.24879914370333,0.5305264055862878,1.1625130774388353,0.974004836363949,0.8943579986454365,11.229610695052465
0.036000000000000004,0.01930225387787829,1.0,11.264456605321042,0.5347633005818789,1.1621532519934457,0.9746025500414035,0.8948252914718005,11.245499274351651
0.0365,0.01929756637787829,1.0,11.279658956953558,0.5389619549179342,1.1617939663196821,0.9751765730045079,0.8952908498501823,11.26093099980809
0.037,0.01929287887787829,1.0,11.294438534411977,0.5431227233157375,1.161435181895877,0.975728115215875,0.8957547281849804,11.275938237893756
0.0375,0.01928819137787829,1.0,11.308805591149369,0.5472458901916433,1.1610768858769671,0.9762583051139201,0.896216947344714,11.29053125597275
0.038,0.01928350387787829,1.0,11.322797825830307,0.5513318725394727,1.1607190337485502,0.9767682170363298,0.8966775687637295,11.30474778620222
0.0385,0.019278816377878292,1.0,11.336437986996097,0.5553810216788138,1.1603615984039841,0.9772588533329525,0.8971366310292773,11.318610599110166
0.039,0.01927412887787829,1.0,11.34973942062147,0.5593936533989806,1.1600045636801266,0.9777311530962399,0.8975941584061292,11.332133055479511
0.0395,0.01926944137787829,1.0,11.362715521844258,0.5633700834892876,1.159647913413835,0.9781860000954488,0.8980501749704344,11.345328565001282
0.04,0.01926475387787829,1.0,11.375379732867488,0.5673106277390488,1.1592916314419672,0.9786242265687684,0.8985047046102259,11.35821058417738
0.0405,0.01926006637787829,1.0,11.38774554094974,0.5712156019375786,1.1589357016013806,0.9790466167216942,0.8989577710259076,11.370792614311602
0.041,0.01925537887787829,1.0,11.399826476483168,0.575085321874191,1.1585801077289326,0.9794539099568565,0.8994093977307205,11.383088199588286
0.0415,0.01925069137787829,1.0,11.41163611115427,0.5789201033382004,1.158224833661481,0.9798468038581515,0.8998596080511866,11.395110925233693
0.042,0.01924600387787829,1.0,11.423188056194084,0.582720262118921,1.1578698632358835,0.980225956949901,0.9003084251275337,11.406874415766763
0.0425,0.01924131637787829,1.0,11.434495960713598,0.5864861140056669,1.1575151802889974,0.9805919912498614,0.9007558719140987,11.41839233333508
0.043000000000000003,0.01923662887787829,1.0,11.445573510125211,0.5902179747877524,1.1571607686576804,0.9809454946331801,0.9012019711797083,11.429678376136843
0.043500000000000004,0.01923194137787829,1.0,11.45643442465011,0.5939161602544917,1.15680661217879,0.9812870230228499,0.901646745508042,11.440746276928737
0.044,0.01922725387787829,1.0,11.467088713520232,0.597580957218697,1.1564526989908046,0.9816170999613617,0.9020902119139708,11.451606054738978
0.0445,0.01922256637787829,1.0,11.477542892412831,0.6012126593406276,1.1560990212728224,0.9819362221498913,0.9025323822306678,11.462264232534633
0.045,0.01921787887787829,1.0,11.487812143209393,0.6048116300053794,1.1557455612777416,0.9822448658094297,0.9029732805691248,11.47273600503393
0.0455,0.01921319137787829,1.0,11.497902473494124,0.6083781488526289,1.1553923118213258,0.9825434753355374,0.9034129177072954,11.48302738639317
0.046,0.01920850387787829,1.0,11.507819906339952,0.611912495522053,1.1550392657193382,0.982832472219397,0.9038513043408337,11.493144406146115
0.0465,0.01920381637787829,1.0,11.517570479815992,0.6154149496533281,1.1546864157875425,0.9831122564312904,0.9042884510832141,11.503093108711608
0.047,0.01919912887787829,1.0,11.527160246515168,0.6188857908861312,1.1543337548417014,0.9833832077091516,0.9047243684658464,11.51287955292136
0.0475,0.01919444137787829,1.0,11.536595273095793,0.6223252988601387,1.1539812756975787,0.9836456867594392,0.905159066938185,11.52250981156168
0.048,0.01918975387787829,1.0,11.545881639841987,0.6257337532150274,1.1536289711709373,0.9839000363769863,0.9055925568678372,11.53198997093402
0.0485,0.019185066377878292,1.0,11.55502544024067,0.629111433590474,1.153276834077541,0.9841465824899207,0.9060248485406639,11.54132613043213
0.049,0.01918037887787829,1.0,11.564032780575422,0.6324586196261551,1.152924857233153,0.9843856351352469,0.9064559521608792,11.55052440213604
0.0495,0.01917569137787829,1.0,11.572909779539135,0.6357755909617474,1.1525730334535362,0.9846174893702246,0.9068858778511445,11.559590910424825
0.05,0.01917100387787829,1.0,11.581662567858872,0.6390626272369276,1.1522213555544545,0.984842426124259,0.9073146356526574,11.568531791601616
0.0505,0.01916631637787829,1.0,11.590297287944185,0.6423200080913724,1.151869816351671,0.9850607129956377,0.9077422355252389,11.577353193542011
0.051000000000000004,0.01916162887787829,1.0,11.598815183561316,0.64554794423105,1.1515184142694999,0.9852726003956621,0.9081686805490249,11.586056362421996
0.051500000000000004,0.01915694137787829,1.0,11.607224409499711,0.648746784287177,1.1511671398452885,0.9854783364391426,0.90859398332398,11.594649459529572
0.052000000000000005,0.019152253877878292,1.0,11.615528512389885,0.6519167858511762,1.1508159888920235,0.9856781516582339,0.9090181499780842,11.603136035118023
0.0525,0.01914756637787829,1.0,11.623730468718101,0.6550581965512771,1.1504649578810033,0.9858722654284889,0.9094411857994715,11.61151906889394
0.053,0.01914287887787829,1.0,11.631833260790586,0.6581712640157092,1.1501140432835264,0.9860608872193445,0.9098630960362862,11.619801546329807
0.0535,0.01913819137787829,1.0,11.639839876594431,0.6612562358727021,1.1497632415708914,0.9862442171221911,0.9102838858967153,11.627986458524958
0.054,0.01913350387787829,1.0,11.647753309664811,0.6643133597504851,1.1494125492143963,0.9864224463463556,0.9107035605490225,11.636076802072834
0.0545,0.01912881637787829,1.0,11.655576558955001,0.6673428832772879,1.14906196268534,0.986595757685175,0.9111221251215772,11.644075578931046
0.055,0.01912412887787829,1.0,11.663312628711612,0.6703450540813398,1.1487114784550208,0.9867643259541862,0.9115395847028875,11.651985796296652
0.0555,0.019119441377878292,1.0,11.670964528352597,0.6733201197908704,1.148361092994737,0.9869283184032916,0.911955944341628,11.659810466484196
0.056,0.01911475387787829,1.0,11.678535272350056,0.6762683280341091,1.1480108027757872,0.9870878951046383,0.9123712090466681,11.667552606808558
0.0565,0.01911006637787829,1.0,11.686027880117356,0.6791899264392853,1.14766060426947,0.9872432093178082,0.9127853837871001,11.675215239472113
0.057,0.01910537887787829,1.0,11.693445375901058,0.6820851626346288,1.1473104939470835,0.9873944078338076,0.9131984734922651,11.682801391456687
0.0575,0.01910069137787829,1.0,11.700788964616137,0.6849542232599507,1.1469604703544012,0.9875416279055136,0.9136104806128527,11.690312269371269
0.058,0.01909600387787829,1.0,11.708061567639849,0.6877973793148853,1.1466105300883778,0.9876850058288135,0.9140214098688195,11.697750797185217
0.0585,0.01909131637787829,1.0,11.715266913126996,0.6906149275584423,1.1462606688340289,0.9878246736463587,0.9144312670088901,11.7051207060209
0.059000000000000004,0.01908662887787829,1.0,11.722406496569777,0.6934070839855577,1.1459108848192394,0.9879607536536645,0.9148400547650666,11.712423493090915
0.059500000000000004,0.01908194137787829,1.0,11.729481815960929,0.6961740645911677,1.145561176271895,0.988093363225618,0.9152477758493693,11.719660658081386
0.06,0.01907725387787829,1.0,11.736494371748828,0.6989160853702082,1.1452115414198807,0.9882226150518082,0.9156544329538491,11.726833703107076
0.0605,0.01907256637787829,1.0,11.743445666794036,0.7016333623176155,1.1448619784910816,0.9883486173590068,0.9160600287505977,11.733944132667949
0.061,0.01906787887787829,1.0,11.750337206326668,0.7043261114283255,1.1445124857133835,0.988471474121588,0.9164645658917565,11.740993453606555
0.0615,0.01906319137787829,1.0,11.757170497905259,0.7069945486972742,1.144163061314671,0.9885912852606185,0.9168680470095297,11.747983175066906
0.062,0.019058503877878292,1.0,11.763947051375087,0.7096388901193978,1.1438137035228295,0.988708146832308,0.9172704747161908,11.75491480845282
0.0625,0.01905381637787829,1.0,11.770668378829551,0.7122593516896324,1.1434644105657445,0.9888221512064514,0.9176718516040939,11.761789867389298
0.063,0.01904912887787829,1.0,11.777335994571922,0.714856149402914,1.143115180671301,0.9889333872354663,0.9180721802456836,11.768609867684303
0.0635,0.01904444137787829,1.0,11.783951415076562,0.7174294992541786,1.1427660120673844,0.9890419404145768,0.9184714631935018,11.775376327289976
0.064,0.01903975387787829,1.0,11.790516158954741,0.7199796172383626,1.1424169029818796,0.9891478930336689,0.9188697029801995,11.782090766268484
0.0645,0.01903506637787829,1.0,11.797031746916167,0.7225067193504017,1.1420678516426723,0.9892513243213029,0.9192669021185426,11.788754706753538
0.065,0.01903037887787829,1.0,11.803499701738218,0.7250110215852321,1.1417188562776475,0.9893523105813352,0.919663063101422,11.795369672919664
0.0655,0.01902569137787829,1.0,11.809921086309648,0.7274927102452269,1.141369915637592,0.9894509239831812,0.9200581878104804,11.801936728808581
0.066,0.01902100387787829,1.0,11.816296393077108,0.7299519625530263,1.1410210291205714,0.9895472337085501,0.9204522773830999,11.808456367734406
0.0665,0.01901631637787829,1.0,11.822627816525666,0.7323890678708896,1.1406721941999254,0.9896413114020718,0.9208453351159139,11.81493078582584
0.067,0.01901162887787829,1.0,11.828916133245295,0.7348042126499029,1.1403234099558037,0.9897332216190149,0.9212373624735017,11.821360760628705
0.0675,0.01900694137787829,1.0,11.835162120948587,0.7371975833411518,1.1399746754683562,0.9898230266376545,0.9216283609101135,11.827747070797468
0.068,0.01900225387787829,1.0,11.841366558454595,0.739569366395722,1.1396259898177323,0.9899107865557519,0.922018331869674,11.834090496079105
0.0685,0.01899756637787829,1.0,11.847530225675188,0.7419197482646995,1.1392773520840818,0.9899965593823619,0.9224072767857869,11.840391817299452
0.069,0.01899287887787829,1.0,11.853653903599243,0.7442489153991699,1.1389287613475545,0.9900804011252323,0.922795197081737,11.846651816347405
0.0695,0.01898819137787829,1.0,11.859738374278775,0.7465570542502192,1.1385802166883001,0.9901623658740291,0.9231820941704951,11.852871276161054
0.07,0.01898350387787829,1.0,11.865784420815013,0.748844351268933,1.1382317171864682,0.9902425058796097,0.9235679694547211,11.859050980713757
0.07050000000000001,0.01897881637787829,1.0,11.871792827343988,0.7511109929063972,1.1378832619222083,0.9903208716295623,0.9239528243267667,11.86519171499975
0.07100000000000001,0.01897412887787829,1.0,11.877764379022835,0.7533571656136975,1.1375348499756703,0.9903975119202011,0.9243366601686794,11.871294265020431
0.07150000000000001,0.01896944137787829,1.0,11.883699862017151,0.7555830558419198,1.137186480427004,0.9904724739252118,0.924719478352205,11.877359417771741
0.07200000000000001,0.018964753877878292,1.0,11.889600063487755,0.7577888500421498,1.1368381523563589,0.9905458032611192,0.9251012802387917,11.883387961230918
0.0725,0.01896006637787829,1.0,11.895465771577165,0.7599747346654733,1.1364898648438848,0.9906175440497418,0.9254820671795922,11.88938068434298
0.073,0.01895537887787829,1.0,11.901297775399017,0.7621408961629761,1.1361416169697311,0.9906877389777926,0.925861840515468,11.895338377010154
0.0735,0.01895069137787829,1.0,11.907096835677613,0.7642875175379309,1.1357934078471323,0.9907564292228891,0.9262406015410495,11.90126180071966
0.074,0.01894600387787829,1.0,11.91286290680788,0.7664147029545595,1.1354452374991844,0.9908236516871558,0.9266183505551582,11.907150910296126
0.0745,0.01894131637787829,1.0,11.918597372537292,0.7685227345510168,1.1350971043384686,0.9908894487488628,0.9269950895974438,11.913007090477056
0.075,0.01893662887787829,1.0,11.924300667955997,0.770611773275555,1.1347490078479876,0.990953856951198,0.9273708195359319,11.91883077695048
0.0755,0.018931941377878292,1.0,11.929973228727738,0.7726819800764257,1.1344009475107442,0.9910169116987746,0.9277455412328568,11.924622405970199
0.076,0.01892725387787829,1.0,11.935615491083269,0.7747335159018811,1.1340529228097411,0.9910786473008407,0.9281192555446623,11.93038241434919
0.0765,0.01892256637787829,1.0,11.94122789181537,0.7767665417001732,1.133704933227981,0.9911390970126223,0.9284919633220047,11.93611123945463
0.077,0.01891787887787829,1.0,11.946810868271548,0.7787812184195538,1.133356978248466,0.9911982930748909,0.9288636654097526,11.941809319200608
0.0775,0.01891319137787829,1.0,11.952364858348215,0.780777707008275,1.1330090573541995,0.9912562667518421,0.929234362646989,11.947477092042288
0.078,0.01890850387787829,1.0,11.957890300485701,0.7827561684145886,1.1326611700281837,0.9913130483673634,0.9296040558670133,11.953114996970935
0.0785,0.01890381637787829,1.0,11.96338763366171,0.7847167635867467,1.1323133157534213,0.9913686673397736,0.9299727458973417,11.958723473507373
0.079,0.018899128877878292,1.0,11.968857297385949,0.7866596534730012,1.131965494012915,0.9914231522151027,0.9303404335597093,11.964302961696605
0.0795,0.01889444137787829,1.0,11.974299731693751,0.788584999021604,1.1316177042896673,0.991476530698982,0.9307071196700707,11.969853902101459
0.08,0.01888975387787829,1.0,11.979715377142469,0.7904929611808071,1.131269946066681,0.9915288296872119,0.9310728050386026,11.975376735798957
0.0805,0.01888506637787829,1.0,11.985104674803805,0.7923837008988626,1.130922218826959,0.9915800752950676,0.9314374904697035,11.98087190437267
0.081,0.01888037887787829,1.0,11.990468066259938,0.7942573791240223,1.1305745220535035,0.9916302928854014,0.9318011767619965,11.986339849908829
0.0815,0.01887569137787829,1.0,11.995805993597699,0.7961141568045381,1.1302268552293173,0.9916795070955993,0.9321638647083297,11.991781014990517
0.082,0.01887100387787829,1.0,12.00111853506239,0.7979541306675025,1.1298792182465456,0.9917277397651629,0.9325255546706648,11.997195478232294
0.0825,0.01886631637787829,1.0,12.006406328111733,0.7997775216986507,1.12953161036969,0.9917750161589931,0.9328862476601393,12.002583877639964
0.083,0.01886162887787829,1.0,12.011669720875817,0.8015844865445011,1.1291840311887589,0.9918213587556495,0.9332459443432871,12.007946561788238
0.0835,0.01885694137787829,1.0,12.016908972981355,0.8033751641387571,1.1288364803935327,0.9918667888440504,0.9336046452792275,12.013283790714317
0.084,0.01885225387787829,1.0,12.02212434437567,0.8051496934151218,1.1284889576737926,0.9919113271281708,0.9339623510236092,12.018595824771323
0.0845,0.01884756637787829,1.0,12.027316095325833,0.8069082133072983,1.1281414627193194,0.9919549937470343,0.9343190621286132,12.02388292462744
0.085,0.01884287887787829,1.0,12.032484486413782,0.8086508627489899,1.1277939952198939,0.9919978082939334,0.9346747791429509,12.029145351261022
0.0855,0.018838191377878292,1.0,12.037629778534939,0.8103777806738995,1.1274465548652968,0.9920397898349086,0.9350295026118676,12.034383365959227
0.08600000000000001,0.01883350387787829,1.0,12.042752232894072,0.8120891060157306,1.1270991413453093,0.9920809569265225,0.9353832330771403,12.039597230313868
0.08650000000000001,0.01882881637787829,1.0,12.047852111004902,0.8137849777081861,1.1267517543497119,0.9921213276329591,0.9357359710770812,12.044787206221025
0.08700000000000001,0.01882412887787829,1.0,12.052929674684195,0.8154655346849694,1.1264043935682857,0.9921609195424721,0.9360877171465357,12.04995355587514
0.08750000000000001,0.01881944137787829,1.0,12.057985186051551,0.8171309158797835,1.1260570586908112,0.9921997497832178,0.9364384718168856,12.055096541768803
0.088,0.01881475387787829,1.0,12.06301890752493,0.8187812602263316,1.1257097494070698,0.9922378350384947,0.9367882356160468,12.06021642668828
0.0885,0.01881006637787829,1.0,12.068031101820033,0.8204167066583169,1.125362465406842,0.9922751915614128,0.9371370090684734,12.0653134737129
0.089,0.018805378877878292,1.0,12.073022031945898,0.8220373941094425,1.1250152063799086,0.992311835189022,0.9374847926951555,12.07038794621064
0.0895,0.01880069137787829,1.0,12.077991961202786,0.8236434615134116,1.1246679720160506,0.992347781355918,0.9378315870136209,12.075440107836027
0.09,0.01879600387787829,1.0,12.082941012357526,0.8252350065408948,1.124320762162652,0.9923830439030102,0.9381773923811891,12.080470081669034
0.0905,0.01879131637787829,1.0,12.08786946938056,0.8268121906368878,1.1239735764869128,0.9924176381769173,0.9385222093321743,12.085478152031918
0.091,0.01878662887787829,1.0,12.092777603493705,0.8283751684246727,1.1236264146706316,0.9924515789452832,0.9388660383827402,12.090464590490026
0.0915,0.01878194137787829,1.0,12.09766557751029,0.8299240598345604,1.1232792765171813,0.9924848796173895,0.9392088799256014,12.095429560168682
0.092,0.01877725387787829,1.0,12.102533554441646,0.8314589847968615,1.1229321618299346,0.9925175532743523,0.9395507343512751,12.100373224388248
0.0925,0.01877256637787829,1.0,12.107381697495674,0.8329800632418868,1.122585070412264,0.9925496126793787,0.9398916020480812,12.105295746662675
0.093,0.01876787887787829,1.0,12.112210170075105,0.8344874150999471,1.1222380020675424,0.9925810702876623,0.940231483402142,12.11019729069778
0.0935,0.01876319137787829,1.0,12.117019135775783,0.835981160301353,1.1218909565991424,0.9926119382559369,0.9405703787973839,12.11507802038952
0.094,0.01875850387787829,1.0,12.121808758385482,0.8374614187764156,1.1215439338104365,0.9926422284516971,0.9409082886155369,12.119938099822816
0.0945,0.01875381637787829,1.0,12.126579201882006,0.8389283104554455,1.1211969335047978,0.9926719524621038,0.9412452132361345,12.12477769326965
0.095,0.01874912887787829,1.0,12.131330630432721,0.8403819552687534,1.1208499554855986,0.9927011216025834,0.9415811530365154,12.129596965188595
0.0955,0.01874444137787829,1.0,12.136063208392088,0.8418224731466502,1.1205029995562117,0.9927297469251326,0.9419161083918226,12.134396080222352
0.096,0.01873975387787829,1.0,12.140777100300102,0.8432499840194465,1.1201560655200098,0.9927578392263439,0.9422500796750044,12.139175203196194
0.0965,0.01873506637787829,1.0,12.145472470882462,0.8446646078174532,1.1198091531803653,0.9927854090551581,0.9425830672568151,12.143934499118123
0.097,0.01873037887787829,1.0,12.150149485046766,0.8460664644709812,1.1194622623406514,0.9928124667203556,0.9429150715058136,12.148674133175078
0.0975,0.01872569137787829,1.0,12.154808307882922,0.847455673910341,1.1191153928042405,0.9928390222977997,0.9432460927883659,12.153394270733344
0.098,0.01872100387787829,1.0,12.159449022952181,0.848832317470152,1.1187685444656625,0.9928650846094498,0.9435761313820318,12.158094995611977
0.0985,0.01871631637787829,1.0,12.164071756277037,0.8501965048048223,1.1184217171722155,0.9928906630303489,0.9439051876079352,12.162776434097593
0.099,0.018711628877878292,1.0,12.168676779381602,0.8515484192190745,1.118074910609098,0.9929157686698363,0.9442332619386141,12.16743885800264
0.0995,0.01870694137787829,1.0,12.173264194137438,0.8528881624474944,1.117728124650957,0.992940410256994,0.944560354664675,12.172082369451987
0.1,0.01870225387787829,1.0,12.177834102542766,0.8542158362246675,1.1173813591724404,0.9929645963304323,0.9448864660753221,12.176707070695274
0.1005,0.01869756637787829,1.0,12.182386606721943,0.8555315422851792,1.1170346140481955,0.9929883352437702,0.9452115964583597,12.18131306410638
0.101,0.01869287887787829,1.0,12.186921808924515,0.8568353823636154,1.1166878891528698,0.993011635170938,0.9455357461001903,12.185900452182475
0.1015,0.01868819137787829,1.0,12.191439811524933,0.8581274581945615,1.1163411843611104,0.9930345041113171,0.9458589152858164,12.190469337543748
0.10200000000000001,0.01868350387787829,1.0,12.195940717020704,0.859407871512603,1.115994499547565,0.9930569498947155,0.9461811042988397,12.195019822931544
0.10250000000000001,0.018678816377878292,1.0,12.20042462803246,0.8606767240523258,1.115647834586881,0.9930789801861901,0.9465023134214616,12.199552011208441
0.10300000000000001,0.01867412887787829,1.0,12.20489164730258,0.8619341175483152,1.1153011893537057,0.993100602490717,0.9468225429344836,12.204066005356877
0.10350000000000001,0.01866944137787829,1.0,12.209341877695037,0.8631801537351568,1.1149545637226868,0.9931218241577201,0.947141793117307,12.208561908478986
0.10400000000000001,0.01866475387787829,1.0,12.213775422193685,0.8644149343474363,1.1146079575684713,0.9931426523854577,0.9474600642479339,12.21303982379489
0.1045,0.01866006637787829,1.0,12.218192383902014,0.8656385611197392,1.114261370765707,0.9931630942252763,0.9477773566029666,12.21749985464246
0.105,0.01865537887787829,1.0,12.222592866042115,0.8668511357866512,1.1139148031890413,0.9931831565857335,0.948093670457608,12.221942104476271
0.1055,0.01865069137787829,1.0,12.226976971954574,0.8680527600827579,1.1135682547131214,0.993202846236597,0.9484090060856624,12.226366676867505
0.106,0.018646003877878292,1.0,12.231344805095956,0.8692435357426447,1.113221725212595,0.9932221698127206,0.9487233637595345,12.23077367550143
0.1065,0.01864131637787829,1.0,12.235696469040539,0.8704235645008973,1.1128752145621092,0.9932411338178057,0.9490367437502312,12.235163204179138
0.107,0.01863662887787829,1.0,12.240032067477237,0.8715929480921013,1.1125287226363119,0.993259744628048,0.94934914632736,12.239535366814465
0.1075,0.01863194137787829,1.0,12.244351704209972,0.8727517882508423,1.11218224930985,0.9932780084956769,0.9496605717591305,12.243890267434363
0.108,0.01862725387787829,1.0,12.248655395765224,0.8739001120631003,1.1118357945545125,0.993295929734836,0.9499710202254434,12.248227922777115
0.1085,0.01862256637787829,1.0,12.252943308416189,0.875038096609397,1.1114893581757217,0.9933135162095199,0.9502804920542626,12.252548499342655
0.109,0.018617878877878292,1.0,12.257215520159624,0.8761658394436079,1.1111429400771644,0.9933307737193524,0.9505889874840153,12.256852075342843
0.1095,0.01861319137787829,1.0,12.26147209558004,0.8772834258254258,1.110796540177532,0.993347707658746,0.9508965067387543,12.26113871557456
0.11,0.01860850387787829,1.0,12.26571309934625,0.8783909410145437,1.1104501583955158,0.9933643233202339,0.951203050041622,12.265408484917767
0.1105,0.01860381637787829,1.0,12.26993859620965,0.8794884702706545,1.1101037946498071,0.9933806258971619,0.9515086176148524,12.26966144833377
0.111,0.01859912887787829,1.0,12.274148651004621,0.8805760988534512,1.1097574488590976,0.993396620486306,0.9518132096797703,12.273897670865633
0.1115,0.01859444137787829,1.0,12.278343328647953,0.8816539120226267,1.1094111209420783,0.9934123120904159,0.9521168264567916,12.278117217637607
0.112,0.01858975387787829,1.0,12.282522694138235,0.882721995037874,1.1090648108174406,0.9934277056206878,0.9524194681654236,12.282320153854508
0.1125,0.01858506637787829,1.0,12.286686812554926,0.8837804331588859,1.108718518403876,0.9934428058991687,0.9527211350242644,12.286506544800794
0.113,0.01858037887787829,1.0,12.290835749059251,0.8848293116453555,1.1083722436200756,0.993457617661094,0.9530218272510039,12.290676455841458
0.1135,0.01857569137787829,1.0,12.294969568891776,0.8858687157569757,1.1080259863847313,0.993472145557159,0.9533215450624234,12.294829952419613
0.114,0.01857100387787829,1.0,12.299088337373998,0.8868987307534395,1.1076797466165338,0.9934863941557313,0.9536202886743963,12.298967100058068
0.1145,0.01856631637787829,1.0,12.30319211990582,0.8879194418944397,1.1073335242341749,0.9935003679450001,0.9539180583018871,12.303087964356815
0.115,0.01856162887787829,1.0,12.307280981966905,0.8889309344396694,1.1069873191563457,0.9935140713350675,0.9542148541589529,12.307192610994374
0.1155,0.01855694137787829,1.0,12.31135498911473,0.8899332936488216,1.106641131301738,0.9935275086599845,0.954510676458742,12.311281105725856
0.116,0.01855225387787829,1.0,12.315414206985256,0.890926604781589,1.1062949605890426,0.9935406841797294,0.9548055254134955,12.315353514383627
0.1165,0.01854756637787829,1.0,12.31945870129248,0.8919109530976648,1.1059488069369512,0.9935536020821362,0.9550994012345466,12.319409902876858
0.117,0.01854287887787829,1.0,12.323488537826483,0.8928864238567418,1.105602670264155,0.9935662664847676,0.9553923041323206,12.323450337189584
0.11750000000000001,0.01853819137787829,1.0,12.32750350045808,0.8938530730329689,1.1052565508017975,0.9935786807765273,0.9556842340532344,12.327474601377528
0.11800000000000001,0.01853350387787829,1.0,12.331503749612832,0.8948109789031863,1.1049104483637489,0.993590848783772,0.9559751912964687,12.331482856063484
0.11850000000000001,0.01852881637787829,1.0,12.335489828409445,0.8957602668011391,1.1045643623401453,0.9936027753263824,0.9562651765135952,12.335475644568021
0.11900000000000001,0.01852412887787829,1.0,12.339461694611042,0.8967010081795708,1.104218292769807,0.993614463948386,0.9565541898085872,12.339452924838046
0.11950000000000001,0.01851944137787829,1.0,12.34341930598497,0.8976332744912249,1.103872239691554,0.9936259181357265,0.9568422312858414,12.34341465482526
0.12,0.01851475387787829,1.0,12.347362620303572,0.8985571371888448,1.1035262031442061,0.9936371413177014,0.9571293010501782,12.34736079248694
0.1205,0.01851006637787829,1.0,12.351291595342929,0.8994726677251738,1.103180183166584,0.9936481368683645,0.9574153992068407,12.351291295784666
0.121,0.01850537887787829,1.0,12.355206188884546,0.9003799375529554,1.1028341797975072,0.9936589081078909,0.9577005258614959,12.355206188884546
0.1215,0.01850069137787829,1.0,12.359106358714538,0.9012790181249332,1.1024881930757964,0.9936694583039112,0.9579846811202332,12.359106358714538
0.122,0.01849600387787829,1.0,12.362992062624883,0.9021699808938504,1.1021422230402713,0.9936797906728083,0.9582678650895659,12.362992062624883
0.1225,0.018491316377878292,1.0,12.366863258412701,0.9030528973124504,1.101796269729752,0.993689908380986,0.9585500778764302,12.366863258412701
0.123,0.01848662887787829,1.0,12.370719903880602,0.9039278388334768,1.101450333183059,0.9936998145461041,0.9588313195881853,12.370719903880602
0.1235,0.01848194137787829,1.0,12.374561956837917,0.904794876909673,1.101104413439012,0.9937095122382827,0.9591115903326133,12.374561956837917
0.124,0.01847725387787829,1.0,12.378389375099317,0.9056540829937823,1.1007585105364313,0.9937190044812793,0.9593908902179195,12.378389375099317
0.1245,0.01847256637787829,1.0,12.382202116486067,0.9065055285385482,1.100412624514137,0.9937282942536338,0.9596692193527318,12.382202116486067
0.125,0.01846787887787829,1.0,12.386000138826335,0.9073492849967141,1.1000667554109491,0.9937373844897893,0.9599465778461012,12.386000138826335
0.1255,0.01846319137787829,1.0,12.389783399954283,0.9081854238210234,1.099720903265688,0.9937462780811825,0.9602229658075011,12.389783399954283
0.126,0.018458503877878292,1.0,12.393551857712227,0.9090140164642198,1.0993750681171734,0.9937549778773103,0.9604983833468286,12.393551857712227
0.1265,0.01845381637787829,1.0,12.39730546994833,0.9098351343790463,1.0990292500042258,0.993763486686768,0.9607728305744022,12.39730546994833
0.127,0.01844912887787829,1.0,12.401044194519569,0.9106488490182465,1.0986834489656652,0.9937718072782661,0.9610463076009639,12.401044194519569
0.1275,0.01844444137787829,1.0,12.404768147734124,0.9114551779971618,1.098337664865303,0.9937799412083905,0.9613188146753575,12.404768147734124
0.128,0.01843975387787829,1.0,12.40847729521656,0.91225424858654,1.0979918977334757,0.9937878923852073,0.9615903519143681,12.40847729521656
0.1285,0.01843506637787829,1.0,12.412171646660187,0.9130461275127381,1.0976461475518722,0.9937956633595347,0.961860919473112,12.412171646660187
0.129,0.01843037887787829,1.0,12.415851223823166,0.9138308746574463,1.0973004142889033,0.9938032564990195,0.9621305175168311,12.415851223823166
0.1295,0.01842569137787829,1.0,12.419516048507987,0.9146085499023553,1.096954697912981,0.9938106741381788,0.9623991462104104,12.419516048507987
0.13,0.01842100387787829,1.0,12.423166142563357,0.9153792131291555,1.0966089983925162,0.9938179185791824,0.9626668057183791,12.423166142563357
0.1305,0.01841631637787829,1.0,12.426801527882317,0.9161429242195374,1.0962633156959207,0.9938249920926177,0.96293349620491,12.426801527882317
0.131,0.01841162887787829,1.0,12.430422226403316,0.9168997430551913,1.0959176497916054,0.9938318969182358,0.9631992178338198,12.430422226403316
0.1315,0.01840694137787829,1.0,12.434028260108432,0.917649729517808,1.0955720006479823,0.9938386352656835,0.9634639707685683,12.434028260108432
0.132,0.01840225387787829,1.0,12.437619651025374,0.9183929434890777,1.0952263682334624,0.9938452093152179,0.9637277551722601,12.437619651025374
0.1325,0.018397566377878292,1.0,12.441196421225825,0.919129444850691,1.094880752516457,0.9938516212184042,0.9639905712076433,12.441196421225825
0.133,0.01839287887787829,1.0,12.444758592824803,0.9198592934843384,1.0945351534653778,0.9938578730988002,0.9642524190371099,12.444758592824803
0.1335,0.01838819137787829,1.0,12.448306187982775,0.9205825492717102,1.094189571048636,0.9938639670526239,0.9645132988226958,12.448306187982775
0.134,0.01838350387787829,1.0,12.451839228902628,0.9212992720944971,1.0938440052346432,0.9938699051494072,0.964773210726081,12.451839228902628
0.1345,0.01837881637787829,1.0,12.455357737831664,0.9220095218343896,1.0934984559918106,0.9938756894326349,0.9650321549085898,12.455357737831664
0.135,0.01837412887787829,1.0,12.458861737060518,0.9227133583730779,1.0931529232885495,0.9938813219203718,0.9652901315311905,12.458861737060518
0.1355,0.01836944137787829,1.0,12.462351248922634,0.9234108415922526,1.0928074070932716,0.9938868046058733,0.965547140754495,12.462351248922634
0.136,0.01836475387787829,1.0,12.465826295794667,0.9241020313736044,1.0924619073743882,0.993892139458184,0.9658031827387602,12.465826295794667
0.1365,0.01836006637787829,1.0,12.469286900097234,0.9247869875988234,1.0921164241003105,0.9938973284227252,0.966058257643887,12.469286900097234
0.137,0.01835537887787829,1.0,12.472733097903552,0.9254657482762773,1.091770957224457,0.9939023729630637,0.9663123656404276,12.472733097903552
0.1375,0.01835069137787829,1.0,12.476164936358726,0.9261383711841202,1.0914255066881073,0.9939072749364396,0.9665655069072914,12.476164936358726
0.138,0.01834600387787829,1.0,12.479582424928555,0.9268049426029934,1.091080072474096,0.9939120367749635,0.9668176815924536,12.479582424928555
0.1385,0.01834131637787829,1.0,12.48298558432031,0.9274655127173498,1.0907346545529188,0.9939166601326005,0.9670688898526499,12.48298558432031
0.139,0.01833662887787829,1.0,12.48637443528233,0.9281201317116428,1.0903892528950707,0.9939211466436113,0.9673191318442838,12.48637443528233
0.1395,0.01833194137787829,1.0,12.489748998603634,0.9287688497703253,1.090043867471047,0.9939254979230091,0.967568407723426,12.489748998603634
0.14,0.01832725387787829,1.0,12.493109295113998,0.9294117170778504,1.0896984982513436,0.9939297155670015,0.9678167176458149,12.493109295113998
0.1405,0.01832256637787829,1.0,12.496455345683207,0.9300487838186716,1.0893531452064558,0.9939338011534263,0.9680640617668561,12.496455345683207
0.14100000000000001,0.01831787887787829,1.0,12.499787171222298,0.9306801001772417,1.0890078083068786,0.9939377562421787,0.9683104402416238,12.499787171222298
0.14150000000000001,0.01831319137787829,1.0,12.503104792681315,0.931305716338014,1.088662487523108,0.9939415823756292,0.9685558532248589,12.503104792681315
0.14200000000000002,0.01830850387787829,1.0,12.506408231051227,0.9319256824854416,1.0883171828256388,0.9939452810790339,0.9688003008709707,12.506408231051227
0.14250000000000002,0.01830381637787829,1.0,12.509697507362395,0.9325400488039776,1.087971894184967,0.9939488538609362,0.9690437833340358,12.509697507362395
0.14300000000000002,0.01829912887787829,1.0,12.512972642684753,0.9331488654780752,1.0876266215715877,0.9939523022135599,0.969286300767799,12.512972642684753
0.14350000000000002,0.01829444137787829,1.0,12.51623365812847,0.9337521826921874,1.0872813649559965,0.9939556276131978,0.9695278533256726,12.51623365812847
0.14400000000000002,0.01828975387787829,1.0,12.519480574842172,0.9343500506307676,1.0869361243086888,0.9939588315205873,0.9697684411607368,12.519480574842172
0.1445,0.01828506637787829,1.0,12.522713414014621,0.9349425194782687,1.0865908996001599,0.9939619153812849,0.9700080644257402,12.522713414014621
0.145,0.01828037887787829,1.0,12.525932196872853,0.9355296394191439,1.0862456908009053,0.9939648806260281,0.9702467232730986,12.525932196872853
0.1455,0.01827569137787829,1.0,12.529136944683271,0.9361114606378464,1.0859004978814204,0.9939677286710936,0.9704844178548964,12.529136944683271
0.146,0.018271003877878292,1.0,12.53232767875104,0.9366880333188294,1.0855553208122006,0.9939704609186478,0.9707211483228857,12.53232767875104
0.1465,0.01826631637787829,1.0,12.535504420419239,0.9372594076465459,1.0852101595637416,0.9939730787570898,0.9709569148284868,12.535504420419239
0.147,0.01826162887787829,1.0,12.538667185807617,0.9378255613064009,1.0848650141123206,0.9939755820800791,0.9711917175188625,12.538667185807617
0.1475,0.01825694137787829,1.0,12.541816012149296,0.9383866267981679,1.0845198844110606,0.9939779739338191,0.9714255565565638,12.541816012149296
0.148,0.01825225387787829,1.0,12.544950915281051,0.9389426518265678,1.084174770436636,0.9939802556163021,0.9716584320877585,12.544950915281051
0.1485,0.01824756637787829,1.0,12.548071910055645,0.9394936773890252,1.0838296721668406,0.9939824282766551,0.9718903442576001,12.548071910055645
0.149,0.01824287887787829,1.0,12.55117901136059,0.9400397444829648,1.0834845895794678,0.9939844930525726,0.9721212932109913,12.55117901136059
0.1495,0.018238191377878292,1.0,12.554272234117818,0.9405808941058109,1.083139522652311,0.9939864510705793,0.9723512790925835,12.554272234117818
0.15,0.01823350387787829,1.0,12.557351593283206,0.9411171672549884,1.082794471363164,0.9939883034462856,0.9725803020467768,12.557351593283206
0.1505,0.01822881637787829,1.0,12.560417103847627,0.9416486049279216,1.0824494356898204,0.9939900512846396,0.9728083622177206,12.560417103847627
0.151,0.01822412887787829,1.0,12.563468780834972,0.9421752481220352,1.0821044156100739,0.9939916956801754,0.973035459749313,12.563468780834972
0.1515,0.01821944137787829,1.0,12.566506639303794,0.9426971378347537,1.0817594111017177,0.9939932377172558,0.9732615947852012,12.566506639303794
0.152,0.01821475387787829,1.0,12.569530694346472,0.9432143150635016,1.0814144221425455,0.9939946784703112,0.9734867674687816,12.569530694346472
0.1525,0.01821006637787829,1.0,12.572540961088539,0.9437268208057036,1.081069448710351,0.9939960190040749,0.9737109779431992,12.572540961088539
0.153,0.018205378877878292,1.0,12.575537454689599,0.9442346960587842,1.0807244907829276,0.9939972603738136,0.9739342263513481,12.575537454689599
0.1535,0.01820069137787829,1.0,12.578520190342404,0.9447379818201679,1.0803795483380694,0.9939984036255551,0.9741565128358719,12.578520190342404
0.154,0.01819600387787829,1.0,12.581489183274249,0.9452367190872792,1.0800346213535692,0.9939994497963095,0.9743778375391632,12.581489183274249
0.1545,0.01819131637787829,1.0,12.584444448744195,0.9457309488575429,1.079689709807221,0.9940003999142895,0.9745982006033637,12.584444448744195
0.155,0.01818662887787829,1.0,12.58738600204492,0.9462207121283834,1.0793448136768184,0.9940012549991261,0.9748176021703638,12.58738600204492
0.1555,0.01818194137787829,1.0,12.59031385850284,0.9467060498972253,1.0789999329401547,0.9940020160620796,0.9750360423818042,12.59031385850284
0.156,0.018177253877878292,1.0,12.593228033476148,0.9471870031614932,1.078655067575024,0.9940026841062476,0.9752535213790736,12.593228033476148
0.1565,0.01817256637787829,1.0,12.596128542356546,0.9476636129186116,1.0783102175592194,0.9940032601267703,0.9754700393033109,12.596128542356546
0.157,0.01816787887787829,1.0,12.599015400569012,0.9481359201660049,1.0779653828705344,0.9940037451110316,0.9756855962954039,12.599015400569012
0.1575,0.01816319137787829,1.0,12.601888623569744,0.948603965901098,1.0776205634867633,0.9940041400388558,0.9759001924959894,12.601888623569744
0.158,0.01815850387787829,1.0,12.604748226848677,0.9490677911213152,1.0772757593856988,0.9940044458827039,0.9761138280454543,12.604748226848677
0.1585,0.01815381637787829,1.0,12.607594225927198,0.9495274368240811,1.0769309705451349,0.9940046636078631,0.9763265030839343,12.607594225927198
0.159,0.01814912887787829,1.0,12.61042666392294,0.9499829009053309,1.0765861969126693,0.9940047933065629,0.9765382177698153,12.61042666392294
0.1595,0.018144441377878292,1.0,12.613245548115778,0.9504342522067751,1.0762414384752044,0.9940048364905133,0.9767489722369265,12.613245548115778
0.16,0.01813975387787829,1.0,12.616050875675995,0.9508815496920213,1.0758966952307454,0.9940047944658428,0.9769587666122054,12.616050875675995
0.1605,0.01813506637787829,1.0,12.61884265725344,0.9513248262593668,1.0755519671625626,0.9940046680086336,0.9771676010314683,12.61884265725344
0.161,0.01813037887787829,1.0,12.621620903527436,0.9517641148071091,1.075207254253926,0.9940044578889886,0.9773754756303413,12.621620903527436
0.1615,0.01812569137787829,1.0,12.62438562520661,0.9521994482335457,1.0748625564881051,0.9940041648711744,0.9775823905442611,12.62438562520661
0.162,0.01812100387787829,1.0,12.627136833028786,0.9526308594369745,1.074517873848371,0.9940037897137634,0.9777883459084731,12.627136833028786
0.1625,0.01811631637787829,1.0,12.62987453776184,0.9530583813156925,1.0741732063179927,0.9940033331697717,0.9779933418580339,12.62987453776184
0.163,0.01811162887787829,1.0,12.632598750201987,0.9534820467679976,1.073828553880241,0.9940027959867966,0.9781973785278094,12.632598750201987
0.1635,0.01810694137787829,1.0,12.635309481175561,0.9539018886921873,1.0734839165183858,0.9940021789071516,0.9784004560524756,12.635309481175561
0.164,0.01810225387787829,1.0,12.638006741537762,0.954317939986559,1.073139294215697,0.9940014826679983,0.9786025745665189,12.638006741537762
0.1645,0.01809756637787829,1.0,12.640690542172466,0.9547302335494103,1.0727946869554446,0.9940007080014788,0.9788037342042353,12.640690542172466
0.165,0.01809287887787829,1.0,12.643360893992252,0.9551388022790387,1.072450094720899,0.9939998556348429,0.979003935099731,12.643360893992252
0.1655,0.01808819137787829,1.0,12.646017807939595,0.9555436790737417,1.07210551749533,0.9939989262905767,0.9792031773869226,12.646017807939595
0.166,0.01808350387787829,1.0,12.648661294984699,0.9559448968318168,1.0717609552620078,0.9939979206865268,0.9794014611995365,12.648661294984699
0.1665,0.01807881637787829,1.0,12.651291366126802,0.9563424884515618,1.0714164080042023,0.9939968395360237,0.9795987866711092,12.651291366126802
0.167,0.01807412887787829,1.0,12.653908032394328,0.9567364868312738,1.0710718757051838,0.9939956835480038,0.9797951539349876,12.653908032394328
0.1675,0.01806944137787829,1.0,12.656511304843296,0.9571269248692507,1.0707273583482222,0.9939944534271289,0.9799905631243286,12.656511304843296
0.168,0.01806475387787829,1.0,12.659101194558508,0.9575138354637898,1.0703828559165878,0.993993149873904,0.9801850143720994,12.659101194558508
0.1685,0.01806006637787829,1.0,12.661677712653587,0.9578972515131887,1.0700383683935502,0.9939917735847937,0.9803785078110774,12.661677712653587
0.169,0.01805537887787829,1.0,12.664240870269627,0.958277205915745,1.0696938957623798,0.9939903252523371,0.9805710435738502,12.664240870269627
0.1695,0.018050691377878292,1.0,12.666790678576598,0.9586537315697561,1.0693494380063466,0.9939888055652607,0.9807626217928156,12.666790678576598
0.17,0.01804600387787829,1.0,12.669327148771778,0.9590268613735197,1.0690049951087208,0.9939872152085891,0.9809532426001817,12.669327148771778
0.1705,0.01804131637787829,1.0,12.671850292081862,0.9593966282253331,1.0686605670527722,0.993985554863756,0.9811429061279671,12.671850292081862
0.171,0.01803662887787829,1.0,12.674360140037876,0.9597630446560941,1.0683161537996129,0.9939838248020038,0.9813316125201106,12.674360140037876
0.1715,0.01803194137787829,1.0,12.676856721521094,0.9601261357187748,1.0679717553132895,0.993982025541076,0.9815193619185212,12.676856721521094
0.17200000000000001,0.01802725387787829,1.0,12.679340012480571,0.9604859664973038,1.0676273716157163,0.9939801583950686,0.9817061544333993,12.679340012480571
0.17250000000000001,0.01802256637787829,1.0,12.681810020853113,0.9608425633908511,1.0672830026938784,0.9939782239025915,0.9818919901939822,12.681810020853113
0.17300000000000001,0.018017878877878292,1.0,12.684266754602067,0.9611959527985867,1.0669386485347612,0.9939762225992147,0.9820768693293589,12.684266754602067
0.17350000000000002,0.01801319137787829,1.0,12.686710221716186,0.9615461611196806,1.06659430912535,0.993974155017552,0.9822607919684693,12.686710221716186
0.17400000000000002,0.01800850387787829,1.0,12.689140430211209,0.9618932147533028,1.0662499844526305,0.9939720216873418,0.9824437582401049,12.689140430211209
0.17450000000000002,0.01800381637787829,1.0,12.691557388128738,0.9622371400986233,1.0659056745035878,0.9939698231355261,0.9826257682729086,12.691557388128738
0.17500000000000002,0.01799912887787829,1.0,12.693961103535955,0.962577963554812,1.0655613792652074,0.993967559886331,0.9828068221953745,12.693961103535955
0.17550000000000002,0.01799444137787829,1.0,12.696351584526825,0.962915711521039,1.0652170987244747,0.9939652324613432,0.9829869201358485,12.696351584526825
0.176,0.01798975387787829,1.0,12.698728839220651,0.9632504103964743,1.064872832868375,0.9939628413795885,0.9831660622225276,12.698728839220651
0.1765,0.017985066377878292,1.0,12.701092875762464,0.9635820865802878,1.0645285816838939,0.9939603871576073,0.9833442485834601,12.701092875762464
0.177,0.01798037887787829,1.0,12.70344370232355,0.9639107664716496,1.0641843451580164,0.993957870309529,0.9835214793465464,12.70344370232355
0.1775,0.01797569137787829,1.0,12.7057813271008,0.9642364764697297,1.0638401232777284,0.9939552913471478,0.9836977546395378,12.7057813271008
0.178,0.01797100387787829,1.0,12.708105758316645,0.9645592429736979,1.0634959160300148,0.9939526507799945,0.9838730745900373,12.708105758316645
0.1785,0.01796631637787829,1.0,12.710417004219122,0.9648790923827244,1.0631517234018613,0.9939499491154093,0.9840474393254992,12.710417004219122
0.179,0.01796162887787829,1.0,12.712715073081794,0.9651960510959792,1.0628075453802532,0.9939471868586139,0.9842208489732297,12.712715073081794
0.1795,0.01795694137787829,1.0,12.71499997320393,0.9655101455126321,1.0624633819521758,0.993944364512781,0.9843933036603864,12.71499997320393
0.18,0.01795225387787829,1.0,12.717271712909286,0.9658214020318533,1.0621192331046148,0.9939414825791052,0.9845648035139781,12.717271712909286
0.1805,0.01794756637787829,1.0,12.719530300548806,0.9661298470528128,1.0617750988245551,0.9939385415568706,0.9847353486608658,12.719530300548806
0.181,0.01794287887787829,1.0,12.721775744497107,0.9664355069746804,1.0614309790989822,0.9939355419435199,0.9849049392277617,12.721775744497107
0.1815,0.01793819137787829,1.0,12.724008053154137,0.9667384081966262,1.061086873914882,0.9939324842347207,0.9850735753412292,12.724008053154137
0.182,0.01793350387787829,1.0,12.726227234945812,0.9670385771178202,1.0607427832592393,0.9939293689244328,0.9852412571276843,12.726227234945812
0.1825,0.01792881637787829,1.0,12.728433298322681,0.9673360401374324,1.0603987071190397,0.9939261965049729,0.9854079847133939,12.728433298322681
0.183,0.017924128877878292,1.0,12.730626256172512,0.9676308193650409,1.060054645476458,0.9939229673812604,0.9855737582267878,12.730626256172512
0.1835,0.01791944137787829,1.0,12.73280615739034,0.9679229089918046,1.0597105982744413,0.9939196813977303,0.9857385778148332,12.73280615739034
0.184,0.01791475387787829,1.0,12.734972968755832,0.968212376546223,1.0593665655454965,0.9939163398648434,0.9859024435813291,12.734972968755832
0.1845,0.01791006637787829,1.0,12.737126696379482,0.9684992432122551,1.0590225472792691,0.9939129431648394,0.9860653556506658,12.737126696379482
0.185,0.01790537887787829,1.0,12.739267346395167,0.9687835301738595,1.0586785434654054,0.9939094916785255,0.9862273141471142,12.739267346395167
0.1855,0.01790069137787829,1.0,12.741394924960659,0.969065258614995,1.0583345540935516,0.9939059857853251,0.9863883191948261,12.741394924960659
0.186,0.01789600387787829,1.0,12.74350943825829,0.9693444497196202,1.0579905791533533,0.9939024258633271,0.9865483709178346,12.74350943825829
0.1865,0.01789131637787829,1.0,12.745610892492914,0.9696211246716937,1.057646618634457,0.9938988122893335,0.9867074694400538,12.745610892492914
0.187,0.01788662887787829,1.0,12.747699293895124,0.9698953046551744,1.0573026725265084,0.9938951454389067,0.9868656148852789,12.747699293895124
0.1875,0.01788194137787829,1.0,12.74977464871724,0.970167010854021,1.0569587408191539,0.9938914256864163,0.9870228073771858,12.74977464871724
0.188,0.01787725387787829,1.0,12.751836963236398,0.9704362644521921,1.0566148235020392,0.9938876534050864,0.9871790470393318,12.751836963236398
0.1885,0.01787256637787829,1.0,12.753886243752767,0.9707030866336465,1.0562709205648104,0.9938838289670407,0.9873343339951551,12.753886243752767
0.189,0.01786787887787829,1.0,12.755922496590543,0.9709674985823428,1.0559270319971137,0.9938799527433483,0.9874886683679753,12.755922496590543
0.1895,0.01786319137787829,1.0,12.757945728097077,0.9712295214822397,1.055583157788595,0.9938760251040695,0.9876420502809926,12.757945728097077
0.19,0.01785850387787829,1.0,12.759955944643304,0.971489176517296,1.0552392979289003,0.9938720464182985,0.9877944798572887,12.759955944643304
0.1905,0.01785381637787829,1.0,12.761953152623562,0.9717464848714705,1.054895452407676,0.9938680170542098,0.9879459572198264,12.761953152623562
0.191,0.01784912887787829,1.0,12.763937358455676,0.9720014677287218,1.0545516212145676,0.9938639373791001,0.9880964824914493,12.763937358455676
0.1915,0.01784444137787829,1.0,12.765908568580784,0.9722541462730085,1.0542078043392213,0.9938598077594321,0.9882460557948828,12.765908568580784
0.192,0.01783975387787829,1.0,12.76786678946282,0.9725045416882895,1.0538640017712835,0.9938556285608781,0.9883946772527327,12.76786678946282
0.1925,0.01783506637787829,1.0,12.769812027589401,0.9727526751585234,1.0535202135004,0.9938514001483602,0.9885423469874864,12.769812027589401
0.193,0.017830378877878292,1.0,12.771744289471549,0.9729985678676688,1.0531764395162166,0.9938471228860943,0.9886890651215126,12.771744289471549
0.1935,0.01782569137787829,1.0,12.773663581642351,0.9732422409996846,1.0528326798083798,0.993842797137631,0.9888348317770609,12.773663581642351
0.194,0.01782100387787829,1.0,12.775569910659355,0.9734837157385294,1.0524889343665353,0.9938384232658958,0.9889796470762622,12.775569910659355
0.1945,0.01781631637787829,1.0,12.777463283102096,0.973723013268162,1.0521452031803293,0.9938340016332303,0.9891235111411287,12.777463283102096
0.195,0.01781162887787829,1.0,12.779343705573648,0.973960154772541,1.0518014862394078,0.9938295326014326,0.9892664240935538,12.779343705573648
0.1955,0.01780694137787829,1.0,12.78121120641706,0.9741951100651449,1.051457783509785,0.9938250154955359,0.9894083860650404,12.78121120641706
0.196,0.01780225387787829,1.0,12.783065781320763,0.9744279504927759,1.0511140949930373,0.9938204516869307,0.989549397172171,12.783065781320763
0.1965,0.017797566377878292,1.0,12.784907430744303,0.9746587052818796,1.0507704206855721,0.9938158416984347,0.9896894575336401,12.784907430744303
0.197,0.01779287887787829,1.0,12.78673615928545,0.974887390905461,1.0504267605793172,0.993811185795193,0.9898285672699049,12.78673615928545
0.1975,0.01778819137787829,1.0,12.788551971565271,0.9751140238365247,1.0500831146661993,0.993806484241811,0.9899667265013293,12.788551971565271
0.198,0.01778350387787829,1.0,12.790354872225391,0.9753386205480757,1.0497394829381466,0.9938017373023841,0.9901039353481833,12.790354872225391
0.1985,0.01777881637787829,1.0,12.792144865930643,0.9755611975131186,1.0493958653870858,0.9937969452405261,0.9902401939306436,12.792144865930643
0.199,0.01777412887787829,1.0,12.79392195736729,0.9757817712046585,1.049052262004945,0.9937921083193971,0.9903755023687929,12.79392195736729
0.1995,0.01776944137787829,1.0,12.795686151243558,0.9760003580956998,1.0487086727836512,0.9937872268017338,0.9905098607826208,12.795686151243558
0.2,0.017764753877878292,1.0,12.797437452289714,0.9762169746592476,1.0483650977151322,0.993782300949875,0.9906432692920228,12.797437452289714
0.2005,0.01776006637787829,1.0,12.79917586525816,0.9764316373683064,1.048021536791315,0.9937773310257911,0.9907757280168015,12.79917586525816
0.201,0.01775537887787829,1.0,12.800901394923033,0.9766443626958813,1.0476779900041273,0.9937723172911116,0.9909072370766654,12.800901394923033
0.2015,0.01775069137787829,1.0,12.80261404608028,0.9768551671149768,1.0473344573454964,0.9937672600071518,0.9910377965912296,12.80261404608028
0.202,0.01774600387787829,1.0,12.804313823547282,0.9770640670985978,1.0469909388073497,0.9937621594349405,0.9911674066800157,12.804313823547282
0.2025,0.01774131637787829,1.0,12.806000732163517,0.9772710791197492,1.0466474343816148,0.9937570158352462,0.9912960674624518,12.806000732163517
0.203,0.01773662887787829,1.0,12.80767477678992,0.9774762196514355,1.046303944060219,0.9937518294686053,0.9914237790578724,12.80767477678992
0.20350000000000001,0.01773194137787829,1.0,12.809335962309225,0.9776795051666618,1.04596046783509,0.9937466005953465,0.9915505415855186,12.809335962309225
0.20400000000000001,0.01772725387787829,1.0,12.810984293626243,0.9778809521384327,1.0456170056981549,0.993741329475619,0.991676355164538,12.810984293626243
0.20450000000000002,0.01772256637787829,1.0,12.81261977566692,0.978080577039753,1.045273557641341,0.9937360163694172,0.9918012199139847,12.81261977566692
0.20500000000000002,0.01771787887787829,1.0,12.814242413378292,0.9782783963436277,1.0449301236565762,0.9937306615366072,0.9919251359528191,12.814242413378292
0.20550000000000002,0.01771319137787829,1.0,12.815852211729837,0.9784744265230613,1.0445867037357877,0.9937252652369519,0.9920481033999083,12.815852211729837
0.20600000000000002,0.01770850387787829,1.0,12.81744917571181,0.9786686840510587,1.0442432978709029,0.9937198277301376,0.9921701223740262,12.81744917571181
0.20650000000000002,0.01770381637787829,1.0,12.819033310336145,0.9788611854006246,1.0438999060538492,0.9937143492757968,0.9922911929938528,12.819033310336145
0.20700000000000002,0.01769912887787829,1.0,12.82060462063676,0.979051947044764,1.043556528276554,0.9937088301335364,0.992411315377975,12.82060462063676
0.20750000000000002,0.01769444137787829,1.0,12.822163111667772,0.9792409854564814,1.043213164530945,0.9937032705629595,0.9925304896448859,12.822163111667772
0.20800000000000002,0.01768975387787829,1.0,12.823708788505678,0.9794283171087819,1.0428698148089492,0.9936976708236921,0.9926487159129855,12.823708788505678
0.2085,0.01768506637787829,1.0,12.825241656247332,0.97961395847467,1.0425264791024946,0.9936920311754063,0.9927659943005803,12.825241656247332
0.209,0.01768037887787829,1.0,12.82676172001189,0.9797979260271508,1.042183157403508,0.9936863518778445,0.9928823249258835,12.82676172001189
0.2095,0.01767569137787829,1.0,12.828268984938905,0.9799802362392287,1.0418398497039174,0.9936806331908445,0.9929977079070144,12.828268984938905
0.21,0.01767100387787829,1.0,12.829763456189236,0.9801609055839088,1.0414965559956497,0.993674875374362,0.9931121433619996,12.829763456189236
0.2105,0.01766631637787829,1.0,12.831245183589386,0.9803399201030524,1.0411532762221478,0.9936690780622152,0.9932256314247344,12.831245183589386
0.211,0.01766162887787829,1.0,12.83271415870969,0.980517312613114,1.0408100103901523,0.9936632418495753,0.9933381722078226,12.83271415870969
0.2115,0.01765694137787829,1.0,12.834170358013294,0.9806931165088696,1.040466758522828,0.9936573673451197,0.9934497658186205,12.834170358013294
0.212,0.01765225387787829,1.0,12.835613785175845,0.980867344317486,1.0401235206138073,0.9936514547284568,0.9935604123742136,12.835613785175845
0.2125,0.01764756637787829,1.0,12.837044443893845,0.98104000856613,1.039780296656722,0.9936455041791865,0.9936701119916128,12.837044443893845
0.213,0.01764287887787829,1.0,12.838462337883945,0.9812111217819687,1.0394370866452045,0.9936395158769186,0.9937788647877546,12.838462337883945
0.2135,0.01763819137787829,1.0,12.839867470883485,0.9813806964921685,1.039093890572887,0.9936334900012873,0.9938866708795006,12.839867470883485
0.214,0.01763350387787829,1.0,12.84125984665082,0.9815487452238966,1.0387507084334018,0.9936274267319695,0.9939935303836379,12.84125984665082
0.2145,0.01762881637787829,1.0,12.842639468964247,0.9817152805043198,1.038407540220381,0.9936213262487005,0.9940994434168793,12.842639468964247
0.215,0.01762412887787829,1.0,12.844006341622888,0.9818803148606048,1.0380643859274565,0.9936151887312903,0.9942044100958626,12.844006341622888
0.2155,0.01761944137787829,1.0,12.845360468446337,0.9820438608199186,1.0377212455482607,0.9936090143596404,0.9943084305371512,12.845360468446337
0.216,0.01761475387787829,1.0,12.846701853273915,0.9822059309094279,1.0373781190764262,0.993602803313759,0.9944115048572341,12.846701853273915
0.2165,0.017610066377878292,1.0,12.848030499966626,0.9823665376562998,1.0370350065055844,0.9935965557737786,0.9945136331725253,12.848030499966626
0.217,0.01760537887787829,1.0,12.849346412404449,0.9825256935877009,1.0366919078293682,0.9935902719199695,0.9946148155993646,12.849346412404449
0.2175,0.01760069137787829,1.0,12.85064959448875,0.9826834112307982,1.0363488230414095,0.9935839519327587,0.9947150522540172,12.85064959448875
0.218,0.01759600387787829,1.0,12.851940050140982,0.9828397031127585,1.0360057521353405,0.9935775959927426,0.9948143432526737,12.851940050140982
0.2185,0.01759131637787829,1.0,12.85321778330253,0.9829945817607486,1.0356626951047934,0.9935712042807053,0.9949126887114502,12.85321778330253
0.219,0.01758662887787829,1.0,12.854482797935264,0.9831480597019354,1.0353196519434005,0.9935647769776323,0.9950100887463882,12.854482797935264
0.2195,0.01758194137787829,1.0,12.855735098021517,0.9833001494634859,1.0349766226447936,0.9935583142647267,0.9951065434734548,12.855735098021517
0.22,0.017577253877878292,1.0,12.856974687563236,0.9834508635725667,1.0346336072026054,0.9935518163234245,0.9952020530085426,12.856974687563236
0.2205,0.01757256637787829,1.0,12.858201570582766,0.9836002145563448,1.034290605610468,0.9935452833354099,0.9952966174674693,12.858201570582766
0.221,0.01756787887787829,1.0,12.859415751123175,0.9837482149419869,1.0339476178620133,0.9935387154826305,0.9953902369659788,12.859415751123175
0.2215,0.01756319137787829,1.0,12.860617233246943,0.9838948772566601,1.0336046439508737,0.9935321129473119,0.99548291161974,12.860617233246943
0.222,0.01755850387787829,1.0,12.861806021036744,0.9840402140275312,1.0332616838706814,0.9935254759119736,0.9955746415443474,12.861806021036744
0.2225,0.01755381637787829,1.0,12.862982118595767,0.9841842377817668,1.0329187376150684,0.9935188045594427,0.9956654268553211,12.862982118595767
0.223,0.01754912887787829,1.0,12.864145530046294,0.9843269610465339,1.0325758051776672,0.9935120990728699,0.9957552676681066,12.864145530046294
0.2235,0.017544441377878292,1.0,12.865296259531652,0.9844683963489994,1.0322328865521098,0.9935053596357434,0.9958441640980753,12.865296259531652
0.224,0.01753975387787829,1.0,12.866434311214194,0.9846085562163303,1.0318899817320284,0.9934985864319037,0.9959321162605236,12.866434311214194
0.2245,0.01753506637787829,1.0,12.867559689277027,0.984747453175693,1.0315470907110553,0.9934917796455583,0.9960191242706737,12.867559689277027
0.225,0.01753037887787829,1.0,12.868672397922692,0.9848850997542548,1.0312042134828228,0.993484939461296,0.9961051882436737,12.868672397922692
0.2255,0.01752569137787829,1.0,12.869772470973531,0.9850214927812811,1.0308613500088646,0.9934780657327287,0.9961903083025214,12.869772470973531
0.226,0.01752100387787829,1.0,12.870859927470958,0.985156641516245,1.0305185002667696,0.9934711585750325,0.9962744845658688,12.870859927470958
0.2265,0.01751631637787829,1.0,12.871934728768629,0.9852905802194388,1.0301756642967024,0.993464218632587,0.9963577171370109,12.871934728768629
0.227,0.017511628877878292,1.0,12.872996877901867,0.985423318417352,1.029832842093647,0.9934572460284936,0.9964400061304621,12.872996877901867
0.2275,0.01750694137787829,1.0,12.8740463779252,0.9855548656364742,1.0294900336525872,0.9934502408860728,0.9965213516606771,12.8740463779252
0.228,0.01750225387787829,1.0,12.87508323191304,0.9856852314032951,1.0291472389685077,0.9934432033288737,0.9966017538420509,12.87508323191304
0.2285,0.01749756637787829,1.0,12.876107442959297,0.9858144252443044,1.0288044580363924,0.9934361334806848,0.9966812127889189,12.876107442959297
0.229,0.01749287887787829,1.0,12.877119014177024,0.9859424566859917,1.0284616908512254,0.9934290314655435,0.9967597286155571,12.877119014177024
0.2295,0.01748819137787829,1.0,12.878117948699083,0.9860693352548465,1.0281189374079909,0.9934218974077469,0.996837301436182,12.878117948699083
0.23,0.01748350387787829,1.0,12.879104249677194,0.9861950704773587,1.027776197701673,0.9934147314318607,0.9969139313649503,12.879104249677194
0.2305,0.01747881637787829,1.0,12.880077920283657,0.9863196718800177,1.027433471727256,0.9934075336627303,0.9969896185159594,12.880077920283657
0.231,0.01747412887787829,1.0,12.881038963709118,0.9864431489893132,1.0270907594797236,0.9934003042254901,0.9970643630032471,12.881038963709118
0.2315,0.01746944137787829,1.0,12.88198738316406,0.9865655113317349,1.0267480609540602,0.9933930432455731,0.9971381649407915,12.88198738316406
0.232,0.01746475387787829,1.0,12.882923181877963,0.9866867684337723,1.02640537614525,0.993385750848721,0.9972110244425114,12.882923181877963
0.2325,0.01746006637787829,1.0,12.883846363099869,0.9868069298219152,1.0260627050482771,0.9933784271609946,0.997282941622266,12.883846363099869
0.233,0.01745537887787829,1.0,12.884756930098348,0.986926005022653,1.0257200476581254,0.9933710723087821,0.9973539165938551,12.884756930098348
0.2335,0.01745069137787829,1.0,12.885654886160447,0.9870440035624756,1.0253774039697794,0.9933636864188103,0.9974239494710185,12.885654886160447
0.234,0.01744600387787829,1.0,12.886540234593625,0.9871609349678725,1.025034773978223,0.9933562696181536,0.9974930403674371,12.886540234593625
0.23450000000000001,0.01744131637787829,1.0,12.887412978724113,0.9872768087653333,1.0246921576784402,0.9933488220342424,0.9975611893967322,12.887412978724113
0.23500000000000001,0.01743662887787829,1.0,12.88827312189642,0.9873916344813477,1.0243495550654156,0.9933413437948753,0.9976283966724652,12.88827312189642
0.23550000000000001,0.01743194137787829,1.0,12.889120667475765,0.9875054216424052,1.024006966134133,0.9933338350282257,0.9976946623081384,12.889120667475765
0.23600000000000002,0.01742725387787829,1.0,12.889955618845478,0.9876181797749957,1.0236643908795764,0.9933262958628539,0.9977599864171944,12.889955618845478
0.23650000000000002,0.01742256637787829,1.0,12.890777979408503,0.9877299184056085,1.02332182929673,0.9933187264277146,0.9978243691130168,12.890777979408503
0.23700000000000002,0.01741787887787829,1.0,12.891587752586203,0.9878406470607335,1.0229792813805785,0.9933111268521669,0.9978878105089288,12.891587752586203
0.23750000000000002,0.01741319137787829,1.0,12.892384941820556,0.9879503752668602,1.0226367471261053,0.993303497265984,0.9979503107181951,12.892384941820556
0.23800000000000002,0.01740850387787829,1.0,12.893169550571102,0.9880591125504784,1.0222942265282948,0.993295837799362,0.9980118698540204,12.893169550571102
0.23850000000000002,0.01740381637787829,1.0,12.893941582317364,0.9881668684380774,1.021951719582131,0.9932881485829298,0.99807248802955,12.893941582317364
0.23900000000000002,0.01739912887787829,1.0,12.894701040557086,0.9882736524561472,1.0216092262825984,0.9932804297477569,0.9981321653578699,12.894701040557086
0.23950000000000002,0.01739444137787829,1.0,12.895447928807709,0.9883794741311772,1.0212667466246808,0.9932726814253647,0.9981909019520065,12.895447928807709
0.24,0.017389753877878292,1.0,12.896182250605202,0.988484342989657,1.0209242806033625,0.9932649037477334,0.998248697924927,12.896182250605202
0.2405,0.01738506637787829,1.0,12.89690401777886,0.9885882577447379,1.0205818282046646,0.9932570966126045,0.9983055533910147,12.89690401777886
0.241,0.01738037887787829,1.0,12.897613260307743,0.9886912020201475,1.0202393893949693,0.9932492595891357,0.9983614684676753,12.897613260307743
0.2415,0.01737569137787829,1.0,12.898309950731075,0.9887932285650229,1.0198969642029014,0.9932413937482912,0.9984164432620338,12.898309950731075
0.242,0.01737100387787829,1.0,12.898994091446026,0.9888943443686073,1.019554552624761,0.9932334991692694,0.9984704778865818,12.898994091446026
0.2425,0.01736631637787829,1.0,12.899665684869204,0.9889945564201434,1.0192121546568473,0.9932255759315431,0.9985235724537656,12.899665684869204
0.243,0.01736162887787829,1.0,12.900324733435355,0.9890938717088745,1.0188697702954606,0.9932176241148664,0.9985757270759862,12.900324733435355
0.2435,0.017356941377878292,1.0,12.900971239597922,0.9891922972240433,1.0185273995369006,0.9932096437992803,0.9986269418656002,12.900971239597922
0.244,0.01735225387787829,1.0,12.901605205828929,0.9892898399548931,1.0181850423774674,0.9932016350651196,0.9986772169349188,12.901605205828929
0.2445,0.01734756637787829,1.0,12.902226634620218,0.9893865068906665,1.0178426988134603,0.9931935979930189,0.9987265523962086,12.902226634620218
0.245,0.01734287887787829,1.0,12.902835528481015,0.9894823050206067,1.0175003688411794,0.9931855326639175,0.9987749483616907,12.902835528481015
0.2455,0.01733819137787829,1.0,12.903431889939172,0.9895772413339569,1.0171580524569248,0.9931774391590675,0.9988224049435417,12.903431889939172
0.246,0.01733350387787829,1.0,12.904015721542217,0.9896713228199596,1.0168157496569958,0.9931693175600377,0.998868922253893,12.904015721542217
0.2465,0.01732881637787829,1.0,12.904587025855228,0.9897645564678582,1.0164734604376926,0.9931611679487214,0.9989145004048311,12.904587025855228
0.247,0.017324128877878292,1.0,12.905145805462213,0.9898569492668955,1.016131184795315,0.9931529904073413,0.9989591395083977,12.905145805462213
0.2475,0.01731944137787829,1.0,12.905692062965993,0.9899485082063145,1.0157889227261625,0.993144785018456,0.9990028396765891,12.905692062965993
0.248,0.01731475387787829,1.0,12.9062258009877,0.9900392402753583,1.0154466742265353,0.993136551864966,0.9990456010213572,12.9062258009877
0.2485,0.01731006637787829,1.0,12.906747022167124,0.9901291524632697,1.015104439292733,0.9931282910301192,0.9990874236546086,12.906747022167124
0.249,0.01730537887787829,1.0,12.907255729162454,0.9902182517592918,1.0147622179210558,0.9931200025975181,0.999128307688205,12.907255729162454
0.2495,0.01730069137787829,1.0,12.907751924650618,0.9903065451526676,1.014420010107803,0.9931116866511238,0.9991682532339634,12.907751924650618
0.25,0.01729600387787829,1.0,12.908235611326448,0.9903940396326399,1.0140778158492747,0.9931033432752635,0.9992072604036556,12.908235611326448
0.2505,0.017291316377878292,1.0,12.908706791903823,0.9904807421884521,1.0137356351417708,0.9930949725546359,0.9992453293090086,12.908706791903823
0.251,0.01728662887787829,1.0,12.909165469114848,0.9905666598093467,1.013393467981591,0.9930865745743168,0.9992824600617044,12.909165469114848
0.2515,0.01728194137787829,1.0,12.909611645710411,0.9906517994845669,1.013051314365035,0.9930781494197655,0.9993186527733802,12.909611645710411
0.252,0.01727725387787829,1.0,12.910045324459242,0.9907361682033559,1.0127091742884031,0.9930696971768304,0.9993539075556279,12.910045324459242
0.2525,0.01727256637787829,1.0,12.91046650814882,0.9908197729549564,1.0123670477479947,0.9930612179317546,0.9993882245199953,12.91046650814882
0.253,0.01726787887787829,1.0,12.910875199584892,0.9909026207286115,1.0120249347401098,0.9930527117711825,0.9994216037779844,12.910875199584892
0.2535,0.017263191377878292,1.0,12.911271401591812,0.9909847185135641,1.011682835261048,0.9930441787821643,0.9994540454410529,12.911271401591812
0.254,0.01725850387787829,1.0,12.911655117011824,0.9910660732990572,1.0113407493071094,0.9930356190521629,0.9994855496206132,12.911655117011824
0.2545,0.01725381637787829,1.0,12.91202634870609,0.9911466920743338,1.0109986768745938,0.9930270326690596,0.9995161164280331,12.91202634870609
0.255,0.01724912887787829,1.0,12.912385099553623,0.9912265818286371,1.0106566179598009,0.993018419721159,0.9995457459746354,12.912385099553623
0.2555,0.01724444137787829,1.0,12.91273137245198,0.9913057495512098,1.0103145725590306,0.9930097802971959,0.999574438371698,12.91273137245198
0.256,0.01723975387787829,1.0,12.913065170317,0.991384202231295,1.0099725406685827,0.9930011144863401,0.9996021937304539,12.913065170317
0.2565,0.01723506637787829,1.0,12.913386496082678,0.9914619468581356,1.0096305222847568,0.9929924223782024,0.9996290121620912,12.913386496082678
0.257,0.01723037887787829,1.0,12.913695352700918,0.9915389904209747,1.0092885174038533,0.9929837040628405,0.9996548937777533,12.913695352700918
0.2575,0.01722569137787829,1.0,12.913991743142907,0.9916153399090554,1.0089465260221715,0.9929749596307643,0.9996798386885384,12.913991743142907
0.258,0.01722100387787829,1.0,12.914275670397119,0.9916910023116203,1.0086045481360115,0.9929661891729418,0.9997038470055002,12.914275670397119
0.2585,0.01721631637787829,1.0,12.914547137470361,0.9917659846179128,1.0082625837416732,0.9929573927808047,0.9997269188396474,12.914547137470361
0.259,0.01721162887787829,1.0,12.914805977515165,0.9918402864838536,1.0079206330193458,0.9929485703862319,0.9997490542902914,12.914805977515165
0.2595,0.01720694137787829,1.0,12.915051819210156,0.9919138944119406,1.0075786963705748,0.9929397216301317,0.9997702534452906,12.915051819210156
0.26,0.01720225387787829,1.0,12.915285462332465,0.9919868461480927,1.007236772929205,0.9929308472731215,0.9997905164702845,12.915285462332465
0.2605,0.01719756637787829,1.0,12.915506886546826,0.9920591466892906,1.0068948627168905,0.9929219473643517,0.9998098434724609,12.915506886546826
0.261,0.01719287887787829,1.0,12.915716071535082,0.9921308010325148,1.0065529657552854,0.9929130219532573,0.9998282345592402,12.915716071535082
0.2615,0.01718819137787829,1.0,12.915912996995345,0.9922018141747457,1.0062110820660437,0.9929040710895601,0.9998456898382755,12.915912996995345
0.262,0.01718350387787829,1.0,12.916097642642557,0.992272191112964,1.0058692116708194,0.9928950948232735,0.9998622094174525,12.916097642642557
0.2625,0.01717881637787829,1.0,12.91626998820882,0.9923419368441502,1.0055273545912669,0.9928860932047062,0.9998777934048896,12.91626998820882
0.263,0.01717412887787829,1.0,12.916430013442785,0.9924110563652848,1.0051855108490402,0.9928770662844654,0.999892441908938,12.916430013442785
0.2635,0.01716944137787829,1.0,12.91657769811093,0.9924795546733484,1.0048436804657932,0.9928680141134604,0.9999061550381811,12.91657769811093
0.264,0.01716475387787829,1.0,12.916713021996113,0.9925474367653214,1.0045018634631804,0.9928589367429073,0.9999189329014355,12.916713021996113
0.2645,0.01716006637787829,1.0,12.916835964899681,0.9926147076381846,1.0041600598628553,0.9928498342243316,0.9999307756077498,12.916835964899681
0.265,0.01715537887787829,1.0,12.916946506638974,0.9926813722889183,1.0038182696864726,0.9928407066095729,0.9999416832664054,12.916946506638974
0.2655,0.01715069137787829,1.0,12.917044627049886,0.9927474357145032,1.003476492955686,0.992831553950787,0.9999516559869163,12.917044627049886
0.266,0.01714600387787829,1.0,12.917130305985436,0.9928129029119197,1.00313472969215,0.9928223763004519,0.9999606938790286,12.917130305985436
0.2665,0.01714131637787829,1.0,12.917203523316338,0.9928777788781484,1.0027929799175184,0.9928131737113693,0.9999687970527213,12.917203523316338
0.267,0.017136628877878292,1.0,12.917264258931441,0.99294206861017,1.0024512436534452,0.9928039462366695,0.9999759656182058,12.917264258931441
0.2675,0.01713194137787829,1.0,12.917312492736546,0.9930057771049648,1.002109520921585,0.9927946939298151,0.9999821996859256,12.917312492736546
0.268,0.01712725387787829,1.0,12.917348204657184,0.9930689093595135,1.001767811743591,0.9927854168446034,0.9999874993665568,12.917348204657184
0.2685,0.01712256637787829,1.0,12.917371374635222,0.9931314703707966,1.0014261161411182,0.9927761150351722,0.9999918647710082,12.917371374635222
0.269,0.01711787887787829,1.0,12.917381982631385,0.9931934651357947,1.0010844341358205,0.9927667885560011,0.9999952960104203,12.917381982631385
0.2695,0.01711319137787829,1.0,12.91738000862504,0.9932548986514882,1.0007427657493515,0.9927574374619169,0.9999977931961663,12.91738000862504
0.27,0.01710850387787829,1.0,12.917365432613094,0.9933157759148578,1.000401111003366,0.9927480618080968,0.9999993564398519,12.917365432613094
0.2705,0.017103816377878292,1.0,12.917338234611623,0.9933761019228838,1.0000594699195176,0.9927386616500713,0.9999999858533147,12.917338234611623
0.271,0.01709912887787829,1.0,12.917298394654692,0.993435881672547,0.9997178425194606,0.992729237043729,0.9999996815486247,12.917298394654692
0.2715,0.01709444137787829,1.0,12.917245892795833,0.993495120160828,0.999376228824849,0.992719788045319,0.9999984436380842,12.917245892795833
0.272,0.01708975387787829,1.0,12.917180709106649,0.993553822384707,0.9990346288573371,0.9927103147114558,0.9999962722342276,12.917180709106649
0.2725,0.01708506637787829,1.0,12.917102823677949,0.9936119933411649,0.9986930426385787,0.9927008170991221,0.9999931674498217,12.917102823677949
0.273,0.01708037887787829,1.0,12.917012216619263,0.993669638027182,0.9983514701902281,0.9926912952656719,0.9999891293978652,12.917012216619263
0.2735,0.01707569137787829,1.0,12.916908868059062,0.9937267614397389,0.9980099115339395,0.9926817492688361,0.999984158191589,12.916908868059062
0.274,0.01707100387787829,1.0,12.916792758145203,0.9937833685758162,0.9976683666913667,0.9926721791667237,0.9999782539444563,12.916792758145203
0.2745,0.01706631637787829,1.0,12.916663867045148,0.9938394644323943,0.997326835684164,0.9926625850178268,0.9999714167701622,12.916663867045148
0.275,0.01706162887787829,1.0,12.916522174945126,0.9938950540064541,0.9969853185339855,0.992652966881024,0.9999636467826338,12.916522174945126
0.2755,0.01705694137787829,1.0,12.91636766205105,0.9939501422949757,0.9966438152624854,0.9926433248155838,0.9999549440960307,12.91636766205105
0.276,0.01705225387787829,1.0,12.916200308588499,0.9940047342949399,0.9963023258913174,0.9926336588811685,0.9999453088247439,12.916200308588499
0.2765,0.01704756637787829,1.0,12.916020094802352,0.9940588350033271,0.995960850442136,0.9926239691378368,0.9999347410833969,12.916020094802352
0.277,0.01704287887787829,1.0,12.91582700095712,0.9941124494171181,0.9956193889365952,0.9926142556460487,0.9999232409868447,12.91582700095712
0.2775,0.01703819137787829,1.0,12.915621035785808,0.9941655775983438,0.9952779413655553,0.9926045183490617,0.9999108086490115,12.915621035785808
0.278,0.01703350387787829,1.0,12.915402133944873,0.994218209248301,0.9949365078000825,0.992594756947401,0.9998974441869655,12.915402133944873
0.2785,0.01702881637787829,1.0,12.915170063581032,0.9942703717105871,0.9945950884915139,0.992584972037749,0.9998831477263418,12.915170063581032
0.279,0.01702412887787829,1.0,12.91492482580955,0.9943220685578086,0.9942536834390264,0.9925751636479064,0.9998679193839243,12.91492482580955
0.2795,0.01701944137787829,1.0,12.914666421765823,0.9943733033625718,0.9939122926417971,0.9925653318059184,0.9998517592764835,12.914666421765823
0.28,0.01701475387787829,1.0,12.914394852605227,0.9944240796974833,0.9935709160990029,0.9925554765400781,0.9998346675207758,12.914394852605227
0.2805,0.01701006637787829,1.0,12.914110119503144,0.9944744011351494,0.9932295538098209,0.9925455978789284,0.9998166442335435,12.914110119503144
0.281,0.01700537887787829,1.0,12.913812223655864,0.9945242712481767,0.9928882057734278,0.992535695851264,0.9997976895315156,12.913812223655864
0.28150000000000003,0.01700069137787829,1.0,12.913501166279083,0.9945736936091715,0.9925468719890008,0.9925257704861343,0.9997778035314067,12.913501166279083
0.28200000000000003,0.01699600387787829,1.0,12.913176948608363,0.9946226717907403,0.992205552455717,0.9925158218128459,0.9997569863499177,12.913176948608363
0.28250000000000003,0.01699131637787829,1.0,12.912839571900049,0.9946712093654896,0.9918642471727529,0.9925058498609641,0.9997352381037358,12.912839571900049
0.28300000000000003,0.01698662887787829,1.0,12.91248903742988,0.9947193099060258,0.991522956139286,0.9924958546603159,0.9997125589095341,12.91248903742988
0.28350000000000003,0.01698194137787829,1.0,12.912125346494383,0.9947669769849552,0.991181679354493,0.9924858362409917,0.9996889488839721,12.912125346494383
0.28400000000000003,0.01697725387787829,1.0,12.911748500409459,0.9948142141748846,0.9908404168175509,0.992475794633349,0.9996644081436952,12.911748500409459
0.28450000000000003,0.01697256637787829,1.0,12.911358500511671,0.9948610250484201,0.9904991685276368,0.992465729868013,0.999638936805335,12.911358500511671
0.28500000000000003,0.01696787887787829,1.0,12.910955348157541,0.9949074131781683,0.9901579344839275,0.99245564197588,0.9996125349855094,12.910955348157541
0.28550000000000003,0.01696319137787829,1.0,12.910539044723308,0.9949533821367358,0.9898167146856002,0.9924455309881196,0.9995852028008221,12.910539044723308
0.28600000000000003,0.01695850387787829,1.0,12.910109591605622,0.9949989354967287,0.9894755091318317,0.992435396936177,0.9995569403678634,12.910109591605622
0.28650000000000003,0.01695381637787829,1.0,12.909666990221085,0.9950440768307537,0.989134317821799,0.9924252398517744,0.9995277478032093,12.909666990221085
0.28700000000000003,0.01694912887787829,1.0,12.909211242006355,0.9950888097114171,0.9887931407546791,0.9924150597669151,0.9994976252234222,12.909211242006355
0.28750000000000003,0.01694444137787829,1.0,12.908742348417787,0.9951331377113255,0.988451977929649,0.9924048567138848,0.9994665727450508,12.908742348417787
0.28800000000000003,0.01693975387787829,1.0,12.908260310932727,0.9951770644030853,0.9881108293458857,0.9923946307252535,0.9994345904846293,12.908260310932727
0.2885,0.01693506637787829,1.0,12.907765131047746,0.9952205933593028,0.9877696950025662,0.9923843818338786,0.999401678558679,12.907765131047746
0.289,0.01693037887787829,1.0,12.907256810279575,0.9952637281525846,0.9874285748988674,0.9923741100729069,0.9993678370837065,12.907256810279575
0.2895,0.01692569137787829,1.0,12.906735350165214,0.995306472355537,0.9870874690339663,0.9923638154757777,0.9993330661762049,12.906735350165214
0.29,0.01692100387787829,1.0,12.906200752261581,0.9953488295407666,0.9867463774070399,0.992353498076223,0.9992973659526535,12.906200752261581
0.2905,0.016916316377878292,1.0,12.905653018145628,0.9953908032808799,0.986405300017265,0.9923431579082727,0.9992607365295177,12.905653018145628
0.291,0.01691162887787829,1.0,12.905092149413981,0.9954323971484832,0.9860642368638189,0.9923327950062548,0.999223178023249,12.905092149413981
0.2915,0.01690694137787829,1.0,12.904518147684218,0.9954736147161829,0.9857231879458784,0.992322409404798,0.9991846905502851,12.904518147684218
0.292,0.01690225387787829,1.0,12.903931014593129,0.9955144595565856,0.9853821532626205,0.9923120011388352,0.9991452742270499,12.903931014593129
0.2925,0.01689756637787829,1.0,12.90333075179774,0.9955549352422977,0.9850411328132221,0.9923015702436045,0.9991049291699534,12.90333075179774
0.293,0.01689287887787829,1.0,12.90271736097498,0.9955950453459256,0.9847001265968603,0.9922911167546525,0.9990636554953916,12.90271736097498
0.2935,0.01688819137787829,1.0,12.90209084382213,0.9956347934400757,0.9843591346127121,0.9922806407078354,0.9990214533197469,12.90209084382213
0.294,0.016883503877878292,1.0,12.901451202056013,0.9956741830973546,0.9840181568599543,0.992270142139323,0.9989783227593879,12.901451202056013
0.2945,0.01687881637787829,1.0,12.900798437413444,0.9957132178903686,0.9836771933377642,0.9922596210855996,0.9989342639306691,12.900798437413444
0.295,0.01687412887787829,1.0,12.900132551652172,0.9957519013917242,0.9833362440453184,0.9922490775834667,0.9988892769499312,12.900132551652172
0.2955,0.01686944137787829,1.0,12.899453546548887,0.9957902371740279,0.982995308981794,0.9922385116700457,0.9988433619335014,12.899453546548887
0.296,0.01686475387787829,1.0,12.898761428587564,0.9958282222005295,0.9826543881412911,0.9922279232188099,0.9987965189969881,12.898761428587564
0.2965,0.01686006637787829,1.0,12.898056225183414,0.9958658375654599,0.9823134814952581,0.99221731170813,0.9987487482527256,12.898056225183414
0.297,0.01685537887787829,1.0,12.897337920766399,0.9959031201273947,0.981972589061725,0.9922066780009721,0.9987000498194503,12.897337920766399
0.2975,0.016850691377878292,1.0,12.896606517129184,0.9959400723045603,0.9816317108399375,0.9921960221074426,0.9986504238133294,12.896606517129184
0.298,0.01684600387787829,1.0,12.895862016084383,0.9959766965151826,0.9812908468291406,0.9921853440378285,0.9985998703505173,12.895862016084383
0.2985,0.01684131637787829,1.0,12.895104419465007,0.9960129951774883,0.9809499970285797,0.9921746438026003,0.9985483895471555,12.895104419465007
0.299,0.01683662887787829,1.0,12.894333729123426,0.9960489707097034,0.9806091614375,0.9921639214124123,0.9984959815193722,12.894333729123426
0.2995,0.01683194137787829,1.0,12.893549946932042,0.9960846255300544,0.9802683400551468,0.9921531768781043,0.9984426463832827,12.893549946932042
0.3,0.01682725387787829,1.0,12.892753074783434,0.9961199620567672,0.9799275328807656,0.9921424102107035,0.998388384254989,12.892753074783434
0.3005,0.016822566377878292,1.0,12.891943114589735,0.9961549827080685,0.9795867399136016,0.9921316214214254,0.9983331952505802,12.891943114589735
0.301,0.016817878877878292,1.0,12.891120068283362,0.9961896899021843,0.9792459611528999,0.9921208105216757,0.9982770794861322,12.891120068283362
0.3015,0.01681319137787829,1.0,12.890283937816289,0.9962240860573409,0.978905196597906,0.9921099775230514,0.998220037077708,12.890283937816289
0.302,0.01680850387787829,1.0,12.889434725160873,0.9962581735917647,0.9785644462478651,0.9920991224373418,0.9981620681413573,12.889434725160873
0.3025,0.01680381637787829,1.0,12.88857243230914,0.9962919549236818,0.9782237101020225,0.992088245276531,0.998103172793117,12.88857243230914
0.303,0.01679912887787829,1.0,12.887697061273027,0.9963254324713187,0.9778829881596234,0.9920773460527987,0.9980433511490105,12.887697061273027
0.3035,0.01679444137787829,1.0,12.886808614083904,0.9963586086529015,0.9775422804199133,0.9920664247785218,0.9979826033250487,12.886808614083904
0.304,0.016789753877878292,1.0,12.885907092793854,0.9963914858866564,0.9772015868821374,0.9920554814662753,0.9979209294372291,12.885907092793854
0.3045,0.01678506637787829,1.0,12.88499249947427,0.9964240665908098,0.9768609075455409,0.9920445161288348,0.997858329601536,12.88499249947427
0.305,0.01678037887787829,1.0,12.884064836216906,0.996456353183588,0.9765202424093692,0.992033528779177,0.9977948039339408,12.884064836216906
0.3055,0.01677569137787829,1.0,12.883124105133048,0.9964883480832173,0.9761795914728676,0.9920225194304815,0.9977303525504021,12.883124105133048
0.306,0.01677100387787829,1.0,12.88217030835387,0.9965200537079238,0.9758389547352813,0.9920114880961326,0.9976649755668648,12.88217030835387
0.3065,0.01676631637787829,1.0,12.881203448030426,0.9965514724759339,0.9754983321958557,0.9920004347897198,0.9975986730992614,12.881203448030426
0.307,0.01676162887787829,1.0,12.880223526333873,0.9965826068054738,0.9751577238538359,0.9919893595250404,0.9975314452635109,12.880223526333873
0.3075,0.01675694137787829,1.0,12.879230545454902,0.9966134591147698,0.9748171297084675,0.9919782623161,0.9974632921755194,12.879230545454902
0.308,0.01675225387787829,1.0,12.878224507604648,0.9966440318220483,0.9744765497589954,0.9919671431771144,0.9973942139511799,12.878224507604648
0.3085,0.01674756637787829,1.0,12.877205415013412,0.9966743273455354,0.9741359840046653,0.9919560021225113,0.9973242107063722,12.877205415013412
0.309,0.01674287887787829,1.0,12.876173269931945,0.9967043481034574,0.9737954324447221,0.9919448391669309,0.9972532825569635,12.876173269931945
0.3095,0.01673819137787829,1.0,12.875128074630387,0.9967340965140405,0.9734548950784114,0.9919336543252284,0.9971814296188074,12.875128074630387
0.31,0.01673350387787829,1.0,12.874069831398973,0.9967635749955113,0.9731143719049784,0.9919224476124745,0.9971086520077448,12.874069831398973
0.3105,0.01672881637787829,1.0,12.872998542547778,0.9967927859660958,0.9727738629236683,0.9919112190439576,0.9970349498396032,12.872998542547778
0.311,0.01672412887787829,1.0,12.871914210406498,0.9968217318440201,0.9724333681337265,0.9918999686351846,0.9969603232301975,12.871914210406498
0.3115,0.01671944137787829,1.0,12.870816837325147,0.9968504150475109,0.9720928875343983,0.9918886964018833,0.996884772295329,12.870816837325147
0.312,0.01671475387787829,1.0,12.86970642567345,0.9968788379947943,0.9717524211249288,0.9918774023600027,0.9968082971507866,12.86970642567345
0.3125,0.01671006637787829,1.0,12.868582977840513,0.9969070031040963,0.9714119689045635,0.9918660865257151,0.9967308979123454,12.868582977840513
0.313,0.01670537887787829,1.0,12.86744649623574,0.9969349127936435,0.9710715308725476,0.9918547489154175,0.9966525746957682,12.86744649623574
0.3135,0.01670069137787829,1.0,12.866296983288011,0.9969625694816622,0.9707311070281265,0.9918433895457331,0.9965733276168041,12.866296983288011
0.314,0.016696003877878292,1.0,12.865134441446623,0.9969899755863785,0.9703906973705453,0.9918320084335127,0.9964931567911894,12.865134441446623
0.3145,0.01669131637787829,1.0,12.863958873179643,0.9970171335260187,0.9700503018990495,0.9918206055958362,0.9964120623346477,12.863958873179643
0.315,0.01668662887787829,1.0,12.862770280976473,0.9970440457188091,0.9697099206128842,0.9918091810500136,0.9963300443628889,12.862770280976473
0.3155,0.01668194137787829,1.0,12.86156866734505,0.9970707145829759,0.9693695535112947,0.9917977348135876,0.9962471029916102,12.86156866734505
0.316,0.01667725387787829,1.0,12.860354034813476,0.9970971425367455,0.9690292005935266,0.9917862669043334,0.9961632383364959,12.860354034813476
0.3165,0.01667256637787829,1.0,12.859126385930125,0.9971233319983441,0.9686888618588247,0.9917747773402616,0.996078450513217,12.859126385930125
0.317,0.01666787887787829,1.0,12.857885723262363,0.997149285385998,0.9683485373064348,0.9917632661396193,0.9959927396374314,12.857885723262363
0.3175,0.016663191377878292,1.0,12.856632049398051,0.9971750051179336,0.9680082269356017,0.991751733320891,0.9959061058247841,12.856632049398051
0.318,0.01665850387787829,1.0,12.855365366944278,0.9972004936123768,0.9676679307455711,0.9917401789028006,0.9958185491909073,12.855365366944278
0.3185,0.01665381637787829,1.0,12.854085678528618,0.9972257532875541,0.9673276487355881,0.9917286029043129,0.9957300698514195,12.854085678528618
0.319,0.01664912887787829,1.0,12.85279298679797,0.997250786561692,0.966987380904898,0.9917170053446348,0.9956406679219268,12.85279298679797
0.3195,0.01664444137787829,1.0,12.851487294419142,0.9972755958530163,0.966647127252746,0.9917053862432166,0.995550343518022,12.851487294419142
0.32,0.01663975387787829,1.0,12.850168645331026,0.9973001666113324,0.9663068877336092,0.9916937451696153,0.9954590967432175,12.850168645331026
0.3205,0.01663506637787829,1.0,12.848837019509743,0.997324512194811,0.9659666623713944,0.9916820824323856,0.9953669277194294,12.848837019509743
0.321,0.016630378877878292,1.0,12.847492400221808,0.9973486422009098,0.9656264511864644,0.9916703982421079,0.995273836567854,12.847492400221808
0.3215,0.01662569137787829,1.0,12.846134789238494,0.9973725582019893,0.9652862541791221,0.9916586925969302,0.9951798234043339,12.846134789238494
0.322,0.01662100387787829,1.0,12.844764188352098,0.9973962617704101,0.9649460713496699,0.9916469654951294,0.9950848883447103,12.844764188352098
0.3225,0.01661631637787829,1.0,12.843380599374083,0.9974197544785326,0.9646059026984106,0.9916352169351118,0.9949890315048225,12.843380599374083
0.323,0.01661162887787829,1.0,12.841984024136254,0.9974430378987174,0.9642657482256469,0.9916234469154148,0.9948922530005085,12.841984024136254
0.3235,0.01660694137787829,1.0,12.840574464490391,0.9974661136033248,0.9639256079316814,0.9916116554347058,0.9947945529476049,12.840574464490391
0.324,0.016602253877878292,1.0,12.839151922307922,0.9974889831647156,0.9635854818168167,0.9915998424917855,0.9946959314619465,12.839151922307922
0.3245,0.01659756637787829,1.0,12.8377163994806,0.9975116481552501,0.9632453698813555,0.9915880080855867,0.9945963886593665,12.8377163994806
0.325,0.01659287887787829,1.0,12.836267897920413,0.9975341101472889,0.9629052721256005,0.9915761522151769,0.994495924655697,12.836267897920413
0.3255,0.01658819137787829,1.0,12.834806419558864,0.9975563707131926,0.9625651885498543,0.9915642748797573,0.9943945395667682,12.834806419558864
0.326,0.01658350387787829,1.0,12.833331966347574,0.9975784314253215,0.9622251191544196,0.9915523760786658,0.9942922335084088,12.833331966347574
0.3265,0.01657881637787829,1.0,12.831844540258029,0.9976002938560364,0.961885063939599,0.9915404558113764,0.9941890065964462,12.831844540258029
0.327,0.01657412887787829,1.0,12.83034414328219,0.9976219595776976,0.9615450229056953,0.9915285140774999,0.9940848589467061,12.83034414328219
0.3275,0.01656944137787829,1.0,12.828830777431424,0.9976434301626657,0.9612049960530109,0.9915165508767864,0.9939797906750124,12.828830777431424
0.328,0.01656475387787829,1.0,12.827304444737566,0.9976647071833011,0.9608649833818488,0.9915045662091243,0.9938738018971881,12.827304444737566
0.3285,0.01656006637787829,1.0,12.825765147252325,0.9976857922119645,0.9605249848925113,0.9914925600745422,0.9937668927290542,12.825765147252325
0.329,0.01655537887787829,1.0,12.824212887047077,0.9977066868210164,0.9601850005853013,0.9914805324732103,0.9936590632864302,12.824212887047077
0.3295,0.01655069137787829,1.0,12.822647666213769,0.9977273925828171,0.9598450304605214,0.9914684834054396,0.9935503136851341,12.822647666213769
0.33,0.01654600387787829,1.0,12.821069486864008,0.9977479110697273,0.9595050745184741,0.9914564128716842,0.9934406440409826,12.821069486864008
0.3305,0.01654131637787829,1.0,12.819478351129172,0.9977682438541075,0.9591651327594624,0.9914443208725422,0.9933300544697906,12.819478351129172
0.331,0.01653662887787829,1.0,12.817874261160881,0.9977883925083181,0.9588252051837886,0.9914322074087554,0.9932185450873715,12.817874261160881
0.3315,0.01653194137787829,1.0,12.816257219131227,0.9978083586047197,0.9584852917917556,0.9914200724812112,0.9931061160095372,12.816257219131227
0.332,0.01652725387787829,1.0,12.814627227231844,0.9978281437156729,0.9581453925836658,0.991407916090944,0.9929927673520982,12.814627227231844
0.3325,0.01652256637787829,1.0,12.812984287674148,0.997847749413538,0.9578055075598222,0.9913957382391343,0.9928784992308631,12.812984287674148
0.333,0.01651787887787829,1.0,12.811328402690025,0.9978671772706758,0.9574656367205272,0.9913835389271111,0.9927633117616393,12.811328402690025
0.3335,0.01651319137787829,1.0,12.809659574531034,0.9978864288594466,0.9571257800660836,0.9913713181563525,0.9926472050602326,12.809659574531034
0.334,0.01650850387787829,1.0,12.807977805469214,0.9979055057522109,0.9567859375967939,0.9913590759284856,0.9925301792424472,12.807977805469214
0.3345,0.01650381637787829,1.0,12.806283097795685,0.9979244095213293,0.9564461093129609,0.9913468122452894,0.9924122344240858,12.806283097795685
0.335,0.01649912887787829,1.0,12.80457545382298,0.9979431417391624,0.9561062952148872,0.9913345271086939,0.9922933707209495,12.80457545382298
0.3355,0.01649444137787829,1.0,12.802854875882382,0.9979617039780706,0.9557664953028755,0.9913222205207814,0.9921735882488378,12.802854875882382
0.336,0.01648975387787829,1.0,12.801121366326111,0.9979800978104144,0.9554267095772283,0.9913098924837882,0.992052887123549,12.801121366326111
0.3365,0.01648506637787829,1.0,12.79937492752549,0.9979983248085543,0.9550869380382485,0.9912975430001043,0.9919312674608795,12.79937492752549
0.337,0.01648037887787829,1.0,12.797615561872673,0.998016386544851,0.9547471806862387,0.9912851720722757,0.9918087293766242,12.797615561872673
0.3375,0.016475691377878292,1.0,12.79584327177961,0.9980342845916648,0.9544074375215013,0.9912727797030039,0.9916852729865767,12.79584327177961
0.338,0.01647100387787829,1.0,12.794058059677697,0.9980520205213563,0.9540677085443392,0.9912603658951474,0.991560898406529,12.794058059677697
0.3385,0.01646631637787829,1.0,12.79225992801963,0.998069595906286,0.953727993755055,0.9912479306517231,0.9914356057522711,12.79225992801963
0.339,0.01646162887787829,1.0,12.790448879276868,0.9980870123188145,0.9533882931539515,0.9912354739759067,0.9913093951395922,12.790448879276868
0.3395,0.01645694137787829,1.0,12.788624915941583,0.9981042713313021,0.9530486067413311,0.9912229958710334,0.9911822666842792,12.788624915941583
0.34,0.01645225387787829,1.0,12.78678804052564,0.9981213745161096,0.9527089345174966,0.991210496340599,0.9910542205021183,12.78678804052564
0.3405,0.01644756637787829,1.0,12.784938255561284,0.9981383234455973,0.9523692764827506,0.9911979753882614,0.9909252567088934,12.784938255561284
0.341,0.016442878877878292,1.0,12.783075563600564,0.9981551196921258,0.9520296326373958,0.9911854330178403,0.9907953754203872,12.783075563600564
0.3415,0.01643819137787829,1.0,12.781199967215212,0.9981717648280556,0.9516900029817349,0.9911728692333195,0.9906645767523808,12.781199967215212
0.342,0.01643350387787829,1.0,12.779311468998053,0.9981882604257472,0.9513503875160705,0.9911602840388469,0.990532860820654,12.779311468998053
0.3425,0.01642881637787829,1.0,12.77741007156101,0.9982046080575611,0.9510107862407051,0.9911476774387349,0.9904002277409845,12.77741007156101
0.343,0.01642412887787829,1.0,12.775495777536284,0.9982208092958579,0.9506711991559417,0.9911350494374634,0.9902666776291489,12.775495777536284
0.3435,0.01641944137787829,1.0,12.7735685929815,0.998236859665536,0.9503316262583761,0.9911223998689486,0.9901322105994494,12.7735685929815
0.34400000000000003,0.01641475387787829,1.0,12.771628531489174,0.9982527454994886,0.9499920675364227,0.9911097283063527,0.9899968267628731,12.771628531489174
0.34450000000000003,0.01641006637787829,1.0,12.76967558282568,0.9982684920957826,0.9496525230044525,0.9910970354238041,0.9898605262407313,12.76967558282568
0.34500000000000003,0.01640537887787829,1.0,12.76770974855223,0.9982841004194624,0.9493129926640215,0.9910843212095855,0.9897233091492899,12.76770974855223
0.34550000000000003,0.01640069137787829,1.0,12.765731030249738,0.9982995714355724,0.9489734765166856,0.9910715856520542,0.9895851756048271,12.765731030249738
0.34600000000000003,0.01639600387787829,1.0,12.763739429519989,0.9983149061091571,0.948633974564001,0.9910588287396446,0.9894461257236332,12.763739429519989
0.34650000000000003,0.01639131637787829,1.0,12.761734947985072,0.9983301054052609,0.9482944868075237,0.9910460504608671,0.9893061596220106,12.761734947985072
0.34700000000000003,0.01638662887787829,1.0,12.759717587287382,0.9983451702889282,0.9479550132488096,0.99103325080431,0.9891652774162737,12.759717587287382
0.34750000000000003,0.016381941377878288,1.0,12.757687349089736,0.9983601017252037,0.9476155538894148,0.9910204297586389,0.9890234792227488,12.757687349089736
0.34800000000000003,0.01637725387787829,1.0,12.755644235075856,0.9983749006791317,0.9472761087308954,0.9910075873125976,0.9888807651577746,12.755644235075856
0.34850000000000003,0.01637256637787829,1.0,12.753588246949331,0.9983895681157565,0.9469366777748073,0.9909947234550092,0.9887371353377015,12.753588246949331
0.34900000000000003,0.01636787887787829,1.0,12.751519386434545,0.9984041050001229,0.9465972610227066,0.9909818381747751,0.9885925898788923,12.751519386434545
0.34950000000000003,0.01636319137787829,1.0,12.749437655276113,0.998418512297275,0.9462578584761492,0.9909689314608773,0.9884471288977216,12.749437655276113
0.35000000000000003,0.01635850387787829,1.0,12.747343055239227,0.9984327909722575,0.9459184701366913,0.9909560033023774,0.9883007525105761,12.747343055239227
0.35050000000000003,0.01635381637787829,1.0,12.74523558810944,0.9984469419901146,0.9455790960058889,0.9909430536884184,0.9881534608338549,12.74523558810944
0.35100000000000003,0.01634912887787829,1.0,12.74311525569278,0.998460966315891,0.9452397360852979,0.9909300826082242,0.9880052539839687,12.74311525569278
0.35150000000000003,0.01634444137787829,1.0,12.740982059816355,0.998474864914631,0.9449003903764744,0.9909170900511006,0.9878561320773404,12.740982059816355
0.352,0.01633975387787829,1.0,12.738836002327059,0.9984886387513792,0.9445610588809745,0.9909040760064362,0.9877060952304049,12.738836002327059
0.3525,0.01633506637787829,1.0,12.73667708509241,0.9985022887911799,0.9442217416003541,0.9908910404637014,0.9875551435596093,12.73667708509241
0.353,0.01633037887787829,1.0,12.734505310000666,0.9985158159990776,0.9438824385361693,0.9908779834124506,0.9874032771814127,12.734505310000666
0.3535,0.01632569137787829,1.0,12.732320678960491,0.9985292213401168,0.943543149689976,0.9908649048423227,0.9872504962122862,12.732320678960491
0.354,0.01632100387787829,1.0,12.730123193900955,0.9985425057793418,0.9432038750633304,0.9908518047430397,0.9870968007687129,12.730123193900955
0.3545,0.016316316377878292,1.0,12.72791285677177,0.9985556702817973,0.9428646146577884,0.9908386831044097,0.9869421909671879,12.72791285677177
0.355,0.01631162887787829,1.0,12.725689669542964,0.9985687158125275,0.9425253684749061,0.9908255399163254,0.9867866669242187,12.725689669542964
0.3555,0.01630694137787829,1.0,12.723453634205914,0.998581643336577,0.9421861365162394,0.990812375168766,0.9866302287563243,12.723453634205914
0.356,0.01630225387787829,1.0,12.721204752771516,0.9985944538189903,0.9418469187833445,0.9907991888517969,0.9864728765800362,12.721204752771516
0.3565,0.01629756637787829,1.0,12.718943027271802,0.9986071482248116,0.9415077152777773,0.9907859809555708,0.9863146105118977,12.718943027271802
0.357,0.01629287887787829,1.0,12.716668459759372,0.9986197275190856,0.9411685260010939,0.9907727514703277,0.9861554306684641,12.716668459759372
0.3575,0.01628819137787829,1.0,12.714381052306939,0.9986321926668567,0.9408293509548503,0.9907595003863962,0.9859953371663029,12.714381052306939
0.358,0.01628350387787829,1.0,12.712080807008263,0.9986445446331692,0.9404901901406025,0.9907462276941925,0.9858343301219934,12.712080807008263
0.3585,0.01627881637787829,1.0,12.709767725977805,0.9986567843830678,0.9401510435599065,0.9907329333842227,0.9856724096521272,12.709767725977805
0.359,0.01627412887787829,1.0,12.707441811350172,0.9986689128815968,0.9398119112143185,0.9907196174470829,0.9855095758733077,12.707441811350172
0.3595,0.01626944137787829,1.0,12.70510306528091,0.9986809310938005,0.9394727931053942,0.9907062798734583,0.9853458289021504,12.70510306528091
0.36,0.01626475387787829,1.0,12.702751489945957,0.9986928399847237,0.93913368923469,0.9906929206541258,0.9851811688552828,12.702751489945957
0.3605,0.01626006637787829,1.0,12.700387087542088,0.9987046405194107,0.9387945996037615,0.9906795397799532,0.9850155958493445,12.700387087542088
0.361,0.016255378877878292,1.0,12.698009860286371,0.9987163336629058,0.9384555242141652,0.9906661372419,0.9848491100009872,12.698009860286371
0.3615,0.01625069137787829,1.0,12.695619810416735,0.9987279203802537,0.9381164630674568,0.9906527130310181,0.9846817114268742,12.695619810416735
0.362,0.01624600387787829,1.0,12.693216940192098,0.9987394016364987,0.9377774161651924,0.9906392671384526,0.9845134002436814,12.693216940192098
0.3625,0.01624131637787829,1.0,12.690801251891443,0.9987507783966851,0.9374383835089279,0.9906257995554417,0.984344176568096,12.690801251891443
0.363,0.01623662887787829,1.0,12.688372747814649,0.9987620516258577,0.9370993651002196,0.9906123102733176,0.9841740405168181,12.688372747814649
0.3635,0.01623194137787829,1.0,12.685931430282137,0.9987732222890607,0.9367603609406234,0.9905987992835071,0.9840029922065591,12.685931430282137
0.364,0.01622725387787829,1.0,12.683477301635117,0.9987842913513387,0.9364213710316953,0.9905852665775319,0.9838310317540426,12.683477301635117
0.3645,0.016222566377878292,1.0,12.681010364235703,0.9987952597777361,0.9360823953749913,0.990571712147009,0.9836581592760043,12.681010364235703
0.365,0.01621787887787829,1.0,12.678530620465896,0.9988061285332973,0.9357434339720675,0.9905581359836524,0.9834843748891918,12.678530620465896
0.3655,0.01621319137787829,1.0,12.676038072729765,0.9988168985830668,0.9354044868244797,0.990544538079272,0.9833096787103648,12.676038072729765
0.366,0.01620850387787829,1.0,12.673532723450702,0.9988275708920891,0.9350655539337843,0.9905309184257751,0.9831340708562949,12.673532723450702
0.3665,0.01620381637787829,1.0,12.671014575073608,0.9988381464254085,0.9347266353015371,0.9905172770151666,0.9829575514437658,12.671014575073608
0.367,0.01619912887787829,1.0,12.668483630063756,0.9988486261480695,0.9343877309292942,0.9905036138395502,0.9827801205895732,12.668483630063756
0.3675,0.01619444137787829,1.0,12.665939890907254,0.9988590110251166,0.9340488408186114,0.990489928891128,0.9826017784105245,12.665939890907254
0.368,0.016189753877878292,1.0,12.663383360110824,0.9988693020215943,0.9337099649710451,0.9904762221622017,0.9824225250234397,12.663383360110824
0.3685,0.01618506637787829,1.0,12.660814040202046,0.998879500102547,0.933371103388151,0.9904624936451727,0.9822423605451501,12.660814040202046
0.369,0.01618037887787829,1.0,12.658231933729581,0.9988896062330191,0.9330322560714852,0.9904487433325432,0.9820612850924995,12.658231933729581
0.3695,0.01617569137787829,1.0,12.655637043262157,0.9988996213780551,0.9326934230226039,0.9904349712169165,0.9818792987823435,12.655637043262157
0.37,0.01617100387787829,1.0,12.653029371389835,0.9989095465026995,0.9323546042430629,0.9904211772909968,0.9816964017315495,12.653029371389835
0.3705,0.01616631637787829,1.0,12.65040892072286,0.9989193825719966,0.9320157997344184,0.9904073615475916,0.9815125940569972,12.65040892072286
0.371,0.01616162887787829,1.0,12.64777569389272,0.9989291305509911,0.9316770094982264,0.9903935239796102,0.9813278758755782,12.64777569389272
0.3715,0.016156941377878292,1.0,12.645129693551796,0.9989387914047272,0.9313382335360427,0.9903796645800653,0.981142247304196,12.645129693551796
0.372,0.01615225387787829,1.0,12.642470922372446,0.9989483660982494,0.9309994718494237,0.9903657833420739,0.9809557084597661,12.642470922372446
0.3725,0.01614756637787829,1.0,12.639799383049096,0.9989578555966023,0.9306607244399251,0.9903518802588568,0.980768259459216,12.639799383049096
0.373,0.01614287887787829,1.0,12.637115091337728,0.9989672512540482,0.9303219912948308,0.9903379550285349,0.9805799004115295,12.637115091337728
0.3735,0.01613819137787829,1.0,12.634418045806482,0.9989765571276876,0.9299832724202532,0.9903240077383917,0.9803906314360942,12.634418045806482
0.374,0.01613350387787829,1.0,12.631708237969764,0.998985781381776,0.9296445678300502,0.9903100386029353,0.9802004526567184,12.631708237969764
0.3745,0.016128816377878292,1.0,12.628985669415124,0.9989949245834252,0.9293058775270805,0.9902960476037012,0.9800093641911354,12.628985669415124
0.375,0.016124128877878292,1.0,12.626250341751577,0.9990039872997473,0.9289672015142029,0.9902820347222626,0.9798173661571046,12.626250341751577
0.3755,0.01611944137787829,1.0,12.623502256609509,0.9990129700978544,0.928628539794276,0.9902679999402313,0.979624458672411,12.623502256609509
0.376,0.01611475387787829,1.0,12.620741415641035,0.9990218735448586,0.9282898923701585,0.9902539432392578,0.9794306418548662,12.620741415641035
0.3765,0.01611006637787829,1.0,12.617967820519318,0.9990306982078719,0.9279512592447091,0.9902398646010317,0.9792359158223075,12.617967820519318
0.377,0.01610537887787829,1.0,12.615181472938813,0.9990394446540065,0.9276126404207866,0.990225764007282,0.9790402806925986,12.615181472938813
0.3775,0.01610069137787829,1.0,12.612382374615747,0.9990481134503743,0.9272740359012496,0.990211641439777,0.9788437365836291,12.612382374615747
0.378,0.01609600387787829,1.0,12.609570527287087,0.9990567051640874,0.9269354456889569,0.9901974968803251,0.9786462836133145,12.609570527287087
0.3785,0.01609131637787829,1.0,12.606745932712524,0.999065220362258,0.9265968697867671,0.990183330310775,0.9784479218995967,12.606745932712524
0.379,0.01608662887787829,1.0,12.60390859267205,0.9990736596119981,0.9262583081975391,0.9901691417130157,0.9782486515604435,12.60390859267205
0.3795,0.01608194137787829,1.0,12.601058508967718,0.9990820234804196,0.9259197609241313,0.9901549310689771,0.9780484727138485,12.601058508967718
0.38,0.01607725387787829,1.0,12.598195683422604,0.9990903125346349,0.9255812279694027,0.9901406983606297,0.9778473854778319,12.598195683422604
0.3805,0.01607256637787829,1.0,12.595320117881757,0.9990985273417559,0.9252427093362118,0.9901264435699861,0.9776453899704395,12.595320117881757
0.381,0.01606787887787829,1.0,12.592431814211619,0.9991066684688945,0.9249042050274173,0.9901121666791002,0.9774424863097433,12.592431814211619
0.3815,0.01606319137787829,1.0,12.589530774299702,0.999114736483163,0.9245657150458781,0.990097867670068,0.9772386746138414,12.589530774299702
0.382,0.01605850387787829,1.0,12.586617000055988,0.9991227319516734,0.9242272393944527,0.9900835465250273,0.9770339550008577,12.586617000055988
0.3825,0.01605381637787829,1.0,12.583690493411327,0.9991306554415378,0.923888778076,0.9900692032261591,0.9768283275889424,12.583690493411327
0.383,0.01604912887787829,1.0,12.580751256318134,0.9991385075198681,0.9235503310933786,0.9900548377556868,0.9766217924962719,12.580751256318134
0.3835,0.01604444137787829,1.0,12.577799290750876,0.9991462887537766,0.9232118984494471,0.9900404500958773,0.9764143498410479,12.577799290750876
0.384,0.01603975387787829,1.0,12.574834598705037,0.9991539997103753,0.9228734801470644,0.9900260402290404,0.9762059997414989,12.574834598705037
0.3845,0.016035066377878292,1.0,12.571857182198055,0.9991616409567762,0.922535076189089,0.9900116081375304,0.9759967423158791,12.571857182198055
0.385,0.01603037887787829,1.0,12.568867043268778,0.9991692130600914,0.9221966865783798,0.9899971538037452,0.9757865776824686,12.568867043268778
0.3855,0.01602569137787829,1.0,12.56586418397837,0.999176716587433,0.9218583113177954,0.9899826772101271,0.9755755059595737,12.56586418397837
0.386,0.01602100387787829,1.0,12.562848606408728,0.999184152105913,0.9215199504101945,0.9899681783391632,0.9753635272655267,12.562848606408728
0.3865,0.01601631637787829,1.0,12.55982031266388,0.9991915201826436,0.9211816038584358,0.9899536571733852,0.9751506417186858,12.55982031266388
0.387,0.01601162887787829,1.0,12.556779304869417,0.9991988213847367,0.9208432716653782,0.9899391136953708,0.9749368494374355,12.556779304869417
0.3875,0.01600694137787829,1.0,12.553725585172852,0.9992060562793045,0.9205049538338801,0.9899245478877424,0.9747221505401858,12.553725585172852
0.388,0.016002253877878292,1.0,12.550659155743062,0.9992132254334589,0.9201666503668003,0.9899099597331693,0.9745065451453732,12.550659155743062
0.3885,0.01599756637787829,1.0,12.54758001877064,0.9992203294143123,0.9198283612669976,0.9898953492143657,0.9742900333714598,12.54758001877064
0.389,0.01599287887787829,1.0,12.544488176468604,0.9992273687889763,0.9194900865373307,0.9898807163140936,0.974072615336934,12.544488176468604
0.3895,0.01598819137787829,1.0,12.541383631070802,0.9992343441245635,0.9191518261806582,0.9898660610151611,0.97385429116031,12.541383631070802
0.39,0.01598350387787829,1.0,12.53826638483342,0.9992412559881855,0.9188135801998388,0.9898513833004233,0.973635060960128,12.53826638483342
0.3905,0.01597881637787829,1.0,12.535136440034066,0.9992481049469546,0.9184753485977314,0.9898366831527833,0.9734149248549543,12.535136440034066
0.391,0.01597412887787829,1.0,12.53199379897237,0.9992548915679829,0.9181371313771945,0.9898219605551913,0.9731938829633812,12.53199379897237
0.3915,0.015969441377878292,1.0,12.52883846396977,0.9992616164183823,0.9177989285410869,0.9898072154906463,0.9729719354040267,12.52883846396977
0.392,0.01596475387787829,1.0,12.525670437369044,0.999268280065265,0.9174607400922673,0.989792447942195,0.972749082295535,12.525670437369044
0.3925,0.01596006637787829,1.0,12.522489721535964,0.9992748830757431,0.9171225660335943,0.989777657892933,0.9725253237565763,12.522489721535964
0.393,0.01595537887787829,1.0,12.519296318856872,0.9992814260169285,0.9167844063679267,0.989762845326005,0.9723006599058466,12.519296318856872
0.3935,0.01595069137787829,1.0,12.516090231740657,0.9992879094559335,0.9164462610981232,0.9897480102246046,0.972075090862068,12.516090231740657
0.394,0.01594600387787829,1.0,12.512871462617735,0.9992943339598699,0.9161081302270425,0.9897331525719757,0.9718486167439886,12.512871462617735
0.3945,0.01594131637787829,1.0,12.509640013940633,0.99930070009585,0.9157700137575434,0.9897182723514116,0.9716212376703823,12.509640013940633
0.395,0.015936628877878292,1.0,12.506395888183887,0.9993070084309857,0.9154319116924844,0.9897033695462564,0.971392953760049,12.506395888183887
0.3955,0.01593194137787829,1.0,12.503139087843376,0.9993132595323893,0.9150938240347243,0.9896884441399038,0.9711637651318146,12.503139087843376
0.396,0.01592725387787829,1.0,12.499869615437587,0.9993194539671726,0.9147557507871219,0.9896734961157991,0.970933671904531,12.499869615437587
0.3965,0.01592256637787829,1.0,12.496587473506716,0.9993255923024479,0.9144176919525357,0.9896585254574388,0.9707026741970758,12.496587473506716
0.397,0.01591787887787829,1.0,12.493292664612794,0.999331675105327,0.9140796475338246,0.9896435321483708,0.9704707721283528,12.493292664612794
0.3975,0.01591319137787829,1.0,12.489985191339823,0.9993377029429222,0.9137416175338472,0.9896285161721947,0.9702379658172916,12.489985191339823
0.398,0.01590850387787829,1.0,12.486665056293543,0.9993436763823456,0.9134036019554622,0.9896134775125626,0.9700042553828478,12.486665056293543
0.3985,0.01590381637787829,1.0,12.483332262102504,0.9993495959907089,0.9130656008015284,0.9895984161531787,0.9697696409440032,12.483332262102504
0.399,0.01589912887787829,1.0,12.479986811416444,0.9993554623351246,0.9127276140749044,0.9895833320778005,0.9695341226197647,12.479986811416444
0.3995,0.01589444137787829,1.0,12.47662870690736,0.9993612759827046,0.9123896417784491,0.9895682252702379,0.9692977005291661,12.47662870690736
0.4,0.01588975387787829,1.0,12.473257951269504,0.999367037500561,0.9120516839150209,0.989553095714355,0.9690603747912664,12.473257951269504
0.4005,0.01588506637787829,1.0,12.469874547218838,0.9993727474558057,0.9117137404874787,0.989537943394069,0.9688221455251509,12.469874547218838
0.401,0.01588037887787829,1.0,12.466478497493721,0.9993784064155511,0.9113758114986811,0.9895227682933517,0.9685830128499308,12.466478497493721
0.4015,0.01587569137787829,1.0,12.46306980485402,0.9993840149469089,0.9110378969514868,0.9895075703962295,0.9683429768847429,12.46306980485402
0.402,0.01587100387787829,1.0,12.459648472082604,0.9993895736169914,0.9106999968487547,0.9894923496867828,0.9681020377487504,12.459648472082604
0.4025,0.01586631637787829,1.0,12.456214461669495,0.9993950648396678,0.9103621112377801,0.9894771055459246,0.9678601955930075,12.456214461669495
0.403,0.01586162887787829,1.0,12.452767816844727,0.9994005073147051,0.9100242400768989,0.9894618385586532,0.9676174505050419,12.452767816844727
0.4035,0.01585694137787829,1.0,12.449308542313538,0.9994059028274584,0.9096863833669226,0.9894465487498486,0.9673738026026142,12.449308542313538
0.404,0.01585225387787829,1.0,12.445836639489835,0.9994112516827622,0.909348541112316,0.9894312360952731,0.9671292520061382,12.445836639489835
0.4045,0.01584756637787829,1.0,12.442352109810367,0.9994165541854505,0.9090107133175436,0.989415900570696,0.966883798836071,12.442352109810367
0.405,0.01584287887787829,1.0,12.43885495473499,0.9994218106403577,0.9086728999870696,0.9894005421518932,0.9666374432129128,12.43885495473499
0.4055,0.01583819137787829,1.0,12.435345175746685,0.999427021352318,0.9083351011253588,0.989385160814649,0.9663901852572072,12.435345175746685
0.406,0.01583350387787829,1.0,12.43182277435122,0.9994321866261655,0.9079973167368756,0.9893697565347543,0.9661420250895408,12.43182277435122
0.40650000000000003,0.01582881637787829,1.0,12.428287752077662,0.9994373067667347,0.9076595468260843,0.9893543292880081,0.9658929628305435,12.428287752077662
0.40700000000000003,0.01582412887787829,1.0,12.424740110477785,0.9994423820788596,0.9073217913974496,0.9893388790502171,0.9656429986008886,12.424740110477785
0.40750000000000003,0.01581944137787829,1.0,12.421179851126702,0.9994474128673746,0.9069840504554361,0.9893234057971962,0.9653921325212925,12.421179851126702
0.40800000000000003,0.01581475387787829,1.0,12.417606975622746,0.9994523994371138,0.906646324004508,0.9893079095047681,0.9651403647125147,12.417606975622746
0.40850000000000003,0.01581006637787829,1.0,12.414021485587046,0.9994573420929116,0.9063086120491298,0.9892923901487639,0.9648876952953581,12.414021485587046
0.40900000000000003,0.01580537887787829,1.0,12.41042338266423,0.9994622411396021,0.9059709145937663,0.9892768477050227,0.9646341243906689,12.41042338266423
0.40950000000000003,0.01580069137787829,1.0,12.40681266852211,0.9994670968820197,0.9056332316428818,0.9892612821493931,0.964379652119336,12.40681266852211
0.41000000000000003,0.01579600387787829,1.0,12.403189344851345,0.9994719096249985,0.9052955632009407,0.9892456934577317,0.964124278602292,12.403189344851345
0.41050000000000003,0.01579131637787829,1.0,12.399553413366165,0.9994766796733727,0.9049579092724076,0.9892300816059042,0.9638680039605124,12.399553413366165
0.41100000000000003,0.01578662887787829,1.0,12.395904875803815,0.9994814073319768,0.904620269861747,0.989214446569785,0.9636108283150162,12.395904875803815
0.41150000000000003,0.015781941377878292,1.0,12.3922437339248,0.9994860929056447,0.9042826449734235,0.9891987883252581,0.9633527517868652,12.3922437339248
0.41200000000000003,0.01577725387787829,1.0,12.388569989513028,0.9994907366992108,0.9039450346119012,0.9891831068482162,0.9630937744971646,12.388569989513028
0.41250000000000003,0.01577256637787829,1.0,12.384883644375941,0.9994953390175095,0.9036074387816451,0.9891674021145623,0.9628338965670628,12.384883644375941
0.41300000000000003,0.01576787887787829,1.0,12.381184700343855,0.9994999001653748,0.9032698574871193,0.9891516741002085,0.9625731181177511,12.381184700343855
0.41350000000000003,0.01576319137787829,1.0,12.377473159270892,0.999504420447641,0.9029322907327884,0.9891359227810766,0.9623114392704643,12.377473159270892
0.41400000000000003,0.01575850387787829,1.0,12.37374902303386,0.9995089001691424,0.902594738523117,0.9891201481330986,0.9620488601464802,12.37374902303386
0.41450000000000004,0.01575381637787829,1.0,12.370012293533755,0.9995133396347131,0.9022572008625694,0.9891043501322163,0.9617853808671196,12.370012293533755
0.41500000000000004,0.015749128877878292,1.0,12.366262972694535,0.9995177391491876,0.9019196777556103,0.9890885287543819,0.9615210015537468,12.366262972694535
0.41550000000000004,0.01574444137787829,1.0,12.362501062463368,0.9995220990174,0.9015821692067041,0.9890726839755583,0.9612557223277687,12.362501062463368
0.41600000000000004,0.01573975387787829,1.0,12.358726564811674,0.9995264195441844,0.9012446752203153,0.9890568157717181,0.9609895433106359,12.358726564811674
0.4165,0.01573506637787829,1.0,12.35493948173355,0.9995307010343752,0.9009071958009084,0.9890409241188454,0.9607224646238419,12.35493948173355
0.417,0.01573037887787829,1.0,12.351139815247288,0.9995349437928066,0.9005697309529478,0.9890250089929344,0.9604544863889233,12.351139815247288
0.4175,0.01572569137787829,1.0,12.347327567394009,0.9995391481243129,0.900232280680898,0.9890090703699915,0.9601856087274595,12.347327567394009
0.418,0.01572100387787829,1.0,12.343502740238717,0.9995433143337282,0.8998948449892237,0.9889931082260329,0.9599158317610738,12.343502740238717
0.4185,0.015716316377878292,1.0,12.339665335870105,0.999547442725887,0.8995574238823891,0.9889771225370871,0.9596451556114318,12.339665335870105
0.419,0.01571162887787829,1.0,12.335815356399872,0.9995515336056232,0.8992200173648589,0.9889611132791933,0.9593735804002427,12.335815356399872
0.4195,0.01570694137787829,1.0,12.33195280396447,0.9995555872777714,0.8988826254410975,0.9889450804284032,0.9591011062492585,12.33195280396447
0.42,0.01570225387787829,1.0,12.328077680722952,0.9995596040471655,0.8985452481155695,0.9889290239607796,0.9588277332802746,12.328077680722952
0.4205,0.01569756637787829,1.0,12.324189988858256,0.9995635842186399,0.8982078853927391,0.9889129438523974,0.958553461615129,12.324189988858256
0.421,0.01569287887787829,1.0,12.32028973057721,0.9995675280970289,0.8978705372770711,0.988896840079344,0.9582782913757035,12.32028973057721
0.4215,0.015688191377878292,1.0,12.316376908110115,0.9995714359871666,0.8975332037730299,0.9888807126177185,0.9580022226839223,12.316376908110115
0.422,0.015683503877878292,1.0,12.312451523711102,0.9995753081938874,0.89719588488508,0.988864561443633,0.957725255661753,12.312451523711102
0.4225,0.01567881637787829,1.0,12.308513579657689,0.9995791450220254,0.8968585806176859,0.9888483865332117,0.9574473904312064,12.308513579657689
0.423,0.01567412887787829,1.0,12.304563078252189,0.9995829467764149,0.8965212909753119,0.9888321878625916,0.9571686271143357,12.304563078252189
0.4235,0.01566944137787829,1.0,12.300600021819436,0.9995867137618901,0.8961840159624227,0.988815965407923,0.956888965833238,12.300600021819436
0.424,0.01566475387787829,1.0,12.296624412708859,0.9995904462832853,0.8958467555834828,0.9887997191453695,0.9566084067100529,12.296624412708859
0.4245,0.01566006637787829,1.0,12.292636253293377,0.9995941446454347,0.8955095098429566,0.9887834490511066,0.9563269498669633,12.292636253293377
0.425,0.01565537887787829,1.0,12.288635545969523,0.9995978091531726,0.8951722787453087,0.9887671551013248,0.9560445954261949,12.288635545969523
0.4255,0.015650691377878292,1.0,12.284622293158945,0.9996014401113332,0.8948350622950034,0.9887508372722275,0.9557613435100167,12.284622293158945
0.426,0.01564600387787829,1.0,12.280596497305247,0.9996050378247507,0.8944978604965053,0.9887344955400313,0.9554771942407405,12.280596497305247
0.4265,0.01564131637787829,1.0,12.276558160877425,0.9996086025982595,0.894160673354279,0.9887181298809675,0.9551921477407215,12.276558160877425
0.427,0.01563662887787829,1.0,12.272507286367947,0.9996121347366935,0.8938235008727887,0.9887017402712814,0.9549062041323572,12.272507286367947
0.4275,0.01563194137787829,1.0,12.268443876293004,0.9996156345448873,0.8934863430564992,0.9886853266872319,0.9546193635380888,12.268443876293004
0.428,0.01562725387787829,1.0,12.264367933193114,0.9996191023276749,0.8931491999098748,0.9886688891050931,0.9543316260804005,12.264367933193114
0.4285,0.01562256637787829,1.0,12.260279459632548,0.9996225383898908,0.8928120714373802,0.9886524275011528,0.9540429918818188,12.260279459632548
0.429,0.01561787887787829,1.0,12.256178458199832,0.999625943036369,0.8924749576434796,0.9886359418517142,0.953753461064914,12.256178458199832
0.4295,0.01561319137787829,1.0,12.252064931507192,0.9996293165719438,0.8921378585326377,0.9886194321330953,0.9534630337522989,12.252064931507192
0.43,0.01560850387787829,1.0,12.24793888219148,0.9996326593014495,0.8918007741093189,0.9886028983216288,0.9531717100666295,12.24793888219148
0.4305,0.01560381637787829,1.0,12.243800312912944,0.9996359715297203,0.8914637043779877,0.9885863403936631,0.9528794901306046,12.243800312912944
0.431,0.015599128877878291,1.0,12.239649226356285,0.9996392535615903,0.8911266493431087,0.9885697583255615,0.9525863740669663,12.239649226356285
0.4315,0.015594441377878292,1.0,12.23548562523044,0.9996425057018941,0.8907896090091463,0.9885531520937034,0.9522923619984994,12.23548562523044
0.432,0.01558975387787829,1.0,12.231309512268155,0.9996457282554656,0.8904525833805649,0.9885365216744834,0.9519974540480316,12.231309512268155
0.4325,0.01558506637787829,1.0,12.227120890226796,0.9996489215271391,0.890115572461829,0.9885198670443125,0.9517016503384338,12.227120890226796
0.433,0.01558037887787829,1.0,12.222919761887583,0.999652085821749,0.8897785762574034,0.9885031881796172,0.9514049509926199,12.222919761887583
0.4335,0.01557569137787829,1.0,12.218706130056063,0.9996552214441295,0.8894415947717522,0.988486485056841,0.9511073561335462,12.218706130056063
0.434,0.01557100387787829,1.0,12.214479997561899,0.9996583286991148,0.8891046280093401,0.9884697576524434,0.9508088658842127,12.214479997561899
0.4345,0.015566316377878291,1.0,12.210241367259245,0.999661407891539,0.8887676759746316,0.9884530059429,0.9505094803676618,12.210241367259245
0.435,0.01556162887787829,1.0,12.205990242026072,0.9996644593262365,0.8884307386720911,0.988436229904704,0.950209199706979,12.205990242026072
0.4355,0.01555694137787829,1.0,12.201726624765447,0.9996674833080416,0.8880938161061831,0.9884194295143653,0.949908024025293,12.201726624765447
0.436,0.01555225387787829,1.0,12.197450518403851,0.9996704801417883,0.8877569082813721,0.9884026047484102,0.9496059534457747,12.197450518403851
0.4365,0.01554756637787829,1.0,12.193161925892905,0.999673450132311,0.8874200152021227,0.9883857555833838,0.9493029880916388,12.193161925892905
0.437,0.01554287887787829,1.0,12.188860850208025,0.999676393584444,0.8870831368728992,0.988368881995847,0.9489991280861423,12.188860850208025
0.4375,0.015538191377878291,1.0,12.184547294349239,0.9996793108030215,0.8867462732981662,0.9883519839623793,0.9486943735525853,12.184547294349239
0.438,0.015533503877878291,1.0,12.180221261340987,0.9996822020928776,0.8864094244823882,0.9883350614595776,0.948388724614311,12.180221261340987
0.4385,0.01552881637787829,1.0,12.175882754232024,0.9996850677588468,0.8860725904300297,0.9883181144640574,0.948082181394705,12.175882754232024
0.439,0.01552412887787829,1.0,12.171531776095899,0.999687908105763,0.8857357711455551,0.9883011429524512,0.9477747440171962,12.171531776095899
0.4395,0.01551944137787829,1.0,12.167168330030062,0.9996907234384608,0.8853989666334291,0.9882841469014111,0.9474664126052564,12.167168330030062
0.44,0.01551475387787829,1.0,12.162792419157032,0.9996935140617742,0.885062176898116,0.9882671262876066,0.9471571872824001,12.162792419157032
0.4405,0.01551006637787829,1.0,12.158403994895568,0.9996962723456037,0.884725402001792,0.988250080795714,0.9468470682254061,12.158403994895568
0.441,0.015505378877878291,1.0,12.154003096666,0.9996990047797037,0.8843886419085034,0.9882330106293556,0.946536055520959,12.154003096666
0.4415,0.015500691377878292,1.0,12.149589739384798,0.99970171364294,0.8840518966096432,0.9882159158378999,0.9462241492807165,12.149589739384798
0.442,0.01549600387787829,1.0,12.145163924555277,0.9997043990881783,0.883715166111595,0.9881987963925525,0.9459113496301842,12.145163924555277
0.4425,0.01549131637787829,1.0,12.140725653706854,0.9997070612682841,0.8833784504207423,0.9881816522645064,0.9455976566949309,12.140725653706854
0.443,0.01548662887787829,1.0,12.136274928394855,0.9997097003361232,0.8830417495434687,0.988164483424942,0.9452830706005891,12.136274928394855
0.4435,0.01548194137787829,1.0,12.131811750200649,0.9997123164445612,0.8827050634861576,0.9881472898450282,0.9449675914728548,12.131811750200649
0.444,0.01547725387787829,1.0,12.12733612073135,0.9997149097464637,0.8823683922551927,0.9881300714959206,0.9446512194374872,12.12733612073135
0.4445,0.015472566377878291,1.0,12.122848041620072,0.9997174803946965,0.8820317358569574,0.988112828348763,0.9443339546203093,12.122848041620072
0.445,0.01546787887787829,1.0,12.11834751452595,0.9997200285421254,0.8816950942978353,0.9880955603746874,0.9440157971472077,12.11834751452595
0.4455,0.01546319137787829,1.0,12.113834541134306,0.9997225543416157,0.8813584675842101,0.9880782675448132,0.9436967471441323,12.113834541134306
0.446,0.01545850387787829,1.0,12.109309123156658,0.9997250579460334,0.881021855722465,0.9880609498302486,0.9433768047370963,12.109309123156658
0.4465,0.01545381637787829,1.0,12.104771262330535,0.9997275395082439,0.8806852587189838,0.9880436072020888,0.9430559700521767,12.104771262330535
0.447,0.01544912887787829,1.0,12.100220960419401,0.999729999181113,0.8803486765801499,0.9880262396314183,0.9427342432155137,12.100220960419401
0.4475,0.015444441377878291,1.0,12.095658219213238,0.9997324371175065,0.880012109312347,0.9880088470893093,0.9424116243533113,12.095658219213238
0.448,0.015439753877878291,1.0,12.091083040527915,0.9997348534702899,0.8796755569219585,0.9879914295468216,0.9420881135918366,12.091083040527915
0.4485,0.01543506637787829,1.0,12.086495426205882,0.9997372483923289,0.879339019415368,0.9879739869750048,0.9417637110574202,12.086495426205882
0.449,0.01543037887787829,1.0,12.08189537811576,0.9997396220364891,0.8790024967989589,0.9879565193448958,0.9414384168764562,12.08189537811576
0.4495,0.01542569137787829,1.0,12.077282898152259,0.9997419745556364,0.878665989079115,0.9879390266275203,0.9411122311754022,12.077282898152259
0.45,0.01542100387787829,1.0,12.072657988236987,0.9997443061026363,0.8783294962622196,0.987921508793893,0.940785154080779,12.072657988236987
0.4505,0.01541631637787829,1.0,12.068020650317145,0.9997466168303544,0.8779930183546564,0.9879039658150166,0.9404571857191711,12.068020650317145
0.451,0.015411628877878291,1.0,12.063370886367014,0.9997489068916565,0.8776565553628087,0.9878863976618828,0.9401283262172261,12.063370886367014
0.4515,0.015406941377878292,1.0,12.058708698386868,0.9997511764394083,0.8773201072930604,0.9878688043054722,0.9397985757016551,12.058708698386868
0.452,0.01540225387787829,1.0,12.054034088403775,0.9997534256264753,0.8769836741517948,0.9878511857167538,0.9394679342992328,12.054034088403775
0.4525,0.015397566377878289,1.0,12.049347058471092,0.9997556546057232,0.8766472559453954,0.9878335418666863,0.9391364021367968,12.049347058471092
0.453,0.01539287887787829,1.0,12.044647610668811,0.9997578635300179,0.8763108526802459,0.9878158727262166,0.9388039793412487,12.044647610668811
0.4535,0.01538819137787829,1.0,12.039935747103605,0.9997600525522249,0.8759744643627297,0.987798178266281,0.9384706660395529,12.039935747103605
0.454,0.01538350387787829,1.0,12.035211469908292,0.9997622218252098,0.8756380909992305,0.9877804584578052,0.9381364623587373,12.035211469908292
0.4545,0.015378816377878291,1.0,12.030474781242878,0.9997643715018383,0.8753017325961318,0.9877627132717034,0.9378013684258935,12.030474781242878
0.455,0.01537412887787829,1.0,12.025725683293462,0.9997665017349762,0.8749653891598169,0.9877449426788799,0.937465384368176,12.025725683293462
0.4555,0.01536944137787829,1.0,12.020964178273623,0.9997686126774891,0.8746290606966696,0.9877271466502276,0.9371285103128025,12.020964178273623
0.456,0.01536475387787829,1.0,12.01619026842265,0.9997707044822426,0.8742927472130734,0.9877093251566293,0.936790746387055,12.01619026842265
0.4565,0.01536006637787829,1.0,12.011403956007486,0.9997727773021023,0.8739564487154117,0.9876914781689575,0.9364520927182775,12.011403956007486
0.457,0.01535537887787829,1.0,12.006605243321287,0.9997748312899342,0.8736201652100682,0.9876736056580736,0.9361125494338782,12.006605243321287
0.4575,0.01535069137787829,1.0,12.001794132684374,0.9997768665986037,0.8732838967034263,0.9876557075948291,0.9357721166613283,12.001794132684374
0.458,0.015346003877878291,1.0,11.996970626443684,0.9997788833809765,0.8729476432018697,0.987637783950065,0.9354307945281624,11.996970626443684
0.4585,0.01534131637787829,1.0,11.992134726972811,0.9997808817899183,0.8726114047117819,0.9876198346946126,0.9350885831619783,11.992134726972811
0.459,0.01533662887787829,1.0,11.987286436673159,0.9997828619782948,0.8722751812395463,0.987601859799292,0.934745482690437,11.987286436673159
0.4595,0.01533194137787829,1.0,11.98242575797206,0.9997848240989716,0.8719389727915465,0.9875838592349144,0.934401493241263,11.98242575797206
0.46,0.01532725387787829,1.0,11.977552693324387,0.9997867683048145,0.8716027793741661,0.9875658329722803,0.9340566149422437,11.977552693324387
0.4605,0.01532256637787829,1.0,11.972667245211905,0.9997886947486889,0.8712666009937886,0.9875477809821807,0.9337108479212303,11.972667245211905
0.461,0.015317878877878291,1.0,11.96776941614319,0.9997906035834608,0.8709304376567977,0.9875297032353966,0.9333641923061369,11.96776941614319
0.4615,0.015313191377878291,1.0,11.962859208654226,0.9997924949619956,0.8705942893695766,0.987511599702699,0.9330166482249405,11.962859208654226
0.462,0.01530850387787829,1.0,11.95793662530799,0.9997943690371592,0.870258156138509,0.9874934703548492,0.9326682158056819,11.95793662530799
0.4625,0.015303816377878289,1.0,11.953001668694245,0.9997962259618172,0.8699220379699786,0.9874753151625998,0.9323188951764653,11.953001668694245
0.463,0.01529912887787829,1.0,11.948054341430716,0.999798065888835,0.8695859348703687,0.9874571340966926,0.9319686864654572,11.948054341430716
0.4635,0.01529444137787829,1.0,11.943094646161642,0.9997998889710787,0.869249846846063,0.987438927127861,0.931617589800888,11.943094646161642
0.464,0.01528975387787829,1.0,11.938122585558494,0.9998016953614137,0.8689137739034449,0.987420694226828,0.9312656053110514,11.938122585558494
0.4645,0.015285066377878291,1.0,11.933138162320455,0.9998034852127057,0.8685777160488981,0.9874024353643085,0.9309127331243038,11.933138162320455
0.465,0.01528037887787829,1.0,11.92814137917332,0.9998052586778204,0.8682416732888061,0.9873841505110068,0.9305589733690651,11.92814137917332
0.4655,0.01527569137787829,1.0,11.923132238871224,0.9998070159096235,0.8679056456295523,0.9873658396376194,0.9302043261738183,11.923132238871224
0.466,0.01527100387787829,1.0,11.918110744194532,0.9998087570609806,0.8675696330775203,0.987347502714833,0.9298487916671097,11.918110744194532
0.4665,0.01526631637787829,1.0,11.91307689795189,0.9998104822847574,0.8672336356390937,0.9873291397133251,0.9294923699775484,11.91307689795189
0.467,0.01526162887787829,1.0,11.908030702978925,0.9998121917338196,0.866897653320656,0.987310750603765,0.929135061233807,11.908030702978925
0.4675,0.01525694137787829,1.0,11.902972162138596,0.9998138855610329,0.8665616861285909,0.9872923353568128,0.9287768655646211,11.902972162138596
0.468,0.015252253877878291,1.0,11.897901278321678,0.999815563919263,0.8662257340692816,0.9872738939431194,0.9284177830987898,11.897901278321678
0.4685,0.01524756637787829,1.0,11.892818054446135,0.9998172269613753,0.865889797149112,0.9872554263333279,0.9280578139651746,11.892818054446135
0.46900000000000003,0.01524287887787829,1.0,11.88772249345814,0.9998188748402357,0.8655538753744653,0.987236932498072,0.9276969582927007,11.88772249345814
0.46950000000000003,0.01523819137787829,1.0,11.882614598330331,0.9998205077087099,0.8652179687517253,0.9872184124079774,0.9273352162103564,11.882614598330331
0.47000000000000003,0.01523350387787829,1.0,11.877494372064076,0.9998221257196634,0.8648820772872754,0.9871998660336614,0.9269725878471927,11.877494372064076
0.47050000000000003,0.01522881637787829,1.0,11.872361817687823,0.9998237290259621,0.8645462009874991,0.9871812933457325,0.926609073332324,11.872361817687823
0.47100000000000003,0.01522412887787829,1.0,11.867216938257583,0.9998253177804713,0.8642103398587802,0.9871626943147912,0.9262446727949281,11.867216938257583
0.47150000000000003,0.015219441377878291,1.0,11.862059736857299,0.9998268921360571,0.863874493907502,0.9871440689114297,0.9258793863642452,11.862059736857299
0.47200000000000003,0.01521475387787829,1.0,11.856890216598655,0.9998284522455849,0.8635386631400481,0.9871254171062327,0.925513214169579,11.856890216598655
0.47250000000000003,0.015210066377878289,1.0,11.851708380621105,0.9998299982619204,0.863202847562802,0.9871067388697757,0.9251461563402961,11.851708380621105
0.47300000000000003,0.01520537887787829,1.0,11.846514232092009,0.9998315303379295,0.8628670471821472,0.9870880341726274,0.9247782130058263,11.846514232092009
0.47350000000000003,0.01520069137787829,1.0,11.841307774206241,0.9998330486264775,0.8625312620044675,0.9870693029853477,0.9244093842956626,11.841307774206241
0.47400000000000003,0.01519600387787829,1.0,11.83608901018675,0.9998345532804302,0.8621954920361461,0.9870505452784893,0.9240396703393605,11.83608901018675
0.47450000000000003,0.015191316377878291,1.0,11.830857943284396,0.9998360444526535,0.8618597372835668,0.9870317610225975,0.9236690712665393,11.830857943284396
0.47500000000000003,0.01518662887787829,1.0,11.825614576777742,0.9998375222960127,0.861523997753113,0.9870129501882087,0.9232975872068805,11.825614576777742
0.47550000000000003,0.01518194137787829,1.0,11.82035891397376,0.9998389869633738,0.8611882734511682,0.9869941127458531,0.9229252182901294,11.82035891397376
0.47600000000000003,0.015177253877878289,1.0,11.815090958207083,0.9998404386076023,0.8608525643841161,0.9869752486660528,0.9225519646460938,11.815090958207083
0.47650000000000003,0.01517256637787829,1.0,11.80981071284037,0.9998418773815639,0.8605168705583401,0.9869563579193227,0.9221778264046446,11.80981071284037
0.47700000000000004,0.01516787887787829,1.0,11.804518181264568,0.9998433034381242,0.8601811919802238,0.9869374404761704,0.9218028036957159,11.804518181264568
0.47750000000000004,0.01516319137787829,1.0,11.799213366898488,0.999844716930149,0.8598455286561507,0.9869184963070962,0.9214268966493045,11.799213366898488
0.47800000000000004,0.015158503877878291,1.0,11.79389627318906,0.9998461180105039,0.8595098805925044,0.9868995253825934,0.9210501053954705,11.79389627318906
0.47850000000000004,0.01515381637787829,1.0,11.788566915709534,0.99984750674337,0.8591742477819607,0.9868805276686942,0.9206724300488937,11.788566915709534
0.47900000000000004,0.01514912887787829,1.0,11.783225270374835,0.9998488829662521,0.8588386302621601,0.9868615031245501,0.9202938707749475,11.783225270374835
0.47950000000000004,0.01514444137787829,1.0,11.77787133041036,0.9998502467689895,0.8585030280511804,0.986842451718613,0.9199144277172598,11.77787133041036
0.48,0.01513975387787829,0.0,11.772257769047197,0.988474539307304,0.8581677215840734,0.9863385963124098,0.9195344191973883,11.772257769047197
0.4805,0.01513506637787829,0.0,11.76547092621229,0.9703962160368702,0.8578337472846572,0.9854984170632157,0.9191550263555092,11.76547092621229
0.481,0.01513037887787829,0.0,11.757527289928312,0.9526484539318819,0.8575010875995354,0.9846074606819044,0.9187762398587388,11.757527289928312
0.4815,0.015125691377878291,0.0,11.748506161646672,0.9352251326004256,0.8571696538560484,0.983662755422707,0.9183979688815959,11.748506161646672
0.482,0.015121003877878292,0.0,11.738446676148538,0.9181204996594121,0.8568394030305303,0.9826611859051569,0.9180201739013802,11.738446676148538
0.4825,0.01511631637787829,0.0,11.72738804540034,0.9013288027257523,0.8565102920993157,0.9815994657410111,0.9176428149063052,11.72738804540034
0.483,0.01511162887787829,0.0,11.715369542045863,0.8848442894163568,0.8561822780387388,0.9804741284065416,0.9172658513994935,11.715369542045863
0.4835,0.01510694137787829,0.0,11.702423742614492,0.8686613044759509,0.8558553254909201,0.9792815255074554,0.9168892512426857,11.702423742614492
0.484,0.01510225387787829,0.0,11.688573209130041,0.8527742013870946,0.8555294105449793,0.9780178128163775,0.9165129951300754,11.688573209130041
0.4845,0.015097566377878291,0.0,11.673823739404682,0.8371775466825757,0.8552045284444347,0.9766789589799533,0.916137085668006,11.673823739404682
0.485,0.015092878877878291,0.0,11.65816495854778,0.8218661767715274,0.85488069296819,0.9752607476797536,0.9157615469064291,11.65816495854778
0.4855,0.01508819137787829,0.0,11.64158663177051,0.8068349280630822,0.854557917895149,0.9737587482730189,0.9153864030120231,11.64158663177051
0.486,0.01508350387787829,0.0,11.624078669181761,0.7920786369663729,0.8542362170042154,0.9721683063096391,0.9150116782670312,11.624078669181761
0.4865,0.01507881637787829,0.0,11.60562377628228,0.7775922777469721,0.8539156124725271,0.9704845509676263,0.9146374068828925,11.60562377628228
0.487,0.01507412887787829,0.0,11.58620575797201,0.7633707271808579,0.853596125425628,0.96870236026503,0.9142636220384462,11.58620575797201
0.4875,0.01506944137787829,0.0,11.565790451207342,0.7494092172382067,0.8532777977533116,0.9668164115462634,0.9138903814715275,11.565790451207342
0.488,0.015064753877878291,0.0,11.544337980168992,0.7357031037178812,0.8529606781831904,0.964821154211468,0.9135177513586108,11.544337980168992
0.4885,0.015060066377878292,0.0,11.521808767980323,0.7222477424187435,0.8526448154428771,0.9627107879758238,0.913145798336545,11.521808767980323
0.489,0.01505537887787829,0.0,11.498163556548452,0.7090384891396557,0.8523302582599841,0.9604792555228084,0.912774589497748,11.498163556548452
0.4895,0.015050691377878291,0.0,11.473354653736088,0.6960708733220201,0.8520170654384559,0.9581202690290366,0.912404204314215,11.473354653736088
0.49,0.01504600387787829,0.0,11.447340339551483,0.683340275698537,0.851705289376053,0.9556272486567036,0.9120347152038394,11.447340339551483
0.4905,0.01504131637787829,0.0,11.420058994881591,0.6708424895057877,0.8513950058397596,0.952993431484558,0.9116662228425396,11.420058994881591
0.491,0.01503662887787829,0.0,11.391448097794324,0.6585733376885483,0.8510862922455016,0.9502118071671434,0.9112988305712314,11.391448097794324
0.4915,0.015031941377878291,0.0,11.361445699987526,0.6465286431915944,0.8507792260092051,0.9472751114303064,0.9109326424383524,11.361445699987526
0.492,0.015027253877878292,0.0,11.32998891072819,0.6347042580039001,0.8504738863465283,0.9441758339362437,0.9105677653427563,11.32998891072819
0.4925,0.01502256637787829,0.0,11.297010194904603,0.6230961287853051,0.8501703586206495,0.9409062417577055,0.9102043142565409,11.297010194904603
0.493,0.01501787887787829,0.0,11.262442510766313,0.611700185483649,0.8498687284872737,0.937458356268286,0.9098424052558882,11.262442510766313
0.4935,0.01501319137787829,0.0,11.226202603149032,0.60051267120085,0.8495691013555526,0.9338240698402065,0.909482178932096,11.226202603149032
0.494,0.01500850387787829,0.0,11.188208186621024,0.589529829038826,0.8492715826346382,0.929995074547851,0.9091237767941331,11.188208186621024
0.4945,0.01500381637787829,0.0,11.148378017074817,0.5787479020994954,0.8489762777336818,0.925962874573044,0.9087673412513039,11.148378017074817
0.495,0.014999128877878291,0.0,11.106628092967727,0.5681632002518892,0.8486832965840148,0.921718829255363,0.908413021069275,11.106628092967727
0.4955,0.01499444137787829,0.0,11.062875499958107,0.5577720205104099,0.8483927492793862,0.9172541437424544,0.9080609661157478,11.062875499958107
0.496,0.01498975387787829,0.0,11.01702849453862,0.5475708159597596,0.8481047578013503,0.9125599701090439,0.9077113415896542,11.01702849453862
0.4965,0.01498506637787829,0.0,10.9689871150208,0.5375562075966837,0.8478194555378998,0.9076274621989319,0.907364327548875,10.9689871150208
0.497,0.01498037887787829,0.0,10.918653087020756,0.5277248164179273,0.8475369758770278,0.902447740041091,0.907020105101112,10.918653087020756
0.4975,0.01497569137787829,0.0,10.86592994490833,0.5180732634202359,0.8472574522067272,0.8970119244604616,0.9066788563744791,10.86592994490833
0.498,0.014971003877878291,0.0,10.810715144637845,0.5085983320349194,0.8469810273975643,0.8913112778366128,0.9063407760947801,10.810715144637845
0.4985,0.014966316377878291,0.0,10.752917407319776,0.4992965487763322,0.8467078335123535,0.8853369976057933,0.9060060467740946,10.752917407319776
0.499,0.01496162887787829,0.0,10.692430033308911,0.4901647848601555,0.8464380235798956,0.8790806393280646,0.9056748775918052,10.692430033308911
0.4995,0.01495694137787829,0.0,10.629142645144956,0.48120004458928645,0.8461717580659736,0.872534079487558,0.9053474879339465,10.629142645144956
0.5,0.01495225387787829,0.0,10.562947672837979,0.47239933226662234,0.8459091974363696,0.8656894956668273,0.9050240982611851,10.562947672837979
0.5005000000000001,0.01494756637787829,0.0,10.493740546029642,0.46375965219505927,0.8456505021568664,0.8585394286825632,0.90470493006229,10.493740546029642
0.501,0.01494287887787829,0.0,10.421419894659945,0.4552780086774974,0.8453958326932465,0.8510768474129993,0.9043902058055414,10.421419894659945
0.5015000000000001,0.014938191377878291,0.0,10.345886424087599,0.44695153462822973,0.8451453511247856,0.8432953384096404,0.9040801508869363,10.345886424087599
0.502,0.014933503877878292,0.0,10.267035823549499,0.4387772384697973,0.8448992300492965,0.8351889635184268,0.9037750046427957,10.267035823549499
0.5025000000000001,0.014928816377878289,0.0,10.184768301282654,0.430752359693646,0.8446576414504832,0.8267526679383328,0.9034750065610935,10.184768301282654
0.503,0.01492412887787829,0.0,10.098988851732498,0.4228742611355999,0.8444207566682344,0.817982301720442,0.903180396177261,10.098988851732498
0.5035000000000001,0.01491944137787829,0.0,10.009606982719186,0.415140305631476,0.8441887470424382,0.8088745891625454,0.9028914138071787,10.009606982719186
0.504,0.01491475387787829,0.0,9.916536986559164,0.4075478560170984,0.8439617839129832,0.7994272061927697,0.9026083004815257,9.916536986559164
0.5045000000000001,0.01491006637787829,0.0,9.819698220885687,0.4000942751282843,0.8437400386197573,0.789638855205391,0.9023312978777802,9.819698220885687
0.505,0.014905378877878291,0.0,9.7190269694172,0.3927770711428352,0.8435236680645959,0.7795095285668098,0.9020606301761649,9.7190269694172
0.5055000000000001,0.01490069137787829,0.0,9.614433864624523,0.3855935700569914,0.8433128681151045,0.7690401858930795,0.9017965708067415,9.614433864624523
0.506,0.01489600387787829,0.0,9.505871709864964,0.3785413955840655,0.8431077894944767,0.7582334280400987,0.9015393371307623,9.505871709864964
0.5065000000000001,0.01489131637787829,0.0,9.39330484642229,0.3716182216809231,0.842908575780849,0.7470932874668508,0.901289137747195,9.39330484642229
0.507,0.01488662887787829,0.0,9.27670367288029,0.36482172230443605,0.842715370552358,0.7356252154615103,0.9010461813580718,9.27670367288029
0.5075000000000001,0.01488194137787829,0.0,9.156044926733049,0.35814957141146997,0.8425283173871402,0.7238361197974316,0.900810676700299,9.156044926733049
0.508,0.014877253877878291,0.0,9.03131197280573,0.35159944295889667,0.8423475598633323,0.7117343900505899,0.9005828324758176,9.03131197280573
0.5085000000000001,0.01487256637787829,0.0,8.902537795439962,0.34516919467214174,0.8421731858895284,0.6993302156545896,0.9003627869909545,8.902537795439962
0.509,0.01486787887787829,0.0,8.76967424267425,0.33885639974690285,0.8420053977707017,0.6866348634959831,0.9001508226656233,8.76967424267425
0.5095000000000001,0.014863191377878289,0.0,8.632794112862127,0.33265901510636564,0.8418442494005103,0.6736617123640911,0.899947034209248,8.632794112862127
0.51,0.01485850387787829,0.0,8.491976142276885,0.3265749987846026,0.8416897942638818,0.6604256681897148,0.8997515150391517,8.491976142276885
0.5105000000000001,0.01485381637787829,0.0,8.347304807167097,0.32060230881568086,0.8415420858457441,0.646943112042537,0.8995643577675299,8.347304807167097
0.511,0.01484912887787829,0.0,8.19887044250178,0.3147389032336729,0.8414011776310248,0.6332318320439981,0.899385654172697,8.19887044250178
0.5115000000000001,0.014844441377878291,0.0,8.046769361660424,0.3089827400726457,0.8412671231046517,0.6193109377575138,0.8992154951701048,8.046769361660424
0.512,0.014839753877878292,0.0,7.8911590479333595,0.3033319071387046,0.8411398994858229,0.6052010040591937,0.8990538738585022,7.8911590479333595
0.5125,0.014835066377878292,0.0,7.732116893438793,0.29778431782646775,0.8410196016250615,0.590923415128961,0.8989009317301834,7.732116893438793
0.513,0.014830378877878289,0.0,7.5698445896030275,0.29233813081552995,0.8409061592040402,0.5765009871944995,0.8987565992831592,7.5698445896030275
0.5135,0.01482569137787829,0.0,7.404570724868873,0.28699155934088955,0.840799467124394,0.5619575221064528,0.8986207613284924,7.404570724868873
0.514,0.01482100387787829,0.0,7.236525187659307,0.28174281663754014,0.8406994202877581,0.5473175490639399,0.8984933012133747,7.236525187659307
0.5145,0.01481631637787829,0.0,7.065938933813494,0.27659011594048,0.8406059135957679,0.5326061531701095,0.8983741008774407,7.065938933813494
0.515,0.014811628877878291,0.0,6.893043757671817,0.27153167048470284,0.8405188419500583,0.5178487964313782,0.8982630409081981,6.893043757671817
0.5155,0.014806941377878292,0.0,6.718109557329247,0.26656577015518657,0.840438043982424,0.503071301429643,0.8981599287673806,6.718109557329247
0.516,0.01480225387787829,0.0,6.54137873010764,0.261690633495101,0.8403633977294769,0.48829934068108743,0.8980646208620913,6.54137873010764
0.5165,0.014797566377878291,0.0,6.363154515376819,0.25690459587136943,0.8402946866213352,0.47355866683355186,0.8979768515144899,6.363154515376819
0.517,0.01479287887787829,0.0,6.1837815794526545,0.25220609087102636,0.8402316226551707,0.4588749262247277,0.897896262402401,6.1837815794526545
0.5175,0.01478819137787829,0.0,6.003597255784154,0.24759355208111034,0.8401739178281552,0.44427326720668386,0.8978224938303949,6.003597255784154
0.518,0.01478350387787829,0.0,5.822931021324363,0.24306541308865595,0.8401212841374602,0.4297781664846018,0.8977551848565811,5.822931021324363
0.5185,0.014778816377878291,0.0,5.64210400030635,0.2386201074807018,0.8400734335802575,0.4154132661869968,0.8976939734127668,5.64210400030635
0.519,0.01477412887787829,0.0,5.461447854121268,0.2342561332508027,0.8400300459282074,0.4012013999791779,0.8976384551770743,5.461447854121268
0.5195,0.01476944137787829,0.0,5.281289979687189,0.22997192871265412,0.8399907903109297,0.3871640817826585,0.8975882112587166,5.281289979687189
0.52,0.01476475387787829,0.0,5.101972062846144,0.22576601342583522,0.8399552915502984,0.3733218102136574,0.897542765189,5.101972062846144
0.5205,0.01476006637787829,0.0,4.923848269708478,0.22163701513598363,0.8399231285984278,0.3596940615919291,0.897501580969138,4.923848269708478
0.521,0.01475537887787829,0.0,4.747256746159863,0.21758356158873327,0.8398938804074325,0.346298897126443,0.897464121876042,4.747256746159863
0.5215,0.014750691377878291,0.0,4.572519183114636,0.21360428052972164,0.8398671259294274,0.3331528900565034,0.8974298505675925,4.572519183114636
0.522,0.014746003877878291,0.0,4.39994044033888,0.2096977997045827,0.8398424441165268,0.3202710715578001,0.8973982291737286,4.39994044033888
0.5225,0.014741316377878292,0.0,4.229801333979685,0.20586278093909754,0.8398194269628019,0.30766701882271213,0.8973687360858993,4.229801333979685
0.523,0.014736628877878289,0.0,4.062390414365846,0.2020979077322882,0.8397976189991604,0.29535273803377177,0.8973407884866473,4.062390414365846
0.5235,0.01473194137787829,0.0,3.8979972816515023,0.1984018049857215,0.8397765251223865,0.2833384124840852,0.897313752392571,3.8979972816515023
0.524,0.01472725387787829,0.0,3.7368454649023763,0.19477327743028772,0.8397557411473994,0.27163330490586657,0.8972871100191229,3.7368454649023763
0.5245,0.01472256637787829,0.0,3.579141376509779,0.19121112979688054,0.8397348628891179,0.26024510288802927,0.8972603433073206,3.579141376509779
0.525,0.014717878877878291,0.0,3.42507429779426,0.18771416681639036,0.839713486162461,0.2491799553726586,0.8972329339272337,3.42507429779426
0.5255,0.014713191377878292,0.0,3.274816418581983,0.1842811932197107,0.8396912067823479,0.23844252166322663,0.8972043632684003,3.274816418581983
0.526,0.01470850387787829,0.0,3.128522930754433,0.1809110137377321,0.8396676205636973,0.22803603132327263,0.8971741124171738,3.128522930754433
0.5265,0.014703816377878291,0.0,2.9862921307151336,0.17760250328882513,0.8396424134699212,0.21796263121495568,0.8971417777689932,2.9862921307151336
0.527,0.01469912887787829,0.0,2.848267949854134,0.17435445266207075,0.8396151365277339,0.20822281637139153,0.8971067822759302,2.848267949854134
0.5275,0.01469444137787829,0.0,2.714503428056109,0.17116575306001988,0.8395855122031798,0.1988162970686649,0.8970687684195353,2.714503428056109
0.528,0.01468975387787829,0.0,2.5849986200013078,0.16803536650076248,0.8395533646971397,0.1897419078122576,0.8970275088799637,2.5849986200013078
0.5285,0.014685066377878291,0.0,2.4597469921539354,0.16496225500239123,0.8395185182104947,0.18099740020934488,0.8969827760105787,2.4597469921539354
0.529,0.01468037887787829,0.0,2.3387355744155998,0.16194538058299604,0.8394807969441258,0.17257953246289706,0.8969343418012281,2.3387355744155998
0.5295,0.01467569137787829,0.0,2.221945121989711,0.15898370526066963,0.8394400250989141,0.16448416011464803,0.8968819778390507,2.221945121989711
0.53,0.01467100387787829,0.0,2.109350287455921,0.15607619105350196,0.8393960268757406,0.1567063268216732,0.8968254552668086,2.109350287455921
0.5305,0.01466631637787829,0.0,2.0008951690320025,0.15322183304348586,0.8393486942238816,0.14924047592690917,0.8967646318097124,2.0008951690320025
0.531,0.01466162887787829,0.0,1.896487623317112,0.1504196860811186,0.839298012645037,0.1420806009743401,0.8966994850406612,1.896487623317112
0.5315,0.014656941377878291,0.0,1.796048956537097,0.14766877844137202,0.8392439301982361,0.13522002515260298,0.8966299440875616,1.796048956537097
0.532,0.014652253877878291,0.0,1.6994917968140217,0.14496817973651482,0.8391864183345504,0.12865168692439352,0.8965559678077192,1.6994917968140217
0.5325,0.014647566377878292,0.0,1.6067261729269908,0.14231698139844987,0.8391254567500872,0.1223681506830028,0.8964775253365278,1.6067261729269908
0.533,0.014642878877878289,0.0,1.5176625347387314,0.13971427487053456,0.8390610251429077,0.1163616204071123,0.8963945854877928,1.5176625347387314
0.5333333333333333,0.014639753877878291,0.0,1.4592088661673543,0.1380056342855298,0.8390196443331859,0.11250866644491732,0.8963413003575441,1.4592088661673543
0.5338333333333333,0.014658503877878289,0.0,1.8888858957655739,0.13548177601376793,0.8390917279329573,0.10700293535756784,0.8964341119215943,1.8888858957655739
0.5343333333333332,0.014677253877878287,0.0,2.121857501191789,0.1330040776075962,0.8398181356545456,0.10199951909822802,0.8973670813392577,2.121857501191789
0.5348333333333332,0.014696003877878285,0.0,2.081815582792162,0.13057169483475844,0.8412922655399746,0.09749110544673813,0.8992474200902643,2.081815582792162
0.5353333333333331,0.014714753877878283,0.0,2.005160761585299,0.12818379888893122,0.8428675646232444,0.09320735268144134,0.9012375910102789,2.005160761585299
0.535833333333333,0.01473350387787828,0.0,1.9292116629034313,0.12583957615147204,0.8444449140922378,0.0891042136302314,0.9032104609929148,1.9292116629034313
0.536333333333333,0.014752253877878279,0.0,1.8558751440449113,0.12353822890196645,0.8460189895767446,0.08517401388029681,0.9051593937161333,1.8558751440449113
0.5368333333333329,0.014771003877878277,0.0,1.7851804584924882,0.12127897284501703,0.8475895099479795,0.08141097369497963,0.9070841700884119,1.7851804584924882
0.5373333333333329,0.014789753877878275,0.0,1.717069373490932,0.11906103018301287,0.8491564348527575,0.07780942656498678,0.9089848754146784,1.717069373490932
0.5378333333333328,0.014808503877878272,0.0,1.6514834248453136,0.11688365708432039,0.8507197252557698,0.07436380064681078,0.9108615982891486,1.6514834248453136
0.5383333333333328,0.01482725387787827,0.0,1.5883644025984396,0.11474611098829317,0.8522793422188589,0.0710685713685334,0.912714429058828,1.5883644025984396
0.5388333333333327,0.014846003877878268,0.0,1.5276529311211506,0.11264775837842744,0.8538352515280546,0.06791845837487304,0.9145434652165317,1.5276529311211506
0.5393333333333327,0.014864753877878266,0.0,1.4692927690709439,0.11058768118100258,0.8553874105103265,0.06490776994427044,0.9163487958443647,1.4692927690709439
0.5398333333333326,0.014883503877878264,0.0,1.4132186514429124,0.10856522985922047,0.8569358071266746,0.0620313655975392,0.9181305468700158,1.4132186514429124
0.5403333333333326,0.014902253877878262,0.0,1.3593664241433108,0.106579754876283,0.8584804293380986,0.05928418444593407,0.9198888444786845,1.3593664241433108
0.5408333333333325,0.01492100387787826,0.0,1.3076730589780428,0.10463060669539206,0.8600212651055985,0.056661255285144964,0.9216238151094515,1.3076730589780428
0.5413333333333324,0.014939753877878258,0.0,1.2580766686890492,0.10271713577974956,0.8615583023901741,0.05415770537379303,0.9233355854516381,1.2580766686890492
0.5418333333333324,0.014958503877878256,0.0,1.2105165220388787,0.10083869259255736,0.8630915291528253,0.05176876797476706,0.9250242824411532,1.2105165220388787
0.5423333333333323,0.014977253877878254,0.0,1.1649330589428748,0.09899462759701737,0.864620933354552,0.049489788738981216,0.9266900332568294,1.1649330589428748
0.5428333333333323,0.014996003877878252,0.0,1.1212679056493964,0.09718429125633149,0.866146502956354,0.04731623101141483,0.9283329653167466,1.1212679056493964
0.5433333333333322,0.01501475387787825,0.0,1.079457775946923,0.09540708481455631,0.8676682488121213,0.045243749797557936,0.9299532305101975,1.079457775946923
0.5438333333333322,0.015033503877878248,0.0,1.0394314695961104,0.09366236983353846,0.8691862183623436,0.04326807304621948,0.9315510181346222,1.0394314695961104
0.5443333333333321,0.015052253877878246,0.0,1.0011299195472223,0.0919495016732088,0.8707004211024553,0.04138504006884624,0.9331264755876705,1.0011299195472223
0.5448333333333321,0.015071003877878244,0.0,0.9644903684545718,0.09026793488340566,0.8722108874593049,0.0395907394993223,0.9346797708642463,0.9644903684545718
0.545333333333332,0.015089753877878241,0.0,0.9294520283626375,0.08861712401396743,0.8737176478597406,0.03788137531123646,0.9362110701516941,0.9294520283626375
0.545833333333332,0.01510850387787824,0.0,0.8959560432992252,0.08699652361473245,0.8752207327306106,0.036253268255382685,0.9377205378388572,0.8959560432992252
0.5463333333333319,0.015127253877878237,0.0,0.863945452174395,0.08540558823553908,0.8767201724987632,0.03470285670867358,0.9392083365250612,0.863945452174395
0.5468333333333318,0.015146003877878235,0.0,0.8333651519852219,0.08384377242622566,0.8782159975910465,0.033226696989521236,0.940674627029024,0.8333651519852219
0.5473333333333318,0.015164753877878233,0.0,0.8041618613263392,0.08231053073663057,0.8797082384343089,0.031821463192202595,0.9421195683976917,0.8041618613263392
0.5478333333333317,0.015183503877878231,0.0,0.776283853341817,0.08080532233986362,0.8811969264747521,0.030483951247980055,0.9435433188838181,0.776283853341817
0.5483333333333317,0.015202253877878229,0.0,0.7496716616150945,0.0793276835220249,0.8826821358651794,0.029211150617209435,0.9449460750193751,0.7496716616150945
0.5488333333333316,0.015221003877878227,0.0,0.7242751808959388,0.07787700607826116,0.8841639088377593,0.02800001851683931,0.9463279999370122,0.7242751808959388
0.5493333333333316,0.015239753877878225,0.0,0.7000439574470961,0.07645283038042364,0.8856422977184776,0.02684776676004494,0.9476892637155627,0.7000439574470961
0.5498333333333315,0.015258503877878223,0.0,0.6769294568425104,0.07505469680036359,0.8871173548333205,0.025751708678251096,0.9490300336806942,0.6769294568425104
0.5503333333333315,0.01527725387787822,0.0,0.6548850059171196,0.07368214570993223,0.8885891325082741,0.024709257719108937,0.9503504744189644,0.6548850059171196
0.5508333333333314,0.015296003877878219,0.0,0.6338657356210997,0.07233471748098085,0.8900576830693242,0.02371792582641388,0.9516507477916594,0.6338657356210997
0.5513333333333313,0.015314753877878217,0.0,0.6138285247786723,0.07101195248536066,0.8915230588424571,0.0227753216308347,0.9529310129484119,0.6138285247786723
0.5518333333333313,0.015333503877878215,0.0,0.5947319447517307,0.06971339109492292,0.8929853121536586,0.02187914847827541,0.9541914263406005,0.5947319447517307
0.5523333333333312,0.015352253877878213,0.0,0.5765362050076172,0.06843857368151889,0.8944444953289149,0.02102720232069804,0.9554321417345302,0.5765362050076172
0.5528333333333312,0.01537100387787821,0.0,0.5592006052319509,0.06718711298150352,0.8959006736705454,0.020217421997871,0.9566533210310149,0.5592006052319509
0.5533333333333311,0.015389753877878208,0.0,0.54268608667958,0.06595849220097325,0.8973539126856872,0.019447738132714814,0.9578551230362499,0.54268608667958
0.5538333333333311,0.015408503877878206,0.0,0.5269563331834631,0.06475230651005963,0.8988042718574313,0.018716246751661992,0.9590376984227813,0.5269563331834631
0.554333333333331,0.015427253877878204,0.0,0.5119763507581907,0.06356816983115472,0.9002518115878811,0.018021134548080492,0.9602011956340017,0.5119763507581907
0.554833333333331,0.015446003877878202,0.0,0.4977125901066118,0.062405696086650565,0.90169659227914,0.017360662984970465,0.9613457601218655,0.4977125901066118
0.5553333333333309,0.0154647538778782,0.0,0.48413289095828554,0.0612644991989392,0.9031386743333113,0.016733166238994446,0.9624715343603667,0.48413289095828554
0.5558333333333308,0.015483503877878198,0.0,0.4712064276137394,0.06014419309041267,0.9045781181524982,0.016137049107012143,0.9635786578587257,0.4712064276137394
0.5563333333333308,0.015502253877878196,0.0,0.4589036556936609,0.059044391683463024,0.9060149841388043,0.01557078488677385,0.9646672671742832,0.4589036556936609
0.5568333333333307,0.015521003877878194,0.0,0.44719626009377694,0.057964708900482304,0.9074493326943329,0.015032913242336611,0.9657374959251029,0.44719626009377694
0.5573333333333307,0.015539753877878192,0.0,0.43605713502616394,0.05690477942276099,0.9088812240392596,0.014522049066845687,0.9667894746696656,0.43605713502616394
0.5578333333333306,0.01555850387787819,0.0,0.4254591413293226,0.05586425294269246,0.9103107253161243,0.01403687587167557,0.9678233360267212,0.4254591413293226
0.5583333333333306,0.015577253877878188,0.0,0.41537658195977967,0.05484270646926445,0.9117379018096579,0.013576098600125864,0.9688392080921536,0.41537658195977967
0.5588333333333305,0.015596003877878186,0.0,0.4057857083965775,0.05383981820283608,0.9131628134257802,0.013138530965746457,0.9698372121114965,0.4057857083965775
0.5593333333333305,0.015614753877878184,0.0,0.3966637506138834,0.052855266343766465,0.914585520070411,0.012723038445319832,0.9708174664734314,0.3966637506138834
0.5598333333333304,0.015633503877878183,0.0,0.38798887284771544,0.051888729092414716,0.9160060816494703,0.01232853653679833,0.9717800867204982,0.38798887284771544
0.5603333333333304,0.01565225387787818,0.0,0.37974013054837946,0.05093988464913996,0.9174245580688778,0.011953989032502034,0.9727251855595195,0.37974013054837946
0.5608333333333303,0.01567100387787818,0.0,0.37189742851867313,0.050008411214301315,0.9188410092345534,0.011598406311942713,0.9736528728717366,0.37189742851867313
0.5613333333333302,0.015689753877878177,0.0,0.36444148023753375,0.0490939869882579,0.9202554950524169,0.01126084365813005,0.9745632557226596,0.36444148023753375
0.5618333333333302,0.015708503877878175,0.0,0.35735376836949373,0.048196290171368825,0.9216680754283881,0.01094039960074513,0.9754564383716292,0.35735376836949373
0.5623333333333301,0.015727253877878173,0.0,0.3506167573507087,0.047315015008767156,0.9230788086200502,0.010636220330747667,0.9763325212667565,0.3506167573507087
0.5628333333333301,0.01574600387787817,0.0,0.34421386427945966,0.046449881852437536,0.9244877511072307,0.010347500788481892,0.9771916010686258,0.34421386427945966
0.56333333333333,0.01576475387787817,0.0,0.33812799087405604,0.04560052315718802,0.925894967099701,0.01007344140896144,0.9780337763953824,0.33812799087405604
0.56383333333333,0.015783503877878167,0.0,0.33234438336183053,0.044766672947167935,0.927300509351205,0.009813316385909413,0.9788591362376231,0.33234438336183053
0.5643333333333299,0.015802253877878165,0.0,0.32684884247167834,0.043948065246526564,0.9287044306154868,0.009566432870828073,0.9796677671445523,0.32684884247167834
0.5648333333333299,0.015821003877878163,0.0,0.32162769472243685,0.04314443407941323,0.9301067836462903,0.009332129727420677,0.9804597532309342,0.32162769472243685
0.5653333333333298,0.01583975387787816,0.0,0.3166677646305713,0.042355513469977235,0.9315076211973595,0.009109776313650031,0.9812351761838224,0.3166677646305713
0.5658333333333297,0.01585850387787816,0.0,0.3119563478374838,0.04158103744236789,0.9329069960224383,0.008898771292535735,0.9819941152690675,0.3119563478374838
0.5663333333333297,0.015877253877878156,0.0,0.30748118515594863,0.0408207400207345,0.9343049608752708,0.00869854147259337,0.9827366473376012,0.30748118515594863
0.5668333333333296,0.015896003877878154,0.0,0.30323043753644036,0.04007435522922638,0.9357015685096008,0.008508540678635101,0.9834628468314978,0.30323043753644036
0.5673333333333296,0.015914753877878152,0.0,0.29919266195244526,0.03934161709199284,0.9370968716791724,0.008328248653485377,0.984172785789814,0.29919266195244526
0.5678333333333295,0.01593350387787815,0.0,0.2953584280046486,0.038622320377696945,0.9384909113997395,0.008157185670179312,0.9848665280782612,0.2953584280046486
0.5683333333333295,0.015952253877878148,0.0,0.2917167453589126,0.03791615413286458,0.9398837421555347,0.007994867254015759,0.9855441421711111,0.2917167453589126
0.5688333333333294,0.015971003877878146,0.0,0.28825795349900435,0.037222862155482705,0.9412754112413128,0.00784084660978765,0.9862056907004922,0.28825795349900435
0.5693333333333294,0.015989753877878144,0.0,0.284973588707953,0.03654222825044398,0.9426659593700236,0.0076947078366281525,0.9868512311401608,0.284973588707953
0.5698333333333293,0.016008503877878142,0.0,0.28185544328774753,0.03587403622264106,0.9440554272546177,0.007556054420817673,0.9874808191213464,0.28185544328774753
0.5703333333333293,0.01602725387787814,0.0,0.2788955507554264,0.035218069876966615,0.9454438556080448,0.007424508451435883,0.9880945084363365,0.2788955507554264
0.5708333333333292,0.016046003877878138,0.0,0.2760861715867014,0.034574113018313285,0.9468312851432553,0.0072997098591581775,0.9886923510419288,0.2760861715867014
0.5713333333333291,0.016064753877878136,0.0,0.2734197795072738,0.03394194945157375,0.9482177565731993,0.007181315678178927,0.9892743970627502,0.2734197795072738
0.5718333333333291,0.016083503877878134,0.0,0.27088904833171923,0.033321362981640644,0.9496033106108269,0.007068999331180981,0.9898406947944448,0.27088904833171923
0.572333333333329,0.01610225387787813,0.0,0.2684868393500129,0.03271213741340665,0.9509879879690882,0.006962449937212022,0.990391290706727,0.2684868393500129
0.572833333333329,0.01612100387787813,0.0,0.2662061892616423,0.032114056551764414,0.9523718293609336,0.006861371642277439,0.9909262294463039,0.2662061892616423
0.5733333333333289,0.016139753877878128,0.0,0.2640402986574436,0.0315269042016066,0.953754875499313,0.0067654829724116475,0.9914455538396638,0.2640402986574436
0.5738333333333289,0.016158503877878126,0.0,0.2619863492923077,0.03095057812294454,0.9551371380007969,0.006674535693792434,0.9919492944529619,0.2619863492923077
0.5743333333333288,0.016177253877878123,0.0,0.2600357253356152,0.03038473222923263,0.9565186733621971,0.006588251692048403,0.9924374969352667,0.2600357253356152
0.5748333333333288,0.01619600387787812,0.0,0.2581836551767116,0.02982918724827363,0.9578995099200056,0.006506395197926649,0.9929101949400971,0.2581836551767116
0.5753333333333287,0.01621475387787812,0.0,0.25642572135131614,0.029283773531110193,0.9592796740793121,0.006428743130142725,0.9933674202276518,0.25642572135131614
0.5758333333333286,0.016233503877878117,0.0,0.25475759944854676,0.028748321428784977,0.9606591922452068,0.006355082933360812,0.9938092033808016,0.25475759944854676
0.5763333333333286,0.016252253877878115,0.0,0.2531750523603742,0.028222661292340634,0.9620380908227794,0.006285212137710077,0.9942355738064818,0.2531750523603742
0.5768333333333285,0.016271003877878113,0.0,0.25167392476126116,0.02770662347281982,0.9634163962171198,0.006218937932955995,0.994646559737029,0.25167392476126116
0.5773333333333285,0.01628975387787811,0.0,0.25025013781823646,0.02720003832126519,0.9647941348333182,0.006156076757098831,0.9950421882314617,0.25025013781823646
0.5778333333333284,0.01630850387787811,0.0,0.24889968413125413,0.026702736188719406,0.9661713330764644,0.006096453899156473,0.995422485176706,0.24889968413125413
0.5783333333333284,0.016327253877878107,0.0,0.2476186229039696,0.026214547426225112,0.9675480173516483,0.006039903115874395,0.9957874752887643,0.2476186229039696
0.5788333333333283,0.016346003877878105,0.0,0.24640307534480257,0.025735302384824972,0.9689242140639599,0.005986266262093757,0.9961371821138296,0.24640307534480257
0.5793333333333283,0.016364753877878103,0.0,0.24524922029843185,0.02526483141556164,0.970299949618489,0.005935392934498381,0.9964716280293429,0.24524922029843185
0.5798333333333282,0.0163835038778781,0.0,0.2441532901075289,0.024802964869477768,0.9716752504203257,0.005887140128452536,0.9967908342449949,0.2441532901075289
0.5803333333333281,0.0164022538778781,0.0,0.24311156670492357,0.024349533097616012,0.9730501428745598,0.0058413719076342045,0.9970948208036734,0.24311156670492357
0.5808333333333281,0.016421003877878097,0.0,0.24212336179897295,0.023904423666941992,0.9744246297956803,0.005797965111287817,0.997383601755648,0.24212336179897295
0.581333333333328,0.016439753877878095,0.0,0.24118530213727626,0.023467428110290383,0.9757987354194684,0.005756792379427842,0.9976571951708124,0.24118530213727626
0.581833333333328,0.016458503877878092,0.0,0.2402946289714143,0.023038397287294617,0.9771724794130083,0.005717738984424644,0.9979156172154019,0.2402946289714143
0.5823333333333279,0.01647725387787809,0.0,0.23944916122873522,0.022617198037832086,0.978545877103627,0.005680697330410373,0.9981588824429893,0.23944916122873522
0.5828333333333279,0.01649600387787809,0.0,0.238646743684101,0.022203697201780184,0.9799189438186513,0.005645564973167687,0.9983870047305661,0.238646743684101
0.5833333333333278,0.016514753877878086,0.0,0.23788524524525517,0.021797761619016302,0.9812916948854081,0.005612244397900327,0.9985999972789573,0.23788524524525517
0.5838333333333278,0.016533503877878084,0.0,0.23716255731548777,0.021399258129417835,0.9826641456312242,0.005580642805015206,0.9987978726132184,0.23716255731548777
0.5843333333333277,0.016552253877878082,0.0,0.2364765922340745,0.021008053572862173,0.9840363113834264,0.005550671903727706,0.9989806425830123,0.2364765922340745
0.5848333333333277,0.01657100387787808,0.0,0.2358252817942685,0.020624014789226715,0.9854082074693417,0.0055222477133003555,0.9991483183629689,0.2358252817942685
0.5853333333333276,0.016589753877878078,0.0,0.23520657583904975,0.020247008618388847,0.9867798492162966,0.005495290371723928,0.9993009104530246,0.23520657583904975
0.5858333333333275,0.016608503877878076,0.0,0.23461844093422077,0.019876901900225966,0.9881512519516182,0.005469723951649449,0.9994384286787439,0.23461844093422077
0.5863333333333275,0.016627253877878074,0.0,0.2340588591193875,0.019513561474615464,0.9895224310026333,0.005445476283379409,0.9995608821916216,0.2340588591193875
0.5868333333333274,0.016646003877878072,0.0,0.23352675358145228,0.019156901234575533,0.9908933942353361,0.005422482090520278,0.9996682789257879,0.23352675358145228
0.5873333333333274,0.01666475387787807,0.0,0.2330211881446269,0.01880678559663932,0.9922641484563183,0.005400675698893282,0.9997606264035764,0.2330211881446269
0.5878333333333273,0.016683503877878068,0.0,0.23253979267459093,0.018463025149021872,0.9936347121055872,0.005379991224732162,0.999837932440085,0.23253979267459093
0.5883333333333273,0.016702253877878066,0.0,0.2320815186624098,0.018125517969307312,0.9950050930580743,0.005360371970769521,0.999900203618566,0.2320815186624098
0.5888333333333272,0.016721003877878064,0.0,0.2316453248539239,0.017794162135079766,0.9963752991887108,0.0053417639374961304,0.9999474461761145,0.2316453248539239
0.5893333333333272,0.01673975387787806,0.0,0.2312301767846174,0.01746885572392336,0.9977453383724282,0.005324115707320927,0.9999796660037806,0.2312301767846174
0.5898333333333271,0.01675850387787806,0.0,0.23083504633505483,0.017149496813422226,0.9991152184841577,0.005307378332929658,0.9999968686466769,0.23083504633505483
0.590333333333327,0.016777253877878057,0.0,0.2304589113067269,0.016835983481160482,1.0004849473988309,0.00529150522973547,0.9999990593040815,0.2304589113067269
0.590833333333327,0.016796003877878055,0.0,0.23010075501851038,0.01652821380472226,1.0018545329913788,0.0052764520723151895,0.9999862428295355,0.23010075501851038
0.5913333333333269,0.016814753877878053,0.0,0.22975956592347588,0.01622608586169169,1.0032239831367329,0.005262176694725451,0.9999584237309362,0.22975956592347588
0.5918333333333269,0.01683350387787805,0.0,0.22943433724624634,0.01592949772965289,1.0045933057098244,0.005248638994593568,0.9999156061706244,0.22943433724624634
0.5923333333333268,0.01685225387787805,0.0,0.22912406664082854,0.015638347486189995,1.005962508585585,0.005235800840878693,0.9998577939654673,0.22912406664082854
0.5928333333333268,0.016871003877878047,0.0,0.22882775586904192,0.015352533208887124,1.0073315996389458,0.005223625985199864,0.9997849905869368,0.22882775586904192
0.5933333333333267,0.016889753877878045,0.0,0.22854441049928034,0.015071952975328408,1.0087005867448382,0.005212079976628416,0.9996971991611822,0.22854441049928034
0.5938333333333267,0.016908503877878043,0.0,0.2282730396257776,0.01479650486309797,1.0100694777781933,0.005201130079843452,0.9995944224690979,0.2282730396257776
0.5943333333333266,0.01692725387787804,0.0,0.22801265560848635,0.014526086949779941,1.0114382806139428,0.005190745196550238,0.9994766629463868,0.22801265560848635
0.5948333333333266,0.01694600387787804,0.0,0.2277630597233999,0.014260636086083417,1.012806996720859,0.005180897358766566,0.9993439233399676,0.2277630597233999
0.5953333333333265,0.016964753877878037,0.0,0.22752427240802992,0.014000050978537347,1.0141756257896595,0.005171558377965559,0.9991962065338862,0.22752427240802992
0.5958333333333264,0.016983503877878035,0.0,0.22729502191511503,0.013744196299039738,1.0155441780605445,0.005162700212521546,0.9990335141136883,0.22729502191511503
0.5963333333333264,0.017002253877878033,0.0,0.2270748523692843,0.013492996140573227,1.0169126571389753,0.005154298525863692,0.9988558481139979,0.2270748523692843
0.5968333333333263,0.01702100387787803,0.0,0.226863309300199,0.013246374596120457,1.018281066630413,0.00514633014318958,0.9986632104114176,0.226863309300199
0.5973333333333263,0.01703975387787803,0.0,0.2266599395575612,0.013004255758664065,1.0196494101403184,0.0051387730012134765,0.9984556027245503,0.2266599395575612
0.5978333333333262,0.017058503877878026,0.0,0.2264642912303706,0.012766563721186688,1.0210176912741527,0.005131606099771192,0.9982330266140176,0.2264642912303706
0.5983333333333262,0.017077253877878024,0.0,0.22627591357032142,0.012533222576670968,1.0223859136373772,0.005124809455230889,0.9979954834824796,0.22627591357032142
0.5988333333333261,0.017096003877878022,0.0,0.22609435691995844,0.012304156418099541,1.0237540808354524,0.005118364055659739,0.9977429745746512,0.22609435691995844
0.5993333333333261,0.01711475387787802,0.0,0.22591917264444658,0.012079289338455049,1.02512219647384,0.00511225181769696,0.9974755009773192,0.22591917264444658
0.599833333333326,0.017133503877878018,0.0,0.22574991306837813,0.011858545430720128,1.0264902641580003,0.005106455545084269,0.9971930636193574,0.22574991306837813
0.600333333333326,0.017152253877878016,0.0,0.22558613141610154,0.01164184878787742,1.027858287493395,0.0051009588888055735,0.9968956632717414,0.22558613141610154
0.6008333333333259,0.017171003877878014,0.0,0.22542738175716373,0.01142912350290956,1.0292262700854848,0.005095746308788283,0.9965833005475612,0.22542738175716373
0.6013333333333258,0.017189753877878012,0.0,0.2252732189553524,0.011220293668799189,1.0305942155397307,0.005090803037119381,0.996255975902034,0.2252732189553524
0.6018333333333258,0.01720850387787801,0.0,0.2251231986222955,0.011015283378528947,1.0319621274615942,0.005086115042730119,0.9959136896325153,0.2251231986222955
0.6023333333333257,0.017227253877878008,0.0,0.22497687707566383,0.01081401672508147,1.0333300094565356,0.0050816689975039355,0.995556441878509,0.22497687707566383
0.6028333333333257,0.017246003877878006,0.0,0.22483426376004914,0.01061645611576944,1.0346978614178672,0.005077453137016327,0.995184233652106,0.22483426376004914
0.6033333333333256,0.017264753877878004,0.0,0.22469535819992312,0.010422518353224868,1.0360656833209119,0.005073455186281023,0.9947970659463828,0.22469535819992312
0.6038333333333256,0.017283503877878,0.0,0.22455955362234523,0.01023209651157017,1.0374334801190306,0.0050696629929607205,0.9943949382647126,0.22455955362234523
0.6043333333333255,0.017302253877878,0.0,0.22442665965843991,0.010045134819447316,1.038801253352723,0.005066066157531998,0.9939778509530312,0.22442665965843991
0.6048333333333255,0.017321003877877997,0.0,0.22429648621887305,0.009861577505498277,1.0401690045624896,0.005062654776003311,0.9935458042898347,0.22429648621887305
0.6053333333333254,0.017339753877877995,0.0,0.22416884348242008,0.009681368798365023,1.0415367352888303,0.005059419418509754,0.9930987984861825,0.22416884348242008
0.6058333333333253,0.017358503877877993,0.0,0.22404354188510284,0.009504452926689526,1.0429044470722448,0.005056351108699844,0.9926368336856998,0.22404354188510284
0.6063333333333253,0.01737725387787799,0.0,0.22392039211004863,0.009330774119113754,1.0442721414532337,0.005053441303892345,0.9921599099645795,0.22392039211004863
0.6068333333333252,0.01739600387787799,0.0,0.22379920507841047,0.009160276604279679,1.0456398199722967,0.005050681875981402,0.9916680273315854,0.22379920507841047
0.6073333333333252,0.017414753877877987,0.0,0.2236797919408252,0.00899290461082927,1.047007484169934,0.005048065093068584,0.9911611857280537,0.2236797919408252
0.6078333333333251,0.017433503877877985,0.0,0.22356196406968648,0.008828602367404499,1.0483751355866455,0.0050455836018007405,0.9906393850278946,0.22356196406968648
0.6083333333333251,0.017452253877877983,0.0,0.22344553305237075,0.008667314102647336,1.0497427757629314,0.005043230410392859,0.9901026250375949,0.22344553305237075
0.608833333333325,0.01747100387787798,0.0,0.22333031068493991,0.008508984045199751,1.0511104062392918,0.005040998872315515,0.9895509054962183,0.22333031068493991
0.609333333333325,0.01748975387787798,0.0,0.2232161089670125,0.008353556423703713,1.0524780285562265,0.005038882670626752,0.9889842260754075,0.2232161089670125
0.6098333333333249,0.017508503877877977,0.0,0.22310274009711104,0.008200975466801196,1.0538456442542357,0.005036875802928633,0.9884025863793852,0.22310274009711104
0.6103333333333248,0.017527253877877975,0.0,0.2229900164688707,0.008051185403134167,1.0552132548738193,0.005034972566929029,0.9878059859449546,0.2229900164688707
0.6108333333333248,0.017546003877877973,0.0,0.22287775066813964,0.007904130461344598,1.0565808619554777,0.005033167546589556,0.9871944242415007,0.22287775066813964
0.6113333333333247,0.01756475387787797,0.0,0.22276586512233387,0.007759769792887443,1.0579484661359202,0.00503145579230948,0.9865679010899765,0.22276586512233387
0.6118333333333247,0.01758350387787797,0.0,0.22265456787425716,0.007618072147674397,1.0593160656977632,0.005029832708429291,0.9859264174005545,0.22265456787425716
0.6123333333333246,0.017602253877877966,0.0,0.22254350902512665,0.007478941931273692,1.0606836635229826,0.0050282931285580605,0.9852699719257177,0.22254350902512665
0.6128333333333246,0.017621003877877964,0.0,0.22243261134795178,0.007342338564532888,1.0620512602472896,0.005026832834652332,0.9845985644068925,0.22243261134795178
0.6133333333333245,0.017639753877877962,0.0,0.2223217976927453,0.007208221468299546,1.0634188565063951,0.005025447809536675,0.9839121945576851,0.2223217976927453
0.6138333333333245,0.01765850387787796,0.0,0.22221099098638963,0.007076550063421227,1.0647864529360103,0.005024134228228523,0.9832108620638805,0.22221099098638963
0.6143333333333244,0.017677253877877958,0.0,0.2221001142325138,0.00694728377074549,1.0661540501718465,0.005022888449584432,0.9824945665834433,0.2221001142325138
0.6148333333333244,0.017696003877877956,0.0,0.22198909051178006,0.006820382011119898,1.0675216488496146,0.005021707008258783,0.9817633077465173,0.22198909051178006
0.6153333333333243,0.017714753877877954,0.0,0.22187784298198196,0.00669580420539201,1.0688892496050257,0.005020586606966033,0.9810170851554258,0.22187784298198196
0.6158333333333242,0.017733503877877952,0.0,0.221766294878368,0.006573509774409388,1.0702568530737913,0.005019524109037751,0.9802558983846709,0.221766294878368
0.6163333333333242,0.01775225387787795,0.0,0.22165436951431336,0.006453458139019592,1.071624459891622,0.005018516531265848,0.9794797469809338,0.22165436951431336
0.6168333333333241,0.017771003877877948,0.0,0.2215419902818339,0.006335608720070183,1.0729920706942293,0.005017561037023497,0.9786886304630745,0.2215419902818339
0.6173333333333241,0.017789753877877946,0.0,0.2214290806523563,0.00621992093840872,1.0743596861173244,0.005016654929655429,0.977882548322132,0.2214290806523563
0.617833333333324,0.017808503877877944,0.0,0.22131556417771373,0.006106354214882766,1.075727306796618,0.0050157956461293835,0.9770615000213236,0.22131556417771373
0.618333333333324,0.01782725387787794,0.0,0.22120136449109096,0.00599486797033988,1.0770949333678215,0.005014980750940694,0.9762254849960447,0.22120136449109096
0.6188333333333239,0.01784600387787794,0.0,0.22108640530821055,0.0058854216256276235,1.0784625664666458,0.005014207930262064,0.9753745026538687,0.22108640530821055
0.6193333333333239,0.017864753877877938,0.0,0.2209706104286525,0.005777974601593557,1.0798302067288024,0.005013474986330824,0.9745085523745467,0.2209706104286525
0.6198333333333238,0.017883503877877936,0.0,0.22085399138444634,0.005672487550694048,1.0811978540644607,0.005012779840905495,0.9736276339813061,0.22085399138444634
0.6203333333333237,0.017902253877877933,0.0,0.22074069453646916,0.005568993338285398,1.0825654741467499,0.005012121021247469,0.9727317699156895,0.22074069453646916
0.6208333333333237,0.01792100387787793,0.0,0.22062319464217833,0.005467362319298895,1.0839331292805598,0.005011495997505114,0.9718209192366913,0.22062319464217833
0.6213333333333236,0.01793975387787793,0.0,0.22050209782290436,0.005367566320818659,1.0853008144724288,0.005010903076371769,0.9708950842013612,0.22050209782290436
0.6218333333333236,0.017958503877877927,0.0,0.22037800963826254,0.005269577169928809,1.086668524728895,0.005010340644216355,0.9699542672852677,0.22037800963826254
0.6223333333333235,0.017977253877877925,0.0,0.22025153504079076,0.005173366693713468,1.0880362550564968,0.005009807163695658,0.9689984711825097,0.22025153504079076
0.6228333333333235,0.017996003877877923,0.0,0.22012327833867226,0.005078906719256755,1.0894040004617724,0.005009301170489628,0.9680276988057256,0.22012327833867226
0.6233333333333234,0.01801475387787792,0.0,0.21999384316666623,0.004986169073642792,1.0907717559512606,0.0050088212701563046,0.9670419532860991,0.21999384316666623
0.6238333333333234,0.01803350387787792,0.0,0.2198638324655658,0.004895125583955698,1.092139516531499,0.005008366135103047,0.9660412379733664,0.2198638324655658
0.6243333333333233,0.018052253877877917,0.0,0.21973384846939092,0.0048057480772795945,1.0935072772090266,0.0050079345016707955,0.965025556435817,0.21973384846939092
0.6248333333333232,0.018071003877877915,0.0,0.2196044927013682,0.004718008380698602,1.0948750329903814,0.0050075251673281146,0.9639949124602962,0.2196044927013682
0.6253333333333232,0.018089753877877913,0.0,0.21947636597778244,0.0046318783212968406,1.0962427788821014,0.005007136987971866,0.9629493100522037,0.21947636597778244
0.6258333333333231,0.01810850387787791,0.0,0.21935006842009708,0.004547329726158432,1.0976105098907254,0.005006768875331365,0.9618887534354904,0.21935006842009708
0.6263333333333231,0.01812725387787791,0.0,0.2192261994755103,0.004464334422367496,1.0989782210227916,0.005006419794472953,0.9608132470526536,0.2192261994755103
0.626833333333323,0.018146003877877907,0.0,0.2191053579456274,0.004382864237008154,1.100345907284838,0.005006088761401974,0.9597227955647307,0.2191053579456274
0.627333333333323,0.018164753877877905,0.0,0.21898814202320363,0.004302890997164525,1.1017135636834035,0.00500577484075917,0.9586174038512889,0.21898814202320363
0.6278333333333229,0.018183503877877902,0.0,0.2188751493375663,0.0042243865299207315,1.1030811852250257,0.005005477143608602,0.9574970770104158,0.2188750487817091
0.6283333333333229,0.0182022538778779,0.0,0.21876697700769676,0.004147322662360892,1.1044487669162437,0.005005194825314227,0.9563618203587048,0.2187547456630152
0.6288333333333228,0.0182210038778779,0.0,0.2186642217041433,0.00407167122156913,1.105816303763595,0.0050049270835023285,0.9552116394312423,0.21861963325665057
0.6293333333333228,0.018239753877877896,0.0,0.21856747971865534,0.0039974040346295635,1.1071837907736186,0.005004673156107055,0.9540465399815886,0.21847031007306703
0.6298333333333227,0.018258503877877894,0.0,0.21847734704240496,0.003924492928626314,1.1085512229528525,0.005004432319496375,0.9528665279817604,0.21830737461747338
0.6303333333333226,0.018277253877877892,0.0,0.2183944194522793,0.003852909730643502,1.109918595307835,0.005004203886675807,0.9516716096222095,0.2181314254760996
0.6308333333333226,0.01829600387787789,0.0,0.2183299825378811,0.003782648363683438,1.111285813842903,0.005003987278550244,0.950461870549291,0.2179537593721558
0.6313333333333225,0.018314753877877888,0.0,0.2182986078135397,0.003713687372313851,1.1126527571612368,0.005003781888928043,0.9492374252158856,0.21778896738963502
0.6318333333333225,0.018333503877877886,0.0,0.21828724087910217,0.0036459692778789995,1.11401953389947,0.005003587031421516,0.9479981835573904,0.21762399432267912
0.6323333333333224,0.018352253877877884,0.0,0.21829574844358238,0.0035794751788700368,1.1153861451544185,0.005003402178289462,0.9467441500256139,0.21745871411995482
0.6328333333333224,0.018371003877877882,0.0,0.21832399993199547,0.0035141861737781185,1.1167525920228976,0.0050032268266208026,0.9454753290237393,0.21729300338039237
0.6333333333333223,0.01838975387787788,0.0,0.21837186742557577,0.0034500833610943984,1.118118875601723,0.0050030604972799075,0.9441917249063387,0.21712674129342285
0.6338333333333223,0.018408503877877878,0.0,0.2184392256023917,0.0033871478393100313,1.1194849969877108,0.0050029027338900625,0.942893341979387,0.2169598095796128
0.6343333333333222,0.018427253877877876,0.0,0.21852595167840438,0.0033253607069161717,1.1208509572776761,0.005002753101854048,0.9415801845002771,0.21679209243174183
0.6348333333333221,0.018446003877877874,0.0,0.21863192534889256,0.0032647030624039747,1.1222167575684348,0.00500261118741082,0.9402522566778337,0.21662347645624697
0.6353333333333221,0.01846475387787787,0.0,0.21875702873018457,0.0032051560042645937,1.1235823989568028,0.005002476596727268,0.9389095626723265,0.2164538506149734
0.635833333333322,0.01848350387787787,0.0,0.21890114630206053,0.0031467006309891846,1.1249478825395955,0.005002348955024091,0.9375521065954857,0.21628310616759594
0.636333333333322,0.018502253877877867,0.0,0.21906416485021835,0.003089318041068901,1.1263132094136286,0.005002227905734785,0.9361798925105153,0.21611113661410356
0.6368333333333219,0.018521003877877865,0.0,0.21924597340928853,0.0030329893329948975,1.1276783806757178,0.005002113109696798,0.9347929244321059,0.21593783763783275
0.6373333333333219,0.018539753877877863,0.0,0.2194464632063533,0.0029776956052583294,1.1290433974226788,0.005002004244373919,0.9333912063264503,0.21576310704900553
0.6378333333333218,0.01855850387787786,0.0,0.21966552760465016,0.0029234179563503502,1.1304082607513275,0.005001901003108936,0.9319747421112551,0.21558684472845105
0.6383333333333218,0.01857725387787786,0.0,0.2199030620479011,0.002870137484762115,1.131772971758479,0.00500180309440569,0.9305435356557563,0.21540895257195342
0.6388333333333217,0.018596003877877857,0.0,0.22015896400474994,0.0028178352889847787,1.1331375315409495,0.005001710241239592,0.9290975907807306,0.2152293344347067
0.6393333333333217,0.018614753877877855,0.0,0.22043313291390176,0.0027664924675094953,1.1345019411955546,0.0050016221803957485,0.9276369112585103,0.21504789607647284
0.6398333333333216,0.018633503877877853,0.0,0.22072547012949242,0.0027160901188274193,1.1358662018191097,0.005001538661833806,0.9261615008129959,0.21486454510696876
0.6403333333333215,0.01865225387787785,0.0,0.22103587886680925,0.0026666093414297056,1.1372303145084308,0.005001459448078684,0.9246713631196687,0.21467919093160476
0.6408333333333215,0.01867100387787785,0.0,0.2213642641486234,0.0026180312338075088,1.1385942803603333,0.00500138431363635,0.9231665018056053,0.21449174469783486
0.6413333333333214,0.018689753877877847,0.0,0.22171053275167504,0.0025703368944519824,1.1399581004716328,0.0050013130444338276,0.9216469204494894,0.21430211924165907
0.6418333333333214,0.018708503877877845,0.0,0.22207574384415385,0.00252354513267321,1.1413217664399748,0.005001245496795875,0.9201126333211408,0.21411138366784396
0.6423333333333213,0.018727253877877843,0.0,0.22245978728504126,0.0024776042955671038,1.1426852795538756,0.005001181421881044,0.9185636439945295,0.21391943410169426
0.6428333333333213,0.01874600387787784,0.0,0.2228623875113501,0.002432489407946195,1.1440486424797716,0.005001120627244273,0.9169999543989398,0.21372600055722069
0.6433333333333212,0.01876475387787784,0.0,0.22328351779162411,0.0023881881183834205,1.1454118558445097,0.005001062949073308,0.9154215687194222,0.21353106265872973
0.6438333333333212,0.018783503877877836,0.0,0.22372315333025145,0.0023446880754517166,1.1467749202749367,0.0050010082312262946,0.9138284911131439,0.2133346019286762
0.6443333333333211,0.018802253877877834,0.0,0.2241812712366168,0.0023019769277240207,1.1481378363978991,0.005000956324908014,0.912220725709397,0.21313660175682597
0.644833333333321,0.018821003877877832,0.0,0.22465785049444545,0.002260042323773269,1.1495006048402434,0.005000907088357734,0.9105982766096056,0.21293704736961028
0.645333333333321,0.01883975387787783,0.0,0.22515287193084632,0.0022188719121723982,1.1508632262288165,0.005000860386548356,0.9089611478873317,0.2127359257991779
0.6458333333333209,0.018858503877877828,0.0,0.22566631818613095,0.0021784533414943453,1.1522257011904649,0.00500081609089655,0.9073093435882852,0.21253322585322523
0.6463333333333209,0.018877253877877826,0.0,0.2261981736832083,0.0021387742603120466,1.1535880303520352,0.005000774078983589,0.9056428677303293,0.21232893808440034
0.6468333333333208,0.018896003877877824,0.0,0.22674842459735542,0.002099822317198439,1.154950214340374,0.0050007342342865664,0.9039617243034885,0.2121230547600835
0.6473333333333208,0.018914753877877822,0.0,0.22731705882618028,0.0020615851607264585,1.156312253782328,0.005000696445919716,0.9022659172699563,0.21191556983236046
0.6478333333333207,0.01893350387787782,0.0,0.2279040659595287,0.0020240504394690426,1.157674149304744,0.00500066060838554,0.9005554505641012,0.21170647890793864
0.6483333333333207,0.018952253877877818,0.0,0.22850943724961365,0.0019872058019991283,1.1590359015344684,0.005000626621335464,0.8988303280924754,0.21149577921828625
0.6488333333333206,0.018971003877877816,0.0,0.22913316558136806,0.001951038896889651,1.160397511098348,0.005000594389339726,0.8970905537338213,0.21128346958999536
0.6493333333333206,0.018989753877877814,0.0,0.22977524544277186,0.0019155373727135485,1.1617589786232292,0.005000563821666243,0.8953361313390787,0.21106955041511816
0.6498333333333205,0.01900850387787781,0.0,0.23043567289527742,0.001880688878043757,1.1631203047359588,0.005000534832068174,0.8935670647313917,0.2108540236216018
0.6503333333333204,0.01902725387787781,0.0,0.23111444554470792,0.0018464810614532133,1.1644814900633833,0.0050005073385799015,0.8917833577061165,0.21063689264419747
0.6508333333333204,0.019046003877877807,0.0,0.23181156251169266,0.001812901571514854,1.1658425352323496,0.0050004812633211975,0.8899850140308275,0.21041816239490352
0.6513333333333203,0.019064753877877805,0.0,0.23252702440288775,0.0017799380568016157,1.1672034408697043,0.005000456532309289,0.8881720374453252,0.21019783923419738
0.6518333333333203,0.019083503877877803,0.0,0.23326083328185832,0.0017475781658864353,1.1685642076022937,0.00500043307527859,0.8863444316616432,0.2099759309419264
0.6523333333333202,0.0191022538778778,0.0,0.23401299264034073,0.0017158095473422496,1.1699248360569647,0.005000410825507846,0.8845022003640546,0.20975244668858
0.6528333333333202,0.0191210038778778,0.0,0.2347835073693521,0.0016846198497419947,1.1712853268605639,0.005000389719654447,0.8826453472090792,0.20952739700640755
0.6533333333333201,0.019139753877877797,0.0,0.2355723837308378,0.0016539967216586075,1.172645680639938,0.005000369697595679,0.8807738758254903,0.20930079376107635
0.65383333333332,0.019158503877877795,0.0,0.2363795567399993,0.0016239323474137937,1.174005898602756,0.005000350705412473,0.8788877890057897,0.20907257708761726
0.65433333333332,0.019177253877877793,0.0,0.23720500724070337,0.0015944163995629131,1.1753659815970776,0.005000332690005979,0.8769870899939738,0.20884273315972712
0.65483333333332,0.01919600387787779,0.0,0.23804875298117317,0.0015654380960449061,1.1767259301852677,0.0050003156006051125,0.8750717824006076,0.20861128523294117
0.6553333333333199,0.01921475387787779,0.0,0.23891078633889967,0.0015369885082967677,1.1780857451419255,0.005000299390136607,0.8731418695089805,0.20837823098591218
0.6558333333333198,0.019233503877877787,0.0,0.23979110076520188,0.0015090587077554933,1.1794454272416501,0.005000284013795199,0.8711973545682465,0.20814356912497156
0.6563333333333198,0.019252253877877785,0.0,0.2406896907509368,0.0014816397658580782,1.1808049772590414,0.005000269428943964,0.86923824079343,0.20790729934984928
0.6568333333333197,0.019271003877877783,0.0,0.24160655179304416,0.0014547227540415175,1.1821643959686983,0.00500025559501843,0.8672645313654372,0.20766942232023272
0.6573333333333197,0.01928975387787778,0.0,0.242541680360398,0.001428298743742806,1.1835236841452201,0.005000242473434392,0.8652762294310619,0.20742993962162615
0.6578333333333196,0.01930850387787778,0.0,0.24349507386065358,0.0014023588063989394,1.1848828425632063,0.005000230027499285,0.8632733381029947,0.20718885373221113
0.6583333333333196,0.019327253877877777,0.0,0.24446673060662139,0.0013768940134469127,1.186241871997256,0.005000218222327034,0.8612558604598308,0.20694616798922916
0.6588333333333195,0.019346003877877774,0.0,0.24545664978347992,0.0013518954363237207,1.1876007732219687,0.005000207024756263,0.859223799546078,0.20670188655620755
0.6593333333333194,0.019364753877877772,0.0,0.24646483141551243,0.0013273541464663594,1.1889595470119436,0.005000196403271756,0.8571771583721642,0.20645601438970443
0.6598333333333194,0.01938350387787777,0.0,0.24749127633381432,0.0013032612153118233,1.19031819414178,0.005000186327929085,0.855115939914447,0.20620855720702985
0.6603333333333193,0.019402253877877768,0.0,0.24853596385223498,0.0012796082548651954,1.1916767155600234,0.005000176770521409,0.8530401468484875,0.20595949899526522
0.6608333333333193,0.019421003877877766,1.0,0.2497505126950585,0.006682425334513684,1.1930339316216412,0.005035269683562678,0.8509516049707663,0.2058616134076639
0.6613333333333192,0.019439753877877764,1.0,0.25512826066674343,0.01564692915472918,1.1943589742423757,0.005539800871006752,0.8488983565258061,0.20993881938590347
0.6618333333333192,0.019458503877877762,1.0,0.27621176952533055,0.024530529904622927,1.195566496195457,0.007284215239688785,0.847014982263329,0.22982059656918535
0.6623333333333191,0.01947725387787776,1.0,0.32940508795807955,0.03333395808629174,1.1965567603659895,0.011097897021992324,0.845461759817708,0.282016630129938
0.6628333333333191,0.019496003877877758,1.0,0.43211995077825693,0.04205793677856864,1.1972743929980176,0.017785431154758564,0.8443312554690547,0.38400214463073173
0.663333333333319,0.019514753877877756,1.0,0.5974323592300183,0.05070318326359854,1.197741812035332,0.028060552099267624,0.8435927030919337,0.548836507818654
0.663833333333319,0.019533503877877754,1.0,0.8262876121596678,0.059270408035430405,1.1980498322918567,0.04249334419341983,0.8431050557166697,0.7773754463833937
0.6643333333333189,0.019552253877877752,1.0,1.1130130000749603,0.06776031522215448,1.198280634835274,0.06146326949945427,0.842739159397283,1.0638631443932576
0.6648333333333188,0.01957100387787775,1.0,1.4525638979520459,0.07617360258865712,1.1984784589793656,0.08511791041067841,0.8424252052847052,1.4032098563393793
0.6653333333333188,0.019589753877877748,1.0,1.8420372304624775,0.08451096163182942,1.1986625594365783,0.1133507702418333,0.842132749912432,1.792492787716325
0.6658333333333187,0.019608503877877746,1.0,2.2810192821753277,0.09277307756695632,1.198838144051728,0.14580443396694195,0.8418535698802572,2.231292904062735
0.6663333333333187,0.019627253877877743,1.0,2.7708867051603536,0.1009606295131226,1.199004345015189,0.1819016141074317,0.8415890826603024,2.720987807548849
0.6666666666666666,0.01963975387787829,1.0,3.126185517063574,0.10637790550681919,1.1991101528182433,0.2076296319794118,0.8414205881787832,3.076176633470797
