Time [s],Lmtc [m],STIM [ ],Fsee [N],Gamma [ ],Lcerel [ ],q [ ],fisomrel [ ],fce [N]
0.0,0.02113975387787829,1.0,1.0561746243607066,0.05296839899452696,1.3142053874752955,0.048295726439913554,0.6050998979259977,0.8148248077329086
0.0005,0.021137648614720398,1.0,0.9299290697775007,0.06151518061899569,1.3145450263354495,0.07315709073354328,0.6042457056305257,0.6878026040069108
0.001,0.0211355433515625,1.0,0.9318213592341689,0.06998482914495312,1.3143839444072933,0.1044445929876763,0.6046509419956476,0.6900633936044747
0.0015,0.021133438088404607,1.0,1.0301402603364553,0.07837804069988864,1.3138441962298686,0.14163464255139055,0.6060072819713109,0.7896150076347859
0.002,0.021131332825246714,1.0,1.2225229439868919,0.08669550509054169,1.3129849029460872,0.18375405342486528,0.6081618021113135,0.9839537016351003
0.0025,0.021129227562088817,1.0,1.4808001608777865,0.09493790594203555,1.3119662309828262,0.22961321577610255,0.6107082829054797,1.2445393777225036
0.003,0.021127122298930923,1.0,1.7770052609485552,0.10310592069512281,1.3109089790397914,0.27790904648561093,0.6133424270097382,1.5431284962347795
0.0035,0.02112501703577303,1.0,2.094827409642193,0.11120022064691859,1.3098661523605395,0.3273215253200895,0.6159318704850997,1.8632902926632255
0.004,0.021122911772615133,1.0,2.4257974008070553,0.11922147104567088,1.3088557155258138,0.37662951895858815,0.6184325879481503,2.196516043640933
0.0045000000000000005,0.02112080650945724,1.0,2.764675908037426,0.12717033119738794,1.307883488675226,0.42479919911667113,0.620831029604688,2.537554584606552
0.005,0.021118701246299346,1.0,3.10730380306157,0.1350474542064981,1.306951807177798,0.47102751599679465,0.6231223522811359,2.882242839878754
0.0055,0.02111659598314145,1.0,3.4499206652777823,0.14285348829611214,1.306061996776654,0.5147469106616107,0.6253042165163497,3.2268187021578894
0.006,0.021114490719983555,1.0,3.789235019791356,0.150589073184647,1.3052145282388976,0.5556035044342794,0.6273763670076287,3.5679908755452328
0.006500000000000001,0.02111238545682566,1.0,4.122227613910586,0.15825484629508468,1.3044096059704307,0.5934225384736533,0.6293391671717086,3.9027408262404895
0.007,0.021110280193667764,1.0,4.446403390059072,0.16585143921098663,1.303646764755481,0.6281683996073205,0.6311945690141183,4.228575617653829
0.0075,0.02110817493050987,1.0,4.759915178384555,0.17337947243156904,1.3029247661895975,0.6599067921524059,0.6329463441159107,4.543651799979916
0.008,0.021106069667351977,1.0,5.061196222446919,0.18083956486236133,1.302242339638624,0.6887729028033155,0.6345982725190826,4.846406312380055
0.0085,0.02110396440419408,1.0,5.349110400252538,0.18823233375610843,1.3015979062708047,0.7149447400659248,0.6361548117322675,5.135707301198879
0.009000000000000001,0.021101859141036187,1.0,5.622987580134108,0.1955583859761138,1.3009895321786704,0.7386229769734995,0.6376212060754605,5.41088957147591
0.0095,0.021099753877878293,1.0,5.882474606892154,0.20281831969296568,1.3004151758205238,0.7600166221796619,0.639002888546895,5.671605039957742
0.01,0.021097648614720396,1.0,6.127436462536707,0.21001273133121684,1.2998728189818933,0.7793330742107879,0.6403051697434106,5.917723621096055
0.0105,0.021095543351562503,1.0,6.357957034965734,0.2171422108648359,1.2993604291182328,0.7967714987797281,0.6415333339125902,6.14933408365359
0.011,0.02109343808840461,1.0,6.574475633846993,0.2242073602992146,1.2988757220671745,0.8125187572768958,0.6426932110353003,6.366881075802101
0.0115,0.021091332825246712,1.0,6.777298301102716,0.2312087493329385,1.2984168822336446,0.8267477205896606,0.6437894575918044,6.570674913186993
0.012,0.02108922756208882,1.0,6.966873882952739,0.23814694766459318,1.2979820940225684,0.8396161923153578,0.6448266865677009,6.761168656950093
0.0125,0.02108712229893092,1.0,7.143779058277835,0.2450225249927642,1.2975695418388717,0.8512669719219889,0.6458094710792158,6.938943146994071
0.013000000000000001,0.021085017035773028,1.0,7.308704456055463,0.2518360510160371,1.29717741008748,0.8618284574518592,0.6467423477347909,7.104693123962779
0.0135,0.021082911772615134,1.0,7.46222650841173,0.2585880777181006,1.296804189857685,0.8714156885322091,0.6476290915316931,7.258998443470614
0.014,0.021080806509457237,1.0,7.605276635670865,0.2652791846289801,1.2964479860605078,0.8801311255746441,0.6484743662426758,7.402794720916662
0.0145,0.021078701246299344,1.0,7.7383688024789254,0.27190991078672544,1.2961076016855684,0.8880662165410338,0.6492811528960831,7.53659861831953
0.015,0.02107659598314145,1.0,7.862045018073864,0.27848079292360706,1.2957818780545276,0.8953022199676932,0.6500523224581463,7.6609547361731
0.0155,0.021074490719983553,1.0,7.976896140524196,0.2849923677718953,1.2954696564890473,0.9019112677373554,0.6507907283769775,7.776456500118769
0.016,0.02107238545682566,1.0,8.083556486286245,0.29144517206386045,1.2951697783107885,0.9079573699167843,0.6514992078878399,7.883740772267314
0.0165,0.021070280193667766,1.0,8.182688889172548,0.2978397414134214,1.2948810984331252,0.9134973379963331,0.6521805511474943,7.983472883572264
0.017,0.02106817493050987,1.0,8.274837689285208,0.304176599908427,1.2946026777042066,0.9185816699007724,0.6528370491580455,8.076199225745222
0.0175,0.021066069667351976,1.0,8.360589154690796,0.31045627945761506,1.2943335563598357,0.9232552236124284,0.6534710304022857,8.162508146183605
0.018000000000000002,0.021063964404194082,1.0,8.440340239921362,0.31667928684218694,1.2940730600875157,0.9275579489018284,0.6540841413230576,8.242798074505828
0.0185,0.021061859141036185,1.0,8.514505211080865,0.322846128843344,1.2938205145747497,0.9315253961147517,0.6546780208601173,8.317484741758662
0.019,0.02105975387787829,1.0,8.583513799461144,0.32895731224228775,1.293575245509041,0.9351892370178719,0.6552543008972251,8.386999334637638
0.0195,0.021057648614720398,1.0,8.647797924749204,0.3350133417108011,1.293336593897811,0.9385777258615613,0.6558145707217229,8.451775187703552
0.02,0.0210555433515625,1.0,8.70771009609275,0.34101471005568956,1.293104021340256,0.9417161218124843,0.6563601306966829,8.51216596864104
0.0205,0.021053438088404607,1.0,8.763698500016279,0.3469619332960447,1.2928768762120977,0.9446270007419086,0.6568925415209744,8.56862124840289
0.021,0.021051332825246714,1.0,8.816005949670757,0.3528554883415515,1.2926547884342492,0.9473306264858704,0.6574126992260194,8.621384639460608
0.021500000000000002,0.021049227562088817,1.0,8.86488127819358,0.3586958521018951,1.2924373879276239,0.9498451721431347,0.6579214965682738,8.67070576984466
0.022,0.021047122298930923,1.0,8.910578742985413,0.36448350148676056,1.2922243046131348,0.9521869595745869,0.6584198231734792,8.716839687616305
0.0225,0.02104501703577303,1.0,8.95335747523266,0.370218913405833,1.2920151684116952,0.9543706695105724,0.6589085656699573,8.760046310570285
0.023,0.021042911772615133,1.0,8.993480974681825,0.3759025647687975,1.291809609244218,0.9564095259807326,0.6593886078109473,8.80058992117456
0.0235,0.02104080650945724,1.0,9.031124425450702,0.3815349062317786,1.291607376416706,0.9583154704553107,0.6598605520774622,8.838646238932949
0.024,0.021038701246299345,1.0,9.066573996687188,0.38711643845455973,1.2914080794230773,0.9600992829937103,0.6603253249878138,8.874502250786577
0.0245,0.02103659598314145,1.0,9.099969065397103,0.39264760964134776,1.291211521317496,0.9617707313194034,0.6607833994077984,8.908297753740534
0.025,0.021034490719983555,1.0,9.13143896691444,0.3981288638734782,1.2910175205306438,0.9633386655746907,0.6612352109767853,8.940162469920985
0.025500000000000002,0.02103238545682566,1.0,9.161114689500959,0.4035606452322864,1.2908258954932024,0.9648111147042416,0.6616811940423077,8.97022777263541
0.026000000000000002,0.021030280193667764,1.0,9.189128726386638,0.40894339779910777,1.2906364646358537,0.9661953727725368,0.6621217816958886,8.998626538461481
0.0265,0.02102817493050987,1.0,9.215614938702371,0.4142775656552776,1.2904490463892795,0.9674980752937167,0.6625574058062327,9.025493010224643
0.027,0.021026069667351977,1.0,9.240708429300144,0.4195635928821316,1.290263459184162,0.9687252668154521,0.6629884970497774,9.05096267085958
0.0275,0.02102396440419408,1.0,9.264502794186898,0.42480189470717467,1.2900795759408807,0.9698824614716334,0.6634153584878353,9.075129384598753
0.028,0.021021859141036187,1.0,9.287130178147617,0.4299929346038365,1.2898972214091837,0.9709746999064127,0.6638384040769388,9.098125660741461
0.0285,0.021019753877878293,1.0,9.30868888941971,0.43513715135525083,1.2897162646553344,0.9720065916454006,0.664257943976641,9.120050081055757
0.029,0.021017648614720396,1.0,9.329238073744705,0.44023495316991534,1.2895366254942406,0.9729823571550347,0.6646741699896314,9.14096196130781
0.029500000000000002,0.021015543351562502,1.0,9.348837333622454,0.4452867482563276,1.2893582237408097,0.9739058656656406,0.6650872734142541,9.160921073340278
0.03,0.02101343808840461,1.0,9.36754669446604,0.450292944822985,1.2891809792099491,0.9747806686475405,0.6654974450526999,9.179987611238293
0.0305,0.021011332825246712,1.0,9.385426572884485,0.4552539510783852,1.289004811716567,0.9756100297304157,0.6659048752186869,9.198222159622555
0.031,0.02100922756208882,1.0,9.40253774708832,0.46017017523102577,1.2888296410755704,0.9763969514785222,0.6663097537446288,9.215685664064582
0.0315,0.021007122298930925,1.0,9.418941329417985,0.4650420254894042,1.2886553871018673,0.9771441993830101,0.6667122699882845,9.23243940362411
0.032,0.021005017035773028,1.0,9.43469874099746,0.46986991006201806,1.2884819696103655,0.9778543233880002,0.6671126128388966,9.248544965511023
0.0325,0.021002911772615134,1.0,9.449841550704436,0.47465418737145826,1.2883093465555833,0.9785296736925572,0.6675108827547703,9.264034007601602
0.033,0.02100080650945724,1.0,9.464433413819746,0.4793953050926271,1.2881374355343838,0.9791724309036334,0.6679072729746753,9.278970354673245
0.0335,0.020998701246299344,1.0,9.478519157012576,0.4840936719780602,1.287966178257983,0.9797846086143458,0.6683019207179663,9.293398954006607
0.034,0.02099659598314145,1.0,9.492123085830455,0.4887496571248931,1.2877955425793142,0.9803680683848119,0.6686949026859126,9.307344179050988
0.0345,0.020994490719983556,1.0,9.50526961847245,0.4933636296302613,1.2876254963513107,0.9809245357982599,0.6690862953946486,9.320830515656935
0.035,0.02099238545682566,1.0,9.517983279359647,0.4979359585913005,1.2874560074269055,0.9814556119350206,0.6694761751767315,9.333882555648836
0.035500000000000004,0.020990280193667766,1.0,9.530288693044398,0.5024670131051462,1.2872870436590318,0.9819627837575751,0.6698646181826142,9.346524990736153
0.036000000000000004,0.02098817493050987,1.0,9.542210578461646,0.5069571622689341,1.287118572900623,0.9824474335206468,0.6702517003820387,9.358782606766637
0.0365,0.020986069667351975,1.0,9.553773743523463,0.5114067751797996,1.286950563004612,0.9829108473073664,0.6706374975653446,9.370680278322626
0.037,0.020983964404194082,1.0,9.565003080052394,0.5158162209348784,1.2867829818239322,0.9833542227811544,0.6710220853446967,9.382242963656052
0.0375,0.020981859141036185,1.0,9.575923559057863,0.5201858686313061,1.2866157972115169,0.9837786762329733,0.6714055391552265,9.3934956999664
0.038,0.02097975387787829,1.0,9.586560226353772,0.5245160873662182,1.2864489770202991,0.9841852489947915,0.6717879342560965,9.404463599019728
0.0385,0.020977648614720398,1.0,9.596920765100478,0.5288071733958639,1.2862825109956195,0.9845749080467313,0.672169295592172,9.415154366282424
0.039,0.0209755433515625,1.0,9.607032999641183,0.5330595609532492,1.2861163636414075,0.984948567926765,0.6725497058264716,9.425595898330528
0.0395,0.020973438088404607,1.0,9.61691353189111,0.5372736147800062,1.2859505136280796,0.9853070784034669,0.6729292150233499,9.435804841014129
0.04,0.020971332825246713,1.0,9.626571942696488,0.5414496636161651,1.2857849484846804,0.9856512322918376,0.6733078528784343,9.445790801440538
0.0405,0.020969227562088816,1.0,9.636017841150517,0.5455880362017558,1.2856196557402548,0.9859817722914799,0.6736856490192733,9.455563414871998
0.041,0.020967122298930923,1.0,9.645260863444737,0.5496890612768084,1.285454622923847,0.9862993946725594,0.6740626330056172,9.465132343577432
0.0415,0.02096501703577303,1.0,9.654310671771977,0.5537530675813529,1.2852898375645017,0.9866047526548813,0.674438834329681,9.474507275735757
0.042,0.020962911772615132,1.0,9.66317695328192,0.5577803838554196,1.2851252871912633,0.9868984595084568,0.6748142824163985,9.483697924391777
0.0425,0.02096080650945724,1.0,9.671869419086601,0.5617713388390383,1.2849609593331763,0.9871810914010655,0.6751890066236632,9.492714026462021
0.043000000000000003,0.020958701246299345,1.0,9.680397803318549,0.5657262612722392,1.2847968415192854,0.9874531900157563,0.6755630362425561,9.501565341793185
0.043500000000000004,0.020956595983141448,1.0,9.68877186223824,0.5696454798950524,1.284632921278635,0.9877152649589558,0.6759364004975617,9.51026165226988
0.044,0.020954490719983555,1.0,9.697001373396606,0.573529323447508,1.2844691861402695,0.9879677959778179,0.6763091285467708,9.518812760977411
0.0445,0.02095238545682566,1.0,9.705096134844862,0.5773781206696358,1.2843056236332338,0.9882112350036318,0.6766812494820722,9.527228491411869
0.045,0.020950280193667764,1.0,9.713062867138708,0.581192166011978,1.284142225152703,0.9884460060739575,0.6770527835410824,9.535515581908072
0.0455,0.02094817493050987,1.0,9.720906441115467,0.5849717749039872,1.2839789844193794,0.98867251064116,0.6774237456325515,9.543678916467476
0.046,0.020946069667351977,1.0,9.728636794859904,0.5887173181243212,1.2838158888471634,0.9888911306209466,0.6777941649515784,9.551728458631052
0.0465,0.02094396440419408,1.0,9.736257976669004,0.5924290868943476,1.2836529332158357,0.9891022222808911,0.6781640539122105,9.559668267666448
0.047,0.020941859141036186,1.0,9.74377404338613,0.5961073724354345,1.2834901123051783,0.9893061223544528,0.6785334249007896,9.567502411350231
0.0475,0.020939753877878293,1.0,9.751189060163572,0.5997524659689499,1.2833274208949725,0.989503149294795,0.6789022902760123,9.575234965730527
0.048,0.020937648614720396,1.0,9.758507100235716,0.6033646587162619,1.2831648537649996,0.989693604437089,0.6792706623689857,9.582870014900251
0.0485,0.020935543351562502,1.0,9.765732244700189,0.6069442418987383,1.2830024056950409,0.9898777730767603,0.6796385534832781,9.590411650778336
0.049,0.02093343808840461,1.0,9.77286858230682,0.610491506737747,1.282840071464878,0.9900559254704565,0.6800059758949708,9.597863972898754
0.0495,0.02093133282524671,1.0,9.779920209257599,0.6140067444546561,1.2826778458542925,0.9902283177659241,0.6803729418527076,9.605231088210543
0.05,0.020929227562088818,1.0,9.786891229016069,0.6174902462708334,1.2825157236430653,0.9903951928664303,0.6807394635777406,9.612517110887268
0.0505,0.020927122298930925,1.0,9.793785752122059,0.620942303407647,1.2823536996109781,0.9905567812348718,0.6811055532639742,9.6197261621418
0.051000000000000004,0.020925017035773028,1.0,9.80060789601887,0.6243632070864649,1.2821917685378126,0.9907133016422816,0.6814712230780064,9.626862370053574
0.051500000000000004,0.020922911772615134,1.0,9.807361784890274,0.6277532485286549,1.2820299252033496,0.9908649618650198,0.6818364851591722,9.633929869405637
0.052000000000000005,0.02092080650945724,1.0,9.814047813519483,0.6311126414822253,1.281868169026728,0.9910119560167,0.6822013411580796,9.640929056565962
0.0525,0.020918701246299343,1.0,9.820671799658452,0.6344417603149677,1.2817064926968231,0.9911544755972458,0.6825658078898189,9.647865763879032
0.053,0.02091659598314145,1.0,9.827235718982884,0.63774086461425,1.2815448936811087,0.9912926978302594,0.6829298913683728,9.654741972331287
0.0535,0.020914490719983556,1.0,9.83374148971292,0.6410102123647331,1.2813833695224695,0.9914267913357396,0.6832935974247256,9.661559605290165
0.054,0.02091238545682566,1.0,9.840191033256579,0.6442500615510778,1.2812219177637905,0.9915569166848079,0.6836569318770235,9.668320589293627
0.0545,0.020910280193667766,1.0,9.846586274152816,0.6474606701579448,1.2810605359479563,0.991683226852191,0.6840199005305903,9.675026853993234
0.055,0.020908174930509872,1.0,9.852929140010101,0.6506422961699952,1.280899221617852,0.9918058676396885,0.6843825091779393,9.681680332092746
0.0555,0.020906069667351975,1.0,9.859221561453069,0.6537951975718896,1.2807379723163625,0.9919249780727009,0.684744763598789,9.688282959294787
0.056,0.02090396440419408,1.0,9.865465472068934,0.656919632348289,1.2805767855863726,0.992040690771746,0.6851066695600749,9.69483667424728
0.0565,0.020901859141036188,1.0,9.871662808353676,0.6600158584838541,1.2804156589707674,0.9921531323007232,0.6854682328159611,9.701343418489653
0.057,0.02089975387787829,1.0,9.877815509663858,0.6630841339632457,1.2802545900124314,0.9922624234935594,0.685829459107856,9.707805136404662
0.0575,0.020897648614720397,1.0,9.883925518169034,0.6661247167711247,1.2800935762542498,0.9923686797607403,0.686190354164419,9.714223775170828
0.058,0.020895543351562504,1.0,9.889994778804516,0.669137864892152,1.2799326152391075,0.9924720113771126,0.6865509237015752,9.720601284715208
0.0585,0.020893438088404607,1.0,9.89602377829242,0.6721237594792503,1.279771706316556,0.99257252111369,0.6869111693788912,9.726938153279317
0.059000000000000004,0.020891332825246713,1.0,9.902014887281522,0.6750827157173326,1.2796108465082217,0.9926703118636176,0.6872710980598229,9.733236757474685
0.059500000000000004,0.020889227562088816,1.0,9.90797004983956,0.6780150177498839,1.2794500333668553,0.9927654809691397,0.6876307154050539,9.7394990462971
0.06,0.020887122298930923,1.0,9.913890199568296,0.6809208908384843,1.2792892656968922,0.992858119639792,0.6879900242659631,9.74572595587203
0.0605,0.02088501703577303,1.0,9.9197762714333,0.6838005602447136,1.2791285423027674,0.9929483152211238,0.6883490274877287,9.751918423680369
0.061,0.020882911772615132,1.0,9.92562920174705,0.6866542512301516,1.2789678619889162,0.9930361513885557,0.688707727909332,9.758077388541542
0.0615,0.02088080650945724,1.0,9.931449928151466,0.6894821890563781,1.278807223559774,0.993121708330121,0.6890661283635606,9.764203790596042
0.062,0.020878701246299345,1.0,9.937239389601748,0.6922845989849731,1.2786466258197757,0.9932050629188073,0.6894242316770156,9.77029857128928
0.0625,0.020876595983141448,1.0,9.94299852634843,0.6950617062775164,1.2784860675733567,0.9932862888751636,0.6897820406701112,9.77636267335363
0.063,0.020874490719983554,1.0,9.948728279922982,0.6978137361955878,1.2783255476249522,0.9933654569207873,0.6901395581570818,9.782397040794054
0.0635,0.02087238545682566,1.0,9.954429593122434,0.7005409140007673,1.2781650647789975,0.9934426349232706,0.6904967869459845,9.788402618872725
0.064,0.020870280193667764,1.0,9.96010340999327,0.7032434649546346,1.2780046178399276,0.9935178880331315,0.6908537298387033,9.794380354092917
0.0645,0.02086817493050987,1.0,9.965750675818635,0.7059216143187697,1.277844205612178,0.993591278813236,0.6912103896309512,9.800331194186228
0.065,0.020866069667351977,1.0,9.97137233710317,0.7085755873547522,1.2776838269001836,0.9936628673611692,0.6915667691122755,9.806256088097415
0.0655,0.02086396440419408,1.0,9.976969341559945,0.7112056093241623,1.2775234805083797,0.9937327114249862,0.6919228710660599,9.812155985971327
0.066,0.020861859141036186,1.0,9.982542638097652,0.7138119054885796,1.2773631652412019,0.9938008665127483,0.692278698269527,9.818031839140113
0.0665,0.020859753877878293,1.0,9.988092561125233,0.7163946392160109,1.277202880660951,0.9938673843312695,0.6926342518130822,9.823883982999527
0.067,0.020857648614720396,1.0,9.993619955611953,0.7189540648440181,1.2770426257022376,0.9939323170685833,0.6929895341760395,9.829713264684472
0.0675,0.020855543351562502,1.0,9.999125793285701,0.7214904360631442,1.2768823991450142,0.9939957148992808,0.6933445481748042,9.835520658372007
0.068,0.02085343808840461,1.0,10.004610547135558,0.7240039476123141,1.2767222003840868,0.9940576245747413,0.6936992952583573,9.841306638336299
0.0685,0.02085133282524671,1.0,10.010074690767901,0.7264947942304527,1.2765620288142607,0.9941180911154248,0.6940537768725601,9.847071679464598
0.069,0.020849227562088818,1.0,10.015518698401515,0.728963170656485,1.276401883830342,0.9941771578873955,0.6944079944601527,9.852816257252341
0.0695,0.020847122298930924,1.0,10.020943044861404,0.7314092716293357,1.276241764827136,0.994234866674975,0.6947619494607571,9.858540847796972
0.07,0.020845017035773027,1.0,10.02634820557291,0.7338332918879299,1.276081671199449,0.9942912577497462,0.6951156433108775,9.86424592779205
0.07050000000000001,0.020842911772615134,1.0,10.03173465655885,0.7362354261711924,1.275921602342086,0.9943463699361136,0.695469077443903,9.869931974524404
0.07100000000000001,0.02084080650945724,1.0,10.037102874431612,0.7386158692180482,1.2757615576498536,0.9944002406736143,0.6958222532901059,9.87559946586622
0.07150000000000001,0.020838701246299343,1.0,10.042453336390537,0.7409748157674223,1.2756015365175568,0.9944529060761589,0.6961751722766472,9.881248880272425
0.07200000000000001,0.02083659598314145,1.0,10.04778652021652,0.7433124605582394,1.2754415383400017,0.9945044009883741,0.6965278358275735,9.886880696775302
0.0725,0.020834490719983556,1.0,10.053102904266554,0.7456289983294245,1.275281562511994,0.9945547590392079,0.6968802453638205,9.892495394979013
0.073,0.02083238545682566,1.0,10.058402967469789,0.7479246238199027,1.2751216084283392,0.9946040126929429,0.6972324023032144,9.89809345505568
0.0735,0.020830280193667765,1.0,10.063687189324185,0.7501995317685985,1.274961675483843,0.9946521932977627,0.6975843080604711,9.903675357742026
0.074,0.020828174930509872,1.0,10.068956049889529,0.7524539169144373,1.2748017630733117,0.9946993311320018,0.6979359640471978,9.909241584332408
0.0745,0.020826069667351975,1.0,10.074209771877525,0.7546879259175259,1.2746418709076597,0.9947454543897811,0.6982873709773616,9.914792358181884
0.075,0.02082396440419408,1.0,10.079448755019246,0.7569017671777198,1.274481998481244,0.9947905916778351,0.6986385300389693,9.920328080064644
0.0755,0.020821859141036188,1.0,10.084673534461734,0.7590956676586371,1.2743221451231066,0.9948347710422033,0.698989442780229,9.925849286473746
0.076,0.02081975387787829,1.0,10.089884370041563,0.7612697957123281,1.2741623105002051,0.9948780183429909,0.6993401100047565,9.931356237961381
0.0765,0.020817648614720397,1.0,10.095081521912254,0.7634243196908435,1.2740024942794972,0.9949203585957788,0.6996905325144565,9.936849195394375
0.077,0.020815543351562504,1.0,10.100265250540577,0.7655594079462336,1.2738426961279408,0.9949618160049059,0.7000407111095213,9.942328419950488
0.0775,0.020813438088404607,1.0,10.105435816705164,0.7676752288305492,1.273682915712494,0.9950024139952528,0.7003906465884315,9.94779417311703
0.078,0.020811332825246713,1.0,10.110593481496196,0.7697719506958407,1.2735231527001143,0.9950421752426009,0.7007403397479599,9.953246716690549
0.0785,0.02080922756208882,1.0,10.115738506310777,0.7718497418941587,1.2733634067577597,0.9950811217026414,0.7010897913831664,9.9586863127722
0.079,0.020807122298930922,1.0,10.120871152852079,0.7739087707775538,1.273203677552388,0.9951192746387005,0.7014390022874031,9.964113223766896
0.0795,0.02080501703577303,1.0,10.125991683128921,0.7759492056980765,1.273043964750957,0.9951566546482457,0.7017879732523125,9.969527712382892
0.08,0.020802911772615135,1.0,10.13110035945147,0.7779712150077772,1.2728842680204249,0.9951932816882315,0.7021367050678278,9.974930041627472
0.0805,0.02080080650945724,1.0,10.136197444431312,0.7799749670587066,1.2727245870277488,0.995229175099346,0.7024851985221754,9.980320474807039
0.081,0.020798701246299345,1.0,10.141283200978881,0.7819606302029152,1.2725649214398873,0.9952643536292072,0.7028334544018722,9.985699275524524
0.0815,0.02079659598314145,1.0,10.146357892302563,0.7839283727924536,1.2724052709237976,0.9952988354545624,0.7031814734917297,9.991066707678513
0.082,0.020794490719983554,1.0,10.15142178190496,0.7858783631793723,1.2722456351464382,0.995332638202542,0.7035292565748499,9.996423035459495
0.0825,0.02079238545682566,1.0,10.15647502004579,0.787810732921232,1.272086013913362,0.9953657782843468,0.703876804130951,10.001768409559231
0.083,0.020790280193667764,1.0,10.161517811258644,0.7897256520216638,1.2719264069641052,0.9953982723395315,0.7042241167823673,10.007103035062663
0.0835,0.02078817493050987,1.0,10.16655046730214,0.7916233234634847,1.2717668139076646,0.9954301371184262,0.7045711954339073,10.012427224516296
0.084,0.020786069667351977,1.0,10.171573140511564,0.7935038927872586,1.2716072345479086,0.9954613878312459,0.7049180405649496,10.01774113068513
0.0845,0.02078396440419408,1.0,10.17658598340062,0.7953675055335494,1.2714476686887057,0.9954920392471309,0.7052646526538666,10.023044906511215
0.085,0.020781859141036186,1.0,10.181589148659931,0.7972143072429206,1.2712881161339242,0.9955221057097955,0.7056110321780258,10.02833870511217
0.0855,0.020779753877878292,1.0,10.18658278915533,0.7990444434559363,1.2711285766874323,0.9955516011525488,0.7059571796137887,10.033622679779455
0.08600000000000001,0.020777648614720395,1.0,10.191567057928056,0.8008580597131599,1.2709690501530984,0.9955805391127082,0.7063030954365106,10.038896983978585
0.08650000000000001,0.020775543351562502,1.0,10.196542108193485,0.8026553015551556,1.2708095363347907,0.9956089327454365,0.7066487801205428,10.044161771347847
0.08700000000000001,0.020773438088404608,1.0,10.201508093339886,0.8044363145224869,1.2706500350363776,0.9956367948370304,0.7069942341392302,10.049417195697062
0.08750000000000001,0.02077133282524671,1.0,10.206465166928853,0.8062012441557176,1.2704905460617273,0.9956641378176806,0.7073394579649144,10.054663411008027
0.088,0.020769227562088818,1.0,10.211413482692627,0.8079502359954116,1.2703310692147083,0.9956909737737305,0.7076844520689304,10.059900571431815
0.0885,0.020767122298930924,1.0,10.216353194535392,0.8096834355821326,1.2701716042991889,0.9957173144594561,0.70802921692161,10.065128831290089
0.089,0.020765017035773027,1.0,10.221284456530189,0.8114009884564444,1.2700121511190372,0.9957431713083843,0.7083737529922809,10.070348345072015
0.0895,0.020762911772615134,1.0,10.226207422920869,0.8131030401589108,1.2698527094781216,0.9957685554441752,0.708718060749266,10.075559267436207
0.09,0.02076080650945724,1.0,10.231122248118837,0.8147897362300955,1.2696932791803106,0.9957934776910834,0.7090621406598842,10.080761753207476
0.0905,0.020758701246299343,1.0,10.236029035565789,0.816461194596048,1.2695338600916526,0.9958179481343747,0.7094059930563739,10.08595590612754
0.091,0.02075659598314145,1.0,10.240927898204019,0.8181175532287758,1.2693744520667911,0.9958419769180592,0.7097496182948642,10.091141839458311
0.0915,0.020754490719983556,1.0,10.245819025557411,0.8197589936055284,1.269215054867449,0.9958655746167301,0.7100930169308657,10.096319743209383
0.092,0.02075238545682566,1.0,10.250702511802196,0.8213856415463099,1.269055668371445,0.9958887506398548,0.7104361892687803,10.10148971183248
0.0925,0.020750280193667765,1.0,10.255578451221863,0.8229976228711244,1.2688962924565976,0.9959115141535081,0.7107791356123836,10.106651839885735
0.093,0.02074817493050987,1.0,10.260446938207368,0.8245950633999765,1.2687369270007252,0.9959338740882172,0.7111218562648276,10.111806222033906
0.0935,0.020746069667351975,1.0,10.265308067254612,0.8261780889528699,1.2685775718816465,0.9959558391465241,0.7114643515286359,10.116952953045844
0.094,0.02074396440419408,1.0,10.270161932967152,0.827746825349809,1.2684182269771802,0.9959774178102692,0.7118066217057079,10.122092127797217
0.0945,0.020741859141036188,1.0,10.27500863005329,0.8293013984107981,1.2682588921651445,0.9959986183476144,0.7121486670973174,10.127223841267588
0.095,0.02073975387787829,1.0,10.279848253326278,0.8308419339558413,1.2680995673233584,0.9960194488198113,0.7124904880041121,10.132348188540629
0.0955,0.020737648614720397,1.0,10.284680897704552,0.8323685578049427,1.2679402523296401,0.9960399170877283,0.7128320847261151,10.13746526480434
0.096,0.020735543351562503,1.0,10.289506658210897,0.8338813957781066,1.2677809470618084,0.9960600308181428,0.7131734575627238,10.142575165350237
0.0965,0.020733438088404606,1.0,10.294325629971658,0.8353805736953372,1.2676216513976817,0.9960797974898131,0.713514606812711,10.147677985572548
0.097,0.020731332825246713,1.0,10.29913790821716,0.8368662173766387,1.2674623652150787,0.9960992243993325,0.7138555327742234,10.152773820968628
0.0975,0.02072922756208882,1.0,10.303943588281133,0.8383384526420152,1.267303088391818,0.9961183186667807,0.7141962357447839,10.1578627671384
0.098,0.020727122298930922,1.0,10.308742765599279,0.8397974053114711,1.2671438208057177,0.9961370872411749,0.7145367160212903,10.162944919782916
0.0985,0.02072501703577303,1.0,10.313535512898847,0.8412431810234064,1.2669845623622302,0.996155536612167,0.7148769738409936,10.168020351844897
0.099,0.020722911772615135,1.0,10.318321897854151,0.842675891084416,1.2668253129730238,0.9961736731983554,0.7152170094273915,10.173089131202461
0.0995,0.020720806509457238,1.0,10.323102039170617,0.8440956976952759,1.2666660724880707,0.9961915039986835,0.715556823135148,10.178151376873474
0.1,0.020718701246299345,1.0,10.327875997695884,0.8455027096275414,1.2665068408275304,0.9962090350850195,0.7158964151685174,10.183207149892814
0.1005,0.02071659598314145,1.0,10.33264383434425,0.8468970356527675,1.2663476179115634,0.9962262723887516,0.7162357857313434,10.188256511361468
0.101,0.020714490719983554,1.0,10.337405610100197,0.8482787845425095,1.2661884036603293,0.9962432217049385,0.7165749350270625,10.193299522450054
0.1015,0.02071238545682566,1.0,10.342161386016071,0.8496480650683224,1.2660291979939877,0.9962598886963214,0.7169138632587027,10.198336244396504
0.10200000000000001,0.020710280193667767,1.0,10.346911223212071,0.8510049860017612,1.265870000832699,0.9962762788972027,0.7172525706288824,10.203366738506046
0.10250000000000001,0.02070817493050987,1.0,10.35165518287602,0.8523496561143812,1.2657108120966232,0.9962923977171991,0.7175910573398121,10.208391066150982
0.10300000000000001,0.020706069667351976,1.0,10.356393326264179,0.8536821841777373,1.2655516317059197,0.9963082504448687,0.7179293235932944,10.213409288771503
0.10350000000000001,0.02070396440419408,1.0,10.361125714699156,0.855002678963385,1.2653924595807486,0.9963238422512234,0.7182673695907228,10.218421467873592
0.10400000000000001,0.020701859141036186,1.0,10.365852409571774,0.856311249242879,1.2652332956412702,0.9963391781931241,0.7186051955330823,10.223427665030892
0.1045,0.020699753877878292,1.0,10.37057347233897,0.8576080037877748,1.265074139807644,0.9963542632165683,0.7189428016209505,10.228427941882611
0.105,0.0206976486147204,1.0,10.375288964524623,0.8588930513696272,1.26491499200003,0.99636910215987,0.7192801880544961,10.23342236013435
0.1055,0.0206955433515625,1.0,10.37999894771935,0.8601665007599915,1.2647558521385882,0.9963836997567399,0.7196173550334801,10.238410981557893
0.106,0.020693438088404608,1.0,10.384703483580079,0.8614284607304228,1.2645967201434785,0.9963980606392652,0.719954302757255,10.24339386799078
0.1065,0.02069133282524671,1.0,10.38940261352667,0.862679013338387,1.264437595959365,0.9964121889868948,0.7202910313729265,10.248371060990142
0.107,0.020689227562088817,1.0,10.394096371027212,0.8639182333378885,1.2642784795405644,0.9964260887944277,0.72062754100691,10.253342594144103
0.1075,0.020687122298930924,1.0,10.398784867910056,0.8651463075611963,1.2641193707469096,0.9964397654419498,0.720963831985026,10.258308579565439
0.108,0.020685017035773027,1.0,10.403468142899362,0.8663633280968412,1.263960269526538,0.996453222961823,0.7212999044459097,10.26326905610799
0.1085,0.020682911772615133,1.0,10.40814623476477,0.8675693870333541,1.2638011758275869,0.9964664653029045,0.7216357585279303,10.268224062670717
0.109,0.02068080650945724,1.0,10.412819182319373,0.8687645764592656,1.2636420895981937,0.9964794963328147,0.7219713943691921,10.273173638195674
0.1095,0.020678701246299343,1.0,10.417487024420234,0.869948988463107,1.2634830107864958,0.9964923198401415,0.7223068121075333,10.278117821668529
0.11,0.02067659598314145,1.0,10.422149799969292,0.8711227151334088,1.263323939340631,0.9965049395365735,0.7226420118805267,10.283056652119463
0.1105,0.020674490719983556,1.0,10.426807547911988,0.8722858485587018,1.2631648752087363,0.996517359058974,0.722976993825481,10.287990168621805
0.111,0.02067238545682566,1.0,10.431460307237343,0.8734384808275171,1.2630058183389492,0.996529581971388,0.7233117580794386,10.292918410292105
0.1115,0.020670280193667765,1.0,10.436108116978884,0.8745807040283854,1.262846768679407,0.996541611766995,0.7236463047791775,10.297841416291057
0.112,0.02066817493050987,1.0,10.44075101621242,0.8757126102498375,1.2626877261782472,0.9965534518699993,0.7239806340612089,10.30275922582128
0.1125,0.020666069667351974,1.0,10.44538904405802,0.8768342915804044,1.2625286907836073,0.9965651056374688,0.7243147460617805,10.307671878129295
0.113,0.02066396440419408,1.0,10.450022239678843,0.8779458401086168,1.2623696624436247,0.9965765763611151,0.7246486409168738,10.312579412504354
0.1135,0.020661859141036187,1.0,10.454650642281639,0.8790473479230054,1.2622106411064367,0.9965878672690264,0.7249823187622059,10.317481868278945
0.114,0.02065975387787829,1.0,10.459274291115165,0.8801389071121015,1.2620516267201805,0.9965989815273467,0.7253157797332288,10.322379284827196
0.1145,0.020657648614720397,1.0,10.463893225472164,0.8812206097644355,1.261892619232994,0.9966099222419074,0.7256490239651281,10.327271701566874
0.115,0.020655543351562503,1.0,10.468507484687986,0.8822925479685385,1.2617336185930141,0.9966206924598114,0.7259820515928264,10.332159157957985
0.1155,0.020653438088404606,1.0,10.473117108139846,0.8833548138129412,1.2615746247483786,0.9966312951709734,0.7263148627509798,10.337041693502046
0.116,0.020651332825246713,1.0,10.47772213524879,0.8844074993861746,1.2614156376472248,0.9966417333096125,0.7266474575739796,10.34191934774405
0.1165,0.02064922756208882,1.0,10.482322599913884,0.8854506714384233,1.261256657244375,0.9966520094502148,0.7269798361819805,10.346792154695194
0.117,0.020647122298930922,1.0,10.486918534713652,0.8864843952743052,1.2610976834962833,0.996662126102198,0.7273119986914988,10.351660147043047
0.11750000000000001,0.02064501703577303,1.0,10.491509982690408,0.887508821368052,1.2609387163468802,0.9966720867471864,0.7276439452449697,10.356523367960053
0.11800000000000001,0.020642911772615135,1.0,10.496096968593882,0.888524026560437,1.2607797557621152,0.9966818939282659,0.7279756759386062,10.361381842288104
0.11850000000000001,0.020640806509457238,1.0,10.500679517203933,0.8895300876922337,1.2606208017079368,0.9966915501426449,0.7283071908684492,10.366235594898985
0.11900000000000001,0.020638701246299344,1.0,10.505257653329009,0.8905270816042156,1.2604618541502943,0.9967010578427954,0.7286384901303633,10.371084650692834
0.11950000000000001,0.02063659598314145,1.0,10.509831401806682,0.8915150851371559,1.2603029130551364,0.9967104194375644,0.7289695738200404,10.375929034598679
0.12,0.020634490719983554,1.0,10.514400787502757,0.8924941751318282,1.260143978388412,0.9967196372932546,0.7293004420329976,10.38076877157354
0.1205,0.02063238545682566,1.0,10.518965835313077,0.8934644284290058,1.2599850501160703,0.9967287137346764,0.7296310948645777,10.385603886604253
0.121,0.020630280193667767,1.0,10.523526570160728,0.894425921869462,1.2598261282040601,0.9967376510461714,0.7299615324099492,10.390434404704644
0.1215,0.02062817493050987,1.0,10.528083016998059,0.8953787322939705,1.2596672126183306,0.9967464514726091,0.7302917547641068,10.395260350917578
0.122,0.020626069667351976,1.0,10.532635200806412,0.8963229365433045,1.2595083033248304,0.9967551172203566,0.7306217620218711,10.400081750314676
0.1225,0.020623964404194083,1.0,10.53718314659562,0.8972586114582375,1.2593494002895085,0.996763650458224,0.7309515542778893,10.404898627995811
0.123,0.020621859141036186,1.0,10.541726879402685,0.8981858338795429,1.259190503478314,0.9967720533183823,0.7312811316266326,10.409711009087792
0.1235,0.020619753877878292,1.0,10.546266424294425,0.8991046806479941,1.2590316128571957,0.9967803278972598,0.7316104941623995,10.41451891874701
0.124,0.0206176486147204,1.0,10.550801806365541,0.9000152286043644,1.2588727283921026,0.9967884762564134,0.7319396419793147,10.419322382157501
0.1245,0.0206155433515625,1.0,10.555333050738085,0.9009175545894273,1.2587138500489838,0.9967965004233784,0.7322685751713276,10.42412142453042
0.125,0.020613438088404608,1.0,10.559860182563538,0.9018117354439564,1.258554977793788,0.9968044023924945,0.732597293832215,10.42891607110611
0.1255,0.020611332825246714,1.0,10.564383227021029,0.9026978480087249,1.2583961115924645,0.9968121841257119,0.7329257980555786,10.433706347152334
0.126,0.020609227562088817,1.0,10.568902209316642,0.9035759691245061,1.2582372514109619,0.9968198475533765,0.7332540879348467,10.438492277963569
0.1265,0.020607122298930924,1.0,10.573417157878513,0.904446152128348,1.2580783972114102,0.9968273943119227,0.7335821635711582,10.443273892062521
0.127,0.020605017035773027,1.0,10.577928103890605,0.9053084566108436,1.2579195489526778,0.996834826080852,0.733910025072189,10.448051220732923
0.1275,0.020602911772615133,1.0,10.582435060152662,0.906163004971126,1.257760706615658,0.9968421452112957,0.7342376724999868,10.452824276837132
0.128,0.02060080650945724,1.0,10.586938043149345,0.9070098613268918,1.2576018701768592,0.9968493533731627,0.7345651059255383,10.457593076929623
0.1285,0.020598701246299346,1.0,10.59143706938528,0.907849089795837,1.2574430396127894,0.9968564522101933,0.7348923254197111,10.462357637584672
0.129,0.02059659598314145,1.0,10.595932155385434,0.9086807544956582,1.2572842148999566,0.9968634433405622,0.7352193310532519,10.46711797539673
0.1295,0.020594490719983555,1.0,10.600423317695272,0.9095049195440517,1.2571253960148687,0.9968703283574689,0.7355461228967877,10.471874106980597
0.13,0.02059238545682566,1.0,10.604910572879454,0.9103216490587138,1.256966582934034,0.9968771088297107,0.735872701020825,10.47662604897009
0.1305,0.020590280193667765,1.0,10.609393937523478,0.911131007157341,1.2568077756339602,0.9968837863022452,0.7361990654957502,10.481373818019708
0.131,0.02058817493050987,1.0,10.613873428231942,0.9119330579576295,1.2566489740911557,0.9968903622967362,0.7365252163918291,10.48611743080289
0.1315,0.020586069667351974,1.0,10.618349061629981,0.9127278655772757,1.2564901782821285,0.9968968383120894,0.7368511537792077,10.490856904013446
0.132,0.02058396440419408,1.0,10.622820854362589,0.9135154941339759,1.2563313881833864,0.9969032158249721,0.7371768777279123,10.495592254364883
0.1325,0.020581859141036187,1.0,10.627288823094142,0.9142960077454266,1.2561726037714378,0.9969094962903241,0.7375023883078478,10.50032349858993
0.133,0.02057975387787829,1.0,10.631752984508791,0.9150694705293241,1.2560138250227906,0.9969156811418527,0.7378276855888,10.505050653440925
0.1335,0.020577648614720397,1.0,10.636213355311051,0.9158359466033648,1.2558550519139526,0.9969217717925196,0.7381527696404344,10.509773735690409
0.134,0.020575543351562503,1.0,10.6406699522249,0.9165955000852448,1.255696284421432,0.996927769635013,0.7384776405322964,10.514492762130224
0.1345,0.020573438088404606,1.0,10.645122791992891,0.9173481950926607,1.2555375225217371,0.9969336760422107,0.7388022983338107,10.519207749570626
0.135,0.020571332825246712,1.0,10.649571891378663,0.9180940957433088,1.2553787661913758,0.996939492367632,0.7391267431142825,10.52391871484279
0.1355,0.02056922756208882,1.0,10.654017267164969,0.9188332661548856,1.255220015406856,0.996945219945878,0.7394509749428967,10.52862567479685
0.136,0.020567122298930922,1.0,10.658458936153023,0.9195657704450871,1.255061270144686,0.9969508600930632,0.7397749938887181,10.53332864630123
0.1365,0.02056501703577303,1.0,10.662896922080284,0.9202916511657155,1.2549025303731354,0.9969564138795635,0.7400988000374912,10.538027653173984
0.137,0.020562911772615135,1.0,10.66733125006479,0.9210109622513462,1.254743796058858,0.9969618824802207,0.7404223934780916,10.542722720616172
0.1375,0.020560806509457238,1.0,10.671761921034655,0.9217238032255896,1.2545850671973464,0.9969672675326393,0.7407457742404904,10.547413849591413
0.138,0.020558701246299344,1.0,10.676188946355749,0.922430227589716,1.2544263437716727,0.9969725701716573,0.7410689423799144,10.552101051521387
0.1385,0.02055659598314145,1.0,10.680612337408034,0.9231302888449957,1.25426762576491,0.9969777915167444,0.7413918979515028,10.556784337841755
0.139,0.020554490719983554,1.0,10.685032105586378,0.9238240404926991,1.2541089131601306,0.9969829326723346,0.7417146410103088,10.561463720002967
0.1395,0.02055238545682566,1.0,10.689448262300749,0.9245115360340961,1.2539502059404075,0.9969879947281528,0.7420371716112985,10.566139209470451
0.14,0.020550280193667766,1.0,10.693860818975315,0.9251928289704572,1.253791504088813,0.9969929787595327,0.742359489809352,10.570810817723725
0.1405,0.02054817493050987,1.0,10.698269787048641,0.9258679728030528,1.25363280758842,0.9969978858277285,0.7426815956592621,10.575478556256583
0.14100000000000001,0.020546069667351976,1.0,10.702675177974939,0.9265370210331528,1.2534741164223009,0.9970027169802207,0.7430034892157354,10.580142436578344
0.14150000000000001,0.020543964404194082,1.0,10.707077003221466,0.9272000271620279,1.2533154305735286,0.9970074732510126,0.7433251705333913,10.584802470211264
0.14200000000000002,0.020541859141036185,1.0,10.711475274270855,0.927857044690948,1.2531567500251755,0.9970121556609242,0.7436466396667634,10.589458668692853
0.14250000000000002,0.020539753877878292,1.0,10.715870002620436,0.9285081271211836,1.2529980747603144,0.9970167652178762,0.7439678966702974,10.5941110435752
0.14300000000000002,0.020537648614720398,1.0,10.720261199781355,0.9291533279540048,1.252839404762018,0.9970213029171694,0.7442889415983538,10.598759606424096
0.14350000000000002,0.0205355433515625,1.0,10.724648877279616,0.9297927006906821,1.2526807400133586,0.9970257697417592,0.7446097745052058,10.603404368820073
0.14400000000000002,0.020533438088404608,1.0,10.729033046655617,0.9304262988324856,1.252522080497409,0.9970301666625216,0.7449303954450401,10.608045342357933
0.1445,0.020531332825246714,1.0,10.733413719463702,0.9310541758806855,1.2523634261972423,0.997034494638517,0.7452508044719561,10.612682538646315
0.145,0.020529227562088817,1.0,10.737790907272979,0.9316763853365523,1.2522047770959306,0.9970387546172435,0.7455710016399679,10.617315969308502
0.1455,0.020527122298930923,1.0,10.742164621667293,0.9322929807013561,1.2520461331765464,0.9970429475348903,0.7458909870030024,10.621945645982398
0.146,0.02052501703577303,1.0,10.74653487424349,0.9329040154763671,1.251887494422163,0.9970470743165828,0.7462107606148993,10.62657158031879
0.1465,0.020522911772615133,1.0,10.750901685734997,0.9335095235505414,1.2517288608050303,0.9970511356787939,0.7465303225512067,10.63119379312234
0.147,0.02052080650945724,1.0,10.755265075629039,0.9341095534057933,1.2515702322989029,0.9970551324758054,0.7468496728843041,10.635812303948908
0.1475,0.020518701246299346,1.0,10.759625039173605,0.934704185932707,1.2514116089063063,0.9970590658776503,0.74716881162857,10.64042710806873
0.148,0.02051659598314145,1.0,10.763981584451034,0.9352934657739642,1.2512529906145493,0.9970629366786365,0.7474877388289808,10.64503821361082
0.1485,0.020514490719983555,1.0,10.768334719554696,0.935877437572247,1.2510943774109407,0.9970667456638439,0.7478064545304484,10.649645628715133
0.149,0.02051238545682566,1.0,10.772684452589628,0.936456145970237,1.250935769282789,0.9970704936093162,0.7481249587778197,10.654249361533209
0.1495,0.020510280193667765,1.0,10.777030791671411,0.9370296356106161,1.2507771662174028,0.9970741812822473,0.7484432516158765,10.658849420227035
0.15,0.02050817493050987,1.0,10.78137374492768,0.9375979511360665,1.250618568202091,0.9970778094411644,0.7487613330893356,10.663445812970576
0.1505,0.020506069667351978,1.0,10.785713320496377,0.9381611371892697,1.250459975224162,0.9970813788361076,0.7490792032428485,10.668038547948
0.151,0.02050396440419408,1.0,10.790049526526792,0.9387192384129077,1.250301387270925,0.9970848902088053,0.7493968621210017,10.67262763335475
0.1515,0.020501859141036187,1.0,10.794382371180193,0.9392722994496624,1.250142804329688,0.9970883442928465,0.7497143097683177,10.677213077398154
0.152,0.020499753877878293,1.0,10.798711862627668,0.9398203649422155,1.2499842263877603,0.997091741813851,0.750031546229252,10.681794888295268
0.1525,0.020497648614720396,1.0,10.803038009052024,0.9403634795332492,1.2498256534324501,0.9970950834896335,0.7503485715481973,10.686373074274787
0.153,0.020495543351562503,1.0,10.807360818647336,0.9409016878654449,1.2496670854510663,0.9970983700303676,0.7506653857694798,10.690947643576576
0.1535,0.020493438088404606,1.0,10.811680299618292,0.9414350345814849,1.2495085224309175,0.9971016021387438,0.7509819889373615,10.695518604451037
0.154,0.020491332825246712,1.0,10.81599646018081,0.9419635643240508,1.2493499643593124,0.9971047805101264,0.7512983810960384,10.700085965159701
0.1545,0.02048922756208882,1.0,10.820309308561585,0.9424873217358246,1.2491914112235598,0.9971079058327067,0.7516145622896429,10.7046497339748
0.155,0.02048712229893092,1.0,10.824618852998503,0.9430063514594882,1.2490328630109682,0.9971109787876532,0.7519305325622414,10.709209919179665
0.1555,0.020485017035773028,1.0,10.828925101740618,0.9435206981377232,1.2488743197088463,0.9971140000492585,0.7522462919578358,10.713766529068703
0.156,0.020482911772615135,1.0,10.833228063047489,0.9440304064132118,1.248715781304503,0.9971169702850843,0.7525618405203628,10.718319571946745
0.1565,0.020480806509457238,1.0,10.837527750706515,0.9445354871126664,1.2485572477787268,0.9971198898269747,0.7528771783066585,10.722869061656635
0.157,0.020478701246299344,1.0,10.841824179819174,0.9450359845715436,1.248398719110774,0.9971227593278689,0.7531923053765073,10.727415013357579
0.1575,0.02047659598314145,1.0,10.846117350681448,0.9455319892217183,1.2482401952974067,0.9971255798817682,0.7535072217548215,10.731957427375637
0.158,0.020474490719983553,1.0,10.850407268858369,0.9460235373276404,1.2480816763291704,0.9971283520490347,0.7538219274788349,10.736496309315648
0.1585,0.02047238545682566,1.0,10.854693939924694,0.9465106651537598,1.2479231621966103,0.9971310763844708,0.7541364225857331,10.741031664792114
0.159,0.020470280193667766,1.0,10.85897736946212,0.9469934089645266,1.247764652890272,0.9971337534374305,0.7544507071126523,10.745563499426414
0.1595,0.02046817493050987,1.0,10.86325756306204,0.9474718050243904,1.2476061484007006,0.9971363837519249,0.7547647810966809,10.750091818849551
0.16,0.020466069667351976,1.0,10.867534526324034,0.9479458895978013,1.2474476487184418,0.9971389678667317,0.7550786445748585,10.754616628700653
0.1605,0.020463964404194082,1.0,10.87180826485671,0.9484156989492092,1.247289153834041,0.9971415063154965,0.7553922975841761,10.759137934627814
0.161,0.020461859141036185,1.0,10.876078784276627,0.948881269343064,1.2471306637380433,0.9971439996268368,0.7557057401615768,10.763655742287007
0.1615,0.02045975387787829,1.0,10.880346090209331,0.9493426370438156,1.2469721784209944,0.9971464483244418,0.7560189723439541,10.768170057343129
0.162,0.020457648614720398,1.0,10.884610188289145,0.9497998383159139,1.2468136978734397,0.9971488529271719,0.7563319941681538,10.77268088546979
0.1625,0.0204555433515625,1.0,10.888871084158074,0.9502529094238087,1.2466552220859246,0.997151213949155,0.7566448056709728,10.777188232348214
0.163,0.020453438088404607,1.0,10.893128783467931,0.9507018866319501,1.2464967510489942,0.9971535318998821,0.7569574068891608,10.78169210366937
0.1635,0.020451332825246714,1.0,10.897383291877764,0.9511468062047879,1.2463382847531943,0.9971558072843014,0.7572697978594166,10.786192505131392
0.164,0.020449227562088817,1.0,10.90163461505553,0.951587704406772,1.2461798231890702,0.9971580406029094,0.7575819786183926,10.790689442441264
0.1645,0.020447122298930923,1.0,10.905882758678326,0.9520246175023523,1.2460213663471673,0.9971602323518416,0.7578939492026916,10.795182921315039
0.165,0.02044501703577303,1.0,10.910127728431272,0.9524575817559788,1.2458629142180309,0.9971623830229623,0.7582057096488688,10.79967294747673
0.1655,0.020442911772615133,1.0,10.914369530007313,0.9528866334321014,1.2457044667922064,0.9971644931039506,0.7585172599934302,10.80415952665811
0.166,0.02044080650945724,1.0,10.918608169108671,0.95331180879517,1.2455460240602394,0.9971665630783862,0.7588286002728333,10.808642664600157
0.1665,0.020438701246299346,1.0,10.922843651445788,0.9537331441096343,1.2453875860126753,0.9971685934258349,0.7591397305234875,10.813122367052015
0.167,0.02043659598314145,1.0,10.9270759827373,0.9541506756399445,1.2452291526400592,0.9971705846219294,0.7594506507817542,10.817598639770948
0.1675,0.020434490719983555,1.0,10.93130516871044,0.9545644396505503,1.2450707239329368,0.9971725371384528,0.7597613610839451,10.822071488522752
0.168,0.02043238545682566,1.0,10.935531215100827,0.9549744724059017,1.2449122998818534,0.9971744514434168,0.7600718614663244,10.826540919081548
0.1685,0.020430280193667764,1.0,10.939754127652014,0.9553808101704486,1.2447538804773544,0.9971763280011411,0.7603821519651077,10.83100693722932
0.169,0.02042817493050987,1.0,10.943973935563093,0.9557834622008438,1.2445954656824134,0.9971781670175236,0.7606922326704133,10.835469572245772
0.1695,0.020426069667351977,1.0,10.948190657203954,0.9561824607375778,1.2444370554727666,0.997179968912479,0.7610021036472144,10.839928842561614
0.17,0.02042396440419408,1.0,10.952404264642949,0.9565778776053339,1.2442786498785983,0.9971817344754401,0.7613117648539568,10.844384720222628
0.1705,0.020421859141036187,1.0,10.956614761812709,0.9569697417130576,1.2441202488926237,0.9971834640874963,0.7616212163224138,10.84883720919629
0.171,0.020419753877878293,1.0,10.960822152652964,0.9573580819696945,1.2439618525075575,0.9971851581267007,0.7619304580843229,10.853286313457124
0.1715,0.020417648614720396,1.0,10.965026441109861,0.9577429272841902,1.2438034607161146,0.9971868169681286,0.7622394901713839,10.857732036986022
0.17200000000000001,0.020415543351562503,1.0,10.969227631136624,0.9581243065654903,1.2436450735110098,0.9971884409839348,0.7625483126152585,10.862174383770897
0.17250000000000001,0.02041343808840461,1.0,10.973425726693739,0.9585022487225403,1.2434866908849578,0.9971900305434116,0.7628569254475721,10.866613357806886
0.17300000000000001,0.020411332825246712,1.0,10.977620731747228,0.9588767826642859,1.2433283128306736,0.9971915860130453,0.7631653286999114,10.871048963094596
0.17350000000000002,0.02040922756208882,1.0,10.981812650271657,0.9592479372996726,1.243169939340872,0.9971931077565701,0.7634735224038266,10.875481203643139
0.17400000000000002,0.02040712229893092,1.0,10.986001486247096,0.959615741537646,1.2430115704082676,0.9971945961350241,0.7637815065908304,10.879910083467074
0.17450000000000002,0.020405017035773028,1.0,10.990187243661278,0.9599802242871516,1.2428532060255755,0.9971960515068026,0.7640892812923976,10.884335606588577
0.17500000000000002,0.020402911772615134,1.0,10.994369926507861,0.960341414457135,1.2426948461855103,0.9971974742277098,0.764396846539966,10.888757777035693
0.17550000000000002,0.020400806509457237,1.0,10.998549538787696,0.9606993409565419,1.242536490880787,0.9971988646510115,0.7647042023649357,10.893176598843613
0.176,0.020398701246299344,1.0,11.002726084508833,0.9610540326943178,1.2423781401041203,0.997200223127487,0.7650113487986697,10.897592076054677
0.1765,0.02039659598314145,1.0,11.006899567685425,0.9614055185794083,1.242219793848225,0.997201550005478,0.7653182858724937,10.902004212717275
0.177,0.020394490719983553,1.0,11.011069992338152,0.9617538275207589,1.242061452105816,0.9972028456309394,0.765625013617695,10.906413012886274
0.1775,0.02039238545682566,1.0,11.015237362495496,0.9620989884273152,1.2419031148696082,0.9972041103474868,0.7659315320655244,10.910818480624295
0.178,0.020390280193667766,1.0,11.019401682191578,0.962441030208023,1.2417447821323164,0.9972053444964453,0.7662378412471955,10.915220619999545
0.1785,0.02038817493050987,1.0,11.023562955467883,0.9627799817718274,1.2415864538866552,0.9972065484168972,0.766543941193884,10.919619435087544
0.179,0.020386069667351975,1.0,11.027721186372581,0.9631158720276746,1.2414281301253398,0.9972077224457274,0.766849831936728,10.924014929970447
0.1795,0.020383964404194082,1.0,11.031876378960105,0.9634487298845097,1.2412698108410847,0.9972088669176699,0.7671555135068289,10.928407108736625
0.18,0.020381859141036185,1.0,11.036028537291335,0.9637785842512784,1.2411114960266048,0.9972099821653526,0.7674609859352503,10.932795975480838
0.1805,0.02037975387787829,1.0,11.04017766543534,0.9641054640369264,1.2409531856746148,0.9972110685193423,0.7677662492530185,10.937181534305992
0.181,0.020377648614720398,1.0,11.044323767465675,0.9644293981503992,1.2407948797778299,0.9972121263081877,0.7680713034911218,10.941563789319423
0.1815,0.0203755433515625,1.0,11.048466874709982,0.9647503942044161,1.2406365782970767,0.9972131556617441,0.7683761487418994,10.945942771929994
0.182,0.020373438088404607,1.0,11.052607005743733,0.965068477402366,1.2404782812081352,0.9972141568707144,0.7686807850687242,10.950318500771884
0.1825,0.020371332825246714,1.0,11.05674412511532,0.9653837052923118,1.2403199885500145,0.9972151305225352,0.7689852124132837,10.954690940358084
0.183,0.020369227562088817,1.0,11.060878235702098,0.9656961009196087,1.2401617003168617,0.9972160768840946,0.7692894308036556,10.959060093597396
0.1835,0.020367122298930923,1.0,11.065009340387986,0.9660056873296121,1.2400034165028238,0.9972169962206143,0.7695934402678885,10.963425963405134
0.184,0.02036501703577303,1.0,11.069137442062562,0.9663124875676774,1.2398451371020476,0.997217888795682,0.769897240834,10.967788552702242
0.1845,0.020362911772615132,1.0,11.073262543620652,0.9666165246791599,1.23968686210868,0.9972187548712844,0.7702008325299783,10.972147864414865
0.185,0.02036080650945724,1.0,11.077384647962727,0.966917821709415,1.2395285915168686,0.9972195947078389,0.7705042153837804,10.976503901474754
0.1855,0.020358701246299345,1.0,11.08150375799535,0.967216401703798,1.2393703253207595,0.9972204085642246,0.770807389423335,10.98085666681971
0.186,0.02035659598314145,1.0,11.085619876630496,0.9675122877076642,1.2392120635145,0.997221196697814,0.7711103546765391,10.98520616339291
0.1865,0.020354490719983555,1.0,11.089733006785567,0.967805502766369,1.2390538060922374,0.9972219593645028,0.7714131111712599,10.989552394142908
0.187,0.02035238545682566,1.0,11.093843151384018,0.9680960699252676,1.2388955530481183,0.9972226968187404,0.7717156589353349,10.993895362024283
0.1875,0.020350280193667764,1.0,11.09795031335427,0.9683840122297157,1.2387373043762895,0.9972234093135601,0.7720179979965717,10.998235069996527
0.188,0.02034817493050987,1.0,11.102054495631211,0.9686693527250683,1.2385790600708984,0.997224097100607,0.7723201283827467,11.002571521025567
0.1885,0.020346069667351977,1.0,11.106155701154686,0.9689521144566808,1.2384208201260918,0.9972247604301681,0.7726220501216071,11.006904718082241
0.189,0.02034396440419408,1.0,11.110253932870126,0.9692323204699087,1.2382625845360165,0.9972253995512005,0.7729237632408704,11.011234664142936
0.1895,0.020341859141036187,1.0,11.114349193728971,0.9695099938101073,1.2381043532948197,0.997226014711359,0.7732252677682228,11.015561362190002
0.19,0.020339753877878293,1.0,11.118441486688033,0.9697851575226317,1.2379461263966482,0.9972266061570243,0.7735265637313211,11.019884815211128
0.1905,0.020337648614720396,1.0,11.122530814709236,0.9700578346528376,1.2377879038356492,0.9972271741333304,0.7738276511577922,11.02420502619907
0.191,0.020335543351562502,1.0,11.126617180760936,0.9703280482460801,1.2376296856059694,0.9972277188841904,0.7741285300752325,11.028521998152973
0.1915,0.02033343808840461,1.0,11.130700587816612,0.9705958213477147,1.2374714717017559,0.9972282406523244,0.7744292005112087,11.032835734077068
0.192,0.020331332825246712,1.0,11.13478103885483,0.9708611770030966,1.2373132621171554,0.9972287396792853,0.7747296624932571,11.037146236980632
0.1925,0.020329227562088818,1.0,11.13885853686035,0.9711241382575813,1.2371550568463152,0.997229216205484,0.775029916048884,11.041453509879094
0.193,0.020327122298930925,1.0,11.14293308482324,0.971384728156524,1.2369968558833824,0.9972296704702149,0.7753299612055651,11.04575755579315
0.1935,0.020325017035773028,1.0,11.147004685738853,0.9716429697452801,1.2368386592225034,0.9972301027116819,0.7756297979907477,11.050058377748744
0.194,0.020322911772615134,1.0,11.151073366157107,0.9718988692788602,1.236680466830392,0.9972305130139931,0.775929426483791,11.054356002366019
0.1945,0.02032080650945724,1.0,11.155139142156619,0.9721524464514154,1.2365222786859837,0.9972309015827785,0.7762288467407594,11.058650445775935
0.195,0.020318701246299344,1.0,11.159201982013892,0.9724037473712412,1.2363640948239003,0.9972312688633914,0.7765280587123131,11.062941676226838
0.1955,0.02031659598314145,1.0,11.163261887878473,0.9726527904094123,1.236205915239301,0.9972316150474273,0.7768270624238566,11.06722969589723
0.196,0.020314490719983556,1.0,11.167318861903237,0.9728995939370038,1.2360477399273457,0.9972319403255745,0.7771258579007686,11.071514506968908
0.1965,0.02031238545682566,1.0,11.171372906247186,0.9731441763250902,1.2358895688831937,0.9972322448876352,0.777424445168404,11.075796111629762
0.197,0.020310280193667766,1.0,11.17542402307415,0.9733865559447465,1.235731402102004,0.9972325289225416,0.7777228242520932,11.080074512072475
0.1975,0.02030817493050987,1.0,11.179472214551476,0.9736267511670477,1.2355732395789367,0.9972327926183759,0.7780209951771395,11.084349710493216
0.198,0.020306069667351975,1.0,11.183517482853278,0.9738647803630683,1.235415081309151,0.9972330361623879,0.7783189579688234,11.088621709094884
0.1985,0.02030396440419408,1.0,11.187559830156736,0.9741006619038836,1.235256927287806,0.9972332597410123,0.7786167126523998,11.092890510083413
0.199,0.020301859141036185,1.0,11.191599258644697,0.974334414160568,1.2350987775100615,0.9972334635398876,0.7789142592530984,11.097156115670368
0.1995,0.02029975387787829,1.0,11.195635770504799,0.9745660555041966,1.234940631971077,0.9972336477438721,0.7792115977961239,11.101418528072076
0.2,0.020297648614720398,1.0,11.199669367928813,0.9747956043058442,1.2347824906660119,0.9972338125370624,0.7795087283066562,11.105677749508954
0.2005,0.0202955433515625,1.0,11.203700053114156,0.9750230789365857,1.2346243535900254,0.9972339581028095,0.7798056508098509,11.109933782207044
0.201,0.020293438088404607,1.0,11.207727828262586,0.9752484977674958,1.2344662207382773,0.9972340846237356,0.7801023653308378,11.114186628396684
0.2015,0.020291332825246713,1.0,11.2117526955804,0.9754718791696494,1.234308092105927,0.9972341922817515,0.7803988718947216,11.118436290312722
0.202,0.020289227562088816,1.0,11.215774657278875,0.9756932415141214,1.2341499676881338,0.9972342812580718,0.7806951705265837,11.122682770194954
0.2025,0.020287122298930923,1.0,11.219793715574694,0.9759126031719866,1.233991847480057,0.997234351733232,0.7809912612514789,11.126926070288548
0.203,0.02028501703577303,1.0,11.223809872688188,0.9761299825143199,1.2338337314768564,0.9972344038871044,0.7812871440944377,11.13116619284228
0.20350000000000001,0.020282911772615132,1.0,11.227823130844653,0.9763453979121961,1.2336756196736913,0.9972344378989128,0.7815828190804655,11.135403140109863
0.20400000000000001,0.02028080650945724,1.0,11.231833492274975,0.9765588677366901,1.2335175120657211,0.997234453947249,0.7818782862345431,11.139636914350568
0.20450000000000002,0.020278701246299345,1.0,11.235840959213903,0.9767704103588766,1.2333594086481054,0.9972344522100883,0.7821735455816261,11.143867517827491
0.20500000000000002,0.020276595983141448,1.0,11.239845533900679,0.9769800441498306,1.2332013094160035,0.9972344328648043,0.7824685971466456,11.14809495280819
0.20550000000000002,0.020274490719983555,1.0,11.243847218580566,0.9771877874806268,1.2330432143645749,0.997234396088183,0.7827634409545072,11.15231922156621
0.20600000000000002,0.02027238545682566,1.0,11.247846015502223,0.9773936587223403,1.2328851234889788,0.9972343420564397,0.7830580770300923,11.156540326378453
0.20650000000000002,0.020270280193667764,1.0,11.251841943646248,0.9775976511314134,1.232727036764976,0.9972342707182348,0.7833525054343738,11.160758286280966
0.20700000000000002,0.02026817493050987,1.0,11.255835016603106,0.9777997785603397,1.2325689541745968,0.9972341822078514,0.7836467262165372,11.164973114910698
0.20750000000000002,0.020266069667351977,1.0,11.25982521203426,0.9780000974012261,1.232410875741539,0.9972340770435263,0.7839407393482035,11.16918478991713
0.20800000000000002,0.02026396440419408,1.0,11.26381253143791,0.9781986218175697,1.2322528014618566,0.9972339553613219,0.7842345448524778,11.17339331282531
0.2085,0.020261859141036186,1.0,11.267796976317259,0.9783953659728679,1.2320947313316022,0.9972338172968265,0.7845281427524455,11.177598685165247
0.209,0.020259753877878293,1.0,11.271778548179844,0.978590344030618,1.2319366653468287,0.9972336629851649,0.7848215330711729,11.181800908471276
0.2095,0.020257648614720396,1.0,11.275757248535776,0.9787835701543172,1.2317786035035896,0.9972334925610089,0.7851147158317032,11.18599998428026
0.21,0.020255543351562502,1.0,11.279733078901026,0.9789750585074628,1.2316205457979377,0.997233306158588,0.7854076910570618,11.190195914134907
0.2105,0.02025343808840461,1.0,11.283706040794574,0.9791648232535524,1.231462492225926,0.9972331039116995,0.7857004587702524,11.1943886995809
0.211,0.02025133282524671,1.0,11.287676135739705,0.979352878556083,1.231304442783608,0.9972328859537191,0.7859930189942586,11.198578342168204
0.2115,0.020249227562088818,1.0,11.291643365264024,0.979539238578552,1.2311463974670365,0.9972326524176103,0.7862853717520432,11.202764843451073
0.212,0.020247122298930924,1.0,11.295607730898992,0.9797239174844568,1.2309883562722646,0.9972324034359348,0.7865775170665495,11.206948204987587
0.2125,0.020245017035773027,1.0,11.29956923418037,0.9799069294372946,1.2308303191953454,0.9972321391408633,0.7868694549606999,11.211128428340105
0.213,0.020242911772615134,1.0,11.303527876647776,0.9800882886005627,1.230672286232332,0.9972318596641835,0.7871611854573963,11.215305515074812
0.2135,0.02024080650945724,1.0,11.307483659845108,0.9802680091377586,1.2305142573792776,0.9972315651373109,0.7874527085795208,11.219479466762147
0.214,0.020238701246299343,1.0,11.311436585320118,0.9804461052123793,1.2303562326322348,0.9972312556912987,0.7877440243499348,11.223650284976372
0.2145,0.02023659598314145,1.0,11.315386654624605,0.9806225909879224,1.2301982119872572,0.9972309314568459,0.7880351327914792,11.227817971295773
0.215,0.020234490719983556,1.0,11.319333869314864,0.980797480627885,1.2300401954403979,0.9972305925643081,0.7883260339269742,11.2319825273031
0.2155,0.02023238545682566,1.0,11.323278230950361,0.9809707882957646,1.2298821829877096,0.997230239143706,0.7886167277792209,11.236143954584248
0.216,0.020230280193667766,1.0,11.327219741095691,0.9811425281550583,1.2297241746252456,0.9972298713247346,0.7889072143709985,11.240302254730217
0.2165,0.020228174930509872,1.0,11.331158401318834,0.9813127143692635,1.2295661703490588,0.9972294892367722,0.7891974937250676,11.244457429335363
0.217,0.020226069667351975,1.0,11.335094213191146,0.9814813611018776,1.2294081701552027,0.9972290930088902,0.7894875658641664,11.248609479997382
0.2175,0.02022396440419408,1.0,11.339027178289975,0.9816484825163978,1.22925017403973,0.9972286827698603,0.7897774308110141,11.252758408319949
0.218,0.020221859141036188,1.0,11.342957298194491,0.9818140927763215,1.229092181998694,0.9972282586481649,0.7900670885883091,11.256904215908524
0.2185,0.02021975387787829,1.0,11.34688457448921,0.9819782060451459,1.2289341940281475,0.9972278207720044,0.7903565392187301,11.261046904373883
0.219,0.020217648614720397,1.0,11.350809008762424,0.9821408364863683,1.228776210124144,0.9972273692693069,0.7906457827249341,11.26518647533056
0.2195,0.020215543351562504,1.0,11.354730602606217,0.9823019982634861,1.2286182302827362,0.997226904267736,0.7909348191295592,11.26932293039685
0.22,0.020213438088404607,1.0,11.358649357616667,0.9824617055399966,1.2284602544999772,0.9972264258946995,0.7912236484552226,11.273456271195009
0.2205,0.020211332825246713,1.0,11.36256527539385,0.9826199724793971,1.2283022827719206,0.9972259342773567,0.7915122707245201,11.277586499351267
0.221,0.020209227562088816,1.0,11.366478357542263,0.9827768132451848,1.2281443150946187,0.9972254295426285,0.7918006859600293,11.281713616496253
0.2215,0.020207122298930923,1.0,11.370388605669953,0.9829322420008573,1.2279863514641252,0.9972249118172033,0.7920888941843056,11.28583762426411
0.222,0.02020501703577303,1.0,11.374296029327692,0.9830862686752739,1.2278283918673356,0.9972243811892781,0.7923768954365751,11.289958532244048
0.2225,0.020202911772615132,1.0,11.378200707582074,0.9832388705962316,1.2276704362109843,0.9972238374520854,0.7926646899020006,11.294076419649151
0.223,0.02020080650945724,1.0,11.382102558675433,0.9833901075664268,1.2275124845873182,0.9972232811440584,0.7929522774276212,11.298191204617664
0.2235,0.020198701246299345,1.0,11.386001583777949,0.9835399902490188,1.2273545369929142,0.9972227123595003,0.7932396580349504,11.302302888345043
0.224,0.020196595983141448,1.0,11.389897784064114,0.983688529307167,1.2271965934243492,0.997222131192515,0.7935268317454839,11.306411472031028
0.2245,0.020194490719983554,1.0,11.393791160712054,0.9838357354040305,1.2270386538781997,0.9972215377370146,0.7938137985807002,11.310516956878969
0.225,0.02019238545682566,1.0,11.397681714903536,0.9839816192027685,1.2268807183510428,0.9972209320867238,0.7941005585620591,11.314619344095837
0.2255,0.020190280193667764,1.0,11.401569447823288,0.9841261913665404,1.2267227868394552,0.9972203143351865,0.7943871117110037,11.318718634891537
0.226,0.02018817493050987,1.0,11.405454360660986,0.9842694625585056,1.2265648593400136,0.9972196845757705,0.7946734580489594,11.322814830480898
0.2265,0.020186069667351977,1.0,11.409336454608619,0.984411443441823,1.2264069358492948,0.9972190429016733,0.7949595975973331,11.326907932081037
0.227,0.02018396440419408,1.0,11.413215730862433,0.984552144679652,1.2262490163638757,0.9972183894059279,0.7952455303775148,11.330997940913308
0.2275,0.020181859141036186,1.0,11.41709219062252,0.984691576935152,1.226091100880333,0.9972177241814075,0.7955312564108763,11.335084858202885
0.228,0.020179753877878293,1.0,11.420965835091694,0.9848297508714822,1.2259331893952436,0.9972170473208313,0.7958167757187719,11.339168685177638
0.2285,0.020177648614720396,1.0,11.424836665477258,0.9849666771518018,1.2257752819051844,0.9972163589167697,0.7961020883225381,11.343249423069905
0.229,0.020175543351562502,1.0,11.42870468298988,0.98510236643927,1.2256173784067317,0.9972156590616496,0.7963871942434946,11.347327073115364
0.2295,0.02017343808840461,1.0,11.432569888843615,0.9852368293970462,1.2254594788964628,0.9972149478477587,0.7966720935029418,11.351401636553058
0.23,0.02017133282524671,1.0,11.436432284255881,0.9853700766882896,1.2253015833709542,0.9972142253672522,0.7969567861221639,11.355473114625365
0.2305,0.020169227562088818,1.0,11.440291870448565,0.9855021189761594,1.2251436918267828,0.9972134917121569,0.7972412721224266,11.359541508579111
0.231,0.020167122298930924,1.0,11.44414864864647,0.985632966923815,1.2249858042605255,0.9972127469743756,0.7975255515249781,11.363606819664016
0.2315,0.020165017035773027,1.0,11.448002620077535,0.9857626311944155,1.224827920668759,0.9972119912456938,0.7978096243510491,11.367669049132905
0.232,0.020162911772615134,1.0,11.451853785974599,0.9858911224511203,1.22467004104806,0.9972112246177834,0.7980934906218522,11.371728198243487
0.2325,0.02016080650945724,1.0,11.455702147572952,0.9860184513570887,1.2245121653950053,0.9972104471822072,0.7983771503585831,11.375784268255893
0.233,0.020158701246299343,1.0,11.459547706111461,0.9861446285754797,1.2243542937061718,0.9972096590304251,0.7986606035824193,11.379837260433812
0.2335,0.02015659598314145,1.0,11.463390462833424,0.9862696647694528,1.2241964259781364,0.997208860253798,0.7989438503145201,11.383887176045334
0.234,0.020154490719983556,1.0,11.467230418985029,0.9863935706021671,1.2240385622074754,0.9972080509435919,0.7992268905760287,11.38793401636142
0.23450000000000001,0.02015238545682566,1.0,11.471067575815585,0.9865163567367821,1.2238807023907663,0.9972072311909846,0.7995097243880686,11.391977782656125
0.23500000000000001,0.020150280193667765,1.0,11.474901934579256,0.9866380338364568,1.2237228465245855,0.997206401087068,0.799792351771747,11.396018476208337
0.23550000000000001,0.020148174930509872,1.0,11.478733496532643,0.9867586125643505,1.2235649946055096,0.9972055607228546,0.8000747727481539,11.400056098299356
0.23600000000000002,0.020146069667351975,1.0,11.48256226293589,0.9868781035836225,1.223407146630116,0.9972047101892806,0.8003569873383595,11.404090650214004
0.23650000000000002,0.02014396440419408,1.0,11.48638823505355,0.9869965175574322,1.2232493025949809,0.9972038495772113,0.8006389955634187,11.408122133241482
0.23700000000000002,0.020141859141036188,1.0,11.490211414153043,0.9871138651489387,1.223091462496681,0.9972029789774453,0.8009207974443677,11.412150548673841
0.23750000000000002,0.02013975387787829,1.0,11.49403180150509,0.9872301570213012,1.2229336263317938,0.9972020984807188,0.8012023930022245,11.416175897806404
0.23800000000000002,0.020137648614720397,1.0,11.497849472486955,0.9873453767106616,1.2227757940118797,0.9972012079312643,0.8014837824095061,11.420198256151197
0.23850000000000002,0.020135543351562504,1.0,11.501664376780232,0.9874595576733616,1.2226179655927432,0.9972003076265209,0.8017649655813929,11.424217573337279
0.23900000000000002,0.020133438088404607,1.0,11.505476493761734,0.9875727165346826,1.2224601410960965,0.9971993977113021,0.8020459424940194,11.42823382873337
0.23950000000000002,0.020131332825246713,1.0,11.509285824364941,0.9876848613225121,1.2223023205189198,0.9971984782522941,0.8023267131676137,11.432247023296936
0.24,0.02012922756208882,1.0,11.513092369527033,0.9877960000647379,1.2221445038581933,0.9971975493161209,0.8026072776223886,11.43625715798912
0.2405,0.020127122298930922,1.0,11.516896130188233,0.9879061407892475,1.2219866911108965,0.9971966109693493,0.8028876358785416,11.440264233774087
0.241,0.02012501703577303,1.0,11.52069710729203,0.9880152915239288,1.2218288822740098,0.9971956632784897,0.8031677879562541,11.444268251619249
0.2415,0.020122911772615135,1.0,11.524495301785379,0.9881234602966693,1.221671077344513,0.9971947063100017,0.8034477338756918,11.448269212495461
0.242,0.02012080650945724,1.0,11.528290714617832,0.9882306551353567,1.2215132763193859,0.9971937401302947,0.8037274736570056,11.452267117376152
0.2425,0.020118701246299345,1.0,11.532083346743509,0.9883368840678787,1.2213554791956085,0.9971927648057325,0.8040070073203301,11.456261967239303
0.243,0.02011659598314145,1.0,11.535873199118226,0.9884421551221229,1.221197685970161,0.9971917804026362,0.8042863348857842,11.460253763064564
0.2435,0.020114490719983554,1.0,11.53966027270215,0.988546476325977,1.221039896640023,0.9971907869872865,0.8045654563734717,11.464242505835921
0.244,0.02011238545682566,1.0,11.543444568458236,0.9886498557073288,1.2208821112021748,0.9971897846259262,0.8048443718034803,11.468228196540123
0.2445,0.020110280193667764,1.0,11.547226087352232,0.9887523012940658,1.2207243296535963,0.9971887733847652,0.8051230811958822,11.472210836166688
0.245,0.02010817493050987,1.0,11.551004830354657,0.9888538211140757,1.2205665519912672,0.9971877533299806,0.8054015845707345,11.476190425709891
0.2455,0.020106069667351976,1.0,11.554780798437266,0.9889544231952462,1.2204087782121678,0.9971867245277216,0.8056798819480777,11.480166966165218
0.246,0.020103964404194083,1.0,11.558553992576588,0.989054115565465,1.2202510083132776,0.9971856870441117,0.8059579733479381,11.48414045853291
0.2465,0.020101859141036186,1.0,11.562324413751034,0.9891529062526196,1.2200932422915771,0.9971846409452516,0.8062358587903246,11.48811090381506
0.247,0.020099753877878292,1.0,11.566092062943998,0.989250803284598,1.2199354801440458,0.9971835862972213,0.8065135382952321,11.49207830301874
0.2475,0.020097648614720395,1.0,11.569856941139653,0.9893478146892876,1.2197777218676642,0.9971825231660838,0.8067910118826386,11.496042657151763
0.248,0.020095543351562502,1.0,11.573619049328249,0.9894439484945762,1.2196199674594117,0.9971814516178872,0.8070682795725078,11.50000396722801
0.2485,0.020093438088404608,1.0,11.577378388500806,0.9895392127283513,1.2194622169162683,0.9971803717186679,0.8073453413847871,11.5039622342621
0.249,0.02009133282524671,1.0,11.581134959652422,0.9896336154185007,1.2193044702352145,0.9971792835344531,0.8076221973394077,11.507917459272718
0.2495,0.020089227562088818,1.0,11.584888763782281,0.9897271645929121,1.2191467274132297,0.9971781871312629,0.8078988474562864,11.511869643282612
0.25,0.020087122298930924,1.0,11.588639801890976,0.989819868279473,1.2189889884472942,0.9971770825751137,0.8081752917553234,11.515818787315913
0.2505,0.020085017035773027,1.0,11.592388074983619,0.9899117345060713,1.2188312533343877,0.9971759699320208,0.8084515302564041,11.519764892401255
0.251,0.020082911772615133,1.0,11.596133584068284,0.9900027713005946,1.2186735220714904,0.9971748492680006,0.8087275629793976,11.523707959570213
0.2515,0.02008080650945724,1.0,11.599876330155995,0.9900929866909304,1.218515794655582,0.9971737206490727,0.809003389944158,11.527647989857288
0.252,0.020078701246299343,1.0,11.603616314260515,0.9901823887049666,1.2183580710836428,0.9971725841412639,0.8092790111705233,11.531584984299698
0.2525,0.02007659598314145,1.0,11.607353537400103,0.9902709853705907,1.2182003513526523,0.9971714398106093,0.8095544266783165,11.535518943939142
0.253,0.020074490719983556,1.0,11.61108800059485,0.9903587847156904,1.2180426354595908,0.9971702877231557,0.809829636487344,11.539449869819123
0.2535,0.02007238545682566,1.0,11.614819736364382,0.9904457722646486,1.2178849233654858,0.9971691277392578,0.8101046406800655,11.543377794527355
0.254,0.020070280193667765,1.0,11.618548752555585,0.990531957561609,1.2177272150595517,0.9971679599385306,0.8103794392896468,11.547302725943554
0.2545,0.02006817493050987,1.0,11.622275013596697,0.9906173750953214,1.2175695105805562,0.9971667846289102,0.810654032262949,11.551224628467281
0.255,0.020066069667351975,1.0,11.625998520124915,0.9907020306805645,1.2174118099259315,0.9971656018563584,0.8109284196189226,11.555143502758494
0.2555,0.02006396440419408,1.0,11.62971927278121,0.9907859301321172,1.2172541130931098,0.9971644116668342,0.811202601376505,11.559059349480904
0.256,0.020061859141036188,1.0,11.633437272209012,0.9908690792647584,1.2170964200795236,0.9971632141062957,0.8114765775546202,11.56297216930067
0.2565,0.02005975387787829,1.0,11.637152519053956,0.990951483893267,1.2169387308826047,0.9971620092207024,0.8117503481721792,11.566881962886132
0.257,0.020057648614720397,1.0,11.640865013965895,0.9910331498324217,1.2167810454997858,0.9971607970560158,0.8120239132480791,11.57078873090983
0.2575,0.020055543351562503,1.0,11.644574757596681,0.9911140828970015,1.216623363928499,0.9971595776582022,0.8122972728012045,11.574692474046293
0.258,0.020053438088404606,1.0,11.648281750600809,0.9911942889017852,1.2164656861661762,0.997158351073233,0.812570426850426,11.578593192972663
0.2585,0.020051332825246713,1.0,11.651985993636542,0.9912737736615516,1.2163080122102499,0.9971571173470877,0.8128433754146016,11.58249088836984
0.259,0.02004922756208882,1.0,11.655687487364565,0.9913525429910797,1.2161503420581523,0.9971558765257544,0.813116118512575,11.586385560921126
0.2595,0.020047122298930922,1.0,11.65938623244776,0.991430602705148,1.2159926757073156,0.9971546286552324,0.8133886561631776,11.590277211312003
0.26,0.02004501703577303,1.0,11.663082229553213,0.9915079586185359,1.215835013155172,0.9971533737815327,0.8136609883852268,11.594165840232135
0.2605,0.020042911772615135,1.0,11.666775479349754,0.9915846165460219,1.2156773543991541,0.9971521119506805,0.8139331151975266,11.598051448372917
0.261,0.020040806509457238,1.0,11.670465982509512,0.9916605823023849,1.2155196994366937,0.997150843208716,0.8142050366188689,11.601934036429025
0.2615,0.020038701246299345,1.0,11.67415373970769,0.9917358617024038,1.215362048265223,0.997149567601697,0.8144767526680311,11.605813605098186
0.262,0.02003659598314145,1.0,11.677838751621906,0.9918104605608574,1.2152044008821745,0.9971482851756991,0.8147482633637773,11.609690155080528
0.2625,0.020034490719983554,1.0,11.681521018932616,0.9918843846925246,1.2150467572849801,0.9971469959768182,0.8150195687248594,11.613563687078999
0.263,0.02003238545682566,1.0,11.685200542323564,0.9919576399121843,1.2148891174710725,0.9971457000511719,0.8152906687700143,11.617434201799815
0.2635,0.020030280193667767,1.0,11.68887732248112,0.9920302320346153,1.2147314814378836,0.9971443974449004,0.8155615635179675,11.621301699951802
0.264,0.02002817493050987,1.0,11.692551360094036,0.9921021668745964,1.2145738491828457,0.997143088204169,0.8158322529874296,11.625166182246149
0.2645,0.020026069667351976,1.0,11.696222655854797,0.9921734502469066,1.214416220703391,0.9971417723751687,0.8161027371970988,11.629027649397758
0.265,0.02002396440419408,1.0,11.699891210457599,0.9922440879663246,1.214258595996952,0.9971404500041179,0.8163730161656595,11.63288610212323
0.2655,0.020021859141036186,1.0,11.703557024600808,0.9923140858476294,1.2141009750609606,0.9971391211372642,0.8166430899117837,11.636741541143312
0.266,0.020019753877878292,1.0,11.707220098984937,0.9923834497055997,1.213943357892849,0.9971377858208855,0.8169129584541295,11.640593967180882
0.2665,0.0200176486147204,1.0,11.710880434312662,0.9924521853550144,1.2137857444900495,0.9971364441012915,0.817182621811341,11.644443380960963
0.267,0.0200155433515625,1.0,11.714538031290138,0.9925202986106526,1.2136281348499947,0.9971350960248252,0.8174520800020499,11.648289783212043
0.2675,0.020013438088404608,1.0,11.718192890627009,0.9925877952872928,1.2134705289701162,0.9971337416378645,0.8177213330448752,11.652133174666073
0.268,0.02001133282524671,1.0,11.721845013034164,0.992654681199714,1.2133129268478469,0.997132380986823,0.8179903809584206,11.655973556056239
0.2685,0.020009227562088817,1.0,11.725494399226868,0.9927209621626951,1.2131553284806185,0.9971310141181524,0.8182592237612786,11.659810928120079
0.269,0.020007122298930924,1.0,11.729141049922292,0.9927866439910149,1.2129977338658633,0.9971296410783427,0.8185278614720275,11.663645291597021
0.2695,0.020005017035773027,1.0,11.732784965839969,0.9928517324994522,1.2128401430010138,0.9971282619139242,0.8187962941092319,11.667476647228838
0.27,0.020002911772615133,1.0,11.736426147703789,0.9929162335027861,1.2126825558835022,0.9971268766714694,0.819064521691444,11.671304995761645
0.2705,0.02000080650945724,1.0,11.740064596238875,0.9929801528157952,1.2125249725107605,0.9971254853975932,0.8193325442372019,11.675130337942765
0.271,0.019998701246299343,1.0,11.743700312173818,0.9930434962532584,1.212367392880221,0.9971240881389547,0.8196003617650315,11.678952674522973
0.2715,0.01999659598314145,1.0,11.747333296240436,0.9931062696299546,1.212209816989316,0.9971226849422595,0.8198679742934439,11.68277200625626
0.272,0.019994490719983556,1.0,11.750963549172448,0.9931684787606627,1.2120522448354778,0.9971212758542592,0.8201353818409383,11.68658833389849
0.2725,0.01999238545682566,1.0,11.754591071706574,0.9932301294601614,1.2118946764161385,0.9971198609217541,0.8204025844259999,11.690401658208517
0.273,0.019990280193667765,1.0,11.758215960760747,0.9932912000943226,1.2117371116196163,0.99711843993611,0.8206695822519287,11.694212076254773
0.2735,0.01998817493050987,1.0,11.76183814402764,0.9933517202449866,1.2115795505262559,0.9971170131650604,0.8209363751964301,11.698019515654055
0.274,0.019986069667351974,1.0,11.765457599024606,0.9934117010112934,1.2114219931598456,0.9971155807048062,0.8212029632332729,11.701823953914737
0.2745,0.01998396440419408,1.0,11.769074326315815,0.993471146489078,1.2112644395180265,0.9971141425864402,0.8214693463805365,11.705625391622807
0.275,0.019981859141036187,1.0,11.772688326467204,0.9935300607741753,1.2111068895984398,0.9971126988410811,0.8217355246562885,11.709423829366
0.2755,0.01997975387787829,1.0,11.776299600047361,0.9935884479624204,1.210949343398727,0.9971112494998761,0.8220014980785837,11.713219267734686
0.276,0.019977648614720397,1.0,11.779908147628191,0.9936463121496483,1.2107918009165293,0.9971097945940006,0.8222672666654651,11.717011707322538
0.2765,0.019975543351562503,1.0,11.783513969783574,0.993703657431694,1.2106342621494879,0.9971083341546594,0.8225328304349633,11.720801148725183
0.277,0.019973438088404606,1.0,11.787117067090252,0.9937604879043926,1.210476727095244,0.9971068682130877,0.8227981894050969,11.7245875925411
0.2775,0.019971332825246713,1.0,11.790717440128063,0.993816807663579,1.2103191957514388,0.9971053968005521,0.8230633435938719,11.728371039371842
0.278,0.01996922756208882,1.0,11.794315089479026,0.9938726208050883,1.2101616681157137,0.9971039199483506,0.8233282930192825,11.732151489821128
0.2785,0.019967122298930922,1.0,11.797910015727576,0.9939279314247556,1.2100041441857097,0.9971024376878146,0.8235930376993106,11.735928944495077
0.279,0.01996501703577303,1.0,11.801502219461224,0.9939827436184157,1.2098466239590684,0.9971009500503081,0.8238575776519254,11.739703404002865
0.2795,0.019962911772615135,1.0,11.805091701269882,0.9940370614819037,1.209689107433431,0.9970994570672308,0.8241219128950841,11.74347486895606
0.28,0.019960806509457238,1.0,11.808678461746092,0.9940908891110547,1.2095315946064384,0.9970979587700165,0.8243860434467325,11.747243339968833
0.2805,0.019958701246299344,1.0,11.812262501485462,0.9941442306017036,1.2093740854757322,0.9970964551901356,0.8246499693248031,11.75100881765841
0.281,0.01995659598314145,1.0,11.815843821085556,0.9941970900496855,1.2092165800389536,0.9970949463590952,0.8249136905472165,11.75477130264396
0.28150000000000003,0.019954490719983554,1.0,11.819422421146541,0.9942494715508354,1.2090590782937438,0.99709343230844,0.8251772071318811,11.75853079554723
0.28200000000000003,0.01995238545682566,1.0,11.822998302272104,0.9943013792009883,1.208901580237744,0.9970919130697533,0.8254405190966935,11.76228729699348
0.28250000000000003,0.019950280193667767,1.0,11.826571465067422,0.9943528170959792,1.2087440858685956,0.9970903886746573,0.8257036264595375,11.766040807609432
0.28300000000000003,0.01994817493050987,1.0,11.83014191014117,0.9944037893316432,1.2085865951839396,0.997088859154814,0.8259665292382852,11.769791328025303
0.28350000000000003,0.019946069667351976,1.0,11.833709638103965,0.9944543000038153,1.2084291081814176,0.9970873245419268,0.8262292274507957,11.773538858873222
0.28400000000000003,0.019943964404194083,1.0,11.83727464956946,0.9945043532083303,1.2082716248586705,0.9970857848677404,0.826491721114917,11.777283400788349
0.28450000000000003,0.019941859141036185,1.0,11.840836945153477,0.9945539530410236,1.2081141452133397,0.9970842401640414,0.8267540102484838,11.78102495440799
0.28500000000000003,0.019939753877878292,1.0,11.844396525475315,0.9946031035977299,1.2079566692430665,0.9970826904626598,0.8270160948693193,11.78476352037291
0.28550000000000003,0.0199376486147204,1.0,11.84795339115598,0.9946518089742843,1.207799196945492,0.9970811357954695,0.8272779749952346,11.788499099325573
0.28600000000000003,0.0199355433515625,1.0,11.85150754281884,0.9947000732665219,1.2076417283182577,0.9970795761943885,0.8275396506440275,11.792231691910782
0.28650000000000003,0.019933438088404608,1.0,11.855058981090751,0.9947479005702776,1.2074842633590048,0.9970780116913808,0.8278011218334845,11.795961298776808
0.28700000000000003,0.019931332825246714,1.0,11.858607706601148,0.9947952949813865,1.2073268020653742,0.9970764423184555,0.8280623885813805,11.799687920574492
0.28750000000000003,0.019929227562088817,1.0,11.862153719980936,0.9948422605956836,1.2071693444350078,0.9970748681076694,0.8283234509054764,11.803411557956125
0.28800000000000003,0.019927122298930924,1.0,11.86569702186516,0.9948888015090039,1.2070118904655462,0.9970732890911267,0.8285843088235227,11.807132211578121
0.2885,0.01992501703577303,1.0,11.869237612889872,0.9949349218171825,1.206854440154631,0.9970717053009791,0.8288449623532567,11.810849882097889
0.289,0.019922911772615133,1.0,11.872775493694604,0.9949806256160543,1.2066969934999034,0.9970701167694278,0.8291054115124035,11.814564570176294
0.2895,0.01992080650945724,1.0,11.876310664921899,0.9950259170014543,1.2065395504990046,0.9970685235287239,0.8293656563186764,11.818276276477201
0.29,0.019918701246299346,1.0,11.879843127215526,0.9950708000692176,1.2063821111495758,0.9970669256111683,0.8296256967897765,11.821985001665684
0.2905,0.01991659598314145,1.0,11.883372881222712,0.9951152789151793,1.2062246754492585,0.9970653230491137,0.8298855329433921,11.825690746410256
0.291,0.019914490719983555,1.0,11.886899927593248,0.9951593576351742,1.2060672433956936,0.9970637158749638,0.8301451647971999,11.829393511381978
0.2915,0.01991238545682566,1.0,11.890424266979261,0.9952030403250374,1.2059098149865226,0.9970621041211752,0.8304045923688641,11.833093297254235
0.292,0.019910280193667765,1.0,11.893945917182231,0.9952463272867799,1.2057523902000449,0.9970604877842539,0.8306638157078738,11.836790121871248
0.2925,0.01990817493050987,1.0,11.897464956575313,0.9952892068817769,1.205594968946259,0.997058866747215,0.8309228349759471,11.840484063724595
0.293,0.019906069667351978,1.0,11.900981289672307,0.9953317046552829,1.2054375513312754,0.9970572412461471,0.8311816500120384,11.844175027228502
0.2935,0.01990396440419408,1.0,11.90449491695123,0.9953738234923367,1.2052801373529423,0.997055611302324,0.8314402608334286,11.847863012881945
0.294,0.019901859141036187,1.0,11.908005838892754,0.9954155662779778,1.205122727009108,0.9970539769370527,0.8316986674573877,11.851548021186556
0.2945,0.01989975387787829,1.0,11.911514055979772,0.995456935897245,1.204965320297621,0.9970523381716725,0.8319568699011747,11.855230052646158
0.295,0.019897648614720397,1.0,11.91501956869783,0.9954979352351777,1.2048079172163295,0.9970506950275576,0.8322148681820365,11.858909107767223
0.2955,0.019895543351562503,1.0,11.918522377534678,0.9955385671768149,1.2046505177630822,0.9970490475261151,0.8324726623172095,11.862585187058407
0.296,0.019893438088404606,1.0,11.922022482980273,0.9955788346071957,1.2044931219357273,0.9970473956887872,0.8327302523239191,11.866258291030555
0.2965,0.019891332825246712,1.0,11.925519885527663,0.9956187404113591,1.2043357297321131,0.997045739537051,0.8329876382193793,11.869928420197596
0.297,0.01988922756208882,1.0,11.929014585671656,0.9956582874743445,1.204178341150088,0.9970440790924191,0.8332448200207933,11.873595575075194
0.2975,0.019887122298930922,1.0,11.93250658390992,0.9956974786811909,1.2040209561875002,0.9970424143764399,0.8335017977453526,11.87725975618187
0.298,0.019885017035773028,1.0,11.935995880742317,0.9957363169169372,1.2038635748421984,0.9970407454106983,0.8337585714102375,11.880920964038312
0.2985,0.019882911772615135,1.0,11.939482476671577,0.9957748050666229,1.2037061971120306,0.9970390722168153,0.8340151410326181,11.884579199168067
0.299,0.019880806509457238,1.0,11.942966372201491,0.9958129460152869,1.2035488229948457,0.9970373948164499,0.834271506629652,11.88823446209573
0.2995,0.019878701246299344,1.0,11.946447567840057,0.9958507426479684,1.2033914524884917,0.9970357132312985,0.8345276682184866,11.89188675335008
0.3,0.01987659598314145,1.0,11.949926064096784,0.9958881978497064,1.2032340855908168,0.997034027483095,0.8347836258162582,11.895536073461402
0.3005,0.019874490719983554,1.0,11.953401861483131,0.9959253145055402,1.2030767222996699,0.9970323375936124,0.835039379440091,11.899182422961907
0.301,0.01987238545682566,1.0,11.956874960513863,0.9959620955005087,1.202919362612899,0.9970306435846624,0.8352949291070995,11.9028258023871
0.3015,0.019870280193667766,1.0,11.960345361705913,0.9959985437196514,1.2027620065283522,0.9970289454780962,0.8355502748343858,11.906466212274644
0.302,0.01986817493050987,1.0,11.963813065577947,0.996034662048007,1.2026046540438784,0.9970272432958042,0.8358054166390414,11.910103653163912
0.3025,0.019866069667351976,1.0,11.967278072651911,0.9960704533706148,1.202447305157326,0.9970255370597177,0.8360603545381463,11.913738125597547
0.303,0.019863964404194082,1.0,11.970740383451703,0.996105920572514,1.2022899598665429,0.997023826791808,0.8363150885487699,11.917369630120126
0.3035,0.019861859141036185,1.0,11.974199998503382,0.9961410665387436,1.2021326181693777,0.9970221125140879,0.8365696186879703,11.920998167278375
0.304,0.01985975387787829,1.0,11.977656918336294,0.9961758941543428,1.2019752800636787,0.9970203942486109,0.8368239449727942,11.92462373762229
0.3045,0.019857648614720398,1.0,11.981111143480815,0.9962104063043506,1.2018179455472946,0.9970186720174732,0.8370780674202769,11.928246341702883
0.305,0.0198555433515625,1.0,11.984562674471059,0.9962446058738064,1.2016606146180733,0.9970169458428126,0.8373319860474437,11.931865980074887
0.3055,0.019853438088404608,1.0,11.988011511842615,0.996278495747749,1.2015032872738634,0.9970152157468101,0.8375857008713076,11.935482653294496
0.306,0.019851332825246714,1.0,11.991457656133898,0.9963120788112176,1.2013459635125132,0.9970134817516887,0.8378392119088708,11.939096361920715
0.3065,0.019849227562088817,1.0,11.994901107885019,0.9963453579492514,1.2011886433318713,0.997011743879716,0.8380925191771244,11.94270710651423
0.307,0.019847122298930923,1.0,11.99834186763937,0.9963783360468895,1.2010313267297859,0.997010002153203,0.8383456226930484,11.946314887638996
0.3075,0.01984501703577303,1.0,12.0017799359427,0.9964110159891711,1.2008740137041052,0.9970082565945045,0.8385985224736119,11.949919705861303
0.308,0.019842911772615133,1.0,12.005215313341782,0.9964434006611352,1.2007167042526778,0.9970065072260209,0.8388512185357722,11.953521561748454
0.3085,0.01984080650945724,1.0,12.008648000387778,0.996475492947821,1.200559398373352,0.9970047540701967,0.8391037108964763,11.957120455872127
0.309,0.019838701246299346,1.0,12.012077997632401,0.9965072957342676,1.2004020960639763,0.9970029971495223,0.8393559995726593,11.960716388804537
0.3095,0.01983659598314145,1.0,12.015505305630409,0.9965388119055141,1.2002447973223989,0.9970012364865339,0.8396080845812456,11.964309361120922
0.31,0.019834490719983555,1.0,12.01892992493981,0.9965700443465996,1.2000875021464679,0.9969994721038135,0.8398599659391488,11.967899373399762
0.3105,0.01983238545682566,1.0,12.02235185611939,0.9966009959425632,1.1999302105340321,0.99699770402399,0.8401116436632703,11.971486426220297
0.311,0.019830280193667765,1.0,12.025771099730967,0.9966316695784442,1.19977292248294,0.9969959322697394,0.8403631177705009,11.975070520164786
0.3115,0.01982817493050987,1.0,12.02918769230932,0.9966620505875396,1.1996156379506937,0.9969941566943551,0.8406143883421503,11.978651691830613
0.312,0.019826069667351974,1.0,12.032601634989398,0.996692144898174,1.1994583569345207,0.9969923773496167,0.8408654553959253,11.982229942373582
0.3125,0.01982396440419408,1.0,12.036012891910849,0.9967219733682482,1.1993010794731367,0.9969905944317895,0.8411163188833698,11.985805235910933
0.313,0.019821859141036187,1.0,12.039421463378712,0.9967515379118267,1.1991438055646886,0.996988807954441,0.841366978820854,11.989377572767777
0.3135,0.019819753877878293,1.0,12.042827349700453,0.9967808404429742,1.198986535207323,0.996987017931166,0.8416174352247392,11.992946953271632
0.314,0.019817648614720396,1.0,12.046230551184587,0.9968098828757551,1.198829268399187,0.9969852243755872,0.8418676881113762,11.996513377751059
0.3145,0.019815543351562503,1.0,12.049631068143166,0.996838667124234,1.1986720051384279,0.9969834273013567,0.842117737497106,12.000076846538134
0.315,0.019813438088404606,1.0,12.053028900889972,0.9968671951024753,1.198514745423192,0.9969816267221547,0.8423675833982612,12.00363735996666
0.3155,0.019811332825246712,1.0,12.056424049740743,0.9968954687245437,1.1983574892516267,0.9969798226516908,0.8426172258311633,12.007194918372376
0.316,0.01980922756208882,1.0,12.059816515013617,0.9969234899045035,1.1982002366218787,0.9969780151037034,0.8428666648121252,12.01074952209341
0.3165,0.01980712229893092,1.0,12.06320629702846,0.9969512605564194,1.198042987532095,0.9969762040919606,0.8431159003574498,12.014301171469604
0.317,0.019805017035773028,1.0,12.066593396108427,0.9969787825943558,1.1978857419804225,0.9969743896302599,0.8433649324834306,12.017849866844081
0.3175,0.019802911772615134,1.0,12.069977812577502,0.9970060579323773,1.1977284999650084,0.9969725717324286,0.8436137612063507,12.02139560856077
0.318,0.019800806509457237,1.0,12.073359546762283,0.9970330884845483,1.1975712614839993,0.9969707504123249,0.8438623865424847,12.024938396966213
0.3185,0.019798701246299344,1.0,12.076738598992435,0.9970598761649335,1.1974140265355422,0.9969689256838358,0.8441108085080969,12.028478232409995
0.319,0.01979659598314145,1.0,12.080114969598208,0.9970864228875973,1.1972567951177842,0.9969670975608805,0.8443590271194421,12.032015115242281
0.3195,0.019794490719983553,1.0,12.083488658912916,0.9971127305666043,1.1970995672288722,0.9969652660574078,0.8446070423927651,12.035549045816284
0.32,0.01979238545682566,1.0,12.086859667272714,0.9971388011160189,1.196942342866953,0.996963431187398,0.8448548543443021,12.039080024488044
0.3205,0.019790280193667766,1.0,12.090227995014551,0.9971646364499057,1.1967851220301735,0.9969615929648625,0.8451024629902789,12.042608051614382
0.321,0.01978817493050987,1.0,12.093593642477765,0.9971902384823292,1.196627904716681,0.9969597514038442,0.8453498683469113,12.046133127554498
0.3215,0.019786069667351976,1.0,12.096956610005426,0.997215609127354,1.1964706909246219,0.9969579065184174,0.8455970704304068,12.049655252671307
0.322,0.019783964404194082,1.0,12.100316897940264,0.9972407502990445,1.1963134806521436,0.9969560583226887,0.8458440692569618,12.053174427327374
0.3225,0.019781859141036185,1.0,12.103674506628971,0.9972656639114652,1.196156273897393,0.9969542068307964,0.8460908648427637,12.056690651889214
0.323,0.01977975387787829,1.0,12.107029436419932,0.9972903518786808,1.1959990706585166,0.9969523520569114,0.8463374572039912,12.060203926725016
0.3235,0.019777648614720398,1.0,12.110381687663676,0.9973148161147557,1.1958418709336618,0.9969504940152364,0.8465838463568118,12.063714252205106
0.324,0.0197755433515625,1.0,12.113731260712196,0.9973390585337544,1.1956846747209753,0.9969486327200078,0.8468300323173844,12.06722162870126
0.3245,0.019773438088404607,1.0,12.117078155920982,0.9973630810497414,1.1955274820186041,0.9969467681854948,0.8470760151018577,12.070726056588734
0.325,0.019771332825246714,1.0,12.120422373646532,0.9973868855767812,1.1953702928246952,0.9969449004259989,0.8473217947263714,12.074227536243784
0.3255,0.019769227562088817,1.0,12.123763914247702,0.9974104740289386,1.1952131071373955,0.9969430294558558,0.847567371207055,12.077726068045008
0.326,0.019767122298930923,1.0,12.127102778085938,0.9974338483202777,1.1950559249548518,0.9969411552894346,0.8478127445600289,12.081221652373584
0.3265,0.01976501703577303,1.0,12.130438965524363,0.9974570103648633,1.1948987462752112,0.9969392779411383,0.8480579148014034,12.084714289612348
0.327,0.019762911772615133,1.0,12.133772476928451,0.9974799620767599,1.1947415710966205,0.9969373974254034,0.8483028819472797,12.088203980146483
0.3275,0.01976080650945724,1.0,12.137103312665362,0.9975027053700319,1.194584399417227,0.996935513756701,0.8485476460137484,12.091690724362834
0.328,0.019758701246299346,1.0,12.140431473105279,0.9975252421587439,1.1944272312351771,0.9969336269495366,0.8487922070168918,12.095174522651268
0.3285,0.01975659598314145,1.0,12.143756958619596,0.9975475743569605,1.1942700665486181,0.9969317370184505,0.849036564972782,12.09865537540284
0.329,0.019754490719983555,1.0,12.147079769582522,0.997569703878746,1.1941129053556967,0.9969298439780174,0.8492807198974813,12.102133283011412
0.3295,0.01975238545682566,1.0,12.150399906369916,0.9975916326381651,1.1939557476545601,0.9969279478428474,0.8495246718070424,12.105608245872482
0.33,0.019750280193667764,1.0,12.153717369359539,0.9976133625492822,1.193798593443355,0.9969260486275854,0.8497684207175087,12.109080264383437
0.3305,0.01974817493050987,1.0,12.157032158932168,0.9976348955261619,1.1936414427202287,0.9969241463469124,0.8500119666449136,12.112549338944667
0.331,0.019746069667351977,1.0,12.160344275470008,0.9976562334828688,1.1934842954833276,0.9969222410155445,0.8502553096052815,12.116015469957976
0.3315,0.01974396440419408,1.0,12.163653719357152,0.9976773783334673,1.193327151730799,0.9969203326482338,0.8504984496146264,12.119478657827045
0.332,0.019741859141036187,1.0,12.166960490980708,0.9976983319920218,1.19317001146079,0.9969184212597685,0.8507413866889532,12.122938902958555
0.3325,0.019739753877878293,1.0,12.170264590729433,0.9977190963725971,1.1930128746714468,0.9969165068649729,0.8509841208442575,12.126396205760827
0.333,0.019737648614720396,1.0,12.173566018993283,0.9977396733892575,1.192855741360917,0.9969145894787081,0.8512266520965242,12.129850566643361
0.3335,0.019735543351562503,1.0,12.176864776165905,0.9977600649560677,1.1926986115273477,0.9969126691158713,0.8514689804617294,12.133301986019342
0.334,0.01973343808840461,1.0,12.180160862642131,0.997780272987092,1.1925414851688851,0.996910745791397,0.85171110595584,12.136750464303121
0.3345,0.019731332825246712,1.0,12.183454278818672,0.9978002993963951,1.1923843622836767,0.9969088195202567,0.851953028594812,12.140196001910923
0.335,0.01972922756208882,1.0,12.186745025095007,0.9978201460980415,1.1922272428698693,0.9969068903174585,0.8521947483945932,12.143638599261717
0.3355,0.01972712229893092,1.0,12.19003310187226,0.9978398150060956,1.1920701269256098,0.9969049581980486,0.8524362653711206,12.147078256776112
0.336,0.019725017035773028,1.0,12.193318509554093,0.9978593080346222,1.191913014449045,0.9969030231771109,0.8526775795403225,12.150514974877243
0.3365,0.019722911772615134,1.0,12.196601296659125,0.9978786188388805,1.1917559053847273,0.9969010851872129,0.852918691000334,12.153948802154662
0.337,0.01972080650945724,1.0,12.199881498764668,0.9978977443106207,1.1915987996916537,0.9968991441930425,0.8531595998268702,12.157379774242392
0.3375,0.019718701246299344,1.0,12.203159031228747,0.9979167008739163,1.191441697462724,0.9968972003547785,0.8534003058903634,12.160807806426723
0.338,0.01971659598314145,1.0,12.206433894367658,0.9979354897437367,1.191284598696191,0.9968952536807411,0.8536408092065485,12.16423289904328
0.3385,0.019714490719983553,1.0,12.209706088498823,0.9979541121350516,1.191127503390308,0.9968933041792716,0.8538811097911514,12.167655052428803
0.339,0.01971238545682566,1.0,12.212975613942374,0.9979725692628304,1.1909704115433277,0.9968913518587338,0.8541212076598882,12.17107426692272
0.3395,0.019710280193667766,1.0,12.216242471019559,0.9979908623420427,1.1908133231535032,0.9968893967275128,0.854361102828467,12.174490542865573
0.34,0.01970817493050987,1.0,12.21950666005456,0.9980089925876581,1.1906562382190873,0.9968874387940164,0.8546007953125866,12.177903880600821
0.3405,0.019706069667351975,1.0,12.22276818137335,0.9980269612146461,1.190499156738333,0.9968854780666743,0.8548402851279362,12.181314280473707
0.341,0.019703964404194082,1.0,12.226027035303481,0.9980447694379763,1.1903420787094934,0.9968835145539389,0.855079572290196,12.18472174283103
0.3415,0.019701859141036185,1.0,12.22928322217473,0.9980624184726182,1.1901850041308213,0.9968815482642845,0.8553186568150379,12.188126268021811
0.342,0.01969975387787829,1.0,12.232536742319597,0.9980799095335413,1.1900279330005696,0.9968795792062087,0.855557538718124,12.19152785639778
0.3425,0.019697648614720398,1.0,12.235787596071441,0.9980972438357153,1.1898708653169914,0.9968776073882313,0.8557962180151077,12.194926508311513
0.343,0.0196955433515625,1.0,12.239035783766095,0.9981144225941097,1.1897138010783397,0.9968756328188946,0.8560346947216326,12.198322224118044
0.3435,0.019693438088404607,1.0,12.242281305741857,0.9981314470236938,1.1895567402828675,0.9968736555067647,0.856272968853334,12.201715004174869
0.34400000000000003,0.019691332825246714,1.0,12.245524162338809,0.9981483183394375,1.1893996829288274,0.9968716754604299,0.8565110404258387,12.205104848841243
0.34450000000000003,0.019689227562088817,1.0,12.248764353898126,0.9981650377563103,1.1892426290144729,0.9968696926885019,0.8567489094547623,12.208491758477516
0.34500000000000003,0.019687122298930923,1.0,12.252001880764809,0.9981816064892814,1.1890855785380563,0.9968677071996157,0.8569865759557141,12.211875733447838
0.34550000000000003,0.01968501703577303,1.0,12.255236743283811,0.9981980257533208,1.1889285314978313,0.9968657190024297,0.8572240399442919,12.21525677411631
0.34600000000000003,0.019682911772615132,1.0,12.258468941803688,0.9982142967633978,1.1887714878920501,0.9968637281056253,0.8574613014360863,12.218634880850617
0.34650000000000003,0.01968080650945724,1.0,12.261698476674527,0.998230420734482,1.1886144477189662,0.9968617345179079,0.8576983604466775,12.222010054019965
0.34700000000000003,0.019678701246299345,1.0,12.264925348247736,0.9982463988815429,1.1884574109768324,0.9968597382480068,0.8579352169916371,12.225382293994867
0.34750000000000003,0.01967659598314145,1.0,12.2681495568774,0.9982622324195501,1.1883003776639016,0.9968577393046743,0.858171871086528,12.228751601148504
0.34800000000000003,0.019674490719983555,1.0,12.271371102919826,0.9982779225634733,1.188143347778427,0.996855737696687,0.8584083227469036,12.232117975856264
0.34850000000000003,0.01967238545682566,1.0,12.274589986732622,0.9982934705282817,1.1879863213186612,0.9968537334328454,0.8586445719883082,12.235481418494826
0.34900000000000003,0.019670280193667764,1.0,12.27780620867562,0.998308877528945,1.1878292982828573,0.9968517265219746,0.8588806188262776,12.23884192944308
0.34950000000000003,0.01966817493050987,1.0,12.281019769111094,0.998324144780433,1.1876722786692684,0.996849716972923,0.8591164632763378,12.24219950908234
0.35000000000000003,0.019666069667351977,1.0,12.284230668403065,0.9983392734977149,1.1875152624761471,0.9968477047945641,0.8593521053540065,12.245554157795667
0.35050000000000003,0.01966396440419408,1.0,12.287438906916414,0.9983542648957604,1.1873582497017467,0.9968456899957953,0.8595875450747916,12.248905875966958
0.35100000000000003,0.019661859141036186,1.0,12.290644485020039,0.9983691201895389,1.1872012403443202,0.9968436725855386,0.8598227824541923,12.252254663984122
0.35150000000000003,0.019659753877878293,1.0,12.293847403083229,0.9983838405940203,1.1870442344021204,0.9968416525727408,0.8600578175076986,12.255600522235442
0.352,0.019657648614720396,1.0,12.297047661477933,0.9983984273241738,1.1868872318734,0.9968396299663735,0.8602926502507919,12.258943451111854
0.3525,0.019655543351562502,1.0,12.300245260578073,0.9984128815949692,1.1867302327564127,0.9968376047754328,0.8605272806989438,12.26228345100625
0.353,0.01965343808840461,1.0,12.303440200759322,0.9984272046213758,1.1865732370494106,0.9968355770089399,0.8607617088676177,12.265620522313261
0.3535,0.019651332825246712,1.0,12.306632482399312,0.9984413976183634,1.186416244750647,0.9968335466759408,0.8609959347722675,12.268954665429469
0.354,0.019649227562088818,1.0,12.309822105877656,0.9984554618009013,1.186259255858375,0.9968315137855075,0.8612299584283374,12.272285880753419
0.3545,0.019647122298930925,1.0,12.313009071576387,0.9984693983839592,1.1861022703708477,0.9968294783467359,0.8614637798512637,12.275614168686069
0.355,0.019645017035773028,1.0,12.316193379878582,0.9984832085825066,1.1859452882863175,0.9968274403687485,0.8616973990564731,12.278939529629406
0.3555,0.019642911772615134,1.0,12.31937503117044,0.9984968936115132,1.185788309603038,0.9968253998606922,0.8619308160593828,12.282261963988528
0.356,0.01964080650945724,1.0,12.322554025839189,0.9985104546859482,1.1856313343192615,0.9968233568317403,0.8621640308754023,12.285581472169548
0.3565,0.019638701246299343,1.0,12.325730364274486,0.9985238930207816,1.1854743624332413,0.9968213112910915,0.8623970435199305,12.288898054580999
0.357,0.01963659598314145,1.0,12.328904046867711,0.9985372098309826,1.1853173939432304,0.9968192632479698,0.8626298540083581,12.292211711633119
0.3575,0.019634490719983556,1.0,12.332075074011975,0.9985504063315208,1.185160428847482,0.9968172127116256,0.8628624623560663,12.29552244373787
0.358,0.01963238545682566,1.0,12.335243446103023,0.9985634837373659,1.1850034671442484,0.9968151596913354,0.863094868578428,12.298830251309834
0.3585,0.019630280193667766,1.0,12.33840916353855,0.9985764432634874,1.184846508831783,0.9968131041964008,0.8633270726908062,12.302135134765532
0.359,0.019628174930509872,1.0,12.34157222671707,0.9985892861248546,1.1846895539083389,0.9968110462361504,0.8635590747085552,12.305437094522288
0.3595,0.019626069667351975,1.0,12.34473263604017,0.9986020135364375,1.1845326023721685,0.9968089858199387,0.8637908746470206,12.308736131000492
0.36,0.01962396440419408,1.0,12.34789039191117,0.9986146267132052,1.1843756542215254,0.9968069229571471,0.8640224725215381,12.312032244622252
0.3605,0.019621859141036188,1.0,12.351045494735091,0.9986271268701277,1.184218709454662,0.996804857657183,0.8642538683474354,12.315325435811364
0.361,0.01961975387787829,1.0,12.35419794491868,0.9986395152221741,1.1840617680698315,0.9968027899294797,0.8644850621400302,12.318615704993336
0.3615,0.019617648614720398,1.0,12.357347767194737,0.9986517869273498,1.1839048300383692,0.9968007197212206,0.8647160539542341,12.321903076943295
0.362,0.0196155433515625,1.0,12.360495019052328,0.9986639302922683,1.18374789529538,0.9967986469088863,0.8649468438980723,12.325187609224091
0.3625,0.019613438088404607,1.0,12.363639617941129,0.998675967610156,1.1835909639309399,0.9967965717185945,0.8651774318516333,12.328469219223578
0.363,0.019611332825246713,1.0,12.366781564082723,0.9986878996040982,1.1834340359435152,0.9967944941548935,0.8654078178298927,12.331747907181882
0.3635,0.01960922756208882,1.0,12.36992085769963,0.9986997269971803,1.1832771113315723,0.9967924142223457,0.8656380018478178,12.335023673340043
0.364,0.019607122298930923,1.0,12.37305749901664,0.9987114505124877,1.1831201900935782,0.996790331925528,0.8658679839203672,12.338296517941373
0.3645,0.01960501703577303,1.0,12.37619148826085,0.9987230708731055,1.1829632722279988,0.9967882472690319,0.8660977640624928,12.341566441231473
0.365,0.019602911772615132,1.0,12.379322825660267,0.9987345888021193,1.1828063577333008,0.9967861602574632,0.8663273422891379,12.344833443456842
0.3655,0.01960080650945724,1.0,12.382451511445865,0.9987460050226143,1.1826494466079505,0.9967840708954426,0.8665567186152379,12.34809752486694
0.366,0.019598701246299345,1.0,12.385577545849074,0.9987573202576759,1.1824925388504146,0.9967819791876054,0.8667858930557196,12.351358685711672
0.3665,0.019596595983141448,1.0,12.388700929104072,0.9987685352303894,1.1823356344591596,0.9967798851386009,0.867014865625503,12.354616926243676
0.367,0.019594490719983555,1.0,12.391821661446619,0.9987796506638403,1.182178733432652,0.9967777887530943,0.8672436363394991,12.357872246717163
0.3675,0.01959238545682566,1.0,12.39493974311476,0.9987906672811138,1.1820218357693577,0.9967756900357645,0.8674722052126118,12.361124647388621
0.368,0.019590280193667764,1.0,12.39805517434699,0.9988015858052951,1.181864941467744,0.9967735889913057,0.8677005722597362,12.364374128514974
0.3685,0.01958817493050987,1.0,12.401167955385901,0.9988124069594697,1.1817080505262767,0.9967714856244273,0.8679287374957603,12.367620690357235
0.369,0.019586069667351977,1.0,12.404278086473168,0.9988231314667231,1.1815511629434228,0.9967693799398529,0.8681567009355631,12.370864333175485
0.3695,0.01958396440419408,1.0,12.407385567854561,0.9988337600501404,1.1813942787176483,0.9967672719423222,0.8683844625940165,12.374105057233892
0.37,0.019581859141036186,1.0,12.410490399776288,0.998844293432807,1.1812373978474202,0.9967651616365887,0.8686120224859837,12.377342862797052
0.3705,0.019579753877878293,1.0,12.413592582487286,0.9988547323378083,1.1810805203312045,0.996763049027422,0.8688393806263209,12.380577750132279
0.371,0.019577648614720396,1.0,12.416692116237165,0.9988650774882295,1.180923646167468,0.9967609341196061,0.8690665370298755,12.383809719507545
0.3715,0.019575543351562502,1.0,12.41978900127893,0.9988753296071562,1.1807667753546767,0.996758816917941,0.8692934917114874,12.387038771194213
0.372,0.01957343808840461,1.0,12.422883237865802,0.9988854894176735,1.1806099078912977,0.9967566974272413,0.8695202446859878,12.390264905463846
0.3725,0.01957133282524671,1.0,12.425974826253949,0.9988955576428669,1.180453043775797,0.9967545756523373,0.8697467959682013,12.393488122590947
0.373,0.019569227562088818,1.0,12.429063766700876,0.9989055350058216,1.1802961830066412,0.9967524515980744,0.869973145572943,12.396708422851342
0.3735,0.019567122298930924,1.0,12.432150059465437,0.998915422229623,1.180139325582297,0.9967503252693135,0.8701992935150209,12.399925806522196
0.374,0.019565017035773027,1.0,12.435233704808978,0.9989252200373566,1.1799824715012306,0.9967481966709313,0.8704252398092349,12.403140273883158
0.3745,0.019562911772615134,1.0,12.43831470299486,0.9989349291521076,1.1798256207619084,0.9967460658078197,0.8706509844703771,12.406351825215879
0.375,0.01956080650945724,1.0,12.441393054287564,0.9989445502969612,1.1796687733627973,0.9967439326848861,0.8708765275132311,12.409560460803114
0.3755,0.019558701246299343,1.0,12.444468758953127,0.998954084195003,1.1795119293023633,0.9967417973070539,0.8711018689525734,12.412766180929173
0.376,0.01955659598314145,1.0,12.447541817260527,0.9989635315693182,1.1793550885790731,0.9967396596792617,0.8713270088031714,12.415968985881294
0.3765,0.019554490719983556,1.0,12.450612229479392,0.9989728931429922,1.1791982511913934,0.9967375198064643,0.871551947079785,12.419168875947346
0.377,0.01955238545682566,1.0,12.453679995882048,0.9989821696391102,1.17904141713779,0.9967353776936319,0.8717766837971674,12.422365851417897
0.3775,0.019550280193667766,1.0,12.456745116741924,0.9989913617807578,1.17888458641673,0.996733233345751,0.8720012189700617,12.425559912584596
0.378,0.019548174930509872,1.0,12.45980759233447,0.9990004702910201,1.1787277590266798,0.9967310867678234,0.8722255526132043,12.428751059741113
0.3785,0.019546069667351975,1.0,12.462867422936684,0.9990094958929826,1.1785709349661058,0.9967289379648673,0.8724496847413233,12.431939293182644
0.379,0.01954396440419408,1.0,12.465924608828267,0.9990184393097306,1.178414114233474,0.996726786941917,0.8726736153691395,12.435124613207089
0.3795,0.019541859141036188,1.0,12.468979150289547,0.9990273012643494,1.1782572968272516,0.9967246337040221,0.8728973445113646,12.438307020112955
0.38,0.01953975387787829,1.0,12.472031047602869,0.9990360824799244,1.1781004827459047,0.9967224782562489,0.8731208721827027,12.441486514200758
0.3805,0.019537648614720397,1.0,12.47508030105327,0.9990447836795409,1.1779436719879,0.9967203206036798,0.8733441983978507,12.444663095773699
0.381,0.019535543351562504,1.0,12.478126910926415,0.9990534055862842,1.1777868645517036,0.9967181607514135,0.8735673231714969,12.44783676513559
0.3815,0.019533438088404607,1.0,12.481170877510435,0.9990619489232396,1.1776300604357821,0.9967159987045644,0.8737902465183216,12.451007522592702
0.382,0.019531332825246713,1.0,12.484212201094996,0.9990704144134928,1.1774732596386022,0.9967138344682638,0.8740129684529973,12.454175368452832
0.3825,0.019529227562088816,1.0,12.48725088197131,0.9990788027801287,1.17731646215863,0.9967116680476589,0.8742354889901884,12.457340303025306
0.383,0.019527122298930923,1.0,12.49028692043305,0.9990871147462329,1.1771596679943324,0.9967094994479138,0.8744578081445518,12.460502326621906
0.3835,0.01952501703577303,1.0,12.493320316774962,0.9990953510348906,1.1770028771441756,0.9967073286742085,0.8746799259307355,12.463661439555477
0.384,0.019522911772615135,1.0,12.49635107129379,0.9991035123691873,1.1768460896066262,0.9967051557317398,0.8749018423633805,12.466817642140843
0.3845,0.01952080650945724,1.0,12.499379184287807,0.9991115994722082,1.1766893053801506,0.9967029806257209,0.8751235574571196,12.469970934694356
0.385,0.019518701246299345,1.0,12.502404656057747,0.9991196130670387,1.1765325244632152,0.9967008033613819,0.8753450712265773,12.47312131753481
0.3855,0.019516595983141448,1.0,12.505427486905411,0.999127553876764,1.1763757468542866,0.9966986239439692,0.8755663836863705,12.476268790982065
0.386,0.019514490719983554,1.0,12.508447677135043,0.9991354226244697,1.1762189725518313,0.996696442378746,0.8757874948511077,12.479413355358403
0.3865,0.01951238545682566,1.0,12.511465227051502,0.9991432200332411,1.1760622015543156,0.9966942586709923,0.8760084047353902,12.482555010986715
0.387,0.019510280193667764,1.0,12.514480136962549,0.9991509468261633,1.1759054338602062,0.9966920728260049,0.8762291133538105,12.485693758192784
0.3875,0.01950817493050987,1.0,12.517492407177238,0.9991586037263219,1.1757486694679693,0.9966898848490974,0.8764496207209539,12.488829597303676
0.388,0.019506069667351977,1.0,12.520502038006148,0.9991661914568022,1.1755919083760717,0.9966876947456,0.8766699268513969,12.491962528647965
0.3885,0.01950396440419408,1.0,12.52350902976207,0.9991737107406894,1.1754351505829796,0.9966855025208607,0.876890031759709,12.495092552556436
0.389,0.019501859141036186,1.0,12.526513382759537,0.9991811623010689,1.1752783960871596,0.9966833081802439,0.8771099354604512,12.498219669361596
0.3895,0.019499753877878293,1.0,12.52951509731414,0.9991885468610261,1.175121644887078,0.9966811117291304,0.8773296379681765,12.501343879397005
0.39,0.019497648614720395,1.0,12.532514173743918,0.9991958651436463,1.1749648969812017,0.9966789131729195,0.87754913929743,12.504465182998658
0.3905,0.019495543351562502,1.0,12.535510612368638,0.999203117872015,1.1748081523679965,0.9966767125170266,0.8777684394627493,12.507583580504267
0.391,0.01949343808840461,1.0,12.538504413509358,0.9992103057692172,1.1746514110459294,0.9966745097668845,0.8779875384786633,12.510699072252827
0.3915,0.01949133282524671,1.0,12.541495577488872,0.9992174295583386,1.1744946730134669,0.9966723049279437,0.8782064363596931,12.513811658585054
0.392,0.019489227562088818,1.0,12.544484104632868,0.9992244899624643,1.174337938269075,0.9966700980056711,0.8784251331203526,12.51692133984455
0.3925,0.019487122298930924,1.0,12.547469995266928,0.9992314877046797,1.1741812068112207,0.9966678890055519,0.878643628775147,12.520028116374801
0.393,0.019485017035773027,1.0,12.550453333482047,0.9992384146871242,1.1740244785463894,0.9966656778378612,0.8788619234666291,12.523132072355404
0.3935,0.019482911772615134,1.0,12.553434091187366,0.9992452749911566,1.1738677535042863,0.9966634645441542,0.879080017165491,12.526233179688951
0.394,0.01948080650945724,1.0,12.556412209950677,0.99925207534256,1.1737110317479136,0.9966612491947676,0.8792979097963014,12.529331379911401
0.3945,0.019478701246299343,1.0,12.559387690006917,0.999258816151137,1.1735543132758441,0.9966590317919276,0.8795156013734006,12.53242667327549
0.395,0.01947659598314145,1.0,12.562360531593168,0.99926549782669,1.1733975980866511,0.9966568123378692,0.8797330919111208,12.535519060036089
0.3955,0.019474490719983556,1.0,12.565330734947972,0.9992721207790217,1.1732408861789072,0.9966545908348365,0.8799503814237877,12.538608540449518
0.396,0.01947238545682566,1.0,12.568298300311548,0.9992786854179346,1.1730841775511853,0.9966523672850823,0.880167469925719,12.541695114773761
0.3965,0.019470280193667765,1.0,12.571263227925566,0.9992851921532312,1.1729274722020588,0.9966501416908682,0.8803843574312247,12.544778783268248
0.397,0.019468174930509872,1.0,12.57422551803384,0.999291641394714,1.1727707701301004,0.996647914054465,0.8806010439546079,12.547859546194537
0.3975,0.019466069667351975,1.0,12.577185170881165,0.9992980335521857,1.1726140713338833,0.9966456843781524,0.8808175295101642,12.550937403815164
0.398,0.01946396440419408,1.0,12.580142186714937,0.9993043690354487,1.1724573758119803,0.9966434526642189,0.8810338141121816,12.554012356395251
0.3985,0.019461859141036188,1.0,12.583096565783535,0.9993106482543057,1.1723006835629646,0.9966412189149626,0.8812498977749406,12.557084404200896
0.399,0.01945975387787829,1.0,12.58604830833701,0.9993168716185591,1.1721439945854089,0.9966389831326897,0.8814657805127148,12.560153547499855
0.3995,0.019457648614720397,1.0,12.588997414628007,0.9993230395380114,1.171987308877886,0.9966367453197165,0.8816814623397705,12.563219786562474
0.4,0.019455543351562504,1.0,12.59194388490923,0.9993291524224653,1.1718306264389697,0.9966345054783673,0.8818969432703649,12.56628312165914
0.4005,0.019453438088404607,1.0,12.594887719436658,0.9993352106817234,1.1716739472672322,0.9966322636109768,0.8821122233187504,12.569343553063515
0.401,0.019451332825246713,1.0,12.597828918466794,0.999341214725588,1.1715172713612467,0.9966300197198875,0.8823273024991698,12.572401081049764
0.4015,0.01944922756208882,1.0,12.600767482258489,0.9993471649638618,1.1713605987195865,0.996627773807452,0.8825421808258593,12.575455705894397
0.402,0.019447122298930922,1.0,12.603703411071573,0.9993530618063473,1.1712039293408243,0.9966255258760318,0.8827568583130482,12.578507427874893
0.4025,0.01944501703577303,1.0,12.606636705168453,0.9993589056628471,1.171047263223533,0.9966232759279978,0.8829713349749577,12.581556247271296
0.403,0.019442911772615132,1.0,12.609567364812515,0.9993646969431638,1.1708906003662858,0.9966210239657296,0.8831856108258016,12.584602164364616
0.4035,0.019440806509457238,1.0,12.612495390269256,0.9993704360570997,1.1707339407676554,0.9966187699916168,0.883399685879787,12.587645179437974
0.404,0.019438701246299345,1.0,12.615420781805144,0.9993761234144576,1.1705772844262152,0.9966165140080577,0.8836135601511123,12.590685292775438
0.4045,0.01943659598314145,1.0,12.618343539688995,0.9993817594250399,1.1704206313405379,0.9966142560174602,0.88382723365397,12.593722504663425
0.405,0.019434490719983554,1.0,12.621263664191044,0.9993873444986493,1.1702639815091964,0.9966119960222415,0.8840407064025441,12.596756815389758
0.4055,0.01943238545682566,1.0,12.624181155583187,0.9993928790450882,1.170107334930764,0.9966097340248282,0.8842539784110115,12.599788225243907
0.406,0.019430280193667764,1.0,12.627096014138273,0.9993983634741592,1.1699506916038136,0.9966074700276564,0.8844670496935417,12.602816734516292
0.40650000000000003,0.01942817493050987,1.0,12.63000824013288,0.9994037981956648,1.1697940515269178,0.9966052040331711,0.8846799202642974,12.605842343501047
0.40700000000000003,0.019426069667351976,1.0,12.632917833842466,0.9994091836194076,1.1696374146986503,0.9966029360438275,0.8848925901374325,12.608865052491176
0.40750000000000003,0.01942396440419408,1.0,12.63582479554621,0.9994145201551902,1.1694807811175834,0.99660066606209,0.8851050593270952,12.611884861783395
0.40800000000000003,0.019421859141036186,1.0,12.638729125524016,0.999419808212815,1.1693241507822905,0.9965983940904319,0.8853173278474247,12.614901771675136
0.40850000000000003,0.019419753877878292,1.0,12.641630824057662,0.9994250482020846,1.1691675236913444,0.9965961201313367,0.8855293957125537,12.617915782465696
0.40900000000000003,0.019417648614720395,1.0,12.644529891430569,0.9994302405328016,1.169010899843318,0.9965938441872975,0.8857412629366078,12.620926894456
0.40950000000000003,0.0194155433515625,1.0,12.647426327927798,0.9994353856147684,1.1688542792367844,0.9965915662608164,0.8859529295337041,12.623935107948608
0.41000000000000003,0.019413438088404608,1.0,12.650320133835816,0.9994404838577878,1.1686976618703169,0.9965892863544056,0.886164395517953,12.626940423247474
0.41050000000000003,0.01941133282524671,1.0,12.653211309443193,0.9994455356716622,1.168541047742488,0.9965870044705869,0.8863756609034575,12.629942840658645
0.41100000000000003,0.019409227562088818,1.0,12.656099855039908,0.999450541466194,1.1683844368518708,0.9965847206118911,0.8865867257043134,12.632942360489565
0.41150000000000003,0.019407122298930924,1.0,12.658985770917333,0.9994555016511861,1.1682278291970385,0.9965824347808594,0.8867975899346082,12.635938983049067
0.41200000000000003,0.019405017035773027,1.0,12.66186905736848,0.9994604166364407,1.1680712247765639,0.9965801469800425,0.887008253608423,12.638932708647607
0.41250000000000003,0.019402911772615133,1.0,12.664749714688917,0.9994652868317606,1.1679146235890199,0.9965778572120007,0.8872187167398311,12.641923537598194
0.41300000000000003,0.01940080650945724,1.0,12.667627743174455,0.9994701126469482,1.1677580256329798,0.9965755654793039,0.887428979342898,12.644911470214062
0.41350000000000003,0.019398701246299343,1.0,12.670503143123689,0.999474894491806,1.1676014309070162,0.9965732717845325,0.8876390414316827,12.647896506811223
0.41400000000000003,0.01939659598314145,1.0,12.673375914835912,0.9994796327761366,1.1674448394097023,0.9965709761302755,0.887848903020236,12.650878647706381
0.41450000000000004,0.019394490719983556,1.0,12.676246058612978,0.9994843279097427,1.1672882511396112,0.9965686785191329,0.8880585641226015,12.653857893218785
0.41500000000000004,0.01939238545682566,1.0,12.6791135747572,0.9994889803024266,1.1671316660953157,0.9965663789537136,0.8882680247528156,12.656834243668133
0.41550000000000004,0.019390280193667765,1.0,12.681978463573671,0.9994935903639911,1.166975084275389,0.9965640774366369,0.888477284924907,12.659807699376897
0.41600000000000004,0.01938817493050987,1.0,12.684840725368643,0.9994981585042385,1.1668185056784037,0.9965617739705321,0.8886863446528975,12.662778260668697
0.4165,0.019386069667351975,1.0,12.687700360449528,0.9995026851329715,1.166661930302933,0.9965594685580379,0.8888952039508011,12.665745927868299
0.417,0.01938396440419408,1.0,12.690557369126505,0.9995071706599925,1.16650535814755,0.9965571612018034,0.8891038628326244,12.668710701303233
0.4175,0.019381859141036187,1.0,12.693411751709993,0.9995116154951043,1.1663487892108275,0.9965548519044873,0.8893123213123667,12.671672581301252
0.418,0.01937975387787829,1.0,12.696263508512942,0.9995160200481091,1.1661922234913387,0.9965525406687586,0.8895205794040197,12.674631568192634
0.4185,0.019377648614720397,1.0,12.699112639849917,0.9995203847288098,1.1660356609876563,0.9965502274972963,0.8897286371215682,12.677587662309262
0.419,0.019375543351562503,1.0,12.701959146036401,0.9995247099470087,1.1658791016983536,0.9965479123927888,0.889936494478989,12.680540863983927
0.4195,0.019373438088404606,1.0,12.704803027389955,0.9995289961125084,1.1657225456220033,0.9965455953579356,0.8901441514902522,12.683491173551483
0.42,0.019371332825246713,1.0,12.707644284229971,0.9995332436351115,1.1655659927571786,0.9965432763954456,0.8903516081693195,12.686438591348612
0.4205,0.01936922756208882,1.0,12.710482916877458,0.9995374529246206,1.1654094431024522,0.9965409555080377,0.8905588645301465,12.689383117713598
0.421,0.019367122298930922,1.0,12.713318925653867,0.9995416243908382,1.1652528966563975,0.9965386326984417,0.89076592058668,12.692324752985161
0.4215,0.01936501703577303,1.0,12.716152310884107,0.9995457584435666,1.165096353417587,0.9965363079693969,0.8909727763528607,12.695263497505469
0.422,0.019362911772615135,1.0,12.718983072893304,0.9995498554926087,1.1649398133845943,0.9965339813236526,0.8911794318426208,12.69819935161689
0.4225,0.019360806509457238,1.0,12.721811212008408,0.9995539159477669,1.1647832765559918,0.996531652763969,0.8913858870698861,12.701132315663614
0.423,0.019358701246299344,1.0,12.724636728558675,0.9995579402188437,1.1646267429303527,0.996529322293116,0.8915921420485742,12.704062389992124
0.4235,0.01935659598314145,1.0,12.727459622874253,0.9995619287156418,1.16447021250625,0.996526989913874,0.8917981967925959,12.706989574949786
0.424,0.019354490719983554,1.0,12.7302798952869,0.9995658818479635,1.1643136852822566,0.9965246556290335,0.892004051315854,12.709913870885561
0.4245,0.01935238545682566,1.0,12.733097630742868,0.9995697835009201,1.1641571611647006,0.9965223192566383,0.8922097057533861,12.712835362823974
0.425,0.019350280193667767,1.0,12.735912746993064,0.9995736509703257,1.1640006402422092,0.996519980987989,0.892415160000582,12.715753968473177
0.4255,0.01934817493050987,1.0,12.738725240021392,0.9995774853010592,1.1638441225181004,0.9965176408330433,0.8926204140650947,12.71866968383112
0.426,0.019346069667351976,1.0,12.74153510997861,0.9995812867028528,1.1636876079911511,0.996515298792434,0.892825467960541,12.721582509065604
0.4265,0.019343964404194083,1.0,12.744342357016984,0.999585055385439,1.163531096660138,0.9965129548667976,0.8930303217005304,12.724492444345934
0.427,0.019341859141036186,1.0,12.747146981289593,0.99958879155855,1.1633745885238378,0.9965106090567765,0.8932349752986668,12.727399489842217
0.4275,0.019339753877878292,1.0,12.74994898295218,0.9995924954319181,1.163218083581027,0.9965082613630165,0.8934394287685474,12.730303645727219
0.428,0.0193376486147204,1.0,12.752748362161062,0.9995961672152757,1.1630615818304826,0.9965059117861681,0.8936436821237633,12.733204912174267
0.4285,0.0193355433515625,1.0,12.7555451190743,0.999599807118355,1.162905083270981,0.996503560326887,0.8938477353778989,12.736103289358423
0.429,0.019333438088404608,1.0,12.758339253851679,0.9996034153508886,1.162748587901299,0.996501206985833,0.8940515885445325,12.738998777456471
0.4295,0.01933133282524671,1.0,12.761130766654487,0.9996069921226085,1.1625920957202134,0.9964988517636701,0.8942552416372359,12.741891376646683
0.43,0.019329227562088817,1.0,12.763919657645287,0.9996105376432471,1.1624356067265007,0.9964964946610678,0.8944586946695744,12.744781087108597
0.4305,0.019327122298930924,1.0,12.766705926988129,0.9996140521225368,1.1622791209189376,0.9964941356786996,0.8946619476551073,12.747667909023233
0.431,0.01932501703577303,1.0,12.769489574848803,0.99961753577021,1.162122638296301,0.9964917748172436,0.894865000607387,12.750551842573346
0.4315,0.019322911772615133,1.0,12.77227060139412,0.9996209887959987,1.1619661588573673,0.9964894120773827,0.8950678535399602,12.75343288794269
0.432,0.01932080650945724,1.0,12.77504900679309,0.9996244114096355,1.1618096826009134,0.9964870474598047,0.8952705064663666,12.756311045317226
0.4325,0.019318701246299343,1.0,12.777824791215513,0.9996278038208527,1.1616532095257157,0.9964846809652014,0.8954729594001403,12.759186314883683
0.433,0.01931659598314145,1.0,12.780597954833382,0.9996311662393825,1.1614967396305513,0.9964823125942697,0.8956752123548076,12.76205869683098
0.4335,0.019314490719983556,1.0,12.783368497819717,0.9996344988749574,1.1613402729141966,0.9964799423477112,0.8958772653438902,12.764928191349057
0.434,0.01931238545682566,1.0,12.786136420348557,0.9996378019373094,1.1611838093754285,0.9964775702262322,0.896079118380902,12.76779479862886
0.4345,0.019310280193667765,1.0,12.788901722597059,0.9996410756361712,1.1610273490130234,0.9964751962305431,0.8962807714793518,12.770658518864446
0.435,0.01930817493050987,1.0,12.791664404741773,0.9996443201812748,1.1608708918257582,0.9964728203613601,0.8964822246527409,12.773519352249254
0.4355,0.019306069667351974,1.0,12.794424466962132,0.9996475357823528,1.1607144378124095,0.9964704426194034,0.8966834779145647,12.776377298979604
0.436,0.01930396440419408,1.0,12.797181909439052,0.9996507226491372,1.160557986971754,0.9964680630053977,0.8968845312783124,12.779232359253282
0.4365,0.019301859141036187,1.0,12.799936732354231,0.9996538809913607,1.1604015393025682,0.9964656815200729,0.8970853847574667,12.782084533268852
0.437,0.01929975387787829,1.0,12.80268893589085,0.9996570110187554,1.1602450948036291,0.9964632981641637,0.8972860383655037,12.784933821226357
0.4375,0.019297648614720397,1.0,12.805438520234274,0.9996601129410535,1.1600886534737134,0.9964609129384093,0.8974864921158933,12.787780223328001
0.438,0.019295543351562503,1.0,12.808185485571105,0.9996631869679875,1.1599322153115974,0.9964585258435537,0.8976867460220994,12.790623739777233
0.4385,0.019293438088404606,1.0,12.810929832088963,0.9996662333092897,1.1597757803160582,0.9964561368803457,0.8978868000975788,12.793464370778503
0.439,0.019291332825246713,1.0,12.81367155997741,0.9996692521746925,1.1596193484858723,0.9964537460495393,0.8980866543557826,12.796302116538193
0.4395,0.01928922756208882,1.0,12.816410669427244,0.9996722437739279,1.1594629198198165,0.9964513533518926,0.898286308810155,12.799136977263915
0.44,0.019287122298930922,1.0,12.819147160630743,0.9996752083167286,1.1593064943166673,0.996448958788169,0.8984857634741346,12.801968953164755
0.4405,0.01928501703577303,1.0,12.821881033782121,0.9996781460128268,1.1591500719752015,0.9964465623591368,0.8986850183611528,12.80479804445172
0.441,0.019282911772615135,1.0,12.824612289076832,0.9996810570719546,1.1589936527941955,0.9964441640655687,0.8988840734846352,12.807624251337055
0.4415,0.019280806509457238,1.0,12.827340926710635,0.9996839417038447,1.1588372367724267,0.9964417639082427,0.8990829288580002,12.810447574033295
0.442,0.019278701246299344,1.0,12.830066946882853,0.9996868001182291,1.158680823908671,0.9964393618879412,0.8992815844946613,12.81326801275654
0.4425,0.01927659598314145,1.0,12.832790349792878,0.9996896325248402,1.1585244142017055,0.9964369580054522,0.8994800404080244,12.816085567722936
0.443,0.019274490719983554,1.0,12.835511135641337,0.9996924391334104,1.158368007650307,0.9964345522615679,0.8996782966114893,12.818900239149869
0.4435,0.01927238545682566,1.0,12.838229304631946,0.9996952201536721,1.1582116042532515,0.9964321446570855,0.89987635311845,12.8217120272578
0.444,0.019270280193667767,1.0,12.840944856968036,0.9996979757953574,1.1580552040093166,0.9964297351928076,0.9000742099422933,12.824520932266793
0.4445,0.01926817493050987,1.0,12.843657792855318,0.9997007062681986,1.1578988069172784,0.9964273238695411,0.9002718670964001,12.827326954399288
0.445,0.019266069667351976,1.0,12.846368112500734,0.9997034117819282,1.157742412975914,0.9964249106880984,0.9004693245941449,12.83013009387895
0.4455,0.019263964404194082,1.0,12.849075816113157,0.9997060925462785,1.1575860221839995,0.9964224956492961,0.9006665824488961,12.832930350931356
0.446,0.019261859141036185,1.0,12.851780903902212,0.9997087487709818,1.1574296345403121,0.9964200787539568,0.900863640674015,12.835727725782839
0.4465,0.019259753877878292,1.0,12.854483376079456,0.9997113806657704,1.1572732500436282,0.9964176600029071,0.9010604992828576,12.838522218661646
0.447,0.0192576486147204,1.0,12.857183232857892,0.9997139884403766,1.1571168686927247,0.9964152393969791,0.9012571582887725,12.841313829797468
0.4475,0.0192555433515625,1.0,12.859880474451286,0.9997165723045327,1.1569604904863782,0.9964128169370097,0.9014536177051024,12.844102559420742
0.448,0.019253438088404608,1.0,12.862575101076022,0.9997191324679711,1.1568041154233653,0.9964103926238408,0.9016498775451838,12.846888407764524
0.4485,0.019251332825246714,1.0,12.865267112949232,0.999721669140424,1.1566477435024627,0.9964079664583197,0.9018459378223467,12.849671375062602
0.449,0.019249227562088817,1.0,12.867956510289035,0.9997241825316239,1.1564913747224472,0.9964055384412981,0.9020417985499144,12.85245146154975
0.4495,0.019247122298930924,1.0,12.870643293316405,0.9997266728513029,1.1563350090820954,0.996403108573633,0.9022374597412046,12.855228667463578
0.45,0.01924501703577303,1.0,12.873327462252353,0.9997291403091935,1.156178646580184,0.9964006768561867,0.9024329214095279,12.858002993041735
0.4505,0.019242911772615133,1.0,12.876009017319815,0.9997315851150279,1.1560222872154897,0.9963982432898262,0.902628183568189,12.860774438523777
0.451,0.01924080650945724,1.0,12.878687958743862,0.9997340074785386,1.1558659309867891,0.9963958078754238,0.9028232462304859,12.863543004151396
0.4515,0.019238701246299346,1.0,12.881364286750086,0.9997364076094577,1.155709577892859,0.9963933706138568,0.9030181094097107,12.866308690166788
0.452,0.01923659598314145,1.0,12.884038001565282,0.9997387857175176,1.1555532279324763,0.9963909315060077,0.9032127731191484,12.869071496813346
0.4525,0.019234490719983555,1.0,12.88670910341909,0.9997411420124507,1.155396881104417,0.9963884905527635,0.9034072373720786,12.871831424337305
0.453,0.01923238545682566,1.0,12.889377592541193,0.9997434767039891,1.1552405374074586,0.9963860477550175,0.9036015021817738,12.874588472984925
0.4535,0.019230280193667765,1.0,12.892043469163877,0.9997457900018654,1.155084196840377,0.9963836031136669,0.9037955675615007,12.877342643005068
0.454,0.01922817493050987,1.0,12.894706733519694,0.9997480821158118,1.1549278594019499,0.9963811566296148,0.9039894335245187,12.88009393464685
0.4545,0.019226069667351974,1.0,12.897367385843111,0.9997503532555605,1.154771525090953,0.9963787083037694,0.9041831000840821,12.88284234816129
0.455,0.01922396440419408,1.0,12.900025426370727,0.9997526036308441,1.1546151939061633,0.9963762581370434,0.9043765672534381,12.88558788380154
0.4555,0.019221859141036187,1.0,12.902680855339632,0.9997548334513946,1.1544588658463577,0.9963738061303556,0.9045698350458276,12.888330541821226
0.456,0.01921975387787829,1.0,12.905333672988364,0.9997570429269446,1.1543025409103127,0.9963713522846294,0.9047629034744851,12.891070322475414
0.4565,0.019217648614720396,1.0,12.907983879558051,0.9997592322672262,1.1541462190968048,0.9963688966007935,0.9049557725526394,12.893807226021758
0.457,0.019215543351562503,1.0,12.910631475289387,0.9997614016819718,1.1539899004046112,0.9963664390797823,0.9051484422935117,12.896541252717462
0.4575,0.019213438088404606,1.0,12.913276460426127,0.9997635513809138,1.1538335848325083,0.9963639797225341,0.9053409127103179,12.899272402822787
0.458,0.019211332825246712,1.0,12.915918835212988,0.9997656815737844,1.1536772723792725,0.9963615185299939,0.9055331838162675,12.902000676598943
0.4585,0.01920922756208882,1.0,12.918558599895418,0.999767792470316,1.1535209630436811,0.9963590555031111,0.9057252556245627,12.904726074307868
0.459,0.019207122298930922,1.0,12.921195754721218,0.9997698842802408,1.1533646568245104,0.9963565906428409,0.9059171281484006,12.90744859621384
0.4595,0.019205017035773028,1.0,12.923830299939382,0.9997719572132914,1.1532083537205369,0.9963541239501432,0.9061088014009714,12.910168242582325
0.46,0.019202911772615135,1.0,12.926462235799859,0.9997740114791998,1.1530520537305378,0.9963516554259835,0.9063002753954583,12.91288501367973
0.4605,0.019200806509457238,1.0,12.929091562554026,0.9997760472876984,1.1528957568532894,0.9963491850713323,0.9064915501450392,12.915598909773887
0.461,0.019198701246299344,1.0,12.931718280456073,0.9997780648485196,1.1527394630875683,0.996346712887166,0.9066826256628855,12.91830993113543
0.4615,0.01919659598314145,1.0,12.934342389759747,0.9997800643713958,1.1525831724321516,0.9963442388744657,0.9068735019621612,12.921018078034542
0.462,0.019194490719983553,1.0,12.93696389072091,0.999782046066059,1.1524268848858157,0.996341763034218,0.9070641790560252,12.923723350743513
0.4625,0.01919238545682566,1.0,12.939582783597542,0.9997840101422419,1.1522706004473373,0.9963392853674148,0.9072546569576294,12.926425749536737
0.463,0.019190280193667766,1.0,12.942199068647875,0.9997859568096766,1.1521143191154932,0.9963368058750537,0.9074449356801195,12.929125274688861
0.4635,0.01918817493050987,1.0,12.944812746132248,0.9997878862780955,1.1519580408890602,0.9963343245581372,0.9076350152366348,12.931821926476623
0.464,0.019186069667351976,1.0,12.947423816312185,0.9997897987572308,1.1518017657668147,0.9963318414176732,0.9078248956403085,12.934515705177938
0.4645,0.019183964404194082,1.0,12.950032279451325,0.9997916944568149,1.1516454937475333,0.9963293564546754,0.9080145769042673,12.937206611072835
0.465,0.019181859141036185,1.0,12.952638135813308,0.9997935735865803,1.151489224829993,0.9963268696701624,0.9082040590416313,12.939894644441322
0.4655,0.01917975387787829,1.0,12.955241408027588,0.9997954346828761,1.1513329589888,0.9963243810451542,0.9083933420947767,12.942579827941875
0.466,0.019177648614720398,1.0,12.957842162598919,0.9997972730318284,1.1511766961511538,0.9963218905217336,0.9085824261632869,12.945262228132819
0.4665,0.0191755433515625,1.0,12.960440307881992,0.9997990956558077,1.1510204364151828,0.9963193981823427,0.9087713111398709,12.947941753333051
0.467,0.019173438088404608,1.0,12.96303584403738,0.9998009026538627,1.1508641797797814,0.996316904026729,0.9089599970374952,12.950618403719444
0.4675,0.019171332825246714,1.0,12.96562877122584,0.9998026941250419,1.1507079262438442,0.9963144080546418,0.9091484838691201,12.953292179469043
0.468,0.019169227562088817,1.0,12.968219089610205,0.9998044701683938,1.1505516758062657,0.9963119102658322,0.9093367716477003,12.955963080760968
0.4685,0.019167122298930923,1.0,12.97080679935443,0.9998062308829674,1.1503954284659406,0.9963094106600534,0.9095248603861846,12.958631107775444
0.46900000000000003,0.01916501703577303,1.0,12.97339190062406,0.999807976367811,1.1502391842217632,0.996306909237061,0.9097127500975164,12.961296260694288
0.46950000000000003,0.019162911772615133,1.0,12.975974393585535,0.9998097067219737,1.1500829430726283,0.9963044059966116,0.909900440794633,12.963958539700196
0.47000000000000003,0.01916080650945724,1.0,12.978554278407822,0.9998114220445036,1.14992670501743,0.9963019009384648,0.9100879324904662,12.966617944978388
0.47050000000000003,0.019158701246299342,1.0,12.981131555259367,0.9998131224344496,1.149770470055063,0.9962993940623817,0.9102752251979418,12.969274476713556
0.47100000000000003,0.01915659598314145,1.0,12.983706224312083,0.9998148079908604,1.1496142381844219,0.9962968853681253,0.9104623189299803,12.971928135093846
0.47150000000000003,0.019154490719983555,1.0,12.986278285737129,0.9998164788127845,1.1494580094044013,0.9962943748554607,0.9106492136994955,12.974578920306646
0.47200000000000003,0.01915238545682566,1.0,12.988847739708882,0.9998181349992706,1.1493017837138955,0.9962918625241552,0.9108359095193967,12.977226832542556
0.47250000000000003,0.019150280193667765,1.0,12.991414586401444,0.9998197766493674,1.149145561111799,0.9962893483739779,0.9110224064025864,12.979871871991886
0.47300000000000003,0.01914817493050987,1.0,12.993978825991897,0.9998214038621235,1.1489893415970067,0.9962868324046995,0.9112087043619618,12.98251403884793
0.47350000000000003,0.019146069667351974,1.0,12.996540458657506,0.9998230167365875,1.1488331251684125,0.9962843146160937,0.9113948034104146,12.985153333304144
0.47400000000000003,0.01914396440419408,1.0,12.999099484576883,0.999824615371808,1.1486769118249116,0.9962817950079355,0.9115807035608299,12.987789755555331
0.47450000000000003,0.019141859141036187,1.0,13.001655903930923,0.9998261998668337,1.148520701565398,0.9962792735800021,0.911766404826088,12.99042330579857
0.47500000000000003,0.019139753877878293,1.0,13.004209716900927,0.9998277703207133,1.1483644943887665,0.9962767503320726,0.9119519072190627,12.993053984231336
0.47550000000000003,0.019137648614720396,1.0,13.006760923669546,0.9998293268324955,1.1482082902939115,0.9962742252639284,0.9121372107526227,12.995681791052442
0.47600000000000003,0.019135543351562503,1.0,13.009309524421715,0.9998308695012287,1.1480520892797277,0.9962716983753528,0.9123223154396302,12.998306726462987
0.47650000000000003,0.019133438088404606,1.0,13.011855519342994,0.9998323984259616,1.1478958913451092,0.9962691696661311,0.9125072212929426,13.000928790664677
0.47700000000000004,0.019131332825246712,1.0,13.014398908620068,0.999833913705743,1.147739696488951,0.9962666391360507,0.9126919283254106,13.00354798386034
0.47750000000000004,0.01912922756208882,1.0,13.016939692441653,0.9998354154396214,1.1475835047101473,0.9962641067849011,0.9128764365498798,13.006164306254831
0.47800000000000004,0.019127122298930925,1.0,13.019477870997338,0.9998369037266456,1.1474273160075927,0.9962615726124734,0.9130607459791895,13.008777758053863
0.47850000000000004,0.019125017035773028,1.0,13.022013444477816,0.999838378665864,1.147271130380182,0.9962590366185616,0.9132448566261738,13.011388339464249
0.47900000000000004,0.019122911772615134,1.0,13.024546413075825,0.9998398403563254,1.1471149478268092,0.9962564988029612,0.9134287685036608,13.013996050694837
0.47950000000000004,0.019120806509457237,1.0,13.027076776985199,0.9998412888970785,1.1469587683463691,0.9962539591654701,0.9136124816244728,13.01660089195557
0.48,0.019118701246299344,1.0,13.029604536400635,0.9998427243871717,1.1468025919377562,0.9962514177058875,0.9137959960014265,13.019202863457236
0.4805,0.01911659598314145,1.0,13.032129691518637,0.9998441469256538,1.1466464185998653,0.996248874424016,0.9139793116473324,13.02180196541243
0.481,0.019114490719983557,1.0,13.034652242537282,0.9998455566115735,1.1464902483315902,0.996246329319659,0.9141624285749962,13.02439819803531
0.4815,0.01911238545682566,1.0,13.037172189654555,0.9998469535439793,1.146334081131826,0.9962437823926226,0.9143453467972166,13.026991561539932
0.482,0.019110280193667766,1.0,13.039689533071895,0.99984833782192,1.1461779169994675,0.9962412336427151,0.9145280663267872,13.0295820561438
0.4825,0.01910817493050987,1.0,13.042204272990425,0.9998497095444441,1.1460217559334083,0.9962386830697467,0.9147105871764966,13.032169682064097
0.483,0.019106069667351976,1.0,13.044716409613532,0.9998510688106003,1.1458655979325436,0.9962361306735298,0.9148929093591261,13.034754439520256
0.4835,0.019103964404194082,1.0,13.047225943145467,0.9998524157194372,1.1457094429957677,0.9962335764538786,0.9150750328874525,13.037336328732572
0.484,0.019101859141036185,1.0,13.049732873791323,0.9998537503700035,1.1455532911219752,0.9962310204106098,0.9152569577742461,13.039915349922172
0.4845,0.01909975387787829,1.0,13.052237201759175,0.9998550728613478,1.1453971423100606,0.9962284625435422,0.9154386840322719,13.042491503313157
0.485,0.019097648614720398,1.0,13.054738927256306,0.9998563832925187,1.1452409965589185,0.9962259028524966,0.9156202116742889,13.045064789128826
0.4855,0.0190955433515625,1.0,13.057238050492959,0.999857681762565,1.1450848538674432,0.9962233413372956,0.9158015407130506,13.047635207595436
0.486,0.019093438088404607,1.0,13.059734571679996,0.9998589683705351,1.1449287142345295,0.996220777997765,0.9159826711613044,13.05020275893985
0.4865,0.019091332825246714,1.0,13.062228491029837,0.9998602432154778,1.1447725776590714,0.9962182128337312,0.9161636030317926,13.052767443390483
0.487,0.019089227562088817,1.0,13.06471980875575,0.9998615063964418,1.144616444139964,0.9962156458450241,0.9163443363372507,13.055329261176594
0.4875,0.019087122298930923,1.0,13.06720852507279,0.9998627580124756,1.1444603136761016,0.996213077031475,0.9165248710904094,13.05788821252921
0.488,0.01908501703577303,1.0,13.069694640197323,0.9998639981626278,1.1443041862663788,0.9962105063929177,0.9167052073039931,13.060444297680675
0.4885,0.019082911772615133,1.0,13.072178154346808,0.9998652269459473,1.1441480619096898,0.996207933929188,0.916885344990721,13.062997516864412
0.489,0.01908080650945724,1.0,13.074659067740004,0.9998664444614824,1.1439919406049295,0.9962053596401239,0.9170652841633058,13.065547870315134
0.4895,0.019078701246299345,1.0,13.077137380597472,0.999867650808282,1.1438358223509923,0.9962027835255656,0.917245024834455,13.06809535826935
0.49,0.01907659598314145,1.0,13.079613093140123,0.9998688460853946,1.1436797071467726,0.9962002055853553,0.9174245670168707,13.070639980963913
0.4905,0.019074490719983555,1.0,13.08208620559137,0.999870030391869,1.143523594991165,0.9961976258193376,0.9176039107232481,13.07318173863817
0.491,0.01907238545682566,1.0,13.08455671817499,0.9998712038267537,1.1433674858830642,0.996195044227359,0.9177830559662775,13.07572063153182
0.4915,0.019070280193667764,1.0,13.087024631116075,0.9998723664890973,1.1432113798213646,0.996192460809269,0.9179620027586435,13.078256659885874
0.492,0.01906817493050987,1.0,13.089489944642187,0.9998735184779485,1.1430552768049604,0.9961898755649183,0.9181407511130246,13.080789823943805
0.4925,0.019066069667351977,1.0,13.091952658981036,0.999874659892356,1.1428991768327466,0.9961872884941602,0.9183193010420937,13.083320123949225
0.493,0.01906396440419408,1.0,13.094412774361388,0.9998757908313685,1.1427430799036173,0.9961846995968501,0.918497652558518,13.08584756014679
0.4935,0.019061859141036187,1.0,13.096870291014731,0.9998769113940343,1.1425869860164675,0.9961821088728461,0.9186758056749589,13.088372132783881
0.494,0.019059753877878293,1.0,13.099325209172683,0.9998780216794024,1.1424308951701914,0.9961795163220075,0.9188537604040719,13.090893842107988
0.4945,0.019057648614720396,1.0,13.101777529068158,0.9998791217865214,1.1422748073636835,0.9961769219441972,0.919031516758507,13.0934126883679
0.495,0.019055543351562503,1.0,13.104227250936317,0.9998802118144398,1.1421187225958382,0.9961743257392789,0.9192090747509087,13.09592867181464
0.4955,0.01905343808840461,1.0,13.106674375012675,0.9998812918622062,1.1419626408655505,0.9961717277071197,0.9193864343939149,13.098441792699576
0.496,0.019051332825246712,1.0,13.109118901534286,0.9998823620288694,1.1418065621717144,0.9961691278475882,0.9195635957001588,13.100952051275614
0.4965,0.01904922756208882,1.0,13.111560830739739,0.9998834224134779,1.1416504865132249,0.9961665261605555,0.9197405586822668,13.10345944779718
0.497,0.01904712229893092,1.0,13.114000162868908,0.9998844731150804,1.141494413888976,0.9961639226458949,0.9199173233528606,13.10596398251998
0.4975,0.019045017035773028,1.0,13.116436898162979,0.9998855142327258,1.1413383442978626,0.996161317303482,0.9200938897245554,13.108465655701023
0.498,0.019042911772615134,1.0,13.118871036863714,0.9998865458654622,1.1411822777387792,0.9961587101331948,0.9202702578099609,13.110964467597892
0.4985,0.01904080650945724,1.0,13.121302579215346,0.9998875681123387,1.1410262142106202,0.9961561011349132,0.920446427621681,13.113460418470623
0.499,0.019038701246299344,1.0,13.123731525462231,0.9998885810724037,1.14087015371228,0.9961534903085194,0.9206223991723144,13.115953508579377
0.4995,0.01903659598314145,1.0,13.12615787585119,0.999889584844706,1.1407140962426534,0.9961508776538982,0.9207981724744531,13.118443738186768
0.5,0.019034490719983553,1.0,13.128581630629151,0.9998905795282941,1.1405580418006347,0.9961482631709367,0.9209737475406841,13.120931107555506
0.5005000000000001,0.01903238545682566,1.0,13.13100279004528,0.9998915652222167,1.1404019903851186,0.996145646859524,0.9211491243835883,13.123415616950538
0.501,0.019030280193667766,1.0,13.133421354350029,0.9998925420255225,1.1402459419949993,0.9961430287195511,0.9213243030157412,13.125897266638084
0.5015000000000001,0.01902817493050987,1.0,13.13583732379372,0.9998935100372599,1.1400898966291717,0.9961404087509124,0.921499283449712,13.12837605688423
0.502,0.019026069667351975,1.0,13.13825069862985,0.9998944693564779,1.1399338542865303,0.9961377869535035,0.9216740656980644,13.130851987958227
0.5025000000000001,0.019023964404194082,1.0,13.140661479112255,0.9998954200822249,1.1397778149659692,0.9961351633272231,0.9218486497733571,13.133325060129657
0.503,0.019021859141036185,1.0,13.143069665495585,0.9998963623135495,1.1396217786663834,0.9961325378719713,0.9220230356881418,13.135795273668908
0.5035000000000001,0.01901975387787829,1.0,13.14547525803695,0.9998972961495005,1.1394657453866672,0.9961299105876519,0.9221972234549652,13.138262628848823
0.504,0.019017648614720398,1.0,13.147878256994266,0.9998982216891266,1.139309715125715,0.9961272814741694,0.9223712130863685,13.14072712594304
0.5045000000000001,0.0190155433515625,1.0,13.150278662626032,0.9998991390314761,1.1391536878824216,0.9961246505314317,0.9225450045948864,13.143188765225775
0.505,0.019013438088404607,1.0,13.152676475192722,0.999900048275598,1.1389976636556813,0.9961220177593488,0.9227185979930483,13.145647546973207
0.5055000000000001,0.019011332825246714,1.0,13.155071694956447,0.9999009495205408,1.1388416424443888,0.9961193831578329,0.922891993293378,13.148103471463148
0.506,0.019009227562088817,1.0,13.157464322179536,0.9999018428653531,1.1386856242474384,0.9961167467267986,0.9230651905083933,13.150556538973621
0.5065000000000001,0.019007122298930923,1.0,13.159854357126413,0.9999027284090836,1.138529609063725,0.9961141084661629,0.9232381896506062,13.153006749784735
0.507,0.01900501703577303,1.0,13.16224182030867,0.9999036018673986,1.138373596870433,0.9961114683211334,0.9234109907565556,13.155454124432076
0.5075000000000001,0.019002911772615132,1.0,13.164626716219018,0.9999044625637119,1.1382175876619316,0.9961088262818218,0.9235835938436651,13.157898667425641
0.508,0.01900080650945724,1.0,13.167009019087311,0.999905316209089,1.1380615814650383,0.9961061824181647,0.9237559988934904,13.160340353000207
0.5085000000000001,0.018998701246299345,1.0,13.169388729010183,0.9999061628426075,1.137905578278832,0.996103536729358,0.9239282059183237,13.162779181267998
0.509,0.018996595983141448,1.0,13.171765846084293,0.9999070025033452,1.137749578102393,0.9961008892145977,0.9241002149304509,13.165215152341263
0.5095000000000001,0.018994490719983555,1.0,13.174140370409049,0.9999078352303797,1.1375935809348001,0.9960982398730804,0.9242720259421544,13.167648266334986
0.51,0.01899238545682566,1.0,13.176512302084115,0.9999086610627891,1.1374375867751332,0.9960955887040034,0.9244436389657109,13.170078523364406
0.5105000000000001,0.018990280193667764,1.0,13.178881641209896,0.9999094800396509,1.137281595622472,0.9960929357065638,0.9246150540133923,13.172505923545494
0.511,0.01898817493050987,1.0,13.181248387889767,0.9999102922000429,1.1371256074758955,0.996090280879959,0.9247862710974665,13.17493046699718
0.5115000000000001,0.018986069667351977,1.0,13.183612542226543,0.9999110975830428,1.1369696223344838,0.9960876242233874,0.9249572902301955,13.177352153837838
0.512,0.01898396440419408,1.0,13.185974104324586,0.9999118962277284,1.1368136401973163,0.9960849657360473,0.9251281114238371,13.179770984187375
0.5125,0.018981859141036186,1.0,13.188333074290654,0.9999126881731772,1.1366576610634724,0.9960823054171377,0.9252987346906444,13.182186958168085
0.513,0.018979753877878293,1.0,13.190689452231043,0.9999134734584675,1.136501684932032,0.9960796432658577,0.9254691600428651,13.184600075901802
0.5135,0.018977648614720396,1.0,13.193043238254202,0.9999142521226765,1.136345711802074,0.9960769792814071,0.925639387492743,13.187010337512502
0.514,0.018975543351562502,1.0,13.19539443247001,0.9999150242048822,1.1361897416726785,0.9960743134629857,0.9258094170525164,13.189417743125583
0.5145,0.01897343808840461,1.0,13.197743034988955,0.9999157897441624,1.1360337745429248,0.9960716458097941,0.9259792487344188,13.191822292867046
0.515,0.01897133282524671,1.0,13.200089045922494,0.9999165487795947,1.1358778104118925,0.9960689763210331,0.9261488825506792,13.194223986863859
0.5155,0.018969227562088818,1.0,13.202432465384101,0.9999173013502569,1.1357218492786614,0.9960663049959037,0.9263183185135213,13.196622825244996
0.516,0.018967122298930925,1.0,13.20477329348809,0.9999180474952267,1.1355658911423105,0.9960636318336078,0.9264875566351648,13.199018808140263
0.5165,0.018965017035773028,1.0,13.207111530349504,0.999918787253582,1.1354099360019199,0.9960609568333472,0.9266565969278239,13.201411935680191
0.517,0.018962911772615134,1.0,13.209447176085643,0.9999195206644004,1.1352539838565687,0.9960582799943242,0.9268254394037082,13.203802207997565
0.5175,0.01896080650945724,1.0,13.211780230813925,0.9999202477667596,1.1350980347053368,0.996055601315742,0.9269940840750225,13.206189625225278
0.518,0.018958701246299343,1.0,13.2141106946531,0.9999209685997376,1.1349420885473036,0.9960529207968035,0.9271625309539667,13.208574187497545
0.5185,0.01895659598314145,1.0,13.216438567724031,0.9999216832024118,1.1347861453815486,0.9960502384367123,0.9273307800527362,13.210955894950695
0.519,0.018954490719983556,1.0,13.218763850148086,0.9999223916138602,1.1346302052071513,0.9960475542346727,0.9274988313835213,13.213334747721548
0.5195,0.01895238545682566,1.0,13.221086542047214,0.9999230938731605,1.1344742680231914,0.996044868189889,0.9276666849585076,13.215710745947504
0.52,0.018950280193667766,1.0,13.223406643546095,0.9999237900193904,1.1343183338287484,0.996042180301566,0.9278343407898757,13.218083889768685
0.5205,0.018948174930509872,1.0,13.225724154769184,0.9999244800916277,1.1341624026229018,0.9960394905689087,0.9280017988898016,13.220454179324982
0.521,0.018946069667351975,1.0,13.228039075842586,0.99992516412895,1.1340064744047311,0.9960367989911234,0.9281690592704566,13.222821614757931
0.5215,0.01894396440419408,1.0,13.230351406893838,0.9999258421704353,1.1338505491733162,0.9960341055674159,0.9283361219440067,13.22518619621049
0.522,0.018941859141036188,1.0,13.232661148051893,0.9999265142551611,1.133694626927736,0.9960314102969924,0.928502986922614,13.227547923827029
0.5225,0.01893975387787829,1.0,13.234968299445468,0.9999271804222053,1.1335387076670707,0.9960287131790602,0.9286696542184346,13.229906797751676
0.523,0.018937648614720397,1.0,13.237272861206598,0.9999278407106457,1.1333827913903993,0.9960260142128267,0.9288361238436209,13.23226281813187
0.5235,0.0189355433515625,1.0,13.239574833466602,0.9999284951595597,1.1332268780968018,0.9960233133974993,0.9290023958103196,13.234615985114324
0.524,0.018933438088404607,1.0,13.241874216359289,0.9999291438080256,1.1330709677853574,0.9960206107322865,0.9291684701306735,13.236966298848243
0.5245,0.018931332825246713,1.0,13.24417101001881,0.9999297866951206,1.132915060455146,0.996017906216397,0.9293343468168196,13.239313759483156
0.525,0.01892922756208882,1.0,13.246465214580983,0.9999304238599227,1.1327591561052466,0.9960151998490395,0.9295000258808911,13.241658367170263
0.5255,0.018927122298930923,1.0,13.248756830182078,0.9999310553415097,1.1326032547347393,0.9960124916294236,0.9296655073350153,13.244000122061204
0.526,0.01892501703577303,1.0,13.251045856960861,0.9999316811789593,1.1324473563427035,0.9960097815567595,0.9298307911913156,13.246339024310107
0.5265,0.018922911772615132,1.0,13.253332295055962,0.9999323014113491,1.1322914609282186,0.9960070696302572,0.9299958774619104,13.248675074070963
0.527,0.01892080650945724,1.0,13.255616144608139,0.9999329160777571,1.1321355684903642,0.9960043558491276,0.9301607661589131,13.251008271499881
0.5275,0.018918701246299345,1.0,13.25789740575873,0.999933525217261,1.13197967902822,0.996001640212582,0.9303254572944322,13.253338616753544
0.528,0.018916595983141448,1.0,13.260176078650254,0.9999341288689383,1.1318237925408652,0.9959989227198319,0.9304899508805717,13.255666109989809
0.5285,0.018914490719983554,1.0,13.262452163426985,0.9999347270718669,1.1316679090273796,0.9959962033700895,0.9306542469294308,13.257990751368283
0.529,0.01891238545682566,1.0,13.26472566023379,0.9999353198651246,1.1315120284868427,0.9959934821625672,0.9308183454531035,13.260312541049158
0.5295,0.018910280193667764,1.0,13.266996569216579,0.9999359072877891,1.131356150918334,0.9959907590964782,0.9309822464636793,13.262631479193663
0.53,0.01890817493050987,1.0,13.269264890523026,0.9999364893789382,1.1312002763209335,0.9959880341710355,0.9311459499732428,13.264947565964786
0.5305,0.018906069667351977,1.0,13.271530624301747,0.9999370661776495,1.13104440469372,0.9959853073854537,0.9313094559938742,13.267260801526447
0.531,0.01890396440419408,1.0,13.273793770702275,0.999937637723001,1.1308885360357734,0.9959825787389464,0.9314727645376482,13.26957118604348
0.5315,0.018901859141036186,1.0,13.2760543298758,0.9999382040540702,1.1307326703461733,0.9959798482307285,0.9316358756166351,13.27187871968237
0.532,0.018899753877878293,1.0,13.278312301974314,0.9999387652099349,1.130576807623999,0.9959771158600152,0.9317987892429006,13.27418340261039
0.5325,0.018897648614720396,1.0,13.280567687150622,0.9999393212296729,1.1304209478683305,0.9959743816260227,0.9319615054285049,13.276485234995631
0.533,0.018895543351562502,1.0,13.282820485559526,0.9999398721523619,1.130265091078247,0.9959716455279664,0.932124024185504,13.278784217008166
0.5335,0.01889343808840461,1.0,13.285070697356632,0.9999404180170798,1.130109237252828,0.9959689075650632,0.9322863455259491,13.281080348818868
0.534,0.01889133282524671,1.0,13.287318322698242,0.9999409588629041,1.1299533863911533,0.9959661677365301,0.9324484694618864,13.283373630599302
0.5345,0.018889227562088818,1.0,13.289563361742765,0.9999414947289127,1.1297975384923022,0.9959634260415847,0.9326103960053572,13.285664062523127
0.535,0.018887122298930924,1.0,13.291805814648942,0.9999420256541833,1.1296416935553544,0.9959606824794447,0.9327721251683984,13.287951644764336
0.5355,0.018885017035773027,1.0,13.294045681576792,0.9999425516777937,1.1294858515793895,0.9959579370493288,0.9329336569630412,13.290236377498188
0.536,0.018882911772615134,1.0,13.296282962688208,0.9999430728388216,1.1293300125634869,0.9959551897504556,0.9330949914013134,13.292518260901808
0.5365,0.01888080650945724,1.0,13.298517658145409,0.9999435891763447,1.129174176506726,0.9959524405820446,0.9332561284952368,13.294797295152646
0.537,0.018878701246299343,1.0,13.300749768111777,0.9999441007294408,1.1290183434081869,0.9959496895433156,0.9334170682568287,13.297073480429304
0.5375,0.01887659598314145,1.0,13.302979292752795,0.9999446075371877,1.1288625132669485,0.9959469366334887,0.9335778106981021,13.299346816912484
0.538,0.018874490719983556,1.0,13.305206232234154,0.9999451096386631,1.1287066860820907,0.9959441818517849,0.9337383558310647,13.301617304783083
0.5385,0.01887238545682566,1.0,13.307430586722823,0.9999456070729448,1.128550861852693,0.9959414251974253,0.9338987036677194,13.30388494422327
0.539,0.018870280193667766,1.0,13.309652356387394,0.9999460998791104,1.128395040577835,0.9959386666696317,0.9340588542200645,13.306149735416838
0.5395,0.018868174930509872,1.0,13.311871541397263,0.9999465880962377,1.128239222256596,0.9959359062676261,0.9342188075000935,13.308411678548367
0.54,0.018866069667351975,1.0,13.31408814192262,0.9999470717634046,1.1280834068880559,0.9959331439906313,0.9343785635197949,13.310670773803233
0.5405,0.01886396440419408,1.0,13.316302158135986,0.9999475509196886,1.1279275944712939,0.9959303798378702,0.9345381222911527,13.312927021369134
0.541,0.018861859141036184,1.0,13.318513590209507,0.9999480256041676,1.1277717850053899,0.9959276138085666,0.9346974838261457,13.315180421433384
0.5415,0.01885975387787829,1.0,13.320722438318006,0.9999484958559194,1.127615978489423,0.9959248459019447,0.9348566481367484,13.317430974185969
0.542,0.018857648614720397,1.0,13.322928702636274,0.9999489617140216,1.1274601749224733,0.995922076117229,0.93501561523493,13.319678679816839
0.5425,0.018855543351562504,1.0,13.325132383340845,0.999949423217552,1.1273043743036197,0.9959193044536445,0.9351743851326555,13.321923538517677
0.543,0.018853438088404607,1.0,13.327333480608571,0.9999498804055883,1.1271485766319425,0.9959165309104165,0.9353329578418842,13.324165550480478
0.5435,0.018851332825246713,1.0,13.329531994619105,0.9999503333172084,1.1269927819065206,0.9959137554867716,0.9354913333745716,13.326404715900035
0.544,0.018849227562088816,1.0,13.33172792555159,0.9999507819914899,1.1268369901264337,0.995910978181936,0.9356495117426679,13.32864103497062
0.5445,0.018847122298930923,1.0,13.333921273587261,0.9999512264675107,1.1266812012907617,0.9959081989951366,0.9358074929581182,13.330874507888591
0.545,0.01884501703577303,1.0,13.336112038908261,0.9999516667843483,1.1265254153985835,0.995905417925601,0.9359652770328635,13.333105134851213
0.5455,0.018842911772615135,1.0,13.338300221697516,0.9999521029810807,1.1263696324489794,0.9959026349725575,0.9361228639788395,13.335332916056519
0.546,0.01884080650945724,1.0,13.340485822139454,0.9999525350967855,1.1262138524410283,0.9958998501352344,0.9362802538079773,13.337557851704046
0.5465,0.018838701246299345,1.0,13.34266884042,0.9999529631705405,1.12605807537381,0.9958970634128608,0.9364374465322033,13.339779941994815
0.547,0.018836595983141448,1.0,13.344849276725027,0.9999533872414235,1.1259023012464044,0.9958942748046661,0.9365944421634385,13.341999187129792
0.5475,0.018834490719983554,1.0,13.347027131243333,0.999953807348512,1.1257465300578904,0.9958914843098803,0.9367512407136003,13.344215587312862
0.548,0.01883238545682566,1.0,13.349202404163192,0.999954223530884,1.125590761807348,0.9958886919277339,0.9369078421946,13.346429142747374
0.5485,0.018830280193667767,1.0,13.351375095674722,0.9999546358276172,1.1254349964938566,0.9958858976574583,0.9370642466183448,13.348639853638522
0.549,0.01882817493050987,1.0,13.353545205969189,0.9999550442777894,1.1252792341164957,0.9958831014982844,0.937220453996737,13.350847720192636
0.5495,0.018826069667351977,1.0,13.355712735239102,0.999955448920478,1.1251234746743448,0.9958803034494449,0.9373764643416743,13.353052742617287
0.55,0.01882396440419408,1.0,13.357877683677518,0.9999558497947613,1.1249677181664837,0.9958775035101721,0.9375322776650492,13.355254921120583
0.5505,0.018821859141036186,1.0,13.36004005147969,0.9999562469397166,1.1248119645919916,0.9958747016796989,0.9376878939787497,13.357454255912822
0.551,0.018819753877878292,1.0,13.362199838841063,0.9999566403944218,1.1246562139499483,0.9958718979572591,0.9378433132946589,13.359650747204494
0.5515,0.0188176486147204,1.0,13.364357045958329,0.9999570301979547,1.1245004662394333,0.9958690923420866,0.9379985356246549,13.361844395207322
0.552,0.018815543351562502,1.0,13.36651167302954,0.999957416389393,1.1243447214595261,0.9958662848334165,0.9381535609806114,13.364035200134387
0.5525,0.01881343808840461,1.0,13.368663720254132,0.9999577990078143,1.1241889796093063,0.9958634754304835,0.9383083893743972,13.366223162200143
0.553,0.01881133282524671,1.0,13.370813187831706,0.9999581780922967,1.1240332406878535,0.9958606641325234,0.938463020817876,13.368408281619205
0.5535,0.018809227562088818,1.0,13.372960075964544,0.9999585536819177,1.123877504694247,0.9958578509387724,0.9386174553229072,13.370590558608866
0.554,0.018807122298930924,1.0,13.375104384854865,0.999958925815755,1.1237217716275665,0.9958550358484675,0.9387716929013451,13.372769993386344
0.5545,0.018805017035773027,1.0,13.377246114705896,0.9999592945328865,1.1235660414868915,0.9958522188608454,0.9389257335650392,13.37494658616986
0.555,0.018802911772615134,1.0,13.379385265722822,0.9999596598723898,1.123410314271302,0.9958493999751441,0.939079577325834,13.37712033717959
0.5555,0.01880080650945724,1.0,13.381521838111595,0.9999600218733427,1.1232545899798767,0.995846579190602,0.9392332241955699,13.379291246636466
0.556,0.018798701246299343,1.0,13.38365583207894,0.999960380574823,1.1230988686116956,0.9958437565064582,0.939386674186082,13.381459314762187
0.5565,0.01879659598314145,1.0,13.385787247833171,0.9999607360159084,1.1229431501658385,0.9958409319219516,0.9395399273092004,13.38362454178004
0.557,0.018794490719983556,1.0,13.387916085583731,0.9999610882356768,1.1227874346413844,0.9958381054363223,0.939692983576751,13.385786927914427
0.5575,0.01879238545682566,1.0,13.390042345540474,0.9999614372732056,1.1226317220374133,0.9958352770488109,0.9398458430005544,13.387946473390159
0.558,0.018790280193667765,1.0,13.392166027915435,0.9999617831675729,1.1224760123530046,0.9958324467586582,0.9399985055924266,13.39010317843422
0.5585,0.018788174930509872,1.0,13.394287132921301,0.9999621259578562,1.1223203055872377,0.9958296145651059,0.9401509713641791,13.392257043274242
0.559,0.018786069667351975,1.0,13.396405660771158,0.9999624656831334,1.1221646017391924,0.9958267804673959,0.940303240327618,13.394408068138244
0.5595,0.01878396440419408,1.0,13.398521611680527,0.9999628023824821,1.1220089008079481,0.9958239444647711,0.9404553124945451,13.39655625325668
0.56,0.018781859141036188,1.0,13.400634985865327,0.9999631360949803,1.1218532027925843,0.9958211065564742,0.9406071878767573,13.398701598860391
0.5605,0.01877975387787829,1.0,13.402745783542349,0.9999634668597055,1.1216975076921805,0.9958182667417493,0.9407588664860467,13.400844105181086
0.561,0.018777648614720397,1.0,13.404854004930225,0.9999637947157356,1.1215418155058163,0.9958154250198407,0.9409103483342004,13.402983772452307
0.5615,0.018775543351562504,1.0,13.406959650247863,0.9999641197021482,1.1213861262325715,0.9958125813899932,0.9410616334330009,13.405120600907866
0.562,0.018773438088404606,1.0,13.409062719715754,0.9999644418580211,1.1212304398715254,0.9958097358514518,0.9412127217942259,13.407254590783152
0.5625,0.018771332825246713,1.0,13.411163213555753,0.9999647612224322,1.1210747564217576,0.9958068884034629,0.9413636134296482,13.40938574231491
0.5630000000000001,0.01876922756208882,1.0,13.413261131990577,0.999965077834459,1.1209190758823475,0.9958040390452729,0.9415143083510363,13.411514055740744
0.5635,0.018767122298930922,1.0,13.415356475243225,0.9999653917331793,1.120763398252375,0.9958011877761286,0.9416648065701531,13.41363953129853
0.5640000000000001,0.01876501703577303,1.0,13.417449243539593,0.9999657029576711,1.1206077235309193,0.9957983345952781,0.9418151080987573,13.415762169229035
0.5645,0.018762911772615135,1.0,13.419539437105373,0.9999660115470118,1.12045205171706,0.995795479501969,0.9419652129486028,13.417881969772818
0.5650000000000001,0.018760806509457238,1.0,13.421627056167129,0.9999663175402794,1.1202963828098769,0.9957926224954505,0.9421151211314382,13.4199989331713
0.5655,0.018758701246299345,1.0,13.423712100953843,0.9999666209765515,1.1201407168084492,0.9957897635749715,0.9422648326590081,13.422113059668316
0.5660000000000001,0.01875659598314145,1.0,13.42579457169453,0.999966921894906,1.1199850537118565,0.9957869027397824,0.9424143475430516,13.424224349507726
0.5665,0.018754490719983554,1.0,13.427874476437234,0.9999672201581206,1.1198293935108787,0.9957840399866118,0.9425636658032599,13.426332810753932
0.5670000000000001,0.01875238545682566,1.0,13.429951847222982,0.9999675149661246,1.1196737361708307,0.9957811753028004,0.9427127874836577,13.428438475468859
0.5675,0.018750280193667763,1.0,13.432026640628703,0.9999678072358804,1.11951808173714,0.9957783087002371,0.9428617125514973,13.430541300235742
0.5680000000000001,0.01874817493050987,1.0,13.43409885680194,0.9999680969837503,1.1193624302089773,0.9957754401778661,0.9430104410184281,13.432641285216949
0.5685,0.018746069667351976,1.0,13.43616849588953,0.9999683842260962,1.1192067815855142,0.9957725697346318,0.9431589728960941,13.43473843057414
0.5690000000000001,0.01874396440419408,1.0,13.438235558040219,0.9999686689792804,1.1190511358659216,0.9957696973694778,0.9433073081961355,13.436832736470867
0.5695,0.018741859141036186,1.0,13.440300043404063,0.9999689512596647,1.1188954930493706,0.9957668230813482,0.9434554469301882,13.438924203072002
0.5700000000000001,0.018739753877878292,1.0,13.442361952131725,0.9999692310836115,1.1187398531350325,0.9957639468691861,0.9436033891098836,13.441012830543004
0.5705,0.018737648614720395,1.0,13.444421284374693,0.9999695084674826,1.1185842161220785,0.9957610687319348,0.9437511347468487,13.443098619050161
0.5710000000000001,0.0187355433515625,1.0,13.446478040286378,0.9999697834276403,1.1184285820096795,0.9957581886685372,0.9438986838527065,13.445181568761674
0.5715,0.018733438088404608,1.0,13.448532220020414,0.9999700559804467,1.118272950797007,0.995755306677936,0.944046036439075,13.447261679845958
0.5720000000000001,0.01873133282524671,1.0,13.450583823732236,0.9999703261422639,1.1181173224832317,0.9957524227590735,0.944193192517569,13.44933895247323
0.5725,0.018729227562088818,1.0,13.45263285157775,0.9999705939294539,1.1179616970675252,0.9957495369108921,0.9443401520997976,13.451413386814167
0.5730000000000001,0.018727122298930924,1.0,13.454679303714519,0.9999708593583788,1.1178060745490583,0.9957466491323339,0.9444869151973668,13.453484983041099
0.5735,0.018725017035773027,1.0,13.456723180300237,0.9999711224454008,1.1176504549270023,0.9957437594223401,0.9446334818218776,13.455553741326481
0.5740000000000001,0.018722911772615133,1.0,13.458764481494851,0.999971383206882,1.1174948382005285,0.9957408677798525,0.9447798519849265,13.457619661845015
0.5745,0.01872080650945724,1.0,13.460803207458543,0.9999716416591844,1.1173392243688078,0.9957379742038122,0.9449260256981062,13.459682744771634
0.5750000000000001,0.018718701246299343,1.0,13.4628393583528,0.9999718978186701,1.1171836134310114,0.9957350786931601,0.9450720029730052,13.461742990282564
0.5755,0.01871659598314145,1.0,13.464872934340299,0.9999721517017013,1.1170280053863104,0.9957321812468372,0.9452177838212068,13.463800398555225
0.5760000000000001,0.018714490719983556,1.0,13.466903935584662,0.99997240332464,1.1168724002338761,0.9957292818637835,0.9453633682542907,13.465854969767966
0.5765,0.01871238545682566,1.0,13.468932362250332,0.9999726527038484,1.1167167979728796,0.9957263805429398,0.945508756283832,13.467906704099958
0.577,0.018710280193667765,1.0,13.470958214503419,0.9999728998556886,1.1165611986024921,0.9957234772832456,0.9456539479214016,13.469955601732032
0.5775,0.01870817493050987,1.0,13.472981492510618,0.9999731447965226,1.1164056021218847,0.9957205720836411,0.9457989431785659,13.472001662845596
0.578,0.018706069667351975,1.0,13.475002196439569,0.9999733875427125,1.1162500085302285,0.9957176649430656,0.9459437420668872,13.474044887622997
0.5785,0.01870396440419408,1.0,13.477020326459922,0.9999736281106204,1.1160944178266945,0.9957147558604581,0.9460883445979236,13.47608527624859
0.579,0.018701859141036187,1.0,13.479035882740966,0.9999738665166085,1.1159388300104542,0.9957118448347582,0.946232750783228,13.478122828906358
0.5795,0.01869975387787829,1.0,13.481048865453875,0.9999741027770388,1.1157832450806786,0.9957089318649041,0.9463769606343501,13.480157545782168
0.58,0.018697648614720397,1.0,13.48305927477101,0.9999743369082734,1.115627663036539,0.9957060169498346,0.9465209741628344,13.482189427063064
0.5805,0.018695543351562503,1.0,13.485067110865671,0.9999745689266746,1.115472083877206,0.9957031000884884,0.946664791380222,13.484218472937027
0.581,0.018693438088404606,1.0,13.487072373911735,0.9999747988486042,1.1153165076018514,0.995700181279803,0.9468084122980486,13.486244683592604
0.5815,0.018691332825246713,1.0,13.489075064085089,0.9999750266904245,1.1151609342096458,0.9956972605227163,0.9469518369278466,13.488268059220353
0.582,0.01868922756208882,1.0,13.491075181561252,0.9999752524684974,1.115005363699761,0.9956943378161665,0.9470950652811427,13.490288600010453
0.5825,0.018687122298930922,1.0,13.493072726518342,0.9999754761991853,1.1148497960713675,0.99569141315909,0.9472380973694612,13.492306306155678
0.583,0.01868501703577303,1.0,13.495067699134585,0.99997569789885,1.1146942313236368,0.9956884865504249,0.9473809332043204,13.494321177848903
0.5835,0.018682911772615135,1.0,13.497060099589493,0.9999759175838537,1.11453866945574,0.9956855579891073,0.947523572797235,13.496333215284285
0.584,0.018680806509457238,1.0,13.499049928063513,0.9999761352705587,1.1143831104668482,0.9956826274740742,0.9476660161597151,13.498342418656907
0.5845,0.018678701246299344,1.0,13.501037184738749,0.9999763509753268,1.1142275543561324,0.995679695004262,0.9478082633032673,13.500348788163507
0.585,0.01867659598314145,1.0,13.503021869797388,0.9999765647145202,1.1140720011227643,0.995676760578607,0.9479503142393922,13.502352324000897
0.5855,0.018674490719983554,1.0,13.505003983423395,0.9999767765045011,1.1139164507659143,0.995673824196045,0.9480921689795881,13.504353026367665
0.586,0.01867238545682566,1.0,13.506983525801422,0.9999769863616315,1.1137609032847542,0.9956708858555116,0.9482338275353472,13.506350895463077
0.5865,0.018670280193667767,1.0,13.508960497117535,0.9999771943022735,1.1136053586784547,0.9956679455559425,0.9483752899181587,13.508345931487806
0.587,0.01866817493050987,1.0,13.510934897558123,0.9999774003427893,1.1134498169461873,0.9956650032962729,0.9485165561395064,13.510338134642847
0.5875,0.018666069667351976,1.0,13.512906727312059,0.9999776044995408,1.1132942780871227,0.9956620590754378,0.9486576262108709,13.512327505131667
0.588,0.018663964404194083,1.0,13.514875986567475,0.9999778067888903,1.1131387421004324,0.9956591128923719,0.9487985001437274,13.514314043156991
0.5885,0.018661859141036186,1.0,13.51684267551438,0.9999780072271998,1.1129832089852876,0.9956561647460099,0.9489391779495473,13.516297748923414
0.589,0.018659753877878292,1.0,13.51880679434431,0.9999782058308313,1.1128276787408593,0.995653214635286,0.9490796596397978,13.518278622637052
0.5895,0.0186576486147204,1.0,13.520768343249491,0.9999784026161471,1.1126721513663185,0.9956502625591342,0.9492199452259417,13.5202566645047
0.59,0.0186555433515625,1.0,13.522727322422227,0.9999785975995092,1.1125166268608366,0.9956473085164886,0.949360034719437,13.522231874733237
0.5905,0.018653438088404608,1.0,13.524683732057664,0.9999787907972798,1.1123611052235847,0.9956443525062828,0.9494999281317381,13.524204253532366
0.591,0.018651332825246714,1.0,13.52663757235067,0.9999789822258208,1.112205586453734,0.9956413945274502,0.9496396254742946,13.526173801111513
0.5915,0.018649227562088817,1.0,13.528588843497046,0.9999791719014944,1.1120500705504555,0.9956384345789236,0.9497791267585518,13.52814051768103
0.592,0.018647122298930924,1.0,13.530537545695177,0.9999793598406628,1.1118945575129202,0.9956354726596365,0.9499184319959512,13.530104403453846
0.5925,0.01864501703577303,1.0,13.532483679142578,0.999979546059688,1.1117390473402997,0.9956325087685213,0.9500575411979291,13.532065458642014
0.593,0.018642911772615133,1.0,13.534427244038763,0.999979730574932,1.1115835400317648,0.9956295429045104,0.9501964543759182,13.534023683459584
0.5935,0.01864080650945724,1.0,13.53636824058464,0.999979913402757,1.1114280355864867,0.9956265750665362,0.9503351715413466,13.535979078121986
0.594,0.018638701246299343,1.0,13.538306668981079,0.9999800945595252,1.1112725340036367,0.9956236052535309,0.9504736927056381,13.537931642844615
0.5945,0.01863659598314145,1.0,13.540242529431058,0.9999802740615985,1.1111170352823858,0.995620633464426,0.9506120178802121,13.539881377844965
0.595,0.018634490719983555,1.0,13.542175822138125,0.9999804519253392,1.1109615394219052,0.9956176596981533,0.9507501470764839,13.54182828334109
0.5955,0.01863238545682566,1.0,13.544106547306253,0.9999806281671092,1.1108060464213663,0.995614683953644,0.9508880803058641,13.543772359551468
0.596,0.018630280193667765,1.0,13.546034705141771,0.9999808028032708,1.1106505562799398,0.9956117062298296,0.9510258175797595,13.545713606696928
0.5965,0.01862817493050987,1.0,13.54796029585132,0.999980975850186,1.110495068996797,0.9956087265256405,0.9511633589095723,13.547652024998602
0.597,0.018626069667351974,1.0,13.549883319642102,0.9999811473242167,1.110339584571109,0.9956057448400077,0.9513007043067003,13.549587614678176
0.5975,0.01862396440419408,1.0,13.551803776723064,0.9999813172417255,1.1101841030020474,0.9956027611718619,0.9514378537825369,13.551520375959079
0.598,0.018621859141036187,1.0,13.553721667304183,0.999981485619074,1.1100286242887827,0.9955997755201327,0.9515748073484716,13.553450309065763
0.5985,0.01861975387787829,1.0,13.55563699159575,0.9999816524726244,1.1098731484304865,0.9955967878837505,0.9517115650158892,13.555377414222985
0.599,0.018617648614720397,1.0,13.557549749810045,0.9999818178187391,1.1097176754263298,0.9955937982616451,0.9518481267961701,13.557301691657493
0.5995,0.018615543351562503,1.0,13.559459942159899,0.9999819816737798,1.1095622052754837,0.9955908066527461,0.9519844927006911,13.55922314159657
0.6,0.018613438088404606,1.0,13.561367568858689,0.9999821440541089,1.1094067379771193,0.9955878130559828,0.9521206627408239,13.561141764268045
0.6005,0.018611332825246713,1.0,13.563272630122013,0.9999823049760883,1.1092512735304079,0.9955848174702842,0.952256636927936,13.563057559901964
0.601,0.01860922756208882,1.0,13.565175126165192,0.9999824644560803,1.1090958119345207,0.9955818198945794,0.9523924152733908,13.564970528728086
0.6015,0.018607122298930922,1.0,13.567075057205393,0.9999826225104468,1.1089403531886286,0.995578820327797,0.9525279977885475,13.56688067097801
0.602,0.01860501703577303,1.0,13.568972423460705,0.99998277915555,1.108784897291903,0.9955758187688658,0.9526633844847605,13.568787986884255
0.6025,0.018602911772615135,1.0,13.570867225149989,0.999982934407752,1.108629444243515,0.9955728152167135,0.9527985753733803,13.570692476680103
0.603,0.018600806509457238,1.0,13.572759462493138,0.9999830882834149,1.1084739940426356,0.9955698096702686,0.952933570465753,13.572594140599863
0.6035,0.018598701246299344,1.0,13.574649135711661,0.9999832407989007,1.108318546688436,0.9955668021284587,0.9530683697732204,13.574492978879453
0.604,0.01859659598314145,1.0,13.576536245027256,0.9999833919705716,1.1081631021800875,0.9955637925902117,0.9532029733071198,13.576388991754978
0.6045,0.018594490719983554,1.0,13.578420790662992,0.9999835418147898,1.108007660516761,0.9955607810544547,0.9533373810787844,13.578282179463905
0.605,0.01859238545682566,1.0,13.58030253430027,0.9999836898756707,1.107852221949447,0.9955577675183178,0.9534715928822688,13.58017230368866
0.6055,0.018590280193667767,1.0,13.58218155119298,0.9999838362429128,1.1076967863980656,0.9955547519802246,0.9536056087981177,13.582059439702865
0.606,0.01858817493050987,1.0,13.584058074814722,0.999983981372009,1.1075413536155563,0.9955517344405351,0.9537394290501355,13.583943821007614
0.6065,0.018586069667351976,1.0,13.585932100272622,0.999984125270475,1.1073859236065104,0.9955487148981543,0.9538730536447068,13.585825442723772
0.607,0.018583964404194082,1.0,13.587803622672277,0.9999842679458267,1.107230496375519,0.9955456933519867,0.9540064825882392,13.587704299970714
0.6075,0.018581859141036185,1.0,13.589672637119218,0.9999844094055801,1.1070750719271734,0.9955426698009365,0.9541397158871626,13.589580387867773
0.608,0.018579753877878292,1.0,13.59153913871854,0.9999845496572511,1.1069196502660648,0.9955396442439073,0.9542727535479296,13.59145370153388
0.6085,0.018577648614720395,1.0,13.593403122574669,0.9999846887083557,1.1067642313967843,0.9955366166798032,0.9544055955770157,13.593324236087328
0.609,0.0185755433515625,1.0,13.595264583791744,0.9999848265664095,1.1066088153239235,0.9955335871075273,0.9545382419809183,13.595191986646151
0.6095,0.018573438088404608,1.0,13.597123517473948,0.9999849632389287,1.1064534020520733,0.9955305555259827,0.9546706927661586,13.59705694832846
0.61,0.018571332825246714,1.0,13.598979918724345,0.9999850987334292,1.106297991585825,0.9955275219340722,0.9548029479392794,13.598919116251276
0.6105,0.018569227562088817,1.0,13.600833782645584,0.9999852330574267,1.10614258392977,0.9955244863306987,0.9549350075068469,13.600778485531238
0.611,0.018567122298930924,1.0,13.602685104340868,0.9999853662184373,1.1059871790884994,0.9955214487147642,0.9550668714754494,13.602635051285565
0.6115,0.018565017035773027,1.0,13.604533878911441,0.9999854982239768,1.1058317770666046,0.9955184090851711,0.955198539851698,13.604488808629554
0.612,0.018562911772615133,1.0,13.606380101460077,0.9999856290815611,1.1056763778686765,0.9955153674408207,0.9553300126422268,13.606339752680055
0.6125,0.01856080650945724,1.0,13.608223767087466,0.9999857587987061,1.1055209814993066,0.9955123237806148,0.955461289853692,13.608187878551874
0.613,0.018558701246299346,1.0,13.610064870894881,0.9999858873829277,1.105365587963086,0.9955092781034547,0.9555923714927728,13.61003318136042
0.6135,0.01855659598314145,1.0,13.611903407982245,0.999986014841742,1.105210197264606,0.9955062304082412,0.9557232575661707,13.611875656219791
0.614,0.018554490719983555,1.0,13.61373937345079,0.9999861411826646,1.1050548094084578,0.9955031806938751,0.9558539480806104,13.61371529824542
0.6145,0.018552385456825658,1.0,13.615572762399319,0.9999862664132116,1.1048994243992327,0.9955001289592569,0.9559844430428386,13.615552102550346
0.615,0.018550280193667765,1.0,13.617403569928202,0.999986390540899,1.1047440422415218,0.9954970752032867,0.9561147424596252,13.617386064249201
0.6155,0.01854817493050987,1.0,13.61923179113599,0.9999865135732425,1.1045886629399166,0.9954940194248645,0.9562448463377621,13.619217178454829
0.616,0.018546069667351978,1.0,13.621057421121481,0.999986635517758,1.104433286499008,0.9954909616228901,0.9563747546840644,13.621045440280355
0.6165,0.01854396440419408,1.0,13.622880454982985,0.9999867563819616,1.1042779129233875,0.9954879017962628,0.9565044675053697,13.622870844838443
0.617,0.018541859141036187,1.0,13.624700887818832,0.999986876173369,1.1041225422176462,0.9954848399438816,0.956633984808538,13.624693387241813
0.6175,0.01853975387787829,1.0,13.626518714726274,0.9999869948994962,1.1039671743863753,0.9954817760646454,0.9567633066004522,13.626513062602127
0.618,0.018537648614720396,1.0,13.628333930803059,0.9999871125678591,1.103811809434166,0.9954787101574532,0.9568924328880176,13.628329866031587
0.6185,0.018535543351562503,1.0,13.63014653114576,0.9999872291859737,1.1036564473656099,0.9954756422212027,0.9570213636781623,13.630143792641238
0.619,0.01853343808840461,1.0,13.631956510851333,0.9999873447613556,1.1035010881852978,0.9954725722547926,0.9571500989778369,13.631954837542551
0.6195,0.018531332825246712,1.0,13.633763865015803,0.9999874593015211,1.103345731897821,0.9954695002571207,0.9572786387940148,13.633762995846084
0.62,0.01852922756208882,1.0,13.635568588735701,0.999987572813986,1.1031903785077708,0.9954664262270841,0.957406983133692,13.635568262662941
0.6205,0.01852712229893092,1.0,13.637370677105805,0.9999876853062659,1.1030350280197387,0.9954633501635807,0.9575351320038866,13.6373706331025
0.621,0.018525017035773028,1.0,13.63917012522249,0.9999877967858771,1.1028796804383154,0.9954602720655071,0.9576630854116404,13.63917012522249
0.6215,0.018522911772615135,1.0,13.640966928180022,0.9999879072603353,1.1027243357680927,0.9954571919317604,0.9577908433640167,13.640966928180022
0.622,0.018520806509457238,1.0,13.642761081073433,0.9999880167371564,1.1025689940136614,0.9954541097612373,0.957918405868102,13.642761081073433
0.6225,0.018518701246299344,1.0,13.644552578997208,0.9999881252238564,1.1024136551796129,0.9954510255528336,0.9580457729310055,13.644552578997208
0.623,0.01851659598314145,1.0,13.646341417045416,0.9999882327279511,1.1022583192705384,0.9954479393054455,0.9581729445598586,13.646341417045416
0.6235,0.018514490719983553,1.0,13.648127590311356,0.9999883392569565,1.1021029862910294,0.9954448510179691,0.9582999207618155,13.648127590311356
0.624,0.01851238545682566,1.0,13.649911093889461,0.9999884448183886,1.1019476562456767,0.9954417606892997,0.9584267015440533,13.649911093889461
0.6245,0.018510280193667766,1.0,13.651691922872688,0.999988549419763,1.1017923291390717,0.9954386683183325,0.9585532869137716,13.651691922872688
0.625,0.01850817493050987,1.0,13.653470072353347,0.9999886530685959,1.1016370049758057,0.9954355739039625,0.9586796768781921,13.653470072353347
0.6255000000000001,0.018506069667351976,1.0,13.655245537425035,0.999988755772403,1.10148168376047,0.9954324774450849,0.9588058714445599,13.655245537425035
0.626,0.018503964404194082,1.0,13.657018313179865,0.9999888575387003,1.1013263654976555,0.9954293789405937,0.9589318706201421,13.657018313179865
0.6265000000000001,0.018501859141036185,1.0,13.658788394709571,0.9999889583750037,1.1011710501919538,0.9954262783893832,0.9590576744122287,13.658788394709571
0.627,0.01849975387787829,1.0,13.660555777106698,0.9999890582888291,1.101015737847956,0.9954231757903479,0.9591832828281321,13.660555777106698
0.6275000000000001,0.018497648614720398,1.0,13.662320455462451,0.9999891572876924,1.1008604284702532,0.9954200711423808,0.9593086958751877,13.662320455462451
0.628,0.0184955433515625,1.0,13.664082424867898,0.9999892553791095,1.100705122063437,0.9954169644443759,0.959433913560753,13.664082424867898
0.6285000000000001,0.018493438088404607,1.0,13.665841680414937,0.9999893525705964,1.100549818632098,0.9954138556952263,0.9595589358922088,13.665841680414937
0.629,0.018491332825246714,1.0,13.667598217194023,0.9999894488696689,1.1003945181808281,0.9954107448938252,0.9596837628769574,13.667598217194023
0.6295000000000001,0.018489227562088817,1.0,13.669352030295242,0.999989544283843,1.1002392207142184,0.995407632039065,0.9598083945224248,13.669352030295242
0.63,0.018487122298930923,1.0,13.671103114810007,0.9999896388206344,1.1000839262368598,0.9954045171298386,0.9599328308360592,13.671103114810007
0.6305000000000001,0.01848501703577303,1.0,13.672851465828055,0.9999897324875593,1.0999286347533437,0.9954014001650378,0.9600570718253313,13.672851465828055
0.631,0.018482911772615133,1.0,13.674597078438655,0.9999898252921333,1.0997733462682615,0.9953982811435547,0.9601811174977344,13.674597078438655
0.6315000000000001,0.01848080650945724,1.0,13.676339947732536,0.9999899172418726,1.0996180607862043,0.9953951600642813,0.9603049678607845,13.676339947732536
0.632,0.018478701246299346,1.0,13.678080068798646,0.9999900083442929,1.0994627783117632,0.9953920369261089,0.9604286229220202,13.678080068798646
0.6325000000000001,0.01847659598314145,1.0,13.679817436726188,0.9999900986069101,1.0993074988495295,0.9953889117279289,0.9605520826890028,13.679817436726188
0.633,0.018474490719983555,1.0,13.681552046604287,0.9999901880372403,1.0991522224040948,0.9953857844686319,0.9606753471693157,13.681552046604287
0.6335000000000001,0.01847238545682566,1.0,13.683283893522223,0.9999902766427992,1.0989969489800497,0.9953826551471093,0.9607984163705657,13.683283893522223
0.634,0.018470280193667764,1.0,13.685012972567861,0.9999903644311028,1.098841678581986,0.9953795237622509,0.9609212903003815,13.685012972567861
0.6345000000000001,0.01846817493050987,1.0,13.686739278830323,0.999990451409667,1.0986864112144945,0.9953763903129476,0.9610439689664148,13.686739278830323
0.635,0.018466069667351974,1.0,13.688462807397217,0.9999905375860078,1.0985311468821668,0.995373254798089,0.9611664523763395,13.688462807397217
0.6355000000000001,0.01846396440419408,1.0,13.690183553357274,0.9999906229676409,1.098375885589594,0.995370117216565,0.9612887405378525,13.690183553357274
0.636,0.018461859141036187,1.0,13.691901511798331,0.9999907075620822,1.098220627341367,0.9953669775672652,0.9614108334586732,13.691901511798331
0.6365000000000001,0.018459753877878293,1.0,13.693616677807688,0.9999907913768479,1.0980653721420777,0.9953638358490788,0.9615327311465433,13.693616677807688
0.637,0.018457648614720396,1.0,13.695329046472823,0.9999908744194536,1.0979101199963168,0.995360692060895,0.9616544336092273,13.695329046472823
0.6375000000000001,0.018455543351562503,1.0,13.697038612881773,0.9999909566974153,1.0977548709086755,0.9953575462016021,0.9617759408545128,13.697038612881773
0.638,0.018453438088404606,1.0,13.698745372120845,0.9999910382182491,1.0975996248837456,0.9953543982700893,0.9618972528902086,13.698745372120845
0.6385000000000001,0.018451332825246712,1.0,13.700449319277993,0.9999911189894707,1.0974443819261177,0.9953512482652445,0.9620183697241477,13.700449319277993
0.639,0.01844922756208882,1.0,13.702150449439449,0.9999911990185959,1.0972891420403834,0.9953480961859558,0.9621392913641844,13.702150449439449
0.6395000000000001,0.01844712229893092,1.0,13.703848757692013,0.9999912783131409,1.097133905231134,0.995344942031111,0.9622600178181964,13.703848757692013
0.64,0.018445017035773028,1.0,13.705544239122592,0.9999913568806214,1.0969786715029604,0.9953417857995979,0.9623805490940837,13.705544239122592
0.6405,0.018442911772615134,1.0,13.70723688881782,0.9999914347285533,1.0968234408604538,0.9953386274903037,0.9625008851997688,13.70723688881782
0.641,0.018440806509457237,1.0,13.708926701862994,0.9999915118644527,1.096668213308206,0.9953354671021154,0.9626210261431968,13.708926701862994
0.6415,0.018438701246299344,1.0,13.71061367334545,0.9999915882958353,1.0965129888508076,0.9953323046339201,0.9627409719323355,13.71061367334545
0.642,0.01843659598314145,1.0,13.712297798350708,0.9999916640302171,1.0963577674928502,0.9953291400846043,0.9628607225751753,13.712297798350708
0.6425,0.018434490719983557,1.0,13.713979071964765,0.999991739075114,1.096202549238925,0.9953259734530542,0.962980278079729,13.713979071964765
0.643,0.01843238545682566,1.0,13.71565748927327,0.9999918134380419,1.096047334093623,0.9953228047381563,0.9630996384540319,13.71565748927327
0.6435,0.018430280193667766,1.0,13.717333045362224,0.9999918871265165,1.0958921220615356,0.9953196339387963,0.9632188037061422,13.717333045362224
0.644,0.01842817493050987,1.0,13.719005735316815,0.9999919601480541,1.0957369131472543,0.9953164610538598,0.9633377738441403,13.719005735316815
0.6445,0.018426069667351976,1.0,13.720675554223199,0.9999920325101704,1.0955817073553697,0.9953132860822326,0.9634565488761299,13.720675554223199
0.645,0.018423964404194082,1.0,13.722342497166233,0.9999921042203813,1.0954265046904736,0.9953101090227995,0.9635751288102361,13.722342497166233
0.6455,0.01842185914103619,1.0,13.724006559231286,0.9999921752862028,1.0952713051571572,0.9953069298744455,0.9636935136546073,13.724006559231286
0.646,0.01841975387787829,1.0,13.72566773550339,0.9999922457151506,1.0951161087600114,0.9953037486360554,0.9638117034174147,13.72566773550339
0.6465,0.018417648614720398,1.0,13.72732602106846,0.9999923155147408,1.0949609155036275,0.9953005653065136,0.9639296981068517,13.72732602106846
0.647,0.0184155433515625,1.0,13.728981411010526,0.9999923846924892,1.094805725392597,0.9952973798847047,0.9640474977311341,13.728981411010526
0.6475,0.018413438088404607,1.0,13.730633900415345,0.9999924532559117,1.0946505384315108,0.9952941923695122,0.9641651022985004,13.730633900415345
0.648,0.018411332825246714,1.0,13.732283484367283,0.9999925212125244,1.0944953546249605,0.9952910027598204,0.9642825118172118,13.732283484367283
0.6485,0.018409227562088817,1.0,13.73393015795124,0.9999925885698429,1.0943401739775371,0.9952878110545127,0.9643997262955522,13.73393015795124
0.649,0.018407122298930923,1.0,13.73557391625266,0.9999926553353833,1.0941849964938317,0.995284617252472,0.9645167457418277,13.73557391625266
0.6495,0.01840501703577303,1.0,13.737214754355366,0.9999927215166615,1.094029822178436,0.9952814213525818,0.9646335701643669,13.737214754355366
0.65,0.018402911772615133,1.0,13.738852667344329,0.9999927871211933,1.0938746510359407,0.9952782233537251,0.9647501995715214,13.738852667344329
0.6505,0.01840080650945724,1.0,13.74048765030448,0.9999928521564948,1.0937194830709374,0.995275023254784,0.9648666339716652,13.74048765030448
0.651,0.018398701246299345,1.0,13.742119698320225,0.9999929166300817,1.093564318288017,0.9952718210546415,0.9649828733731945,13.742119698320225
0.6515,0.01839659598314145,1.0,13.743748950942571,0.9999929802706774,1.0934091565401733,0.995268616744845,0.9650989178978135,13.743748950942571
0.652,0.018394490719983555,1.0,13.745375745627321,0.999993042626265,1.0932539974727755,0.9952654103099037,0.9652147678213903,13.745375745627321
0.6525,0.01839238545682566,1.0,13.746999735402134,0.9999931044843984,1.0930988414494032,0.9952622017678551,0.9653304228831155,13.746999735402134
0.653,0.018390280193667764,1.0,13.748620920267873,0.999993165847661,1.0929436884695158,0.9952589911173948,0.9654458830947263,13.748620920267873
0.6535,0.01838817493050987,1.0,13.750239300227161,0.9999932267186364,1.092788538532573,0.9952557783572176,0.9655611484679568,13.750239300227161
0.654,0.018386069667351977,1.0,13.751854875282817,0.9999932870999086,1.0926333916380344,0.9952525634860175,0.9656762190145382,13.751854875282817
0.6545,0.01838396440419408,1.0,13.75346764543846,0.9999933469940611,1.0924782477853596,0.9952493465024884,0.9657910947461985,13.75346764543846
0.655,0.018381859141036187,1.0,13.755077610699589,0.9999934064036774,1.0923231069740085,0.9952461274053228,0.9659057756746632,13.755077610699589
0.6555,0.018379753877878293,1.0,13.756684771071894,0.9999934653313413,1.0921679692034407,0.9952429061932125,0.9660202618116545,13.756684771071894
0.656,0.018377648614720396,1.0,13.758289126562834,0.9999935237796364,1.0920128344731155,0.9952396828648491,0.9661345531688922,13.758289126562834
0.6565,0.018375543351562502,1.0,13.75989067718053,0.9999935817511463,1.091857702782493,0.9952364574189229,0.9662486497580928,13.75989067718053
0.657,0.01837343808840461,1.0,13.76148942293451,0.9999936392484547,1.0917025741310322,0.9952332298541238,0.9663625515909702,13.76148942293451
0.6575,0.018371332825246712,1.0,13.76308536383425,0.9999936962741454,1.0915474485181935,0.995230000169141,0.9664762586792348,13.76308536383425
0.658,0.01836922756208882,1.0,13.764678499891952,0.9999937528308018,1.0913923259434362,0.9952267683626628,0.9665897710345949,13.764678499891952
0.6585,0.018367122298930925,1.0,13.766268831119515,0.9999938089210078,1.0912372064062197,0.9952235344333769,0.9667030886687554,13.766268831119515
0.659,0.018365017035773028,1.0,13.76785635753,0.9999938645473467,1.091082089906004,0.9952202983799702,0.9668162115934184,13.76785635753
0.6595,0.018362911772615134,1.0,13.769441079138472,0.9999939197124025,1.0909269764422487,0.9952170602011287,0.9669291398202831,13.769441079138472
0.66,0.01836080650945724,1.0,13.771022995959932,0.9999939744187586,1.0907718660144132,0.9952138198955381,0.9670418733610456,13.771022995959932
0.6605,0.018358701246299344,1.0,13.77260210801066,0.9999940286689988,1.0906167586219575,0.9952105774618831,0.9671544122273996,13.77260210801066
0.661,0.01835659598314145,1.0,13.774178415308809,0.9999940824657068,1.0904616542643408,0.9952073328988477,0.9672667564310354,13.774178415308809
0.6615,0.018354490719983553,1.0,13.775751917872118,0.999994135811466,1.0903065529410232,0.9952040862051151,0.9673789059836407,13.775751917872118
0.662,0.01835238545682566,1.0,13.777322615720681,0.9999941887088604,1.0901514546514641,0.9952008373793683,0.9674908608969001,13.777322615720681
0.6625,0.018350280193667766,1.0,13.778890508875024,0.9999942411604733,1.0899963593951232,0.9951975864202884,0.9676026211824953,13.778890508875024
0.663,0.018348174930509872,1.0,13.780455597356815,0.9999942931688885,1.08984126717146,0.9951943333265572,0.9677141868521054,13.780455597356815
0.6635,0.018346069667351975,1.0,13.782017881188153,0.9999943447366898,1.0896861779799343,0.9951910780968544,0.9678255579174062,13.782017881188153
0.664,0.018343964404194082,1.0,13.783577360393373,0.9999943958664607,1.0895310918200056,0.9951878207298602,0.9679367343900709,13.783577360393373
0.6645,0.018341859141036185,1.0,13.785134034996505,0.9999944465607847,1.089376008691134,0.9951845612242534,0.9680477162817694,13.785134034996505
0.665,0.01833975387787829,1.0,13.786687905024056,0.9999944968222457,1.0892209285927785,0.9951812995787118,0.9681585036041692,13.786687905024056
0.6655,0.018337648614720398,1.0,13.788238970502357,0.9999945466534274,1.0890658515243992,0.9951780357919133,0.9682690963689348,13.788238970502357
0.666,0.0183355433515625,1.0,13.789787231459004,0.9999945960569131,1.0889107774854554,0.9951747698625347,0.9683794945877273,13.789787231459004
0.6665,0.018333438088404607,1.0,13.791332687923218,0.9999946450352868,1.088755706475407,0.9951715017892516,0.9684896982722055,13.791332687923218
0.667,0.018331332825246714,1.0,13.792875339924768,0.9999946935911319,1.0886006384937135,0.9951682315707393,0.9685997074340252,13.792875339924768
0.6675,0.018329227562088816,1.0,13.79441518749396,0.9999947417270323,1.0884455735398346,0.9951649592056727,0.9687095220848388,13.79441518749396
0.668,0.018327122298930923,1.0,13.79595223066334,0.9999947894455714,1.08829051161323,0.9951616846927253,0.9688191422362964,13.79595223066334
0.6685,0.01832501703577303,1.0,13.797486469465497,0.999994836749333,1.0881354527133593,0.9951584080305702,0.9689285679000448,13.797486469465497
0.669,0.018322911772615132,1.0,13.799017903934176,0.9999948836409007,1.0879803968396822,0.9951551292178796,0.9690377990877281,13.799017903934176
0.6695,0.01832080650945724,1.0,13.800546534104864,0.9999949301228582,1.087825343991658,0.9951518482533255,0.9691468358109877,13.800546534104864
0.67,0.018318701246299345,1.0,13.802072360013224,0.9999949761977891,1.0876702941687468,0.9951485651355786,0.9692556780814616,13.802072360013224
0.6705,0.018316595983141448,1.0,13.803595381695821,0.999995021868277,1.0875152473704082,0.9951452798633088,0.969364325910785,13.803595381695821
0.671,0.018314490719983555,1.0,13.805115599191447,0.9999950671369057,1.0873602035961014,0.9951419924351858,0.9694727793105908,13.805115599191447
0.6715,0.01831238545682566,1.0,13.80663301253871,0.9999951120062588,1.0872051628452866,0.9951387028498779,0.9695810382925082,13.80663301253871
0.672,0.018310280193667764,1.0,13.80814762177735,0.9999951564789198,1.0870501251174232,0.9951354111060535,0.9696891028681639,13.80814762177735
0.6725,0.01830817493050987,1.0,13.809659426949223,0.9999952005574725,1.0868950904119705,0.9951321172023795,0.9697969730491819,13.809659426949223
0.673,0.018306069667351977,1.0,13.811168428095993,0.9999952442445005,1.0867400587283886,0.9951288211375227,0.9699046488471827,13.811168428095993
0.6735,0.01830396440419408,1.0,13.812674625260213,0.9999952875425875,1.0865850300661373,0.9951255229101483,0.9700121302737844,13.812674625260213
0.674,0.018301859141036186,1.0,13.814178018487038,0.9999953304543171,1.0864300044246757,0.9951222225189217,0.9701194173406021,13.814178018487038
0.6745,0.018299753877878293,1.0,13.815678607820935,0.9999953729822729,1.0862749818034638,0.995118919962507,0.970226510059248,13.815678607820935
0.675,0.018297648614720396,1.0,13.817176393308241,0.9999954151290388,1.086119962201961,0.9951156152395676,0.9703334084413312,13.817176393308241
0.6755,0.018295543351562502,1.0,13.818671374996189,0.9999954568971982,1.0859649456196272,0.9951123083487668,0.9704401124984582,13.818671374996189
0.676,0.01829343808840461,1.0,13.82016355293302,0.9999954982893347,1.0858099320559218,0.9951089992887661,0.9705466222422323,13.82016355293302
0.6765,0.01829133282524671,1.0,13.821652927167513,0.9999955393080321,1.0856549215103046,0.9951056880582267,0.9706529376842542,13.821652927167513
0.677,0.018289227562088818,1.0,13.823139497750546,0.9999955799558741,1.0854999139822352,0.9951023746558099,0.9707590588361215,13.823139497750546
0.6775,0.018287122298930925,1.0,13.824623264732562,0.9999956202354442,1.0853449094711736,0.9950990590801749,0.9708649857094287,13.824623264732562
0.678,0.018285017035773028,1.0,13.826104228166466,0.9999956601493261,1.0851899079765785,0.9950957413299809,0.9709707183157683,13.826104228166466
0.6785,0.018282911772615134,1.0,13.827582388105212,0.9999956997001035,1.0850349094979106,0.9950924214038867,0.9710762566667286,13.827582388105212
0.679,0.018280806509457237,1.0,13.82905774460312,0.99999573889036,1.0848799140346288,0.9950890993005493,0.9711816007738961,13.82905774460312
0.6795,0.018278701246299343,1.0,13.830530297715288,0.9999957777226792,1.0847249215861934,0.9950857750186258,0.9712867506488535,13.830530297715288
0.68,0.01827659598314145,1.0,13.832000047498672,0.999995816199645,1.0845699321520632,0.9950824485567729,0.9713917063031817,13.832000047498672
0.6805,0.018274490719983556,1.0,13.833466994009902,0.9999958543238407,1.0844149457316985,0.9950791199136452,0.9714964677484575,13.833466994009902
0.681,0.01827238545682566,1.0,13.834931137307228,0.9999958920978502,1.0842599623245588,0.9950757890878974,0.9716010349962557,13.834931137307228
0.6815,0.018270280193667766,1.0,13.836392477450511,0.9999959295242571,1.0841049819301036,0.9950724560781841,0.9717054080581478,13.836392477450511
0.682,0.01826817493050987,1.0,13.837851014499412,0.9999959666056449,1.0839500045477928,0.9950691208831578,0.9718095869457023,13.837851014499412
0.6825,0.018266069667351975,1.0,13.839306748515932,0.9999960033445975,1.0837950301770858,0.9950657835014716,0.9719135716704851,13.839306748515932
0.683,0.01826396440419408,1.0,13.840759679562229,0.9999960397436983,1.0836400588174422,0.9950624439317765,0.9720173622440592,13.840759679562229
0.6835,0.018261859141036188,1.0,13.842209807701357,0.9999960758055312,1.083485090468322,0.9950591021727239,0.9721209586779844,13.842209807701357
0.684,0.01825975387787829,1.0,13.843657132997969,0.9999961115326795,1.0833301251291843,0.9950557582229638,0.9722243609838179,13.843657132997969
0.6845,0.018257648614720397,1.0,13.845101655517249,0.9999961469277273,1.0831751627994892,0.9950524120811458,0.9723275691731138,13.845101655517249
0.685,0.0182555433515625,1.0,13.846543375325503,0.9999961819932579,1.0830202034786962,0.9950490637459185,0.9724305832574235,13.846543375325503
0.6855,0.018253438088404607,1.0,13.847982292490409,0.9999962167318551,1.082865247166265,0.9950457132159303,0.9725334032482953,13.847982292490409
0.686,0.018251332825246713,1.0,13.849418407080282,0.9999962511461026,1.082710293861655,0.9950423604898279,0.9726360291572747,13.849418407080282
0.6865,0.01824922756208882,1.0,13.850851719164329,0.9999962852385839,1.0825553435643263,0.9950390055662582,0.9727384609959042,13.850851719164329
0.687,0.018247122298930923,1.0,13.852282228812744,0.9999963190118827,1.082400396273738,0.9950356484438666,0.9728406987757238,13.852282228812744
0.6875,0.01824501703577303,1.0,13.853709936097584,0.9999963524685826,1.08224545198935,0.9950322891212984,0.9729427425082701,13.853709936097584
0.6880000000000001,0.018242911772615132,1.0,13.855134841090578,0.9999963856112675,1.082090510710622,0.9950289275971979,0.973044592205077,13.855134841090578
0.6885,0.01824080650945724,1.0,13.85655694386554,0.9999964184425207,1.0819355724370137,0.9950255638702085,0.9731462478776756,13.85655694386554
0.6890000000000001,0.018238701246299345,1.0,13.85797624449656,0.9999964509649261,1.0817806371679846,0.9950221979389727,0.9732477095375939,13.85797624449656
0.6895,0.01823659598314145,1.0,13.859392743059459,0.9999964831810673,1.0816257049029943,0.9950188298021331,0.9733489771963572,13.859392743059459
0.6900000000000001,0.018234490719983554,1.0,13.860806439629963,0.9999965150935278,1.0814707756415025,0.9950154594583307,0.9734500508654879,13.860806439629963
0.6905,0.01823238545682566,1.0,13.862217334286134,0.9999965467048915,1.0813158493829689,0.9950120869062061,0.9735509305565053,13.862217334286134
0.6910000000000001,0.018230280193667764,1.0,13.86362542710582,0.9999965780177419,1.081160926126853,0.995008712144399,0.973651616280926,13.86362542710582
0.6915,0.01822817493050987,1.0,13.86503071816896,0.9999966090346626,1.0810060058726148,0.9950053351715484,0.9737521080502636,13.86503071816896
0.6920000000000001,0.018226069667351977,1.0,13.866433207555762,0.9999966397582374,1.0808510886197134,0.9950019559862928,0.9738524058760291,13.866433207555762
0.6925,0.01822396440419408,1.0,13.867832895347068,0.9999966701910498,1.080696174367609,0.9949985745872696,0.9739525097697298,13.867832895347068
0.6930000000000001,0.018221859141036186,1.0,13.869229781626174,0.9999967003356836,1.0805412631157607,0.9949951909731158,0.9740524197428713,13.869229781626174
0.6935,0.018219753877878293,1.0,13.870623866475913,0.9999967301947223,1.0803863548636286,0.9949918051424672,0.9741521358069551,13.870623866475913
0.6940000000000001,0.018217648614720396,1.0,13.872015149980605,0.9999967597707496,1.080231449610672,0.9949884170939596,0.9742516579734808,13.872015149980605
0.6945,0.018215543351562502,1.0,13.873403632225926,0.9999967890663493,1.0800765473563507,0.9949850268262268,0.9743509862539445,13.873403632225926
0.6950000000000001,0.01821343808840461,1.0,13.874789313298178,0.9999968180841049,1.0799216481001244,0.9949816343379031,0.9744501206598396,13.874789313298178
0.6955,0.01821133282524671,1.0,13.876172193284429,0.9999968468266,1.0797667518414527,0.9949782396276217,0.9745490612026564,13.876172193284429
0.6960000000000001,0.018209227562088818,1.0,13.877552272273453,0.9999968752964183,1.0796118585797951,0.9949748426940147,0.9746478078938828,13.877552272273453
0.6965,0.018207122298930924,1.0,13.878929550354417,0.9999969034961436,1.0794569683146116,0.9949714435357135,0.9747463607450032,13.878929550354417
0.6970000000000001,0.018205017035773027,1.0,13.880304027617242,0.9999969314283593,1.0793020810453615,0.9949680421513492,0.9748447197674996,13.880304027617242
0.6975,0.018202911772615134,1.0,13.881675704154171,0.9999969590956492,1.0791471967715045,0.9949646385395517,0.974942884972851,13.881675704154171
0.6980000000000001,0.01820080650945724,1.0,13.88304458005674,0.999996986500597,1.0789923154925005,0.9949612326989505,0.975040856372533,13.88304458005674
0.6985,0.018198701246299343,1.0,13.88441065541857,0.9999970136457862,1.0788374372078087,0.994957824628174,0.9751386339780193,13.88441065541857
0.6990000000000001,0.01819659598314145,1.0,13.88577393033403,0.9999970405338006,1.0786825619168892,0.99495441432585,0.9752362178007796,13.88577393033403
0.6995,0.018194490719983556,1.0,13.8871344048986,0.9999970671672237,1.078527689619201,0.9949510017906059,0.9753336078522816,13.8871344048986
0.7000000000000001,0.01819238545682566,1.0,13.888492079207778,0.9999970935486393,1.0783728203142047,0.9949475870210674,0.9754308041439895,13.888492079207778
0.7005,0.018190280193667765,1.0,13.88984695335987,0.9999971196806309,1.078217954001359,0.9949441700158604,0.9755278066873652,13.88984695335987
0.7010000000000001,0.018188174930509872,1.0,13.891199027452355,0.9999971455657822,1.0780630906801243,0.9949407507736098,0.9756246154938668,13.891199027452355
0.7015,0.018186069667351975,1.0,13.892548301584664,0.999997171206677,1.0779082303499596,0.9949373292929397,0.9757212305749505,13.892548301584664
0.7020000000000001,0.01818396440419408,1.0,13.893894775857467,0.9999971966058987,1.077753373010325,0.9949339055724729,0.975817651942069,13.893894775857467
0.7025,0.018181859141036188,1.0,13.895238450371805,0.9999972217660311,1.0775985186606798,0.9949304796108325,0.9759138796066725,13.895238450371805
0.7030000000000001,0.01817975387787829,1.0,13.896579325229345,0.999997246689658,1.077443667300484,0.9949270514066401,0.9760099135802078,13.896579325229345
0.7035,0.018177648614720397,1.0,13.897917400533958,0.9999972713793627,1.077288818929197,0.9949236209585166,0.9761057538741192,13.897917400533958
0.704,0.018175543351562504,1.0,13.89925267638952,0.999997295837729,1.0771339735462786,0.9949201882650826,0.9762014004998479,13.89925267638952
0.7045,0.018173438088404607,1.0,13.90058515290102,0.9999973200673407,1.0769791311511883,0.9949167533249573,0.9762968534688327,13.90058515290102
0.705,0.018171332825246713,1.0,13.901914830175276,0.9999973440707812,1.0768242917433857,0.9949133161367595,0.9763921127925087,13.901914830175276
0.7055,0.018169227562088816,1.0,13.903241708318644,0.9999973678506343,1.0766694553223306,0.9949098766991075,0.9764871784823086,13.903241708318644
0.706,0.018167122298930923,1.0,13.904565787439779,0.9999973914094837,1.0765146218874826,0.9949064350106182,0.9765820505496623,13.904565787439779
0.7065,0.01816501703577303,1.0,13.905887067647855,0.9999974147499129,1.0763597914383012,0.9949029910699083,0.9766767290059966,13.905887067647855
0.707,0.018162911772615135,1.0,13.907205549052644,0.9999974378745057,1.0762049639742461,0.9948995448755937,0.9767712138627354,13.907205549052644
0.7075,0.01816080650945724,1.0,13.908521231764919,0.9999974607858456,1.0760501394947772,0.9948960964262892,0.9768655051312997,13.908521231764919
0.708,0.018158701246299345,1.0,13.909834115897263,0.9999974834865164,1.075895317999354,0.994892645720609,0.9769596028231077,13.909834115897263
0.7085,0.018156595983141448,1.0,13.911144201562651,0.9999975059791018,1.0757404994874358,0.9948891927571665,0.9770535069495749,13.911144201562651
0.709,0.018154490719983554,1.0,13.912451488874904,0.999997528266185,1.0755856839584828,0.9948857375345747,0.9771472175221134,13.912451488874904
0.7095,0.01815238545682566,1.0,13.913755977949194,0.9999975503503502,1.0754308714119543,0.9948822800514454,0.9772407345521329,13.913755977949194
0.71,0.018150280193667767,1.0,13.915057668901424,0.9999975722341808,1.0752760618473098,0.9948788203063897,0.9773340580510399,13.915057668901424
0.7105,0.01814817493050987,1.0,13.916356561848115,0.9999975939202606,1.0751212552640095,0.9948753582980183,0.9774271880302381,13.916356561848115
0.711,0.018146069667351977,1.0,13.917652656907975,0.9999976154111729,1.0749664516615125,0.9948718940249407,0.9775201245011285,13.917652656907975
0.7115,0.01814396440419408,1.0,13.91894595419912,0.9999976367095017,1.0748116510392787,0.994868427485766,0.9776128674751088,13.91894595419912
0.712,0.018141859141036186,1.0,13.92023645384209,0.9999976578178306,1.0746568533967678,0.994864958679102,0.9777054169635742,13.92023645384209
0.7125,0.018139753877878292,1.0,13.921524155957554,0.999997678738743,1.074502058733439,0.9948614876035565,0.9777977729779168,13.921524155957554
0.713,0.0181376486147204,1.0,13.92280906066704,0.9999976994748229,1.0743472670487526,0.9948580142577359,0.9778899355295259,13.92280906066704
0.7135,0.018135543351562502,1.0,13.924091168093533,0.9999977200286536,1.0741924783421677,0.9948545386402463,0.977981904629788,13.924091168093533
0.714,0.01813343808840461,1.0,13.92537047836087,0.9999977404028191,1.0740376926131443,0.9948510607496928,0.9780736802900862,13.92537047836087
0.7145,0.01813133282524671,1.0,13.926646991593739,0.9999977605999029,1.0738829098611418,0.9948475805846793,0.9781652625218016,13.926646991593739
0.715,0.018129227562088818,1.0,13.927920707917933,0.9999977806224885,1.07372813008562,0.9948440981438099,0.9782566513363116,13.927920707917933
0.7155,0.018127122298930924,1.0,13.929191627460204,0.9999978004731597,1.0735733532860385,0.9948406134256874,0.9783478467449911,13.929191627460204
0.716,0.01812501703577303,1.0,13.930459750348046,0.9999978201545001,1.073418579461857,0.9948371264289138,0.978438848759212,13.930459750348046
0.7165,0.018122911772615134,1.0,13.93172507671016,0.9999978396690935,1.0732638086125348,0.9948336371520903,0.9785296573903435,13.93172507671016
0.717,0.01812080650945724,1.0,13.932987606676102,0.9999978590195234,1.073109040737532,0.9948301455938175,0.9786202726497515,13.932987606676102
0.7175,0.018118701246299343,1.0,13.934247340376757,0.9999978782083734,1.072954275836308,0.9948266517526954,0.9787106945487996,13.934247340376757
0.718,0.01811659598314145,1.0,13.935504277943258,0.9999978972382273,1.0727995139083226,0.9948231556273228,0.9788009230988478,13.935504277943258
0.7185,0.018114490719983556,1.0,13.936758419508797,0.9999979161116687,1.0726447549530351,0.9948196572162981,0.978890958311254,13.936758419508797
0.719,0.01811238545682566,1.0,13.938009765205718,0.9999979348312812,1.0724899989699057,0.9948161565182185,0.9789808001973723,13.938009765205718
0.7195,0.018110280193667765,1.0,13.939258315169754,0.9999979533996485,1.0723352459583935,0.9948126535316811,0.9790704487685549,13.939258315169754
0.72,0.01810817493050987,1.0,13.940504069535674,0.9999979718193542,1.0721804959179584,0.9948091482552819,0.9791599040361504,13.940504069535674
0.7205,0.018106069667351975,1.0,13.941747028439694,0.9999979900929821,1.07202574884806,0.9948056406876156,0.9792491660115047,13.941747028439694
0.721,0.01810396440419408,1.0,13.942987193137144,0.9999980082115283,1.071871004746994,0.9948021308270589,0.9793382347066303,13.942987193137144
0.7215,0.018101859141036188,1.0,13.94422457491004,0.999998026076597,1.07171626360261,0.9947986186702692,0.9794271101395238,13.94422457491004
0.722,0.01809975387787829,1.0,13.945459165246056,0.9999980437910094,1.0715615254233823,0.994795104217701,0.9795157923163144,13.945459165246056
0.7225,0.018097648614720397,1.0,13.946690964248607,0.9999980613556716,1.07140679020881,0.9947915874679184,0.9796042812483,13.946690964248607
0.723,0.018095543351562503,1.0,13.947919972019996,0.99999807877149,1.0712520579583933,0.9947880684194861,0.979692576946775,13.947919972019996
0.7235,0.018093438088404606,1.0,13.949146188664091,0.9999980960393711,1.0710973286716319,0.9947845470709661,0.9797806794230318,13.949146188664091
0.724,0.018091332825246713,1.0,13.950369614286327,0.999998113160221,1.070942602348026,0.9947810234209211,0.9798685886883595,13.950369614286327
0.7245,0.01808922756208882,1.0,13.951590248992725,0.9999981301349462,1.0707878789870748,0.9947774974679124,0.9799563047540449,13.951590248992725
0.725,0.018087122298930922,1.0,13.952808092889894,0.9999981469644531,1.0706331585882787,0.9947739692105003,0.9800438276313723,13.952808092889894
0.7255,0.01808501703577303,1.0,13.954023146086008,0.999998163649648,1.0704784411511372,0.9947704386472446,0.9801311573316227,13.954023146086008
0.726,0.018082911772615135,1.0,13.955235408689706,0.9999981801914373,1.0703237266751504,0.9947669057767036,0.980218293866075,13.955235408689706
0.7265,0.018080806509457238,1.0,13.956444880810459,0.9999981965907272,1.0701690151598182,0.9947633705974358,0.9803052372460048,13.956444880810459
0.727,0.018078701246299345,1.0,13.957651562559779,0.9999982128484243,1.0700143066046401,0.994759833107998,0.9803919874826857,13.957651562559779
0.7275,0.01807659598314145,1.0,13.958855454048923,0.9999982289654348,1.0698596010091161,0.9947562933069463,0.9804785445873884,13.958855454048923
0.728,0.018074490719983554,1.0,13.960056555390093,0.999998244942665,1.0697048983727464,0.9947527511928363,0.9805649085713803,13.960056555390093
0.7285,0.01807238545682566,1.0,13.96125486669778,0.9999982607810214,1.0695501986950302,0.9947492067642226,0.9806510794459272,13.96125486669778
0.729,0.018070280193667767,1.0,13.962450388085726,0.9999982764814103,1.069395501975468,0.9947456600196588,0.9807370572222913,13.962450388085726
0.7295,0.01806817493050987,1.0,13.96364311966959,0.999998292044738,1.0692408082135592,0.9947421109576977,0.9808228419117325,13.96364311966959
0.73,0.018066069667351976,1.0,13.964833061566226,0.999998307471911,1.0690861174088038,0.9947385595768914,0.9809084335255079,13.964833061566226
0.7305,0.018063964404194083,1.0,13.966020213892591,0.9999983227638355,1.0689314295607018,0.9947350058757911,0.980993832074872,13.966020213892591
0.731,0.018061859141036186,1.0,13.967204576767065,0.9999983379214179,1.0687767446687526,0.9947314498529473,0.9810790375710768,13.967204576767065
0.7315,0.018059753877878292,1.0,13.968386150309106,0.9999983529455646,1.0686220627324565,0.9947278915069088,0.9811640500253712,13.968386150309106
0.732,0.018057648614720395,1.0,13.969564934638635,0.999998367837182,1.0684673837513132,0.9947243308362249,0.9812488694490016,13.969564934638635
0.7325,0.0180555433515625,1.0,13.97074092987736,0.9999983825971763,1.0683127077248225,0.994720767839443,0.981333495853212,13.97074092987736
0.733,0.018053438088404608,1.0,13.971914136146852,0.999998397226454,1.0681580346524844,0.9947172025151103,0.981417929249243,13.971914136146852
0.7335,0.01805133282524671,1.0,13.97308455357023,0.9999984117259214,1.0680033645337985,0.9947136348617729,0.9815021696483333,13.97308455357023
0.734,0.018049227562088817,1.0,13.974252182271925,0.9999984260964848,1.0678486973682648,0.9947100648779756,0.9815862170617184,13.974252182271925
0.7345,0.018047122298930924,1.0,13.975417022376824,0.9999984403390506,1.067694033155383,0.9947064925622631,0.9816700715006316,13.975417022376824
0.735,0.018045017035773027,1.0,13.976579074010154,0.9999984544545253,1.0675393718946533,0.994702917913179,0.9817537329763029,13.976579074010154
0.7355,0.018042911772615133,1.0,13.977738337299417,0.999998468443815,1.0673847135855754,0.9946993409292658,0.9818372014999599,13.977738337299417
0.736,0.01804080650945724,1.0,13.97889481237234,0.9999984823078263,1.0672300582276488,0.9946957616090654,0.9819204770828278,13.97889481237234
0.7365,0.018038701246299343,1.0,13.980048499357338,0.9999984960474653,1.0670754058203737,0.9946921799511189,0.9820035597361287,13.980048499357338
0.737,0.01803659598314145,1.0,13.981199398384264,0.9999985096636386,1.0669207563632501,0.9946885959539663,0.982086449471082,13.981199398384264
0.7375,0.018034490719983556,1.0,13.982347509583903,0.9999985231572524,1.0667661098557775,0.9946850096161466,0.9821691462989051,13.982347509583903
0.738,0.01803238545682566,1.0,13.98349283308714,0.9999985365292131,1.066611466297456,0.9946814209361988,0.9822516502308115,13.98349283308714
0.7385,0.018030280193667765,1.0,13.984635369027497,0.999998549780427,1.066456825687785,0.99467782991266,0.9823339612780134,13.984635369027497
0.739,0.01802817493050987,1.0,13.985775117537859,0.9999985629118007,1.0663021880262649,0.9946742365440672,0.9824160794517193,13.985775117537859
0.7395,0.018026069667351974,1.0,13.986912078752292,0.9999985759242401,1.0661475533123952,0.994670640828956,0.9824980047631353,13.986912078752292
0.74,0.01802396440419408,1.0,13.988046252806653,0.9999985888186521,1.065992921545676,0.9946670427658615,0.982579737223465,13.988046252806653
0.7405,0.018021859141036187,1.0,13.989177639837008,0.9999986015959427,1.065838292725607,0.9946634423533179,0.9826612768439091,13.989177639837008
0.741,0.01801975387787829,1.0,13.990306239980363,0.9999986142570183,1.0656836668516878,0.9946598395898586,0.982742623635666,13.990306239980363
0.7415,0.018017648614720397,1.0,13.991432053375151,0.9999986268027853,1.0655290439234189,0.9946562344740156,0.9828237776099306,13.991432053375151
0.742,0.018015543351562503,1.0,13.992555080160248,0.99999863923415,1.0653744239402996,0.9946526270043212,0.982904738777896,13.992555080160248
0.7425,0.018013438088404606,1.0,13.993675320475594,0.999998651552019,1.0652198069018297,0.9946490171793055,0.9829855071507522,13.993675320475594
0.743,0.018011332825246713,1.0,13.994792774462432,0.9999986637572983,1.0650651928075094,0.9946454049974985,0.9830660827396864,13.994792774462432
0.7435,0.01800922756208882,1.0,13.99590744226245,0.9999986758508944,1.0649105816568385,0.9946417904574293,0.9831464655558836,13.99590744226245
0.744,0.018007122298930922,1.0,13.997019324018032,0.9999986878337137,1.0647559734493168,0.9946381735576262,0.9832266556105255,13.997019324018032
0.7445,0.01800501703577303,1.0,13.998128419873831,0.9999986997066627,1.064601368184444,0.9946345542966164,0.9833066529147917,13.998128419873831
0.745,0.018002911772615135,1.0,13.999234729973859,0.9999987114706473,1.06444676586172,0.9946309326729259,0.9833864574798585,13.999234729973859
0.7455,0.018000806509457238,1.0,14.000338254463665,0.9999987231265743,1.0642921664806448,0.9946273086850809,0.9834660693169002,14.000338254463665
0.746,0.017998701246299344,1.0,14.001438993490464,0.9999987346753499,1.064137570040718,0.9946236823316058,0.9835454884370879,14.001438993490464
0.7465,0.01799659598314145,1.0,14.002536947201188,0.9999987461178805,1.06398297654144,0.9946200536110245,0.9836247148515902,14.002536947201188
0.747,0.017994490719983554,1.0,14.003632115744184,0.9999987574550724,1.0638283859823099,0.99461642252186,0.9837037485715731,14.003632115744184
0.7475,0.01799238545682566,1.0,14.004724499269228,0.999998768687832,1.063673798362828,0.9946127890626343,0.9837825896081998,14.004724499269228
0.748,0.017990280193667767,1.0,14.005814097926406,0.9999987798170655,1.063519213682494,0.9946091532318688,0.9838612379726307,14.005814097926406
0.7485,0.01798817493050987,1.0,14.006900911866744,0.9999987908436795,1.0633646319408077,0.9946055150280841,0.983939693676024,14.006900911866744
0.749,0.017986069667351976,1.0,14.007984941242562,0.9999988017685802,1.0632100531372692,0.9946018744497993,0.9840179567295344,14.007984941242562
0.7495,0.01798396440419408,1.0,14.009066186206866,0.999998812592674,1.063055477271378,0.9945982314955336,0.9840960271443149,14.009066186206866
0.75,0.017981859141036186,1.0,14.010144646913956,0.9999988233168672,1.0629009043426343,0.9945945861638043,0.9841739049315151,14.010144646913956
0.7505000000000001,0.017979753877878292,1.0,14.011220323518215,0.9999988339420662,1.062746334350538,0.9945909384531286,0.984251590102282,14.011220323518215
0.751,0.0179776486147204,1.0,14.012293216176037,0.9999988444691774,1.0625917672945884,0.9945872883620226,0.9843290826677604,14.012293216176037
0.7515000000000001,0.0179755433515625,1.0,14.013363325043665,0.9999988548991072,1.0624372031742857,0.9945836358890016,0.9844063826390919,14.013363325043665
0.752,0.017973438088404608,1.0,14.014430650279351,0.9999988652327618,1.0622826419891298,0.9945799810325797,0.9844834900274155,14.014430650279351
0.7525000000000001,0.01797133282524671,1.0,14.015495192041314,0.9999988754710476,1.0621280837386204,0.9945763237912705,0.9845604048438679,14.015495192041314
0.753,0.017969227562088817,1.0,14.016556950489539,0.999998885614871,1.0619735284222576,0.9945726641635867,0.9846371270995825,14.016556950489539
0.7535000000000001,0.017967122298930924,1.0,14.017615925784096,0.9999988956651383,1.0618189760395411,0.9945690021480402,0.9847136568056906,14.017615925784096
0.754,0.01796501703577303,1.0,14.018672118086824,0.999998905622756,1.0616644265899706,0.9945653377431418,0.9847899939733205,14.018672118086824
0.7545000000000001,0.017962911772615133,1.0,14.019725527559519,0.9999989154886303,1.061509880073046,0.994561670947401,0.984866138613598,14.019725527559519
0.755,0.01796080650945724,1.0,14.02077615436612,0.9999989252636676,1.0613553364882673,0.9945580017593278,0.9849420907376459,14.02077615436612
0.7555000000000001,0.017958701246299343,1.0,14.021823998670024,0.9999989349487743,1.0612007958351344,0.9945543301774301,0.9850178503565848,14.021823998670024
0.756,0.01795659598314145,1.0,14.022869060637019,0.9999989445448567,1.061046258113147,0.9945506562002151,0.9850934174815321,14.022869060637019
0.7565000000000001,0.017954490719983555,1.0,14.02391134043308,0.9999989540528211,1.060891723321805,0.9945469798261896,0.985168792123603,14.02391134043308
0.757,0.017952385456825662,1.0,14.024950838225232,0.9999989634735741,1.0607371914606079,0.9945433010538595,0.9852439742939099,14.024950838225232
0.7575000000000001,0.017950280193667765,1.0,14.02598755418057,0.9999989728080217,1.0605826625290562,0.9945396198817291,0.985318964003562,14.02598755418057
0.758,0.01794817493050987,1.0,14.02702148846893,0.9999989820570706,1.0604281365266492,0.9945359363083025,0.9853937612636665,14.02702148846893
0.7585000000000001,0.017946069667351974,1.0,14.028052641259128,0.9999989912216269,1.0602736134528872,0.994532250332083,0.9854683660853277,14.028052641259128
0.759,0.01794396440419408,1.0,14.029081012722974,0.9999990003025971,1.0601190933072695,0.9945285619515727,0.9855427784796473,14.029081012722974
0.7595000000000001,0.017941859141036187,1.0,14.030106603031118,0.9999990093008876,1.0599645760892964,0.9945248711652729,0.9856169984577239,14.030106603031118
0.76,0.01793975387787829,1.0,14.03112941235587,0.9999990182174046,1.0598100617984678,0.9945211779716842,0.9856910260306538,14.03112941235587
0.7605000000000001,0.017937648614720397,1.0,14.032149440871674,0.9999990270530545,1.059655550434283,0.9945174823693056,0.9857648612095309,14.032149440871674
0.761,0.017935543351562503,1.0,14.03316668875194,0.9999990358087437,1.0595010419962425,0.9945137843566363,0.9858385040054456,14.03316668875194
0.7615000000000001,0.017933438088404606,1.0,14.034181156171982,0.9999990444853786,1.059346536483846,0.9945100839321742,0.9859119544294862,14.034181156171982
0.762,0.017931332825246712,1.0,14.035192843308753,0.9999990530838654,1.0591920338965928,0.9945063810944161,0.9859852124927384,14.035192843308753
0.7625000000000001,0.01792922756208882,1.0,14.036201750338664,0.9999990616051105,1.0590375342339833,0.9945026758418579,0.986058278206285,14.036201750338664
0.763,0.017927122298930922,1.0,14.037207877439535,0.9999990700500204,1.0588830374955174,0.9944989681729951,0.986131151581206,14.037207877439535
0.7635000000000001,0.01792501703577303,1.0,14.03821122479107,0.9999990784195014,1.0587285436806944,0.9944952580863221,0.9862038326285791,14.03821122479107
0.764,0.017922911772615135,1.0,14.03921179257231,0.9999990867144597,1.0585740527890148,0.9944915455803321,0.9862763213594788,14.03921179257231
0.7645000000000001,0.017920806509457238,1.0,14.040209580964552,0.9999990949358019,1.058419564819978,0.9944878306535175,0.9863486177849776,14.040209580964552
0.765,0.017918701246299344,1.0,14.041204590149155,0.9999991030844342,1.058265079773084,0.9944841133043707,0.9864207219161447,14.041204590149155
0.7655000000000001,0.01791659598314145,1.0,14.042196820308877,0.9999991111612629,1.0581105976478327,0.9944803935313817,0.9864926337640468,14.042196820308877
0.766,0.017914490719983554,1.0,14.043186271626906,0.9999991191671945,1.0579561184437238,0.9944766713330411,0.9865643533397482,14.043186271626906
0.7665000000000001,0.01791238545682566,1.0,14.044172944288075,0.9999991271031353,1.0578016421602574,0.9944729467078374,0.9866358806543102,14.044172944288075
0.767,0.017910280193667766,1.0,14.045156838477643,0.9999991349699917,1.057647168796933,0.9944692196542594,0.9867072157187916,14.045156838477643
0.7675000000000001,0.01790817493050987,1.0,14.046137954381654,0.99999914276867,1.0574926983532507,0.9944654901707939,0.9867783585442486,14.046137954381654
0.768,0.017906069667351976,1.0,14.047116292187317,0.9999991505000765,1.0573382308287103,0.9944617582559275,0.9868493091417342,14.047116292187317
0.7685,0.017903964404194082,1.0,14.04809185155757,0.9999991581613354,1.0571837662233567,0.9944580239080923,0.98692006752205,14.04809185155757
0.769,0.017901859141036185,1.0,14.049064626554474,0.9999991657094125,1.0570293045430486,0.9944542871251514,0.9869906336933448,14.049064626554474
0.7695,0.017899753877878292,1.0,14.05003462410867,0.9999991731939899,1.0568748457802895,0.9944505479062787,0.9870610076698731,14.05003462410867
0.77,0.017897648614720398,1.0,14.051001844331347,0.9999991806154471,1.0567203899346618,0.9944468062499503,0.9871311894626397,14.051001844331347
0.7705,0.0178955433515625,1.0,14.051966287334459,0.9999991879741632,1.0565659370057476,0.9944430621546407,0.9872011790826472,14.051966287334459
0.771,0.017893438088404608,1.0,14.05292795323159,0.9999991952705175,1.0564114869931296,0.9944393156188239,0.9872709765408959,14.05292795323159
0.7715,0.017891332825246714,1.0,14.0538868421365,0.9999992025048892,1.05625703989639,0.9944355666409728,0.9873405818483839,14.0538868421365
0.772,0.017889227562088817,1.0,14.054842954163714,0.9999992096776575,1.0561025957151111,0.994431815219559,0.9874099950161072,14.054842954163714
0.7725,0.017887122298930924,1.0,14.055796289429512,0.9999992167892017,1.0559481544488756,0.9944280613530541,0.9874792160550591,14.055796289429512
0.773,0.017885017035773026,1.0,14.056746848050219,0.9999992238399009,1.0557937160972655,0.994424305039928,0.987548244976231,14.056746848050219
0.7735,0.017882911772615133,1.0,14.05769463014379,0.9999992308301344,1.0556392806598633,0.9944205462786502,0.9876170817906118,14.05769463014379
0.774,0.01788080650945724,1.0,14.058639635828339,0.9999992377602815,1.0554848481362515,0.994416785067689,0.9876857265091884,14.058639635828339
0.7745,0.017878701246299346,1.0,14.059581865223485,0.9999992446307215,1.0553304185260124,0.9944130214055119,0.9877541791429452,14.059581865223485
0.775,0.01787659598314145,1.0,14.060521318449014,0.9999992514418334,1.0551759918287282,0.9944092552905858,0.9878224397028644,14.060521318449014
0.7755,0.017874490719983555,1.0,14.061457995626709,0.9999992581939966,1.0550215680439816,0.9944054867213756,0.987890508199926,14.061457995626709
0.776,0.017872385456825658,1.0,14.062391896877893,0.9999992648875903,1.0548671471713549,0.9944017156963469,0.9879583846451075,14.062391896877893
0.7765,0.017870280193667765,1.0,14.063323022326381,0.9999992715229936,1.0547127292104301,0.9943979422139633,0.9880260690493846,14.063323022326381
0.777,0.01786817493050987,1.0,14.064251372095537,0.999999278100586,1.05455831416079,0.9943941662726874,0.9880935614237302,14.064251372095537
0.7775,0.017866069667351978,1.0,14.0651769463101,0.9999992846207465,1.0544039020220166,0.9943903878709816,0.9881608617791152,14.0651769463101
0.778,0.01786396440419408,1.0,14.066099745095467,0.9999992910838544,1.0542494927936927,0.9943866070073071,0.9882279701265083,14.066099745095467
0.7785,0.017861859141036187,1.0,14.067019768578652,0.9999992974902889,1.0540950864754004,0.9943828236801239,0.9882948864768758,14.067019768578652
0.779,0.01785975387787829,1.0,14.067937016886464,0.9999993038404295,1.0539406830667222,0.9943790378878913,0.9883616108411817,14.067937016886464
0.7795,0.017857648614720396,1.0,14.068851490147708,0.9999993101346549,1.0537862825672404,0.9943752496290678,0.9884281432303879,14.068851490147708
0.78,0.017855543351562503,1.0,14.069763188491466,0.9999993163733448,1.0536318849765374,0.9943714589021111,0.9884944836554539,14.069763188491466
0.7805,0.01785343808840461,1.0,14.070672112047827,0.9999993225568783,1.0534774902941955,0.9943676657054775,0.9885606321273369,14.070672112047827
0.781,0.017851332825246712,1.0,14.071578260947415,0.9999993286856346,1.053323098519797,0.9943638700376228,0.988626588656992,14.071578260947415
0.7815,0.01784922756208882,1.0,14.072481635322594,0.9999993347599929,1.0531687096529245,0.9943600718970018,0.9886923532553721,14.072481635322594
0.782,0.01784712229893092,1.0,14.073382235305518,0.9999993407803325,1.0530143236931604,0.9943562712820683,0.9887579259334273,14.073382235305518
0.7825,0.017845017035773028,1.0,14.07428006103045,0.9999993467470326,1.052859940640087,0.9943524681912754,0.9888233067021059,14.07428006103045
0.783,0.017842911772615135,1.0,14.07517511263169,0.9999993526604725,1.0527055604932865,0.9943486626230746,0.9888884955723541,14.07517511263169
0.7835,0.01784080650945724,1.0,14.076067390244667,0.9999993585210313,1.0525511832523413,0.9943448545759177,0.9889534925551153,14.076067390244667
0.784,0.017838701246299344,1.0,14.07695689400522,0.9999993643290882,1.052396808916834,0.9943410440482544,0.9890182976613311,14.07695689400522
0.7845,0.01783659598314145,1.0,14.077843624051402,0.9999993700850227,1.0522424374863468,0.9943372310385343,0.9890829109019406,14.077843624051402
0.785,0.017834490719983553,1.0,14.07872758052058,0.9999993757892138,1.0520880689604621,0.9943334155452055,0.9891473322878805,14.07872758052058
0.7855,0.01783238545682566,1.0,14.079608763551857,0.9999993814420408,1.0519337033387626,0.9943295975667155,0.9892115618300856,14.079608763551857
0.786,0.017830280193667766,1.0,14.080487173285588,0.9999993870438829,1.05177934062083,0.994325777101511,0.9892755995394883,14.080487173285588
0.7865,0.01782817493050987,1.0,14.081362809861677,0.9999993925951194,1.0516249808062472,0.9943219541480374,0.9893394454270185,14.081362809861677
0.787,0.017826069667351976,1.0,14.082235673422609,0.9999993980961295,1.0514706238945963,0.9943181287047395,0.989403099503604,14.082235673422609
0.7875,0.017823964404194082,1.0,14.083105764110428,0.9999994035472924,1.05131626988546,0.9943143007700612,0.9894665617801706,14.083105764110428
0.788,0.017821859141036185,1.0,14.083973082068301,0.9999994089489874,1.0511619187784202,0.9943104703424452,0.9895298322676414,14.083973082068301
0.7885,0.01781975387787829,1.0,14.084837627441125,0.9999994143015937,1.0510075705730597,0.9943066374203335,0.9895929109769374,14.084837627441125
0.789,0.017817648614720398,1.0,14.085699400373475,0.9999994196054904,1.0508532252689609,0.9943028020021669,0.9896557979189773,14.085699400373475
0.7895,0.0178155433515625,1.0,14.08655840101153,0.9999994248610571,1.0506988828657058,0.9942989640863861,0.9897184931046777,14.08655840101153
0.79,0.017813438088404607,1.0,14.087414629502605,0.9999994300686725,1.0505445433628768,0.9942951236714297,0.9897809965449531,14.087414629502605
0.7905,0.017811332825246714,1.0,14.088268085994285,0.9999994352287164,1.0503902067600566,0.994291280755736,0.989843308250715,14.088268085994285
0.791,0.017809227562088817,1.0,14.089118770635032,0.9999994403415675,1.0502358730568273,0.9942874353377426,0.9899054282328733,14.089118770635032
0.7915,0.017807122298930923,1.0,14.089966683574564,0.9999994454076054,1.0500815422527716,0.9942835874158857,0.9899673565023354,14.089966683574564
0.792,0.01780501703577303,1.0,14.090811824963597,0.9999994504272093,1.0499272143474716,0.994279736988601,0.9900290930700065,14.090811824963597
0.7925,0.017802911772615133,1.0,14.091654194953,0.9999994554007583,1.0497728893405096,0.994275884054323,0.9900906379467895,14.091654194953
0.793,0.01780080650945724,1.0,14.092493793695494,0.9999994603286316,1.0496185672314682,0.9942720286114851,0.9901519911435851,14.092493793695494
0.7935,0.017798701246299346,1.0,14.093330621343837,0.9999994652112086,1.0494642480199297,0.9942681706585206,0.9902131526712915,14.093330621343837
0.794,0.01779659598314145,1.0,14.094164678052142,0.9999994700488685,1.0493099317054762,0.9942643101938604,0.9902741225408052,14.094164678052142
0.7945,0.017794490719983555,1.0,14.094995963975407,0.9999994748419904,1.0491556182876904,0.9942604472159363,0.9903349007630194,14.094995963975407
0.795,0.01779238545682566,1.0,14.095824479268906,0.9999994795909536,1.0490013077661549,0.9942565817231778,0.9903954873488263,14.095824479268906
0.7955,0.017790280193667764,1.0,14.096650224089634,0.9999994842961373,1.0488470001404515,0.9942527137140137,0.990455882309115,14.096650224089634
0.796,0.01778817493050987,1.0,14.097473198595106,0.9999994889579209,1.048692695410163,0.9942488431868726,0.9905160856547723,14.097473198595106
0.7965,0.017786069667351977,1.0,14.098293402943586,0.9999994935766834,1.0485383935748716,0.9942449701401813,0.9905760973966835,14.098293402943586
0.797,0.01778396440419408,1.0,14.09911083729423,0.9999994981528042,1.0483840946341594,0.9942410945723662,0.9906359175457309,14.09911083729423
0.7975,0.017781859141036187,1.0,14.099925501807302,0.9999995026866625,1.0482297985876095,0.9942372164818527,0.9906955461127945,14.099925501807302
0.798,0.017779753877878293,1.0,14.100737396644067,0.9999995071786375,1.0480755054348034,0.994233335867065,0.9907549831087528,14.100737396644067
0.7985,0.017777648614720396,1.0,14.101546521965576,0.9999995116291084,1.0479212151753243,0.9942294527264266,0.9908142285444811,14.101546521965576
0.799,0.017775543351562503,1.0,14.102352877935694,0.9999995160384545,1.047766927808754,0.9942255670583598,0.9908732824308532,14.102352877935694
0.7995,0.017773438088404606,1.0,14.1031564647171,0.999999520407055,1.047612643334675,0.9942216788612869,0.99093214477874,14.1031564647171
0.8,0.017771332825246712,1.0,14.103957282475058,0.9999995247352891,1.0474583617526698,0.9942177881336278,0.9909908155990109,14.103957282475058
0.8005,0.01776922756208882,1.0,14.104755331374472,0.9999995290235361,1.0473040830623208,0.9942138948738026,0.9910492949025322,14.104755331374472
0.801,0.017767122298930925,1.0,14.105550611581869,0.9999995332721752,1.0471498072632102,0.99420999908023,0.9911075827001685,14.105550611581869
0.8015,0.017765017035773028,1.0,14.106343123263905,0.9999995374815857,1.0469955343549204,0.9942061007513279,0.991165679002782,14.106343123263905
0.802,0.017762911772615134,1.0,14.107132866589096,0.9999995416521467,1.046841264337034,0.9942021998855132,0.9912235838212324,14.107132866589096
0.8025,0.017760806509457237,1.0,14.107919841725971,0.9999995457842374,1.046686997209133,0.994198296481202,0.9912812971663776,14.107919841725971
0.803,0.017758701246299344,1.0,14.10870404884491,0.9999995498782372,1.0465327329708,0.9941943905368092,0.9913388190490728,14.10870404884491
0.8035,0.01775659598314145,1.0,14.109485488115823,0.9999995539345253,1.0463784716216176,0.9941904820507493,0.9913961494801713,14.109485488115823
0.804,0.017754490719983553,1.0,14.110264159710344,0.9999995579534809,1.0462242131611676,0.9941865710214352,0.9914532884705237,14.110264159710344
0.8045,0.01775238545682566,1.0,14.111040063801351,0.9999995619354832,1.0460699575890329,0.994182657447279,0.9915102360309789,14.111040063801351
0.805,0.017750280193667766,1.0,14.11181320056161,0.9999995658809115,1.0459157049047956,0.9941787413266924,0.991566992172383,14.11181320056161
0.8055,0.01774817493050987,1.0,14.112583570165128,0.999999569790145,1.045761455108038,0.9941748226580855,0.99162355690558,14.112583570165128
0.806,0.017746069667351975,1.0,14.113351172787146,0.9999995736635628,1.045607208198343,0.9941709014398682,0.991679930241412,14.113351172787146
0.8065,0.017743964404194082,1.0,14.114116008603657,0.9999995775015444,1.0454529641752923,0.9941669776704486,0.9917361121907183,14.114116008603657
0.807,0.017741859141036185,1.0,14.114878077790788,0.9999995813044689,1.0452987230384687,0.9941630513482341,0.9917921027643364,14.114878077790788
0.8075,0.01773975387787829,1.0,14.115637380527124,0.9999995850727155,1.0451444847874543,0.9941591224716321,0.9918479019731012,14.115637380527124
0.808,0.017737648614720398,1.0,14.116393916990162,0.9999995888066634,1.0449902494218317,0.9941551910390477,0.9919035098278455,14.116393916990162
0.8085,0.0177355433515625,1.0,14.117147687359493,0.9999995925066919,1.0448360169411832,0.9941512570488857,0.9919589263393997,14.117147687359493
0.809,0.017733438088404607,1.0,14.11789869181582,0.9999995961731802,1.044681787345091,0.9941473204995501,0.9920141515185922,14.11789869181582
0.8095,0.017731332825246714,1.0,14.118646930539732,0.9999995998065075,1.044527560633138,0.9941433813894439,0.9920691853762489,14.118646930539732
0.81,0.017729227562088817,1.0,14.119392403713055,0.9999996034070532,1.0443733368049057,0.9941394397169689,0.9921240279231935,14.119392403713055
0.8105,0.017727122298930923,1.0,14.12013511151885,0.9999996069751964,1.0442191158599774,0.994135495480526,0.9921786791702476,14.12013511151885
0.811,0.01772501703577303,1.0,14.120875054140923,0.9999996105113164,1.0440648977979348,0.9941315486785155,0.9922331391282303,14.120875054140923
0.8115,0.017722911772615133,1.0,14.121612231763207,0.9999996140157922,1.0439106826183606,0.9941275993093363,0.9922874078079584,14.121612231763207
0.812,0.01772080650945724,1.0,14.122346644571845,0.9999996174890033,1.043756470320837,0.9941236473713867,0.9923414852202468,14.122346644571845
0.8125,0.017718701246299345,1.0,14.123078292752632,0.9999996209313289,1.0436022609049467,0.994119692863064,0.9923953713759078,14.123078292752632
0.8130000000000001,0.01771659598314145,1.0,14.12380717649259,0.9999996243431482,1.0434480543702718,0.9941157357827644,0.9924490662857516,14.12380717649259
0.8135,0.017714490719983555,1.0,14.124533295980212,0.9999996277248403,1.0432938507163947,0.9941117761288831,0.9925025699605862,14.124533295980212
0.8140000000000001,0.01771238545682566,1.0,14.125256651404007,0.9999996310767846,1.0431396499428978,0.9941078138998148,0.992555882411217,14.125256651404007
0.8145,0.017710280193667764,1.0,14.125977242953583,0.9999996343993602,1.0429854520493633,0.9941038490939531,0.9926090036484475,14.125977242953583
0.8150000000000001,0.01770817493050987,1.0,14.126695070819913,0.9999996376929465,1.042831257035374,0.99409988170969,0.9926619336830789,14.126695070819913
0.8155,0.017706069667351977,1.0,14.127410135194086,0.9999996409579227,1.042677064900512,0.9940959117454172,0.99271467252591,14.127410135194086
0.8160000000000001,0.01770396440419408,1.0,14.128122436268553,0.9999996441946678,1.0425228756443594,0.9940919391995257,0.9927672201877373,14.128122436268553
0.8165,0.017701859141036187,1.0,14.128831974236498,0.9999996474035613,1.0423686892664992,0.9940879640704046,0.9928195766793554,14.128831974236498
0.8170000000000001,0.01769975387787829,1.0,14.129538748151587,0.9999996505814853,1.0422145057676933,0.9940839863564079,0.9928717420111576,14.129538748151587
0.8175,0.017697648614720396,1.0,14.130242740543125,0.9999996536748078,1.042060325165807,0.9940800060553778,0.9929237161877863,14.130242740543125
0.8180000000000001,0.017695543351562502,1.0,14.130943971083388,0.9999996567438334,1.0419061474402647,0.9940760231663087,0.9929754992268592,14.130943971083388
0.8185,0.01769343808840461,1.0,14.131642439864354,0.999999659788684,1.0417519725907574,0.9940720376875841,0.9930270911391226,14.131642439864354
0.8190000000000001,0.017691332825246712,1.0,14.1323381469786,0.9999996628094814,1.0415978006169757,0.9940680496175874,0.9930784919353214,14.1323381469786
0.8195,0.01768922756208882,1.0,14.133031092519559,0.9999996658063475,1.041443631518611,0.9940640589547002,0.9931297016261983,14.133031092519559
0.8200000000000001,0.01768712229893092,1.0,14.133721276581623,0.9999996687794042,1.041289465295354,0.9940600656973035,0.993180720222495,14.133721276581623
0.8205,0.017685017035773028,1.0,14.134408699259806,0.9999996717287731,1.0411353019468959,0.9940560698437779,0.9932315477349508,14.134408699259806
0.8210000000000001,0.017682911772615134,1.0,14.135093360650442,0.9999996746545763,1.040981141472927,0.994052071392502,0.9932821841743037,14.135093360650442
0.8215,0.01768080650945724,1.0,14.13577526084987,0.9999996775569355,1.0408269838731392,0.994048070341854,0.9933326295512898,14.13577526084987
0.8220000000000001,0.017678701246299344,1.0,14.136454399956001,0.9999996804359728,1.0406728291472227,0.9940440666902113,0.9933828838766433,14.136454399956001
0.8225,0.01767659598314145,1.0,14.137130778067354,0.9999996832918098,1.040518677294869,0.9940400604359501,0.9934329471610971,14.137130778067354
0.8230000000000001,0.017674490719983553,1.0,14.137804395283537,0.9999996861245684,1.0403645283157683,0.9940360515774455,0.9934828194153822,14.137804395283537
0.8235,0.01767238545682566,1.0,14.138475251704394,0.9999996889343704,1.0402103822096125,0.9940320401130721,0.9935325006502275,14.138475251704394
0.8240000000000001,0.017670280193667766,1.0,14.139143347431354,0.9999996917213377,1.040056238976092,0.994028026041203,0.9935819908763609,14.139143347431354
0.8245,0.017668174930509872,1.0,14.139808682566315,0.9999996944855923,1.0399020986148975,0.9940240093602106,0.993631290104508,14.139808682566315
0.8250000000000001,0.017666069667351975,1.0,14.14047125721142,0.9999996972272559,1.0397479611257205,0.9940199900684666,0.9936803983453928,14.14047125721142
0.8255,0.01766396440419408,1.0,14.141131071471364,0.9999996999464504,1.0395938265082516,0.9940159681643412,0.9937293156097379,14.141131071471364
0.8260000000000001,0.017661859141036185,1.0,14.141788125449608,0.9999997026432976,1.039439694762182,0.9940119436462043,0.9937780419082637,14.141788125449608
0.8265,0.01765975387787829,1.0,14.142442419251926,0.9999997053179194,1.0392855658872027,0.9940079165124239,0.993826577251689,14.142442419251926
0.8270000000000001,0.017657648614720398,1.0,14.143093952984822,0.9999997079704376,1.039131439883004,0.994003886761368,0.9938749216507313,14.143093952984822
0.8275,0.017655543351562504,1.0,14.143742726754652,0.999999710600974,1.0389773167492777,0.993999854391403,0.9939230751161059,14.143742726754652
0.8280000000000001,0.017653438088404607,1.0,14.144388740669118,0.9999997132096506,1.0388231964857144,0.9939958194008948,0.9939710376585265,14.144388740669118
0.8285,0.017651332825246713,1.0,14.145031994837613,0.9999997157965892,1.038669079092005,0.9939917817882078,0.994018809288705,14.145031994837613
0.8290000000000001,0.017649227562088816,1.0,14.145672489369282,0.9999997183619116,1.0385149645678404,0.9939877415517061,0.994066390017352,14.145672489369282
0.8295,0.017647122298930923,1.0,14.146310224374712,0.9999997209057396,1.0383608529129116,0.9939836986897519,0.9941137798551759,14.146310224374712
0.8300000000000001,0.01764501703577303,1.0,14.146945199964977,0.9999997234281952,1.0382067441269096,0.9939796532007076,0.9941609788128835,14.146945199964977
0.8305,0.017642911772615132,1.0,14.147577416251746,0.9999997259294002,1.0380526382095254,0.9939756050829337,0.9942079869011798,14.147577416251746
0.8310000000000001,0.01764080650945724,1.0,14.14820687334851,0.9999997284094765,1.03789853516045,0.99397155433479,0.9942548041307686,14.14820687334851
0.8315,0.017638701246299345,1.0,14.14883357136874,0.9999997308685458,1.037744434979374,0.9939675009546358,0.9943014305123512,14.14883357136874
0.8320000000000001,0.017636595983141448,1.0,14.149457510427,0.99999973330673,1.0375903376659887,0.9939634449408286,0.9943478660566278,14.149457510427
0.8325,0.017634490719983555,1.0,14.150078690638816,0.9999997357241509,1.037436243219985,0.9939593862917255,0.9943941107742965,14.150078690638816
0.833,0.01763238545682566,1.0,14.150697112120552,0.9999997381209306,1.0372821516410538,0.9939553250056826,0.9944401646760539,14.150697112120552
0.8335,0.017630280193667764,1.0,14.151312774988806,0.9999997404971906,1.037128062928886,0.9939512610810548,0.9944860277725948,14.151312774988806
0.834,0.01762817493050987,1.0,14.151925679362117,0.9999997428530532,1.0369739770831725,0.9939471945161962,0.9945317000746121,14.151925679362117
0.8345,0.017626069667351977,1.0,14.152535825359005,0.9999997451886398,1.0368198941036046,0.9939431253094597,0.9945771815927974,14.152535825359005
0.835,0.01762396440419408,1.0,14.153143213098952,0.9999997475040724,1.0366658139898728,0.9939390534591978,0.9946224723378402,14.153143213098952
0.8355,0.017621859141036186,1.0,14.153747842702893,0.9999997497994729,1.0365117367416683,0.9939349789637612,0.9946675723204285,14.153747842702893
0.836,0.017619753877878293,1.0,14.154349714291632,0.9999997520749632,1.036357662358682,0.9939309018215003,0.9947124815512483,14.154349714291632
0.8365,0.017617648614720396,1.0,14.154948827987528,0.999999754330665,1.0362035908406049,0.9939268220307644,0.9947572000409843,14.154948827987528
0.837,0.017615543351562502,1.0,14.155545183913548,0.9999997565667003,1.036049522187128,0.9939227395899013,0.9948017278003191,14.155545183913548
0.8375,0.01761343808840461,1.0,14.156138782193862,0.9999997587831908,1.035895456397942,0.9939186544972586,0.9948460648399338,14.156138782193862
0.838,0.01761133282524671,1.0,14.156729622952255,0.9999997609802586,1.035741393472738,0.9939145667511825,0.9948902111705077,14.156729622952255
0.8385,0.017609227562088818,1.0,14.157317706315181,0.9999997631580252,1.035587333411207,0.9939104763500183,0.9949341668027184,14.157317706315181
0.839,0.017607122298930925,1.0,14.157903032408468,0.9999997653166127,1.0354332762130398,0.9939063832921103,0.9949779317472417,14.157903032408468
0.8395,0.017605017035773027,1.0,14.158485601359148,0.9999997674561429,1.0352792218779276,0.9939022875758018,0.9950215060147518,14.158485601359148
0.84,0.017602911772615134,1.0,14.159065413295577,0.9999997695767376,1.0351251704055613,0.9938981891994351,0.9950648896159211,14.159065413295577
0.8405,0.01760080650945724,1.0,14.159642468346826,0.9999997716785187,1.0349711217956314,0.9938940881613515,0.9951080825614205,14.159642468346826
0.841,0.017598701246299343,1.0,14.160216766641584,0.9999997737616081,1.0348170760478297,0.993889984459892,0.9951510848619186,14.160216766641584
0.8415,0.01759659598314145,1.0,14.16078830831157,0.9999997758261275,1.0346630331618463,0.9938858780933951,0.995193896528083,14.16078830831157
0.842,0.017594490719983556,1.0,14.161357093487387,0.999999777872199,1.0345089931373728,0.9938817690602002,0.9952365175705791,14.161357093487387
0.8425,0.01759238545682566,1.0,14.161923122301333,0.999999779899944,1.0343549559740997,0.993877657358644,0.9952789480000707,14.161923122301333
0.843,0.017590280193667766,1.0,14.162486394886775,0.9999997819094849,1.034200921671718,0.9938735429870635,0.99532118782722,14.162486394886775
0.8435,0.01758817493050987,1.0,14.163046911377071,0.9999997839009431,1.034046890229919,0.9938694259437939,0.9953632370626874,14.163046911377071
0.844,0.017586069667351975,1.0,14.163604671907384,0.9999997858744407,1.0338928616483933,0.9938653062271701,0.9954050957171314,14.163604671907384
0.8445,0.01758396440419408,1.0,14.164159676613107,0.9999997878300996,1.033738835926832,0.9938611838355252,0.9954467638012092,14.164159676613107
0.845,0.017581859141036188,1.0,14.164711925630458,0.9999997897680414,1.0335848130649261,0.9938570587671919,0.9954882413255759,14.164711925630458
0.8455,0.01757975387787829,1.0,14.16526141909674,0.9999997916883882,1.0334307930623663,0.993852931020502,0.9955295283008849,14.16526141909674
0.846,0.017577648614720397,1.0,14.16580815714997,0.9999997935912616,1.033276775918844,0.9938488005937859,0.9955706247377882,14.16580815714997
0.8465,0.0175755433515625,1.0,14.166352139928746,0.9999997954767836,1.0331227616340497,0.9938446674853734,0.9956115306469357,14.166352139928746
0.847,0.017573438088404607,1.0,14.166893367573358,0.9999997973450762,1.0329687502076745,0.9938405316935928,0.9956522460389758,14.166893367573358
0.8475,0.017571332825246713,1.0,14.1674318402242,0.9999997991962609,1.0328147416394093,0.9938363932167722,0.9956927709245552,14.1674318402242
0.848,0.01756922756208882,1.0,14.167967558022122,0.9999998010304598,1.0326607359289455,0.9938322520532377,0.9957331053143188,14.167967558022122
0.8485,0.017567122298930923,1.0,14.168500521109546,0.9999998028477948,1.0325067330759734,0.9938281082013154,0.9957732492189096,14.168500521109546
0.849,0.01756501703577303,1.0,14.169030729629851,0.9999998046483874,1.0323527330801843,0.9938239616593301,0.9958132026489694,14.169030729629851
0.8495,0.017562911772615132,1.0,14.16955818372651,0.9999998064323599,1.032198735941269,0.993819812425605,0.9958529656151377,14.16955818372651
0.85,0.01756080650945724,1.0,14.170082883544431,0.9999998081998339,1.0320447416589187,0.9938156604984634,0.9958925381280527,14.170082883544431
0.8505,0.017558701246299345,1.0,14.170604829229127,0.9999998099509313,1.031890750232824,0.9938115058762265,0.9959319201983505,14.170604829229127
0.851,0.01755659598314145,1.0,14.171124020926923,0.9999998116857739,1.0317367616626762,0.9938073485572155,0.995971111836666,14.171124020926923
0.8515,0.017554490719983554,1.0,14.171640458784863,0.9999998134044835,1.031582775948166,0.9938031885397498,0.9960101130536319,14.171640458784863
0.852,0.01755238545682566,1.0,14.172154142951065,0.9999998151071822,1.0314287930889845,0.9937990258221483,0.9960489238598792,14.172154142951065
0.8525,0.017550280193667764,1.0,14.172665073574104,0.9999998167939916,1.0312748130848226,0.9937948604027289,0.9960875442660376,14.172665073574104
0.853,0.01754817493050987,1.0,14.173173250804366,0.9999998184650337,1.0311208359353712,0.993790692279808,0.9961259742827349,14.173173250804366
0.8535,0.017546069667351977,1.0,14.173678674791725,0.9999998201204303,1.0309668616403214,0.9937865214517019,0.9961642139205967,14.173678674791725
0.854,0.017543964404194083,1.0,14.174181345687856,0.9999998217603032,1.0308128901993638,0.993782347916725,0.9962022631902477,14.174181345687856
0.8545,0.017541859141036186,1.0,14.174681263644286,0.9999998233847743,1.03065892161219,0.9937781716731915,0.9962401221023104,14.174681263644286
0.855,0.017539753877878293,1.0,14.175178428814966,0.9999998249939654,1.0305049558784902,0.9937739927194137,0.9962777906674054,14.175178428814966
0.8555,0.017537648614720396,1.0,14.175672841352956,0.9999998265879986,1.0303509929979557,0.9937698110537039,0.9963152688961522,14.175672841352956
0.856,0.017535543351562502,1.0,14.176164501413243,0.9999998281669953,1.0301970329702776,0.9937656266743726,0.9963525567991679,14.176164501413243
0.8565,0.01753343808840461,1.0,14.176653409151161,0.9999998297310777,1.0300430757951469,0.9937614395797298,0.9963896543870683,14.176653409151161
0.857,0.01753133282524671,1.0,14.177139564722985,0.9999998312803675,1.029889121472254,0.9937572497680845,0.9964265616704674,14.177139564722985
0.8575,0.017529227562088818,1.0,14.177622968286189,0.9999998328149867,1.0297351700012904,0.9937530572377442,0.9964632786599774,14.177622968286189
0.858,0.017527122298930924,1.0,14.178103619998335,0.9999998343350569,1.0295812213819469,0.993748861987016,0.996499805366209,14.178103619998335
0.8585,0.017525017035773027,1.0,14.178581520018186,0.9999998358407002,1.0294272756139142,0.9937446640142054,0.9965361417997709,14.178581520018186
0.859,0.017522911772615134,1.0,14.179056668505813,0.9999998373320383,1.0292733326968835,0.9937404633176178,0.9965722879712703,14.179056668505813
0.8595,0.01752080650945724,1.0,14.179529065621258,0.9999998388091932,1.0291193926305457,0.9937362598955567,0.9966082438913124,14.179529065621258
0.86,0.017518701246299343,1.0,14.179998711525512,0.9999998402722865,1.028965455414592,0.9937320537463249,0.9966440095705011,14.179998711525512
0.8605,0.01751659598314145,1.0,14.180465606381125,0.9999998417214403,1.028811521048713,0.9937278448682247,0.9966795850194383,14.180465606381125
0.861,0.017514490719983556,1.0,14.180929750350984,0.9999998431567763,1.0286575895325998,0.9937236332595565,0.9967149702487241,14.180929750350984
0.8615,0.01751238545682566,1.0,14.181391143598674,0.9999998445784164,1.028503660865943,0.9937194189186203,0.9967501652689572,14.181391143598674
0.862,0.017510280193667765,1.0,14.18184978628861,0.9999998459864824,1.0283497350484343,0.9937152018437151,0.9967851700907343,14.18184978628861
0.8625,0.017508174930509872,1.0,14.182305678586392,0.9999998473810963,1.028195812079764,0.9937109820331386,0.9968199847246505,14.182305678586392
0.863,0.017506069667351975,1.0,14.182758820658204,0.9999998487623798,1.0280418919596233,0.9937067594851877,0.9968546091812993,14.182758820658204
0.8635,0.01750396440419408,1.0,14.183209212670928,0.9999998501304548,1.0278879746877032,0.9937025341981586,0.996889043471272,14.183209212670928
0.864,0.017501859141036188,1.0,14.183656854792758,0.9999998514854431,1.0277340602636944,0.9936983061703456,0.996923287605159,14.183656854792758
0.8645,0.01749975387787829,1.0,14.184101747191736,0.9999998528274666,1.0275801486872882,0.9936940754000427,0.9969573415935483,14.184101747191736
0.865,0.017497648614720397,1.0,14.184543890038066,0.9999998541566473,1.0274262399581753,0.9936898418855431,0.9969912054470264,14.184543890038066
0.8655,0.017495543351562504,1.0,14.184983283501682,0.9999998554731068,1.0272723340760468,0.9936856056251384,0.997024879176178,14.184983283501682
0.866,0.017493438088404607,1.0,14.185419927753577,0.999999856776967,1.0271184310405934,0.9936813666171194,0.9970583627915863,14.185419927753577
0.8665,0.017491332825246713,1.0,14.18585382296618,0.9999998580683499,1.0269645308515063,0.9936771248597759,0.9970916563038327,14.18585382296618
0.867,0.01748922756208882,1.0,14.186284969311886,0.9999998593473771,1.0268106335084766,0.9936728803513971,0.9971247597234966,14.186284969311886
0.8675,0.017487122298930922,1.0,14.186713366964275,0.9999998606141708,1.0266567390111947,0.9936686330902704,0.9971576730611562,14.186713366964275
0.868,0.01748501703577303,1.0,14.18713901609812,0.9999998618688525,1.026502847359352,0.9936643830746831,0.9971903963273876,14.18713901609812
0.8685,0.017482911772615135,1.0,14.187561916888393,0.9999998631115443,1.0263489585526395,0.9936601303029203,0.9972229295327651,14.187561916888393
0.869,0.01748080650945724,1.0,14.187982069511024,0.9999998643423679,1.0261950725907478,0.9936558747732676,0.9972552726878618,14.187982069511024
0.8695,0.017478701246299345,1.0,14.188399474143361,0.9999998655614452,1.026041189473368,0.9936516164840083,0.9972874258032486,14.188399474143361
0.87,0.017476595983141448,1.0,14.188814130962598,0.9999998667688981,1.0258873092001912,0.9936473554334252,0.9973193888894948,14.188814130962598
0.8705,0.017474490719983554,1.0,14.189226040147604,0.9999998679648483,1.0257334317709084,0.9936430916198005,0.997351161957168,14.189226040147604
0.871,0.01747238545682566,1.0,14.189635201877703,0.9999998691494179,1.0255795571852102,0.9936388250414144,0.9973827450168342,14.189635201877703
0.8715,0.017470280193667767,1.0,14.19004161633303,0.9999998703227285,1.0254256854427877,0.9936345556965471,0.9974141380790577,14.19004161633303
0.872,0.01746817493050987,1.0,14.190445283694304,0.9999998714849021,1.0252718165433319,0.9936302835834774,0.9974453411544008,14.190445283694304
0.8725,0.017466069667351976,1.0,14.190846204143668,0.9999998726360605,1.0251179504865338,0.9936260087004825,0.9974763542534242,14.190846204143668
0.873,0.01746396440419408,1.0,14.191244377863104,0.9999998737763255,1.0249640872720844,0.9936217310458398,0.997507177386687,14.191244377863104
0.8735,0.017461859141036186,1.0,14.191639805037127,0.9999998749058191,1.0248102268996744,0.9936174506178245,0.9975378105647467,14.191639805037127
0.874,0.017459753877878292,1.0,14.192032485849229,0.999999876024663,1.024656369368995,0.9936131674147116,0.9975682537981587,14.192032485849229
0.8745,0.017457648614720395,1.0,14.192422420484458,0.9999998771329791,1.0245025146797369,0.9936088814347747,0.9975985070974771,14.192422420484458
0.875,0.017455543351562502,1.0,14.192809609128924,0.9999998782308892,1.0243486628315914,0.9936045926762865,0.9976285704732539,14.192809609128924
0.8755000000000001,0.017453438088404608,1.0,14.193194051969428,0.9999998793185153,1.0241948138242492,0.9936003011375186,0.9976584439360396,14.193194051969428
0.876,0.01745133282524671,1.0,14.193575749193098,0.9999998803959792,1.0240409676574012,0.993596006816742,0.9976881274963831,14.193575749193098
0.8765000000000001,0.017449227562088818,1.0,14.19395470098886,0.9999998814634026,1.0238871243307384,0.9935917097122258,0.9977176211648314,14.19395470098886
0.877,0.017447122298930924,1.0,14.19433090754535,0.9999998825209074,1.023733283843952,0.9935874098222388,0.9977469249519296,14.19433090754535
0.8775000000000001,0.017445017035773027,1.0,14.194704369052387,0.9999998835686157,1.0235794461967327,0.9935831071450486,0.9977760388682215,14.194704369052387
0.878,0.017442911772615134,1.0,14.195075085701342,0.999999884606649,1.0234256113887714,0.993578801678922,0.997804962924249,14.195075085701342
0.8785000000000001,0.01744080650945724,1.0,14.195443057683665,0.9999998856351294,1.0232717794197592,0.9935744934221243,0.9978336971305523,14.195443057683665
0.879,0.017438701246299343,1.0,14.195808285191253,0.9999998866541787,1.023117950289387,0.9935701823729203,0.9978622414976698,14.195808285191253
0.8795000000000001,0.01743659598314145,1.0,14.196170768417796,0.9999998876639186,1.022964123997346,0.9935658685295733,0.9978905960361381,14.196170768417796
0.88,0.017434490719983556,1.0,14.196530507557311,0.9999998886644711,1.0228103005433267,0.9935615518903459,0.9979187607564924,14.196530507557311
0.8805000000000001,0.01743238545682566,1.0,14.196887502804499,0.999999889655958,1.0226564799270201,0.9935572324534998,0.9979467356692662,14.196887502804499
0.881,0.017430280193667765,1.0,14.197241754355002,0.9999998906385013,1.0225026621481177,0.9935529102172952,0.9979745207849907,14.197241754355002
0.8815000000000001,0.01742817493050987,1.0,14.197593262405524,0.9999998916122225,1.0223488472063098,0.9935485851799913,0.9980021161141961,14.197593262405524
0.882,0.017426069667351975,1.0,14.19794202715296,0.9999998925772438,1.0221950351012876,0.9935442573398473,0.9980295216674104,14.19794202715296
0.8825000000000001,0.01742396440419408,1.0,14.198288048795884,0.9999998935336868,1.0220412258327423,0.9935399266951199,0.9980567374551602,14.198288048795884
0.883,0.017421859141036188,1.0,14.198631327532937,0.9999998944816735,1.0218874194003644,0.9935355932440657,0.9980837634879702,14.198631327532937
0.8835000000000001,0.01741975387787829,1.0,14.19897186356358,0.9999998954213257,1.0217336158038453,0.99353125698494,0.9981105997763634,14.19897186356358
0.884,0.017417648614720397,1.0,14.199309657089062,0.9999998963527653,1.0215798150428754,0.9935269179159975,0.9981372463308611,14.199309657089062
0.8845000000000001,0.017415543351562503,1.0,14.199644708309973,0.9999998972761142,1.0214260171171463,0.9935225760354913,0.998163703161983,14.199644708309973
0.885,0.017413438088404606,1.0,14.199977017428942,0.999999898191494,1.0212722220263484,0.9935182313416735,0.9981899702802469,14.199977017428942
0.8855000000000001,0.017411332825246713,1.0,14.200306584648795,0.9999998990990268,1.021118429770173,0.9935138838327954,0.9982160476961691,14.200306584648795
0.886,0.01740922756208882,1.0,14.20063341017353,0.9999998999988343,1.0209646403483108,0.9935095335071075,0.998241935420264,14.20063341017353
0.8865000000000001,0.017407122298930922,1.0,14.200957494207104,0.9999999008910385,1.020810853760453,0.9935051803628586,0.9982676334630441,14.200957494207104
0.887,0.01740501703577303,1.0,14.201278836955513,0.9999999017757611,1.0206570700062905,0.9935008243982973,0.9982931418350208,14.201278836955513
0.8875000000000001,0.01740291177261513,1.0,14.201597438624812,0.9999999026531241,1.020503289085514,0.9934964656116708,0.9983184605467034,14.201597438624812
0.888,0.017400806509457238,1.0,14.201913299422007,0.9999999035232492,1.0203495109978147,0.9934921040012248,0.9983435896085993,14.201913299422007
0.8885000000000001,0.017398701246299345,1.0,14.202226419554897,0.9999999043862583,1.0201957357428835,0.9934877395652046,0.9983685290312144,14.202226419554897
0.889,0.01739659598314145,1.0,14.202536799232098,0.9999999052422732,1.0200419633204114,0.9934833723018542,0.9983932788250531,14.202536799232098
0.8895000000000001,0.017394490719983554,1.0,14.202844438662908,0.999999906091416,1.0198881937300892,0.993479002209417,0.9984178390006178,14.202844438662908
0.89,0.01739238545682566,1.0,14.203149338058049,0.9999999069338082,1.019734426971608,0.9934746292861345,0.9984422095684091,14.203149338058049
0.8905000000000001,0.017390280193667763,1.0,14.203451497627945,0.9999999077695719,1.0195806630446587,0.9934702535302482,0.9984663905389262,14.203451497627945
0.891,0.01738817493050987,1.0,14.203750917585054,0.9999999085988289,1.0194269019489322,0.9934658749399977,0.9984903819226663,14.203750917585054
0.8915000000000001,0.017386069667351976,1.0,14.20404759814191,0.9999999094217009,1.0192731436841194,0.9934614935136218,0.9985141837301251,14.20404759814191
0.892,0.017383964404194083,1.0,14.204341539511722,0.99999991023831,1.0191193882499114,0.9934571092493587,0.9985377959717966,14.204341539511722
0.8925000000000001,0.017381859141036186,1.0,14.204632291262122,0.9999999110223465,1.0189656361111548,0.9934527221581719,0.998561218587597,14.204632291262122
0.893,0.017379753877878292,1.0,14.204920226114458,0.9999999117943167,1.0188118868830311,0.993448332227765,0.9985844516476001,14.204920226114458
0.8935000000000001,0.017377648614720395,1.0,14.205205456042522,0.9999999125606867,1.018658140449875,0.9934439394532121,0.998607495179811,14.205205456042522
0.894,0.0173755433515625,1.0,14.205487980545799,0.9999999133214805,1.018504396812119,0.9934395438327644,0.9986303491944786,14.205487980545799
0.8945000000000001,0.017373438088404608,1.0,14.205767799124038,0.9999999140767221,1.0183506559701963,0.9934351453646719,0.998653013701854,14.205767799124038
0.895,0.017371332825246714,1.0,14.20604491127787,0.9999999148264355,1.0181969179245394,0.9934307440471833,0.9986754887121904,14.20604491127787
0.8955000000000001,0.017369227562088817,1.0,14.206319316508436,0.9999999155706445,1.0180431826755811,0.9934263398785472,0.9986977742357425,14.206319316508436
0.896,0.017367122298930924,1.0,14.206591014318006,0.9999999163093731,1.0178894502237548,0.99342193285701,0.9987198702827672,14.206591014318006
0.8965,0.017365017035773027,1.0,14.206860004209613,0.9999999170426452,1.0177357205694926,0.993417522980818,0.9987417768635235,14.206860004209613
0.897,0.017362911772615133,1.0,14.207126285687039,0.999999917770485,1.0175819937132276,0.9934131102482163,0.9987634939882721,14.207126285687039
0.8975,0.01736080650945724,1.0,14.20738985825435,0.9999999184929161,1.0174282696553927,0.993408694657449,0.9987850216672757,14.20738985825435
0.898,0.017358701246299343,1.0,14.207650721416973,0.9999999192099627,1.0172745483964205,0.993404276206759,0.9988063599107989,14.207650721416973
0.8985,0.01735659598314145,1.0,14.20790887468086,0.9999999199216486,1.017120829936744,0.9933998548943883,0.9988275087291083,14.20790887468086
0.899,0.017354490719983556,1.0,14.20816431755272,0.9999999206279978,1.016967114276796,0.9933954307185784,0.9988484681324726,14.20816431755272
0.8995,0.01735238545682566,1.0,14.208417049539898,0.9999999213290343,1.0168134014170092,0.993391003677569,0.998869238131162,14.208417049539898
0.9,0.017350280193667765,1.0,14.208667070150755,0.9999999220247818,1.0166596913578165,0.9933865737695995,0.9988898187354491,14.208667070150755
0.9005,0.01734817493050987,1.0,14.208914378894283,0.9999999227152645,1.0165059840996507,0.9933821409929077,0.9989102099556083,14.208914378894283
0.901,0.017346069667351974,1.0,14.209158975279873,0.9999999234005064,1.0163522796429447,0.993377705345731,0.9989304118019158,14.209158975279873
0.9015,0.01734396440419408,1.0,14.209400858818787,0.9999999240805312,1.016198577988131,0.9933732668263053,0.9989504242846498,14.209400858818787
0.902,0.017341859141036187,1.0,14.209640029021818,0.9999999247553629,1.016044879135643,0.993368825432866,0.9989702474140905,14.209640029021818
0.9025,0.01733975387787829,1.0,14.20987648540077,0.9999999254250256,1.015891183085913,0.9933643811636471,0.99898988120052,14.20987648540077
0.903,0.017337648614720397,1.0,14.210110227469192,0.999999926089543,1.0157374898393738,0.9933599340168816,0.9990093256542224,14.210110227469192
0.9035,0.017335543351562503,1.0,14.210341254740054,0.9999999267489393,1.0155837993964587,0.9933554839908019,0.9990285807854837,14.210341254740054
0.904,0.017333438088404606,1.0,14.210569566727699,0.9999999274032384,1.0154301117576001,0.9933510310836392,0.9990476466045919,14.210569566727699
0.9045,0.017331332825246713,1.0,14.210795162947852,0.9999999280524642,1.0152764269232308,0.9933465752936234,0.9990665231218367,14.210795162947852
0.905,0.01732922756208882,1.0,14.211018042915896,0.9999999286966406,1.0151227448937838,0.9933421166189838,0.9990852103475102,14.211018042915896
0.9055,0.017327122298930922,1.0,14.211238206148114,0.9999999293357914,1.0149690656696921,0.9933376550579484,0.9991037082919058,14.211238206148114
0.906,0.01732501703577303,1.0,14.211455652162767,0.9999999299699409,1.014815389251388,0.9933331906087446,0.9991220169653194,14.211455652162767
0.9065,0.017322911772615135,1.0,14.211670380477667,0.9999999305991129,1.0146617156393047,0.9933287232695985,0.9991401363780487,14.211670380477667
0.907,0.017320806509457238,1.0,14.211882390611517,0.9999999312233311,1.0145080448338748,0.9933242530387355,0.9991580665403931,14.211882390611517
0.9075,0.017318701246299344,1.0,14.21209168208427,0.9999999318426198,1.0143543768355314,0.9933197799143794,0.9991758074626542,14.21209168208427
0.908,0.01731659598314145,1.0,14.21229825441666,0.9999999324570027,1.014200711644707,0.9933153038947534,0.9991933591551355,14.21229825441666
0.9085,0.017314490719983554,1.0,14.212502107129202,0.9999999330665039,1.0140470492618345,0.9933108249780799,0.9992107216281424,14.212502107129202
0.909,0.01731238545682566,1.0,14.212703239744524,0.9999999336711474,1.013893389687347,0.9933063431625798,0.999227894891982,14.212703239744524
0.9095,0.017310280193667767,1.0,14.21290165178542,0.9999999342709569,1.0137397329216769,0.9933018584464738,0.999244878956964,14.21290165178542
0.91,0.01730817493050987,1.0,14.213097342774963,0.9999999348659565,1.0135860789652573,0.9932973708279805,0.9992616738333991,14.213097342774963
0.9105,0.017306069667351976,1.0,14.213290312238215,0.99999993545617,1.0134324278185207,0.9932928803053185,0.999278279531601,14.213290312238215
0.911,0.017303964404194083,1.0,14.21348055969954,0.9999999360416217,1.0132787794819005,0.9932883868767046,0.9992946960618843,14.21348055969954
0.9115,0.017301859141036185,1.0,14.213668084685189,0.9999999366223352,1.013125133955829,0.9932838905403552,0.9993109234345662,14.213668084685189
0.912,0.017299753877878292,1.0,14.213852886722043,0.9999999371983346,1.0129714912407388,0.9932793912944853,0.9993269616599657,14.213852886722043
0.9125,0.0172976486147204,1.0,14.214034965337033,0.9999999377696437,1.0128178513370636,0.9932748891373092,0.9993428107484037,14.214034965337033
0.913,0.0172955433515625,1.0,14.21421432005847,0.9999999383362866,1.0126642142452353,0.9932703840670402,0.9993584707102031,14.21421432005847
0.9135,0.017293438088404608,1.0,14.214390950415687,0.9999999388982872,1.0125105799656873,0.9932658760818901,0.9993739415556886,14.214390950415687
0.914,0.01729133282524671,1.0,14.214564855937805,0.9999999394556695,1.0123569484988522,0.9932613651800705,0.9993892232951869,14.214564855937805
0.9145,0.017289227562088817,1.0,14.214736036155703,0.9999999400084573,1.012203319845163,0.993256851359791,0.9994043159390266,14.214736036155703
0.915,0.017287122298930924,1.0,14.21490449060091,0.9999999405566746,1.012049694005052,0.9932523346192612,0.9994192194975384,14.21490449060091
0.9155,0.01728501703577303,1.0,14.215070218805119,0.9999999411003455,1.0118960709789526,0.9932478149566889,0.9994339339810548,14.215070218805119
0.916,0.017282911772615133,1.0,14.215233220301036,0.9999999416394937,1.0117424507672974,0.9932432923702815,0.9994484593999103,14.215233220301036
0.9165,0.01728080650945724,1.0,14.215393494622644,0.9999999421741433,1.0115888333705192,0.993238766858245,0.9994627957644414,14.215393494622644
0.917,0.017278701246299343,1.0,14.21555104130408,0.9999999427043182,1.0114352187890507,0.9932342384187846,0.9994769430849861,14.21555104130408
0.9175,0.01727659598314145,1.0,14.215705859880625,0.9999999432300424,1.011281607023325,0.9932297070501043,0.999490901371885,14.215705859880625
0.918,0.017274490719983555,1.0,14.215857949888346,0.9999999437513397,1.0111279980737746,0.993225172750407,0.9995046706354803,14.215857949888346
0.9185,0.017272385456825662,1.0,14.21600731086383,0.9999999442682342,1.0109743919408325,0.9932206355178951,0.999518250886116,14.21600731086383
0.919,0.017270280193667765,1.0,14.216153942344082,0.9999999447807498,1.0108207886249316,0.9932160953507696,0.9995316421341383,14.216153942344082
0.9195,0.01726817493050987,1.0,14.216297843868473,0.9999999452889103,1.0106671881265044,0.9932115522472305,0.9995448443898951,14.216297843868473
0.92,0.017266069667351974,1.0,14.216439014974704,0.99999994579274,1.010513590445984,0.993207006205477,0.9995578576637364,14.216439014974704
0.9205,0.01726396440419408,1.0,14.21657745520383,0.9999999462922625,1.0103599955838032,0.9932024572237069,0.9995706819660143,14.21657745520383
0.921,0.017261859141036187,1.0,14.21671316409596,0.9999999467875018,1.0102064035403946,0.9931979053001175,0.9995833173070825,14.21671316409596
0.9215,0.017259753877878294,1.0,14.216846141192365,0.9999999472784821,1.0100528143161913,0.9931933504329046,0.9995957636972967,14.216846141192365
0.922,0.017257648614720397,1.0,14.216976386035082,0.9999999477652269,1.009899227911626,0.9931887926202634,0.9996080211470147,14.216976386035082
0.9225,0.017255543351562503,1.0,14.217103898167425,0.9999999482477606,1.0097456443271313,0.9931842318603876,0.9996200896665962,14.217103898167425
0.923,0.017253438088404606,1.0,14.21722867713275,0.9999999487261069,1.0095920635631404,0.9931796681514704,0.9996319692664027,14.21722867713275
0.9235,0.017251332825246712,1.0,14.217350722476183,0.9999999492002898,1.0094384856200858,0.9931751014917038,0.9996436599567977,14.217350722476183
0.924,0.01724922756208882,1.0,14.217470033742398,0.9999999496703331,1.0092849104984005,0.9931705318792788,0.9996551617481467,14.217470033742398
0.9245,0.017247122298930922,1.0,14.217586610477582,0.9999999501362611,1.0091313381985172,0.993165959312385,0.9996664746508171,14.217586610477582
0.925,0.01724501703577303,1.0,14.217700452228963,0.9999999505980973,1.0089777687208688,0.9931613837892119,0.9996775986751784,14.217700452228963
0.9255,0.017242911772615135,1.0,14.217811558543682,0.999999951055866,1.0088242020658882,0.993156805307947,0.9996885338316015,14.217811558543682
0.926,0.017240806509457238,1.0,14.2179199289704,0.9999999515095911,1.0086706382340078,0.993152223866777,0.9996992801304598,14.2179199289704
0.9265,0.017238701246299344,1.0,14.218025563058202,0.9999999519592963,1.008517077225661,0.9931476394638882,0.9997098375821285,14.218025563058202
0.927,0.01723659598314145,1.0,14.218128460357438,0.9999999524050057,1.0083635190412803,0.9931430520974651,0.9997202061969845,14.218128460357438
0.9275,0.017234490719983554,1.0,14.218228620418389,0.9999999528467434,1.0082099636812984,0.9931384617656921,0.9997303859854071,14.218228620418389
0.928,0.01723238545682566,1.0,14.218326042793096,0.9999999532845331,1.0080564111461483,0.9931338684667513,0.9997403769577768,14.218326042793096
0.9285,0.017230280193667766,1.0,14.218420727033411,0.9999999537183989,1.0079028614362628,0.993129272198825,0.999750179124477,14.218420727033411
0.929,0.01722817493050987,1.0,14.218512672692707,0.9999999541483646,1.0077493145520746,0.9931246729600939,0.999759792495892,14.218512672692707
0.9295,0.017226069667351976,1.0,14.21860187932489,0.9999999545744542,1.0075957704940168,0.9931200707487374,0.9997692170824088,14.21860187932489
0.93,0.017223964404194082,1.0,14.21868834648466,0.9999999549966918,1.007442229262522,0.993115465562935,0.9997784528944162,14.21868834648466
0.9305,0.017221859141036185,1.0,14.218772073727378,0.9999999554151011,1.007288690858023,0.9931108574008638,0.9997874999423046,14.218772073727378
0.931,0.01721975387787829,1.0,14.218853060609561,0.9999999558297062,1.0071351552809527,0.9931062462607005,0.9997963582364667,14.218853060609561
0.9315,0.017217648614720398,1.0,14.218931306688264,0.9999999562405311,1.0069816225317436,0.993101632140621,0.999805027787297,14.218931306688264
0.932,0.0172155433515625,1.0,14.219006811520725,0.9999999566475996,1.006828092610829,0.9930970150388001,0.9998135086051918,14.219006811520725
0.9325,0.017213438088404608,1.0,14.219079574666432,0.9999999570509357,1.0066745655186415,0.9930923949534112,0.9998218007005495,14.219079574666432
0.933,0.017211332825246714,1.0,14.219149595684323,0.9999999574505632,1.006521041255614,0.9930877718826268,0.9998299040837704,14.219149595684323
0.9335,0.017209227562088817,1.0,14.21921687413461,0.9999999578465064,1.006367519822179,0.993083145824619,0.9998378187652567,14.21921687413461
0.934,0.017207122298930923,1.0,14.219281409578413,0.999999958238789,1.00621400121877,0.9930785167775577,0.9998455447554125,14.219281409578413
0.9345,0.017205017035773026,1.0,14.219343201577402,0.9999999586274348,1.006060485445819,0.9930738847396128,0.9998530820646441,14.219343201577402
0.935,0.017202911772615133,1.0,14.219402249694534,0.9999999590124682,1.0059069725037593,0.993069249708953,0.9998604307033593,14.219402249694534
0.9355,0.01720080650945724,1.0,14.219458553492931,0.9999999593939127,1.0057534623930235,0.9930646116837454,0.9998675906819683,14.219458553492931
0.936,0.017198701246299346,1.0,14.219512112536881,0.9999999597717925,1.0055999551140444,0.9930599706621567,0.9998745620108828,14.219512112536881
0.9365,0.01719659598314145,1.0,14.219562926390726,0.9999999601461314,1.0054464506672551,0.9930553266423522,0.9998813447005166,14.219562926390726
0.937,0.017194490719983555,1.0,14.219610994621073,0.9999999605169533,1.0052929490530882,0.9930506796224965,0.9998879387612857,14.219610994621073
0.9375,0.017192385456825658,1.0,14.219656316793726,0.9999999608842823,1.0051394502719766,0.9930460296007528,0.9998943442036076,14.219656316793726
0.9380000000000001,0.017190280193667765,1.0,14.21969889247663,0.9999999612481424,1.0049859543243531,0.9930413765752837,0.9999005610379018,14.21969889247663
0.9385,0.01718817493050987,1.0,14.219738721237666,0.9999999616085574,1.0048324612106505,0.9930367205442503,0.9999065892745902,14.219738721237666
0.9390000000000001,0.017186069667351977,1.0,14.219775802645755,0.9999999619655513,1.0046789709313015,0.9930320615058128,0.9999124289240962,14.219775802645755
0.9395,0.01718396440419408,1.0,14.219810136270244,0.999999962319148,1.0045254834867392,0.9930273994581308,0.999918079996845,14.219810136270244
0.9400000000000001,0.017181859141036187,1.0,14.219841721682494,0.9999999626693714,1.004371998877396,0.9930227343993626,0.9999235425032642,14.219841721682494
0.9405,0.01717975387787829,1.0,14.219870558452707,0.9999999630162456,1.0042185171037052,0.9930180663276649,0.999928816453783,14.219870558452707
0.9410000000000001,0.017177648614720396,1.0,14.219896646154206,0.9999999633597945,1.0040650381660992,0.9930133952411944,0.9999339018588326,14.219896646154206
0.9415,0.017175543351562503,1.0,14.219919984359029,0.999999963700042,1.003911562065011,0.9930087211381058,0.9999387987288463,14.219919984359029
0.9420000000000001,0.01717343808840461,1.0,14.219940572641105,0.999999964037012,1.0037580888008735,0.9930040440165536,0.999943507074259,14.219940572641105
0.9425,0.017171332825246712,1.0,14.219958410574806,0.9999999643707285,1.0036046183741192,0.9929993638746907,0.9999480269055079,14.219958410574806
0.9430000000000001,0.01716922756208882,1.0,14.219973497735651,0.9999999647012154,1.0034511507851813,0.9929946807106693,0.9999523582330317,14.219973497735651
0.9435,0.01716712229893092,1.0,14.219985833699356,0.9999999650284968,1.0032976860344924,0.9929899945226403,0.9999565010672716,14.219985833699356
0.9440000000000001,0.017165017035773028,1.0,14.219995418043167,0.9999999653525964,1.0031442241224855,0.9929853053087537,0.9999604554186703,14.219995418043167
0.9445,0.017162911772615135,1.0,14.22000225034488,0.9999999656735383,1.002990765049593,0.9929806130671582,0.9999642212976725,14.22000225034488
0.9450000000000001,0.01716080650945724,1.0,14.22000633018248,0.9999999659913466,1.0028373088162483,0.9929759177960025,0.999967798714725,14.22000633018248
0.9455,0.017158701246299344,1.0,14.220007657135483,0.9999999663060448,1.0026838554228836,0.9929712194934325,0.9999711876802763,14.220007657135483
0.9460000000000001,0.01715659598314145,1.0,14.220006230783842,0.9999999666176573,1.0025304048699324,0.9929665181575948,0.9999743882047769,14.220006230783842
0.9465,0.017154490719983553,1.0,14.22000205070855,0.9999999669262079,1.002376957157827,0.992961813786634,0.9999774002986794,14.22000205070855
0.9470000000000001,0.01715238545682566,1.0,14.219995116491644,0.9999999672317204,1.002223512287,0.9929571063786936,0.9999802239724382,14.219995116491644
0.9475,0.017150280193667766,1.0,14.21998542771486,0.9999999675342188,1.002070070257885,0.9929523959319165,0.9999828592365096,14.21998542771486
0.9480000000000001,0.01714817493050987,1.0,14.219972983961844,0.9999999678337271,1.0019166310709142,0.9929476824444448,0.9999853061013521,14.219972983961844
0.9485,0.017146069667351976,1.0,14.219957784816915,0.9999999681302694,1.0017631947265206,0.9929429659144186,0.9999875645774254,14.219957784816915
0.9490000000000001,0.017143964404194082,1.0,14.219939829864574,0.9999999684238693,1.0016097612251371,0.9929382463399777,0.9999896346751922,14.219939829864574
0.9495,0.017141859141036185,1.0,14.219919118690507,0.999999968714551,1.0014563305671964,0.9929335237192608,0.9999915164051162,14.219919118690507
0.9500000000000001,0.01713975387787829,1.0,14.219895650881558,0.9999999690023385,1.0013029027531313,0.9929287980504055,0.9999932097776635,14.219895650881558
0.9505,0.017137648614720398,1.0,14.219869426024648,0.9999999692872554,1.0011494777833747,0.992924069331548,0.9999947148033022,14.219869426024648
0.9510000000000001,0.0171355433515625,1.0,14.219840443707733,0.9999999695693259,1.0009960556583595,0.9929193375608241,0.9999960314925018,14.219840443707733
0.9515,0.017133438088404607,1.0,14.219808703520078,0.999999969848574,1.0008426363785183,0.9929146027363681,0.9999971598557343,14.219808703520078
0.9520000000000001,0.01713133282524671,1.0,14.219774205051252,0.9999999701250235,1.000689219944284,0.9929098648563135,0.9999980999034737,14.219774205051252
0.9525,0.017129227562088817,1.0,14.21973694789188,0.9999999703986985,1.0005358063560894,0.9929051239187924,0.9999988516461951,14.21973694789188
0.9530000000000001,0.017127122298930923,1.0,14.21969693163326,0.9999999706696227,1.0003823956143674,0.9929003799219361,0.9999994150943764,14.21969693163326
0.9535,0.01712501703577303,1.0,14.219654155867262,0.9999999709378202,1.0002289877195507,0.9928956328638753,0.9999997902584972,14.219654155867262
0.9540000000000001,0.017122911772615133,1.0,14.21960862018668,0.999999971203315,1.0000755826720722,0.9928908827427387,0.9999999771490388,14.21960862018668
0.9545,0.01712080650945724,1.0,14.219560324185842,0.999999971466131,0.9999221804723647,0.9928861295566549,0.9999999757764845,14.219560324185842
0.9550000000000001,0.017118701246299342,1.0,14.21950926745842,0.999999971726292,0.9997687811208611,0.9928813733037506,0.9999997861513197,14.21950926745842
0.9555,0.01711659598314145,1.0,14.219455449600611,0.9999999719838222,0.999615384617994,0.9928766139821523,0.9999994082840317,14.219455449600611
0.9560000000000001,0.017114490719983555,1.0,14.219398870208307,0.9999999722387453,0.9994619909641963,0.9928718515899847,0.9999988421851096,14.219398870208307
0.9565,0.01711238545682566,1.0,14.219339528878216,0.9999999724910854,0.999308600159901,0.992867086125372,0.9999980878650444,14.219339528878216
0.9570000000000001,0.017110280193667764,1.0,14.219277425208094,0.9999999727408664,0.9991552122055406,0.992862317586437,0.9999971453343294,14.219277425208094
0.9575,0.01710817493050987,1.0,14.219212558796634,0.9999999729881123,0.9990018271015483,0.9928575459713019,0.9999960146034592,14.219212558796634
0.9580000000000001,0.017106069667351974,1.0,14.21914492924321,0.9999999732328468,0.9988484448483566,0.9928527712780872,0.9999946956829309,14.21914492924321
0.9585,0.01710396440419408,1.0,14.21907453614813,0.9999999734750943,0.9986950654463983,0.992847993504913,0.9999931885832433,14.21907453614813
0.9590000000000001,0.017101859141036187,1.0,14.219001379112388,0.9999999737148784,0.9985416888961064,0.9928432126498978,0.999991493314897,14.219001379112388
0.9595,0.017099753877878293,1.0,14.218925457737546,0.9999999739522231,0.9983883151979137,0.9928384287111595,0.9999896098883949,14.218925457737546
0.96,0.017097648614720396,1.0,14.218846771626218,0.9999999741871523,0.9982349443522529,0.9928336416868148,0.9999875383142415,14.218846771626218
0.9605,0.017095543351562503,1.0,14.218765320382078,0.99999997441969,0.998081576359557,0.9928288515749789,0.9999852786029432,14.218765320382078
0.961,0.017093438088404606,1.0,14.218681103608997,0.9999999746498602,0.9979282112202585,0.9928240583737671,0.9999828307650086,14.218681103608997
0.9615,0.017091332825246712,1.0,14.21859412091264,0.9999999748776869,0.9977748489347905,0.9928192620812921,0.999980194810948,14.21859412091264
0.962,0.01708922756208882,1.0,14.218504371898495,0.9999999751031939,0.9976214895035858,0.992814462695667,0.9999773707512738,14.218504371898495
0.9625,0.017087122298930925,1.0,14.218411856173121,0.9999999753264052,0.997468132927077,0.9928096602150029,0.9999743585965002,14.218411856173121
0.963,0.017085017035773028,1.0,14.218316573344007,0.9999999755473447,0.9973147792056972,0.9928048546374102,0.9999711583571433,14.218316573344007
0.9635,0.017082911772615134,1.0,14.218218523019818,0.9999999757660364,0.997161428339879,0.9928000459609982,0.9999677700437214,14.218218523019818
0.964,0.017080806509457237,1.0,14.218117704809185,0.9999999759825042,0.9970080803300553,0.9927952341838754,0.9999641936667544,14.218117704809185
0.9645,0.017078701246299344,1.0,14.2180141183224,0.9999999761967722,0.9968547351766589,0.9927904193041486,0.9999604292367642,14.2180141183224
0.965,0.01707659598314145,1.0,14.217907763170214,0.9999999764088641,0.9967013928801226,0.9927856013199241,0.9999564767642748,14.217907763170214
0.9655,0.017074490719983557,1.0,14.217798638964059,0.999999976618804,0.9965480534408793,0.992780780229307,0.999952336259812,14.217798638964059
0.966,0.01707238545682566,1.0,14.217686745316191,0.9999999768266158,0.9963947168593617,0.9927759560304015,0.9999480077339034,14.217686745316191
0.9665,0.017070280193667766,1.0,14.217572081840048,0.9999999770323235,0.9962413831360026,0.9927711287213105,0.9999434911970787,14.217572081840048
0.967,0.01706817493050987,1.0,14.217454648149268,0.9999999772359509,0.996088052271235,0.9927662983001359,0.9999387866598697,14.217454648149268
0.9675,0.017066069667351975,1.0,14.217334443859164,0.9999999774375222,0.9959347242654916,0.9927614647649782,0.9999338941328096,14.217334443859164
0.968,0.017063964404194082,1.0,14.217211468585138,0.999999977637061,0.9957813991192052,0.9927566281139381,0.9999288136264343,14.217211468585138
0.9685,0.01706185914103619,1.0,14.217085721943766,0.9999999778345916,0.9956280768328085,0.9927517883451134,0.9999235451512807,14.217085721943766
0.969,0.01705975387787829,1.0,14.216957203551964,0.9999999780301377,0.9954747574067345,0.9927469454566022,0.9999180887178883,14.216957203551964
0.9695,0.017057648614720398,1.0,14.21682591302831,0.9999999782237233,0.995321440841416,0.9927420994465014,0.9999124443367985,14.21682591302831
0.97,0.0170555433515625,1.0,14.216691849991237,0.9999999784153725,0.9951681271372858,0.9927372503129062,0.9999066120185542,14.216691849991237
0.9705,0.017053438088404607,1.0,14.216555014060962,0.999999978605109,0.9950148162947766,0.9927323980539116,0.9999005917737007,14.216555014060962
0.971,0.017051332825246714,1.0,14.2164154048578,0.9999999787929569,0.9948615083143214,0.9927275426676103,0.9998943836127848,14.2164154048578
0.9715,0.017049227562088817,1.0,14.216273022002873,0.9999999789789401,0.9947082031963529,0.9927226841520954,0.9998879875463557,14.216273022002873
0.972,0.017047122298930923,1.0,14.216127865118871,0.9999999791630826,0.9945549009413039,0.9927178225054578,0.9998814035849639,14.216127865118871
0.9725,0.01704501703577303,1.0,14.215979933828683,0.9999999793454082,0.9944016015496073,0.9927129577257882,0.9998746317391626,14.215979933828683
0.973,0.017042911772615132,1.0,14.215829227755775,0.999999979525941,0.9942483050216958,0.9927080898111753,0.9998676720195062,14.215829227755775
0.9735,0.01704080650945724,1.0,14.215675746525177,0.9999999797047048,0.9940950113580024,0.9927032187597078,0.9998605244365515,14.215675746525177
0.974,0.017038701246299345,1.0,14.215519489762366,0.9999999798817237,0.9939417205589597,0.9926983445694725,0.9998531890008571,14.215519489762366
0.9745,0.01703659598314145,1.0,14.21536045709328,0.9999999800570215,0.9937884326250006,0.9926934672385552,0.9998456657229834,14.21536045709328
0.975,0.017034490719983555,1.0,14.21519864814553,0.9999999802306223,0.993635147556558,0.9926885867650416,0.9998379546134929,14.21519864814553
0.9755,0.01703238545682566,1.0,14.21503406254682,0.99999998040255,0.9934818653540647,0.9926837031470148,0.9998300556829498,14.21503406254682
0.976,0.017030280193667764,1.0,14.214866699925805,0.9999999805728285,0.9933285860179534,0.9926788163825581,0.9998219689419207,14.214866699925805
0.9765,0.01702817493050987,1.0,14.214696559912323,0.9999999807414817,0.993175309548657,0.9926739264697533,0.9998136944009733,14.214696559912323
0.977,0.017026069667351977,1.0,14.214523642136792,0.9999999809085336,0.9930220359466082,0.9926690334066809,0.9998052320706783,14.214523642136792
0.9775,0.01702396440419408,1.0,14.214347946230093,0.9999999810740081,0.99286876521224,0.9926641371914203,0.9997965819616074,14.214347946230093
0.978,0.017021859141036186,1.0,14.214169471824789,0.9999999812379292,0.9927154973459851,0.9926592378220508,0.9997877440843346,14.214169471824789
0.9785,0.01701975387787829,1.0,14.213988218553409,0.9999999814003209,0.9925622323482762,0.9926543352966494,0.9997787184494359,14.213988218553409
0.979,0.017017648614720396,1.0,14.213804186049918,0.9999999815612071,0.9924089702195464,0.9926494296132927,0.9997695050674891,14.213804186049918
0.9795,0.017015543351562502,1.0,14.213617373948745,0.9999999817206117,0.9922557109602285,0.9926445207700559,0.9997601039490739,14.213617373948745
0.98,0.01701343808840461,1.0,14.213427781885517,0.9999999818785585,0.992102454570755,0.9926396087650138,0.9997505151047721,14.213427781885517
0.9805,0.017011332825246712,1.0,14.213235409495818,0.9999999820350719,0.9919492010515589,0.9926346935962388,0.9997407385451671,14.213235409495818
0.981,0.017009227562088818,1.0,14.213040256417296,0.9999999821901754,0.9917959504030731,0.992629775261804,0.9997307742808447,14.213040256417296
0.9815,0.01700712229893092,1.0,14.21284232228732,0.9999999823438931,0.9916427026257303,0.9926248537597796,0.9997206223223921,14.21284232228732
0.982,0.017005017035773028,1.0,14.21264160674507,0.999999982496249,0.9914894577199634,0.9926199290882364,0.9997102826803989,14.21264160674507
0.9825,0.017002911772615134,1.0,14.212438109429943,0.9999999826472669,0.9913362156862051,0.992615001245243,0.9996997553654562,14.212438109429943
0.983,0.01700080650945724,1.0,14.21223182998204,0.9999999827969709,0.9911829765248884,0.9926100702288674,0.9996890403881573,14.21223182998204
0.9835,0.016998701246299344,1.0,14.212022768042658,0.999999982945385,0.9910297402364459,0.9926051360371763,0.9996781377590974,14.212022768042658
0.984,0.01699659598314145,1.0,14.211810923254056,0.9999999830925328,0.9908765068213105,0.9926001986682352,0.9996670474888736,14.211810923254056
0.9845,0.016994490719983553,1.0,14.211596295258452,0.9999999832384386,0.990723276279915,0.9925952581201093,0.9996557695880849,14.211596295258452
0.985,0.01699238545682566,1.0,14.211378883700258,0.9999999833831262,0.9905700486126923,0.9925903143908621,0.9996443040673321,14.211378883700258
0.9855,0.016990280193667766,1.0,14.211158688223604,0.9999999835266196,0.9904168238200751,0.9925853674785557,0.9996326509372181,14.211158688223604
0.986,0.016988174930509872,1.0,14.210935708473823,0.9999999836689426,0.9902636019024964,0.9925804173812521,0.9996208102083477,14.210935708473823
0.9865,0.016986069667351975,1.0,14.210709944096958,0.9999999838101193,0.9901103828603888,0.9925754640970113,0.9996087818913276,14.210709944096958
0.987,0.01698396440419408,1.0,14.21048139474025,0.9999999839501736,0.9899571666941852,0.9925705076238925,0.9995965659967665,14.21048139474025
0.9875,0.016981859141036185,1.0,14.210250060051292,0.9999999840891295,0.9898039534043185,0.9925655479599544,0.9995841625352747,14.210250060051292
0.988,0.01697975387787829,1.0,14.210015939679108,0.9999999842270109,0.9896507429912214,0.9925605851032538,0.999571571517465,14.210015939679108
0.9885,0.016977648614720398,1.0,14.209779033272955,0.9999999843638416,0.9894975354553267,0.9925556190518469,0.9995587929539516,14.209779033272955
0.989,0.016975543351562504,1.0,14.20953934048329,0.9999999844996459,0.9893443307970673,0.9925506498037885,0.9995458268553506,14.20953934048329
0.9895,0.016973438088404607,1.0,14.209296860960912,0.9999999846344473,0.989191129016876,0.9925456773571327,0.9995326732322807,14.209296860960912
0.99,0.016971332825246713,1.0,14.209051594358314,0.9999999847682701,0.9890379301151856,0.9925407017099321,0.9995193320953618,14.209051594358314
0.9905,0.016969227562088816,1.0,14.208803540327843,0.9999999849011381,0.9888847340924289,0.9925357228602391,0.999505803455216,14.208803540327843
0.991,0.016967122298930923,1.0,14.208552698523668,0.9999999850330752,0.9887315409490388,0.9925307408061036,0.9994920873224672,14.208552698523668
0.9915,0.01696501703577303,1.0,14.208299068600176,0.9999999851641054,0.988578350685448,0.9925257555455756,0.9994781837077416,14.208299068600176
0.992,0.016962911772615136,1.0,14.208042650212716,0.9999999852942527,0.9884251633020893,0.9925207670767034,0.9994640926216668,14.208042650212716
0.9925,0.01696080650945724,1.0,14.207783443016982,0.999999985423541,0.9882719787993957,0.9925157753975348,0.9994498140748727,14.207783443016982
0.993,0.016958701246299345,1.0,14.207521446670734,0.9999999855519941,0.9881187971777997,0.992510780506116,0.999435348077991,14.207521446670734
0.9935,0.016956595983141448,1.0,14.207256660831218,0.9999999856796362,0.9879656184377344,0.992505782400492,0.9994206946416552,14.207256660831218
0.994,0.016954490719983555,1.0,14.206989085157625,0.9999999858064911,0.9878124425796326,0.9925007810787073,0.999405853776501,14.206989085157625
0.9945,0.01695238545682566,1.0,14.206718719309372,0.9999999859325828,0.987659269603927,0.9924957765388048,0.9993908254931657,14.206718719309372
0.995,0.016950280193667767,1.0,14.206445562946593,0.9999999860579352,0.9875060995110505,0.9924907687788268,0.9993756098022889,14.206445562946593
0.9955,0.01694817493050987,1.0,14.2061696157305,0.9999999861825722,0.9873529323014358,0.9924857577968141,0.9993602067145118,14.2061696157305
0.996,0.016946069667351977,1.0,14.205890877323526,0.9999999863065179,0.9871997679755159,0.9924807435908066,0.9993446162404774,14.205890877323526
0.9965,0.01694396440419408,1.0,14.205609347388322,0.9999999864297962,0.9870466065337233,0.9924757261588429,0.9993288383908313,14.205609347388322
0.997,0.016941859141036186,1.0,14.205324658873266,0.9999999865385377,0.9868934483550041,0.9924707055110408,0.9993128732159082,14.205324658873266
0.9975,0.016939753877878293,1.0,14.205037124539201,0.9999999866441834,0.9867402931166305,0.9924656816351299,0.9992967206934685,14.205037124539201
0.998,0.016937648614720396,1.0,14.204746811366075,0.9999999867492368,0.9865871407495551,0.9924606545269272,0.9992803808269111,14.204746811366075
0.9985,0.016935543351562502,1.0,14.204453719381098,0.9999999868536996,0.9864339912538385,0.9924556241844537,0.9992638536267963,14.204453719381098
0.999,0.01693343808840461,1.0,14.204157848611935,0.9999999869575733,0.9862808446295408,0.9924505906057288,0.9992471391036848,14.204157848611935
0.9995,0.01693133282524671,1.0,14.203859199086219,0.9999999870608597,0.9861277008767227,0.9924455537887712,0.9992302372681373,14.203859199086219
1.0,0.016929227562088818,1.0,14.203557770834111,0.9999999871635605,0.9859745599954445,0.9924405137315979,0.9992131481307145,14.203557770834111
1.0005,0.016927122298930924,1.0,14.203253563885244,0.9999999872656775,0.9858214219857666,0.9924354704322257,0.9991958717019772,14.203253563885244
1.0010000000000001,0.016925017035773027,1.0,14.202946578270199,0.9999999873672123,0.9856682868477493,0.9924304238886695,0.9991784079924865,14.202946578270199
1.0015,0.016922911772615134,1.0,14.202636814021105,0.9999999874681665,0.9855151545814532,0.9924253740989434,0.9991607570128033,14.202636814021105
1.002,0.01692080650945724,1.0,14.202324271170305,0.999999987568542,0.9853620251869386,0.9924203210610599,0.9991429187734887,14.202324271170305
1.0025,0.016918701246299343,1.0,14.202008949750715,0.9999999876683404,0.985208898664266,0.9924152647730312,0.9991248932851042,14.202008949750715
1.0030000000000001,0.01691659598314145,1.0,14.201690849797169,0.9999999877675635,0.9850557750134956,0.9924102052328679,0.999106680558211,14.201690849797169
1.0035,0.016914490719983556,1.0,14.201369971344224,0.9999999878662128,0.984902654234688,0.9924051424385795,0.9990882806033705,14.201369971344224
1.004,0.01691238545682566,1.0,14.201046314427376,0.9999999879642902,0.9847495363279036,0.9924000763881741,0.9990696934311443,14.201046314427376
1.0045,0.016910280193667766,1.0,14.200719879083927,0.9999999880617974,0.9845964212932028,0.9923950070796592,0.999050919052094,14.200719879083927
1.0050000000000001,0.01690817493050987,1.0,14.200390665350643,0.9999999881587358,0.9844433091306458,0.9923899345110411,0.9990319574767814,14.200390665350643
1.0055,0.016906069667351975,1.0,14.200058673266216,0.9999999882551075,0.9842901998402933,0.9923848586803246,0.9990128087157684,14.200058673266216
1.006,0.01690396440419408,1.0,14.199723902869433,0.999999988350914,0.9841370934222056,0.9923797795855134,0.9989934727796167,14.199723902869433
1.0065,0.016901859141036188,1.0,14.199386354200374,0.9999999884461569,0.983983989876443,0.9923746972246106,0.9989739496788885,14.199386354200374
1.0070000000000001,0.01689975387787829,1.0,14.199046027299467,0.9999999885408382,0.9838308892030659,0.9923696115956175,0.9989542394241459,14.199046027299467
1.0075,0.016897648614720397,1.0,14.198702922208437,0.9999999886349593,0.983677791402135,0.9923645226965349,0.9989343420259511,14.198702922208437
1.008,0.0168955433515625,1.0,14.198357038969469,0.999999988728522,0.9835246964737103,0.9923594305253618,0.9989142574948665,14.198357038969469
1.0085,0.016893438088404607,1.0,14.198008377625932,0.9999999888215282,0.9833716044178525,0.9923543350800965,0.9988939858414545,14.198008377625932
1.0090000000000001,0.016891332825246713,1.0,14.197656938221778,0.9999999889139793,0.983218515234622,0.9923492363587364,0.9988735270762775,14.197656938221778
1.0095,0.01688922756208882,1.0,14.19730272080165,0.9999999890058772,0.983065428924079,0.9923441343592769,0.9988528812098983,14.19730272080165
1.01,0.016887122298930923,1.0,14.196945725411014,0.9999999890972234,0.9829123454862841,0.9923390290797135,0.9988320482528795,14.196945725411014
1.0105,0.01688501703577303,1.0,14.19658595209677,0.9999999891880199,0.9827592649212977,0.992333920518039,0.998811028215784,14.19658595209677
1.0110000000000001,0.016882911772615132,1.0,14.196223400905781,0.9999999892782682,0.98260618722918,0.9923288086722469,0.9987898211091747,14.196223400905781
1.0115,0.01688080650945724,1.0,14.195858071886345,0.99999998936797,0.9824531124099917,0.992323693540328,0.9987684269436145,14.195858071886345
1.012,0.016878701246299345,1.0,14.195489965087457,0.999999989457127,0.9823000404637929,0.9923185751202727,0.9987468457296665,14.195489965087457
1.0125,0.01687659598314145,1.0,14.195119080558687,0.999999989545741,0.9821469713906443,0.99231345341007,0.9987250774778941,14.195119080558687
1.0130000000000001,0.016874490719983554,1.0,14.194745418350308,0.9999999896338135,0.9819939051906061,0.9923083284077082,0.9987031221988605,14.194745418350308
1.0135,0.01687238545682566,1.0,14.194368978514268,0.9999999897213465,0.9818408418637389,0.9923032001111742,0.9986809799031291,14.194368978514268
1.014,0.016870280193667764,1.0,14.19398976110223,0.9999999898083415,0.9816877814101028,0.9922980685184533,0.9986586506012632,14.19398976110223
1.0145,0.01686817493050987,1.0,14.193607766167545,0.9999999898948002,0.9815347238297586,0.9922929336275305,0.9986361343038268,14.193607766167545
1.0150000000000001,0.016866069667351977,1.0,14.193222993764259,0.9999999899807245,0.9813816691227663,0.9922877954363889,0.9986134310213833,14.193222993764259
1.0155,0.01686396440419408,1.0,14.192835443946135,0.9999999900661157,0.9812286172891866,0.992282653943011,0.9985905407644967,14.192835443946135
1.016,0.016861859141036186,1.0,14.192445116769594,0.999999990150976,0.9810755683290798,0.9922775091453778,0.9985674635437307,14.192445116769594
1.0165,0.016859753877878293,1.0,14.192052012290661,0.9999999902353066,0.9809225222425063,0.9922723610414698,0.9985441993696493,14.192052012290661
1.0170000000000001,0.016857648614720395,1.0,14.191656130565926,0.9999999903191096,0.9807694790295266,0.992267209629265,0.9985207482528168,14.191656130565926
1.0175,0.016855543351562502,1.0,14.191257471654039,0.9999999904023865,0.980616438690201,0.992262054906742,0.9984971102037971,14.191257471654039
1.018,0.01685343808840461,1.0,14.19085603561348,0.9999999904851391,0.98046340122459,0.9922568968718769,0.9984732852331546,14.19085603561348
1.0185,0.016851332825246715,1.0,14.190451822503928,0.999999990567369,0.9803103666327538,0.9922517355226456,0.9984492733514537,14.190451822503928
1.0190000000000001,0.016849227562088818,1.0,14.190044832385507,0.999999990649078,0.980157334914753,0.9922465708570218,0.9984250745692589,14.190044832385507
1.0195,0.016847122298930924,1.0,14.189635065319662,0.9999999907302676,0.980004306070648,0.9922414028729789,0.9984006888971347,14.189635065319662
1.02,0.016845017035773027,1.0,14.189222521368283,0.9999999908109398,0.9798512801004993,0.9922362315684891,0.9983761163456458,14.189222521368283
1.0205,0.016842911772615134,1.0,14.188807200594582,0.9999999908910961,0.979698257004367,0.9922310569415231,0.998351356925357,14.188807200594582
1.0210000000000001,0.01684080650945724,1.0,14.188389103062095,0.9999999909707382,0.9795452367823116,0.9922258789900508,0.9983264106468333,14.188389103062095
1.0215,0.016838701246299343,1.0,14.18796822883494,0.999999991049868,0.9793922194343938,0.9922206977120405,0.9983012775206392,14.18796822883494
1.022,0.01683659598314145,1.0,14.187544577979157,0.999999991128487,0.9792392049606737,0.9922155131054599,0.9982759575573403,14.187544577979157
1.0225,0.016834490719983556,1.0,14.187118150560508,0.9999999912065969,0.9790861933612118,0.9922103251682749,0.9982504507675015,14.187118150560508
1.0230000000000001,0.01683238545682566,1.0,14.186688946645699,0.9999999912841995,0.9789331846360686,0.9922051338984512,0.9982247571616881,14.186688946645699
1.0235,0.016830280193667765,1.0,14.186256966303237,0.9999999913612965,0.9787801787853043,0.9921999392939523,0.9981988767504654,14.186256966303237
1.024,0.016828174930509872,1.0,14.18582220960135,0.9999999914378895,0.9786271758089795,0.9921947413527413,0.9981728095443989,14.18582220960135
1.0245,0.016826069667351975,1.0,14.18538467660909,0.9999999915139803,0.9784741757071546,0.9921895400727797,0.9981465555540542,14.18538467660909
1.025,0.01682396440419408,1.0,14.18494436739755,0.9999999915895705,0.9783211784798898,0.992184335452028,0.9981201147899968,14.18494436739755
1.0255,0.016821859141036184,1.0,14.18450128203719,0.9999999916646619,0.9781681841272456,0.9921791274884458,0.9980934872627926,14.18450128203719
1.026,0.01681975387787829,1.0,14.184055420600254,0.9999999917392562,0.9780151926492826,0.9921739161799912,0.9980666729830073,14.184055420600254
1.0265,0.016817648614720397,1.0,14.183606783159457,0.9999999918133551,0.9778622040460611,0.9921687015246213,0.998039671961207,14.183606783159457
1.027,0.016815543351562504,1.0,14.183155369788325,0.9999999918869602,0.9777092183176412,0.992163483520292,0.9980124842079576,14.183155369788325
1.0275,0.016813438088404607,1.0,14.182701180560972,0.9999999919600733,0.9775562354640838,0.9921582621649582,0.9979851097338254,14.182701180560972
1.028,0.016811332825246713,1.0,14.182244215553064,0.999999992032696,0.977403255485449,0.9921530374565735,0.9979575485493765,14.182244215553064
1.0285,0.01680922756208882,1.0,14.181784474840354,0.9999999921048301,0.9772502783817973,0.9921478093930901,0.9979298006651771,14.181784474840354
1.029,0.016807122298930922,1.0,14.181321958499543,0.9999999921764773,0.9770973041531892,0.9921425779724595,0.9979018660917939,14.181321958499543
1.0295,0.01680501703577303,1.0,14.180856666608891,0.9999999922476392,0.9769443327996848,0.992137343192632,0.9978737448397933,14.180856666608891
1.03,0.016802911772615135,1.0,14.180388599246378,0.9999999923183177,0.9767913643213448,0.9921321050515562,0.9978454369197418,14.180388599246378
1.0305,0.01680080650945724,1.0,14.179917756491294,0.9999999923885143,0.9766383987182296,0.9921268635471803,0.9978169423422063,14.179917756491294
1.031,0.016798701246299345,1.0,14.179444138424246,0.9999999924582308,0.9764854359903994,0.9921216186774507,0.9977882611177535,14.179444138424246
1.0315,0.016796595983141448,1.0,14.178967745125684,0.9999999925274689,0.9763324761379147,0.9921163704403132,0.9977593932569505,14.178967745125684
1.032,0.016794490719983554,1.0,14.17848857667798,0.9999999925962302,0.976179519160836,0.992111118833712,0.9977303387703641,14.17848857667798
1.0325,0.01679238545682566,1.0,14.17800663316323,0.9999999926645166,0.9760265650592237,0.9921058638555902,0.9977010976685614,14.17800663316323
1.033,0.016790280193667767,1.0,14.177521914665215,0.9999999927323295,0.9758736138331381,0.9921006055038901,0.9976716699621098,14.177521914665215
1.0335,0.01678817493050987,1.0,14.177034421267797,0.9999999927996709,0.9757206654826396,0.9920953437765524,0.9976420556615765,14.177034421267797
1.034,0.016786069667351976,1.0,14.1765441530564,0.9999999928665424,0.9755677200077888,0.992090078671517,0.9976122547775288,14.1765441530564
1.0345,0.01678396440419408,1.0,14.176051110116779,0.9999999929329456,0.9754147774086458,0.9920848101867221,0.9975822673205342,14.176051110116779
1.035,0.016781859141036186,1.0,14.17555529253601,0.9999999929988823,0.9752618376852713,0.9920795383201055,0.9975520933011606,14.17555529253601
1.0355,0.016779753877878292,1.0,14.175056700401374,0.9999999930643543,0.9751089008377255,0.9920742630696033,0.9975217327299752,14.175056700401374
1.036,0.0167776486147204,1.0,14.174555333801099,0.999999993129363,0.974955966866069,0.9920689844331505,0.9974911856175462,14.174555333801099
1.0365,0.0167755433515625,1.0,14.174051192824482,0.9999999931939104,0.974803035770362,0.992063702408681,0.9974604519744413,14.174051192824482
1.037,0.016773438088404608,1.0,14.17354427756189,0.9999999932579982,0.9746501075506651,0.9920584169941278,0.9974295318112286,14.17354427756189
1.0375,0.01677133282524671,1.0,14.173034588103658,0.9999999933216278,0.9744971822070384,0.9920531281874221,0.997398425138476,14.173034588103658
1.038,0.016769227562088818,1.0,14.17252212454192,0.9999999933848011,0.9743442597395428,0.9920478359864946,0.9973671319667519,14.17252212454192
1.0385,0.016767122298930924,1.0,14.172006886969148,0.9999999934475199,0.9741913401482382,0.9920425403892745,0.9973356523066242,14.172006886969148
1.039,0.01676501703577303,1.0,14.171488875478273,0.9999999935097856,0.9740384234331854,0.9920372413936898,0.9973039861686617,14.171488875478273
1.0395,0.016762911772615133,1.0,14.170968090163656,0.9999999935716003,0.9738855095944444,0.9920319389976675,0.9972721335634326,14.170968090163656
1.04,0.01676080650945724,1.0,14.170444531120488,0.9999999936329654,0.9737325986320761,0.9920266331991331,0.9972400945015055,14.170444531120488
1.0405,0.016758701246299343,1.0,14.169918198444169,0.9999999936938827,0.9735796905461405,0.9920213239960115,0.9972078689934492,14.169918198444169
1.041,0.01675659598314145,1.0,14.169389092231658,0.9999999937543539,0.9734267853366982,0.9920160113862263,0.9971754570498323,14.169389092231658
1.0415,0.016754490719983556,1.0,14.168857212580372,0.9999999938143808,0.9732738830038096,0.9920106953676991,0.9971428586812238,14.168857212580372
1.042,0.01675238545682566,1.0,14.168322559588185,0.9999999938739649,0.9731209835475351,0.9920053759383515,0.9971100738981925,14.168322559588185
1.0425,0.016750280193667765,1.0,14.167785133354778,0.9999999939331079,0.972968086967935,0.9920000530961032,0.9970771027113075,14.167785133354778
1.043,0.01674817493050987,1.0,14.16724493397992,0.9999999939918117,0.9728151932650698,0.9919947268388729,0.997043945131138,14.16724493397992
1.0435,0.016746069667351975,1.0,14.166701961563954,0.999999994050078,0.9726623024389999,0.9919893971645782,0.9970106011682531,14.166701961563954
1.044,0.01674396440419408,1.0,14.166156216208911,0.9999999941079083,0.9725094144897857,0.9919840640711354,0.9969770708332224,14.166156216208911
1.0445,0.016741859141036187,1.0,14.165607698017038,0.9999999941653044,0.9723565294174876,0.99197872755646,0.9969433541366151,14.165607698017038
1.045,0.016739753877878294,1.0,14.165056407091521,0.999999994222268,0.972203647222166,0.9919733876184659,0.9969094510890008,14.165056407091521
1.0455,0.016737648614720397,1.0,14.164502343536254,0.9999999942788008,0.9720507679038813,0.9919680442550657,0.9968753617009491,14.164502343536254
1.046,0.0167355433515625,1.0,14.163945507456198,0.9999999943349045,0.971897891462694,0.9919626974641716,0.9968410859830299,14.163945507456198
1.0465,0.016733438088404606,1.0,14.163385898957507,0.9999999943905808,0.9717450178986644,0.9919573472436939,0.9968066239458129,14.163385898957507
1.047,0.016731332825246713,1.0,14.16282351814606,0.9999999944458315,0.971592147211853,0.9919519935915416,0.9967719755998679,14.16282351814606
1.0475,0.01672922756208882,1.0,14.162258365129663,0.9999999945006581,0.9714392794023201,0.9919466365056232,0.996737140955765,14.162258365129663
1.048,0.016727122298930922,1.0,14.161690440016207,0.9999999945550625,0.9712864144701261,0.9919412759838458,0.9967021200240744,14.161690440016207
1.0485,0.01672501703577303,1.0,14.16111974291466,0.9999999946090463,0.9711335524153316,0.991935912024115,0.9966669128153663,14.16111974291466
1.049,0.016722911772615135,1.0,14.16054627393518,0.9999999946626111,0.9709806932379967,0.9919305446243355,0.996631519340211,14.16054627393518
1.0495,0.016720806509457238,1.0,14.159970033187891,0.9999999947157588,0.9708278369381821,0.9919251737824107,0.9965959396091788,14.159970033187891
1.05,0.016718701246299345,1.0,14.15939102078485,0.999999994768491,0.970674983515948,0.9919197994962432,0.9965601736328403,14.15939102078485
1.0505,0.01671659598314145,1.0,14.158809236838078,0.9999999948208095,0.970522132971355,0.9919144217637336,0.9965242214217661,14.158809236838078
1.051,0.016714490719983554,1.0,14.158224681460421,0.9999999948727158,0.9703692853044633,0.9919090405827822,0.9964880829865268,14.158224681460421
1.0515,0.01671238545682566,1.0,14.157637354766411,0.9999999949242118,0.9702164405153334,0.9919036559512877,0.9964517583376933,14.157637354766411
1.052,0.016710280193667763,1.0,14.157047256870179,0.999999994975299,0.9700635986040258,0.9918982678671473,0.9964152474858364,14.157047256870179
1.0525,0.01670817493050987,1.0,14.156454387887907,0.9999999950259794,0.9699107595706008,0.9918928763282577,0.9963785504415272,14.156454387887907
1.053,0.016706069667351976,1.0,14.155858747935866,0.9999999950762544,0.9697579234151188,0.9918874813325143,0.9963416672153367,14.155858747935866
1.0535,0.016703964404194083,1.0,14.155260337131402,0.9999999951261258,0.9696050901376401,0.9918820828778105,0.9963045978178361,14.155260337131402
1.054,0.016701859141036186,1.0,14.154659155591947,0.9999999951755953,0.9694522597382254,0.9918766809620398,0.9962673422595966,14.154659155591947
1.0545,0.016699753877878292,1.0,14.154055203436988,0.9999999952246648,0.9692994322169349,0.9918712755830934,0.9962299005511898,14.154055203436988
1.055,0.016697648614720395,1.0,14.153448480786103,0.9999999952733356,0.9691466075738291,0.9918658667388617,0.9961922727031868,14.153448480786103
1.0555,0.0166955433515625,1.0,14.152838987760179,0.9999999953216098,0.9689937858089682,0.9918604544272344,0.9961544587261595,14.152838987760179
1.056,0.016693438088404608,1.0,14.152226724480204,0.9999999953694888,0.968840966922413,0.9918550386460994,0.9961164586306793,14.152226724480204
1.0565,0.016691332825246714,1.0,14.151611691068478,0.9999999954169745,0.9686881509142234,0.9918496193933434,0.9960782724273182,14.151611691068478
1.057,0.016689227562088817,1.0,14.150993887647878,0.9999999954640685,0.9685353377844603,0.9918441966668523,0.996039900126648,14.150993887647878
1.0575,0.016687122298930924,1.0,14.150373314342605,0.9999999955107726,0.9683825275331838,0.9918387704645106,0.9960013417392405,14.150373314342605
1.058,0.016685017035773027,1.0,14.14974997127707,0.9999999955570883,0.9682297201604544,0.9918333407842018,0.9959625972756678,14.14974997127707
1.0585,0.016682911772615133,1.0,14.149123858576994,0.9999999956030176,0.9680769156663325,0.9918279076238078,0.9959236667465022,14.149123858576994
1.059,0.01668080650945724,1.0,14.148494976368696,0.9999999956485619,0.9679241140508785,0.9918224709812098,0.9958845501623158,14.148494976368696
1.0595,0.016678701246299343,1.0,14.147863324779058,0.9999999956937231,0.9677713153141528,0.9918170308542873,0.995845247533681,14.147863324779058
1.06,0.01667659598314145,1.0,14.147228903936416,0.9999999957385027,0.9676185194562159,0.9918115872409188,0.9958057588711702,14.147228903936416
1.0605,0.016674490719983556,1.0,14.146591713969551,0.9999999957829027,0.967465726477128,0.9918061401389824,0.9957660841853558,14.146591713969551
1.061,0.01667238545682566,1.0,14.145951755007717,0.9999999958269246,0.9673129363769498,0.9918006895463535,0.9957262234868107,14.145951755007717
1.0615,0.016670280193667765,1.0,14.145309027181968,0.9999999958705701,0.9671601491557414,0.9917952354609075,0.9956861767861074,14.145309027181968
1.062,0.01666817493050987,1.0,14.144663530623447,0.9999999959138409,0.9670073648135634,0.9917897778805183,0.9956459440938188,14.144663530623447
1.0625,0.016666069667351978,1.0,14.144015265464008,0.9999999959567388,0.9668545833504761,0.9917843168030582,0.9956055254205178,14.144015265464008
1.063,0.01666396440419408,1.0,14.143364231836571,0.9999999959992655,0.9667018047665401,0.9917788522263988,0.9955649207767776,14.143364231836571
1.0635000000000001,0.016661859141036184,1.0,14.142710429875134,0.9999999960414225,0.9665490290618155,0.9917733841484105,0.995524130173171,14.142710429875134
1.064,0.01665975387787829,1.0,14.142053859714514,0.9999999960832118,0.966396256236363,0.9917679125669621,0.9954831536202713,14.142053859714514
1.0645,0.016657648614720397,1.0,14.141394521489751,0.9999999961246349,0.9662434862902429,0.9917624374799217,0.995441991128652,14.141394521489751
1.065,0.016655543351562503,1.0,14.140732415337443,0.9999999961656935,0.9660907192235155,0.9917569588851555,0.9954006427088862,14.140732415337443
1.0655000000000001,0.016653438088404606,1.0,14.140067541394277,0.9999999962063894,0.9659379550362414,0.9917514767805293,0.9953591083715475,14.140067541394277
1.066,0.016651332825246713,1.0,14.139399899798633,0.9999999962467241,0.9657851937284807,0.9917459911639075,0.9953173881272096,14.139399899798633
1.0665,0.01664922756208882,1.0,14.138729490688974,0.9999999962866996,0.9656324353002942,0.9917405020331529,0.9952754819864461,14.138729490688974
1.067,0.016647122298930922,1.0,14.138056314204723,0.9999999963263173,0.9654796797517421,0.9917350093861274,0.9952333899598309,14.138056314204723
1.0675000000000001,0.01664501703577303,1.0,14.137380370486733,0.9999999963655792,0.9653269270828847,0.9917295132206916,0.9951911120579376,14.137380370486733
1.068,0.016642911772615135,1.0,14.136701659675955,0.9999999964044868,0.9651741772937826,0.9917240135347052,0.9951486482913404,14.136701659675955
1.0685,0.016640806509457238,1.0,14.136020181914171,0.9999999964430418,0.9650214303844962,0.9917185103260263,0.9951059986706134,14.136020181914171
1.069,0.016638701246299344,1.0,14.135335937344712,0.999999996481246,0.9648686863550858,0.9917130035925119,0.9950631632063307,14.135335937344712
1.0695000000000001,0.016636595983141447,1.0,14.13464892611114,0.9999999965191011,0.9647159452056118,0.9917074933320179,0.9950201419090664,14.13464892611114
1.07,0.016634490719983554,1.0,14.133959148358082,0.9999999965566088,0.9645632069361347,0.9917019795423991,0.9949769347893952,14.133959148358082
1.0705,0.01663238545682566,1.0,14.133266604230748,0.9999999965937706,0.9644104715467149,0.991696462221509,0.9949335418578913,14.133266604230748
1.071,0.016630280193667767,1.0,14.132571293875545,0.9999999966305884,0.9642577390374127,0.9916909413671995,0.9948899631251292,14.132571293875545
1.0715000000000001,0.01662817493050987,1.0,14.13187321743897,0.9999999966670639,0.9641050094082887,0.9916854169773223,0.9948461986016838,14.13187321743897
1.072,0.016626069667351976,1.0,14.131172375069577,0.9999999967031987,0.963952282659403,0.9916798890497263,0.9948022482981297,14.131172375069577
1.0725,0.01662396440419408,1.0,14.130468766915397,0.9999999967389946,0.9637995587908164,0.9916743575822611,0.9947581122250417,14.130468766915397
1.073,0.016621859141036185,1.0,14.129762393126393,0.9999999967744533,0.963646837802589,0.9916688225727733,0.9947137903929949,14.129762393126393
1.0735000000000001,0.016619753877878292,1.0,14.129053253852867,0.9999999968095764,0.9634941196947813,0.99166328401911,0.9946692828125642,14.129053253852867
1.074,0.0166176486147204,1.0,14.12834134924595,0.9999999968443657,0.9633414044674536,0.9916577419191157,0.9946245894943246,14.12834134924595
1.0745,0.0166155433515625,1.0,14.127626679457107,0.9999999968788229,0.9631886921206667,0.9916521962706341,0.9945797104488517,14.127626679457107
1.075,0.016613438088404608,1.0,14.12690924463998,0.9999999969129496,0.9630359826544805,0.991646647071508,0.9945346456867206,14.12690924463998
1.0755000000000001,0.01661133282524671,1.0,14.126189044947454,0.9999999969467476,0.9628832760689557,0.9916410943195789,0.9944893952185065,14.126189044947454
1.076,0.016609227562088817,1.0,14.125466080534821,0.9999999969802185,0.9627305723641526,0.991635538012687,0.9944439590547853,14.125466080534821
1.0765,0.016607122298930924,1.0,14.12474035155675,0.9999999970133642,0.9625778715401317,0.9916299781486712,0.9943983372061325,14.12474035155675
1.077,0.01660501703577303,1.0,14.124011858169572,0.9999999970461861,0.9624251735969535,0.9916244147253693,0.9943525296831237,14.124011858169572
1.0775000000000001,0.016602911772615133,1.0,14.123280600530105,0.9999999970786861,0.962272478534678,0.9916188477406178,0.9943065364963347,14.123280600530105
1.078,0.01660080650945724,1.0,14.12254657879659,0.9999999971108661,0.9621197863533659,0.9916132771922521,0.9942603576563415,14.12254657879659
1.0785,0.016598701246299342,1.0,14.121809793126882,0.9999999971427274,0.9619670970530777,0.9916077030781063,0.99421399317372,14.121809793126882
1.079,0.01659659598314145,1.0,14.121070243681245,0.9999999971742718,0.9618144106338736,0.9916021253960137,0.9941674430590463,14.121070243681245
1.0795000000000001,0.016594490719983555,1.0,14.120327930619561,0.9999999972055011,0.9616617270958141,0.9915965441438055,0.9941207073228967,14.120327930619561
1.08,0.016592385456825662,1.0,14.119582854102902,0.9999999972364171,0.9615090464389597,0.9915909593193126,0.9940737859758474,14.119582854102902
1.0805,0.016590280193667765,1.0,14.118835014293042,0.9999999972670213,0.9613563686633706,0.9915853709203641,0.9940266790284747,14.118835014293042
1.081,0.01658817493050987,1.0,14.118084411353085,0.9999999972973155,0.9612036937691074,0.9915797789447879,0.9939793864913552,14.118084411353085
1.0815000000000001,0.016586069667351974,1.0,14.11733104544646,0.9999999973273013,0.9610510217562303,0.9915741833904115,0.9939319083750654,14.11733104544646
1.082,0.01658396440419408,1.0,14.116574916737804,0.9999999973569805,0.9608983526247998,0.9915685842550599,0.993884244690182,14.116574916737804
1.0825,0.016581859141036187,1.0,14.115816025392089,0.9999999973863548,0.9607456863748765,0.9915629815365576,0.9938363954472818,14.115816025392089
1.083,0.016579753877878294,1.0,14.115054371575605,0.999999997415426,0.9605930230065205,0.9915573752327282,0.9937883606569415,14.115054371575605
1.0835000000000001,0.016577648614720396,1.0,14.114289955454865,0.9999999974441955,0.9604403625197924,0.9915517653413936,0.9937401403297382,14.114289955454865
1.084,0.016575543351562503,1.0,14.113522777198057,0.9999999974726653,0.9602877049147525,0.9915461518603742,0.9936917344762489,14.113522777198057
1.0845,0.016573438088404606,1.0,14.112752836973351,0.999999997500837,0.9601350501914613,0.9915405347874899,0.9936431431070507,14.112752836973351
1.085,0.016571332825246712,1.0,14.111980134950604,0.9999999975287122,0.9599823983499792,0.9915349141205593,0.993594366232721,14.111980134950604
1.0855000000000001,0.01656922756208882,1.0,14.111204671299884,0.9999999975562928,0.9598297493903665,0.991529289857399,0.9935454038638369,14.111204671299884
1.086,0.016567122298930922,1.0,14.110426446191724,0.9999999975835803,0.9596771033126837,0.9915236619958251,0.9934962560109761,14.110426446191724
1.0865,0.016565017035773028,1.0,14.109645459798832,0.9999999976105765,0.9595244601169912,0.9915180305336524,0.9934469226847159,14.109645459798832
1.087,0.016562911772615135,1.0,14.108861712293526,0.999999997637283,0.9593718198033494,0.9915123954686943,0.9933974038956339,14.108861712293526
1.0875000000000001,0.016560806509457238,1.0,14.108075203849197,0.9999999976637017,0.9592191823718187,0.9915067567987631,0.993347699654308,14.108075203849197
1.088,0.016558701246299344,1.0,14.10728593464055,0.9999999976898342,0.9590665478224595,0.9915011145216698,0.993297809971316,14.10728593464055
1.0885,0.01655659598314145,1.0,14.106493904842635,0.9999999977156822,0.9589139161553322,0.9914954686352239,0.9932477348572357,14.106493904842635
1.089,0.016554490719983557,1.0,14.105699114631332,0.9999999977412473,0.9587612873704973,0.9914898191372343,0.9931974743226452,14.105699114631332
1.0895,0.01655238545682566,1.0,14.104901564183596,0.9999999977665314,0.958608661468015,0.9914841660255086,0.9931470283781225,14.104901564183596
1.09,0.016550280193667763,1.0,14.104101253677207,0.999999997791536,0.9584560384479458,0.9914785092978524,0.9930963970342458,14.104101253677207
1.0905,0.01654817493050987,1.0,14.103298183290784,0.9999999978162629,0.9583034183103503,0.9914728489520707,0.9930455803015935,14.103298183290784
1.091,0.016546069667351976,1.0,14.102492353203404,0.9999999978407139,0.9581508010552887,0.9914671849859674,0.9929945781907439,14.102492353203404
1.0915,0.016543964404194082,1.0,14.10168376359558,0.9999999978648905,0.9579981866828214,0.991461517397345,0.9929433907122756,14.10168376359558
1.092,0.016541859141036185,1.0,14.100872414648055,0.9999999978887946,0.9578455751930088,0.9914558461840045,0.992892017876767,14.100872414648055
1.0925,0.01653975387787829,1.0,14.10005830654276,0.9999999979124277,0.9576929665859115,0.9914501713437461,0.9928404596947968,14.10005830654276
1.093,0.016537648614720398,1.0,14.099241439462466,0.9999999979357916,0.9575403608615898,0.9914444928743681,0.992788716176944,14.099241439462466
1.0935,0.0165355433515625,1.0,14.098421813590274,0.999999997958888,0.957387758020104,0.9914388107736687,0.9927367873337871,14.098421813590274
1.094,0.016533438088404608,1.0,14.097599429111101,0.9999999979817188,0.9572351580615146,0.9914331250394437,0.9926846731759055,14.097599429111101
1.0945,0.016531332825246714,1.0,14.096774286209714,0.9999999980042853,0.9570825609858821,0.9914274356694884,0.9926323737138779,14.096774286209714
1.095,0.016529227562088817,1.0,14.095946385072201,0.9999999980265895,0.9569299667932667,0.9914217426615969,0.9925798889582835,14.095946385072201
1.0955,0.016527122298930923,1.0,14.095115725885604,0.9999999980486329,0.9567773754837289,0.9914160460135613,0.9925272189197017,14.095115725885604
1.096,0.016525017035773026,1.0,14.094282308837178,0.9999999980704174,0.9566247870573291,0.9914103457231732,0.9924743636087118,14.094282308837178
1.0965,0.016522911772615133,1.0,14.093446134115872,0.9999999980919446,0.9564722015141277,0.991404641788223,0.9924213230358931,14.093446134115872
1.097,0.01652080650945724,1.0,14.092607201910731,0.9999999981132162,0.9563196188541853,0.9913989342064993,0.9923680972118254,14.092607201910731
1.0975,0.016518701246299346,1.0,14.091765512411992,0.9999999981342339,0.956167039077562,0.9913932229757897,0.9923146861470881,14.091765512411992
1.098,0.01651659598314145,1.0,14.090921065810365,0.9999999981549994,0.9560144621843183,0.9913875080938812,0.9922610898522609,14.090921065810365
1.0985,0.016514490719983555,1.0,14.090073862297992,0.9999999981755144,0.9558618881745148,0.9913817895585585,0.9922073083379238,14.090073862297992
1.099,0.016512385456825658,1.0,14.089223902067367,0.9999999981957807,0.9557093170482116,0.9913760673676058,0.9921533416146566,14.089223902067367
1.0995,0.016510280193667765,1.0,14.08837118531205,0.9999999982157999,0.9555567488054694,0.991370341518806,0.9920991896930395,14.08837118531205
1.1,0.01650817493050987,1.0,14.087515712226445,0.9999999982355736,0.9554041834463484,0.9913646120099402,0.9920448525836522,14.087515712226445
1.1005,0.016506069667351977,1.0,14.086657483005528,0.9999999982551038,0.9552516209709091,0.991358878838789,0.9919903302970753,14.086657483005528
1.101,0.01650396440419408,1.0,14.085796497844997,0.9999999982743918,0.9550990613792119,0.9913531420031313,0.9919356228438888,14.085796497844997
1.1015,0.016501859141036187,1.0,14.084932756942228,0.9999999982934397,0.9549465046713171,0.9913474015007452,0.9918807302346734,14.084932756942228
1.102,0.01649975387787829,1.0,14.08406626049445,0.999999998312249,0.9547939508472852,0.9913416573294069,0.9918256524800093,14.08406626049445
1.1025,0.016497648614720396,1.0,14.083197008700347,0.9999999983308213,0.9546413999071768,0.9913359094868919,0.9917703895904774,14.083197008700347
1.103,0.016495543351562503,1.0,14.082325001759175,0.9999999983491585,0.9544888518510519,0.991330157970974,0.991714941576658,14.082325001759175
1.1035,0.01649343808840461,1.0,14.081450239870907,0.9999999983672622,0.9543363066789713,0.9913244027794266,0.9916593084491322,14.081450239870907
1.104,0.016491332825246712,1.0,14.080572723236468,0.9999999983851342,0.9541837643909951,0.9913186439100208,0.9916034902184806,14.080572723236468
1.1045,0.01648922756208882,1.0,14.079692452057982,0.999999998402776,0.9540312249871838,0.9913128813605273,0.9915474868952844,14.079692452057982
1.105,0.01648712229893092,1.0,14.07880942653743,0.9999999984201895,0.953878688467598,0.991307115128715,0.9914912984901245,14.07880942653743
1.1055,0.016485017035773028,1.0,14.077923646879206,0.9999999984373763,0.9537261548322978,0.9913013452123519,0.9914349250135821,14.077923646879206
1.106,0.016482911772615134,1.0,14.077035113287078,0.9999999984543382,0.9535736240813438,0.9912955716092045,0.9913783664762384,14.077035113287078
1.1065,0.01648080650945724,1.0,14.076143825966005,0.9999999984710768,0.9534210962147964,0.9912897943170385,0.991321622888675,14.076143825966005
1.107,0.016478701246299344,1.0,14.075249785121905,0.9999999984875938,0.953268571232716,0.9912840133336176,0.991264694261473,14.075249785121905
1.1075,0.01647659598314145,1.0,14.074352990962016,0.9999999985038909,0.9531160491351629,0.991278228656705,0.9912075806052142,14.074352990962016
1.108,0.016474490719983553,1.0,14.073453443693428,0.9999999985199699,0.9529635299221976,0.9912724402840625,0.9911502819304799,14.073453443693428
1.1085,0.01647238545682566,1.0,14.072551143525166,0.9999999985358324,0.9528110135938804,0.9912666482134501,0.9910927982478522,14.072551143525166
1.109,0.016470280193667766,1.0,14.071646090665988,0.9999999985514801,0.952658500150272,0.9912608524426271,0.9910351295679128,14.071646090665988
1.1095,0.016468174930509873,1.0,14.070738285326334,0.9999999985669148,0.9525059895914325,0.9912550529693517,0.9909772759012435,14.070738285326334
1.11,0.016466069667351976,1.0,14.069827727716872,0.9999999985821382,0.9523534819174223,0.9912492497913803,0.9909192372584263,14.069827727716872
1.1105,0.016463964404194082,1.0,14.068914418049712,0.9999999985971518,0.952200977128302,0.9912434429064685,0.9908610136500435,14.068914418049712
1.111,0.016461859141036185,1.0,14.067998356536814,0.9999999986119575,0.952048475224132,0.9912376323123702,0.9908026050866773,14.067998356536814
1.1115,0.01645975387787829,1.0,14.067079543392442,0.999999998626557,0.9518959762049726,0.9912318180068385,0.9907440115789098,14.067079543392442
1.112,0.016457648614720398,1.0,14.06615797883059,0.9999999986409518,0.9517434800708842,0.991225999987625,0.9906852331373234,14.06615797883059
1.1125,0.0164555433515625,1.0,14.065233663065845,0.9999999986551438,0.9515909868219272,0.9912201782524802,0.9906262697725007,14.065233663065845
1.113,0.016453438088404607,1.0,14.06430659631496,0.9999999986691347,0.9514384964581621,0.9912143527991533,0.9905671214950242,14.06430659631496
1.1135,0.016451332825246714,1.0,14.063376778794192,0.9999999986829261,0.9512860089796493,0.9912085236253924,0.9905077883154768,14.063376778794192
1.114,0.016449227562088817,1.0,14.062444210721107,0.9999999986965197,0.951133524386449,0.9912026907289435,0.9904482702444409,14.062444210721107
1.1145,0.016447122298930923,1.0,14.061508892314595,0.9999999987099173,0.9509810426786219,0.9911968541075525,0.9903885672924997,14.061508892314595
1.115,0.01644501703577303,1.0,14.060570823793409,0.9999999987231205,0.9508285638562284,0.9911910137589638,0.990328679470236,14.060570823793409
1.1155,0.016442911772615136,1.0,14.059630005378102,0.9999999987361311,0.9506760879193286,0.99118516968092,0.9902686067882328,14.059630005378102
1.116,0.01644080650945724,1.0,14.058686437288967,0.9999999987489507,0.9505236148679831,0.9911793218711624,0.9902083492570734,14.058686437288967
1.1165,0.016438701246299342,1.0,14.057740119748228,0.9999999987615812,0.9503711447022524,0.9911734703274321,0.9901479068873409,14.057740119748228
1.117,0.01643659598314145,1.0,14.056791052978575,0.999999998774024,0.9502186774221968,0.9911676150474676,0.9900872796896188,14.056791052978575
1.1175,0.016434490719983555,1.0,14.055839237203408,0.999999998786281,0.9500662130278766,0.9911617560290072,0.9900264676744904,14.055839237203408
1.118,0.01643238545682566,1.0,14.054884672646963,0.9999999987983538,0.9499137515193523,0.9911558932697875,0.9899654708525393,14.054884672646963
1.1185,0.016430280193667764,1.0,14.053927359533821,0.9999999988102442,0.9497612928966845,0.9911500267675438,0.9899042892343491,14.053927359533821
1.119,0.01642817493050987,1.0,14.052967298090737,0.9999999988219538,0.9496088371599334,0.9911441565200101,0.9898429228305036,14.052967298090737
1.1195,0.016426069667351977,1.0,14.052004488543954,0.9999999988334844,0.9494563843091594,0.9911382825249193,0.9897813716515864,14.052004488543954
1.12,0.01642396440419408,1.0,14.051038931121166,0.9999999988448377,0.9493039343444228,0.9911324047800032,0.9897196357081817,14.051038931121166
1.1205,0.016421859141036187,1.0,14.05007062605102,0.9999999988560153,0.9491514872657844,0.9911265232829918,0.9896577150108732,14.05007062605102
1.121,0.016419753877878293,1.0,14.049099573562504,0.999999998867019,0.9489990430733042,0.9911206380316141,0.9895956095702453,14.049099573562504
1.1215,0.016417648614720396,1.0,14.048125773885689,0.9999999988778504,0.9488466017670428,0.9911147490235985,0.9895333193968819,14.048125773885689
1.122,0.016415543351562503,1.0,14.047149227251966,0.9999999988885113,0.9486941633470606,0.9911088562566709,0.9894708445013676,14.047149227251966
1.1225,0.016413438088404605,1.0,14.04616993389246,0.9999999988990034,0.948541727813418,0.9911029597285571,0.9894081848942865,14.04616993389246
1.123,0.016411332825246712,1.0,14.045187894040351,0.9999999989093283,0.9483892951661753,0.9910970594369808,0.9893453405862233,14.045187894040351
1.1235,0.01640922756208882,1.0,14.044203107928801,0.9999999989194878,0.9482368654053931,0.9910911553796649,0.9892823115877625,14.044203107928801
1.124,0.016407122298930925,1.0,14.043215575792047,0.9999999989294835,0.9480844385311317,0.9910852475543307,0.9892190979094886,14.043215575792047
1.1245,0.016405017035773028,1.0,14.042225297865166,0.9999999989393172,0.9479320145434514,0.9910793359586987,0.9891556995619866,14.042225297865166
1.125,0.016402911772615134,1.0,14.0412322743843,0.9999999989489907,0.9477795934424128,0.9910734205904874,0.9890921165558412,14.0412322743843
1.1255,0.016400806509457237,1.0,14.040236505585824,0.9999999989585054,0.9476271752280763,0.9910675014474152,0.9890283489016375,14.040236505585824
1.1260000000000001,0.016398701246299344,1.0,14.03923799170805,0.9999999989678633,0.947474759900502,0.9910615785271979,0.9889643966099604,14.03923799170805
1.1265,0.01639659598314145,1.0,14.038236732988898,0.9999999989770658,0.9473223474597507,0.9910556518275512,0.9889002596913951,14.038236732988898
1.127,0.016394490719983557,1.0,14.037232729667732,0.9999999989861149,0.9471699379058827,0.9910497213461885,0.9888359381565268,14.037232729667732
1.1275,0.01639238545682566,1.0,14.036225981984382,0.9999999989950121,0.9470175312389583,0.9910437870808225,0.988771432015941,14.036225981984382
1.1280000000000001,0.016390280193667766,1.0,14.035216490180373,0.9999999990037592,0.9468651274590378,0.9910378490291648,0.9887067412802228,14.035216490180373
1.1285,0.01638817493050987,1.0,14.034204254497084,0.9999999990123579,0.9467127265661819,0.9910319071889258,0.988641865959958,14.034204254497084
1.129,0.016386069667351975,1.0,14.033189275177218,0.9999999990208099,0.9465603285604509,0.9910259615578134,0.9885768060657322,14.033189275177218
1.1295,0.016383964404194082,1.0,14.032171552464312,0.9999999990291168,0.9464079334419052,0.9910200121335359,0.9885115616081309,14.032171552464312
1.1300000000000001,0.016381859141036185,1.0,14.031151086602375,0.9999999990372804,0.9462555412106051,0.9910140589137991,0.9884461325977402,14.031151086602375
1.1305,0.01637975387787829,1.0,14.030127877836971,0.9999999990453025,0.9461031518666111,0.9910081018963084,0.9883805190451457,14.030127877836971
1.131,0.016377648614720398,1.0,14.029101926413786,0.9999999990531845,0.9459507654099836,0.9910021410787673,0.9883147209609335,14.029101926413786
1.1315,0.0163755433515625,1.0,14.028073232579322,0.9999999990609284,0.945798381840783,0.9909961764588784,0.9882487383556897,14.028073232579322
1.1320000000000001,0.016373438088404607,1.0,14.027041796581905,0.9999999990685358,0.9456460011590697,0.9909902080343428,0.9881825712400006,14.027041796581905
1.1325,0.016371332825246714,1.0,14.026007618669468,0.9999999990760082,0.9454936233649042,0.9909842358028603,0.9881162196244523,14.026007618669468
1.133,0.01636922756208882,1.0,14.024970699091272,0.9999999990833476,0.9453412484583468,0.9909782597621296,0.9880496835196313,14.024970699091272
1.1335,0.016367122298930923,1.0,14.023931038097533,0.9999999990905556,0.9451888764394579,0.9909722799098484,0.987982962936124,14.023931038097533
1.1340000000000001,0.016365017035773026,1.0,14.022888635939298,0.9999999990976339,0.9450365073082979,0.9909662962437122,0.9879160578845169,14.022888635939298
1.1345,0.016362911772615132,1.0,14.021843492868454,0.9999999991045841,0.9448841410649274,0.9909603087614163,0.9878489683753967,14.021843492868454
1.135,0.01636080650945724,1.0,14.020795609137485,0.9999999991114081,0.9447317777094065,0.990954317460654,0.9877816944193502,14.020795609137485
1.1355,0.016358701246299345,1.0,14.01974498499994,0.9999999991181074,0.9445794172417958,0.9909483223391176,0.9877142360269642,14.01974498499994
1.1360000000000001,0.01635659598314145,1.0,14.018691620709847,0.9999999991246838,0.9444270596621557,0.990942323394498,0.9876465932088255,14.018691620709847
1.1365,0.016354490719983555,1.0,14.0176355165228,0.999999999131139,0.9442747049705466,0.9909363206244849,0.9875787659755215,14.0176355165228
1.137,0.01635238545682566,1.0,14.016576672694375,0.9999999991374747,0.9441223531670289,0.9909303140267669,0.987510754337639,14.016576672694375
1.1375,0.016350280193667764,1.0,14.015515089481468,0.9999999991436926,0.9439700042516629,0.990924303599031,0.9874425583057653,14.015515089481468
1.1380000000000001,0.01634817493050987,1.0,14.014450767142058,0.9999999991497944,0.943817658224509,0.990918289338963,0.9873741778904876,14.014450767142058
1.1385,0.016346069667351977,1.0,14.013383705934224,0.9999999991557819,0.9436653150856279,0.9909122712442477,0.9873056131023936,14.013383705934224
1.139,0.01634396440419408,1.0,14.012313906117253,0.9999999991616565,0.9435129748350798,0.9909062493125681,0.9872368639520707,14.012313906117253
1.1395,0.016341859141036186,1.0,14.011241367951627,0.9999999991674202,0.9433606374729251,0.9909002235416063,0.9871679304501063,14.011241367951627
1.1400000000000001,0.01633975387787829,1.0,14.010166091698057,0.9999999991730746,0.9432083029992241,0.9908941939290433,0.9870988126070882,14.010166091698057
1.1405,0.016337648614720396,1.0,14.009088077618578,0.9999999991786214,0.9430559714140374,0.990888160472558,0.9870295104336043,14.009088077618578
1.141,0.016335543351562502,1.0,14.008007325975816,0.9999999991840622,0.9429036427174253,0.990882123169829,0.9869600239402423,14.008007325975816
1.1415,0.01633343808840461,1.0,14.006923837033108,0.9999999991893989,0.9427513169094484,0.9908760820185332,0.9868903531375903,14.006923837033108
1.1420000000000001,0.01633133282524671,1.0,14.005837611054881,0.9999999991946331,0.9425989939901667,0.9908700370163457,0.9868204980362363,14.005837611054881
1.1425,0.016329227562088818,1.0,14.004748648306265,0.9999999991997665,0.942446673959641,0.9908639881609413,0.9867504586467686,14.004748648306265
1.143,0.01632712229893092,1.0,14.003656949053108,0.9999999992048008,0.9422943568179316,0.990857935449993,0.9866802349797752,14.003656949053108
1.1435,0.016325017035773028,1.0,14.002562513562584,0.9999999992097376,0.9421420425650988,0.9908518788811721,0.9866098270458447,14.002562513562584
1.1440000000000001,0.016322911772615134,1.0,14.001465342102334,0.9999999992145788,0.9419897312012031,0.9908458184521495,0.9865392348555653,14.001465342102334
1.1445,0.01632080650945724,1.0,14.000365434940717,0.999999999219326,0.9418374227263049,0.9908397541605941,0.9864684584195258,14.000365434940717
1.145,0.016318701246299343,1.0,13.999262792346805,0.999999999223981,0.9416851171404647,0.9908336860041738,0.9863974977483146,13.999262792346805
1.1455,0.01631659598314145,1.0,13.99815741459136,0.9999999992285452,0.9415328144437426,0.9908276139805553,0.9863263528525207,13.99815741459136
1.1460000000000001,0.016314490719983553,1.0,13.99704930194488,0.9999999992330206,0.9413805146361993,0.9908215380874036,0.9862550237427327,13.99704930194488
1.1465,0.01631238545682566,1.0,13.995938454679678,0.9999999992374089,0.9412282177178951,0.990815458322383,0.9861835104295394,13.995938454679678
1.147,0.016310280193667766,1.0,13.994824873068419,0.9999999992417117,0.9410759236888904,0.9908093746831559,0.9861118129235301,13.994824873068419
1.1475,0.016308174930509872,1.0,13.993708557384231,0.9999999992459306,0.9409236325492457,0.9908032871673842,0.9860399312352939,13.993708557384231
1.1480000000000001,0.016306069667351975,1.0,13.992589507901574,0.9999999992500676,0.9407713442990212,0.9907971957727275,0.9859678653754197,13.992589507901574
1.1485,0.01630396440419408,1.0,13.991467724895982,0.999999999254124,0.9406190589382776,0.9907911004968445,0.985895615354497,13.991467724895982
1.149,0.016301859141036185,1.0,13.990343208643104,0.9999999992581018,0.940466776467075,0.9907850013373934,0.9858231811831152,13.990343208643104
1.1495,0.01629975387787829,1.0,13.989215959420022,0.9999999992620027,0.9403144968854741,0.99077889829203,0.9857505628718637,13.989215959420022
1.1500000000000001,0.016297648614720397,1.0,13.988085977504667,0.9999999992658282,0.940162220193535,0.9907727913584095,0.985677760431332,13.988085977504667
1.1505,0.016295543351562504,1.0,13.986953263175431,0.9999999992695802,0.9400099463913183,0.9907666805341849,0.98560477387211,13.986953263175431
1.151,0.016293438088404607,1.0,13.98581781671107,0.9999999992732602,0.9398576754788845,0.9907605658170093,0.9855316032047874,13.98581781671107
1.1515,0.016291332825246713,1.0,13.984679638392866,0.9999999992768701,0.9397054074562938,0.9907544472045334,0.9854582484399538,13.984679638392866
1.1520000000000001,0.016289227562088816,1.0,13.98353872850112,0.9999999992804116,0.9395531423236066,0.990748324694407,0.9853847095881993,13.98353872850112
1.1525,0.016287122298930923,1.0,13.98239508731819,0.9999999992838863,0.9394008800808835,0.9907421982842786,0.9853109866601142,13.98239508731819
1.153,0.01628501703577303,1.0,13.981248715126535,0.9999999992872958,0.9392486207281848,0.9907360679717951,0.9852370796662883,13.981248715126535
1.1535,0.016282911772615136,1.0,13.980099612209822,0.999999999290642,0.939096364265571,0.9907299337546027,0.9851629886173119,13.980099612209822
1.154,0.01628080650945724,1.0,13.978947778852183,0.9999999992939266,0.9389441106931024,0.9907237956303458,0.9850887135237755,13.978947778852183
1.1545,0.016278701246299345,1.0,13.977793215339688,0.9999999992971511,0.9387918600108391,0.9907176535966677,0.9850142543962691,13.977793215339688
1.155,0.016276595983141448,1.0,13.976635921957302,0.9999999993003174,0.9386396122188422,0.9907115076512104,0.9849396112453838,13.976635921957302
1.1555,0.016274490719983555,1.0,13.975475898992764,0.9999999993034271,0.9384873673171716,0.9907053577916144,0.9848647840817097,13.975475898992764
1.156,0.01627238545682566,1.0,13.974313146733685,0.999999999306482,0.9383351253058879,0.9906992040155193,0.9847897729158378,13.974313146733685
1.1565,0.016270280193667764,1.0,13.973147665468508,0.9999999993094836,0.9381828861850513,0.9906930463205627,0.9847145777583587,13.973147665468508
1.157,0.01626817493050987,1.0,13.971979455486764,0.9999999993124338,0.9380306499547225,0.9906868847043817,0.9846391986198635,13.971979455486764
1.1575,0.016266069667351977,1.0,13.97080851707869,0.9999999993153342,0.9378784166149617,0.9906807191646118,0.984563635510943,13.97080851707869
1.158,0.01626396440419408,1.0,13.969634850535135,0.9999999993181866,0.9377261861658295,0.9906745496988868,0.9844878884421883,13.969634850535135
1.1585,0.016261859141036186,1.0,13.968458456148737,0.9999999993209926,0.9375739586073859,0.99066837630484,0.9844119574241905,13.968458456148737
1.159,0.016259753877878293,1.0,13.967279334211769,0.9999999993237539,0.9374217339396917,0.9906621989801024,0.9843358424675411,13.967279334211769
1.1595,0.0162576486147204,1.0,13.96609748501795,0.9999999993264723,0.9372695121628074,0.9906560177223046,0.9842595435828313,13.96609748501795
1.16,0.016255543351562502,1.0,13.96491290886147,0.9999999993291495,0.937117293276793,0.9906498325290753,0.9841830607806525,13.96491290886147
1.1605,0.016253438088404605,1.0,13.963725606038086,0.9999999993317871,0.9369650772817091,0.9906436433980423,0.9841063940715964,13.963725606038086
1.161,0.01625133282524671,1.0,13.962535576843782,0.9999999993343868,0.9368128641776162,0.9906374503268317,0.9840295434662545,13.962535576843782
1.1615,0.016249227562088818,1.0,13.961342821575636,0.9999999993369503,0.9366606539645745,0.9906312533130688,0.9839525089752186,13.961342821575636
1.162,0.016247122298930924,1.0,13.960147340531304,0.9999999993394794,0.9365084466426448,0.9906250523543769,0.9838752906090804,13.960147340531304
1.1625,0.016245017035773027,1.0,13.958949134009293,0.9999999993419757,0.936356242211887,0.9906188474483784,0.983797888378432,13.958949134009293
1.163,0.016242911772615134,1.0,13.957748202309551,0.9999999993444411,0.9362040406723617,0.9906126385926944,0.9837203022938653,13.957748202309551
1.1635,0.01624080650945724,1.0,13.956544545732259,0.9999999993468769,0.9360518420241294,0.9906064257849451,0.9836425323659724,13.956544545732259
1.164,0.016238701246299343,1.0,13.955338164577947,0.9999999993492852,0.9358996462672505,0.9906002090227483,0.9835645786053455,13.955338164577947
1.1645,0.01623659598314145,1.0,13.954129059149691,0.9999999993516675,0.9357474534017853,0.9905939883037216,0.983486441022577,13.954129059149691
1.165,0.016234490719983556,1.0,13.952917229749696,0.9999999993540256,0.9355952634277943,0.9905877636254803,0.9834081196282591,13.952917229749696
1.1655,0.01623238545682566,1.0,13.9517026766815,0.9999999993563611,0.935443076345338,0.9905815349856393,0.9833296144329845,13.9517026766815
1.166,0.016230280193667766,1.0,13.950485400250201,0.9999999993586758,0.9352908921544765,0.9905753023818118,0.9832509254473456,13.950485400250201
1.1665,0.01622817493050987,1.0,13.949265400760533,0.9999999993609713,0.9351387108552704,0.9905690658116094,0.9831720526819352,13.949265400760533
1.167,0.016226069667351975,1.0,13.948042678519387,0.9999999993632493,0.9349865324477802,0.9905628252726427,0.9830929961473458,13.948042678519387
1.1675,0.01622396440419408,1.0,13.946817233833297,0.9999999993655116,0.9348343569320662,0.9905565807625212,0.9830137558541706,13.946817233833297
1.168,0.016221859141036188,1.0,13.945589067010472,0.99999999936776,0.9346821843081887,0.9905503322788525,0.9829343318130023,13.945589067010472
1.1685,0.01621975387787829,1.0,13.944358178359119,0.9999999993699958,0.9345300145762082,0.9905440798192433,0.982854724034434,13.944358178359119
1.169,0.016217648614720397,1.0,13.943124568189376,0.9999999993722212,0.9343778477361853,0.990537823381299,0.9827749325290589,13.943124568189376
1.1695,0.0162155433515625,1.0,13.941888236811241,0.9999999993744375,0.93422568378818,0.9905315629626235,0.98269495730747,13.941888236811241
1.17,0.016213438088404607,1.0,13.940649184536165,0.9999999993766466,0.9340735227322532,0.9905252985608194,0.982614798380261,13.940649184536165
1.1705,0.016211332825246713,1.0,13.939407411676441,0.9999999993788502,0.9339213645684648,0.9905190301734879,0.982534455758025,13.939407411676441
1.171,0.01620922756208882,1.0,13.938162918544466,0.9999999993810499,0.9337692092968756,0.9905127577982293,0.9824539294513557,13.938162918544466
1.1715,0.016207122298930923,1.0,13.936915705454087,0.9999999993832476,0.9336170569175458,0.9905064814326423,0.9823732194708465,13.936915705454087
1.172,0.01620501703577303,1.0,13.935665772720354,0.9999999993854447,0.9334649074305359,0.990500201074324,0.9822923258270914,13.935665772720354
1.1725,0.016202911772615132,1.0,13.934413120658185,0.9999999993876431,0.9333127608359062,0.9904939167208704,0.9822112485306839,13.934413120658185
1.173,0.01620080650945724,1.0,13.93315774958431,0.9999999993898445,0.9331606171337172,0.9904876283698766,0.9821299875922178,13.93315774958431
1.1735,0.016198701246299345,1.0,13.931899659815572,0.9999999993920505,0.9330084763240294,0.9904813360189357,0.9820485430222875,13.931899659815572
1.174,0.01619659598314145,1.0,13.930638851670013,0.999999999394263,0.932856338406903,0.9904750396656397,0.9819669148314867,13.930638851670013
1.1745,0.016194490719983554,1.0,13.929375325466273,0.9999999993964834,0.9327042033823983,0.9904687393075795,0.9818851030304095,13.929375325466273
1.175,0.01619238545682566,1.0,13.928109081524198,0.9999999993987136,0.9325520712505762,0.9904624349423448,0.9818031076296506,13.928109081524198
1.1755,0.016190280193667764,1.0,13.926840120163748,0.9999999994009554,0.9323999420114968,0.990456126567523,0.981720928639804,13.926840120163748
1.176,0.01618817493050987,1.0,13.925568441707052,0.9999999994032103,0.9322478156652204,0.9904498141807015,0.9816385660714642,13.925568441707052
1.1765,0.016186069667351977,1.0,13.924294046476113,0.9999999994054801,0.9320956922118074,0.9904434977794654,0.9815560199352257,13.924294046476113
1.177,0.016183964404194083,1.0,13.923016934793283,0.9999999994077664,0.9319435716513186,0.9904371773613991,0.9814732902416832,13.923016934793283
1.1775,0.016181859141036186,1.0,13.921737106982734,0.999999999410071,0.931791453983814,0.9904308529240851,0.9813903770014314,13.921737106982734
1.178,0.016179753877878292,1.0,13.920454563369347,0.9999999994123956,0.9316393392093543,0.990424524465105,0.9813072802250651,13.920454563369347
1.1785,0.016177648614720395,1.0,13.919169304278489,0.9999999994147419,0.9314872273279995,0.9904181919820391,0.9812239999231791,13.919169304278489
1.179,0.016175543351562502,1.0,13.917881330036476,0.9999999994171116,0.9313351183398104,0.9904118554724657,0.9811405361063686,13.917881330036476
1.1795,0.01617343808840461,1.0,13.916590640970718,0.9999999994195062,0.9311830122448472,0.9904055149339627,0.9810568887852286,13.916590640970718
1.18,0.016171332825246715,1.0,13.915297237408979,0.9999999994219277,0.9310309090431705,0.9903991703641061,0.9809730579703544,13.915297237408979
1.1805,0.016169227562088818,1.0,13.914001119680098,0.9999999994243778,0.9308788087348405,0.9903928217604709,0.980889043672341,13.914001119680098
1.181,0.016167122298930924,1.0,13.912702288114007,0.9999999994268579,0.9307267113199177,0.9903864691206302,0.980804845901784,13.912702288114007
1.1815,0.016165017035773027,1.0,13.911400743040987,0.99999999942937,0.9305746167984625,0.9903801124421565,0.9807204646692788,13.911400743040987
1.182,0.016162911772615134,1.0,13.91009648479289,0.9999999994319156,0.9304225251705354,0.9903737517226203,0.9806358999854209,13.91009648479289
1.1825,0.01616080650945724,1.0,13.908789513701802,0.9999999994344965,0.9302704364361964,0.9903673869595914,0.9805511518608059,13.908789513701802
1.183,0.016158701246299343,1.0,13.907479830100403,0.9999999994371144,0.9301183505955065,0.9903610181506377,0.9804662203060298,13.907479830100403
1.1835,0.01615659598314145,1.0,13.906167434323073,0.999999999439771,0.9299662676485257,0.990354645293326,0.9803811053316883,13.906167434323073
1.184,0.016154490719983556,1.0,13.904852326704413,0.999999999442468,0.9298141875953146,0.9903482683852218,0.9802958069483773,13.904852326704413
1.1845,0.01615238545682566,1.0,13.903534507579757,0.999999999445207,0.9296621104359335,0.9903418874238895,0.9802103251666927,13.903534507579757
1.185,0.016150280193667765,1.0,13.902213977286118,0.9999999994479899,0.9295100361704429,0.9903355024068915,0.980124659997231,13.902213977286118
1.1855,0.016148174930509872,1.0,13.900890736160386,0.9999999994508182,0.9293579647989031,0.9903291133317895,0.9800388114505879,13.900890736160386
1.186,0.016146069667351978,1.0,13.899564784540779,0.9999999994536938,0.9292058963213746,0.9903227201961435,0.9799527795373602,13.899564784540779
1.1865,0.01614396440419408,1.0,13.898236122766104,0.9999999994566182,0.9290538307379177,0.9903163229975123,0.9798665642681439,13.898236122766104
1.187,0.016141859141036184,1.0,13.89690475117626,0.9999999994595932,0.9289017680485928,0.9903099217334533,0.9797801656535357,13.89690475117626
1.1875,0.01613975387787829,1.0,13.895570670112107,0.9999999994626205,0.9287497082534606,0.9903035164015228,0.9796935837041321,13.895570670112107
1.188,0.016137648614720397,1.0,13.894233879915106,0.9999999994657018,0.9285976513525811,0.9902971069992754,0.9796068184305298,13.894233879915106
1.1885000000000001,0.016135543351562504,1.0,13.89289438092743,0.9999999994688389,0.928445597346015,0.9902906935242646,0.9795198698433255,13.89289438092743
1.189,0.016133438088404606,1.0,13.8915521734921,0.9999999994720332,0.9282935462338224,0.9902842759740423,0.9794327379531161,13.8915521734921
1.1895,0.016131332825246713,1.0,13.890207257953467,0.9999999994752867,0.9281414980160642,0.9902778543461596,0.9793454227704987,13.890207257953467
1.19,0.01612922756208882,1.0,13.88885963465623,0.9999999994786011,0.9279894526928003,0.9902714286381653,0.9792579243060702,13.88885963465623
1.1905000000000001,0.016127122298930922,1.0,13.887509303946052,0.9999999994819778,0.9278374102640913,0.990264998847608,0.9791702425704277,13.887509303946052
1.191,0.01612501703577303,1.0,13.886156266169445,0.9999999994854188,0.9276853707299978,0.9902585649720342,0.9790823775741686,13.886156266169445
1.1915,0.016122911772615135,1.0,13.884800521673998,0.9999999994889258,0.9275333340905799,0.9902521270089893,0.97899432932789,13.884800521673998
1.192,0.016120806509457238,1.0,13.883442070807542,0.9999999994925003,0.9273813003458982,0.990245684956017,0.9789060978421894,13.883442070807542
1.1925000000000001,0.016118701246299345,1.0,13.882080913919712,0.9999999994961442,0.9272292694960129,0.9902392388106606,0.9788176831276644,13.882080913919712
1.193,0.016116595983141448,1.0,13.880717051359776,0.999999999499859,0.9270772415409847,0.9902327885704608,0.9787290851949124,13.880717051359776
1.1935,0.016114490719983554,1.0,13.879350483479058,0.9999999995036465,0.9269252164808739,0.9902263342329578,0.9786403040545314,13.879350483479058
1.194,0.01611238545682566,1.0,13.877981210628876,0.9999999995075084,0.9267731943157408,0.9902198757956903,0.9785513397171189,13.877981210628876
1.1945000000000001,0.016110280193667767,1.0,13.876609233161627,0.9999999995114465,0.9266211750456459,0.9902134132561955,0.978462192193273,13.876609233161627
1.195,0.01610817493050987,1.0,13.875234551430434,0.9999999995154623,0.9264691586706495,0.9902069466120094,0.9783728614935915,13.875234551430434
1.1955,0.016106069667351976,1.0,13.87385716578987,0.9999999995195576,0.9263171451908122,0.9902004758606664,0.9782833476286726,13.87385716578987
1.196,0.01610396440419408,1.0,13.872477076594372,0.9999999995237343,0.9261651346061942,0.9901940009996999,0.9781936506091143,13.872477076594372
1.1965000000000001,0.016101859141036186,1.0,13.87109392076133,0.9999999995277713,0.9260131272964798,0.9901875220428209,0.9781037706702124,13.87109392076133
1.197,0.016099753877878292,1.0,13.86970643714376,0.9999999995308327,0.9258611245795327,0.9901810390437883,0.9780137086055537,13.86970643714376
1.1975,0.0160976486147204,1.0,13.868316271990047,0.999999999533882,0.9257091247363106,0.9901745519269115,0.9779234634102197,13.868316271990047
1.198,0.0160955433515625,1.0,13.866923425196754,0.999999999536919,0.9255571277673537,0.9901680606897366,0.9778330350950156,13.866923425196754
1.1985000000000001,0.016093438088404608,1.0,13.865527896661364,0.9999999995399437,0.9254051336732021,0.9901615653298089,0.9777424236707486,13.865527896661364
1.199,0.01609133282524671,1.0,13.864129686282167,0.9999999995429562,0.925253142454396,0.9901550658446723,0.9776516291482288,13.864129686282167
1.1995,0.016089227562088818,1.0,13.862728793958734,0.9999999995459565,0.9251011541114759,0.9901485622318696,0.9775606515382684,13.862728793958734
1.2,0.016087122298930924,1.0,13.861325219591198,0.9999999995489446,0.9249491686449816,0.9901420544889421,0.9774694908516823,13.861325219591198
1.2005000000000001,0.016085017035773027,1.0,13.859918963080375,0.9999999995519206,0.9247971860554534,0.9901355426134297,0.9773781470992876,13.859918963080375
1.201,0.016082911772615133,1.0,13.858510024328735,0.9999999995548845,0.9246452063434316,0.9901290266028712,0.977286620291904,13.858510024328735
1.2015,0.01608080650945724,1.0,13.857098403239307,0.9999999995578362,0.9244932295094562,0.9901225064548039,0.9771949104403534,13.857098403239307
1.202,0.016078701246299343,1.0,13.85568409971557,0.9999999995607759,0.9243412555540677,0.9901159821667641,0.9771030175554604,13.85568409971557
1.2025000000000001,0.01607659598314145,1.0,13.854267113663123,0.9999999995637036,0.9241892844778058,0.9901094537362864,0.9770109416480518,13.854267113663123
1.203,0.016074490719983556,1.0,13.852847444987301,0.9999999995666191,0.9240373162812111,0.9901029211609048,0.976918682728957,13.852847444987301
1.2035,0.016072385456825662,1.0,13.85142509359472,0.9999999995695227,0.9238853509648237,0.990096384438151,0.9768262408090077,13.85142509359472
1.204,0.016070280193667765,1.0,13.850000059393045,0.9999999995724143,0.9237333885291837,0.990089843565556,0.9767336158990383,13.850000059393045
1.2045000000000001,0.016068174930509868,1.0,13.848572342290991,0.999999999575294,0.9235814289748313,0.9900832985406495,0.976640808009885,13.848572342290991
1.205,0.016066069667351975,1.0,13.847141942198329,0.9999999995781617,0.9234294723023067,0.9900767493609595,0.9765478171523871,13.847141942198329
1.2055,0.01606396440419408,1.0,13.845708859025148,0.9999999995810174,0.9232775185121501,0.9900701960240129,0.9764546433373862,13.845708859025148
1.206,0.016061859141036187,1.0,13.844273092682952,0.9999999995838613,0.9231255676049017,0.9900636385273358,0.9763612865757259,13.844273092682952
1.2065000000000001,0.01605975387787829,1.0,13.842834643083942,0.9999999995866933,0.9229736195811016,0.9900570768684526,0.9762677468782526,13.842834643083942
1.207,0.016057648614720397,1.0,13.841393510141357,0.9999999995895135,0.9228216744412902,0.9900505110448857,0.9761740242558152,13.841393510141357
1.2075,0.016055543351562503,1.0,13.83994969376938,0.9999999995923218,0.9226697321860075,0.9900439410541573,0.9760801187192647,13.83994969376938
1.208,0.016053438088404606,1.0,13.838503193883003,0.9999999995951183,0.9225177928157936,0.9900373668937875,0.9759860302794549,13.838503193883003
1.2085000000000001,0.016051332825246713,1.0,13.837054010398509,0.9999999995979031,0.9223658563311888,0.9900307885612957,0.9758917589472416,13.837054010398509
1.209,0.01604922756208882,1.0,13.835602143232753,0.9999999996006761,0.9222139227327335,0.9900242060541995,0.9757973047334834,13.835602143232753
1.2095,0.016047122298930922,1.0,13.834147592303289,0.9999999996034373,0.9220619920209675,0.9900176193700153,0.975702667649041,13.834147592303289
1.21,0.01604501703577303,1.0,13.832690357529563,0.9999999996061869,0.9219100641964313,0.9900110285062582,0.975607847704778,13.832690357529563
1.2105000000000001,0.01604291177261513,1.0,13.831230438830632,0.9999999996089247,0.9217581392596649,0.9900044334604424,0.97551284491156,13.831230438830632
1.211,0.016040806509457238,1.0,13.829767836127935,0.999999999611651,0.9216062172112085,0.9899978342300801,0.9754176592802551,13.829767836127935
1.2115,0.016038701246299344,1.0,13.828302549342645,0.9999999996143656,0.9214542980516024,0.9899912308126826,0.9753222908217339,13.828302549342645
1.212,0.01603659598314145,1.0,13.826834578397467,0.9999999996170685,0.9213023817813868,0.9899846232057599,0.9752267395468696,13.826834578397467
1.2125000000000001,0.016034490719983554,1.0,13.825363923215686,0.9999999996197598,0.9211504684011016,0.9899780114068202,0.9751310054665373,13.825363923215686
1.213,0.01603238545682566,1.0,13.82389058372201,0.9999999996224397,0.9209985579112874,0.9899713954133711,0.9750350885916151,13.82389058372201
1.2135,0.016030280193667763,1.0,13.822414559841594,0.9999999996251079,0.920846650312484,0.9899647752229185,0.9749389889329833,13.822414559841594
1.214,0.01602817493050987,1.0,13.820935851501142,0.9999999996277646,0.9206947456052319,0.9899581508329668,0.9748427065015245,13.820935851501142
1.2145000000000001,0.016026069667351976,1.0,13.819454458627812,0.9999999996304099,0.920542843790071,0.9899515222410195,0.9747462413081238,13.819454458627812
1.215,0.016023964404194083,1.0,13.81797038114946,0.9999999996330435,0.9203909448675417,0.9899448894445784,0.9746495933636689,13.81797038114946
1.2155,0.016021859141036186,1.0,13.816483618995242,0.9999999996356659,0.9202390488381842,0.9899382524411444,0.9745527626790498,13.816483618995242
1.216,0.016019753877878292,1.0,13.814994172095624,0.9999999996382767,0.9200871557025386,0.9899316112282166,0.9744557492651588,13.814994172095624
1.2165,0.0160176486147204,1.0,13.81350204038152,0.9999999996408762,0.919935265461145,0.9899249658032931,0.9743585531328908,13.81350204038152
1.217,0.0160155433515625,1.0,13.812007223784553,0.9999999996434642,0.9197833781145437,0.9899183161638706,0.974261174293143,13.812007223784553
1.2175,0.016013438088404608,1.0,13.810509722238011,0.9999999996460409,0.919631493663275,0.9899116623074443,0.9741636127568152,13.810509722238011
1.218,0.016011332825246714,1.0,13.809009535675633,0.9999999996486063,0.9194796121078789,0.9899050042315087,0.9740658685348094,13.809009535675633
1.2185,0.016009227562088817,1.0,13.807506664032115,0.9999999996511604,0.9193277334488955,0.989898341933556,0.9739679416380302,13.807506664032115
1.219,0.016007122298930924,1.0,13.806001107243326,0.9999999996537031,0.9191758576868653,0.989891675411078,0.9738698320773845,13.806001107243326
1.2195,0.016005017035773027,1.0,13.804492865245722,0.9999999996562345,0.9190239848223282,0.9898850046615646,0.9737715398637818,13.804492865245722
1.22,0.016002911772615133,1.0,13.802981937977314,0.9999999996587549,0.9188721148558245,0.9898783296825046,0.9736730650081339,13.802981937977314
1.2205,0.01600080650945724,1.0,13.80146832537632,0.9999999996612638,0.9187202477878945,0.9898716504713851,0.9735744075213549,13.80146832537632
1.221,0.015998701246299346,1.0,13.799952027382641,0.9999999996637616,0.9185683836190781,0.9898649670256927,0.9734755674143615,13.799952027382641
1.2215,0.01599659598314145,1.0,13.798433043935908,0.9999999996662483,0.9184165223499159,0.989858279342912,0.9733765446980729,13.798433043935908
1.222,0.015994490719983556,1.0,13.796911374978636,0.9999999996687238,0.9182646639809476,0.9898515874205261,0.9732773393834104,13.796911374978636
1.2225,0.01599238545682566,1.0,13.795387020452232,0.9999999996711881,0.9181128085127138,0.9898448912560177,0.9731779514812982,13.795387020452232
1.223,0.015990280193667765,1.0,13.79385998030062,0.9999999996736414,0.9179609559457544,0.9898381908468673,0.9730783810026622,13.79385998030062
1.2235,0.01598817493050987,1.0,13.792330254467837,0.9999999996760836,0.9178091062806099,0.9898314861905543,0.9729786279584317,13.792330254467837
1.224,0.015986069667351978,1.0,13.79079784289921,0.9999999996785147,0.9176572595178201,0.9898247772845566,0.9728786923595375,13.79079784289921
1.2245,0.01598396440419408,1.0,13.789262745540432,0.9999999996809348,0.9175054156579254,0.9898180641263518,0.9727785742169134,13.789262745540432
1.225,0.015981859141036187,1.0,13.787724962339102,0.9999999996833437,0.9173535747014661,0.9898113467134144,0.9726782735414954,13.787724962339102
1.2255,0.01597975387787829,1.0,13.786184493243049,0.9999999996857418,0.9172017366489821,0.9898046250432192,0.972577790344222,13.786184493243049
1.226,0.015977648614720397,1.0,13.784641338201293,0.9999999996881289,0.9170499015010138,0.9897978991132388,0.972477124636034,13.784641338201293
1.2265,0.015975543351562503,1.0,13.783095497164041,0.9999999996905051,0.9168980692581014,0.9897911689209447,0.9723762764278747,13.783095497164041
1.227,0.015973438088404606,1.0,13.781546970081619,0.9999999996928703,0.9167462399207849,0.9897844344638068,0.9722752457306899,13.781546970081619
1.2275,0.015971332825246713,1.0,13.779995756906503,0.9999999996952247,0.9165944134896046,0.9897776957392944,0.9721740325554278,13.779995756906503
1.228,0.01596922756208882,1.0,13.778441857591282,0.9999999996975681,0.9164425899651006,0.9897709527448746,0.9720726369130388,13.778441857591282
1.2285,0.015967122298930922,1.0,13.776885272089373,0.9999999996999007,0.9162907693478134,0.9897642054780138,0.9719710588144761,13.776885272089373
1.229,0.01596501703577303,1.0,13.77532600035612,0.9999999997022224,0.9161389516382827,0.9897574539361763,0.9718692982706949,13.77532600035612
1.2295,0.015962911772615135,1.0,13.773764042346729,0.9999999997045335,0.9159871368370491,0.9897506981168264,0.9717673552926531,13.773764042346729
1.23,0.01596080650945724,1.0,13.772199398017962,0.9999999997068336,0.9158353249446527,0.9897439380174256,0.9716652298913112,13.772199398017962
1.2305,0.015958701246299344,1.0,13.770632067327186,0.999999999709123,0.9156835159616336,0.9897371736354349,0.9715629220776316,13.770632067327186
1.231,0.015956595983141447,1.0,13.76906205023332,0.9999999997114017,0.9155317098885318,0.9897304049683137,0.9714604318625794,13.76906205023332
1.2315,0.015954490719983554,1.0,13.767489346695756,0.9999999997136697,0.9153799067258879,0.98972363201352,0.9713577592571222,13.767489346695756
1.232,0.01595238545682566,1.0,13.765913956675083,0.9999999997159269,0.9152281064742417,0.989716854768511,0.9712549042722299,13.765913956675083
1.2325,0.015950280193667767,1.0,13.764335880132252,0.9999999997181735,0.9150763091341337,0.9897100732307419,0.9711518669188751,13.764335880132252
1.233,0.01594817493050987,1.0,13.76275511703001,0.9999999997204095,0.9149245147061038,0.9897032873976668,0.9710486472080322,13.76275511703001
1.2335,0.015946069667351976,1.0,13.761171667331464,0.9999999997226349,0.9147727231906925,0.9896964972667386,0.9709452451506787,13.761171667331464
1.234,0.015943964404194082,1.0,13.75958553100116,0.9999999997248497,0.9146209345884397,0.9896897028354086,0.9708416607577941,13.75958553100116
1.2345,0.015941859141036185,1.0,13.75799670800388,0.9999999997270538,0.9144691488998858,0.9896829041011267,0.9707378940403604,13.75799670800388
1.235,0.015939753877878292,1.0,13.756405198306572,0.9999999997292475,0.9143173661255708,0.9896761010613423,0.9706339450093621,13.756405198306572
1.2355,0.0159376486147204,1.0,13.75481100187582,0.9999999997314305,0.9141655862660351,0.9896692937135022,0.9705298136757862,13.75481100187582
1.236,0.0159355433515625,1.0,13.753214118679653,0.9999999997336031,0.9140138093218187,0.9896624820550526,0.9704255000506218,13.753214118679653
1.2365,0.015933438088404608,1.0,13.75161454868766,0.9999999997357651,0.9138620352934619,0.9896556660834382,0.9703210041448608,13.75161454868766
1.237,0.01593133282524671,1.0,13.750012291869556,0.9999999997379169,0.9137102641815047,0.9896488457961029,0.9702163259694971,13.750012291869556
1.2375,0.015929227562088817,1.0,13.74840734819649,0.999999999740058,0.9135584959864875,0.989642021190488,0.9701114655355276,13.74840734819649
1.238,0.015927122298930924,1.0,13.746799717640464,0.9999999997421889,0.9134067307089505,0.9896351922640347,0.9700064228539511,13.746799717640464
1.2385,0.01592501703577303,1.0,13.745189400174318,0.9999999997443093,0.9132549683494338,0.9896283590141821,0.969901197935769,13.745189400174318
1.239,0.015922911772615133,1.0,13.743576395771859,0.9999999997464193,0.9131032089084774,0.9896215214383682,0.9697957907919851,13.743576395771859
1.2395,0.01592080650945724,1.0,13.74196070440834,0.9999999997485189,0.9129514523866218,0.9896146795340298,0.9696902014336057,13.74196070440834
1.24,0.015918701246299342,1.0,13.740342326059137,0.9999999997506084,0.912799698784407,0.9896078332986024,0.9695844298716394,13.740342326059137
1.2405,0.01591659598314145,1.0,13.738721260701311,0.9999999997526875,0.9126479481023734,0.9896009827295195,0.9694784761170974,13.738721260701311
1.241,0.015914490719983555,1.0,13.737097508312896,0.9999999997547563,0.9124962003410608,0.989594127824214,0.9693723401809929,13.737097508312896
1.2415,0.015912385456825662,1.0,13.735471068872165,0.9999999997568149,0.9123444555010097,0.9895872685801171,0.9692660220743421,13.735471068872165
1.242,0.015910280193667765,1.0,13.73384194235872,0.9999999997588631,0.9121927135827603,0.9895804049946588,0.9691595218081633,13.73384194235872
1.2425,0.01590817493050987,1.0,13.732210128753858,0.9999999997609013,0.9120409745868526,0.9895735370652676,0.9690528393934772,13.732210128753858
1.243,0.015906069667351974,1.0,13.73057562803864,0.9999999997629292,0.9118892385138269,0.9895666647893709,0.9689459748413068,13.73057562803864
1.2435,0.01590396440419408,1.0,13.728938440196055,0.999999999764947,0.9117375053642234,0.9895597881643945,0.968838928162678,13.728938440196055
1.244,0.015901859141036187,1.0,13.72729856520946,0.9999999997669546,0.9115857751385822,0.9895529071877628,0.9687316993686186,13.72729856520946
1.2445,0.015899753877878293,1.0,13.725656003063547,0.9999999997689522,0.9114340478374436,0.989546021856899,0.9686242884701591,13.725656003063547
1.245,0.015897648614720396,1.0,13.724010753743617,0.9999999997709397,0.9112823234613476,0.9895391321692248,0.9685166954783322,13.724010753743617
1.2455,0.015895543351562503,1.0,13.72236281723654,0.999999999772917,0.9111306020108346,0.9895322381221608,0.9684089204041733,13.72236281723654
1.246,0.015893438088404606,1.0,13.720712193529204,0.9999999997748843,0.9109788834864447,0.9895253397131265,0.9683009632587201,13.720712193529204
1.2465,0.015891332825246712,1.0,13.71905888261066,0.9999999997768416,0.9108271678887181,0.9895184369395393,0.9681928240530125,13.71905888261066
1.247,0.01588922756208882,1.0,13.717402884470223,0.999999999778789,0.9106754552181948,0.9895115297988155,0.9680845027980931,13.717402884470223
1.2475,0.015887122298930925,1.0,13.715744199097928,0.9999999997807264,0.9105237454754154,0.9895046182883706,0.967975999505007,13.715744199097928
1.248,0.015885017035773028,1.0,13.714082826485274,0.9999999997826537,0.9103720386609196,0.9894977024056175,0.9678673141848013,13.714082826485274
1.2485,0.015882911772615135,1.0,13.712418766624733,0.9999999997845712,0.910220334775248,0.9894907821479695,0.9677584468485259,13.712418766624733
1.249,0.015880806509457238,1.0,13.710752019509265,0.9999999997864788,0.9100686338189405,0.989483857512837,0.9676493975072328,13.710752019509265
1.2495,0.015878701246299344,1.0,13.709082585133658,0.9999999997883765,0.9099169357925375,0.9894769284976298,0.9675401661719768,13.709082585133658
1.25,0.01587659598314145,1.0,13.707410463492941,0.9999999997902643,0.909765240696579,0.9894699950997561,0.9674307528538147,13.707410463492941
1.2505,0.015874490719983557,1.0,13.705735654583373,0.9999999997921423,0.9096135485316054,0.9894630573166229,0.9673211575638062,13.705735654583373
1.2510000000000001,0.01587238545682566,1.0,13.70405815840182,0.9999999997940106,0.9094618592981566,0.9894561151456359,0.9672113803130128,13.70405815840182
1.2515,0.015870280193667766,1.0,13.70237797494685,0.999999999795869,0.9093101729967731,0.9894491685841992,0.9671014211124991,13.70237797494685
1.252,0.01586817493050987,1.0,13.700695104217411,0.9999999997977176,0.9091584896279948,0.9894422176297155,0.9669912799733316,13.700695104217411
1.2525,0.015866069667351976,1.0,13.699009546214146,0.9999999997995564,0.9090068091923621,0.9894352622795864,0.9668809569065792,13.699009546214146
1.2530000000000001,0.015863964404194082,1.0,13.697321300937718,0.9999999998013857,0.908855131690415,0.9894283025312123,0.9667704519233136,13.697321300937718
1.2535,0.015861859141036185,1.0,13.69563036839001,0.9999999998032051,0.908703457122694,0.9894213383819914,0.9666597650346089,13.69563036839001
1.254,0.01585975387787829,1.0,13.693936748574723,0.9999999998050149,0.9085517854897389,0.9894143698293216,0.9665488962515411,13.693936748574723
1.2545,0.015857648614720398,1.0,13.692240441495583,0.9999999998068151,0.9084001167920901,0.9894073968705988,0.9664378455851891,13.692240441495583
1.2550000000000001,0.0158555433515625,1.0,13.690541447157532,0.9999999998086055,0.9082484510302877,0.9894004195032177,0.9663266130466339,13.690541447157532
1.2555,0.015853438088404607,1.0,13.688839765566861,0.9999999998103866,0.908096788204872,0.9893934377245714,0.9662151986469594,13.688839765566861
1.256,0.015851332825246714,1.0,13.687135396730595,0.9999999998121579,0.9079451283163831,0.989386451532052,0.9661036023972513,13.687135396730595
1.2565,0.01584922756208882,1.0,13.685428340656506,0.9999999998139196,0.9077934713653613,0.9893794609230502,0.9659918243085982,13.685428340656506
1.2570000000000001,0.015847122298930923,1.0,13.683718597353469,0.9999999998156719,0.9076418173523465,0.9893724658949553,0.9658798643920907,13.683718597353469
1.2575,0.015845017035773026,1.0,13.68200616683158,0.9999999998174147,0.9074901662778793,0.9893654664451551,0.9657677226588223,13.68200616683158
1.258,0.015842911772615133,1.0,13.680291049102047,0.999999999819148,0.9073385181424996,0.9893584625710358,0.9656553991198884,13.680291049102047
1.2585,0.01584080650945724,1.0,13.678573244176574,0.9999999998208717,0.9071868729467476,0.9893514542699826,0.9655428937863874,13.678573244176574
1.2590000000000001,0.015838701246299346,1.0,13.676852752068097,0.9999999998225861,0.9070352306911635,0.9893444415393798,0.9654302066694193,13.676852752068097
1.2595,0.01583659598314145,1.0,13.675129572790288,0.9999999998242911,0.9068835913762876,0.9893374243766092,0.9653173377800873,13.675129572790288
1.26,0.015834490719983555,1.0,13.67340370635854,0.9999999998259866,0.90673195500266,0.9893304027790522,0.9652042871294967,13.67340370635854
1.2605,0.01583238545682566,1.0,13.67167515278826,0.9999999998276727,0.906580321570821,0.9893233767440882,0.9650910547287552,13.67167515278826
1.2610000000000001,0.015830280193667765,1.0,13.669943912096452,0.9999999998293496,0.9064286910813105,0.9893163462690958,0.9649776405889727,13.669943912096452
1.2615,0.01582817493050987,1.0,13.6682099843011,0.9999999998310171,0.9062770635346691,0.9893093113514517,0.9648640447212622,13.6682099843011
1.262,0.015826069667351977,1.0,13.666473369420942,0.9999999998326753,0.9061254389314366,0.9893022719885316,0.9647502671367383,13.666473369420942
1.2625,0.01582396440419408,1.0,13.664734067475703,0.9999999998343242,0.9059738172721533,0.9892952281777094,0.9646363078465183,13.664734067475703
1.2630000000000001,0.015821859141036187,1.0,13.66299207848634,0.9999999998359639,0.9058221985573596,0.9892881799163583,0.9645221668617223,13.66299207848634
1.2635,0.01581975387787829,1.0,13.661247402474553,0.9999999998375944,0.9056705827875954,0.9892811272018498,0.9644078441934724,13.661247402474553
1.264,0.015817648614720396,1.0,13.659500039463401,0.9999999998392156,0.905518969963401,0.9892740700315533,0.9642933398528931,13.659500039463401
1.2645,0.015815543351562503,1.0,13.657749989476208,0.9999999998408277,0.9053673600853167,0.9892670084028382,0.9641786538511116,13.657749989476208
1.2650000000000001,0.01581343808840461,1.0,13.655997252538377,0.9999999998424305,0.9052157531538825,0.9892599423130717,0.964063786199257,13.655997252538377
1.2655,0.015811332825246712,1.0,13.654241828674975,0.9999999998440242,0.9050641491696386,0.9892528717596196,0.9639487369084615,13.654241828674975
1.266,0.01580922756208882,1.0,13.652483717913265,0.9999999998456088,0.9049125481331254,0.9892457967398465,0.9638335059898592,13.652483717913265
1.2665,0.01580712229893092,1.0,13.650722920280547,0.9999999998471844,0.9047609500448829,0.9892387172511155,0.9637180934545868,13.650722920280547
1.2670000000000001,0.015805017035773028,1.0,13.648959435806427,0.9999999998487509,0.9046093549054511,0.9892316332907887,0.9636024993137833,13.648959435806427
1.2675,0.015802911772615134,1.0,13.647193264519832,0.9999999998503083,0.9044577627153707,0.9892245448562264,0.9634867235785903,13.647193264519832
1.268,0.01580080650945724,1.0,13.645424406451758,0.9999999998518566,0.9043061734751815,0.9892174519447878,0.9633707662601517,13.645424406451758
1.2685,0.015798701246299344,1.0,13.643652861633726,0.999999999853396,0.9041545871854239,0.9892103545538304,0.963254627369614,13.643652861633726
1.2690000000000001,0.01579659598314145,1.0,13.641878630099205,0.9999999998549264,0.9040030038466377,0.9892032526807109,0.9631383069181254,13.641878630099205
1.2695,0.015794490719983553,1.0,13.640101711880856,0.9999999998564478,0.9038514234593635,0.9891961463227839,0.9630218049168375,13.640101711880856
1.27,0.01579238545682566,1.0,13.638322107014268,0.9999999998579604,0.9036998460241414,0.9891890354774032,0.9629051213769038,13.638322107014268
1.2705,0.015790280193667766,1.0,13.636539815534944,0.999999999859464,0.9035482715415115,0.9891819201419207,0.9627882563094801,13.636539815534944
1.2710000000000001,0.01578817493050987,1.0,13.634754837479381,0.9999999998609588,0.9033967000120139,0.9891748003136875,0.9626712097257246,13.634754837479381
1.2715,0.015786069667351976,1.0,13.632967172885557,0.9999999998624446,0.903245131436189,0.9891676759900531,0.9625539816367986,13.632967172885557
1.272,0.015783964404194082,1.0,13.631176821791849,0.9999999998639216,0.903093565814577,0.9891605471683652,0.9624365720538651,13.631176821791849
1.2725,0.015781859141036185,1.0,13.629383784238232,0.9999999998653899,0.9029420031477178,0.9891534138459709,0.9623189809880895,13.629383784238232
1.2730000000000001,0.01577975387787829,1.0,13.627588060265564,0.9999999998668493,0.9027904434361518,0.989146276020215,0.9622012084506399,13.627588060265564
1.2735,0.015777648614720398,1.0,13.625789649915466,0.9999999998682999,0.9026388866804191,0.9891391336884419,0.9620832544526869,13.625789649915466
1.274,0.015775543351562504,1.0,13.623988553230431,0.9999999998697419,0.9024873328810601,0.9891319868479939,0.9619651190054033,13.623988553230431
1.2745,0.015773438088404607,1.0,13.622184770254082,0.999999999871175,0.9023357820386148,0.9891248354962123,0.9618468021199641,13.622184770254082
1.2750000000000001,0.01577133282524671,1.0,13.62037830103152,0.9999999998725995,0.9021842341536233,0.9891176796304365,0.9617283038075471,13.62037830103152
1.2755,0.015769227562088817,1.0,13.61856914560849,0.9999999998740153,0.9020326892266258,0.9891105192480053,0.9616096240793325,13.61856914560849
1.276,0.015767122298930923,1.0,13.616757304031502,0.9999999998754224,0.9018811472581628,0.9891033543462554,0.9614907629465027,13.616757304031502
1.2765,0.01576501703577303,1.0,13.614942776348546,0.999999999876821,0.9017296082487741,0.9890961849225226,0.9613717204202424,13.614942776348546
1.2770000000000001,0.015762911772615133,1.0,13.6131255626079,0.9999999998782109,0.9015780721990001,0.9890890109741411,0.961252496511739,13.6131255626079
1.2775,0.01576080650945724,1.0,13.611305662859683,0.9999999998795922,0.901426539109381,0.9890818324984438,0.9611330912321824,13.611305662859683
1.278,0.015758701246299345,1.0,13.609483077154545,0.999999999880965,0.9012750089804569,0.9890746494927619,0.9610135045927645,13.609483077154545
1.2785,0.01575659598314145,1.0,13.607657805544015,0.9999999998823292,0.901123481812768,0.9890674619544259,0.9608937366046799,13.607657805544015
1.2790000000000001,0.015754490719983555,1.0,13.605829848081475,0.9999999998836849,0.9009719576068544,0.9890602698807641,0.9607737872791254,13.605829848081475
1.2795,0.01575238545682566,1.0,13.60399920482011,0.9999999998850321,0.9008204363632566,0.9890530732691037,0.9606536566273006,13.60399920482011
1.28,0.015750280193667764,1.0,13.602165875814592,0.9999999998863709,0.9006689180825145,0.989045872116771,0.9605333446604071,13.602165875814592
1.2805,0.01574817493050987,1.0,13.600329861121326,0.9999999998877012,0.9005174027651682,0.9890386664210904,0.9604128513896489,13.600329861121326
1.281,0.015746069667351977,1.0,13.598491160796636,0.9999999998890231,0.9003658904117583,0.9890314561793849,0.9602921768262329,13.598491160796636
1.2815,0.01574396440419408,1.0,13.596649774898465,0.9999999998903366,0.9002143810228245,0.9890242413889764,0.9601713209813678,13.596649774898465
1.282,0.015741859141036187,1.0,13.594805703485642,0.9999999998916417,0.9000628745989073,0.989017022047185,0.9600502838662651,13.594805703485642
1.2825,0.015739753877878293,1.0,13.592958946618003,0.9999999998929384,0.8999113711405469,0.9890097981513296,0.9599290654921386,13.592958946618003
1.283,0.0157376486147204,1.0,13.59110950435628,0.9999999998942268,0.8997598706482832,0.9890025696987284,0.9598076658702044,13.59110950435628
1.2835,0.015735543351562502,1.0,13.589257376762335,0.999999999895507,0.8996083731226566,0.9889953366866968,0.9596860850116811,13.589257376762335
1.284,0.015733438088404605,1.0,13.587402563898799,0.9999999998967788,0.8994568785642074,0.98898809911255,0.9595643229277898,13.587402563898799
1.2845,0.015731332825246712,1.0,13.585545065830033,0.9999999998980424,0.8993053869734756,0.9889808569736014,0.959442379629754,13.585545065830033
1.285,0.01572922756208882,1.0,13.583684882620698,0.9999999998992978,0.8991538983510015,0.9889736102671626,0.9593202551287994,13.583684882620698
1.2855,0.015727122298930925,1.0,13.581822014336824,0.9999999999005449,0.8990024126973251,0.9889663589905445,0.9591979494361542,13.581822014336824
1.286,0.015725017035773028,1.0,13.579956461044615,0.9999999999017838,0.8988509300129868,0.9889591031410566,0.9590754625630492,13.579956461044615
1.2865,0.015722911772615134,1.0,13.578088222812971,0.9999999999030146,0.8986994502985266,0.9889518427160061,0.9589527945207172,13.578088222812971
1.287,0.01572080650945724,1.0,13.576217299710365,0.9999999999042372,0.8985479735544848,0.9889445777126997,0.9588299453203939,13.576217299710365
1.2875,0.015718701246299344,1.0,13.574343691806527,0.9999999999054517,0.8983964997814016,0.9889373081284427,0.9587069149733171,13.574343691806527
1.288,0.01571659598314145,1.0,13.5724673991728,0.9999999999066581,0.8982450289798172,0.988930033960538,0.958583703490727,13.5724673991728
1.2885,0.015714490719983557,1.0,13.570588421881189,0.9999999999078565,0.8980935611502716,0.9889227552062884,0.9584603108838663,13.570588421881189
1.289,0.01571238545682566,1.0,13.568706760004229,0.9999999999090468,0.8979420962933052,0.9889154718629947,0.95833673716398,13.568706760004229
1.2895,0.015710280193667766,1.0,13.566822413616437,0.9999999999102289,0.8977906344094582,0.9889081839279559,0.9582129823423159,13.566822413616437
1.29,0.01570817493050987,1.0,13.564935382792392,0.9999999999114032,0.8976391754992706,0.9889008913984704,0.9580890464301235,13.564935382792392
1.2905,0.015706069667351975,1.0,13.563045667608641,0.9999999999125695,0.8974877195632828,0.9888935942718348,0.9579649294386554,13.563045667608641
1.291,0.015703964404194082,1.0,13.561153268142036,0.9999999999137278,0.8973362666020347,0.988886292545344,0.957840631379166,13.561153268142036
1.2915,0.015701859141036188,1.0,13.559258184470695,0.9999999999148781,0.8971848166160667,0.9888789862162922,0.9577161522629127,13.559258184470695
1.292,0.01569975387787829,1.0,13.557360416673387,0.9999999999160206,0.8970333696059191,0.9888716752819718,0.9575914921011549,13.557360416673387
1.2925,0.015697648614720398,1.0,13.555459964830979,0.9999999999171552,0.8968819255721318,0.9888643597396735,0.9574666509051545,13.555459964830979
1.293,0.0156955433515625,1.0,13.553556829023693,0.9999999999182818,0.8967304845152452,0.9888570395866871,0.9573416286861759,13.553556829023693
1.2935,0.015693438088404607,1.0,13.55165100933468,0.9999999999194007,0.8965790464357992,0.9888497148203009,0.9572164254554857,13.55165100933468
1.294,0.015691332825246714,1.0,13.54974250584656,0.9999999999205117,0.8964276113343344,0.9888423854378016,0.9570910412243532,13.54974250584656
1.2945,0.01568922756208882,1.0,13.547831318643691,0.9999999999216149,0.8962761792113907,0.9888350514364748,0.9569654760040498,13.547831318643691
1.295,0.015687122298930923,1.0,13.545917447811103,0.9999999999227104,0.8961247500675084,0.9888277128136042,0.9568397298058495,13.545917447811103
1.2955,0.01568501703577303,1.0,13.54400089343544,0.9999999999237982,0.8959733239032276,0.9888203695664725,0.9567138026410288,13.54400089343544
1.296,0.015682911772615132,1.0,13.542081655603416,0.9999999999248781,0.8958219007190886,0.9888130216923607,0.9565876945208663,13.542081655603416
1.2965,0.01568080650945724,1.0,13.540159734404208,0.9999999999259505,0.8956704805156315,0.9888056691885492,0.956461405456643,13.540159734404208
1.297,0.015678701246299345,1.0,13.538235129926697,0.999999999927015,0.8955190632933965,0.9887983120523158,0.9563349354596429,13.538235129926697
1.2975,0.015676595983141448,1.0,13.536307842260918,0.999999999928072,0.8953676490529238,0.9887909502809376,0.9562082845411515,13.536307842260918
1.298,0.015674490719983555,1.0,13.534377871498881,0.9999999999291213,0.8952162377947536,0.9887835838716902,0.9560814527124575,13.534377871498881
1.2985,0.01567238545682566,1.0,13.532445217732674,0.999999999930163,0.895064829519426,0.9887762128218477,0.9559544399848515,13.532445217732674
1.299,0.015670280193667764,1.0,13.530509881055645,0.999999999931197,0.8949134242274813,0.9887688371286832,0.9558272463696268,13.530509881055645
1.2995,0.01566817493050987,1.0,13.52857186156277,0.9999999999322235,0.8947620219194596,0.9887614567894676,0.9556998718780788,13.52857186156277
1.3,0.015666069667351977,1.0,13.526631159349101,0.9999999999332425,0.8946106225959012,0.9887540718014707,0.9555723165215058,13.526631159349101
1.3005,0.01566396440419408,1.0,13.524687774511076,0.999999999934254,0.8944592262573462,0.9887466821619616,0.9554445803112078,13.524687774511076
1.301,0.015661859141036186,1.0,13.522741707146634,0.999999999935258,0.8943078329043348,0.988739287868207,0.955316663258488,13.522741707146634
1.3015,0.01565975387787829,1.0,13.520792957354157,0.9999999999362545,0.8941564425374071,0.9887318889174728,0.9551885653746512,13.520792957354157
1.302,0.015657648614720396,1.0,13.518841525233533,0.9999999999372435,0.8940050551571035,0.988724485307023,0.9550602866710053,13.518841525233533
1.3025,0.015655543351562502,1.0,13.516887410885198,0.9999999999382252,0.893853670763964,0.9887170770341208,0.9549318271588603,13.516887410885198
1.303,0.01565343808840461,1.0,13.514930614410869,0.9999999999391994,0.8937022893585289,0.9887096640960272,0.9548031868495284,13.514930614410869
1.3035,0.01565133282524671,1.0,13.512971135913162,0.9999999999401663,0.8935509109413382,0.9887022464900027,0.9546743657543244,13.512971135913162
1.304,0.015649227562088818,1.0,13.511008975496097,0.9999999999411258,0.8933995355129323,0.9886948242133058,0.9545453638845657,13.511008975496097
1.3045,0.015647122298930925,1.0,13.509044133264245,0.9999999999420779,0.8932481630738514,0.9886873972631937,0.9544161812515719,13.509044133264245
1.305,0.015645017035773028,1.0,13.50707660932333,0.9999999999430227,0.8930967936246355,0.9886799656369222,0.9542868178666649,13.50707660932333
1.3055,0.015642911772615134,1.0,13.505106403780704,0.9999999999439603,0.8929454271658248,0.9886725293317455,0.9541572737411691,13.505106403780704
1.306,0.01564080650945724,1.0,13.503133516743809,0.9999999999448905,0.8927940636979597,0.988665088344917,0.9540275488864115,13.503133516743809
1.3065,0.015638701246299343,1.0,13.50115794832147,0.9999999999458136,0.8926427032215802,0.9886576426736877,0.9538976433137212,13.50115794832147
1.307,0.01563659598314145,1.0,13.499179698624275,0.9999999999467294,0.8924913457372265,0.9886501923153079,0.9537675570344297,13.499179698624275
1.3075,0.015634490719983553,1.0,13.49719876776264,0.9999999999476381,0.8923399912454388,0.9886427372670267,0.9536372900598713,13.49719876776264
1.308,0.01563238545682566,1.0,13.495215155848872,0.9999999999485395,0.8921886397467574,0.9886352775260911,0.9535068424013822,13.495215155848872
1.3085,0.015630280193667766,1.0,13.493228862996062,0.9999999999494338,0.8920372912417225,0.9886278130897468,0.9533762140703014,13.493228862996062
1.309,0.015628174930509872,1.0,13.49123988931835,0.9999999999503211,0.891885945730874,0.9886203439552388,0.95324540507797,13.49123988931835
1.3095,0.015626069667351975,1.0,13.489248234930429,0.9999999999512011,0.8917346032147523,0.9886128701198096,0.9531144154357315,13.489248234930429
1.31,0.015623964404194082,1.0,13.487253899949112,0.9999999999520741,0.8915832636938976,0.988605391580701,0.9529832451549323,13.487253899949112
1.3105,0.015621859141036186,1.0,13.485256884491411,0.9999999999529401,0.89143192716885,0.9885979083351533,0.9528518942469204,13.485256884491411
1.311,0.015619753877878291,1.0,13.483257188675385,0.999999999953799,0.8912805936401498,0.9885904203804051,0.952720362723047,13.483257188675385
1.3115,0.015617648614720397,1.0,13.48125481262072,0.9999999999546508,0.8911292631083371,0.9885829277136939,0.9525886505946652,13.48125481262072
1.312,0.015615543351562502,1.0,13.479249756447564,0.9999999999554957,0.890977935573952,0.9885754303322557,0.9524567578731306,13.479249756447564
1.3125,0.015613438088404607,1.0,13.477242020277208,0.9999999999563337,0.8908266110375349,0.9885679282333247,0.9523246845698012,13.477242020277208
1.313,0.015611332825246713,1.0,13.475231604232475,0.9999999999571647,0.8906752894996258,0.9885604214141342,0.9521924306960375,13.475231604232475
1.3135000000000001,0.015609227562088816,1.0,13.47321850843639,0.9999999999579888,0.890523970960765,0.988552909871916,0.9520599962632023,13.47321850843639
1.314,0.015607122298930923,1.0,13.47120273301374,0.999999999958806,0.8903726554214927,0.9885453936038999,0.9519273812826609,13.47120273301374
1.3145,0.01560501703577303,1.0,13.469184278090239,0.9999999999596163,0.890221342882349,0.9885378726073152,0.9517945857657808,13.469184278090239
1.315,0.015602911772615134,1.0,13.467163143792162,0.9999999999604198,0.890070033343874,0.988530346879389,0.9516616097239321,13.467163143792162
1.3155000000000001,0.015600806509457239,1.0,13.46513933024743,0.9999999999612165,0.8899187268066081,0.9885228164173474,0.9515284531684873,13.46513933024743
1.316,0.015598701246299345,1.0,13.463112837584653,0.9999999999620063,0.8897674232710914,0.9885152812184149,0.9513951161108211,13.463112837584653
1.3165,0.01559659598314145,1.0,13.461083665933366,0.9999999999627893,0.8896161227378642,0.9885077412798146,0.951261598562311,13.461083665933366
1.317,0.015594490719983554,1.0,13.459051815424749,0.9999999999635657,0.8894648252074664,0.988500196598768,0.9511279005343362,13.459051815424749
1.3175000000000001,0.015592385456825661,1.0,13.45701728619079,0.9999999999643353,0.8893135306804383,0.9884926471724954,0.9509940220382789,13.45701728619079
1.318,0.015590280193667764,1.0,13.454980078363569,0.9999999999650981,0.8891622391573203,0.988485092998216,0.9508599630855238,13.454980078363569
1.3185,0.01558817493050987,1.0,13.452940192077765,0.9999999999658543,0.8890109506386524,0.9884775340731468,0.9507257236874574,13.452940192077765
1.319,0.015586069667351977,1.0,13.450897627468397,0.9999999999666038,0.8888596651249747,0.9884699703945039,0.950591303855469,13.450897627468397
1.3195000000000001,0.01558396440419408,1.0,13.448852384670928,0.9999999999673467,0.8887083826168276,0.9884624019595017,0.9504567036009502,13.448852384670928
1.32,0.015581859141036186,1.0,13.446804463823069,0.999999999968083,0.8885571031147512,0.9884548287653535,0.9503219229352953,13.446804463823069
1.3205,0.015579753877878293,1.0,13.444753865062745,0.9999999999688126,0.8884058266192856,0.9884472508092709,0.9501869618699001,13.444753865062745
1.321,0.015577648614720397,1.0,13.442700588528817,0.9999999999695358,0.8882545531309711,0.9884396680884638,0.9500518204161642,13.442700588528817
1.3215000000000001,0.015575543351562502,1.0,13.440644634362023,0.9999999999702524,0.8881032826503478,0.9884320806001419,0.9499164985854881,13.440644634362023
1.322,0.015573438088404608,1.0,13.438586002703568,0.9999999999709623,0.887952015177956,0.9884244883415115,0.9497809963892759,13.438586002703568
1.3225,0.015571332825246711,1.0,13.436524693695345,0.9999999999716659,0.8878007507143357,0.9884168913097793,0.9496453138389335,13.436524693695345
1.323,0.015569227562088818,1.0,13.434460707481376,0.9999999999723629,0.8876494892600274,0.9884092895021495,0.9495094509458692,13.434460707481376
1.3235000000000001,0.015567122298930923,1.0,13.432394044205903,0.9999999999730536,0.8874982308155709,0.9884016829158252,0.9493734077214937,13.432394044205903
1.324,0.015565017035773027,1.0,13.430324704014218,0.9999999999737377,0.8873469753815066,0.988394071548008,0.9492371841772205,13.430324704014218
1.3245,0.015562911772615134,1.0,13.428252687053272,0.9999999999744155,0.8871957229583748,0.9883864553958981,0.9491007803244651,13.428252687053272
1.325,0.01556080650945724,1.0,13.426177993470464,0.9999999999750868,0.8870444735467155,0.9883788344566943,0.9489641961746453,13.426177993470464
1.3255000000000001,0.015558701246299343,1.0,13.424100623414263,0.9999999999757518,0.8868932271470689,0.9883712087275939,0.9488274317391817,13.424100623414263
1.326,0.01555659598314145,1.0,13.422020577034894,0.9999999999764105,0.8867419837599751,0.9883635782057929,0.9486904870294971,13.422020577034894
1.3265,0.015554490719983556,1.0,13.41993785448294,0.9999999999770629,0.8865907433859747,0.9883559428884855,0.9485533620570166,13.41993785448294
1.327,0.015552385456825659,1.0,13.41785245590991,0.9999999999777089,0.8864395060256074,0.9883483027728649,0.9484160568331678,13.41785245590991
1.3275000000000001,0.015550280193667766,1.0,13.415764381469453,0.9999999999783487,0.8862882716794135,0.9883406578561228,0.9482785713693805,13.415764381469453
1.328,0.01554817493050987,1.0,13.413673631314836,0.9999999999789823,0.8861370403479334,0.9883330081354491,0.9481409056770874,13.413673631314836
1.3285,0.015546069667351975,1.0,13.411580205601346,0.9999999999796095,0.8859858120317071,0.9883253536080325,0.9480030597677231,13.411580205601346
1.329,0.015543964404194081,1.0,13.409484104485214,0.9999999999802307,0.8858345867312749,0.9883176942710604,0.9478650336527248,13.409484104485214
1.3295000000000001,0.015541859141036186,1.0,13.407385328123363,0.9999999999808457,0.8856833644471769,0.9883100301217185,0.9477268273435321,13.407385328123363
1.33,0.01553975387787829,1.0,13.405283876674142,0.9999999999814544,0.8855321451799533,0.9883023611571913,0.9475884408515868,13.405283876674142
1.3305,0.015537648614720397,1.0,13.403179750296843,0.9999999999820571,0.8853809289301443,0.9882946873746615,0.9474498741883335,13.403179750296843
1.331,0.015535543351562504,1.0,13.401072949151814,0.9999999999826537,0.8852297156982901,0.9882870087713108,0.9473111273652187,13.401072949151814
1.3315000000000001,0.015533438088404607,1.0,13.398963473400116,0.9999999999832441,0.8850785054849308,0.9882793253443192,0.9471722003936918,13.398963473400116
1.332,0.015531332825246713,1.0,13.39685132320458,0.9999999999838285,0.8849272982906068,0.9882716370908652,0.947033093285204,13.39685132320458
1.3325,0.015529227562088818,1.0,13.394736498728625,0.9999999999844069,0.8847760941158581,0.988263944008126,0.9468938060512097,13.394736498728625
1.333,0.015527122298930923,1.0,13.39261900013674,0.9999999999849792,0.8846248929612249,0.9882562460932773,0.9467543387031647,13.39261900013674
1.3335000000000001,0.015525017035773029,1.0,13.390498827594831,0.9999999999855456,0.8844736948272474,0.9882485433434934,0.9466146912525281,13.390498827594831
1.334,0.015522911772615134,1.0,13.388375981269276,0.999999999986106,0.8843224997144659,0.9882408357559472,0.946474863710761,13.388375981269276
1.3345,0.015520806509457238,1.0,13.386250461328112,0.9999999999866604,0.8841713076234203,0.9882331233278101,0.9463348560893267,13.386250461328112
1.335,0.015518701246299345,1.0,13.384122267940203,0.9999999999872089,0.8840201185546511,0.9882254060562516,0.9461946683996912,13.384122267940203
1.3355000000000001,0.015516595983141448,1.0,13.38199140127513,0.9999999999877516,0.8838689325086984,0.9882176839384408,0.946054300653323,13.38199140127513
1.336,0.015514490719983554,1.0,13.379857861504247,0.9999999999882884,0.8837177494861023,0.988209956971544,0.9459137528616925,13.379857861504247
1.3365,0.01551238545682566,1.0,13.377721648799383,0.9999999999888192,0.8835665694874031,0.9882022251527276,0.945773025036273,13.377721648799383
1.337,0.015510280193667765,1.0,13.375582763333794,0.9999999999893443,0.8834153925131408,0.9881944884791553,0.9456321171885399,13.375582763333794
1.3375000000000001,0.01550817493050987,1.0,13.373441205281571,0.9999999999898636,0.8832642185638557,0.9881867469479897,0.945491029329971,13.373441205281571
1.338,0.015506069667351977,1.0,13.3712969748181,0.999999999990377,0.8831130476400881,0.9881790005563921,0.9453497614720467,13.3712969748181
1.3385,0.015503964404194081,1.0,13.369150072119373,0.9999999999908847,0.8829618797423782,0.9881712493015224,0.9452083136262498,13.369150072119373
1.339,0.015501859141036186,1.0,13.367000497363163,0.9999999999913867,0.8828107148712658,0.9881634931805389,0.9450666858040649,13.367000497363163
1.3395000000000001,0.015499753877878292,1.0,13.364848250727956,0.9999999999918829,0.8826595530272915,0.9881557321905984,0.9449248780169799,13.364848250727956
1.34,0.015497648614720395,1.0,13.362693332392713,0.9999999999923735,0.8825083942109954,0.9881479663288565,0.9447828902764845,13.362693332392713
1.3405,0.015495543351562502,1.0,13.360535742538898,0.9999999999928585,0.8823572384229175,0.988140195592467,0.9446407225940708,13.360535742538898
1.341,0.015493438088404608,1.0,13.35837548134762,0.9999999999933377,0.8822060856635981,0.9881324199785825,0.9444983749812337,13.35837548134762
1.3415000000000001,0.015491332825246711,1.0,13.356212549001654,0.9999999999938114,0.8820549359335775,0.988124639484354,0.94435584744947,13.356212549001654
1.342,0.015489227562088818,1.0,13.35404694568509,0.9999999999942794,0.8819037892333957,0.9881168541069314,0.9442131400102791,13.35404694568509
1.3425,0.015487122298930924,1.0,13.351878671582732,0.9999999999947419,0.8817526455635931,0.9881090638434623,0.9440702526751631,13.351878671582732
1.343,0.015485017035773029,1.0,13.349707726880458,0.9999999999951987,0.8816015049247097,0.988101268691094,0.9439271854556258,13.349707726880458
1.3435000000000001,0.015482911772615134,1.0,13.347534111765464,0.9999999999956501,0.8814503673172857,0.9880934686469713,0.943783938363174,13.347534111765464
1.344,0.01548080650945724,1.0,13.345357826425781,0.999999999996096,0.8812992327418614,0.9880856637082386,0.9436405114093168,13.345357826425781
1.3445,0.015478701246299343,1.0,13.3431788710504,0.9999999999965364,0.8811481011989769,0.9880778538720375,0.9434969046055655,13.3431788710504
1.345,0.01547659598314145,1.0,13.340997245830096,0.9999999999969713,0.8809969726891724,0.9880700391355092,0.9433531179634337,13.340997245830096
1.3455,0.015474490719983556,1.0,13.338812950956136,0.9999999999974009,0.8808458472129881,0.9880622194957932,0.9432091514944377,13.338812950956136
1.346,0.015472385456825659,1.0,13.3366259866205,0.999999999997825,0.8806947247709641,0.9880543949500272,0.943065005210096,13.3366259866205
1.3465,0.015470280193667765,1.0,13.334436353017205,0.9999999999982436,0.8805436053636407,0.9880465654953481,0.9429206791219296,13.334436353017205
1.347,0.015468174930509872,1.0,13.33224405034063,0.999999999998657,0.8803924889915582,0.9880387311288907,0.9427761732414619,13.33224405034063
1.3475,0.015466069667351976,1.0,13.330049078786473,0.999999999999065,0.8802413756552565,0.9880308918477887,0.9426314875802184,13.330049078786473
1.348,0.015463964404194081,1.0,13.32785143855163,0.9999999999994676,0.8800902653552759,0.9880230476491739,0.9424866221497274,13.32785143855163
1.3485,0.015461859141036188,1.0,13.325651129833838,0.999999999999865,0.8799391580921566,0.9880151985301776,0.9423415769615193,13.325651129833838
1.349,0.01545975387787829,1.0,13.323448152831684,1.0000000000002571,0.8797880538664389,0.9880073444879283,0.9421963520271271,13.323448152831684
1.3495,0.015457648614720397,1.0,13.321242507745664,1.000000000000644,0.8796369526786629,0.9879994855195542,0.9420509473580863,13.321242507745664
1.35,0.015455543351562502,1.0,13.31903419477676,1.0000000000010256,0.8794858545293687,0.9879916216221815,0.9419053629659341,13.31903419477676
1.3505,0.015453438088404606,1.0,13.316823214126924,1.000000000001402,0.8793347594190966,0.9879837527929347,0.9417595988622107,13.316823214126924
1.351,0.015451332825246713,1.0,13.314609565999785,1.0000000000017732,0.8791836673483866,0.9879758790289376,0.9416136550584587,13.314609565999785
1.3515,0.01544922756208882,1.0,13.312393250599454,1.0000000000021392,0.8790325783177791,0.9879680003273119,0.9414675315662231,13.312393250599454
1.352,0.015447122298930922,1.0,13.310174268131021,1.0000000000025002,0.8788814923278143,0.987960116685178,0.9413212283970508,13.310174268131021
1.3525,0.015445017035773029,1.0,13.307952618801599,1.000000000002856,0.8787304093790322,0.9879522280996547,0.9411747455624916,13.307952618801599
1.353,0.015442911772615135,1.0,13.305728302818446,1.0000000000032068,0.8785793294719733,0.98794433456786,0.9410280830740975,13.305728302818446
1.3535,0.015440806509457238,1.0,13.303501320390136,1.0000000000035525,0.8784282526071774,0.9879364360869094,0.940881240943423,13.303501320390136
1.354,0.015438701246299345,1.0,13.301271671726807,1.000000000003893,0.8782771787851847,0.9879285326539178,0.9407342191820245,13.301271671726807
1.3545,0.01543659598314145,1.0,13.29903935703898,1.0000000000042286,0.8781261080065358,0.9879206242659978,0.9405870178014617,13.29903935703898
1.355,0.015434490719983554,1.0,13.296804376538608,1.0000000000045592,0.8779750402717706,0.9879127109202617,0.940439636813296,13.296804376538608
1.3555,0.01543238545682566,1.0,13.294566730438978,1.0000000000048848,0.8778239755814293,0.9879047926138192,0.9402920762290913,13.294566730438978
1.356,0.015430280193667765,1.0,13.292326418953985,1.0000000000052056,0.8776729139360521,0.9878968693437791,0.9401443360604139,13.292326418953985
1.3565,0.01542817493050987,1.0,13.290083442298975,1.0000000000055214,0.8775218553361791,0.9878889411072486,0.9399964163188327,13.290083442298975
1.357,0.015426069667351976,1.0,13.287837800690143,1.0000000000058322,0.8773707997823507,0.9878810079013335,0.9398483170159186,13.287837800690143
1.3575,0.015423964404194083,1.0,13.285589494344899,1.0000000000061382,0.877219747275107,0.9878730697231379,0.9397000381632457,13.285589494344899
1.358,0.015421859141036186,1.0,13.283338523481618,1.0000000000064393,0.877068697814988,0.987865126569765,0.939551579772389,13.283338523481618
1.3585,0.015419753877878292,1.0,13.281084888320125,1.0000000000067355,0.8769176514025341,0.9878571784383158,0.9394029418549276,13.281084888320125
1.359,0.015417648614720397,1.0,13.278828589080629,1.000000000007027,0.8767666080382855,0.9878492253258901,0.9392541244224418,13.278828589080629
1.3595,0.015415543351562502,1.0,13.276569625985495,1.0000000000073137,0.8766155677227823,0.9878412672295865,0.9391051274865146,13.276569625985495
1.36,0.015413438088404608,1.0,13.274307999257234,1.0000000000075955,0.8764645304565646,0.9878333041465021,0.9389559510587318,13.274307999257234
1.3605,0.015411332825246713,1.0,13.272043709119687,1.0000000000078728,0.8763134962401727,0.9878253360737318,0.938806595150681,13.272043709119687
1.361,0.015409227562088817,1.0,13.269776755798032,1.0000000000081453,0.8761624650741469,0.9878173630083701,0.9386570597739524,13.269776755798032
1.3615,0.015407122298930924,1.0,13.267507139518536,1.000000000008413,0.8760114369590272,0.987809384947509,0.9385073449401389,13.267507139518536
1.362,0.015405017035773027,1.0,13.26523486050809,1.000000000008676,0.8758604118953537,0.9878014018882401,0.938357450660835,13.26523486050809
1.3625,0.015402911772615133,1.0,13.262959918995385,1.0000000000089344,0.8757093898836669,0.9877934138276523,0.9382073769476387,13.262959918995385
1.363,0.01540080650945724,1.0,13.260682315209747,1.0000000000091882,0.8755583709245067,0.9877854207628342,0.9380571238121493,13.260682315209747
1.3635,0.015398701246299345,1.0,13.258402049381235,1.0000000000094376,0.8754073550184136,0.9877774226908721,0.9379066912659695,13.258402049381235
1.364,0.01539659598314145,1.0,13.256119121742076,1.000000000009682,0.8752563421659274,0.9877694196088512,0.9377560793207033,13.256119121742076
1.3645,0.015394490719983556,1.0,13.253833532524883,1.000000000009922,0.8751053323675885,0.9877614115138551,0.9376052879879578,13.253833532524883
1.365,0.01539238545682566,1.0,13.251545281963008,1.0000000000101577,0.8749543256239372,0.987753398402966,0.9374543172793426,13.251545281963008
1.3655,0.015390280193667765,1.0,13.249254370291858,1.0000000000103888,0.8748033219355134,0.9877453802732645,0.9373031672064691,13.249254370291858
1.366,0.015388174930509872,1.0,13.246960797747462,1.0000000000106153,0.8746523213028574,0.9877373571218302,0.9371518377809516,13.246960797747462
1.3665,0.015386069667351975,1.0,13.244664564566238,1.0000000000108373,0.8745013237265096,0.9877293289457401,0.9370003290144067,13.244664564566238
1.367,0.015383964404194081,1.0,13.242365670987363,1.000000000011055,0.8743503292070098,0.987721295742071,0.9368486409184528,13.242365670987363
1.3675,0.015381859141036187,1.0,13.240064117249576,1.000000000011268,0.8741993377448986,0.9877132575078974,0.9366967735047116,13.240064117249576
1.368,0.01537975387787829,1.0,13.237759903593197,1.000000000011477,0.8740483493407158,0.9877052142402927,0.9365447267848066,13.237759903593197
1.3685,0.015377648614720397,1.0,13.23545303026023,1.0000000000116815,0.8738973639950018,0.9876971659363286,0.9363925007703637,13.23545303026023
1.369,0.015375543351562503,1.0,13.233143497492845,1.0000000000118816,0.8737463817082969,0.9876891125930756,0.9362400954730117,13.233143497492845
1.3695,0.015373438088404608,1.0,13.230831305534904,1.0000000000120772,0.8735954024811411,0.9876810542076022,0.9360875109043811,13.230831305534904
1.37,0.015371332825246713,1.0,13.228516454631372,1.0000000000122689,0.8734444263140745,0.9876729907769762,0.9359347470761051,13.228516454631372
1.3705,0.015369227562088819,1.0,13.226198945028083,1.000000000012456,0.8732934532076375,0.9876649222982629,0.9357818039998195,13.226198945028083
1.371,0.015367122298930922,1.0,13.223878776971857,1.000000000012639,0.8731424831623702,0.9876568487685271,0.9356286816871618,13.223878776971857
1.3715,0.015365017035773029,1.0,13.221555950711215,1.0000000000128175,0.8729915161788129,0.9876487701848314,0.935475380149773,13.221555950711215
1.372,0.015362911772615133,1.0,13.2192304664953,1.000000000012992,0.8728405522575055,0.9876406865442376,0.9353218993992952,13.2192304664953
1.3725,0.015360806509457238,1.0,13.216902324574265,1.0000000000131624,0.8726895913989884,0.9876325978438054,0.9351682394473739,13.216902324574265
1.373,0.015358701246299344,1.0,13.21457152519994,1.0000000000133287,0.8725386336038017,0.9876245040805931,0.9350144003056563,13.21457152519994
1.3735,0.01535659598314145,1.0,13.212238068624684,1.0000000000134905,0.8723876788724857,0.9876164052516578,0.9348603819857927,13.212238068624684
1.374,0.015354490719983554,1.0,13.20990195510196,1.0000000000136484,0.8722367272055804,0.9876083013540551,0.9347061844994349,13.20990195510196
1.3745,0.01535238545682566,1.0,13.20756318488682,1.0000000000138023,0.8720857786036263,0.9876001923848384,0.934551807858238,13.20756318488682
1.375,0.015350280193667765,1.0,13.20522175823517,1.000000000013952,0.8719348330671634,0.987592078341061,0.9343972520738587,13.20522175823517
1.3755,0.01534817493050987,1.0,13.202877675403936,1.0000000000140976,0.8717838905967318,0.9875839592197732,0.9342425171579566,13.202877675403936
1.3760000000000001,0.015346069667351976,1.0,13.20053093665149,1.0000000000142393,0.8716329511928717,0.9875758350180247,0.9340876031221933,13.20053093665149
1.3765,0.01534396440419408,1.0,13.19818154223661,1.000000000014377,0.8714820148561233,0.9875677057328639,0.9339325099782332,13.19818154223661
1.377,0.015341859141036186,1.0,13.195829492419895,1.0000000000145106,0.871331081587027,0.9875595713613367,0.9337772377377428,13.195829492419895
1.3775,0.015339753877878292,1.0,13.193474787462941,1.0000000000146403,0.8711801513861228,0.9875514319004887,0.933621786412391,13.193474787462941
1.3780000000000001,0.015337648614720397,1.0,13.191117427628223,1.0000000000147662,0.8710292242539508,0.987543287347363,0.9334661560138492,13.191117427628223
1.3785,0.015335543351562501,1.0,13.1887574131792,1.000000000014888,0.8708783001910514,0.9875351376990019,0.9333103465537911,13.1887574131792
1.379,0.015333438088404608,1.0,13.186394744380928,1.000000000015006,0.8707273791979646,0.9875269829524458,0.9331543580438927,13.186394744380928
1.3795,0.015331332825246713,1.0,13.184029421499222,1.0000000000151201,0.8705764612752307,0.9875188231047339,0.9329981904958325,13.184029421499222
1.3800000000000001,0.015329227562088817,1.0,13.18166144480113,1.0000000000152305,0.8704255464233899,0.9875106581529037,0.9328418439212917,13.18166144480113
1.3805,0.015327122298930924,1.0,13.179290814554808,1.0000000000153368,0.8702746346429823,0.9875024880939911,0.932685318331953,13.179290814554808
1.381,0.015325017035773028,1.0,13.176917531029538,1.0000000000154396,0.8701237259345481,0.987494312925031,0.9325286137395026,13.176917531029538
1.3815,0.015322911772615133,1.0,13.17454159449548,1.0000000000155385,0.8699728202986275,0.9874861326430563,0.932371730155628,13.17454159449548
1.3820000000000001,0.01532080650945724,1.0,13.172163005224618,1.0000000000156337,0.8698219177357608,0.9874779472450985,0.9322146675920199,13.172163005224618
1.3825,0.015318701246299344,1.0,13.169781763488874,1.000000000015725,0.8696710182464881,0.9874697567281879,0.932057426060371,13.169781763488874
1.383,0.015316595983141449,1.0,13.167397869562468,1.000000000015813,0.8695201218313495,0.987461561089353,0.9319000055723765,13.167397869562468
1.3835,0.015314490719983555,1.0,13.165011323720387,1.0000000000158968,0.8693692284908853,0.9874533603256208,0.9317424061397338,13.165011323720387
1.3840000000000001,0.015312385456825658,1.0,13.16262212623803,1.0000000000159772,0.8692183382256355,0.987445154434017,0.931584627774143,13.16262212623803
1.3845,0.015310280193667765,1.0,13.160230277393092,1.000000000016054,0.8690674510361406,0.9874369434115657,0.9314266704873062,13.160230277393092
1.385,0.015308174930509871,1.0,13.157835777463328,1.0000000000161273,0.8689165669229406,0.9874287272552894,0.9312685342909284,13.157835777463328
1.3855,0.015306069667351976,1.0,13.15543862672821,1.0000000000161968,0.8687656858865758,0.9874205059622092,0.9311102191967164,13.15543862672821
1.3860000000000001,0.01530396440419408,1.0,13.153038825468323,1.0000000000162628,0.868614807927586,0.987412279529345,0.9309517252163796,13.153038825468323
1.3865,0.015301859141036187,1.0,13.150636373965144,1.0000000000163254,0.8684639330465119,0.9874040479537144,0.93079305236163,13.150636373965144
1.387,0.015299753877878292,1.0,13.148231272501269,1.0000000000163842,0.8683130612438934,0.9873958112323342,0.9306342006441817,13.148231272501269
1.3875,0.015297648614720397,1.0,13.14582352136054,1.0000000000164397,0.8681621925202708,0.9873875693622197,0.9304751700757514,13.14582352136054
1.3880000000000001,0.015295543351562501,1.0,13.143413120828157,1.0000000000164917,0.8680113268761842,0.9873793223403843,0.930315960668058,13.143413120828157
1.3885,0.015293438088404606,1.0,13.14100007118985,1.0000000000165403,0.8678604643121738,0.98737107016384,0.9301565724328228,13.14100007118985
1.389,0.015291332825246712,1.0,13.138584372733073,1.0000000000165854,0.8677096048287799,0.9873628128295977,0.9299970053817697,13.138584372733073
1.3895,0.015289227562088819,1.0,13.136166025746162,1.0000000000166271,0.8675587484265426,0.987354550334666,0.9298372595266247,13.136166025746162
1.3900000000000001,0.015287122298930922,1.0,13.133745030518227,1.0000000000166656,0.8674078951060019,0.9873462826760531,0.9296773348791161,13.133745030518227
1.3905,0.015285017035773028,1.0,13.131321387340215,1.0000000000167006,0.8672570448676983,0.9873380098507645,0.929517231450975,13.131321387340215
1.391,0.015282911772615135,1.0,13.128895096503609,1.0000000000167322,0.8671061977121719,0.987329731855805,0.9293569492539346,13.128895096503609
1.3915,0.01528080650945724,1.0,13.126466158301254,1.0000000000167606,0.8669553536399628,0.9873214486881778,0.9291964882997306,13.126466158301254
1.3920000000000001,0.015278701246299344,1.0,13.12403457302724,1.0000000000167857,0.8668045126516112,0.9873131603448843,0.9290358486001008,13.12403457302724
1.3925,0.015276595983141449,1.0,13.121600340976439,1.0000000000168074,0.8666536747476573,0.9873048668229243,0.9288750301667857,13.121600340976439
1.393,0.015274490719983554,1.0,13.119163462445202,1.000000000016826,0.8665028399286414,0.9872965681192968,0.9287140330115282,13.119163462445202
1.3935,0.01527238545682566,1.0,13.11672393773101,1.0000000000168414,0.8663520081951035,0.9872882642309986,0.9285528571460733,13.11672393773101
1.3940000000000001,0.015270280193667765,1.0,13.114281767132114,1.0000000000168536,0.8662011795475839,0.9872799551550252,0.9283915025821685,13.114281767132114
1.3945,0.01526817493050987,1.0,13.111836950948149,1.0000000000168627,0.8660503539866228,0.9872716408883706,0.9282299693315638,13.111836950948149
1.395,0.015266069667351976,1.0,13.10938948947998,1.0000000000168685,0.8658995315127603,0.9872633214280275,0.9280682574060114,13.10938948947998
1.3955,0.015263964404194082,1.0,13.106939383029502,1.0000000000168714,0.8657487121265366,0.9872549967709865,0.9279063668172658,13.106939383029502
1.3960000000000001,0.015261859141036185,1.0,13.104486631899261,1.000000000016871,0.865597895828492,0.9872466669142378,0.9277442975770844,13.104486631899261
1.3965,0.015259753877878292,1.0,13.102031236394,1.0000000000168676,0.8654470826191666,0.9872383318547686,0.9275820496972265,13.102031236394
1.397,0.015257648614720397,1.0,13.099573196818657,1.0000000000168612,0.8652962724991006,0.9872299915895657,0.9274196231894537,13.099573196818657
1.3975,0.015255543351562501,1.0,13.097112513479656,1.0000000000168516,0.8651454654688341,0.987221646115614,0.9272570180655303,13.097112513479656
1.3980000000000001,0.015253438088404608,1.0,13.094649186684782,1.000000000016839,0.8649946615289074,0.987213295429897,0.9270942343372228,13.094649186684782
1.3985,0.015251332825246712,1.0,13.092183216742383,1.0000000000168237,0.8648438606798606,0.9872049395293966,0.9269312720163003,13.092183216742383
1.399,0.015249227562088817,1.0,13.089714603962285,1.0000000000168052,0.8646930629222341,0.9871965784110931,0.926768131114534,13.089714603962285
1.3995,0.015247122298930924,1.0,13.087243348655809,1.0000000000167837,0.8645422682565679,0.9871882120719655,0.9266048116436976,13.087243348655809
1.4000000000000001,0.015245017035773028,1.0,13.084769451134816,1.0000000000167595,0.864391476683402,0.9871798405089911,0.9264413136155668,13.084769451134816
1.4005,0.015242911772615133,1.0,13.0822929117122,1.0000000000167322,0.864240688203277,0.987171463719146,0.9262776370419207,13.0822929117122
1.401,0.01524080650945724,1.0,13.079813730702927,1.0000000000167022,0.8640899028167328,0.9871630816994041,0.9261137819345395,13.079813730702927
1.4015,0.015238701246299344,1.0,13.077331908421925,1.0000000000166693,0.8639391205243098,0.9871546944467389,0.9259497483052068,13.077331908421925
1.4020000000000001,0.015236595983141449,1.0,13.074847445186204,1.0000000000166336,0.8637883413265479,0.9871463019581211,0.9257855361657079,13.074847445186204
1.4025,0.015234490719983555,1.0,13.07236034131356,1.000000000016595,0.8636375652239875,0.9871379042305208,0.9256211455278309,13.07236034131356
1.403,0.01523238545682566,1.0,13.06987059712258,1.0000000000165536,0.8634867922171687,0.9871295012609062,0.9254565764033662,13.06987059712258
1.4035,0.015230280193667765,1.0,13.067378212933576,1.0000000000165097,0.8633360223066319,0.9871210930462437,0.9252918288041063,13.067378212933576
1.4040000000000001,0.015228174930509871,1.0,13.064883189067887,1.0000000000164628,0.8631852554929168,0.9871126795834994,0.9251269027418462,13.064883189067887
1.4045,0.015226069667351976,1.0,13.062385525847517,1.0000000000164133,0.8630344917765641,0.9871042608696362,0.9249617982283836,13.062385525847517
1.405,0.01522396440419408,1.0,13.059885223595979,1.0000000000163614,0.8628837311581138,0.9870958369016168,0.9247965152755183,13.059885223595979
1.4055,0.015221859141036187,1.0,13.057382282638264,1.0000000000163065,0.862732973638106,0.9870874076764016,0.9246310538950524,13.057382282638264
1.4060000000000001,0.01521975387787829,1.0,13.054876703299703,1.000000000016249,0.8625822192170809,0.9870789731909501,0.9244654140987904,13.054876703299703
1.4065,0.015217648614720396,1.0,13.052368485907813,1.0000000000161888,0.8624314678955787,0.9870705334422195,0.9242995958985392,13.052368485907813
1.407,0.015215543351562503,1.0,13.049857630789973,1.0000000000161262,0.8622807196741398,0.987062088427166,0.9241335993061085,13.049857630789973
1.4075,0.015213438088404608,1.0,13.04734413827564,1.000000000016061,0.8621299745533041,0.9870536381427446,0.9239674243333097,13.04734413827564
1.408,0.015211332825246712,1.0,13.04482800869531,1.0000000000159932,0.8619792325336119,0.9870451825859081,0.9238010709919569,13.04482800869531
1.4085,0.015209227562088819,1.0,13.0423092423805,1.000000000015923,0.8618284936156033,0.987036721753608,0.9236345392938665,13.0423092423805
1.409,0.015207122298930923,1.0,13.039787839663518,1.0000000000158502,0.8616777577998187,0.9870282556427943,0.9234678292508576,13.039787839663518
1.4095,0.015205017035773028,1.0,13.037263800878419,1.000000000015775,0.8615270250867981,0.9870197842504157,0.923300940874751,13.037263800878419
1.41,0.015202911772615135,1.0,13.03473712636028,1.0000000000156972,0.8613762954770817,0.9870113075734189,0.9231338741773706,13.03473712636028
1.4105,0.015200806509457238,1.0,13.03220781644486,1.000000000015617,0.8612255689712097,0.9870028256087496,0.9229666291705421,13.03220781644486
1.411,0.015198701246299344,1.0,13.029675871469651,1.0000000000155345,0.8610748455697225,0.9869943383533517,0.9227992058660941,13.029675871469651
1.4115,0.01519659598314145,1.0,13.027141291773065,1.0000000000154496,0.86092412527316,0.9869858458041676,0.9226316042758572,13.027141291773065
1.412,0.015194490719983555,1.0,13.024604077694308,1.0000000000153624,0.8607734080820625,0.986977347958138,0.9224638244116644,13.024604077694308
1.4125,0.01519238545682566,1.0,13.022064229574449,1.0000000000152727,0.86062269399697,0.9869688448122024,0.922295866285351,13.022064229574449
1.413,0.015190280193667766,1.0,13.019521747755224,1.0000000000151807,0.8604719830184231,0.9869603363632984,0.9221277299087551,13.019521747755224
1.4135,0.015188174930509871,1.0,13.016976632579537,1.0000000000150866,0.8603212751469616,0.9869518226083625,0.9219594152937167,13.016976632579537
1.414,0.015186069667351976,1.0,13.014428884391437,1.00000000001499,0.8601705703831259,0.9869433035443295,0.9217909224520786,13.014428884391437
1.4145,0.01518396440419408,1.0,13.011878503536476,1.0000000000148914,0.8600198687274561,0.9869347791681323,0.9216222513956854,13.011878503536476
1.415,0.015181859141036185,1.0,13.009325490361013,1.0000000000147904,0.8598691701804924,0.986926249476703,0.9214534021363847,13.009325490361013
1.4155,0.015179753877878292,1.0,13.006769845212796,1.0000000000146874,0.859718474742775,0.9869177144669717,0.9212843746860262,13.006769845212796
1.416,0.015177648614720398,1.0,13.004211568440489,1.000000000014582,0.859567782414844,0.9869091741358669,0.9211151690564616,13.004211568440489
1.4165,0.015175543351562501,1.0,13.001650660393796,1.0000000000144744,0.8594170931972397,0.9869006284803156,0.9209457852595456,13.001650660393796
1.417,0.015173438088404607,1.0,12.999087121423928,1.000000000014365,0.8592664070905024,0.9868920774972436,0.9207762233071353,12.999087121423928
1.4175,0.015171332825246714,1.0,12.996520951883372,1.0000000000142533,0.859115724095172,0.9868835211835748,0.9206064832110892,12.996520951883372
1.418,0.015169227562088819,1.0,12.993952152125186,1.0000000000141394,0.8589650442117889,0.9868749595362317,0.9204365649832693,12.993952152125186
1.4185,0.015167122298930923,1.0,12.991380722504049,1.0000000000140237,0.858814367440893,0.9868663925521353,0.9202664686355393,12.991380722504049
1.419,0.015165017035773028,1.0,12.988806663375689,1.0000000000139058,0.8586636937830249,0.9868578202282051,0.9200961941797657,12.988806663375689
1.4195,0.015162911772615133,1.0,12.986229975096755,1.0000000000137859,0.8585130232387246,0.9868492425613591,0.9199257416278173,12.986229975096755
1.42,0.01516080650945724,1.0,12.983650658025756,1.000000000013664,0.8583623558085322,0.9868406595485134,0.9197551109915646,12.983650658025756
1.4205,0.015158701246299344,1.0,12.981068712521425,1.0000000000135403,0.8582116914929879,0.9868320711865829,0.9195843022828815,12.981068712521425
1.421,0.015156595983141449,1.0,12.978484138944243,1.0000000000134144,0.858061030292632,0.9868234774724811,0.9194133155136435,12.978484138944243
1.4215,0.015154490719983555,1.0,12.975896937655731,1.0000000000132867,0.8579103722080047,0.9868148784031194,0.9192421506957289,12.975896937655731
1.422,0.015152385456825661,1.0,12.973307109018695,1.0000000000131573,0.8577597172396461,0.9868062739754083,0.9190708078410182,12.973307109018695
1.4225,0.015150280193667764,1.0,12.970714653396625,1.0000000000130258,0.8576090653880962,0.9867976641862565,0.9188992869613941,12.970714653396625
1.423,0.015148174930509871,1.0,12.968119571154887,1.0000000000128924,0.8574584166538955,0.9867890490325709,0.9187275880687422,12.968119571154887
1.4235,0.015146069667351976,1.0,12.965521862659303,1.0000000000127574,0.8573077710375842,0.9867804285112575,0.9185557111749499,12.965521862659303
1.424,0.01514396440419408,1.0,12.962921528277322,1.0000000000126203,0.8571571285397023,0.9867718026192198,0.9183836562919074,12.962921528277322
1.4245,0.015141859141036187,1.0,12.96031856837768,1.0000000000124816,0.8570064891607899,0.986763171353361,0.9182114234315069,12.96031856837768
1.425,0.015139753877878291,1.0,12.957712983329698,1.0000000000123412,0.8568558529013874,0.9867545347105813,0.918039012605643,12.957712983329698
1.4255,0.015137648614720396,1.0,12.955104773504196,1.000000000012199,0.8567052197620351,0.9867458926877809,0.9178664238262133,12.955104773504196
1.426,0.015135543351562503,1.0,12.952493939273298,1.000000000012055,0.8565545897432729,0.9867372452818575,0.9176936571051171,12.952493939273298
1.4265,0.015133438088404607,1.0,12.949880481010043,1.0000000000119096,0.856403962845641,0.9867285924897068,0.9175207124542558,12.949880481010043
1.427,0.015131332825246712,1.0,12.947264399088887,1.0000000000117621,0.8562533390696797,0.9867199343082246,0.9173475898855341,12.947264399088887
1.4275,0.015129227562088818,1.0,12.944645693885201,1.0000000000116134,0.8561027184159292,0.9867112707343036,0.9171742894108585,12.944645693885201
1.428,0.015127122298930923,1.0,12.942024365775545,1.0000000000114628,0.8559521008849298,0.9867026017648356,0.9170008110421383,12.942024365775545
1.4285,0.015125017035773028,1.0,12.93940041513798,1.0000000000113107,0.8558014864772213,0.9866939273967108,0.9168271547912841,12.93940041513798
1.429,0.015122911772615134,1.0,12.936773842351284,1.000000000011157,0.8556508751933443,0.9866852476268181,0.9166533206702101,12.936773842351284
1.4295,0.015120806509457239,1.0,12.93414464779574,1.0000000000110019,0.8555002670338386,0.9866765624520443,0.9164793086908323,12.93414464779574
1.43,0.015118701246299344,1.0,12.931512831852467,1.000000000010845,0.8553496619992449,0.9866678718692748,0.9163051188650693,12.931512831852467
1.4305,0.01511659598314145,1.0,12.928878394904329,1.0000000000106868,0.8551990600901028,0.9866591758753943,0.9161307512048413,12.928878394904329
1.431,0.015114490719983555,1.0,12.926241337334659,1.0000000000105271,0.8550484613069529,0.9866504744672847,0.9159562057220723,12.926241337334659
1.4315,0.01511238545682566,1.0,12.923601659528437,1.000000000010366,0.8548978656503352,0.9866417676418269,0.9157814824286873,12.923601659528437
1.432,0.015110280193667766,1.0,12.920959361871695,1.0000000000102032,0.85474727312079,0.9866330553959001,0.9156065813366145,12.920959361871695
1.4325,0.015108174930509869,1.0,12.918314444751287,1.0000000000100393,0.8545966837188574,0.9866243377263827,0.9154315024577842,12.918314444751287
1.433,0.015106069667351976,1.0,12.915666908556176,1.0000000000098739,0.8544460974450777,0.9866156146301506,0.9152562458041288,12.915666908556176
1.4335,0.015103964404194082,1.0,12.913016753675567,1.0000000000097071,0.854295514299991,0.9866068861040784,0.9150808113875835,12.913016753675567
1.434,0.015101859141036187,1.0,12.910363980500184,1.0000000000095388,0.8541449342841374,0.9865981521450398,0.9149051992200856,12.910363980500184
1.4345,0.015099753877878291,1.0,12.907708589421935,1.0000000000093694,0.8539943573980571,0.9865894127499057,0.9147294093135748,12.907708589421935
1.435,0.015097648614720398,1.0,12.905050580833784,1.0000000000091989,0.8538437836422905,0.986580667915547,0.9145534416799936,12.905050580833784
1.4355,0.015095543351562503,1.0,12.902389955130216,1.0000000000090268,0.8536932130173776,0.9865719176388315,0.9143772963312862,12.902389955130216
1.436,0.015093438088404607,1.0,12.899726712706203,1.0000000000088536,0.8535426455238587,0.9865631619166262,0.9142009732793996,12.899726712706203
1.4365,0.015091332825246712,1.0,12.8970608539587,1.000000000008679,0.8533920811622738,0.986554400745797,0.9140244725362828,12.8970608539587
1.437,0.015089227562088817,1.0,12.894392379285504,1.0000000000085034,0.8532415199331633,0.9865456341232073,0.9138477941138876,12.894392379285504
1.4375,0.015087122298930923,1.0,12.891721289085579,1.0000000000083265,0.8530909618370672,0.9865368620457196,0.9136709380241679,12.891721289085579
1.438,0.01508501703577303,1.0,12.889047583758838,1.0000000000081486,0.8529404068745259,0.9865280845101949,0.9134939042790801,12.889047583758838
1.4385000000000001,0.015082911772615133,1.0,12.886371263706494,1.0000000000079694,0.8527898550460794,0.986519301513492,0.9133166928905827,12.886371263706494
1.439,0.015080806509457239,1.0,12.883692329331405,1.000000000007789,0.8526393063522679,0.9865105130524686,0.913139303870637,12.883692329331405
1.4395,0.015078701246299345,1.0,12.881010781037142,1.000000000007608,0.8524887607936318,0.9865017191239809,0.9129617372312064,12.881010781037142
1.44,0.01507659598314145,1.0,12.878326619228343,1.0000000000074254,0.852338218370711,0.9864929197248834,0.9127839929842567,12.878326619228343
1.4405000000000001,0.015074490719983555,1.0,12.875639844311179,1.000000000007242,0.8521876790840458,0.9864841148520291,0.9126060711417558,12.875639844311179
1.441,0.01507238545682566,1.0,12.872950456692882,1.0000000000070577,0.8520371429341764,0.9864753045022696,0.9124279717156747,12.872950456692882
1.4415,0.015070280193667764,1.0,12.870258456781759,1.0000000000068723,0.8518866099216431,0.9864664886724543,0.912249694717986,12.870258456781759
1.442,0.01506817493050987,1.0,12.867563844987524,1.0000000000066858,0.851736080046986,0.986457667359432,0.912071240160665,12.867563844987524
1.4425000000000001,0.015066069667351975,1.0,12.864866621720969,1.0000000000064984,0.851585553310745,0.9864488405600488,0.9118926080556892,12.864866621720969
1.443,0.01506396440419408,1.0,12.862166787393946,1.00000000000631,0.8514350297134607,0.9864400082711506,0.9117137984150389,12.862166787393946
1.4435,0.015061859141036187,1.0,12.859464342419614,1.000000000006121,0.8512845092556732,0.9864311704895806,0.9115348112506962,12.859464342419614
1.444,0.015059753877878293,1.0,12.856759287212434,1.000000000005931,0.8511339919379226,0.9864223272121813,0.9113556465746461,12.856759287212434
1.4445000000000001,0.015057648614720396,1.0,12.854051622187466,1.00000000000574,0.850983477760749,0.9864134784357926,0.9111763043988752,12.854051622187466
1.445,0.015055543351562502,1.0,12.851341347762014,1.0000000000055482,0.8508329667246928,0.9864046241572537,0.9109967847353735,12.851341347762014
1.4455,0.015053438088404607,1.0,12.848628464353634,1.0000000000053557,0.8506824588302939,0.9863957643734024,0.9108170875961326,12.848628464353634
1.446,0.015051332825246712,1.0,12.845912972381297,1.0000000000051625,0.8505319540780929,0.9863868990810739,0.9106372129931467,12.845912972381297
1.4465000000000001,0.015049227562088818,1.0,12.84319487226576,1.0000000000049685,0.8503814524686295,0.9863780282771029,0.9104571609384121,12.84319487226576
1.447,0.015047122298930923,1.0,12.840474164427906,1.0000000000047735,0.8502309540024443,0.9863691519583215,0.9102769314439282,12.840474164427906
1.4475,0.015045017035773028,1.0,12.837750849290634,1.0000000000045781,0.8500804586800773,0.9863602701215617,0.910096524521696,12.837750849290634
1.448,0.015042911772615134,1.0,12.835024927277793,1.0000000000043818,0.8499299665020688,0.9863513827636525,0.9099159401837191,12.835024927277793
1.4485000000000001,0.015040806509457239,1.0,12.832296398814313,1.0000000000041849,0.8497794774689587,0.9863424898814219,0.9097351784420036,12.832296398814313
1.449,0.015038701246299344,1.0,12.829565264326426,1.0000000000039875,0.8496289915812875,0.9863335914716966,0.9095542393085579,12.829565264326426
1.4495,0.01503659598314145,1.0,12.82683152424168,1.0000000000037892,0.8494785088395953,0.9863246875313012,0.9093731227953928,12.82683152424168
1.45,0.015034490719983555,1.0,12.824095178988573,1.0000000000035905,0.8493280292444222,0.9863157780570594,0.9091918289145212,12.824095178988573
1.4505000000000001,0.01503238545682566,1.0,12.821356228996809,1.000000000003391,0.8491775527963084,0.9863068630457925,0.9090103576779586,12.821356228996809
1.451,0.015030280193667766,1.0,12.81861467469762,1.0000000000031912,0.8490270794957941,0.986297942494321,0.908828709097723,12.81861467469762
1.4515,0.01502817493050987,1.0,12.815870516522985,1.0000000000029907,0.8488766093434197,0.9862890163994634,0.9086468831858344,12.815870516522985
1.452,0.015026069667351975,1.0,12.813123754906295,1.00000000000279,0.848726142339725,0.9862800847580365,0.9084648799543155,12.813123754906295
1.4525000000000001,0.015023964404194082,1.0,12.810374390282375,1.0000000000025886,0.8485756784852504,0.9862711475668562,0.9082826994151909,12.810374390282375
1.453,0.015021859141036186,1.0,12.807622423086668,1.0000000000023865,0.8484252177805361,0.9862622048227362,0.9081003415804885,12.807622423086668
1.4535,0.015019753877878291,1.0,12.804867853756157,1.0000000000021843,0.8482747602261224,0.9862532565224889,0.9079178064622373,12.804867853756157
1.454,0.015017648614720398,1.0,12.802110682729259,1.0000000000019815,0.8481243058225493,0.986244302662925,0.9077350940724699,12.802110682729259
1.4545000000000001,0.0150155433515625,1.0,12.799350910445005,1.0000000000017786,0.8479738545703569,0.9862353432408535,0.90755220442322,12.799350910445005
1.455,0.015013438088404607,1.0,12.796588537344325,1.000000000001575,0.8478234064700856,0.9862263782530823,0.9073691375265248,12.796588537344325
1.4555,0.015011332825246713,1.0,12.793823563868765,1.0000000000013711,0.8476729615222756,0.9862174076964175,0.9071858933944235,12.793823563868765
1.456,0.015009227562088818,1.0,12.791055990461299,1.000000000001167,0.8475225197274668,0.9862084315676632,0.907002472038957,12.791055990461299
1.4565000000000001,0.015007122298930923,1.0,12.788285817566107,1.0000000000009626,0.8473720810861997,0.9861994498636226,0.9068188734721696,12.788285817566107
1.457,0.01500501703577303,1.0,12.785513045628687,1.0000000000007578,0.8472216455990143,0.9861904625810972,0.9066350977061072,12.785513045628687
1.4575,0.015002911772615134,1.0,12.782737675095262,1.000000000000553,0.8470712132664509,0.9861814697168866,0.9064511447528185,12.782737675095262
1.458,0.015000806509457239,1.0,12.779959706413853,1.0000000000003477,0.8469207840890496,0.9861724712677887,0.9062670146243545,12.779959706413853
1.4585000000000001,0.014998701246299343,1.0,12.777179140033443,1.0000000000001423,0.8467703580673506,0.9861634672306003,0.9060827073327682,12.777179140033443
1.459,0.014996595983141448,1.0,12.774395976403985,0.9999999999999368,0.8466199352018942,0.9861544576021166,0.9058982228901155,12.774395976403985
1.4595,0.014994490719983555,1.0,12.771610215977102,0.9999999999997311,0.8464695154932205,0.9861454423791312,0.9057135613084542,12.771610215977102
1.46,0.014992385456825661,1.0,12.768821859205271,0.9999999999995252,0.8463190989418696,0.9861364215584353,0.9055287225998445,12.768821859205271
1.4605000000000001,0.014990280193667764,1.0,12.76603090654218,0.9999999999993192,0.8461686855483818,0.98612739513682,0.9053437067763495,12.76603090654218
1.461,0.01498817493050987,1.0,12.76323735844306,0.9999999999991132,0.8460182753132972,0.9861183631110736,0.9051585138500339,12.76323735844306
1.4615,0.014986069667351977,1.0,12.76044121536389,0.999999999998907,0.8458678682371561,0.9861093254779832,0.9049731438329653,12.76044121536389
1.462,0.014983964404194082,1.0,12.757642477762088,0.9999999999987008,0.8457174643204987,0.9861002822343347,0.9047875967372135,12.757642477762088
1.4625000000000001,0.014981859141036186,1.0,12.75484114609616,0.9999999999984945,0.845567063563865,0.9860912333769117,0.9046018725748508,12.75484114609616
1.463,0.014979753877878291,1.0,12.75203722082617,0.9999999999982884,0.8454166659677953,0.9860821789024968,0.9044159713579513,12.75203722082617
1.4635,0.014977648614720396,1.0,12.749230702413037,0.9999999999980822,0.8452662715328298,0.9860731188078711,0.9042298930985923,12.749230702413037
1.464,0.014975543351562502,1.0,12.746421591318896,0.999999999997876,0.8451158802595088,0.9860640530898136,0.9040436378088528,12.746421591318896
1.4645000000000001,0.014973438088404607,1.0,12.743609888007319,0.99999999999767,0.8449654921483722,0.9860549817451019,0.9038572055008143,12.743609888007319
1.465,0.014971332825246712,1.0,12.740795592942854,0.999999999997464,0.8448151071999604,0.9860459047705122,0.903670596186561,12.740795592942854
1.4655,0.014969227562088818,1.0,12.737978706591495,0.9999999999972582,0.8446647254148136,0.986036822162819,0.903483809878179,12.737978706591495
1.466,0.014967122298930925,1.0,12.73515922942021,0.9999999999970525,0.8445143467934719,0.9860277339187953,0.9032968465877571,12.73515922942021
1.4665000000000001,0.014965017035773027,1.0,12.732337161897185,0.999999999996847,0.8443639713364753,0.9860186400352122,0.9031097063273861,12.732337161897185
1.467,0.014962911772615134,1.0,12.729512504492163,0.9999999999966417,0.8442135990443644,0.98600954050884,0.9029223891091598,12.729512504492163
1.4675,0.014960806509457239,1.0,12.726685257675399,0.9999999999964365,0.8440632299176792,0.9860004353364463,0.9027348949451737,12.726685257675399
1.468,0.014958701246299343,1.0,12.723855421919296,0.9999999999962316,0.8439128639569599,0.985991324514798,0.902547223847526,12.723855421919296
1.4685000000000001,0.01495659598314145,1.0,12.721022997697004,0.999999999996027,0.8437625011627464,0.9859822080406603,0.9023593758283167,12.721022997697004
1.469,0.014954490719983555,1.0,12.718187985482306,0.9999999999958226,0.8436121415355794,0.9859730859107962,0.9021713508996494,12.718187985482306
1.4695,0.01495238545682566,1.0,12.715350385751359,0.9999999999956185,0.8434617850759987,0.9859639581219678,0.9019831490736286,12.715350385751359
1.47,0.014950280193667766,1.0,12.712510198980494,0.9999999999954148,0.8433114317845447,0.9859548246709352,0.9017947703623624,12.712510198980494
1.4705000000000001,0.01494817493050987,1.0,12.709667425648187,0.9999999999952114,0.8431610816617573,0.9859456855544575,0.9016062147779601,12.709667425648187
1.471,0.014946069667351975,1.0,12.706822066233084,0.9999999999950084,0.8430107347081771,0.985936540769291,0.9014174823325346,12.706822066233084
1.4715,0.014943964404194082,1.0,12.70397412121609,0.9999999999948058,0.842860390924344,0.9859273903121921,0.9012285730381999,12.70397412121609
1.472,0.014941859141036186,1.0,12.701123591078519,0.9999999999946036,0.8427100503107983,0.9859182341799141,0.9010394869070736,12.701123591078519
1.4725,0.014939753877878291,1.0,12.69827047630337,0.9999999999944019,0.8425597128680801,0.9859090723692095,0.9008502239512745,12.69827047630337
1.473,0.014937648614720397,1.0,12.695414777374964,0.9999999999942006,0.8424093785967295,0.985899904876829,0.9006607841829242,12.695414777374964
1.4735,0.014935543351562502,1.0,12.692556494778163,0.9999999999939998,0.842259047497287,0.9858907316995221,0.9004711676141474,12.692556494778163
1.474,0.014933438088404607,1.0,12.689695628999619,0.9999999999937995,0.8421087195702925,0.9858815528340357,0.9002813742570699,12.689695628999619
1.4745,0.014931332825246713,1.0,12.686832180527318,0.9999999999935998,0.8419583948162863,0.9858723682771162,0.9000914041238206,12.686832180527318
1.475,0.014929227562088818,1.0,12.683966149849777,0.9999999999934006,0.8418080732358086,0.9858631780255078,0.8999012572265309,12.683966149849777
1.4755,0.014927122298930923,1.0,12.68109753745766,0.999999999993202,0.8416577548293995,0.9858539820759535,0.8997109335773338,12.68109753745766
1.476,0.014925017035773029,1.0,12.678226343842038,0.9999999999930039,0.8415074395975994,0.9858447804251943,0.8995204331883656,12.678226343842038
1.4765,0.014922911772615134,1.0,12.675352569495562,0.9999999999928066,0.8413571275409483,0.9858355730699696,0.8993297560717641,12.675352569495562
1.477,0.014920806509457239,1.0,12.67247621491233,0.9999999999926099,0.8412068186599863,0.985826360007018,0.8991389022396701,12.67247621491233
1.4775,0.014918701246299345,1.0,12.669597280587315,0.9999999999924138,0.8410565129552537,0.9858171412330753,0.8989478717042263,12.669597280587315
1.478,0.01491659598314145,1.0,12.666715767016488,0.9999999999922184,0.8409062104272909,0.9858079167448766,0.8987566644775782,12.666715767016488
1.4785,0.014914490719983554,1.0,12.66383167469774,0.9999999999920238,0.8407559110766377,0.9857986865391553,0.8985652805718731,12.66383167469774
1.479,0.01491238545682566,1.0,12.660945004129832,0.99999999999183,0.8406056149038345,0.9857894506126427,0.8983737199992611,12.660945004129832
1.4795,0.014910280193667766,1.0,12.658055755812535,0.9999999999916368,0.8404553219094214,0.9857802089620687,0.8981819827718946,12.658055755812535
1.48,0.01490817493050987,1.0,12.65516393024706,0.9999999999914445,0.8403050320939388,0.9857709615841623,0.8979900689019283,12.65516393024706
1.4805,0.014906069667351977,1.0,12.652269527936088,0.999999999991253,0.8401547454579266,0.9857617084756499,0.897797978401519,12.652269527936088
1.481,0.01490396440419408,1.0,12.649372549382834,0.9999999999910623,0.8400044620019251,0.9857524496332568,0.8976057112828263,12.649372549382834
1.4815,0.014901859141036186,1.0,12.646472995092775,0.9999999999908725,0.8398541817264745,0.9857431850537068,0.8974132675580118,12.646472995092775
1.482,0.014899753877878293,1.0,12.643570865571586,0.9999999999906836,0.8397039046321151,0.9857339147337217,0.8972206472392398,12.643570865571586
1.4825,0.014897648614720397,1.0,12.640666161326626,0.9999999999904955,0.8395536307193869,0.9857246386700224,0.8970278503386766,12.640666161326626
1.483,0.014895543351562502,1.0,12.637758882866597,0.9999999999903084,0.8394033599888301,0.9857153568593271,0.8968348768684908,12.637758882866597
1.4835,0.014893438088404608,1.0,12.634849030701446,0.9999999999901222,0.839253092440985,0.9857060692983536,0.896641726840854,12.634849030701446
1.484,0.014891332825246713,1.0,12.631936605341757,0.999999999989937,0.8391028280763918,0.9856967759838173,0.8964484002679395,12.631936605341757
1.4845,0.014889227562088818,1.0,12.629021607300166,0.9999999999897529,0.8389525668955906,0.9856874769124325,0.8962548971619231,12.629021607300166
1.485,0.014887122298930923,1.0,12.626104037090188,0.9999999999895698,0.8388023088991214,0.9856781720809112,0.8960612175349829,12.626104037090188
1.4855,0.014885017035773027,1.0,12.62318389522623,0.9999999999893876,0.8386520540875249,0.9856688614859646,0.8958673613993,12.62318389522623
1.486,0.014882911772615134,1.0,12.620261182224738,0.9999999999892066,0.8385018024613408,0.9856595451243017,0.8956733287670569,12.620261182224738
1.4865,0.01488080650945724,1.0,12.61733589860258,0.9999999999890267,0.8383515540211095,0.9856502229926304,0.8954791196504389,12.61733589860258
1.487,0.014878701246299343,1.0,12.614408044878095,0.9999999999888478,0.8382013087673711,0.9856408950876564,0.8952847340616337,12.614408044878095
1.4875,0.01487659598314145,1.0,12.61147762157132,0.9999999999886701,0.8380510667006659,0.9856315614060847,0.8950901720128313,12.61147762157132
1.488,0.014874490719983556,1.0,12.608544629202942,0.9999999999884935,0.837900827821534,0.9856222219446176,0.8948954335162241,12.608544629202942
1.4885,0.01487238545682566,1.0,12.605609068295127,0.9999999999883182,0.8377505921305155,0.9856128766999563,0.8947005185840067,12.605609068295127
1.489,0.014870280193667765,1.0,12.602670939371153,0.999999999988144,0.8376003596281508,0.9856035256688009,0.8945054272283762,12.602670939371153
1.4895,0.01486817493050987,1.0,12.59973024295577,0.9999999999879711,0.83745013031498,0.9855941688478491,0.894310159461532,12.59973024295577
1.49,0.014866069667351975,1.0,12.596786979574736,0.9999999999877994,0.8372999041915432,0.9855848062337974,0.8941147152956759,12.596786979574736
1.4905,0.014863964404194081,1.0,12.593841149755391,0.999999999987629,0.8371496812583807,0.9855754378233406,0.893919094743012,12.593841149755391
1.491,0.014861859141036186,1.0,12.590892754025743,0.9999999999874599,0.8369994615160327,0.9855660636131718,0.8937232978157468,12.590892754025743
1.4915,0.01485975387787829,1.0,12.587941792915494,0.9999999999872922,0.8368492449650392,0.9855566835999828,0.8935273245260889,12.587941792915494
1.492,0.014857648614720397,1.0,12.584988266955474,0.9999999999871257,0.8366990316059406,0.9855472977804631,0.8933311748862497,12.584988266955474
1.4925,0.014855543351562504,1.0,12.582032176677755,0.9999999999869607,0.836548821439277,0.9855379061513017,0.8931348489084425,12.582032176677755
1.493,0.014853438088404607,1.0,12.579073522615417,0.999999999986797,0.8363986144655886,0.9855285087091848,0.8929383466048836,12.579073522615417
1.4935,0.014851332825246713,1.0,12.576112305303365,0.9999999999866348,0.8362484106854156,0.9855191054507981,0.8927416679877906,12.576112305303365
1.494,0.014849227562088818,1.0,12.57314852527716,0.9999999999864739,0.8360982100992981,0.9855096963728249,0.8925448130693847,12.57314852527716
1.4945,0.014847122298930922,1.0,12.570182183073847,0.9999999999863146,0.8359480127077763,0.9855002814719472,0.8923477818618883,12.570182183073847
1.495,0.014845017035773029,1.0,12.567213279231822,0.9999999999861567,0.8357978185113905,0.985490860744845,0.8921505743775269,12.567213279231822
1.4955,0.014842911772615134,1.0,12.564241814290272,0.9999999999860004,0.8356476275106808,0.9854814341881973,0.8919531906285283,12.564241814290272
1.496,0.014840806509457238,1.0,12.561267788790195,0.9999999999858455,0.8354974397061874,0.9854720017986814,0.8917556306271222,12.561267788790195
1.4965,0.014838701246299345,1.0,12.558291203273727,0.9999999999856922,0.8353472550984504,0.9854625635729722,0.891557894385541,12.558291203273727
1.497,0.01483659598314145,1.0,12.55531205828379,0.9999999999855406,0.8351970736880102,0.9854531195077443,0.8913599819160195,12.55531205828379
1.4975,0.014834490719983554,1.0,12.552330354365004,0.9999999999853905,0.8350468954754068,0.9854436695996693,0.8911618932307945,12.552330354365004
1.498,0.01483238545682566,1.0,12.54934609206325,0.999999999985242,0.8348967204611805,0.9854342138454183,0.8909636283421056,12.54934609206325
1.4985,0.014830280193667765,1.0,12.546359271925182,0.9999999999850951,0.8347465486458715,0.9854247522416602,0.8907651872621948,12.546359271925182
1.499,0.01482817493050987,1.0,12.543369894499403,0.99999999998495,0.8345963800300198,0.9854152847850624,0.8905665700033054,12.543369894499403
1.4995,0.014826069667351977,1.0,12.540377960335418,0.9999999999848066,0.8344462146141657,0.9854058114722906,0.8903677765776844,12.540377960335418
1.5,0.014823964404194081,1.0,12.537383469983517,0.9999999999846648,0.8342960523988495,0.985396332300009,0.8901688069975807,12.537383469983517
1.5005,0.014821859141036186,1.0,12.534386423996049,0.9999999999845248,0.8341458933846112,0.9853868472648807,0.889969661275245,12.534386423996049
1.5010000000000001,0.014819753877878292,1.0,12.531386822926263,0.9999999999843865,0.8339957375719911,0.985377356363566,0.889770339422931,12.531386822926263
1.5015,0.014817648614720397,1.0,12.528384667328323,0.99999999998425,0.8338455849615294,0.9853678595927244,0.8895708414528946,12.528384667328323
1.502,0.014815543351562502,1.0,12.525379957758217,0.9999999999841154,0.8336954355537662,0.985358356949014,0.889371167377394,12.525379957758217
1.5025,0.014813438088404608,1.0,12.522372694773061,0.9999999999839826,0.8335452893492418,0.9853488484290902,0.8891713172086895,12.522372694773061
1.5030000000000001,0.014811332825246711,1.0,12.519362878930782,0.9999999999838516,0.8333951463484961,0.9853393340296083,0.8889712909590439,12.519362878930782
1.5035,0.014809227562088818,1.0,12.516350510791112,0.9999999999837225,0.8332450065520697,0.9853298137472205,0.8887710886407229,12.516350510791112
1.504,0.014807122298930924,1.0,12.51333559091483,0.9999999999835953,0.8330948699605025,0.9853202875785784,0.8885707102659938,12.51333559091483
1.5045,0.014805017035773029,1.0,12.510318119863724,0.9999999999834701,0.8329447365743349,0.9853107555203315,0.8883701558471265,12.510318119863724
1.5050000000000001,0.014802911772615134,1.0,12.507298098201188,0.9999999999833468,0.8327946063941067,0.9853012175691278,0.8881694253963932,12.507298098201188
1.5055,0.01480080650945724,1.0,12.504275526491757,0.9999999999832254,0.8326444794203586,0.985291673721614,0.8879685189260689,12.504275526491757
1.506,0.014798701246299345,1.0,12.501250405300993,0.9999999999831061,0.8324943556536305,0.9852821239744343,0.8877674364484303,12.501250405300993
1.5065,0.01479659598314145,1.0,12.498222735196173,0.9999999999829887,0.8323442350944625,0.9852725683242323,0.8875661779757567,12.498222735196173
1.5070000000000001,0.014794490719983554,1.0,12.4951925167456,0.9999999999828734,0.832194117743395,0.9852630067676496,0.8873647435203297,12.4951925167456
1.5075,0.014792385456825659,1.0,12.492159750518608,0.9999999999827601,0.8320440036009681,0.9852534393013254,0.8871631330944335,12.492159750518608
1.508,0.014790280193667765,1.0,12.489124437086245,0.999999999982649,0.831893892667722,0.9852438659218986,0.8869613467103544,12.489124437086245
1.5085,0.014788174930509872,1.0,12.486086577020481,0.99999999998254,0.8317437849441968,0.9852342866260059,0.8867593843803812,12.486086577020481
1.5090000000000001,0.014786069667351975,1.0,12.483046170894314,0.999999999982433,0.8315936804309327,0.9852247014102817,0.8865572461168048,12.483046170894314
1.5095,0.014783964404194081,1.0,12.480003219282912,0.9999999999823282,0.83144357912847,0.9852151102713601,0.8863549319319186,12.480003219282912
1.51,0.014781859141036188,1.0,12.47695772276168,0.9999999999822258,0.8312934810373489,0.9852055132058726,0.8861524418380186,12.47695772276168
1.5105,0.014779753877878292,1.0,12.473909681907855,0.9999999999821253,0.8311433861581095,0.9851959102104494,0.8859497758474026,12.473909681907855
1.5110000000000001,0.014777648614720397,1.0,12.470859097299941,0.9999999999820272,0.8309932944912918,0.9851863012817188,0.8857469339723711,12.470859097299941
1.5115,0.014775543351562502,1.0,12.46780596951735,0.9999999999819313,0.8308432060374363,0.985176686416308,0.8855439162252271,12.46780596951735
1.512,0.014773438088404606,1.0,12.464750299140993,0.9999999999818376,0.8306931207970831,0.985167065610842,0.8853407226182757,12.464750299140993
1.5125,0.014771332825246713,1.0,12.461692086753281,0.9999999999817464,0.8305430387707724,0.9851574388619446,0.8851373531638242,12.461692086753281
1.5130000000000001,0.014769227562088818,1.0,12.458631332937303,0.9999999999816573,0.8303929599590443,0.9851478061662378,0.8849338078741825,12.458631332937303
1.5135,0.014767122298930922,1.0,12.455568038277876,0.9999999999815706,0.830242884362439,0.985138167520342,0.884730086761663,12.455568038277876
1.514,0.014765017035773029,1.0,12.452502203361085,0.9999999999814864,0.8300928119814968,0.9851285229208759,0.88452618983858,12.452502203361085
1.5145,0.014762911772615135,1.0,12.449433828774055,0.9999999999814044,0.8299427428167577,0.9851188723644565,0.8843221171172504,12.449433828774055
1.5150000000000001,0.014760806509457238,1.0,12.446362915105054,0.9999999999813249,0.829792676868762,0.9851092158476997,0.8841178686099933,12.446362915105054
1.5155,0.014758701246299345,1.0,12.443289462944309,0.9999999999812478,0.8296426141380498,0.985099553367219,0.8839134443291305,12.443289462944309
1.516,0.01475659598314145,1.0,12.440213472882286,0.9999999999811732,0.8294925546251616,0.9850898849196268,0.8837088442869859,12.440213472882286
1.5165,0.014754490719983554,1.0,12.43713494551163,0.999999999981101,0.8293424983306372,0.9850802105015336,0.8835040684958858,12.43713494551163
1.5170000000000001,0.01475238545682566,1.0,12.43405388142592,0.9999999999810314,0.8291924452550169,0.9850705301095484,0.8832991169681584,12.43405388142592
1.5175,0.014750280193667765,1.0,12.430970281219768,0.9999999999809643,0.829042395398841,0.9850608437402786,0.8830939897161351,12.430970281219768
1.518,0.01474817493050987,1.0,12.427884145489287,0.9999999999808997,0.8288923487626496,0.9850511513903297,0.882888686752149,12.427884145489287
1.5185,0.014746069667351976,1.0,12.424795474832091,0.9999999999808378,0.8287423053469829,0.9850414530563061,0.8826832080885358,12.424795474832091
1.5190000000000001,0.014743964404194081,1.0,12.421704269846606,0.9999999999807784,0.8285922651523809,0.9850317487348099,0.8824775537376333,12.421704269846606
1.5195,0.014741859141036186,1.0,12.418610531132758,0.9999999999807215,0.8284422281793842,0.9850220384224422,0.8822717237117821,12.418610531132758
1.52,0.014739753877878292,1.0,12.415514259291863,0.9999999999806674,0.8282921944285326,0.985012322115802,0.8820657180233247,12.415514259291863
1.5205,0.014737648614720397,1.0,12.412415454926048,0.999999999980616,0.8281421639003667,0.9850025998114869,0.8818595366846063,12.412415454926048
1.5210000000000001,0.014735543351562502,1.0,12.409314118639404,0.9999999999805671,0.8279921365954261,0.9849928715060927,0.8816531797079739,12.409314118639404
1.5215,0.014733438088404608,1.0,12.406210251036836,0.999999999980521,0.8278421125142514,0.9849831371962137,0.8814466471057774,12.406210251036836
1.522,0.014731332825246713,1.0,12.403103852724406,0.9999999999804777,0.8276920916573829,0.9849733968784424,0.881239938890369,12.403103852724406
1.5225,0.014729227562088817,1.0,12.399994924309919,0.9999999999804371,0.8275420740253604,0.9849636505493701,0.8810330550741029,12.399994924309919
1.5230000000000001,0.014727122298930924,1.0,12.396883466402334,0.9999999999803993,0.8273920596187242,0.9849538982055859,0.8808259956693357,12.396883466402334
1.5235,0.014725017035773029,1.0,12.393769479611311,0.9999999999803644,0.8272420484380147,0.9849441398436775,0.880618760688427,12.393769479611311
1.524,0.014722911772615133,1.0,12.390652964548481,0.9999999999803322,0.8270920404837719,0.9849343754602312,0.8804113501437377,12.390652964548481
1.5245,0.01472080650945724,1.0,12.38753392182652,0.9999999999803029,0.8269420357565361,0.984924605051831,0.8802037640476319,12.38753392182652
1.5250000000000001,0.014718701246299343,1.0,12.384412352059266,0.9999999999802763,0.8267920342568473,0.9849148286150603,0.8799960024124754,12.384412352059266
1.5255,0.01471659598314145,1.0,12.381288255862186,0.9999999999802528,0.8266420359852459,0.9849050461464997,0.8797880652506369,12.381288255862186
1.526,0.014714490719983556,1.0,12.37816163385156,0.9999999999802321,0.8264920409422719,0.9848952576427287,0.879579952574487,12.37816163385156
1.5265,0.01471238545682566,1.0,12.375032486645068,0.9999999999802145,0.8263420491284656,0.9848854631003258,0.879371664396399,12.375032486645068
1.5270000000000001,0.014710280193667765,1.0,12.371900814861897,0.9999999999801997,0.8261920605443672,0.9848756625158664,0.8791632007287483,12.371900814861897
1.5275,0.014708174930509871,1.0,12.368766619122399,0.9999999999801881,0.8260420751905169,0.9848658558859258,0.8789545615839128,12.368766619122399
1.528,0.014706069667351976,1.0,12.365629900048097,0.9999999999801793,0.8258920930674548,0.9848560432070765,0.8787457469742728,12.365629900048097
1.5285,0.014703964404194081,1.0,12.362490658262024,0.9999999999801736,0.8257421141757211,0.9848462244758899,0.8785367569122102,12.362490658262024
1.5290000000000001,0.014701859141036186,1.0,12.359348894388262,0.999999999980171,0.825592138515856,0.9848363996889358,0.8783275914101105,12.359348894388262
1.5295,0.01469975387787829,1.0,12.356204609052297,0.9999999999801714,0.8254421660883997,0.984826568842782,0.8781182504803606,12.356204609052297
1.53,0.014697648614720397,1.0,12.353057802880896,0.999999999980175,0.8252921968938924,0.9848167319339949,0.8779087341353502,12.353057802880896
1.5305,0.014695543351562503,1.0,12.349908476502227,0.9999999999801816,0.8251422309328743,0.9848068889591393,0.877699042387471,12.349908476502227
1.5310000000000001,0.014693438088404606,1.0,12.346756630545281,0.9999999999801915,0.8249922682058854,0.9847970399147782,0.8774891752491171,12.346756630545281
1.5315,0.014691332825246713,1.0,12.343602265641026,0.9999999999802045,0.8248423087134662,0.9847871847974733,0.8772791327326853,12.343602265641026
1.532,0.014689227562088819,1.0,12.34044538242114,0.9999999999802207,0.8246923524561567,0.9847773236037839,0.8770689148505744,12.34044538242114
1.5325,0.014687122298930924,1.0,12.337285981518823,0.9999999999802401,0.824542399434497,0.9847674563302684,0.8768585216151856,12.337285981518823
1.5330000000000001,0.014685017035773028,1.0,12.334124063568552,0.9999999999802628,0.8243924496490275,0.9847575829734835,0.8766479530389226,12.334124063568552
1.5335,0.014682911772615133,1.0,12.330959629206102,0.9999999999802888,0.8242425031002882,0.9847477035299836,0.8764372091341912,12.330959629206102
1.534,0.014680806509457238,1.0,12.3277926790683,0.999999999980318,0.8240925597888196,0.9847378179963223,0.8762262899133999,12.3277926790683
1.5345,0.014678701246299344,1.0,12.324623213793954,0.9999999999803505,0.8239426197151615,0.9847279263690508,0.876015195388959,12.324623213793954
1.5350000000000001,0.014676595983141449,1.0,12.321451234022243,0.9999999999803864,0.8237926828798542,0.984718028644719,0.8758039255732815,12.321451234022243
1.5355,0.014674490719983554,1.0,12.318276740394326,0.9999999999804257,0.823642749283438,0.9847081248198756,0.8755924804787827,12.318276740394326
1.536,0.01467238545682566,1.0,12.315099733552309,0.9999999999804682,0.823492818926453,0.9846982148910666,0.8753808601178803,12.315099733552309
1.5365,0.014670280193667767,1.0,12.311920214139699,0.9999999999805143,0.8233428918094394,0.9846882988548373,0.8751690645029944,12.311920214139699
1.537,0.014668174930509871,1.0,12.308738182801184,0.9999999999805637,0.8231929679329374,0.984678376707731,0.8749570936465467,12.308738182801184
1.5375,0.014666069667351976,1.0,12.305553640182977,0.9999999999806166,0.8230430472974872,0.9846684484462891,0.8747449475609627,12.305553640182977
1.538,0.01466396440419408,1.0,12.302366586932346,0.999999999980673,0.822893129903629,0.9846585140670518,0.8745326262586686,12.302366586932346
1.5385,0.014661859141036186,1.0,12.299177023698093,0.9999999999807329,0.8227432157519028,0.9846485735665572,0.874320129752094,12.299177023698093
1.539,0.014659753877878292,1.0,12.295984951130075,0.9999999999807963,0.8225933048428491,0.9846386269413426,0.874107458053671,12.295984951130075
1.5395,0.014657648614720397,1.0,12.292790369879677,0.9999999999808632,0.8224433971770078,0.9846286741879423,0.8738946111758328,12.292790369879677
1.54,0.014655543351562501,1.0,12.289593280599126,0.9999999999809337,0.8222934927549193,0.9846187153028899,0.8736815891310162,12.289593280599126
1.5405,0.014653438088404608,1.0,12.286393683942514,0.9999999999810077,0.8221435915771237,0.9846087502827171,0.87346839193166,12.286393683942514
1.541,0.014651332825246714,1.0,12.283191580565108,0.9999999999810855,0.8219936936441611,0.9845987791239541,0.8732550195902049,12.283191580565108
1.5415,0.014649227562088817,1.0,12.279986971123025,0.9999999999811668,0.8218437989565718,0.9845888018231292,0.8730414721190943,12.279986971123025
1.542,0.014647122298930924,1.0,12.276779856274247,0.9999999999812519,0.8216939075148959,0.9845788183767693,0.872827749530774,12.276779856274247
1.5425,0.014645017035773028,1.0,12.2735702366776,0.9999999999813405,0.8215440193196738,0.9845688287813993,0.8726138518376921,12.2735702366776
1.543,0.014642911772615133,1.0,12.270358112993543,0.999999999981433,0.8213941343714455,0.9845588330335429,0.8723997790522989,12.270358112993543
1.5435,0.01464080650945724,1.0,12.267143485883848,0.9999999999815291,0.8212442526707511,0.9845488311297214,0.8721855311870469,12.267143485883848
1.544,0.014638701246299344,1.0,12.26392635601123,0.9999999999816289,0.8210943742181309,0.9845388230664553,0.8719711082543913,12.26392635601123
1.5445,0.014636595983141449,1.0,12.260706724039949,0.9999999999817326,0.8209444990141251,0.9845288088402631,0.8717565102667895,12.260706724039949
1.545,0.014634490719983555,1.0,12.257484590635665,0.9999999999818401,0.820794627059274,0.9845187884476614,0.8715417372367011,12.257484590635665
1.5455,0.01463238545682566,1.0,12.254259956465118,0.9999999999819513,0.8206447583541175,0.9845087618851656,0.8713267891765885,12.254259956465118
1.546,0.014630280193667765,1.0,12.251032822196352,0.9999999999820665,0.8204948928991961,0.9844987291492888,0.8711116660989157,12.251032822196352
1.5465,0.014628174930509871,1.0,12.247803188499056,0.9999999999821855,0.8203450306950497,0.9844886902365431,0.8708963680161494,12.247803188499056
1.547,0.014626069667351976,1.0,12.24457105604365,0.9999999999823084,0.8201951717422188,0.9844786451434387,0.8706808949407592,12.24457105604365
1.5475,0.01462396440419408,1.0,12.241336425502544,0.9999999999824352,0.8200453160412432,0.984468593866484,0.8704652468852159,12.241336425502544
1.548,0.014621859141036187,1.0,12.238099297548878,0.9999999999825658,0.8198954635926634,0.9844585364021858,0.8702494238619934,12.238099297548878
1.5485,0.014619753877878292,1.0,12.234859672857336,0.9999999999827005,0.8197456143970194,0.9844484727470496,0.870033425883568,12.234859672857336
1.549,0.014617648614720397,1.0,12.231617552103895,0.9999999999828392,0.8195957684548516,0.9844384028975784,0.869817252962418,12.231617552103895
1.5495,0.014615543351562503,1.0,12.228372935965963,0.999999999982982,0.8194459257667,0.9844283268502746,0.8696009051110238,12.228372935965963
1.55,0.014613438088404608,1.0,12.225125825121792,0.9999999999831286,0.8192960863331047,0.9844182446016378,0.869384382341869,12.225125825121792
1.5505,0.014611332825246712,1.0,12.221875275700658,0.9999999999832738,0.8191462512056809,0.984408156218958,0.8691676861881652,12.221875275700658
1.551,0.014609227562088819,1.0,12.218618928450992,0.999999999983401,0.8189964230118176,0.9843980618759011,0.8689508204699325,12.218618928450992
1.5515,0.014607122298930922,1.0,12.215360049988352,0.9999999999835274,0.8188465981183014,0.9843879613243863,0.8687337799467512,12.215360049988352
1.552,0.014605017035773028,1.0,12.212098640276599,0.9999999999836532,0.818696776526494,0.9843778545609694,0.8685165646324637,12.212098640276599
1.5525,0.014602911772615135,1.0,12.208834699280203,0.9999999999837784,0.8185469582377574,0.9843677415822033,0.8682991745409193,12.208834699280203
1.553,0.01460080650945724,1.0,12.205568226965587,0.9999999999839029,0.8183971432534533,0.9843576223846404,0.8680816096859729,12.205568226965587
1.5535,0.014598701246299344,1.0,12.202299223301264,0.9999999999840267,0.8182473315749437,0.9843474969648309,0.8678638700814861,12.202299223301264
1.554,0.01459659598314145,1.0,12.199027688257468,0.9999999999841498,0.8180975232035904,0.9843373653193239,0.8676459557413267,12.199027688257468
1.5545,0.014594490719983555,1.0,12.195753621805506,0.9999999999842724,0.8179477181407555,0.9843272274446668,0.8674278666793688,12.195753621805506
1.555,0.01459238545682566,1.0,12.192477023919439,0.9999999999843942,0.8177979163878005,0.9843170833374056,0.8672096029094922,12.192477023919439
1.5555,0.014590280193667765,1.0,12.189197894574281,0.9999999999845154,0.8176481179460876,0.9843069329940846,0.8669911644455841,12.189197894574281
1.556,0.01458817493050987,1.0,12.185916233747012,0.999999999984636,0.8174983228169785,0.9842967764112469,0.866772551301537,12.185916233747012
1.5565,0.014586069667351976,1.0,12.182632041416703,0.9999999999847557,0.8173485310018351,0.9842866135854337,0.8665537634912497,12.182632041416703
1.557,0.014583964404194082,1.0,12.179345317563714,0.999999999984875,0.8171987425020193,0.9842764445131847,0.8663348010286278,12.179345317563714
1.5575,0.014581859141036185,1.0,12.176056062170039,0.9999999999849936,0.8170489573188929,0.9842662691910385,0.866115663927583,12.176056062170039
1.558,0.014579753877878292,1.0,12.172764275220109,0.9999999999851116,0.816899175453818,0.9842560876155316,0.8658963522020331,12.172764275220109
1.5585,0.014577648614720398,1.0,12.169469956699537,0.9999999999852288,0.8167493969081562,0.9842458997831999,0.8656768658659021,12.169469956699537
1.559,0.014575543351562503,1.0,12.166173106595686,0.9999999999853455,0.8165996216832695,0.9842357056905764,0.8654572049331205,12.166173106595686
1.5595,0.014573438088404608,1.0,12.162873724898125,0.9999999999854615,0.8164498497805196,0.984225505334194,0.8652373694176247,12.162873724898125
1.56,0.014571332825246712,1.0,12.159571811597619,0.9999999999855769,0.8163000812012686,0.9842152987105828,0.865017359333358,12.159571811597619
1.5605,0.014569227562088817,1.0,12.156267366687027,0.9999999999856916,0.8161503159468784,0.9842050858162725,0.8647971746942694,12.156267366687027
1.561,0.014567122298930923,1.0,12.15296039016108,0.9999999999858057,0.8160005540187107,0.9841948666477907,0.8645768155143145,12.15296039016108
1.5615,0.014565017035773028,1.0,12.14965088201593,0.9999999999859192,0.8158507954181274,0.9841846412016635,0.8643562818074546,12.14965088201593
1.562,0.014562911772615133,1.0,12.146338842249717,0.999999999986032,0.8157010401464905,0.9841744094744151,0.8641355735876579,12.146338842249717
1.5625,0.01456080650945724,1.0,12.14302427086223,0.9999999999861442,0.8155512882051618,0.9841641714625695,0.8639146908688988,12.14302427086223
1.563,0.014558701246299346,1.0,12.139707167855024,0.9999999999862558,0.8154015395955031,0.9841539271626476,0.8636936336651575,12.139707167855024
1.5635000000000001,0.014556595983141449,1.0,12.136387533231536,0.9999999999863667,0.8152517943188762,0.98414367657117,0.8634724019904206,12.136387533231536
1.564,0.014554490719983555,1.0,12.133065366996966,0.999999999986477,0.8151020523766432,0.9841334196846544,0.8632509958586817,12.133065366996966
1.5645,0.01455238545682566,1.0,12.12974066915795,0.9999999999865867,0.814952313770166,0.9841231564996188,0.8630294152839395,12.12974066915795
1.565,0.014550280193667765,1.0,12.126413439723343,0.9999999999866959,0.8148025785008063,0.9841128870125782,0.8628076602802,12.126413439723343
1.5655000000000001,0.014548174930509871,1.0,12.123083678703884,0.9999999999868042,0.8146528465699259,0.9841026112200464,0.8625857308614743,12.123083678703884
1.566,0.014546069667351976,1.0,12.1197513861113,0.9999999999869121,0.8145031179788869,0.9840923291185362,0.8623636270417809,12.1197513861113
1.5665,0.01454396440419408,1.0,12.116416561959653,0.9999999999870194,0.814353392729051,0.9840820407045585,0.8621413488351442,12.116416561959653
1.567,0.014541859141036187,1.0,12.11307920626524,0.999999999987126,0.8142036708217801,0.9840717459746225,0.8619188962555943,12.11307920626524
1.5675000000000001,0.014539753877878292,1.0,12.109739319044886,0.9999999999872319,0.8140539522584362,0.9840614449252365,0.8616962693171684,12.109739319044886
1.568,0.014537648614720396,1.0,12.106396900318448,0.9999999999873374,0.8139042370403811,0.9840511375529063,0.8614734680339093,12.106396900318448
1.5685,0.014535543351562503,1.0,12.103051950106876,0.999999999987442,0.8137545251689766,0.984040823854137,0.8612504924198665,12.103051950106876
1.569,0.014533438088404608,1.0,12.09970446843291,0.9999999999875463,0.8136048166455847,0.9840305038254321,0.8610273424890956,12.09970446843291
1.5695000000000001,0.014531332825246712,1.0,12.09635445532141,0.9999999999876498,0.8134551114715671,0.984020177463293,0.8608040182556582,12.09635445532141
1.57,0.014529227562088819,1.0,12.093001910798915,0.9999999999877528,0.8133054096482858,0.98400984476422,0.8605805197336225,12.093001910798915
1.5705,0.014527122298930923,1.0,12.089646834893404,0.9999999999878552,0.8131557111771027,0.983999505724712,0.8603568469370629,12.089646834893404
1.571,0.014525017035773028,1.0,12.086289227635103,0.9999999999879569,0.8130060160593796,0.9839891603412662,0.86013299988006,12.086289227635103
1.5715000000000001,0.014522911772615135,1.0,12.082929089056025,0.999999999988058,0.8128563242964784,0.9839788086103782,0.8599089785767005,12.082929089056025
1.572,0.01452080650945724,1.0,12.079566419189298,0.9999999999881586,0.812706635889761,0.9839684505285421,0.8596847830410778,12.079566419189298
1.5725,0.014518701246299344,1.0,12.076201218070748,0.9999999999882586,0.8125569508405892,0.9839580860922506,0.8594604132872908,12.076201218070748
1.573,0.01451659598314145,1.0,12.072833485737545,0.999999999988358,0.8124072691503249,0.9839477152979949,0.8592358693294454,12.072833485737545
1.5735000000000001,0.014514490719983553,1.0,12.069463222228542,0.9999999999884567,0.8122575908203299,0.9839373381422644,0.8590111511816533,12.069463222228542
1.574,0.01451238545682566,1.0,12.066090427584726,0.9999999999885549,0.8121079158519663,0.9839269546215471,0.8587862588580328,12.066090427584726
1.5745,0.014510280193667766,1.0,12.062715101848662,0.9999999999886525,0.8119582442465958,0.9839165647323296,0.8585611923727083,12.062715101848662
1.575,0.014508174930509871,1.0,12.059337245064595,0.9999999999887496,0.8118085760055802,0.9839061684710968,0.85833595173981,12.059337245064595
1.5755000000000001,0.014506069667351976,1.0,12.055956857278813,0.9999999999888459,0.8116589111302815,0.9838957658343322,0.8581105369734753,12.055956857278813
1.576,0.014503964404194082,1.0,12.052573938539624,0.9999999999889418,0.8115092496220616,0.9838853568185179,0.8578849480878469,12.052573938539624
1.5765,0.014501859141036187,1.0,12.049188488896233,0.9999999999890371,0.8113595914822824,0.983874941420134,0.8576591850970745,12.049188488896233
1.577,0.014499753877878292,1.0,12.045800508400793,0.9999999999891317,0.8112099367123056,0.9838645196356594,0.8574332480153133,12.045800508400793
1.5775000000000001,0.014497648614720396,1.0,12.042409997106581,0.9999999999892258,0.8110602853134932,0.9838540914615715,0.8572071368567256,12.042409997106581
1.578,0.014495543351562501,1.0,12.039016955068913,0.9999999999893194,0.8109106372872069,0.9838436568943464,0.8569808516354791,12.039016955068913
1.5785,0.014493438088404607,1.0,12.035621382344688,0.9999999999894124,0.8107609926348088,0.9838332159304578,0.8567543923657485,12.035621382344688
1.579,0.014491332825246714,1.0,12.032223278992959,0.9999999999895047,0.8106113513576608,0.983822768566379,0.8565277590617144,12.032223278992959
1.5795000000000001,0.014489227562088817,1.0,12.028822645074145,0.9999999999895965,0.8104617134571245,0.9838123147985806,0.8563009517375633,12.028822645074145
1.58,0.014487122298930923,1.0,12.025419480651038,0.9999999999896878,0.810312078934562,0.9838018546235329,0.8560739704074887,12.025419480651038
1.5805,0.01448501703577303,1.0,12.022013785788028,0.9999999999897785,0.8101624477913351,0.9837913880377039,0.8558468150856897,12.022013785788028
1.581,0.014482911772615134,1.0,12.018605560550755,0.9999999999898687,0.8100128200288056,0.98378091503756,0.8556194857863719,12.018605560550755
1.5815000000000001,0.014480806509457239,1.0,12.01519480500759,0.9999999999899581,0.8098631956483355,0.9837704356195663,0.8553919825237475,12.01519480500759
1.582,0.014478701246299344,1.0,12.011781519228157,0.9999999999900472,0.8097135746512867,0.9837599497801867,0.8551643053120342,12.011781519228157
1.5825,0.014476595983141449,1.0,12.008365703284241,0.9999999999901356,0.8095639570390208,0.9837494575158828,0.8549364541654564,12.008365703284241
1.583,0.014474490719983555,1.0,12.004947357249119,0.9999999999902235,0.8094143428129,0.9837389588231154,0.8547084290982448,12.004947357249119
1.5835000000000001,0.01447238545682566,1.0,12.001526481198228,0.9999999999903108,0.809264731974286,0.9837284536983435,0.8544802301246361,12.001526481198228
1.584,0.014470280193667764,1.0,11.99810307520827,0.9999999999903976,0.8091151245245407,0.9837179421380243,0.8542518572588735,11.99810307520827
1.5845,0.01446817493050987,1.0,11.994677139358574,0.9999999999904837,0.808965520465026,0.9837074241386137,0.8540233105152064,11.994677139358574
1.585,0.014466069667351977,1.0,11.991248673729723,0.9999999999905694,0.8088159197971038,0.9836968996965663,0.8537945899078901,11.991248673729723
1.5855000000000001,0.01446396440419408,1.0,11.987817678404033,0.9999999999906545,0.8086663225221359,0.9836863688083346,0.8535656954511867,11.987817678404033
1.586,0.014461859141036187,1.0,11.984384153466436,0.9999999999907391,0.8085167286414842,0.9836758314703701,0.853336627159364,11.984384153466436
1.5865,0.014459753877878291,1.0,11.9809480990028,0.9999999999908231,0.8083671381565105,0.9836652876791229,0.8531073850466963,11.9809480990028
1.587,0.014457648614720396,1.0,11.977509515101397,0.9999999999909066,0.8082175510685768,0.9836547374310406,0.8528779691274643,11.977509515101397
1.5875000000000001,0.014455543351562503,1.0,11.974068401852223,0.9999999999909895,0.8080679673790448,0.9836441807225704,0.8526483794159544,11.974068401852223
1.588,0.014453438088404607,1.0,11.970624759346775,0.9999999999910719,0.8079183870892767,0.9836336175501573,0.8524186159264602,11.970624759346775
1.5885,0.014451332825246712,1.0,11.967178587678731,0.9999999999911537,0.8077688102006341,0.9836230479102448,0.8521886786732806,11.967178587678731
1.589,0.014449227562088818,1.0,11.963729886943844,0.9999999999912351,0.8076192367144789,0.9836124717992749,0.8519585676707212,11.963729886943844
1.5895000000000001,0.014447122298930923,1.0,11.960278657239023,0.9999999999913158,0.807469666632173,0.9836018892136887,0.8517282829330937,11.960278657239023
1.59,0.014445017035773028,1.0,11.956824898663712,0.9999999999913961,0.8073200999550783,0.9835913001499248,0.8514978244747159,11.956824898663712
1.5905,0.014442911772615134,1.0,11.953368611318746,0.9999999999914758,0.8071705366845566,0.9835807046044209,0.8512671923099123,11.953368611318746
1.591,0.014440806509457239,1.0,11.949909795306928,0.999999999991555,0.8070209768219699,0.9835701025736125,0.8510363864530134,11.949909795306928
1.5915000000000001,0.014438701246299344,1.0,11.946448450733019,0.9999999999916337,0.80687142036868,0.9835594940539348,0.8508054069183555,11.946448450733019
1.592,0.01443659598314145,1.0,11.942984577703747,0.9999999999917119,0.8067218673260487,0.9835488790418199,0.8505742537202818,11.942984577703747
1.5925,0.014434490719983555,1.0,11.93951817632725,0.9999999999917895,0.806572317695438,0.9835382575336998,0.8503429268731417,11.93951817632725
1.593,0.01443238545682566,1.0,11.936049246713734,0.9999999999918665,0.8064227714782097,0.9835276295260038,0.8501114263912903,11.936049246713734
1.5935000000000001,0.014430280193667766,1.0,11.932577788975728,0.9999999999919431,0.8062732286757257,0.9835169950151607,0.8498797522890893,11.932577788975728
1.594,0.01442817493050987,1.0,11.929103803226822,0.9999999999920192,0.8061236892893479,0.9835063539975966,0.8496479045809067,11.929103803226822
1.5945,0.014426069667351975,1.0,11.92562728958292,0.9999999999920947,0.8059741533204381,0.9834957064697374,0.8494158832811165,11.92562728958292
1.595,0.014423964404194082,1.0,11.922148248161896,0.9999999999921697,0.8058246207703581,0.9834850524280063,0.8491836884040991,11.922148248161896
1.5955000000000001,0.014421859141036185,1.0,11.918666679082936,0.9999999999922442,0.80567509164047,0.9834743918688253,0.8489513199642411,11.918666679082936
1.596,0.014419753877878291,1.0,11.91518258246798,0.9999999999923181,0.8055255659321355,0.9834637247886155,0.8487187779759353,11.91518258246798
1.5965,0.014417648614720398,1.0,11.911695958440163,0.9999999999923916,0.8053760436467166,0.9834530511837958,0.8484860624535808,11.911695958440163
1.597,0.014415543351562502,1.0,11.908206807124154,0.9999999999924646,0.8052265247855751,0.9834423710507836,0.8482531734115832,11.908206807124154
1.5975000000000001,0.014413438088404607,1.0,11.904715128647615,0.9999999999925371,0.8050770093500728,0.9834316843859949,0.8480201108643535,11.904715128647615
1.598,0.014411332825246714,1.0,11.901220923139286,0.999999999992609,0.8049274973415717,0.983420991185844,0.8477868748263099,11.901220923139286
1.5985,0.014409227562088818,1.0,11.897724190729681,0.9999999999926805,0.8047779887614335,0.983410291446744,0.847553465311876,11.897724190729681
1.599,0.014407122298930923,1.0,11.894224931551625,0.9999999999927515,0.8046284836110204,0.9833995851651064,0.8473198823354826,11.894224931551625
1.5995000000000001,0.014405017035773028,1.0,11.89072314573971,0.9999999999928219,0.8044789818916938,0.9833888723373407,0.8470861259115655,11.89072314573971
1.6,0.014402911772615132,1.0,11.887218833430294,0.9999999999928918,0.8043294836048159,0.9833781529598554,0.8468521960545681,11.887218833430294
1.6005,0.014400806509457239,1.0,11.883711994761619,0.9999999999929613,0.8041799887517487,0.9833674270290573,0.8466180927789388,11.883711994761619
1.601,0.014398701246299345,1.0,11.88020262987402,0.9999999999930302,0.8040304973338537,0.9833566945413513,0.846383816099133,11.88020262987402
1.6015,0.01439659598314145,1.0,11.876690738909168,0.9999999999930987,0.8038810093524931,0.9833459554931414,0.8461493660296123,11.876690738909168
1.602,0.014394490719983555,1.0,11.87317632201128,0.9999999999931667,0.8037315248090284,0.9833352098808296,0.8459147425848439,11.87317632201128
1.6025,0.014392385456825661,1.0,11.869659379326235,0.9999999999932342,0.8035820437048219,0.9833244577008164,0.8456799457793021,11.869659379326235
1.603,0.014390280193667766,1.0,11.866139911001467,0.9999999999933012,0.8034325660412351,0.983313698949501,0.8454449756274665,11.866139911001467
1.6035,0.01438817493050987,1.0,11.862617917186743,0.9999999999933677,0.8032830918196302,0.983302933623281,0.8452098321438238,11.862617917186743
1.604,0.014386069667351975,1.0,11.859093398033385,0.9999999999934338,0.8031336210413689,0.983292161718552,0.8449745153428665,11.859093398033385
1.6045,0.01438396440419408,1.0,11.855566353695053,0.9999999999934993,0.802984153707813,0.983281383231709,0.8447390252390933,11.855566353695053
1.605,0.014381859141036187,1.0,11.852036784326854,0.9999999999935644,0.8028346898203245,0.9832705981591442,0.8445033618470094,11.852036784326854
1.6055,0.014379753877878293,1.0,11.848504690085901,0.999999999993629,0.8026852293802652,0.9832598064972495,0.8442675251811258,11.848504690085901
1.606,0.014377648614720396,1.0,11.844970071131092,0.999999999993693,0.802535772388997,0.9832490082424143,0.84403151525596,11.844970071131092
1.6065,0.014375543351562502,1.0,11.841432927623664,0.9999999999937568,0.8023863188478819,0.9832382033910274,0.8437953320860361,11.841432927623664
1.607,0.014373438088404609,1.0,11.837893259726425,0.9999999999938199,0.8022368687582816,0.983227391939475,0.8435589756858834,11.837893259726425
1.6075,0.014371332825246714,1.0,11.834351067603972,0.9999999999938826,0.8020874221215579,0.9832165738841422,0.8433224460700384,11.834351067603972
1.608,0.014369227562088818,1.0,11.830806351423021,0.9999999999939448,0.8019379789390729,0.9832057492214132,0.8430857432530435,11.830806351423021
1.6085,0.014367122298930923,1.0,11.827259111352197,0.9999999999940066,0.8017885392121884,0.98319491794767,0.8428488672494473,11.827259111352197
1.609,0.014365017035773028,1.0,11.82370934756192,0.9999999999940679,0.8016391029422661,0.9831840800592925,0.8426118180738045,11.82370934756192
1.6095,0.014362911772615134,1.0,11.82015706022462,0.9999999999941287,0.8014896701306682,0.9831732355526605,0.8423745957406763,11.82015706022462
1.61,0.014360806509457239,1.0,11.816602249514311,0.9999999999941891,0.8013402407787563,0.9831623844241509,0.8421372002646299,11.816602249514311
1.6105,0.014358701246299344,1.0,11.813044915607584,0.9999999999942489,0.8011908148878923,0.9831515266701399,0.8418996316602388,11.813044915607584
1.611,0.01435659598314145,1.0,11.809485058682265,0.9999999999943084,0.8010413924594383,0.983140662287002,0.8416618899420829,11.809485058682265
1.6115,0.014354490719983556,1.0,11.805922678918549,0.9999999999943674,0.8008919734947558,0.9831297912711098,0.8414239751247479,11.805922678918549
1.612,0.01435238545682566,1.0,11.802357776497981,0.9999999999944259,0.800742557995207,0.9831189136188347,0.8411858872228262,11.802357776497981
1.6125,0.014350280193667766,1.0,11.798790351604918,0.9999999999944841,0.8005931459621536,0.9831080293265464,0.8409476262509161,11.798790351604918
1.613,0.01434817493050987,1.0,11.79522040442463,0.9999999999945417,0.8004437373969576,0.9830971383906131,0.8407091922236224,11.79522040442463
1.6135,0.014346069667351975,1.0,11.791647935145198,0.9999999999945989,0.8002943323009808,0.9830862408074014,0.8404705851555556,11.791647935145198
1.614,0.014343964404194082,1.0,11.788072943956182,0.9999999999946556,0.8001449306755849,0.9830753365732768,0.8402318050613329,11.788072943956182
1.6145,0.014341859141036186,1.0,11.784495431048832,0.9999999999947119,0.7999955325221321,0.9830644256846025,0.8399928519555779,11.784495431048832
1.615,0.014339753877878291,1.0,11.780915396616669,0.9999999999947677,0.7998461378419841,0.9830535081377404,0.8397537258529199,11.780915396616669
1.6155,0.014337648614720398,1.0,11.777332840855353,0.9999999999948231,0.7996967466365027,0.9830425839290513,0.8395144267679944,11.777332840855353
1.616,0.014335543351562502,1.0,11.773747763961916,0.9999999999948781,0.7995473589070499,0.9830316530548939,0.8392749547154437,11.773747763961916
1.6165,0.014333438088404607,1.0,11.770160166135547,0.9999999999949326,0.7993979746549875,0.9830207155116261,0.8390353097099159,11.770160166135547
1.617,0.014331332825246713,1.0,11.766570047577577,0.9999999999949867,0.7992485938816775,0.9830097712956032,0.8387954917660654,11.766570047577577
1.6175,0.014329227562088818,1.0,11.762977408491059,0.9999999999950403,0.7990992165884816,0.9829988204031797,0.8385555008985527,11.762977408491059
1.618,0.014327122298930923,1.0,11.75938224908097,0.9999999999950935,0.7989498427767617,0.9829878628307082,0.8383153371220446,11.75938224908097
1.6185,0.01432501703577303,1.0,11.755784569554226,0.9999999999951462,0.7988004724478799,0.9829768985745402,0.8380750004512146,11.755784569554226
1.619,0.014322911772615134,1.0,11.752184370119789,0.9999999999951986,0.7986511056031977,0.982965927631025,0.8378344909007415,11.752184370119789
1.6195,0.014320806509457239,1.0,11.748581650988452,0.9999999999952505,0.7985017422440773,0.9829549499965112,0.837593808485311,11.748581650988452
1.62,0.014318701246299345,1.0,11.744976412373166,0.999999999995302,0.7983523823718804,0.9829439656673451,0.8373529532196148,11.744976412373166
1.6205,0.01431659598314145,1.0,11.74136865448849,0.999999999995353,0.7982030259879689,0.9829329746398713,0.8371119251183505,11.74136865448849
1.621,0.014314490719983555,1.0,11.737758377550927,0.9999999999954037,0.7980536730937048,0.9829219769104341,0.836870724196223,11.737758377550927
1.6215,0.014312385456825661,1.0,11.73414558177948,0.999999999995454,0.7979043236904497,0.9829109724753751,0.836629350467942,11.73414558177948
1.622,0.014310280193667764,1.0,11.730530267394206,0.9999999999955037,0.7977549777795656,0.9828999613310344,0.836387803948224,11.730530267394206
1.6225,0.01430817493050987,1.0,11.726912434618006,0.9999999999955531,0.7976056353624146,0.9828889434737511,0.8361460846517924,11.726912434618006
1.623,0.014306069667351977,1.0,11.723292083675279,0.9999999999956021,0.7974562964403582,0.9828779188998624,0.8359041925933758,11.723292083675279
1.6235,0.014303964404194082,1.0,11.719669214792265,0.9999999999956506,0.7973069610147585,0.9828668876057042,0.8356621277877094,11.719669214792265
1.624,0.014301859141036186,1.0,11.716043828197268,0.9999999999956988,0.7971576290869773,0.9828558495876105,0.8354198902495349,11.716043828197268
1.6245,0.014299753877878293,1.0,11.712415924120766,0.9999999999957464,0.7970083006583766,0.9828448048419142,0.8351774799935998,11.712415924120766
1.625,0.014297648614720397,1.0,11.708785502794976,0.9999999999957938,0.796858975730318,0.982833753364946,0.834934897034658,11.708785502794976
1.6255,0.014295543351562502,1.0,11.705152564453957,0.9999999999958407,0.7967096543041637,0.9828226951530357,0.8346921413874695,11.705152564453957
1.6260000000000001,0.014293438088404607,1.0,11.701517109334056,0.9999999999958872,0.7965603363812753,0.9828116302025112,0.8344492130668006,11.701517109334056
1.6265,0.014291332825246712,1.0,11.697879137673363,0.9999999999959333,0.7964110219630148,0.9828005585096992,0.8342061120874239,11.697879137673363
1.627,0.014289227562088818,1.0,11.694238649711933,0.999999999995979,0.7962617110507442,0.9827894800709241,0.8339628384641182,11.694238649711933
1.6275,0.014287122298930924,1.0,11.690595645691994,0.9999999999960242,0.7961124036458251,0.9827783948825098,0.8337193922116682,11.690595645691994
1.6280000000000001,0.014285017035773027,1.0,11.6869501258572,0.9999999999960691,0.7959630997496194,0.9827673029407779,0.833475773344865,11.6869501258572
1.6285,0.014282911772615134,1.0,11.683302090453935,0.9999999999961137,0.7958137993634893,0.9827562042420487,0.8332319818785063,11.683302090453935
1.629,0.01428080650945724,1.0,11.679651539730113,0.9999999999961577,0.7956645024887963,0.9827450987826406,0.8329880178273954,11.679651539730113
1.6295,0.014278701246299343,1.0,11.675998473935175,0.9999999999962014,0.7955152091269024,0.982733986558871,0.8327438812063422,11.675998473935175
1.6300000000000001,0.01427659598314145,1.0,11.672342893321638,0.9999999999962448,0.7953659192791696,0.9827228675670555,0.8324995720301626,11.672342893321638
1.6305,0.014274490719983554,1.0,11.668684798142998,0.9999999999962876,0.7952166329469597,0.9827117418035082,0.832255090313679,11.668684798142998
1.631,0.01427238545682566,1.0,11.665024188655163,0.9999999999963302,0.7950673501316344,0.9827006092645414,0.8320104360717195,11.665024188655163
1.6315,0.014270280193667766,1.0,11.661361065116251,0.9999999999963723,0.7949180708345558,0.9826894699464663,0.8317656093191189,11.661361065116251
1.6320000000000001,0.01426817493050987,1.0,11.657695427785788,0.9999999999964141,0.7947687950570855,0.9826783238455922,0.8315206100707178,11.657695427785788
1.6325,0.014266069667351975,1.0,11.6540272769254,0.9999999999964555,0.7946195228005858,0.9826671709582268,0.8312754383413636,11.6540272769254
1.633,0.014263964404194081,1.0,11.650356612799131,0.9999999999964965,0.7944702540664182,0.9826560112806766,0.8310300941459093,11.650356612799131
1.6335,0.014261859141036188,1.0,11.646683435672678,0.9999999999965371,0.7943209888559448,0.9826448448092463,0.8307845774992145,11.646683435672678
1.6340000000000001,0.014259753877878291,1.0,11.643007745813504,0.9999999999965773,0.7941717271705273,0.9826336715402392,0.8305388884161446,11.643007745813504
1.6345,0.014257648614720397,1.0,11.639329543491716,0.9999999999966172,0.7940224690115276,0.9826224914699566,0.8302930269115716,11.639329543491716
1.635,0.014255543351562502,1.0,11.635648828978633,0.9999999999966567,0.7938732143803078,0.9826113045946989,0.8300469930003738,11.635648828978633
1.6355,0.014253438088404607,1.0,11.631965602548231,0.9999999999966958,0.7937239632782295,0.9826001109107646,0.8298007866974351,11.631965602548231
1.6360000000000001,0.014251332825246713,1.0,11.628279864476253,0.9999999999967345,0.7935747157066545,0.9825889104144507,0.829554408017646,11.628279864476253
1.6365,0.014249227562088818,1.0,11.624591615039986,0.9999999999967729,0.793425471666945,0.9825777031020527,0.8293078569759034,11.624591615039986
1.637,0.014247122298930923,1.0,11.620900854519164,0.9999999999968109,0.7932762311604628,0.982566488969864,0.8290611335871103,11.620900854519164
1.6375,0.014245017035773029,1.0,11.617207583195949,0.9999999999968486,0.7931269941885695,0.9825552680141776,0.8288142378661754,11.617207583195949
1.6380000000000001,0.014242911772615132,1.0,11.613511801353285,0.9999999999968858,0.7929777607526272,0.9825440402312837,0.828567169828014,11.613511801353285
1.6385,0.014240806509457238,1.0,11.609813509277332,0.9999999999969228,0.7928285308539977,0.9825328056174722,0.8283199294875481,11.609813509277332
1.639,0.014238701246299345,1.0,11.60611270725559,0.9999999999969593,0.792679304494043,0.98252156416903,0.8280725168597051,11.60611270725559
1.6395,0.01423659598314145,1.0,11.602409395577551,0.9999999999969955,0.7925300816741249,0.9825103158822438,0.8278249319594189,11.602409395577551
1.6400000000000001,0.014234490719983554,1.0,11.59870357453516,0.9999999999970314,0.792380862395605,0.9824990607533981,0.8275771748016292,11.59870357453516
1.6405,0.01423238545682566,1.0,11.594995244421806,0.9999999999970669,0.7922316466598457,0.9824877987787758,0.8273292454012832,11.594995244421806
1.641,0.014230280193667766,1.0,11.591284405533342,0.999999999997102,0.7920824344682085,0.9824765299546582,0.8270811437733327,11.591284405533342
1.6415,0.01422817493050987,1.0,11.58757105816728,0.9999999999971368,0.7919332258220553,0.9824652542773253,0.8268328699327366,11.58757105816728
1.6420000000000001,0.014226069667351977,1.0,11.583855202623589,0.9999999999971713,0.791784020722748,0.9824539717430555,0.8265844238944599,11.583855202623589
1.6425,0.01422396440419408,1.0,11.580136839203364,0.9999999999972053,0.7916348191716487,0.9824426823481258,0.8263358056734739,11.580136839203364
1.643,0.014221859141036186,1.0,11.576415968211158,0.9999999999972391,0.7914856211701189,0.9824313860888111,0.8260870152847553,11.576415968211158
1.6435,0.014219753877878293,1.0,11.572692589952089,0.9999999999972725,0.7913364267195208,0.9824200829613855,0.8258380527432883,11.572692589952089
1.6440000000000001,0.014217648614720396,1.0,11.568966704733961,0.9999999999973055,0.791187235821216,0.9824087729621206,0.8255889180640621,11.568966704733961
1.6445,0.014215543351562502,1.0,11.565238312866702,0.9999999999973382,0.7910380484765666,0.9823974560872875,0.825339611262073,11.565238312866702
1.645,0.014213438088404608,1.0,11.561507414662042,0.9999999999973707,0.7908888646869343,0.9823861323331547,0.825090132352323,11.561507414662042
1.6455,0.014211332825246713,1.0,11.557774010433617,0.9999999999974026,0.790739684453681,0.9823748016959901,0.82484048134982,11.557774010433617
1.6460000000000001,0.014209227562088818,1.0,11.554038100497309,0.9999999999974344,0.7905905077781687,0.9823634641720597,0.8245906582695792,11.554038100497309
1.6465,0.014207122298930924,1.0,11.55029968517113,0.9999999999974657,0.7904413346617593,0.9823521197576275,0.8243406631266208,11.55029968517113
1.647,0.014205017035773027,1.0,11.546558764774682,0.9999999999974968,0.7902921651058143,0.9823407684489561,0.8240904959359718,11.546558764774682
1.6475,0.014202911772615134,1.0,11.54281533963014,0.9999999999975274,0.790142999111696,0.9823294102423077,0.8238401567126656,11.54281533963014
1.6480000000000001,0.014200806509457238,1.0,11.53906941006105,0.9999999999975578,0.7899938366807662,0.982318045133941,0.8235896454717412,11.53906941006105
1.6485,0.014198701246299343,1.0,11.535320976393752,0.9999999999975879,0.7898446778143865,0.9823066731201145,0.8233389622282439,11.535320976393752
1.649,0.01419659598314145,1.0,11.531570038956081,0.9999999999976177,0.7896955225139191,0.9822952941970852,0.8230881069972259,11.531570038956081
1.6495,0.014194490719983556,1.0,11.527816598078,0.999999999997647,0.7895463707807256,0.9822839083611073,0.8228370797937448,11.527816598078
1.6500000000000001,0.014192385456825659,1.0,11.524060654091516,0.9999999999976761,0.789397222616168,0.9822725156084351,0.8225858806328643,11.524060654091516
1.6505,0.014190280193667765,1.0,11.52030220733078,0.9999999999977048,0.7892480780216082,0.9822611159353198,0.8223345095296555,11.52030220733078
1.651,0.014188174930509872,1.0,11.51654125813198,0.9999999999977334,0.7890989369984082,0.9822497093380123,0.8220829664991943,11.51654125813198
1.6515,0.014186069667351975,1.0,11.512777806832906,0.9999999999977615,0.7889497995479295,0.982238295812761,0.8218312515565636,11.512777806832906
1.6520000000000001,0.014183964404194081,1.0,11.509011853774492,0.9999999999977893,0.7888006656715343,0.9822268753558135,0.8215793647168519,11.509011853774492
1.6525,0.014181859141036186,1.0,11.505243399298278,0.9999999999978167,0.7886515353705843,0.9822154479634153,0.8213273059951545,11.505243399298278
1.653,0.01417975387787829,1.0,11.501472443748952,0.999999999997844,0.7885024086464415,0.9822040136318105,0.8210750754065728,11.501472443748952
1.6535,0.014177648614720397,1.0,11.497698987472695,0.9999999999978708,0.7883532855004677,0.9821925723572417,0.8208226729662138,11.497698987472695
1.6540000000000001,0.014175543351562502,1.0,11.493923030818076,0.9999999999978975,0.7882041659340246,0.98218112413595,0.8205700986891913,11.493923030818076
1.6545,0.014173438088404607,1.0,11.49014457413515,0.9999999999979238,0.7880550499484745,0.9821696689641748,0.8203173525906255,11.49014457413515
1.655,0.014171332825246713,1.0,11.48636361777691,0.9999999999979496,0.7879059375451789,0.982158206838154,0.8200644346856418,11.48636361777691
1.6555,0.01416922756208882,1.0,11.482580162097413,0.9999999999979754,0.7877568287254999,0.982146737754124,0.8198113449893729,11.482580162097413
1.6560000000000001,0.014167122298930922,1.0,11.478794207453427,0.9999999999980007,0.7876077234907992,0.9821352617083196,0.8195580835169568,11.478794207453427
1.6565,0.014165017035773029,1.0,11.475005754203776,0.9999999999980258,0.7874586218424388,0.9821237786969738,0.8193046502835382,11.475005754203776
1.657,0.014162911772615134,1.0,11.471214802708904,0.9999999999980506,0.7873095237817804,0.9821122887163183,0.8190510453042679,11.471214802708904
1.6575,0.014160806509457238,1.0,11.467421353331748,0.999999999998075,0.787160429310186,0.9821007917625837,0.8187972685943028,11.467421353331748
1.6580000000000001,0.014158701246299345,1.0,11.463625406437206,0.9999999999980992,0.7870113384290176,0.9820892878319978,0.8185433201688062,11.463625406437206
1.6585,0.01415659598314145,1.0,11.459826962391897,0.9999999999981232,0.7868622511396368,0.9820777769207881,0.818289200042947,11.459826962391897
1.659,0.014154490719983554,1.0,11.456026021564952,0.9999999999981467,0.7867131674434057,0.9820662590251799,0.8180349082319012,11.456026021564952
1.6595,0.01415238545682566,1.0,11.452222584327453,0.99999999999817,0.786564087341686,0.9820547341413972,0.8177804447508503,11.452222584327453
1.6600000000000001,0.014150280193667764,1.0,11.448416651052218,0.9999999999981931,0.7864150108358396,0.9820432022656621,0.817525809614982,11.448416651052218
1.6605,0.01414817493050987,1.0,11.444608222114585,0.9999999999982158,0.7862659379272287,0.9820316633941953,0.817271002839491,11.444608222114585
1.661,0.014146069667351976,1.0,11.440797297891946,0.9999999999982383,0.7861168686172146,0.9820201175232166,0.8170160244395767,11.440797297891946
1.6615,0.014143964404194081,1.0,11.436983878763334,0.9999999999982605,0.7859678029071596,0.9820085646489429,0.8167608744304461,11.436983878763334
1.6620000000000001,0.014141859141036186,1.0,11.433167965110075,0.9999999999982824,0.7858187407984254,0.9819970047675907,0.8165055528273116,11.433167965110075
1.6625,0.014139753877878292,1.0,11.4293495573159,0.999999999998304,0.785669682292374,0.9819854378753744,0.8162500596453924,11.4293495573159
1.663,0.014137648614720397,1.0,11.425528655766065,0.9999999999983253,0.7855206273903671,0.9819738639685068,0.815994394899913,11.425528655766065
1.6635,0.014135543351562502,1.0,11.421705260848242,0.9999999999983464,0.7853715760937667,0.9819622830431997,0.815738558606105,11.421705260848242
1.6640000000000001,0.014133438088404608,1.0,11.417879372952276,0.9999999999983672,0.7852225284039346,0.9819506950956625,0.8154825507792053,11.417879372952276
1.6645,0.014131332825246711,1.0,11.414050992469564,0.9999999999983877,0.7850734843222327,0.9819391001221036,0.8152263714344578,11.414050992469564
1.665,0.014129227562088818,1.0,11.410220119794344,0.999999999998408,0.7849244438500229,0.9819274981187301,0.8149700205871122,11.410220119794344
1.6655,0.014127122298930924,1.0,11.406386755322389,0.999999999998428,0.7847754069886671,0.9819158890817468,0.8147134982524245,11.406386755322389
1.666,0.014125017035773029,1.0,11.402550899451565,0.9999999999984478,0.7846263737395271,0.981904273007357,0.8144568044456566,11.402550899451565
1.6665,0.014122911772615133,1.0,11.398712552582262,0.9999999999984672,0.7844773441039647,0.9818926498917634,0.8141999391820767,11.398712552582262
1.667,0.01412080650945724,1.0,11.394871715116519,0.9999999999984864,0.784328318083342,0.9818810197311661,0.8139429024769596,11.394871715116519
1.6675,0.014118701246299345,1.0,11.391028387458581,0.9999999999985054,0.7841792956790207,0.9818693825217641,0.8136856943455857,11.391028387458581
1.668,0.01411659598314145,1.0,11.38718257001478,0.9999999999985241,0.7840302768923627,0.9818577382597548,0.813428314803242,11.38718257001478
1.6685,0.014114490719983556,1.0,11.383334263193765,0.9999999999985425,0.7838812617247299,0.9818460869413337,0.8131707638652212,11.383334263193765
1.669,0.014112385456825659,1.0,11.379483467405958,0.9999999999985607,0.7837322501774842,0.9818344285626956,0.8129130415468228,11.379483467405958
1.6695,0.014110280193667765,1.0,11.375630183064196,0.9999999999985787,0.7835832422519874,0.9818227631200327,0.8126551478633521,11.375630183064196
1.67,0.014108174930509872,1.0,11.371774410583315,0.9999999999985963,0.7834342379496013,0.9818110906095363,0.8123970828301204,11.371774410583315
1.6705,0.014106069667351975,1.0,11.367916150379703,0.9999999999986138,0.783285237271688,0.9817994110273958,0.8121388464624457,11.367916150379703
1.671,0.014103964404194081,1.0,11.364055402872724,0.999999999998631,0.7831362402196093,0.9817877243697992,0.811880438775652,11.364055402872724
1.6715,0.014101859141036188,1.0,11.36019216848352,0.9999999999986479,0.7829872467947269,0.9817760306329334,0.8116218597850688,11.36019216848352
1.672,0.014099753877878292,1.0,11.356326447635013,0.9999999999986646,0.7828382569984028,0.9817643298129826,0.811363109506033,11.356326447635013
1.6725,0.014097648614720397,1.0,11.352458240752554,0.999999999998681,0.7826892708319989,0.9817526219061301,0.8111041879538867,11.352458240752554
1.673,0.014095543351562503,1.0,11.348587548263723,0.9999999999986973,0.782540288296877,0.9817409069085584,0.8108450951439786,11.348587548263723
1.6735,0.014093438088404606,1.0,11.344714370597654,0.9999999999987133,0.7823913093943992,0.981729184816447,0.8105858310916636,11.344714370597654
1.674,0.014091332825246713,1.0,11.340838708186368,0.999999999998729,0.782242334125927,0.9817174556259747,0.8103263958123024,11.340838708186368
1.6745,0.014089227562088818,1.0,11.33696056146355,0.9999999999987444,0.7820933624928225,0.9817057193333186,0.8100667893212621,11.33696056146355
1.675,0.014087122298930922,1.0,11.333079930864804,0.9999999999987598,0.7819443944964475,0.981693975934654,0.8098070116339163,11.333079930864804
1.6755,0.014085017035773029,1.0,11.329196816828375,0.9999999999987748,0.781795430138164,0.9816822254261551,0.8095470627656445,11.329196816828375
1.676,0.014082911772615135,1.0,11.325311219794207,0.9999999999987896,0.7816464694193337,0.9816704678039943,0.8092869427318321,11.325311219794207
1.6765,0.014080806509457238,1.0,11.321423140204459,0.9999999999988042,0.7814975123413185,0.9816587030643421,0.8090266515478709,11.321423140204459
1.677,0.014078701246299345,1.0,11.317532578503643,0.9999999999988186,0.7813485589054804,0.9816469312033679,0.8087661892291593,11.317532578503643
1.6775,0.014076595983141451,1.0,11.313639535138067,0.9999999999988327,0.7811996091131812,0.9816351522172391,0.8085055557911012,11.313639535138067
1.678,0.014074490719983554,1.0,11.309744010556157,0.9999999999988466,0.7810506629657827,0.9816233661021223,0.8082447512491069,11.309744010556157
1.6785,0.01407238545682566,1.0,11.305846005209018,0.9999999999988604,0.7809017204646469,0.9816115728541819,0.807983775618593,11.305846005209018
1.679,0.014070280193667765,1.0,11.301945519549228,0.9999999999988738,0.7807527816111357,0.9815997724695806,0.8077226289149826,11.301945519549228
1.6795,0.01406817493050987,1.0,11.298042554031822,0.999999999998887,0.7806038464066107,0.9815879649444801,0.8074613111537038,11.298042554031822
1.68,0.014066069667351976,1.0,11.294137109113967,0.9999999999989001,0.7804549148524341,0.9815761502750402,0.8071998223501922,11.294137109113967
1.6805,0.014063964404194081,1.0,11.290229185254859,0.9999999999989129,0.7803059869499676,0.981564328457419,0.8069381625198887,11.290229185254859
1.681,0.014061859141036186,1.0,11.286318782915712,0.9999999999989255,0.7801570627005731,0.9815524994877737,0.8066763316782409,11.286318782915712
1.6815,0.014059753877878292,1.0,11.282405902560326,0.999999999998938,0.7800081421056124,0.9815406633622589,0.8064143298407023,11.282405902560326
1.682,0.014057648614720399,1.0,11.278490544654082,0.9999999999989502,0.7798592251664476,0.9815288200770286,0.8061521570227327,11.278490544654082
1.6825,0.014055543351562502,1.0,11.274572709664834,0.9999999999989622,0.7797103118844403,0.9815169696282345,0.8058898132397977,11.274572709664834
1.683,0.014053438088404608,1.0,11.270652398062692,0.9999999999989739,0.7795614022609525,0.9815051120120276,0.8056272985073696,11.270652398062692
1.6835,0.014051332825246713,1.0,11.266729610319464,0.9999999999989855,0.7794124962973461,0.9814932472245562,0.8053646128409266,11.266729610319464
1.684,0.014049227562088817,1.0,11.26280434690955,0.9999999999989969,0.7792635939949829,0.9814813752619681,0.805101756255953,11.26280434690955
1.6845,0.014047122298930924,1.0,11.258876608309375,0.999999999999008,0.7791146953552248,0.9814694961204087,0.8048387287679395,11.258876608309375
1.685,0.014045017035773029,1.0,11.254946394997202,0.999999999999019,0.7789658003794337,0.9814576097960226,0.8045755303923827,11.254946394997202
1.6855,0.014042911772615133,1.0,11.251013707453755,0.9999999999990298,0.7788169090689716,0.9814457162849521,0.8043121611447857,11.251013707453755
1.686,0.01404080650945724,1.0,11.247078546162141,0.9999999999990404,0.7786680214252002,0.9814338155833388,0.8040486210406574,11.247078546162141
1.6865,0.014038701246299343,1.0,11.243140911606961,0.9999999999990509,0.7785191374494812,0.9814219076873215,0.8037849100955128,11.243140911606961
1.687,0.014036595983141449,1.0,11.239200804275622,0.9999999999990611,0.7783702571431769,0.9814099925930385,0.8035210283248738,11.239200804275622
1.6875,0.014034490719983556,1.0,11.235258224657372,0.9999999999990711,0.7782213805076488,0.9813980702966266,0.8032569757442676,11.235258224657372
1.688,0.01403238545682566,1.0,11.231313173243494,0.999999999999081,0.7780725075442589,0.98138614079422,0.802992752369228,11.231313173243494
1.6885000000000001,0.014030280193667765,1.0,11.227365650527663,0.9999999999990905,0.7779236382543692,0.981374204081952,0.8027283582152949,11.227365650527663
1.689,0.014028174930509871,1.0,11.223415657005706,0.9999999999991,0.7777747726393414,0.9813622601559548,0.8024637932980143,11.223415657005706
1.6895,0.014026069667351976,1.0,11.219463193175399,0.9999999999991093,0.7776259107005375,0.9813503090123581,0.8021990576329388,11.219463193175399
1.69,0.01402396440419408,1.0,11.215508259536904,0.9999999999991184,0.7774770524393193,0.9813383506472906,0.8019341512356262,11.215508259536904
1.6905000000000001,0.014021859141036187,1.0,11.211550856592872,0.9999999999991274,0.7773281978570485,0.9813263850568794,0.8016690741216411,11.211550856592872
1.691,0.01401975387787829,1.0,11.207590984846933,0.9999999999991361,0.7771793469550874,0.9813144122372496,0.8014038263065547,11.207590984846933
1.6915,0.014017648614720397,1.0,11.203628644806399,0.9999999999991447,0.7770304997347975,0.9813024321845255,0.8011384078059436,11.203628644806399
1.692,0.014015543351562503,1.0,11.199663836979672,0.9999999999991531,0.7768816561975409,0.9812904448948291,0.8008728186353906,11.199663836979672
1.6925000000000001,0.014013438088404606,1.0,11.195696561877767,0.9999999999991613,0.7767328163446793,0.981278450364281,0.8006070588104852,11.195696561877767
1.693,0.014011332825246713,1.0,11.191726820013974,0.9999999999991693,0.7765839801775747,0.9812664485890007,0.8003411283468227,11.191726820013974
1.6935,0.014009227562088819,1.0,11.187754611903333,0.9999999999991773,0.7764351476975889,0.9812544395651059,0.8000750272600045,11.187754611903333
1.694,0.014007122298930924,1.0,11.183779938063493,0.999999999999185,0.7762863189060838,0.9812424232887121,0.7998087555656382,11.183779938063493
1.6945000000000001,0.014005017035773028,1.0,11.179802799014068,0.9999999999991925,0.7761374938044212,0.9812303997559341,0.7995423132793378,11.179802799014068
1.695,0.014002911772615135,1.0,11.175823195276958,0.9999999999992,0.7759886723939631,0.9812183689628848,0.7992757004167232,11.175823195276958
1.6955,0.014000806509457238,1.0,11.171841127375817,0.9999999999992072,0.7758398546760713,0.9812063309056756,0.7990089169934207,11.171841127375817
1.696,0.013998701246299344,1.0,11.167856595837353,0.9999999999992143,0.7756910406521077,0.9811942855804161,0.7987419630250624,11.167856595837353
1.6965000000000001,0.013996595983141449,1.0,11.163869601189802,0.9999999999992213,0.7755422303234341,0.9811822329832148,0.7984748385272867,11.163869601189802
1.697,0.013994490719983554,1.0,11.159880143963491,0.9999999999992281,0.7753934236914125,0.9811701731101778,0.7982075435157386,11.159880143963491
1.6975,0.01399238545682566,1.0,11.15588822469169,0.9999999999992346,0.7752446207574046,0.9811581059574107,0.7979400780060686,11.15588822469169
1.698,0.013990280193667767,1.0,11.151893843908995,0.999999999999241,0.7750958215227725,0.9811460315210165,0.7976724420139335,11.151893843908995
1.6985000000000001,0.01398817493050987,1.0,11.147897002152408,0.9999999999992474,0.7749470259888779,0.9811339497970978,0.7974046355549967,11.147897002152408
1.699,0.013986069667351976,1.0,11.143897699961675,0.9999999999992536,0.7747982341570827,0.9811218607817543,0.7971366586449274,11.143897699961675
1.6995,0.013983964404194082,1.0,11.139895937878302,0.9999999999992596,0.7746494460287487,0.9811097644710853,0.7968685112994007,11.139895937878302
1.7,0.013981859141036185,1.0,11.135891716445558,0.9999999999992655,0.774500661605238,0.9810976608611874,0.7966001935340985,11.135891716445558
1.7005000000000001,0.013979753877878292,1.0,11.131885036210106,0.9999999999992712,0.7743518808879123,0.9810855499481571,0.7963317053647083,11.131885036210106
1.701,0.013977648614720397,1.0,11.12787589771951,0.9999999999992768,0.7742031038781335,0.981073431728088,0.7960630468069241,11.12787589771951
1.7015,0.013975543351562501,1.0,11.12386430152441,0.9999999999992822,0.7740543305772635,0.9810613061970724,0.7957942178764459,11.12386430152441
1.702,0.013973438088404608,1.0,11.119850248177425,0.9999999999992876,0.7739055609866642,0.9810491733512019,0.7955252185889798,11.119850248177425
1.7025000000000001,0.013971332825246712,1.0,11.115833738233063,0.9999999999992928,0.7737567951076973,0.9810370331865654,0.7952560489602383,11.115833738233063
1.703,0.013969227562088817,1.0,11.111814772248465,0.9999999999992978,0.7736080329417249,0.9810248856992507,0.7949867090059395,11.111814772248465
1.7035,0.013967122298930924,1.0,11.10779335078278,0.9999999999993028,0.7734592744901088,0.9810127308853447,0.7947171987418085,11.10779335078278
1.704,0.01396501703577303,1.0,11.10376947439757,0.9999999999993076,0.7733105197542107,0.9810005687409313,0.7944475181835756,11.10376947439757
1.7045000000000001,0.013962911772615133,1.0,11.099743143655969,0.9999999999993122,0.7731617687353927,0.9809883992620939,0.794177667346978,11.099743143655969
1.705,0.01396080650945724,1.0,11.095714359124305,0.9999999999993168,0.7730130214350166,0.9809762224449142,0.793907646247759,11.095714359124305
1.7055,0.013958701246299344,1.0,11.09168312137035,0.9999999999993211,0.7728642778544443,0.980964038285472,0.7936374549016677,11.09168312137035
1.706,0.013956595983141449,1.0,11.087649430964326,0.9999999999993254,0.7727155379950377,0.980951846779846,0.7933670933244593,11.087649430964326
1.7065000000000001,0.013954490719983555,1.0,11.083613288479102,0.9999999999993295,0.7725668018581584,0.9809396479241127,0.7930965615318952,11.083613288479102
1.707,0.01395238545682566,1.0,11.079574694489011,0.9999999999993336,0.7724180694451686,0.9809274417143476,0.7928258595397435,11.079574694489011
1.7075,0.013950280193667765,1.0,11.075533649570936,0.9999999999993375,0.77226934075743,0.9809152281466242,0.7925549873637779,11.075533649570936
1.708,0.013948174930509871,1.0,11.071490154304309,0.9999999999993413,0.7721206157963046,0.9809030072170151,0.7922839450197784,11.071490154304309
1.7085000000000001,0.013946069667351974,1.0,11.067444209270242,0.9999999999993451,0.7719718945631542,0.9808907789215904,0.7920127325235309,11.067444209270242
1.709,0.01394396440419408,1.0,11.063395815052628,0.9999999999993486,0.7718231770593406,0.9808785432564193,0.7917413498908278,11.063395815052628
1.7095,0.013941859141036187,1.0,11.059344972237044,0.9999999999993521,0.7716744632862258,0.980866300217569,0.7914697971374678,11.059344972237044
1.71,0.013939753877878292,1.0,11.055291681411617,0.9999999999993554,0.7715257532451716,0.9808540498011059,0.7911980742792551,11.055291681411617
1.7105000000000001,0.013937648614720397,1.0,11.051235943166612,0.9999999999993587,0.7713770469375398,0.9808417920030938,0.7909261813320005,11.051235943166612
1.711,0.013935543351562503,1.0,11.047177758094737,0.9999999999993618,0.7712283443646926,0.9808295268195957,0.7906541183115212,11.047177758094737
1.7115,0.013933438088404608,1.0,11.04311712679061,0.9999999999993648,0.7710796455279915,0.9808172542466725,0.7903818852336398,11.04311712679061
1.712,0.013931332825246712,1.0,11.039054049851206,0.9999999999993678,0.7709309504287984,0.9808049742803843,0.7901094821141856,11.039054049851206
1.7125000000000001,0.013929227562088819,1.0,11.034988527876052,0.9999999999993706,0.7707822590684754,0.9807926869167887,0.789836908968994,11.034988527876052
1.713,0.013927122298930922,1.0,11.030920561466178,0.9999999999993734,0.7706335714483843,0.9807803921519421,0.7895641658139063,11.030920561466178
1.7135,0.013925017035773028,1.0,11.026850151225808,0.999999999999376,0.7704848875698869,0.9807680899818996,0.7892912526647701,11.026850151225808
1.714,0.013922911772615135,1.0,11.022777297760891,0.9999999999993786,0.7703362074343449,0.9807557804027147,0.7890181695374391,11.022777297760891
1.7145000000000001,0.013920806509457238,1.0,11.018702001679177,0.999999999999381,0.7701875310431205,0.9807434634104386,0.7887449164477732,11.018702001679177
1.715,0.013918701246299344,1.0,11.014624263591536,0.9999999999993834,0.7700388583975756,0.9807311390011219,0.7884714934116388,11.014624263591536
1.7155,0.01391659598314145,1.0,11.010544084110766,0.9999999999993857,0.7698901894990717,0.9807188071708131,0.7881979004449076,11.010544084110766
1.716,0.013914490719983555,1.0,11.006461463851478,0.9999999999993878,0.769741524348971,0.9807064679155593,0.787924137563458,11.006461463851478
1.7165000000000001,0.01391238545682566,1.0,11.002376403431082,0.9999999999993899,0.7695928629486353,0.9806941212314058,0.7876502047831745,11.002376403431082
1.717,0.013910280193667765,1.0,10.998288903469243,0.9999999999993919,0.7694442052994264,0.9806817671143966,0.7873761021199478,10.998288903469243
1.7175,0.01390817493050987,1.0,10.994198964587449,0.9999999999993939,0.7692955514027062,0.9806694055605741,0.7871018295896746,10.994198964587449
1.718,0.013906069667351976,1.0,10.990106587410096,0.9999999999993957,0.7691469012598365,0.9806570365659791,0.7868273872082574,10.990106587410096
1.7185000000000001,0.01390396440419408,1.0,10.986011772562978,0.9999999999993975,0.7689982548721793,0.9806446601266506,0.7865527749916055,10.986011772562978
1.719,0.013901859141036185,1.0,10.981914520674799,0.9999999999993993,0.7688496122410965,0.9806322762386265,0.7862779929556342,10.981914520674799
1.7195,0.013899753877878292,1.0,10.977814832376632,0.9999999999994008,0.7687009733679498,0.9806198848979425,0.7860030411162646,10.977814832376632
1.72,0.013897648614720398,1.0,10.973712708301168,0.9999999999994024,0.7685523382541013,0.9806074861006331,0.7857279194894242,10.973712708301168
1.7205000000000001,0.013895543351562501,1.0,10.9696081490838,0.9999999999994038,0.7684037069009125,0.9805950798427318,0.7854526280910463,10.9696081490838
1.721,0.013893438088404608,1.0,10.965501155362192,0.9999999999994053,0.7682550793097458,0.9805826661202691,0.7851771669370712,10.965501155362192
1.7215,0.013891332825246712,1.0,10.961391727776272,0.9999999999994066,0.7681064554819627,0.9805702449292756,0.7849015360434441,10.961391727776272
1.722,0.013889227562088817,1.0,10.95727986696803,0.9999999999994078,0.767957835418925,0.9805578162657786,0.7846257354261172,10.95727986696803
1.7225000000000001,0.013887122298930923,1.0,10.953165573582156,0.999999999999409,0.7678092191219948,0.9805453801258057,0.7843497651010488,10.953165573582156
1.723,0.013885017035773028,1.0,10.949048848264976,0.9999999999994102,0.767660606592534,0.9805329365053814,0.784073625084203,10.949048848264976
1.7235,0.013882911772615133,1.0,10.944929691665521,0.9999999999994112,0.7675119978319044,0.9805204854005293,0.7837973153915503,10.944929691665521
1.724,0.01388080650945724,1.0,10.940808104435314,0.9999999999994122,0.7673633928414678,0.9805080268072711,0.7835208360390671,10.940808104435314
1.7245000000000001,0.013878701246299344,1.0,10.936684087227732,0.9999999999994132,0.767214791622586,0.9804955607216276,0.7832441870427358,10.936684087227732
1.725,0.013876595983141449,1.0,10.932557640698436,0.9999999999994141,0.7670661941766211,0.9804830871396172,0.7829673684185458,10.932557640698436
1.7255,0.013874490719983555,1.0,10.928428765505686,0.999999999999415,0.766917600504935,0.9804706060572571,0.7826903801824916,10.928428765505686
1.726,0.01387238545682566,1.0,10.924297462309712,0.9999999999994158,0.7667690106088894,0.9804581174705634,0.7824132223505745,10.924297462309712
1.7265000000000001,0.013870280193667765,1.0,10.920163731773355,0.9999999999994166,0.766620424489846,0.9804456213755497,0.7821358949388013,10.920163731773355
1.727,0.013868174930509871,1.0,10.916027574561637,0.9999999999994172,0.7664718421491671,0.9804331177682288,0.7818583979631859,10.916027574561637
1.7275,0.013866069667351976,1.0,10.911888991341543,0.9999999999994179,0.7663232635882142,0.9804206066446115,0.7815807314397472,10.911888991341543
1.728,0.01386396440419408,1.0,10.907747982782679,0.9999999999994185,0.7661746888083495,0.9804080880007071,0.7813028953845111,10.907747982782679
1.7285,0.013861859141036187,1.0,10.903604549556944,0.999999999999419,0.7660261178109347,0.9803955618325236,0.7810248898135095,10.903604549556944
1.729,0.013859753877878292,1.0,10.89945869233864,0.9999999999994196,0.7658775505973314,0.9803830281360668,0.7807467147427796,10.89945869233864
1.7295,0.013857648614720396,1.0,10.89531041180383,0.99999999999942,0.765728987168902,0.980370486907342,0.7804683701883661,10.89531041180383
1.73,0.013855543351562503,1.0,10.891159708631415,0.9999999999994205,0.7655804275270082,0.9803579381423516,0.780189856166319,10.891159708631415
1.7305,0.013853438088404607,1.0,10.88700658350249,0.9999999999994209,0.7654318716730116,0.9803453818370974,0.779911172692694,10.88700658350249
1.731,0.013851332825246712,1.0,10.882851037100338,0.9999999999994212,0.7652833196082743,0.9803328179875798,0.779632319783554,10.882851037100338
1.7315,0.013849227562088819,1.0,10.878693070110772,0.9999999999994216,0.7651347713341582,0.9803202465897963,0.7793532974549674,10.878693070110772
1.732,0.013847122298930923,1.0,10.874532683221265,0.9999999999994219,0.7649862268520251,0.9803076676397442,0.7790741057230088,10.874532683221265
1.7325,0.013845017035773028,1.0,10.87036987712245,0.9999999999994221,0.7648376861632369,0.9802950811334188,0.7787947446037589,10.87036987712245
1.733,0.013842911772615134,1.0,10.866204652506847,0.9999999999994224,0.7646891492691554,0.9802824870668133,0.7785152141133047,10.866204652506847
1.7335,0.01384080650945724,1.0,10.862037010069177,0.9999999999994226,0.7645406161711427,0.9802698854359202,0.7782355142677393,10.862037010069177
1.734,0.013838701246299344,1.0,10.8578669505068,0.9999999999994228,0.7643920868705603,0.98025727623673,0.7779556450831615,10.8578669505068
1.7345,0.01383659598314145,1.0,10.853694474519171,0.9999999999994229,0.7642435613687704,0.9802446594652313,0.777675606575677,10.853694474519171
1.735,0.013834490719983553,1.0,10.84951958280785,0.9999999999994231,0.7640950396671347,0.980232035117412,0.7773953987613968,10.84951958280785
1.7355,0.01383238545682566,1.0,10.845342276077469,0.9999999999994232,0.763946521767015,0.9802194031892575,0.7771150216564389,10.845342276077469
1.736,0.013830280193667766,1.0,10.841162555034114,0.9999999999994234,0.7637980076697736,0.9802067636767521,0.7768344752769266,10.841162555034114
1.7365,0.013828174930509871,1.0,10.836980420386523,0.9999999999994235,0.7636494973767719,0.9801941165758785,0.7765537596389898,10.836980420386523
1.737,0.013826069667351976,1.0,10.832795872846182,0.9999999999994235,0.7635009908893718,0.9801814618826176,0.776272874758764,10.832795872846182
1.7375,0.013823964404194082,1.0,10.828608913126152,0.9999999999994236,0.7633524882089355,0.9801687995929492,0.775991820652392,10.828608913126152
1.738,0.013821859141036187,1.0,10.82441954194225,0.9999999999994237,0.7632039893368247,0.9801561297028513,0.7757105973360214,10.82441954194225
1.7385,0.013819753877878291,1.0,10.82022776001262,0.9999999999994237,0.7630554942744011,0.9801434522083,0.7754292048258066,10.82022776001262
1.739,0.013817648614720396,1.0,10.816033568057636,0.9999999999994237,0.7629070030230268,0.9801307671052701,0.775147643137908,10.816033568057636
1.7395,0.013815543351562501,1.0,10.811836966800099,0.9999999999994238,0.7627585155840637,0.980118074389735,0.7748659122884922,10.811836966800099
1.74,0.013813438088404607,1.0,10.80763795696505,0.9999999999994238,0.7626100319588736,0.9801053740576665,0.7745840122937319,10.80763795696505
1.7405,0.013811332825246714,1.0,10.803436539280067,0.9999999999994238,0.7624615521488182,0.9800926661050344,0.7743019431698055,10.803436539280067
1.741,0.013809227562088817,1.0,10.799232714474543,0.9999999999994239,0.7623130761552595,0.980079950527807,0.7740197049328981,10.799232714474543
1.7415,0.013807122298930923,1.0,10.795026483280733,0.9999999999994239,0.7621646039795595,0.980067227321952,0.773737297599201,10.795026483280733
1.742,0.01380501703577303,1.0,10.790817846433344,0.9999999999994239,0.7620161356230799,0.9800544964834341,0.7734547211849108,10.790817846433344
1.7425,0.013802911772615134,1.0,10.786606804668576,0.999999999999424,0.7618676710871828,0.9800417580082175,0.7731719757062314,10.786606804668576
1.743,0.013800806509457239,1.0,10.782393358726138,0.999999999999424,0.7617192103732296,0.980029011892264,0.7728890611793713,10.782393358726138
1.7435,0.013798701246299344,1.0,10.778177509347023,0.9999999999994241,0.7615707534825827,0.9800162581315347,0.7726059776205467,10.778177509347023
1.744,0.013796595983141448,1.0,10.773959257275212,0.9999999999994242,0.7614223004166039,0.9800034967219886,0.7723227250459791,10.773959257275212
1.7445,0.013794490719983555,1.0,10.76973860325714,0.9999999999994242,0.7612738511766547,0.979990727659583,0.772039303471896,10.76973860325714
1.745,0.01379238545682566,1.0,10.765515548040849,0.9999999999994243,0.7611254057640973,0.9799779509402741,0.7717557129145313,10.765515548040849
1.7455,0.013790280193667764,1.0,10.761290092377475,0.9999999999994245,0.7609769641802934,0.9799651665600161,0.771471953390125,10.761290092377475
1.746,0.01378817493050987,1.0,10.757062237020193,0.9999999999994246,0.760828526426605,0.9799523745147619,0.7711880249149233,10.757062237020193
1.7465,0.013786069667351977,1.0,10.752831982724533,0.9999999999994248,0.760680092504394,0.9799395748004629,0.7709039275051782,10.752831982724533
1.747,0.01378396440419408,1.0,10.748599330248382,0.9999999999994249,0.760531662415022,0.9799267674130683,0.7706196611771481,10.748599330248382
1.7475,0.013781859141036187,1.0,10.744364280352308,0.9999999999994251,0.7603832361598512,0.9799139523485267,0.7703352259470974,10.744364280352308
1.748,0.013779753877878291,1.0,10.740126833798488,0.9999999999994253,0.7602348137402433,0.9799011296027841,0.7700506218312966,10.740126833798488
1.7485,0.013777648614720396,1.0,10.73588699135222,0.9999999999994257,0.7600863951575603,0.9798882991717862,0.7697658488460227,10.73588699135222
1.749,0.013775543351562503,1.0,10.731644753781048,0.9999999999994259,0.7599379804131638,0.9798754610514754,0.769480907007558,10.731644753781048
1.7495,0.013773438088404607,1.0,10.727400121854357,0.9999999999994262,0.759789569508416,0.9798626152377943,0.7691957963321916,10.727400121854357
1.75,0.013771332825246712,1.0,10.723153096344538,0.9999999999994266,0.7596411624446786,0.9798497617266829,0.7689105168362185,10.723153096344538
1.7505,0.013769227562088818,1.0,10.718903678026031,0.9999999999994269,0.7594927592233135,0.9798369005140797,0.7686250685359398,10.718903678026031
1.7510000000000001,0.013767122298930923,1.0,10.714651867675537,0.9999999999994273,0.7593443598456825,0.979824031595922,0.7683394514476626,10.714651867675537
1.7515,0.013765017035773028,1.0,10.710397666072248,0.9999999999994278,0.7591959643131476,0.9798111549681452,0.7680536655877005,10.710397666072248
1.752,0.013762911772615134,1.0,10.70614107399815,0.9999999999994282,0.7590475726270707,0.9797982706266832,0.7677677109723728,10.70614107399815
1.7525,0.013760806509457239,1.0,10.701882092236643,0.9999999999994288,0.7588991847888136,0.9797853785674685,0.7674815876180053,10.701882092236643
1.7530000000000001,0.013758701246299344,1.0,10.697620721574687,0.9999999999994293,0.758750800799738,0.9797724787864319,0.7671952955409292,10.697620721574687
1.7535,0.01375659598314145,1.0,10.693356962800653,0.99999999999943,0.7586024206612061,0.9797595712795028,0.7669088347574828,10.693356962800653
1.754,0.013754490719983555,1.0,10.689090816705626,0.9999999999994307,0.7584540443745795,0.9797466560426085,0.7666222052840096,10.689090816705626
1.7545,0.01375238545682566,1.0,10.684822284083275,0.9999999999994313,0.7583056719412203,0.9797337330716752,0.76633540713686,10.684822284083275
1.7550000000000001,0.013750280193667766,1.0,10.680551365729666,0.9999999999994321,0.7581573033624901,0.9797208023626278,0.7660484403323894,10.680551365729666
1.7555,0.01374817493050987,1.0,10.676278062442602,0.9999999999994329,0.758008938639751,0.9797078639113884,0.7657613048869609,10.676278062442602
1.756,0.013746069667351975,1.0,10.67200237502303,0.9999999999994338,0.7578605777743649,0.9796949177138793,0.7654740008169424,10.67200237502303
1.7565,0.013743964404194082,1.0,10.667724304274069,0.9999999999994347,0.7577122207676935,0.9796819637660202,0.7651865281387085,10.667724304274069
1.7570000000000001,0.013741859141036185,1.0,10.663443851001018,0.9999999999994357,0.7575638676210987,0.9796690020637289,0.7648988868686395,10.663443851001018
1.7575,0.013739753877878291,1.0,10.659161016011895,0.9999999999994367,0.7574155183359425,0.979656032602922,0.7646110770231221,10.659161016011895
1.758,0.013737648614720398,1.0,10.654875800116786,0.9999999999994378,0.7572671729135866,0.9796430553795149,0.7643230986185493,10.654875800116786
1.7585,0.013735543351562502,1.0,10.650588204128287,0.999999999999439,0.757118831355393,0.9796300703894211,0.76403495167132,10.650588204128287
1.7590000000000001,0.013733438088404607,1.0,10.646298228861605,0.9999999999994402,0.7569704936627235,0.9796170776285525,0.7637466361978388,10.646298228861605
1.7595,0.013731332825246714,1.0,10.642005875134027,0.9999999999994414,0.7568221598369401,0.9796040770928198,0.7634581522145172,10.642005875134027
1.76,0.013729227562088818,1.0,10.637711143765456,0.9999999999994428,0.7566738298794046,0.9795910687781311,0.7631694997377723,10.637711143765456
1.7605,0.013727122298930923,1.0,10.633414035577992,0.9999999999994442,0.7565255037914789,0.9795780526803943,0.7628806787840273,10.633414035577992
1.7610000000000001,0.013725017035773028,1.0,10.629114551396665,0.9999999999994458,0.7563771815745246,0.9795650287955148,0.7625916893697113,10.629114551396665
1.7615,0.013722911772615132,1.0,10.624812692048174,0.9999999999994473,0.7562288632299039,0.9795519971193964,0.7623025315112604,10.624812692048174
1.762,0.013720806509457239,1.0,10.62050845836205,0.999999999999449,0.7560805487589787,0.9795389576479423,0.7620132052251161,10.62050845836205
1.7625,0.013718701246299345,1.0,10.616201851170453,0.9999999999994507,0.7559322381631106,0.9795259103770529,0.7617237105277258,10.616201851170453
1.7630000000000001,0.013716595983141448,1.0,10.611892871307209,0.9999999999994524,0.7557839314436616,0.9795128553026278,0.7614340474355433,10.611892871307209
1.7635,0.013714490719983555,1.0,10.607581519609408,0.9999999999994543,0.7556356286019937,0.9794997924205651,0.761144215965029,10.607581519609408
1.764,0.013712385456825661,1.0,10.603267796916132,0.9999999999994563,0.7554873296394686,0.9794867217267603,0.7608542161326485,10.603267796916132
1.7645,0.013710280193667766,1.0,10.598951704068565,0.9999999999994583,0.7553390345574483,0.9794736432171086,0.7605640479548741,10.598951704068565
1.7650000000000001,0.01370817493050987,1.0,10.59463324191116,0.9999999999994604,0.7551907433572945,0.9794605568875032,0.7602737114481839,10.59463324191116
1.7655,0.013706069667351975,1.0,10.590312411289839,0.9999999999994627,0.7550424560403693,0.9794474627338353,0.7599832066290625,10.590312411289839
1.766,0.01370396440419408,1.0,10.585989213053788,0.999999999999465,0.7548941726080345,0.979434360751995,0.759692533514,10.585989213053788
1.7665,0.013701859141036186,1.0,10.581663648054311,0.9999999999994673,0.7547458930616517,0.9794212509378706,0.7594016921194929,10.581663648054311
1.7670000000000001,0.013699753877878291,1.0,10.57733571714471,0.9999999999994699,0.7545976174025831,0.9794081332873492,0.7591106824620442,10.57733571714471
1.7675,0.013697648614720396,1.0,10.57300542118114,0.9999999999994724,0.7544493456321906,0.9793950077963156,0.7588195045581624,10.57300542118114
1.768,0.013695543351562502,1.0,10.568672761022293,0.9999999999994751,0.7543010777518359,0.979381874460654,0.7585281584243624,10.568672761022293
1.7685,0.013693438088404609,1.0,10.564337737529186,0.9999999999994779,0.7541528137628808,0.9793687332762461,0.7582366440771648,10.564337737529186
1.7690000000000001,0.013691332825246712,1.0,10.560000351564744,0.9999999999994807,0.7540045536666874,0.9793555842389723,0.7579449615330973,10.560000351564744
1.7695,0.013689227562088818,1.0,10.555660603995491,0.9999999999994837,0.7538562974646174,0.9793424273447121,0.7576531108086922,10.555660603995491
1.77,0.013687122298930923,1.0,10.551318495689017,0.9999999999994867,0.7537080451580328,0.9793292625893425,0.7573610919204896,10.551318495689017
1.7705,0.013685017035773028,1.0,10.546974027516399,0.99999999999949,0.7535597967482953,0.9793160899687394,0.757068904885034,10.546974027516399
1.7710000000000001,0.013682911772615134,1.0,10.542627200350848,0.9999999999994932,0.7534115522367669,0.9793029094787771,0.7567765497188771,10.542627200350848
1.7715,0.013680806509457239,1.0,10.538278015067696,0.9999999999994966,0.7532633116248095,0.9792897211153283,0.7564840264385766,10.538278015067696
1.772,0.013678701246299343,1.0,10.533926472545039,0.9999999999995002,0.753115074913785,0.9792765248742642,0.7561913350606961,10.533926472545039
1.7725,0.01367659598314145,1.0,10.529572573663524,0.9999999999995037,0.7529668421050552,0.979263320751454,0.755898475601805,10.529572573663524
1.7730000000000001,0.013674490719983555,1.0,10.525216319305928,0.9999999999995075,0.7528186131999818,0.979250108742766,0.7556054480784791,10.525216319305928
1.7735,0.01367238545682566,1.0,10.520857710357589,0.9999999999995113,0.7526703881999269,0.9792368888440662,0.7553122525073006,10.520857710357589
1.774,0.013670280193667766,1.0,10.516496747706608,0.9999999999995153,0.7525221671062524,0.9792236610512199,0.7550188889048574,10.516496747706608
1.7745,0.01366817493050987,1.0,10.5121334322428,0.9999999999995194,0.7523739499203201,0.9792104253600903,0.7547253572877435,10.5121334322428
1.7750000000000001,0.013666069667351975,1.0,10.50776776485929,0.9999999999995235,0.7522257366434918,0.9791971817665388,0.7544316576725588,10.50776776485929
1.7755,0.013663964404194082,1.0,10.503399031020974,0.9999999999995277,0.7520775281359046,0.9791839303432331,0.7541377917791872,10.503399031020974
1.776,0.013661859141036186,1.0,10.499027436422312,0.9999999999995319,0.7519293241535752,0.979170671064219,0.753843759140392,10.499027436422312
1.7765,0.013659753877878291,1.0,10.494653422131382,0.9999999999995361,0.751781124169668,0.9791574038781552,0.753549558726105,10.494653422131382
1.7770000000000001,0.013657648614720398,1.0,10.490276988789253,0.9999999999995404,0.7516329281859137,0.9791441287809449,0.7532551905539859,10.490276988789253
1.7775,0.013655543351562502,1.0,10.485898137038506,0.9999999999995445,0.751484736204043,0.9791308457684899,0.7529606546417036,10.485898137038506
1.778,0.013653438088404607,1.0,10.48151686752567,0.9999999999995486,0.7513365482257865,0.9791175548366897,0.7526659510069337,10.48151686752567
1.7785,0.013651332825246713,1.0,10.477133180899546,0.9999999999995526,0.751188364252875,0.9791042559814428,0.75237107966736,10.477133180899546
1.7790000000000001,0.013649227562088816,1.0,10.47274707781162,0.9999999999995566,0.7510401842870391,0.9790909491986464,0.7520760406406742,10.47274707781162
1.7795,0.013647122298930923,1.0,10.468358558916599,0.9999999999995606,0.7508920083300095,0.9790776344841955,0.7517808339445757,10.468358558916599
1.78,0.01364501703577303,1.0,10.463967624871668,0.9999999999995646,0.7507438363835167,0.9790643118339848,0.7514854595967717,10.463967624871668
1.7805,0.013642911772615134,1.0,10.459574276336712,0.9999999999995685,0.7505956684492917,0.9790509812439063,0.7511899176149774,10.459574276336712
1.7810000000000001,0.013640806509457239,1.0,10.455178513974628,0.9999999999995723,0.750447504529065,0.9790376427098516,0.7508942080169158,10.455178513974628
1.7815,0.013638701246299345,1.0,10.450780338451334,0.9999999999995762,0.7502993446245673,0.9790242962277104,0.7505983308203175,10.450780338451334
1.782,0.01363659598314145,1.0,10.446379750435025,0.99999999999958,0.7501511887375292,0.9790109417933698,0.7503022860429209,10.446379750435025
1.7825,0.013634490719983555,1.0,10.441976750597128,0.9999999999995838,0.7500030368696814,0.9789975794027176,0.7500060737024725,10.441976750597128
1.7830000000000001,0.01363238545682566,1.0,10.437571339611676,0.9999999999995876,0.7498548890227547,0.9789842090516385,0.7497096938167265,10.437571339611676
1.7835,0.013630280193667764,1.0,10.433163518155515,0.9999999999995913,0.7497067451984797,0.9789708307360164,0.7494131464034449,10.433163518155515
1.784,0.01362817493050987,1.0,10.428753286908622,0.999999999999595,0.7495586053985871,0.9789574444517339,0.7491164314803975,10.428753286908622
1.7845,0.013626069667351977,1.0,10.424340646553482,0.9999999999995987,0.7494104696248075,0.9789440501946712,0.748819549065362,10.424340646553482
1.7850000000000001,0.01362396440419408,1.0,10.419925597775187,0.9999999999996022,0.7492623378788716,0.978930647960708,0.7485224991761235,10.419925597775187
1.7855,0.013621859141036186,1.0,10.415508141262183,0.9999999999996059,0.7491142101625102,0.9789172377457221,0.7482252818304757,10.415508141262183
1.786,0.013619753877878293,1.0,10.411088277705533,0.9999999999996094,0.748966086477454,0.9789038195455898,0.7479278970462195,10.411088277705533
1.7865,0.013617648614720397,1.0,10.406666007798812,0.999999999999613,0.7488179668254334,0.9788903933561863,0.7476303448411639,10.406666007798812
1.7870000000000001,0.013615543351562502,1.0,10.402241332239054,0.9999999999996164,0.7486698512081792,0.9788769591733849,0.7473326252331249,10.402241332239054
1.7875,0.013613438088404607,1.0,10.397814251725604,0.9999999999996199,0.7485217396274222,0.9788635169930575,0.7470347382399278,10.397814251725604
1.788,0.013611332825246712,1.0,10.393384766960645,0.9999999999996233,0.748373632084893,0.9788500668110749,0.746736683879405,10.393384766960645
1.7885,0.013609227562088818,1.0,10.388952878649722,0.9999999999996267,0.7482255285823224,0.978836608623306,0.7464384621693961,10.388952878649722
1.7890000000000001,0.013607122298930923,1.0,10.384518587500692,0.9999999999996302,0.7480774291214407,0.9788231424256183,0.7461400731277491,10.384518587500692
1.7895,0.013605017035773027,1.0,10.380081894224361,0.9999999999996335,0.747929333703979,0.978809668213878,0.74584151677232,10.380081894224361
1.79,0.013602911772615134,1.0,10.375642799534594,0.9999999999996368,0.7477812423316678,0.97879618598395,0.7455427931209724,10.375642799534594
1.7905,0.01360080650945724,1.0,10.371201304147892,0.9999999999996401,0.7476331550062377,0.9787826957316974,0.7452439021915775,10.371201304147892
1.7910000000000001,0.013598701246299343,1.0,10.366757408783496,0.9999999999996434,0.7474850717294195,0.9787691974529817,0.7449448440020143,10.366757408783496
1.7915,0.01359659598314145,1.0,10.36231111416403,0.9999999999996466,0.7473369925029438,0.9787556911436635,0.7446456185701702,10.36231111416403
1.792,0.013594490719983554,1.0,10.357862421014234,0.9999999999996498,0.7471889173285414,0.9787421767996011,0.7443462259139397,10.357862421014234
1.7925,0.013592385456825659,1.0,10.353411330062336,0.9999999999996529,0.747040846207943,0.9787286544166522,0.7440466660512257,10.353411330062336
1.793,0.013590280193667766,1.0,10.348957842039214,0.9999999999996562,0.746892779142879,0.9787151239906728,0.7437469389999383,10.348957842039214
1.7935,0.01358817493050987,1.0,10.3445019576785,0.9999999999996593,0.7467447161350802,0.9787015855175172,0.7434470447779955,10.3445019576785
1.794,0.013586069667351975,1.0,10.340043677716585,0.9999999999996624,0.7465966571862774,0.978688038993038,0.743146983403324,10.340043677716585
1.7945,0.013583964404194081,1.0,10.335583002893147,0.9999999999996654,0.7464486022982013,0.978674484413087,0.7428467548938573,10.335583002893147
1.795,0.013581859141036188,1.0,10.331119933950417,0.9999999999996685,0.7463005514725825,0.9786609217735144,0.7425463592675369,10.331119933950417
1.7955,0.01357975387787829,1.0,10.32665447163339,0.9999999999996715,0.7461525047111515,0.9786473510701683,0.7422457965423122,10.32665447163339
1.796,0.013577648614720397,1.0,10.32218661669036,0.9999999999996744,0.7460044620156392,0.978633772298896,0.7419450667361405,10.32218661669036
1.7965,0.013575543351562502,1.0,10.317716369872066,0.9999999999996774,0.7458564233877761,0.9786201854555431,0.7416441698669868,10.317716369872066
1.797,0.013573438088404607,1.0,10.313243731932346,0.9999999999996803,0.7457083888292932,0.9786065905359538,0.7413431059528244,10.313243731932346
1.7975,0.013571332825246713,1.0,10.308768703628115,0.9999999999996833,0.7455603583419208,0.9785929875359707,0.741041875011633,10.308768703628115
1.798,0.013569227562088818,1.0,10.304291285718449,0.999999999999686,0.7454123319273899,0.978579376451435,0.7407404770614019,10.304291285718449
1.7985,0.013567122298930923,1.0,10.29981147896614,0.9999999999996889,0.745264309587431,0.9785657572781868,0.7404389121201271,10.29981147896614
1.799,0.013565017035773029,1.0,10.295329284136447,0.9999999999996918,0.7451162913237748,0.9785521300120638,0.7401371802058125,10.295329284136447
1.7995,0.013562911772615134,1.0,10.290844701997626,0.9999999999996946,0.7449682771381518,0.9785384946489032,0.7398352813364699,10.290844701997626
1.8,0.013560806509457238,1.0,10.286357733320616,0.9999999999996974,0.744820267032293,0.9785248511845406,0.739533215530119,10.286357733320616
1.8005,0.013558701246299345,1.0,10.281868378879663,0.9999999999997,0.7446722610079289,0.9785111996148093,0.7392309828047874,10.281868378879663
1.801,0.01355659598314145,1.0,10.277376639451392,0.9999999999997028,0.7445242590667903,0.9784975399355422,0.7389285831785102,10.277376639451392
1.8015,0.013554490719983554,1.0,10.272882515815743,0.9999999999997055,0.7443762612106077,0.97848387214257,0.7386260166693301,10.272882515815743
1.802,0.01355238545682566,1.0,10.268386008755556,0.9999999999997081,0.7442282674411119,0.9784701962317228,0.7383232832952985,10.268386008755556
1.8025,0.013550280193667765,1.0,10.263887119056156,0.9999999999997108,0.7440802777600336,0.9784565121988281,0.7380203830744738,10.263887119056156
1.803,0.01354817493050987,1.0,10.259385847506296,0.9999999999997135,0.7439322921691033,0.9784428200397127,0.7377173160249221,10.259385847506296
1.8035,0.013546069667351977,1.0,10.254882194897327,0.999999999999716,0.7437843106700518,0.9784291197502015,0.7374140821647179,10.254882194897327
1.804,0.013543964404194081,1.0,10.2503761620234,0.9999999999997186,0.7436363332646099,0.9784154113261184,0.7371106815119433,10.2503761620234
1.8045,0.013541859141036186,1.0,10.245867749681794,0.9999999999997211,0.7434883599545081,0.9784016947632859,0.736807114084688,10.245867749681794
1.805,0.013539753877878292,1.0,10.241356958673007,0.9999999999997237,0.7433403907414772,0.9783879700575243,0.7365033799010495,10.241356958673007
1.8055,0.013537648614720395,1.0,10.23684378979963,0.9999999999997262,0.7431924256272476,0.9783742372046531,0.7361994789791331,10.23684378979963
1.806,0.013535543351562502,1.0,10.232328243868002,0.9999999999997287,0.7430444646135503,0.97836049620049,0.735895411337052,10.232328243868002
1.8065,0.013533438088404608,1.0,10.22781032168686,0.9999999999997311,0.742896507702116,0.9783467470408514,0.7355911769929276,10.22781032168686
1.807,0.013531332825246713,1.0,10.223290024068186,0.9999999999997335,0.7427485548946751,0.9783329897215526,0.735286775964888,10.223290024068186
1.8075,0.013529227562088818,1.0,10.218767351826466,0.999999999999736,0.7426006061929584,0.9783192242384066,0.7349822082710701,10.218767351826466
1.808,0.013527122298930924,1.0,10.21424230577974,0.9999999999997383,0.7424526615986966,0.9783054505872255,0.734677473929618,10.21424230577974
1.8085,0.013525017035773029,1.0,10.209714886748356,0.9999999999997407,0.7423047211136204,0.9782916687638201,0.7343725729586843,10.209714886748356
1.809,0.013522911772615134,1.0,10.205185095555912,0.9999999999997431,0.7421567847394606,0.9782778787639993,0.7340675053764285,10.205185095555912
1.8095,0.013520806509457238,1.0,10.200652933029037,0.9999999999997453,0.7420088524779476,0.9782640805835703,0.7337622712010183,10.200652933029037
1.81,0.013518701246299343,1.0,10.196118399997095,0.9999999999997476,0.7418609243308122,0.9782502742183401,0.7334568704506292,10.196118399997095
1.8105,0.01351659598314145,1.0,10.1915814972925,0.99999999999975,0.741713000299785,0.9782364596641129,0.7331513031434447,10.1915814972925
1.811,0.013514490719983556,1.0,10.1870422257506,0.9999999999997522,0.7415650803865969,0.9782226369166923,0.7328455692976554,10.1870422257506
1.8115,0.013512385456825659,1.0,10.18250058620928,0.9999999999997544,0.7414171645929784,0.9782088059718794,0.7325396689314606,10.18250058620928
1.812,0.013510280193667765,1.0,10.177956579510301,0.9999999999997566,0.7412692529206601,0.978194966825475,0.7322336020630666,10.177956579510301
1.8125,0.013508174930509872,1.0,10.17341020649755,0.9999999999997589,0.741121345371373,0.9781811194732782,0.7319273687106882,10.17341020649755
1.813,0.013506069667351977,1.0,10.168861468017965,0.999999999999761,0.7409734419468474,0.9781672639110861,0.7316209688925471,10.168861468017965
1.8135000000000001,0.013503964404194081,1.0,10.164310364921963,0.9999999999997632,0.7408255426488142,0.9781534001346948,0.7313144026268734,10.164310364921963
1.814,0.013501859141036186,1.0,10.159756898062291,0.9999999999997653,0.740677647479004,0.9781395281398986,0.7310076699319051,10.159756898062291
1.8145,0.01349975387787829,1.0,10.155201068294968,0.9999999999997674,0.7405297564391476,0.9781256479224909,0.7307007708258879,10.155201068294968
1.815,0.013497648614720397,1.0,10.150642876479289,0.9999999999997695,0.7403818695309755,0.9781117594782631,0.7303937053270744,10.150642876479289
1.8155000000000001,0.013495543351562502,1.0,10.146082323476781,0.9999999999997716,0.7402339867562184,0.9780978628030053,0.730086473453726,10.146082323476781
1.816,0.013493438088404607,1.0,10.141519410152258,0.9999999999997736,0.7400861081166072,0.9780839578925062,0.729779075224112,10.141519410152258
1.8165,0.013491332825246713,1.0,10.136954137373909,0.9999999999997757,0.7399382336138723,0.9780700447425531,0.7294715106565086,10.136954137373909
1.817,0.01348922756208882,1.0,10.132386506012379,0.9999999999997777,0.7397903632497446,0.9780561233489319,0.7291637797692004,10.132386506012379
1.8175000000000001,0.013487122298930922,1.0,10.127816516941293,0.9999999999997797,0.7396424970259545,0.9780421937074267,0.7288558825804796,10.127816516941293
1.818,0.013485017035773029,1.0,10.123244171037653,0.9999999999997817,0.739494634944233,0.9780282558138204,0.7285478191086462,10.123244171037653
1.8185,0.013482911772615134,1.0,10.118669469181041,0.9999999999997836,0.7393467770063106,0.9780143096638948,0.7282395893720081,10.118669469181041
1.819,0.013480806509457238,1.0,10.11409241225442,0.9999999999997856,0.7391989232139179,0.9780003552534292,0.7279311933888803,10.11409241225442
1.8195000000000001,0.013478701246299345,1.0,10.109513001143332,0.9999999999997875,0.7390510735687857,0.9779863925782026,0.7276226311775869,10.109513001143332
1.82,0.01347659598314145,1.0,10.104931236736302,0.9999999999997894,0.7389032280726447,0.977972421633992,0.7273139027564586,10.104931236736302
1.8205,0.013474490719983554,1.0,10.100347119925356,0.9999999999997913,0.7387553867272255,0.9779584424165728,0.727005008143834,10.100347119925356
1.821,0.01347238545682566,1.0,10.095760651604998,0.9999999999997932,0.7386075495342589,0.9779444549217192,0.7266959473580603,10.095760651604998
1.8215000000000001,0.013470280193667765,1.0,10.091171832672826,0.999999999999795,0.7384597164954754,0.9779304591452042,0.7263867204174915,10.091171832672826
1.822,0.01346817493050987,1.0,10.086580664029539,0.9999999999997969,0.7383118876126058,0.9779164550827986,0.7260773273404901,10.086580664029539
1.8225,0.013466069667351976,1.0,10.081987146579037,0.9999999999997987,0.7381640628873807,0.9779024427302724,0.7257677681454258,10.081987146579037
1.823,0.013463964404194081,1.0,10.077391281227497,0.9999999999998005,0.7380162423215308,0.9778884220833941,0.7254580428506766,10.077391281227497
1.8235000000000001,0.013461859141036186,1.0,10.072793068884927,0.9999999999998024,0.7378684259167869,0.9778743931379305,0.7251481514746279,10.072793068884927
1.824,0.013459753877878292,1.0,10.068192510464028,0.9999999999998042,0.7377206136748795,0.9778603558896469,0.7248380940356728,10.068192510464028
1.8245,0.013457648614720397,1.0,10.063589606880303,0.9999999999998058,0.7375728055975393,0.9778463103343074,0.7245278705522125,10.063589606880303
1.825,0.013455543351562502,1.0,10.058984359052364,0.9999999999998076,0.7374250016864972,0.9778322564676744,0.7242174810426559,10.058984359052364
1.8255000000000001,0.013453438088404608,1.0,10.05437676790225,0.9999999999998094,0.7372772019434836,0.9778181942855093,0.7239069255254196,10.05437676790225
1.826,0.013451332825246713,1.0,10.049766834354191,0.999999999999811,0.7371294063702293,0.9778041237835713,0.7235962040189278,10.049766834354191
1.8265,0.013449227562088818,1.0,10.045154559336256,0.9999999999998127,0.7369816149684649,0.9777900449576193,0.7232853165416127,10.045154559336256
1.827,0.013447122298930924,1.0,10.040539943779223,0.9999999999998145,0.7368338277399212,0.9777759578034091,0.7229742631119143,10.040539943779223
1.8275000000000001,0.013445017035773027,1.0,10.035922988616479,0.9999999999998161,0.7366860446863288,0.9777618623166968,0.7226630437482799,10.035922988616479
1.828,0.013442911772615133,1.0,10.031303694785262,0.9999999999998178,0.7365382658094184,0.9777477584932358,0.7223516584691653,10.031303694785262
1.8285,0.01344080650945724,1.0,10.026682063225214,0.9999999999998194,0.7363904911109207,0.9777336463287787,0.7220401072930337,10.026682063225214
1.829,0.013438701246299345,1.0,10.022058094878906,0.999999999999821,0.7362427205925663,0.9777195258190762,0.7217283902383559,10.022058094878906
1.8295000000000001,0.01343659598314145,1.0,10.01743179069266,0.9999999999998226,0.736094954256086,0.9777053969598781,0.7214165073236105,10.01743179069266
1.83,0.013434490719983556,1.0,10.012803151615108,0.9999999999998243,0.7359471921032104,0.9776912597469323,0.7211044585672844,10.012803151615108
1.8305,0.01343238545682566,1.0,10.008172178598228,0.9999999999998258,0.7357994341356701,0.9776771141759854,0.7207922439878715,10.008172178598228
1.831,0.013430280193667765,1.0,10.003538867879305,0.9999999999998274,0.7356516803609985,0.9776629602433387,0.7204798636161451,10.003538867879305
1.8315000000000001,0.01342817493050987,1.0,9.998903193634987,0.9999999999998289,0.7355039308138788,0.9776487979478964,0.7201673175403622,9.998903193634987
1.832,0.013426069667351975,1.0,9.99426515438531,0.9999999999998305,0.7353561854990726,0.9776346272856983,0.7198546057855948,9.99426515438531
1.8325,0.013423964404194081,1.0,9.989624752882563,0.999999999999832,0.7352084444161385,0.9776204482522847,0.7195417283659151,9.989624752882563
1.833,0.013421859141036187,1.0,9.98498199159239,0.9999999999998336,0.7350607075649902,0.9776062608432268,0.7192286852961454,9.98498199159239
1.8335000000000001,0.01341975387787829,1.0,9.980336872601507,0.999999999999835,0.7349129749460095,0.9775920650541402,0.7189154765921,9.980336872601507
1.834,0.013417648614720397,1.0,9.975689397891829,0.9999999999998366,0.734765246559711,0.9775778608806508,0.7186021022698763,9.975689397891829
1.8345,0.013415543351562503,1.0,9.971039569197313,0.9999999999998381,0.7346175224069161,0.9775636483184122,0.7182885623462254,9.971039569197313
1.835,0.013413438088404608,1.0,9.966387388087883,0.9999999999998396,0.7344698024886521,0.9775494273630966,0.7179748568383384,9.966387388087883
1.8355000000000001,0.013411332825246713,0.0,9.96156613228234,0.9920662940525802,0.7343222923047401,0.976968605811728,0.7176614225351682,9.96156613228234
1.836,0.013409227562088817,0.0,9.9552919440607,0.9739221836185878,0.7341765749059398,0.9755861925462262,0.7173516266850503,9.9552919440607
1.8365,0.013407122298930922,0.0,9.947404319469104,0.9561098807841234,0.7340328499605968,0.9741232293221431,0.7170459003996703,9.947404319469104
1.837,0.013405017035773029,0.0,9.937997250311485,0.9386233872731993,0.7338910038496793,0.9725753003071238,0.7167440086714745,9.937997250311485
1.8375000000000001,0.013402911772615133,0.0,9.927152042844323,0.9214568233590953,0.7337509388518907,0.9709377839813073,0.7164457497510014,9.927152042844323
1.838,0.013400806509457238,0.0,9.91496192465626,0.9046041264093626,0.7336125427069745,0.9692058127779074,0.7161508903878261,9.91496192465626
1.8385,0.013398701246299344,0.0,9.901482122675061,0.8880595094610251,0.7334757502161389,0.9673743164674117,0.7158592971086,9.901482122675061
1.839,0.013396595983141451,0.0,9.886733000978907,0.8718175104290002,0.7333405394604374,0.9654380307515789,0.7155709284189979,9.886733000978907
1.8395000000000001,0.013394490719983554,0.0,9.870735121086849,0.8558726672281984,0.7332068885209242,0.9633914554287357,0.7152857426692537,9.870735121086849
1.84,0.01339238545682566,0.0,9.853509230585187,0.8402195177735511,0.733074775478653,0.9612288471476557,0.7150036980569139,9.853509230585187
1.8405,0.013390280193667765,0.0,9.835069664383449,0.8248526900375153,0.7329441865863457,0.9589442273212951,0.7147247700878859,9.835069664383449
1.841,0.01338817493050987,0.0,9.8154214638652,0.8097668284325334,0.732815119872704,0.9565313690525267,0.7144489593254498,9.8154214638652
1.8415000000000001,0.013386069667351976,0.0,9.79455427113097,0.7949567556652412,0.7326875927861493,0.9539838223827184,0.7141763077981458,9.79455427113097
1.842,0.013383964404194081,0.0,9.77243965854782,0.7804175751467222,0.7325616456264519,0.9512949412071163,0.713906906439874,9.77243965854782
1.8425,0.013381859141036186,0.0,9.749049588219913,0.7661443902880406,0.7324373186933816,0.9484578381083113,0.7136408462880518,9.749049588219913
1.843,0.013379753877878292,0.0,9.724356433290687,0.7521323045002672,0.7323146522867087,0.9454653834925953,0.7133782184784573,9.724356433290687
1.8435000000000001,0.013377648614720397,0.0,9.698326362722778,0.7383765366312528,0.7321936949971576,0.942310234689277,0.7131191320028982,9.698326362722778
1.844,0.013375543351562501,0.0,9.670925946260168,0.7248722376268427,0.7320744955305312,0.93898479885835,0.7128636962191226,9.670925946260168
1.8445,0.013373438088404608,0.0,9.642105624783436,0.7116148434269736,0.7319571234522138,0.9354813310921528,0.7126120653279528,9.642105624783436
1.845,0.013371332825246713,0.0,9.6118076352105,0.6985999564449471,0.7318416594431006,0.9317919301854407,0.71236441755908,9.6118076352105
1.8455000000000001,0.013369227562088817,0.0,9.57997497038675,0.6858231790940594,0.7317281841840868,0.9279085101015505,0.7121209313553309,9.57997497038675
1.846,0.013367122298930924,0.0,9.546551431020044,0.6732801137876236,0.7316167783560679,0.923822812289726,0.711881785360096,9.546551431020044
1.8465,0.013365017035773029,0.0,9.511474703685032,0.6609664983133302,0.7315075314395758,0.9195264712616391,0.7116471773053186,9.511474703685032
1.847,0.013362911772615133,0.0,9.474686329364875,0.6488779605331354,0.7314005292724596,0.9150109503646957,0.7114172972995406,9.474686329364875
1.8475000000000001,0.01336080650945724,0.0,9.436111904488879,0.6370104664192319,0.7312958791691646,0.9102677400109623,0.7111923817941113,9.436111904488879
1.848,0.013358701246299344,0.0,9.395674195166722,0.6253600665347775,0.7311936935898383,0.9052883113248459,0.7109726785365051,9.395674195166722
1.8485,0.013356595983141449,0.0,9.353297313538556,0.6139228114429144,0.7310940849946281,0.9000641167927591,0.7107584355004949,9.353297313538556
1.849,0.013354490719983556,0.0,9.308906811432202,0.6026947517067902,0.7309971658436814,0.8945866236355824,0.7105499008634725,9.308906811432202
1.8495000000000001,0.013352385456825658,0.0,9.26242285505981,0.59167209008694,0.7309030574466279,0.8888474351522421,0.7103473420337085,9.26242285505981
1.85,0.013350280193667765,0.0,9.213770082537907,0.5808508928478618,0.7308118775764095,0.8828381876201397,0.7101510189842483,9.213770082537907
1.8505,0.013348174930509871,0.0,9.162860618781233,0.5702275848850058,0.7307237623969235,0.8765508800888255,0.709961231449326,9.162860618781233
1.851,0.013346069667351976,0.0,9.10960756698692,0.5597986192412514,0.7306388494916496,0.8699777697713443,0.7097782823872711,9.10960756698692
1.8515000000000001,0.01334396440419408,0.0,9.053926264419502,0.5495604489594738,0.7305572764440679,0.8631114125921429,0.7096024748910461,9.053926264419502
1.852,0.013341859141036187,0.0,8.995734265015008,0.5395095373506763,0.7304791810530767,0.8559447286264296,0.7094341126167192,8.995734265015008
1.8525,0.013339753877878292,0.0,8.934947273670074,0.5296424747765757,0.7304047068296627,0.8484711582760787,0.7092735116015996,8.934947273670074
1.853,0.013337648614720397,0.0,8.871482229498145,0.5199557562256745,0.7303339992826872,0.8406845698430735,0.7091209922285209,8.871482229498145
1.8535000000000001,0.013335543351562501,0.0,8.805254489852166,0.5104461962046225,0.7302672098777052,0.8325796670019476,0.7089768877313682,8.805254489852166
1.854,0.013333438088404606,0.0,8.736182629905969,0.5011106092200823,0.7302044900802719,0.8241518376806347,0.7088415313086156,8.736182629905969
1.8545,0.013331332825246713,0.0,8.664188642513116,0.4919458097787037,0.7301459913559423,0.8153972258144484,0.7087152560749312,8.664188642513116
1.855,0.013329227562088819,0.0,8.589200818336037,0.4829486788381329,0.7300918616225504,0.806312868647893,0.708598387350478,8.589200818336037
1.8555000000000001,0.013327122298930922,0.0,8.511145700273016,0.47411610585337816,0.7300422561843031,0.7968967293384943,0.7084912662157542,8.511145700273016
1.856,0.013325017035773028,0.0,8.429947986909578,0.465444908086647,0.7299973383294777,0.7871476760963659,0.7083942507633338,8.429947986909578
1.8565,0.013322911772615133,0.0,8.345553085331675,0.45693226641701873,0.7299572494793506,0.7770660310281126,0.7083076515649692,8.345553085331675
1.857,0.01332080650945724,0.0,8.257910788105367,0.44857536172357654,0.7299221310551983,0.7666532938733577,0.7082317788249382,8.257910788105367
1.8575,0.013318701246299344,0.0,8.166975502204565,0.44037137488540357,0.7298921244782974,0.755912200481368,0.7081669423246097,8.166975502204565
1.858,0.013316595983141449,0.0,8.072706484549117,0.4323174867815796,0.7298673711699243,0.7448467735111168,0.7081134513654102,8.072706484549117
1.8585,0.013314490719983555,0.0,7.975059053733448,0.4244108942699649,0.7298480249912814,0.7334623982711984,0.7080716415955548,7.975059053733448
1.859,0.01331238545682566,0.0,7.873941676011393,0.4166489541982275,0.7298343124811124,0.7217661357603803,0.7080420051497871,7.873941676011393
1.8595,0.013310280193667767,0.0,7.769732819839044,0.40902882205011915,0.729825814327195,0.7097655767698622,0.7080236375841467,7.769732819839044
1.86,0.01330817493050987,0.0,7.662729257914065,0.40154802096186765,0.7298222187385657,0.6974703606552296,0.7080158660505942,7.662729257914065
1.8605,0.013306069667351976,0.0,7.553224074697472,0.39420407406971053,0.7298232139242609,0.6848915700403079,0.7080180170631372,7.553224074697472
1.861,0.01330396440419408,0.0,7.441506177457954,0.38699450450987555,0.7298284880933169,0.6720417170762133,0.708029416616228,7.441506177457954
1.8615,0.013301859141036187,0.0,7.327859839436362,0.37991683541859356,0.7298377294547701,0.6589347147780267,0.7080493902953839,7.327859839436362
1.862,0.013299753877878292,0.0,7.2125614335887125,0.37296860890401395,0.7298506303337543,0.6455858743636838,0.7080772722757205,7.2125614335887125
1.8625,0.013297648614720397,0.0,7.095422600960792,0.3661474442852184,0.7298675539377215,0.6320126494448015,0.7081138463376409,7.095422600960792
1.863,0.013295543351562503,0.0,6.976131552677434,0.35945096820995537,0.7298890595432993,0.6182340009986899,0.7081603193823868,6.976131552677434
1.8635,0.013293438088404608,0.0,6.854588387192268,0.3528769709435875,0.7299154136537679,0.6042701390580848,0.7082172648727387,6.854588387192268
1.864,0.013291332825246712,0.0,6.730701782517784,0.3464232427514746,0.7299468827724075,0.5901423848938145,0.7082852555026407,6.730701782517784
1.8645,0.013289227562088817,0.0,6.604389434857322,0.340087573898985,0.7299837334024984,0.5758730391302246,0.7083648630909879,6.604389434857322
1.865,0.013287122298930924,0.0,6.4756258267985745,0.33386782703492973,0.7300261597280243,0.5614853288240669,0.7084565022752071,6.4756258267985745
1.8655,0.013285017035773028,0.0,6.344302668676622,0.3277617789870774,0.7300744961874527,0.547003118603161,0.70856088956617,6.344302668676622
1.866,0.013282911772615133,0.0,6.210411112595819,0.3217673328452012,0.7301289411135542,0.5324509458533625,0.708678446302034,6.210411112595819
1.8665,0.01328080650945724,0.0,6.074043209058211,0.3158825226304893,0.7301895478872737,0.5178538805938999,0.7088092797229051,6.074043209058211
1.867,0.013278701246299344,0.0,5.935296260201519,0.3101053823641219,0.7302563698895563,0.503237200037347,0.7089534960593606,5.935296260201519
1.8675,0.01327659598314145,0.0,5.794272928941367,0.30443394606728186,0.730329460501347,0.4886262057652886,0.7091112005060216,5.794272928941367
1.868,0.013274490719983555,0.0,5.651081349053613,0.29886624776114956,0.7304088731035908,0.47404604132314276,0.7092824971948968,5.651081349053613
1.8685,0.01327238545682566,0.0,5.5059060734244705,0.29340040195451084,0.7304945436346201,0.459521602566286,0.7094672359571532,5.5059060734244705
1.869,0.013270280193667765,0.0,5.358873393970635,0.2880344519356894,0.7305865091060783,0.4450772035188613,0.709665483697403,5.358873393970635
1.8695,0.013268174930509871,0.0,5.210270735653736,0.28276660713656526,0.7306845406213229,0.43073665772710445,0.7098767333586086,5.210270735653736
1.87,0.013266069667351976,0.0,5.060423066171933,0.2775951244341804,0.7307883376721593,0.416523033890041,0.7101003234667228,5.060423066171933
1.8705,0.01326396440419408,0.0,4.909648549277669,0.27251826070558344,0.7308975997503924,0.40245846275993635,0.7103355927195999,4.909648549277669
1.871,0.013261859141036187,0.0,4.75825798727844,0.26753427282781633,0.7310120263478272,0.3885640059643398,0.7105818801219921,4.75825798727844
1.8715,0.013259753877878292,0.0,4.606571545244569,0.2626414572398356,0.7311312856864873,0.37485962032395065,0.7108384578535949,4.606571545244569
1.872,0.013257648614720396,0.0,4.454936524933029,0.2578380993755101,0.731254978401785,0.36136388249020224,0.7111044534646997,4.454936524933029
1.8725,0.013255543351562503,0.0,4.303721670966715,0.2531225360833256,0.7313826413722062,0.34809409236822825,0.7113788585753089,4.303721670966715
1.873,0.013253438088404608,0.0,4.153317628581997,0.24849321844846048,0.7315137400557508,0.3350663851871709,0.7116605128845961,4.153317628581997
1.8735,0.013251332825246712,0.0,4.004096242788846,0.24394859755609538,0.7316477399104184,0.32229543059902116,0.7119482580192542,4.004096242788846
1.874,0.013249227562088817,0.0,3.8564099988150615,0.2394871244914089,0.731784106394209,0.30979439725646674,0.712240937668988,3.8564099988150615
1.8745,0.013247122298930923,0.0,3.710591556952536,0.2351072503395857,0.7319223049651218,0.2975749341617948,0.7125373976991474,3.710591556952536
1.875,0.013245017035773028,0.0,3.5669448259742804,0.23080753791073527,0.7320618187046035,0.28564749575521686,0.7128365240164609,3.5669448259742804
1.8755,0.013242911772615135,0.0,3.425822018206546,0.22658636773874052,0.7322019875775981,0.27402038675306445,0.7131368981704445,3.425822018206546
1.8760000000000001,0.01324080650945724,0.0,3.2874853506185646,0.22244236323026023,0.7323422898733984,0.2627012277163469,0.7134374008391365,3.2874853506185646
1.8765,0.013238701246299344,0.0,3.1521736955434467,0.21837416156176914,0.7324822106891499,0.251696215976865,0.7137369296089424,3.1521736955434467
1.877,0.01323659598314145,0.0,3.020105972745249,0.21438039990973648,0.7326212351219982,0.24101012451161288,0.7140343843692569,3.020105972745249
1.8775,0.013234490719983555,0.0,2.8914812581102267,0.21045971545063336,0.7327588482690889,0.23064635605607114,0.7143286672861446,2.8914812581102267
1.8780000000000001,0.01323238545682566,0.0,2.7664789799311342,0.20661074536092913,0.7328945352275678,0.22060700605868241,0.7146186827548118,2.7664789799311342
1.8785,0.013230280193667765,0.0,2.6451943581264996,0.20283223062772301,0.7330279361974754,0.21089331155746505,0.714903668596083,2.6451943581264996
1.879,0.013228174930509871,0.0,2.5278367368808796,0.1991227487381977,0.7331583799045231,0.2015046860947724,0.7151821991392848,2.5278367368808796
1.8795,0.013226069667351976,0.0,2.4144673094507985,0.1954810375867307,0.7332855048091235,0.19244009362480752,0.7154535122203036,2.4144673094507985
1.8800000000000001,0.01322396440419408,0.0,2.3050802814312497,0.1919059173577004,0.7334090892708938,0.18369775859632134,0.7157171452665028,2.3050802814312497
1.8805,0.013221859141036187,0.0,2.1996629360676447,0.18839620823549014,0.7335289116494513,0.17527492971992445,0.7159726362930963,2.1996629360676447
1.881,0.013219753877878292,0.0,2.0981959016225367,0.18495073040447835,0.7336447503044136,0.16716796436493547,0.7162195238384073,2.0981959016225367
1.8815,0.013217648614720398,0.0,2.0006534349724165,0.18156830404904512,0.733756383595398,0.15937241347101486,0.7164573468951965,2.0006534349724165
1.8820000000000001,0.013215543351562501,0.0,1.9070037214343987,0.17824774935356907,0.7338635898820218,0.15188310593685897,0.7166856448380613,1.9070037214343987
1.8825,0.013213438088404608,0.0,1.8171879951807097,0.17498793142703048,0.7339662086916575,0.14469436246805353,0.7169040875284372,1.8171879951807097
1.883,0.013211332825246712,0.0,1.7311081611396535,0.17178769962549167,0.7340641858075134,0.1377999505076958,0.7171125709191171,1.7311081611396535
1.8835,0.013209227562088819,0.0,1.6486481243579068,0.1686459539496797,0.7341575225104228,0.13119326924471952,0.7173111086488144,1.6486481243579068
1.8840000000000001,0.013207122298930923,0.0,1.5696727469994145,0.16556166669830222,0.7342462859686606,0.12486745462278122,0.7174998539141964,1.5696727469994145
1.8845,0.013205017035773028,0.0,1.4940511346265555,0.1625338101700709,0.7343305433505015,0.11881525261313286,0.717678959214241,1.4940511346265555
1.885,0.013202911772615135,0.0,1.4216565354592916,0.15956135666369334,0.7344103618242205,0.11302908753328501,0.7178485763746341,1.4216565354592916
1.8855,0.01320080650945724,0.0,1.3523662411255042,0.15664327847787848,0.7344858085580923,0.10750112636588788,0.7180088565717999,1.3523662411255042
1.8860000000000001,0.013198701246299344,0.0,1.2860613771661107,0.15377859283638,0.7345569511036918,0.10222342101381883,0.7181599511705286,1.2860613771661107
1.8865,0.013196595983141449,0.0,1.222609076662365,0.15096627096613788,0.7346239198246516,0.09718781389473069,0.7183021442830682,1.222609076662365
1.887,0.013194490719983555,0.0,1.1618849317654123,0.14820533758753204,0.7346868346236405,0.09238614157512512,0.718435697111906,1.1618849317654123
1.8875,0.01319238545682566,0.0,1.1037739099086192,0.14549489360046436,0.7347457995351374,0.0878103052400951,0.718560836542986,1.1037739099086192
1.8880000000000001,0.013190280193667765,0.0,1.0481654727785963,0.14283403990483556,0.7348009185936215,0.08345217746696275,0.7186777888848521,1.0481654727785963
1.8885,0.013188174930509871,0.0,0.9949534423413882,0.1402218774005499,0.7348522958335719,0.07930364159794595,0.7187867799010894,0.9949534423413882
1.889,0.013186069667351976,0.0,0.9440358704440364,0.13765750698750795,0.7349000352894676,0.07535662711454726,0.7188880348418978,0.9440358704440364
1.8895,0.013183964404194082,0.0,0.8953151462520089,0.13514003746127143,0.7349442400326544,0.07160315250748646,0.7189817764325314,0.8953151462520089
1.8900000000000001,0.013181859141036187,0.0,0.8487013234635706,0.13266866588917178,0.7349849974702571,0.06803546195347404,0.7190681937366415,0.8487013234635706
1.8905,0.013179753877878292,0.0,0.804104382880546,0.13024240506890525,0.7350224102553259,0.06464566229088581,0.7191475077324128,0.804104382880546
1.891,0.013177648614720396,0.0,0.7614436721062295,0.1278604810208946,0.7350565558710245,0.06142630597510785,0.7192198856523058,0.7614436721062295
1.8915,0.013175543351562503,0.0,0.7206415345810535,0.12552211976556357,0.7350875118005171,0.0583700931624351,0.7192854943838354,0.7206415345810535
1.8920000000000001,0.013173438088404607,0.0,0.6816232269382072,0.12322654732333503,0.7351153555269676,0.05546988787899012,0.7193445004895809,0.6816232269382072
1.8925,0.013171332825246712,0.0,0.6443168383425415,0.1209729897146348,0.7351401645335401,0.05271873158252425,0.7193970702267192,0.6443168383425415
1.893,0.013169227562088819,0.0,0.608653211813026,0.11876067295988565,0.7351620163033985,0.05010985431431322,0.7194433695660746,0.608653211813026
1.8935,0.013167122298930923,0.0,0.5745658675286726,0.11658882307951143,0.7351809883197069,0.04763668363725273,0.7194835642106912,0.5745658675286726
1.8940000000000001,0.013165017035773028,0.0,0.5419909165881069,0.11445667354595977,0.7351971581265557,0.045292859618878446,0.7195178197429907,0.5419909165881069
1.8945,0.013162911772615134,0.0,0.5108671852492026,0.11236350998686845,0.7352106022660526,0.0430722849407306,0.7195462993907737,0.5108671852492026
1.895,0.01316080650945724,0.0,0.4811354142147058,0.11030863068893572,0.7352214002195597,0.04096907966019267,0.7195691723932378,0.4811354142147058
1.8955,0.013158701246299344,0.0,0.45273859532777466,0.10829133487852269,0.7352296325219865,0.03897756975523106,0.7195866100222308,0.45273859532777466
1.8960000000000001,0.013156595983141449,0.0,0.42564870999267757,0.1063109354235144,0.7352352210800527,0.037092278427809995,0.7195984473738857,0.42564870999267757
1.8965,0.013154490719983555,0.0,0.3997326476608116,0.10436675307832263,0.7352387284782184,0.03530802772646628,0.7196058764086777,0.3997326476608116
1.897,0.01315238545682566,0.0,0.37498324268729744,0.10245812761477431,0.7352399945520999,0.03361975700679889,0.7196085580609115,0.37498324268729744
1.8975,0.013150280193667766,0.0,0.3515571845904952,0.10058441349106452,0.7352377655617861,0.03202249761995183,0.719603836861137,0.3515571845904952
1.8980000000000001,0.01314817493050987,0.0,0.32955261887244264,0.09874496753553481,0.7352310212963576,0.030511536833690664,0.7195895516649207,0.32955261887244264
1.8985,0.013146069667351976,0.0,0.3088756978939773,0.09693916393639379,0.7352199590871997,0.029082516622170464,0.7195661197368632,0.3088756978939773
1.899,0.013143964404194082,0.0,0.2894494663283182,0.0951663863926542,0.7352046947472771,0.027731257787015056,0.7195337852644692,0.2894494663283182
1.8995,0.013141859141036187,0.0,0.2712097124615221,0.09342603281558276,0.7351852780095451,0.026453762655731405,0.7194926520684723,0.2712097124615221
1.9000000000000001,0.013139753877878291,0.0,0.2541424204738096,0.09171750899879798,0.7351613913286,0.02524618065555826,0.7194420454279883,0.2541424204738096
1.9005,0.013179753877878286,0.0,0.5824057064010127,0.09004023306935018,0.7360616008285639,0.024181377497097693,0.7213460857712786,0.5824057064010127
1.901,0.013219753877878283,0.0,0.6231197730771567,0.08839363352069136,0.7387731516033436,0.023313884030658514,0.7270421347070011,0.6231197730771567
1.9015,0.013259753877878278,0.0,0.6167173326247559,0.08677714930936996,0.7417203742666564,0.022502697273367858,0.7331665397241758,0.6167173326247559
1.902,0.013299753877878275,0.0,0.6069001512009423,0.08519022969647451,0.744684789685487,0.02172806845928671,0.7392565735282239,0.6069001512009423
1.9024999999999999,0.01333975387787827,0.0,0.5971165777037812,0.08363233371688988,0.7476494324402547,0.02098717980737884,0.7452767642090977,0.5971165777037812
1.9029999999999998,0.013379753877878266,0.0,0.5876240472480792,0.08210293245159579,0.7506130015412222,0.020278524824077358,0.7512244999988863,0.5876240472480792
1.9034999999999997,0.013419753877878261,0.0,0.5784411551218916,0.08060149932792296,0.7535753757553373,0.01960073790349011,0.7570996182635071,0.5784411551218916
1.9039999999999997,0.013459753877878256,0.0,0.5695614160549151,0.07912752818622265,0.7565365599507805,0.018952521721520114,0.7629022134376005,0.5695614160549151
1.9044999999999996,0.013499753877878252,0.0,0.5609790392075147,0.07768053430006087,0.7594965562722301,0.01833263610490086,0.7686323742203337,0.5609790392075147
1.9049999999999996,0.013539753877878247,0.0,0.552687640016059,0.07626006811479241,0.7624553707698059,0.017739903250216214,0.7742901964955584,0.552687640016059
1.9054999999999995,0.013579753877878244,0.0,0.5446803370669233,0.07486550101820173,0.7654130130269837,0.017173094228877563,0.7798757821716875,0.5446803370669233
1.9059999999999995,0.013619753877878239,0.0,0.5369496675745624,0.07349639646703615,0.7683694967235098,0.01663112599609213,0.7853892398075195,0.5369496675745624
1.9064999999999994,0.013659753877878236,0.0,0.5294883767754579,0.07215231791804298,0.7713248355391303,0.016112953506421095,0.7908306766351768,0.5294883767754579
1.9069999999999994,0.01369975387787823,0.0,0.5222894127228287,0.07083282882796953,0.7742790431535912,0.015617568916469267,0.7962001985613666,0.5222894127228287
1.9074999999999993,0.013739753877878225,0.0,0.5153459211433088,0.0695374926535631,0.7772321332466385,0.015144000763269619,0.8014979101686264,0.5153459211433088
1.9079999999999993,0.013779753877878222,0.0,0.5086512403552402,0.06826587285157099,0.7801841194980185,0.014691313122643358,0.8067239147165544,0.5086512403552402
1.9084999999999992,0.013819753877878217,0.0,0.5021988962489333,0.06701753287874053,0.783135015587477,0.01425860475153419,0.8118783141430246,0.5021988962489333
1.9089999999999991,0.013859753877878214,0.0,0.4959825973288219,0.06579203619181902,0.7860848351947602,0.01384500821803743,0.8169612090653885,0.4959825973288219
1.909499999999999,0.013899753877878208,0.0,0.4899962298172132,0.06458894624755376,0.7890335919996142,0.013449689022585521,0.821972698781659,0.4899962298172132
1.909999999999999,0.013939753877878205,0.0,0.48423243259213394,0.06340789768433291,0.791981307621556,0.013071873757391182,0.8269128944846492,0.48423243259213394
1.910499999999999,0.0139797538778782,0.0,0.4786835980680855,0.06224841371529585,0.7949280061946321,0.012710773320669853,0.8317819094267647,0.4786835980680855
1.910999999999999,0.014019753877878197,0.0,0.47334340987260515,0.061110088443445953,0.79787370570184,0.012365657572188197,0.8365798446131745,0.47334340987260515
1.9114999999999989,0.014059753877878192,0.0,0.46820540673027533,0.059992561584956965,0.8008184259261039,0.01203584159340557,0.8413068021977801,0.46820540673027533
1.9119999999999988,0.014099753877878186,0.0,0.463263299869922,0.058895472856002606,0.8037621866503479,0.011720666007596005,0.8459628824469885,0.463263299869922
1.9124999999999988,0.014139753877878183,0.0,0.4585109666889139,0.057818461972756606,0.8067050076574965,0.011419496298798057,0.8505481837412461,0.4585109666889139
1.9129999999999987,0.014179753877878178,0.0,0.4539424445464723,0.0567611686513927,0.8096469087304738,0.011131722130054957,0.8550628025765418,0.4539424445464723
1.9134999999999986,0.014219753877878175,0.0,0.4495519246865886,0.05572323260808461,0.8125879096522041,0.010856756662695793,0.8595068335658783,0.4495519246865886
1.9139999999999986,0.01425975387787817,0.0,0.44533374628980327,0.05470429355900607,0.8155280302056115,0.010594035878270479,0.8638803694407129,0.44533374628980327
1.9144999999999985,0.014299753877878164,0.0,0.441282390654809,0.053703991220330816,0.8184672901736203,0.01034301790462145,0.8681835010523657,0.441282390654809
1.9149999999999985,0.014339753877878161,0.0,0.43739240597653817,0.052721998088765334,0.8214057097481602,0.01010319245920997,0.8724163179577664,0.43739240597653817
1.9154999999999984,0.014379753877878156,0.0,0.43365754499488995,0.051757977888144326,0.8243433146004423,0.00987406647315835,0.8765789154977632,0.43365754499488995
1.9159999999999984,0.014419753877878153,0.0,0.43007228977897294,0.050811534090193185,0.8272801269169102,0.00965514863039039,0.8806713817686455,0.43007228977897294
1.9164999999999983,0.014459753877878147,0.0,0.42663154674423964,0.04988237076994301,0.8302161671050562,0.00944599686953674,0.8846938003500072,0.42663154674423964
1.9169999999999983,0.014499753877878144,0.0,0.4233303376076727,0.048970192002424896,0.8331514555723727,0.009246186063614562,0.8886462528895283,0.4233303376076727
1.9174999999999982,0.014539753877878139,0.0,0.4201637942505874,0.04807470186266993,0.8360860127263522,0.009055307522932267,0.8925288191042177,0.4201637942505874
1.9179999999999982,0.014579753877878136,0.0,0.4171271537193447,0.04719560442570923,0.8390198589744868,0.008872968502789763,0.8963415767816236,0.4171271537193447
1.918499999999998,0.01461975387787813,0.0,0.4142157533631913,0.046332603766573874,0.8419530147242692,0.008698791716705083,0.9000846017810117,0.4142157533631913
1.918999999999998,0.014659753877878125,0.0,0.41142502611017745,0.04548540396029497,0.8448855003831914,0.008532414855834248,0.9037579680345084,0.41142502611017745
1.919499999999998,0.014699753877878122,0.0,0.4087504958802679,0.04465370908190361,0.8478173363587461,0.008373490115189576,0.907361747548212,0.4087504958802679
1.919999999999998,0.014739753877878117,0.0,0.40618777313625565,0.043837223206430895,0.8507485430584256,0.008221683727203277,0.9108960104032695,0.40618777313625565
1.9204999999999979,0.014779753877878114,0.0,0.40373282628633783,0.04303569355152782,0.8536791392016578,0.008076685320922173,0.9143608227809287,0.40373282628633783
1.9209999999999978,0.014819753877878108,0.0,0.40138125086545895,0.04224882174818552,0.8566091462570254,0.007938186510534679,0.9177562522514435,0.40138125086545895
1.9214999999999978,0.014859753877878105,0.0,0.3991288051174625,0.04147629353506219,0.8595385851601268,0.0078058882578855475,0.9210823637647242,0.3991288051174625
1.9219999999999977,0.0148997538778781,0.0,0.3969718684465337,0.040717868241479334,0.8624674734503336,0.0076795196626087865,0.9243392165634612,0.3969718684465337
1.9224999999999977,0.014939753877878097,0.0,0.3949068817814757,0.039973305196758416,0.8653958286670176,0.007558820420435906,0.9275268682390445,0.3949068817814757
1.9229999999999976,0.014979753877878092,0.0,0.3929303444357781,0.03924236373022092,0.8683236683495508,0.007443540491376483,0.9306453747323236,0.3929303444357781
1.9234999999999975,0.015019753877878086,0.0,0.3910388110695848,0.03852480317118834,0.871251010037305,0.007333439773275822,0.9336947903343434,0.3910388110695848
1.9239999999999975,0.015059753877878083,0.0,0.3892288887531743,0.03782038284898215,0.8741778712696519,0.0072282877810148005,0.9366751676870548,0.3892288887531743
1.9244999999999974,0.015099753877878078,0.0,0.3874972341317909,0.037128862092923834,0.8771042695859633,0.007127863331588498,0.9395865577840017,0.3874972341317909
1.9249999999999974,0.015139753877878075,0.0,0.38584055069270073,0.03645000023233488,0.8800302225256112,0.007031954235273363,0.9424290099709826,0.38584055069270073
1.9254999999999973,0.01517975387787807,0.0,0.3842555861333543,0.03578355659653676,0.8829557476279672,0.0069403569930673635,0.9452025719466877,0.3842555861333543
1.9259999999999973,0.015219753877878064,0.0,0.3827391381991473,0.03512929129797843,0.8858808623797858,0.006852876632084556,0.9479072897152745,0.3827391381991473
1.9264999999999972,0.015259753877878061,0.0,0.3812893340854661,0.034487064575641976,0.8888055761389922,0.006769342618106118,0.9505432004088742,0.3812893340854661
1.9269999999999972,0.015299753877878056,0.0,0.3799021671276838,0.0338565221420143,0.8917299119050186,0.006689556346613737,0.9531103520956199,0.3799021671276838
1.927499999999997,0.015339753877878053,0.0,0.3785752401698415,0.03323747205453763,0.8946538827622621,0.0066133539070095245,0.9556087823317311,0.3785752401698415
1.927999999999997,0.015379753877878048,0.0,0.3773061840692527,0.032629722370654146,0.8975775017951202,0.006540577837349942,0.9580385274458856,0.3773061840692527
1.928499999999997,0.015419753877878044,0.0,0.37609265614756093,0.03203308114780608,0.9005007820879903,0.006471076917032992,0.9603996225395937,0.37609265614756093
1.928999999999997,0.015459753877878039,0.0,0.3749323386979598,0.031447356443435624,0.9034237367252698,0.006404705963475942,0.96269210148756,0.3749323386979598
1.9294999999999969,0.015499753877878036,0.0,0.3738229375491736,0.030872356314984986,0.906346378791356,0.006341325632875194,0.9649159969380313,0.3738229375491736
1.9299999999999968,0.01553975387787803,0.0,0.3727621806861011,0.030307888819896378,0.9092687213706464,0.006280802225128246,0.9670713403131304,0.3727621806861011
1.9304999999999968,0.015579753877878025,0.0,0.3717478169267599,0.029753762015612008,0.9121907775475383,0.006223007492985553,0.9691581618091764,0.3717478169267599
1.9309999999999967,0.015619753877878022,0.0,0.370777614656053,0.029209783959574076,0.9151125604064292,0.0061678184554896315,0.9711764903969915,0.370777614656053
1.9314999999999967,0.01565975387787802,0.0,0.3698493606158386,0.028675762709224797,0.9180340830317163,0.006115117215748238,0.9731263538221937,0.3698493606158386
1.9319999999999966,0.015699753877878014,0.0,0.3689608587518583,0.028151506322006373,0.920955358507797,0.0060647907830784185,0.9750077786054764,0.3689608587518583
1.9324999999999966,0.01573975387787801,0.0,0.3681101787769321,0.027636841350159883,0.923876398318268,0.006016733067749693,0.976820789068004,0.3681101787769321
1.9329999999999965,0.015779753877878003,0.0,0.36729645238950887,0.027131633153133525,0.9267972072194272,0.005970846718568879,0.9785654045164981,0.36729645238950887
1.9334999999999964,0.015819753877878,0.0,0.3665169537970539,0.026635612626351737,0.9297178019590184,0.0059270231684164796,0.9802416505541129,0.3665169537970539
1.9339999999999964,0.015859753877877997,0.0,0.36577023326474795,0.026148629591102368,0.9326381911787636,0.005885171903806996,0.9818495468493248,0.36577023326474795
1.9344999999999963,0.01589975387787799,0.0,0.3650548508464789,0.025670533868673254,0.9355583835203846,0.005845206001389931,0.9833891122619767,0.3650548508464789
1.9349999999999963,0.015939753877877987,0.0,0.3643693758106813,0.02520117528035225,0.9384783876256031,0.005807042009662185,0.9848603648434178,0.3643693758106813
1.9354999999999962,0.01597975387787798,0.0,0.3637123860903761,0.024740403647427196,0.9413982121361412,0.005770599833241131,0.9862633218366371,0.3637123860903761
1.9359999999999962,0.01601975387787798,0.0,0.3630824677581778,0.02428806879118594,0.9443178656937207,0.005735802619720685,0.9875979996763898,0.3630824677581778
1.9364999999999961,0.016059753877877975,0.0,0.36247821452577894,0.02384402053291633,0.9472373569400633,0.0057025766491279875,0.9888644139893188,0.36247821452577894
1.936999999999996,0.01609975387787797,0.0,0.36189822726824344,0.023408108693906207,0.9501566945168911,0.005670851225993436,0.99006257959407,0.36189822726824344
1.937499999999996,0.016139753877877965,0.0,0.3613411135730513,0.02298018309544342,0.9530758870659259,0.005640558574042722,0.991192510501401,0.3613411135730513
1.937999999999996,0.01617975387787796,0.0,0.3608054873135618,0.02256009355881581,0.9559949432288896,0.0056116337335153305,0.9922542199142854,0.3608054873135618
1.938499999999996,0.016219753877877958,0.0,0.36028996824732495,0.022147689905311227,0.9589138716475039,0.00558401446110989,0.9932477202280089,0.36028996824732495
1.9389999999999958,0.016259753877877953,0.0,0.3597931816389489,0.021742821956217517,0.9618326809634908,0.0055576411325532074,0.9941730230302613,0.3597931816389489
1.9394999999999958,0.016299753877877948,0.0,0.35931454737750257,0.02134539358151433,0.9647513746949699,0.005532460948404828,0.9950301376564223,0.35931454737750257
1.9399999999999957,0.016339753877877942,0.0,0.35885307234283553,0.02095522943465608,0.9676699590603337,0.005508416929647342,0.995819073811358,0.35885307234283553
1.9404999999999957,0.01637975387787794,0.0,0.35840735543697616,0.02057216037448155,0.9705884429530716,0.005485455147588778,0.9965398412483011,0.35840735543697616
1.9409999999999956,0.016419753877877936,0.0,0.3579765694635,0.020196070686907226,0.9735068315641704,0.00546352800991077,0.997192448104923,0.3579765694635
1.9414999999999956,0.01645975387787793,0.0,0.35755989008039785,0.01982684465784959,0.9764251300846171,0.005442589821932888,0.9977769020338911,0.35755989008039785
1.9419999999999955,0.016499753877877926,0.0,0.3571564956410022,0.01946436657322514,0.9793433437053982,0.005422596723146003,0.9982932102029067,0.3571564956410022
1.9424999999999955,0.01653975387787792,0.0,0.3567655670438932,0.019108520718950358,0.9822614776175008,0.005403506625209034,0.9987413792947423,0.3567655670438932
1.9429999999999954,0.01657975387787792,0.0,0.3563862875918438,0.01875919138094173,0.9851795370119116,0.005385279151411743,0.9991214155072748,0.3563862875918438
1.9434999999999953,0.016619753877877914,0.0,0.3560178428593763,0.018416262845115747,0.9880975270796175,0.0053678755776042164,0.9994333245535183,0.3560178428593763
1.9439999999999953,0.01665975387787791,0.0,0.35565942056970634,0.018079619397388894,0.9910154530116053,0.005351258774591804,0.9996771116616533,0.35565942056970634
1.9444999999999952,0.016699753877877904,0.0,0.35531021048004596,0.017749145323677662,0.9939333199988618,0.005335393151992663,0.9998527815750552,0.35531021048004596
1.9449999999999952,0.0167397538778779,0.0,0.35496940427623674,0.017424724909898538,0.9968511332323738,0.005320244603553265,0.9999603385523189,0.35496940427623674
1.9454999999999951,0.016779753877877897,0.0,0.35463619547597447,0.017106242441968008,0.9997688979031284,0.005305780453915734,0.9999997863672833,0.35463619547597447
1.945999999999995,0.01681975387787789,0.0,0.3543097793411309,0.016793582205802564,1.002686619202112,0.005291969406829317,0.9999711283090513,0.3543097793411309
1.946499999999995,0.016859753877877887,0.0,0.35398941083217866,0.01648663375371924,1.0056043019408578,0.005278781779255438,0.9998743671990228,0.35398941083217866
1.946999999999995,0.01689975387787788,0.0,0.35367531371664146,0.016185341881057157,1.0085219446032407,0.005266192036402754,0.9997095058407172,0.35367531371664146
1.947499999999995,0.016939753877877876,0.0,0.353366289914195,0.01588952341608708,1.0114395549764779,0.005254168990749518,0.9994765463277606,0.353366289914195
1.9479999999999948,0.016979753877877875,0.0,0.35306188343415096,0.015599089796639445,1.0143571360036392,0.005242687738336637,0.9991754905830921,0.35306188343415096
1.9484999999999948,0.01701975387787787,0.0,0.35276163915189546,0.01531395246054468,1.0172746906277956,0.005231724368237862,0.9988063402548558,0.35276163915189546
1.9489999999999947,0.017059753877877865,0.0,0.35246510278224974,0.015034022845633217,1.0201922217920176,0.005221255929223675,0.9983690967164078,0.35246510278224974
1.9494999999999947,0.017099753877877863,0.0,0.3521718208549577,0.014759212389735488,1.0231097324393759,0.005211260397211578,0.9978637610663218,0.3521718208549577
1.9499999999999946,0.017139753877877854,0.0,0.3518813406932865,0.014489432530681925,1.0260272255129403,0.005201716643501802,0.9972903341283942,0.3518813406932865
1.9504999999999946,0.017179753877877853,0.0,0.3515932103957593,0.014224594706302957,1.0289447039557822,0.005192604403796699,0.9966488164516485,0.3515932103957593
1.9509999999999945,0.017219753877877848,0.0,0.35130697882009265,0.01396461035442902,1.0318621707109716,0.005183904248001255,0.9959392083103396,0.35130697882009265
1.9514999999999945,0.017259753877877843,0.0,0.35102219557084585,0.01370939091289054,1.0347796287215791,0.0051755975508013955,0.9951615097039564,0.35102219557084585
1.9519999999999944,0.01729975387787784,0.0,0.35073841098913955,0.013458847819517951,1.0376970809306756,0.005167666463016035,0.9943157203572244,0.35073841098913955
1.9524999999999944,0.017339753877877836,0.0,0.3504551761457386,0.013212892512141684,1.0406145302813312,0.0051600938837182,0.9934018397201073,0.3504551761457386
1.9529999999999943,0.01737975387787783,0.0,0.35017204283689957,0.01297143642859217,1.0435319797166165,0.005152863433119771,0.9924198669678084,0.35017204283689957
1.9534999999999942,0.017419753877877826,0.0,0.34988856358286785,0.012734391006699841,1.046449432179602,0.0051459594262139,0.9913698010007702,0.34988856358286785
1.9539999999999942,0.01745975387787782,0.0,0.34960469981520015,0.01250171594216368,1.049366887927727,0.0051393685670107605,0.990251641505325,0.34960469981520015
1.9544999999999941,0.01749975387787782,0.0,0.3493201440984046,0.012273294940117752,1.0522843489885678,0.005133075380047565,0.9890653874033666,0.3493201440984046
1.954999999999994,0.017539753877877814,0.0,0.34903439761268296,0.012049019202249094,1.0552018186532481,0.005127065376909056,0.9878110368694957,0.34903439761268296
1.955499999999994,0.01757975387787781,0.0,0.3487472242657807,0.011828822433779314,1.0581192984875976,0.005121326137866352,0.9864885885732382,0.3487472242657807
1.955999999999994,0.017619753877877804,0.0,0.34845838836602394,0.011612638339930021,1.0610367900574462,0.005115845737147964,0.985098041037933,0.34845838836602394
1.956499999999994,0.0176597538778778,0.0,0.34816765462802446,0.011400400625922822,1.063954294928624,0.005110612726390765,0.9836393926407303,0.34816765462802446
1.9569999999999939,0.017699753877877797,0.0,0.3478747881793472,0.011192042996979325,1.0668718146669607,0.005105616118482692,0.9821126416125906,0.3478747881793472
1.9574999999999938,0.017739753877877792,0.0,0.34757955456737466,0.010987499158321139,1.0697893508382865,0.005100845371796263,0.9805177860382822,0.34757955456737466
1.9579999999999937,0.017779753877877787,0.0,0.3472817197679013,0.010786702815169871,1.0727069050084312,0.00509629037481159,0.9788548238563798,0.3472817197679013
1.9584999999999937,0.01781975387787778,0.0,0.34698105019369485,0.01058958767274713,1.075624478743225,0.0050919414311272355,0.977123752859262,0.34698105019369485
1.9589999999999936,0.017859753877877776,0.0,0.3466773127044615,0.010396087436274525,1.0785420736084972,0.005087789244856938,0.9753245706931096,0.3466773127044615
1.9594999999999936,0.017899753877877775,0.0,0.3463702746170847,0.01020613581097366,1.0814596911700785,0.005083824906409904,0.9734572748579018,0.3463702746170847
1.9599999999999935,0.01793975387787777,0.0,0.3460597037171531,0.010019666502066147,1.0843773329937982,0.005080039878652039,0.9715218627074147,0.3460597037171531
1.9604999999999935,0.017979753877877765,0.0,0.34574536827114516,0.009836613214773592,1.0872950006454865,0.005076425983445246,0.9695183314492181,0.34574536827114516
1.9609999999999934,0.018019753877877763,0.0,0.345427037039213,0.009656909654317605,1.0902126956909735,0.005072975388561594,0.9674466781446713,0.345427037039213
1.9614999999999934,0.018059753877877754,0.0,0.34510447928902577,0.00948048952591979,1.093130419696089,0.005069680594968917,0.9653068997089214,0.34510447928902577
1.9619999999999933,0.018099753877877753,0.0,0.34477529067655827,0.009307288384294045,1.0960481886310478,0.005066534471000306,0.9630989818427786,0.34477529067655827
1.9624999999999932,0.018139753877877748,0.0,0.3443904967275391,0.00913729614440354,1.0989663272031291,0.005063531484083275,0.9608226643196928,0.3443904967275391
1.9629999999999932,0.018179753877877743,0.0,0.3440553551008217,0.008970384839383005,1.1018841378801492,0.005060663422634913,0.958478489793675,0.3440553551008217
1.9634999999999931,0.01821975387787774,0.0,0.34377365749946387,0.008806505625576944,1.1048015950249102,0.005057924383996086,0.956066502720939,0.3437550139785758
1.963999999999993,0.018259753877877736,0.0,0.34354920110596754,0.008645609659329862,1.107718673000214,0.005055308699895789,0.9535867499482918,0.3434259621831204
1.964499999999993,0.01829975387787773,0.0,0.343385791685443,0.008487648096986268,1.110635346168863,0.005052810928573999,0.9510392807123834,0.3430659596020994
1.964999999999993,0.018339753877877726,0.0,0.34328724690571205,0.008332572094890666,1.113551588893659,0.005050425847096329,0.948424146638902,0.34267886515297113
1.965499999999993,0.01837975387787772,0.0,0.343257399874541,0.008180332809387564,1.116467375537404,0.005048148443859342,0.9457414017417173,0.34226855642176246
1.9659999999999929,0.01841975387787772,0.0,0.3433001028942119,0.008030881396821466,1.1193826804629003,0.0050459739112852725,0.9429911024219721,0.3418389334164113
1.9664999999999928,0.018459753877877714,0.0,0.34341923143293823,0.00788416901353688,1.1222974780329502,0.005043897638704773,0.9401733074671202,0.341393922536882
1.9669999999999928,0.01849975387787771,0.0,0.3436186883139235,0.007740146815878311,1.1252117426103554,0.005041915205426194,0.9372880780499124,0.3409374807628529
1.9674999999999927,0.018539753877877704,0.0,0.34390240812101686,0.007598765960190265,1.128125448557918,0.0050400223739898034,0.9343354777273293,0.3404736000579294
1.9679999999999926,0.0185797538778777,0.0,0.34427436182180216,0.007459977602817249,1.1310385702384402,0.0050382150836052455,0.9313155724394615,0.34000631199121967
1.9684999999999926,0.018619753877877697,0.0,0.3447385616079311,0.007323732900103769,1.1339510820147243,0.005036489443770442,0.9282284305083385,0.33953969257608335
1.9689999999999925,0.018659753877877692,0.0,0.3452990659522807,0.007189983008394329,1.136862958249572,0.0050348417280700304,0.9250741226367037,0.3390778673256336
1.9694999999999925,0.018699753877877687,0.0,0.34595998488356466,0.007058679084033438,1.1397741733057856,0.005033268368151371,0.921852721906737,0.3386250165256214
1.9699999999999924,0.01873975387787768,0.0,0.34672548547805454,0.006929772283365602,1.142684701546167,0.005031765947876038,0.918564303778725,0.3381853807243596
1.9704999999999924,0.018779753877877677,0.0,0.3475802129049807,0.006803241762038668,1.1455946465624136,0.005030331614342815,0.9152087955694634,0.3377436221666391
1.9709999999999923,0.018819753877877675,0.0,0.34850442044376323,0.006679032672896802,1.1485041406295566,0.005028962140575395,0.9117860808635074,0.337279984020609
1.9714999999999923,0.01885975387787767,0.0,0.34951236895338234,0.006557073545067487,1.1514130916983263,0.0050276541912042,0.908296302649417,0.3368088179678528
1.9719999999999922,0.018899753877877665,0.0,0.35060400008520487,0.006437328925194817,1.1543215024990152,0.005026405081880043,0.9047394954657858,0.33633011539291935
1.9724999999999921,0.01893975387787766,0.0,0.3517792819289769,0.006319763359922888,1.1572293757619154,0.005025212234111927,0.9011156935900736,0.3358438937657039
1.972999999999992,0.018979753877877654,0.0,0.3530382085266734,0.006204341395895795,1.1601367142173191,0.005024073171772247,0.8974249310387227,0.3353501961554568
1.973499999999992,0.019019753877877653,0.0,0.35438079938896655,0.006091027579757631,1.1630435205955187,0.00502298551768194,0.8936672415672746,0.33484909074741015
1.973999999999992,0.019059753877877648,0.0,0.3558070990138861,0.005979786458152493,1.1659497976268058,0.005021946990275543,0.8898426586704887,0.33434067036159615
1.974499999999992,0.019099753877877643,0.0,0.3573171764081348,0.005870582577724475,1.1688555480414733,0.005020955400346018,0.8859512155824548,0.33382505197431805
1.9749999999999919,0.01913975387787764,0.0,0.35891112461106217,0.005763380485117672,1.1717607745698129,0.005020008647869121,0.8819929452767117,0.33330237624228143
1.9754999999999918,0.019179753877877636,0.0,0.3605890602203626,0.005658144726976179,1.174665479942117,0.005019104718907049,0.8779678804663597,0.3327728070284456
1.9759999999999918,0.01921975387787763,0.0,0.3623511229214026,0.005554839849944091,1.1775696668886777,0.005018241682591002,0.8738760536041761,0.3322365309315075
1.9764999999999917,0.019259753877877626,0.0,0.36419747501772687,0.005453430400665502,1.1804733381397872,0.005017417688182235,0.8697174968827281,0.33169375681655855
1.9769999999999917,0.01929975387787762,0.0,0.36612830096503934,0.005353880925784508,1.1833764964257376,0.005016630962211138,0.8654922422344857,0.3311447153492202
1.9774999999999916,0.01933975387787762,0.0,0.368143806907181,0.005256155971945204,1.1862791444768215,0.005015879805693765,0.8612003213319339,0.3305896585317733
1.9779999999999915,0.019379753877877614,0.0,0.370244220214489,0.005160220085791684,1.1891812850233305,0.005015162591425239,0.8568417655876854,0.3300288592416681
1.9784999999999915,0.01941975387787761,0.0,0.3724297890249738,0.005066037813968044,1.1920829207955572,0.005014477761349356,0.8524166061545908,0.3294626107728514
1.9789999999999914,0.019459753877877604,0.0,0.37470078178768396,0.004973573703118378,1.1949840545237935,0.005013823824003685,0.8479248739258493,0.32889122637928125
1.9794999999999914,0.0194997538778776,0.0,0.37705563263365166,0.00488281557990695,1.1978847006852682,0.005013199554123181,0.8433665809388072,0.3283131725841866
1.9799999999999913,0.019539753877877597,0.0,0.3794931695282445,0.004793719897160848,1.200784871241385,0.005012603501815674,0.8387417419223216,0.3277273105827547
1.9804999999999913,0.019579753877877592,0.0,0.382014442753791,0.0047062379894258245,1.2036845641560345,0.005012034242225244,0.834050393298265,0.32713473762970097
1.9809999999999912,0.019619753877877587,0.0,0.38461936259778806,0.004620344450298973,1.2065837847123337,0.005011490605571411,0.8292925595757126,0.32653540302889705
1.9814999999999912,0.01965975387787758,0.0,0.3873078502002953,0.0045360138733773914,1.2094825381933998,0.005010971468250069,0.8244682647682032,0.3259292662668518
1.981999999999991,0.019699753877877577,0.0,0.39007983673439167,0.004453220852258175,1.2123808298823502,0.0050104757513064835,0.8195775323939369,0.32531629619343816
1.982499999999991,0.019739753877877575,0.0,0.39293526259529066,0.004371939980538421,1.2152786650623024,0.00501000241894336,0.814620385475972,0.3246964702112716
1.982999999999991,0.01977975387787757,0.0,0.3958740765990793,0.004292145851815225,1.2181760490163738,0.005009550477063927,0.8095968465424195,0.32406977347471416
1.983499999999991,0.019819753877877565,0.0,0.3988962351905194,0.004213813059685684,1.2210729870276815,0.00500911897184997,0.8045069376266343,0.3234361980979329
1.9839999999999909,0.01985975387787756,0.0,0.40200170166002813,0.004136916197746892,1.223969484379343,0.00500870698837473,0.7993506802674051,0.3227957423721377
1.9844999999999908,0.019899753877877555,0.0,0.4051904453698787,0.004061429859595947,1.2268655463544755,0.005008313649250521,0.7941280955091412,0.32214840999203515
1.9849999999999908,0.019939753877877553,0.0,0.40846244098974727,0.003987328638829945,1.2297611782361966,0.005007938113310912,0.7888392039020589,0.3214942092916252
1.9854999999999907,0.019979753877877548,0.0,0.4118176677411901,0.003914587129045981,1.2326563853076236,0.005007579574327288,0.7834840255023624,0.32083315248892597
1.9859999999999907,0.020019753877877543,0.0,0.4152561086520498,0.003843179923841153,1.2355511728518735,0.00500723725975956,0.7780625798724272,0.32016525494062587
1.9864999999999906,0.02005975387787754,0.0,0.418777749819001,0.003773081616812556,1.2384455461520638,0.005006910429540798,0.772574886080976,0.31949053440486685
1.9869999999999906,0.020099753877877536,0.0,0.4223825796801063,0.003704266801557287,1.2413395104913123,0.005006598374895496,0.767020962703255,0.31880901031404135
1.9874999999999905,0.02013975387787753,0.0,0.4260705882966405,0.0036367100716724414,1.2442330711527356,0.005006300417191194,0.7614008278212111,0.31812070305685175
1.9879999999999904,0.020179753877877526,0.0,0.4298417666435038,0.0035703860207551156,1.2471262334194517,0.005006015906823125,0.7557144990236586,0.3174256332689537
1.9884999999999904,0.02021975387787752,0.0,0.43369598690074335,0.0035052719511776322,1.2500190032775906,0.005005744236355651,0.7499619920003204,0.3167237010064564
1.9889999999999903,0.02025975387787752,0.0,0.43763297267457785,0.003441347562184066,1.2529113875715037,0.0050054848359326895,0.7441433201466267,0.3160146556054758
1.9894999999999903,0.020299753877877514,0.0,0.4416527951257956,0.0033785895262314946,1.2558033910754534,0.005005237143711371,0.7382585004571947,0.31529859651769976
1.9899999999999902,0.02033975387787751,0.0,0.44575543589119876,0.00331697800125183,1.258695019083079,0.005005000638614693,0.7323075484064215,0.3145755321938822
1.9904999999999902,0.020379753877877504,0.0,0.4499408739529479,0.0032564931451769833,1.261586276888019,0.00500477482076812,0.7262904789754585,0.31384546776330746
1.99099999999999,0.0204197538778775,0.0,0.4542090849861315,0.0031971151159388674,1.2644771697839126,0.005004559210763958,0.720207306652366,0.31310840438157017
1.99149999999999,0.020459753877877497,0.0,0.45856004071637624,0.0031388240714693926,1.2673677030643982,0.005004353348944489,0.7140580454322712,0.3123643385883992
1.99199999999999,0.020499753877877492,0.0,0.46299370828557773,0.0030816001697004714,1.270257882023115,0.00500415679470377,0.7078427088175203,0.311613261673591
1.99249999999999,0.020539753877877487,0.0,0.4675100496285584,0.0030254235685640155,1.2731477119537011,0.005003969125807961,0.7015613098178317,0.3108551590538787
1.99299999999999,0.020579753877877482,0.0,0.47210902085700157,0.002970274425991937,1.2760371981497962,0.005003789937734064,0.6952138609504406,0.31009000965705924
1.9934999999999898,0.020619753877877477,0.0,0.47679056753331434,0.0029161335117305048,1.2789263459282574,0.005003618845457156,0.6888003741884403,0.30931778115187036
1.9939999999999898,0.020659753877877475,0.0,0.4815546635758502,0.002862982250697073,1.2818151604071344,0.0050034554826564135,0.6823208614588044,0.30853846927929524
1.9944999999999897,0.02069975387787747,0.0,0.48640130417755173,0.0028108024086725978,1.284703646546845,0.005003299499599941,0.6757753345717163,0.30775209072151255
1.9949999999999897,0.020739753877877465,0.0,0.49133046564079236,0.0027595768846377204,1.2875918093739511,0.005003150565314768,0.6691638047240678,0.3069586425146549
1.9954999999999896,0.02077975387787746,0.0,0.4963421165184041,0.0027092885775730833,1.290479653915015,0.005003008362463089,0.6624862826456526,0.30615811331383713
1.9959999999999896,0.020819753877877455,0.0,0.5014362170812495,0.0026599203864593273,1.293367185196598,0.005002872586859991,0.6557427785993,0.30535048286090544
1.9964999999999895,0.020859753877877453,0.0,0.5066127187935029,0.0026114552102770947,1.296254408245263,0.005002742947004009,0.6489333023809963,0.3045357214598864
1.9969999999999895,0.020899753877877448,0.0,0.5118715907617408,0.0025638761668002486,1.2991413279409512,0.00500261916433405,0.6420578636708972,0.30371381673737013
1.9974999999999894,0.020939753877877443,1.0,0.5180098224751001,0.009053181213877185,1.3020236394362235,0.005150347724344095,0.6351268848867924,0.3036910554846451
1.9979999999999893,0.02097975387787744,1.0,0.5337473990543559,0.017996289338555238,1.30485480030418,0.006370555772562202,0.6282542029259941,0.31328950133762906
1.9984999999999893,0.021019753877877433,1.0,0.5761155411859323,0.02685868777261312,1.3075490914950145,0.009977433004432651,0.6216542252823647,0.34973479803355134
1.9989999999999892,0.02105975387787743,1.0,0.6648670062000387,0.03564110457070615,1.3100260855897783,0.017350925292565367,0.6155353050155179,0.432971832471409
1.9994999999999892,0.021099753877877426,1.0,0.819880329163579,0.04434426176127147,1.3122408175932734,0.029777982305679008,0.6100226873147367,0.5829983975854518
2.0,0.02113975387787829,1.0,1.0561654643064244,0.05296887459548157,1.3142054221496422,0.04829692276647379,0.6050998107670605,0.8148155684527858
